-6.,-66.0157514435218
-5.999199919991999,-66.00335965437357
-5.998399839983999,-65.99096803267028
-5.997599759975998,-65.978576578515
-5.996799679967997,-65.96618529201092
-5.995999599959996,-65.95379417326134
-5.995199519951996,-65.94140322236966
-5.994399439943995,-65.92901243943928
-5.993599359935994,-65.91662182457375
-5.9927992799279926,-65.90423137787673
-5.991999199919992,-65.89184109945191
-5.991199119911991,-65.87945098940305
-5.99039903990399,-65.86706104783408
-5.989598959895989,-65.85467127484893
-5.988798879887989,-65.84228167055167
-5.987998799879988,-65.82989223504642
-5.987198719871987,-65.81750296843741
-5.986398639863986,-65.80511387082895
-5.985598559855986,-65.79272494232542
-5.984798479847985,-65.78033618303131
-5.983998399839984,-65.76794759305119
-5.983198319831983,-65.7555591724897
-5.982398239823983,-65.74317092145161
-5.981598159815982,-65.73078284004168
-5.980798079807981,-65.71839492836487
-5.97999799979998,-65.70600718652616
-5.97919791979198,-65.69361961463065
-5.9783978397839785,-65.6812322127835
-5.9775977597759775,-65.66884498108993
-5.9767976797679765,-65.65645791965535
-5.975997599759976,-65.64407102858516
-5.975197519751975,-65.63168430798487
-5.974397439743974,-65.61929775796008
-5.973597359735973,-65.6069113786165
-5.972797279727973,-65.59452517005991
-5.971997199719972,-65.58213913239618
-5.971197119711971,-65.56975326573124
-5.97039703970397,-65.55736757017114
-5.96959695969597,-65.54498204582202
-5.968796879687969,-65.53259669279012
-5.967996799679968,-65.52021151118167
-5.967196719671967,-65.50782650110314
-5.966396639663967,-65.495441662661
-5.965596559655966,-65.48305699596179
-5.964796479647965,-65.47067250111215
-5.963996399639964,-65.45828817821888
-5.9631963196319635,-65.44590402738879
-5.9623962396239625,-65.4335200487288
-5.9615961596159615,-65.42113624234592
-5.96079607960796,-65.40875260834724
-5.95999599959996,-65.39636914684
-5.959195919591959,-65.3839858579314
-5.958395839583958,-65.37160274172888
-5.957595759575957,-65.35921979833984
-5.956795679567957,-65.34683702787186
-5.955995599559956,-65.33445443043254
-5.955195519551955,-65.32207200612962
-5.954395439543954,-65.30968975507093
-5.953595359535954,-65.29730767736437
-5.952795279527953,-65.28492577311789
-5.951995199519952,-65.27254404243962
-5.951195119511951,-65.2601624854377
-5.950395039503951,-65.24778110222042
-5.94959495949595,-65.23539989289608
-5.948794879487949,-65.2230188575732
-5.947994799479948,-65.21063799636022
-5.947194719471947,-65.19825730936583
-5.946394639463946,-65.18587679669872
-5.945594559455945,-65.17349645846767
-5.944794479447944,-65.16111629478159
-5.943994399439944,-65.1487363057495
-5.943194319431943,-65.13635649148041
-5.942394239423942,-65.12397685208352
-5.941594159415941,-65.11159738766807
-5.940794079407941,-65.09921809834344
-5.93999399939994,-65.08683898421903
-5.939193919391939,-65.07446004540436
-5.938393839383938,-65.0620812820091
-5.937593759375938,-65.04970269414292
-5.936793679367937,-65.03732428191564
-5.935993599359936,-65.02494604543716
-5.935193519351936,-65.01256798481745
-5.934393439343935,-65.0001901001666
-5.933593359335934,-64.98781239159476
-5.9327932793279325,-64.9754348592122
-5.931993199319932,-64.96305750312929
-5.931193119311931,-64.95068032345647
-5.93039303930393,-64.93830332030426
-5.929592959295929,-64.9259264937833
-5.928792879287929,-64.91354984400432
-5.927992799279928,-64.90117337107813
-5.927192719271927,-64.88879707511563
-5.926392639263926,-64.87642095622783
-5.925592559255926,-64.86404501452583
-5.924792479247925,-64.8516692501208
-5.923992399239924,-64.83929366312404
-5.923192319231923,-64.82691825364688
-5.922392239223923,-64.81454302180084
-5.921592159215922,-64.80216796769743
-5.920792079207921,-64.78979309144833
-5.91999199919992,-64.77741839316528
-5.91919191919192,-64.76504387296012
-5.9183918391839185,-64.75266953094477
-5.9175917591759175,-64.74029536723127
-5.9167916791679165,-64.72792138193174
-5.915991599159916,-64.7155475751584
-5.915191519151915,-64.70317394702353
-5.914391439143914,-64.69080049763954
-5.913591359135913,-64.67842722711897
-5.912791279127913,-64.66605413557437
-5.911991199119912,-64.65368122311844
-5.911191119111911,-64.64130848986393
-5.91039103910391,-64.62893593592375
-5.90959095909591,-64.61656356141087
-5.908790879087909,-64.60419136643833
-5.907990799079908,-64.59181935111928
-5.907190719071907,-64.57944751556701
-5.906390639063907,-64.56707585989487
-5.905590559055906,-64.55470438421628
-5.904790479047905,-64.54233308864477
-5.903990399039904,-64.52996197329401
-5.9031903190319035,-64.51759103827773
-5.9023902390239025,-64.50522028370972
-5.9015901590159014,-64.4928497097039
-5.9007900790079,-64.48047931637433
-5.8999899989999,-64.46810910383513
-5.899189918991899,-64.45573907220046
-5.898389838983898,-64.44336922158465
-5.897589758975897,-64.4309995521021
-5.896789678967897,-64.41863006386731
-5.895989598959896,-64.4062607569949
-5.895189518951895,-64.3938916315995
-5.894389438943894,-64.38152268779596
-5.893589358935894,-64.36915392569914
-5.892789278927893,-64.35678534542402
-5.891989198919892,-64.34441694708566
-5.891189118911891,-64.33204873079927
-5.890389038903891,-64.31968069668012
-5.88958895889589,-64.30731284484357
-5.888788878887889,-64.29494517540506
-5.887988798879888,-64.28257768848022
-5.887188718871887,-64.27021038418465
-5.886388638863886,-64.25784326263413
-5.885588558855885,-64.24547632394453
-5.884788478847884,-64.2331095682318
-5.883988398839884,-64.220742995612
-5.883188318831883,-64.20837660620127
-5.882388238823882,-64.19601040011585
-5.881588158815881,-64.1836443774721
-5.880788078807881,-64.17127853838647
-5.87998799879988,-64.15891288297553
-5.879187918791879,-64.14654741135585
-5.878387838783878,-64.13418212364425
-5.877587758775878,-64.12181701995753
-5.876787678767877,-64.10945210041265
-5.875987598759876,-64.09708736512663
-5.875187518751876,-64.08472281421662
-5.874387438743875,-64.07235844779984
-5.873587358735874,-64.05999426599365
-5.8727872787278725,-64.04763026891547
-5.871987198719872,-64.03526645668286
-5.871187118711871,-64.02290282941341
-5.87038703870387,-64.01053938722488
-5.869586958695869,-63.99817613023512
-5.868786878687869,-63.98581305856206
-5.867986798679868,-63.97345017232371
-5.867186718671867,-63.96108747163824
-5.866386638663866,-63.948724956623835
-5.865586558655866,-63.93636262739887
-5.864786478647865,-63.92400048408177
-5.863986398639864,-63.911638526791066
-5.863186318631863,-63.89927675564541
-5.862386238623863,-63.886915170763544
-5.861586158615862,-63.874553772264264
-5.860786078607861,-63.86219256026655
-5.85998599859986,-63.84983153488943
-5.8591859185918596,-63.837470696252055
-5.8583858385838585,-63.825110044473654
-5.8575857585758575,-63.81274957967357
-5.8567856785678565,-63.800389301971265
-5.855985598559856,-63.788029211486304
-5.855185518551855,-63.77566930833827
-5.854385438543854,-63.76330959264697
-5.853585358535853,-63.75095006453224
-5.852785278527853,-63.73859072411406
-5.851985198519852,-63.726231571512436
-5.851185118511851,-63.71387260684757
-5.85038503850385,-63.70151383023972
-5.84958495849585,-63.689155241809246
-5.848784878487849,-63.67679684167659
-5.847984798479848,-63.66443862996236
-5.847184718471847,-63.6520806067872
-5.846384638463847,-63.63972277227191
-5.845584558455846,-63.62736512653736
-5.844784478447845,-63.615007669704525
-5.843984398439844,-63.60265040189448
-5.8431843184318435,-63.590293323228465
-5.8423842384238425,-63.57793643382769
-5.841584158415841,-63.56557973381362
-5.84078407840784,-63.553223223307725
-5.83998399839984,-63.540866902431624
-5.839183918391839,-63.528510771307
-5.838383838383838,-63.516154830055676
-5.837583758375837,-63.50379907879955
-5.836783678367837,-63.4914435176607
-5.835983598359836,-63.479088146761185
-5.835183518351835,-63.466732966223255
-5.834383438343834,-63.45437797616925
-5.833583358335834,-63.44202317672162
-5.832783278327833,-63.42966856800287
-5.831983198319832,-63.41731415013565
-5.831183118311831,-63.40495992324274
-5.830383038303831,-63.392605887447004
-5.82958295829583,-63.38025204287138
-5.828782878287829,-63.367898389638924
-5.827982798279828,-63.355544927872835
-5.827182718271827,-63.343191657696394
-5.826382638263826,-63.330838579232974
-5.825582558255825,-63.31848569260607
-5.824782478247824,-63.30613299793926
-5.823982398239824,-63.29378049535629
-5.823182318231823,-63.28142818498092
-5.822382238223822,-63.26907606693709
-5.821582158215822,-63.25672414134881
-5.820782078207821,-63.244372408340226
-5.81998199819982,-63.23202086803555
-5.819181918191819,-63.21966952055914
-5.818381838183818,-63.207318366035416
-5.817581758175818,-63.19496740458899
-5.816781678167817,-63.18261663634445
-5.815981598159816,-63.17026606142662
-5.815181518151816,-63.15791567996037
-5.814381438143815,-63.14556549207065
-5.813581358135814,-63.133215497882574
-5.8127812781278125,-63.12086569752134
-5.811981198119812,-63.108516091112264
-5.811181118111811,-63.09616667878075
-5.81038103810381,-63.08381746065229
-5.809580958095809,-63.07146843685256
-5.808780878087809,-63.05911960750731
-5.807980798079808,-63.04677097274234
-5.807180718071807,-63.0344225326836
-5.806380638063806,-63.02207428745719
-5.805580558055806,-63.009726237189284
-5.804780478047805,-62.99737838200614
-5.803980398039804,-62.98503072203415
-5.803180318031803,-62.97268325739984
-5.802380238023803,-62.96033598822977
-5.801580158015802,-62.9479889146507
-5.800780078007801,-62.935642036789424
-5.7999799979998,-62.92329535477292
-5.7991799179917995,-62.91094886872821
-5.7983798379837985,-62.898602578782445
-5.7975797579757975,-62.88625648506288
-5.7967796779677965,-62.87391058769691
-5.795979597959796,-62.86156488681203
-5.795179517951795,-62.8492193825358
-5.794379437943794,-62.83687407499595
-5.793579357935793,-62.824528964320294
-5.792779277927793,-62.81218405063677
-5.791979197919792,-62.79983933407338
-5.791179117911791,-62.7874948147583
-5.79037903790379,-62.77515049281979
-5.78957895789579,-62.76280636838622
-5.788778877887789,-62.75046244158605
-5.787978797879788,-62.73811871254789
-5.787178717871787,-62.72577518140043
-5.786378637863787,-62.71343184827252
-5.785578557855786,-62.701088713293046
-5.784778477847785,-62.68874577659106
-5.783978397839784,-62.67640303829571
-5.7831783178317835,-62.66406049853629
-5.7823782378237825,-62.65171815744212
-5.781578157815781,-62.639376015142716
-5.78077807780778,-62.62703407176767
-5.77997799779978,-62.614692327446726
-5.779177917791779,-62.60235078230967
-5.778377837783778,-62.59000943648644
-5.777577757775777,-62.577668290107084
-5.776777677767777,-62.565327343301796
-5.775977597759776,-62.552986596200824
-5.775177517751775,-62.54064604893455
-5.774377437743774,-62.52830570163349
-5.773577357735774,-62.51596555442828
-5.772777277727773,-62.50362560744961
-5.771977197719772,-62.491285860828334
-5.771177117711771,-62.478946314695406
-5.770377037703771,-62.466606969181925
-5.76957695769577,-62.45426782441904
-5.768776877687769,-62.44192888053805
-5.767976797679768,-62.4295901376704
-5.767176717671767,-62.41725159594759
-5.766376637663766,-62.40491325550127
-5.765576557655765,-62.392575116463185
-5.764776477647764,-62.380237178965224
-5.763976397639764,-62.36789944313938
-5.763176317631763,-62.3555619091177
-5.762376237623762,-62.343224577032444
-5.761576157615761,-62.330887447015954
-5.760776077607761,-62.31855051920066
-5.75997599759976,-62.30621379371911
-5.759175917591759,-62.293877270703994
-5.758375837583758,-62.281540950288104
-5.757575757575758,-62.26920483260437
-5.756775677567757,-62.256868917785795
-5.755975597559756,-62.24453320596551
-5.755175517551756,-62.2321976972768
-5.754375437543755,-62.21986239185301
-5.7535753575357536,-62.20752728982766
-5.7527752775277525,-62.195192391334345
-5.751975197519752,-62.18285769650679
-5.751175117511751,-62.170523205478815
-5.75037503750375,-62.15818891838441
-5.749574957495749,-62.14585483535763
-5.748774877487749,-62.13352095653268
-5.747974797479748,-62.12118728204387
-5.747174717471747,-62.108853812025615
-5.746374637463746,-62.09652054661246
-5.745574557455746,-62.0841874859391
-5.744774477447745,-62.07185463014025
-5.743974397439744,-62.05952197935086
-5.743174317431743,-62.04718953370594
-5.742374237423743,-62.03485729334062
-5.741574157415742,-62.02252525839016
-5.740774077407741,-62.01019342898991
-5.73997399739974,-61.99786180527538
-5.7391739173917395,-61.985530387382184
-5.7383738373837385,-61.97319917544603
-5.7375737573757375,-61.960868169602776
-5.7367736773677365,-61.948537369988394
-5.735973597359736,-61.93620677673898
-5.735173517351735,-61.92387638999072
-5.734373437343734,-61.91154620987992
-5.733573357335733,-61.899216236543076
-5.732773277327733,-61.88688647011672
-5.731973197319732,-61.87455691073754
-5.731173117311731,-61.86222755854234
-5.73037303730373,-61.84989841366804
-5.72957295729573,-61.83756947625171
-5.728772877287729,-61.825240746430495
-5.727972797279728,-61.81291222434168
-5.727172717271727,-61.800583910122675
-5.726372637263727,-61.78825580391103
-5.725572557255726,-61.77592790584436
-5.724772477247725,-61.76360021606043
-5.723972397239724,-61.75127273469717
-5.7231723172317235,-61.738945461892584
-5.7223722372237225,-61.72661839778478
-5.721572157215721,-61.71429154251203
-5.72077207720772,-61.70196489621273
-5.71997199719972,-61.689638459025346
-5.719171917191719,-61.67731223108852
-5.718371837183718,-61.66498621254099
-5.717571757175717,-61.65266040352163
-5.716771677167717,-61.64033480416943
-5.715971597159716,-61.62800941462348
-5.715171517151715,-61.61568423502302
-5.714371437143714,-61.60335926550742
-5.713571357135714,-61.59103450621619
-5.712771277127713,-61.57870995728888
-5.711971197119712,-61.566385618865226
-5.711171117111711,-61.554061491085086
-5.710371037103711,-61.54173757408847
-5.70957095709571,-61.52941386801541
-5.708770877087709,-61.51709037300617
-5.707970797079708,-61.504767089201074
-5.707170717071707,-61.49244401674062
-5.706370637063706,-61.480121155765374
-5.705570557055705,-61.46779850641605
-5.704770477047704,-61.455476068833505
-5.703970397039704,-61.443153843158726
-5.703170317031703,-61.43083182953276
-5.702370237023702,-61.41851002809684
-5.701570157015702,-61.40618843899233
-5.700770077007701,-61.39386706236067
-5.6999699969997,-61.38154589834346
-5.699169916991699,-61.369224947082415
-5.698369836983698,-61.356904208719385
-5.697569756975698,-61.34458368339636
-5.696769676967697,-61.33226337125538
-5.695969596959696,-61.3199432724387
-5.695169516951696,-61.30762338708868
-5.694369436943695,-61.295303715347764
-5.6935693569356935,-61.282984257358564
-5.6927692769276925,-61.270665013263795
-5.6919691969196915,-61.258345983206326
-5.691169116911691,-61.24602716732916
-5.69036903690369,-61.23370856577536
-5.689568956895689,-61.22139017868816
-5.688768876887689,-61.20907200621095
-5.687968796879688,-61.19675404848719
-5.687168716871687,-61.18443630566053
-5.686368636863686,-61.17211877787467
-5.685568556855686,-61.159801465273546
-5.684768476847685,-61.14748436800108
-5.683968396839684,-61.13516748620145
-5.683168316831683,-61.12285082001888
-5.682368236823683,-61.110534369597815
-5.681568156815682,-61.09821813508269
-5.680768076807681,-61.08590211661817
-5.67996799679968,-61.07358631434906
-5.6791679167916795,-61.06127072842024
-5.6783678367836785,-61.04895535897673
-5.6775677567756775,-61.036640206163675
-5.6767676767676765,-61.02432527012638
-5.675967596759676,-61.01201055101028
-5.675167516751675,-60.999696048960885
-5.674367436743674,-60.98738176412387
-5.673567356735673,-60.97506769664507
-5.672767276727673,-60.962753846670424
-5.671967196719672,-60.95044021434596
-5.671167116711671,-60.938126799817894
-5.67036703670367,-60.925813603232555
-5.66956695669567,-60.91350062473641
-5.668766876687669,-60.90118786447602
-5.667966796679668,-60.888875322598125
-5.667166716671667,-60.87656299924957
-5.666366636663667,-60.86425089457736
-5.665566556655666,-60.85193900872857
-5.664766476647665,-60.83962734185046
-5.663966396639664,-60.82731589409039
-5.6631663166316635,-60.81500466559591
-5.6623662366236625,-60.80269365651463
-5.661566156615661,-60.79038286699431
-5.66076607660766,-60.77807229718289
-5.65996599659966,-60.76576194722838
-5.659165916591659,-60.75345181727894
-5.658365836583658,-60.7411419074829
-5.657565756575657,-60.72883221798869
-5.656765676567657,-60.716522748944875
-5.655965596559656,-60.70421350050014
-5.655165516551655,-60.69190447280333
-5.654365436543654,-60.67959566600342
-5.653565356535654,-60.66728708024951
-5.652765276527653,-60.65497871569083
-5.651965196519652,-60.642670572476746
-5.651165116511651,-60.63036265075676
-5.650365036503651,-60.61805495068051
-5.64956495649565,-60.60574747239778
-5.648764876487649,-60.593440216058454
-5.6479647964796476,-60.58113318181259
-5.647164716471647,-60.56882636981036
-5.646364636463646,-60.55651978020206
-5.645564556455645,-60.544213413138166
-5.644764476447644,-60.53190726876922
-5.643964396439644,-60.51960134724597
-5.643164316431643,-60.50729564871925
-5.642364236423642,-60.49499017334004
-5.641564156415642,-60.482684921259505
-5.640764076407641,-60.47037989262884
-5.63996399639964,-60.45807508759949
-5.639163916391639,-60.445770506322965
-5.638363836383638,-60.43346614895093
-5.637563756375638,-60.421162015635204
-5.636763676367637,-60.40885810652772
-5.635963596359636,-60.396554421780536
-5.635163516351636,-60.384250961545916
-5.634363436343635,-60.371947725976156
-5.6335633563356335,-60.359644715223794
-5.6327632763276325,-60.3473419294414
-5.6319631963196315,-60.33503936878179
-5.631163116311631,-60.322737033397864
-5.63036303630363,-60.31043492344262
-5.629562956295629,-60.29813303906926
-5.628762876287629,-60.28583138043115
-5.627962796279628,-60.27352994768165
-5.627162716271627,-60.26122874097442
-5.626362636263626,-60.24892776046316
-5.625562556255626,-60.23662700630177
-5.624762476247625,-60.22432647864424
-5.623962396239624,-60.21202617764472
-5.623162316231623,-60.1997261034575
-5.622362236223623,-60.18742625623702
-5.621562156215622,-60.17512663613785
-5.620762076207621,-60.16282724331464
-5.61996199619962,-60.15052807792232
-5.6191619161916195,-60.13822914011585
-5.6183618361836185,-60.125930430050325
-5.6175617561756175,-60.11363194788103
-5.6167616761676165,-60.10133369376341
-5.615961596159616,-60.08903566785297
-5.615161516151615,-60.07673787030542
-5.614361436143614,-60.06444030127658
-5.613561356135613,-60.05214296092243
-5.612761276127613,-60.0398458493991
-5.611961196119612,-60.027548966862824
-5.611161116111611,-60.01525231347001
-5.61036103610361,-60.002955889377176
-5.60956095609561,-59.99065969474104
-5.608760876087609,-59.978363729718396
-5.607960796079608,-59.96606799446623
-5.607160716071607,-59.95377248914163
-5.606360636063607,-59.94147721390187
-5.605560556055606,-59.92918216890431
-5.604760476047605,-59.916887354306525
-5.603960396039604,-59.90459277026616
-5.6031603160316035,-59.89229841694108
-5.6023602360236024,-59.88000429448921
-5.601560156015601,-59.867710403068685
-5.6007600760076,-59.85541674283775
-5.5999599959996,-59.843123313954806
-5.599159915991599,-59.83083011657837
-5.598359835983598,-59.81853715086717
-5.597559755975597,-59.806244416980014
-5.596759675967597,-59.79395191507589
-5.595959595959596,-59.781659645313894
-5.595159515951595,-59.769367607853326
-5.594359435943594,-59.757075802853535
-5.593559355935594,-59.74478423047417
-5.592759275927593,-59.73249289087485
-5.591959195919592,-59.72020178421543
-5.591159115911591,-59.70791091065595
-5.590359035903591,-59.695620270356514
-5.58955895589559,-59.6833298634774
-5.588758875887589,-59.67103969017904
-5.5879587958795875,-59.65874975062202
-5.587158715871587,-59.646460044967085
-5.586358635863586,-59.634170573375066
-5.585558555855585,-59.62188133600699
-5.584758475847584,-59.609592333024025
-5.583958395839584,-59.59730356458749
-5.583158315831583,-59.58501503085882
-5.582358235823582,-59.57272673199964
-5.581558155815582,-59.560438668171706
-5.580758075807581,-59.54815083953689
-5.57995799579958,-59.53586324625727
-5.579157915791579,-59.52357588849502
-5.578357835783578,-59.51128876641252
-5.577557755775578,-59.49900188017223
-5.576757675767577,-59.48671522993682
-5.575957595759576,-59.47442881586906
-5.575157515751576,-59.46214263813192
-5.574357435743575,-59.44985669688845
-5.5735573557355735,-59.4375709923019
-5.5727572757275725,-59.42528552453568
-5.5719571957195715,-59.4130002937533
-5.571157115711571,-59.4007153001185
-5.57035703570357,-59.38843054379505
-5.569556955695569,-59.37614602494698
-5.568756875687569,-59.363861743738426
-5.567956795679568,-59.35157770033367
-5.567156715671567,-59.33929389489715
-5.566356635663566,-59.32701032759346
-5.565556555655566,-59.31472699858737
-5.564756475647565,-59.30244390804371
-5.563956395639564,-59.29016105612758
-5.563156315631563,-59.277878443004155
-5.562356235623563,-59.265596068838796
-5.561556155615562,-59.25331393379698
-5.560756075607561,-59.24103203804438
-5.55995599559956,-59.228750381746806
-5.5591559155915595,-59.216468965070206
-5.5583558355835585,-59.20418778818066
-5.5575557555755575,-59.19190685124447
-5.5567556755675565,-59.17962615442803
-5.555955595559556,-59.16734569789793
-5.555155515551555,-59.155065481820884
-5.554355435543554,-59.14278550636374
-5.553555355535553,-59.13050577169356
-5.552755275527553,-59.11822627797753
-5.551955195519552,-59.105947025382946
-5.551155115511551,-59.093668014077345
-5.55035503550355,-59.08138924422833
-5.54955495549555,-59.069110716003756
-5.548754875487549,-59.05683242957153
-5.547954795479548,-59.04455438509976
-5.547154715471547,-59.032276582756744
-5.546354635463547,-59.019999022710884
-5.545554555455546,-59.00772170513075
-5.544754475447545,-58.99544463018506
-5.543954395439544,-58.983167798042736
-5.5431543154315435,-58.970891208872814
-5.542354235423542,-58.95861486284447
-5.541554155415541,-58.94633876012706
-5.54075407540754,-58.9340629008901
-5.53995399539954,-58.92178728530328
-5.539153915391539,-58.9095119135364
-5.538353835383538,-58.897236785759446
-5.537553755375537,-58.884961902142564
-5.536753675367537,-58.87268726285604
-5.535953595359536,-58.86041286807034
-5.535153515351535,-58.848138717956054
-5.534353435343534,-58.83586481268398
-5.533553355335534,-58.823591152425024
-5.532753275327533,-58.81131773735028
-5.531953195319532,-58.799044567630986
-5.531153115311531,-58.786771643438556
-5.530353035303531,-58.774498964944556
-5.52955295529553,-58.762226532320675
-5.528752875287529,-58.749954345738814
-5.5279527952795275,-58.73768240537102
-5.527152715271527,-58.72541071138951
-5.526352635263526,-58.71313926396657
-5.525552555255525,-58.70086806327477
-5.524752475247524,-58.68859710948679
-5.523952395239524,-58.67632640277547
-5.523152315231523,-58.6640559433138
-5.522352235223522,-58.6517857312749
-5.521552155215522,-58.63951576683216
-5.520752075207521,-58.62724605015903
-5.51995199519952,-58.61497658142914
-5.519151915191519,-58.6027073608163
-5.518351835183518,-58.59043838849448
-5.517551755175518,-58.57816966463784
-5.516751675167517,-58.565901189420615
-5.515951595159516,-58.55363296301727
-5.515151515151516,-58.54136498560244
-5.514351435143515,-58.52909725735088
-5.5135513551355135,-58.516829778437526
-5.5127512751275125,-58.50456254903751
-5.5119511951195115,-58.492295569326046
-5.511151115111511,-58.48002883947862
-5.51035103510351,-58.467762359670786
-5.509550955095509,-58.455496130078295
-5.508750875087509,-58.443230150877106
-5.507950795079508,-58.430964422243235
-5.507150715071507,-58.418698944352975
-5.506350635063506,-58.406433717382725
-5.505550555055506,-58.39416874150909
-5.504750475047505,-58.38190401690876
-5.503950395039504,-58.36963954375865
-5.503150315031503,-58.357375322235846
-5.502350235023503,-58.34511135251759
-5.501550155015502,-58.332847634781274
-5.500750075007501,-58.32058416920445
-5.4999499949995,-58.30832095596486
-5.4991499149914995,-58.29605799524042
-5.4983498349834985,-58.283795287209166
-5.4975497549754975,-58.271532832049346
-5.4967496749674964,-58.25927062993935
-5.495949594959496,-58.247008681057764
-5.495149514951495,-58.234746985583286
-5.494349434943494,-58.22248554369483
-5.493549354935493,-58.21022435557145
-5.492749274927493,-58.1979634213924
-5.491949194919492,-58.18570274133708
-5.491149114911491,-58.17344231558504
-5.49034903490349,-58.16118214431603
-5.48954895489549,-58.148922227709974
-5.488748874887489,-58.13666256594691
-5.487948794879488,-58.1244031592071
-5.487148714871487,-58.112144007670935
-5.486348634863487,-58.09988511151904
-5.485548554855486,-58.08762647093212
-5.484748474847485,-58.07536808609113
-5.483948394839484,-58.06310995717714
-5.4831483148314835,-58.05085208437142
-5.482348234823482,-58.03859446785539
-5.481548154815481,-58.02633710781065
-5.48074807480748,-58.014080004418965
-5.47994799479948,-58.0018231578623
-5.479147914791479,-57.98956656832274
-5.478347834783478,-57.97731023598258
-5.477547754775477,-57.96505416102427
-5.476747674767477,-57.952798343630455
-5.475947594759476,-57.940542783983915
-5.475147514751475,-57.928287482267606
-5.474347434743474,-57.916032438664686
-5.473547354735474,-57.903777653358496
-5.472747274727473,-57.89152312653246
-5.471947194719472,-57.87926885837028
-5.471147114711471,-57.86701484905577
-5.470347034703471,-57.85476109877297
-5.46954695469547,-57.842507607706004
-5.468746874687469,-57.830254376039264
-5.467946794679468,-57.81800140395727
-5.467146714671467,-57.80574869164468
-5.466346634663466,-57.79349623928642
-5.465546554655465,-57.78124404706752
-5.464746474647464,-57.76899211517319
-5.463946394639464,-57.75674044378884
-5.463146314631463,-57.744489033100024
-5.462346234623462,-57.73223788329252
-5.461546154615462,-57.71998699455223
-5.460746074607461,-57.70773636706524
-5.45994599459946,-57.695486001017834
-5.459145914591459,-57.68323589659646
-5.458345834583458,-57.67098605398775
-5.457545754575458,-57.65873647337852
-5.456745674567457,-57.6464871549557
-5.455945594559456,-57.63423809890648
-5.455145514551456,-57.6219893054182
-5.4543454345434546,-57.609740774678336
-5.4535453545354535,-57.59749250687457
-5.4527452745274525,-57.58524450219481
-5.4519451945194515,-57.572996760827074
-5.451145114511451,-57.56074928295958
-5.45034503450345,-57.54850206878072
-5.449544954495449,-57.536255118479076
-5.448744874487449,-57.5240084322434
-5.447944794479448,-57.51176201026262
-5.447144714471447,-57.49951585272586
-5.446344634463446,-57.4872699598224
-5.445544554455445,-57.47502433174171
-5.444744474447445,-57.462778968673454
-5.443944394439444,-57.45053387080745
-5.443144314431443,-57.4382890383337
-5.442344234423443,-57.42604447144244
-5.441544154415442,-57.41380017032398
-5.440744074407441,-57.401556135168896
-5.43994399439944,-57.38931236616792
-5.439143914391439,-57.377068863511965
-5.4383438343834385,-57.36482562739214
-5.4375437543754375,-57.352582657999704
-5.436743674367436,-57.34033995552611
-5.435943594359436,-57.32809752016302
-5.435143514351435,-57.31585535210223
-5.434343434343434,-57.30361345153575
-5.433543354335433,-57.29137181865579
-5.432743274327433,-57.2791304536547
-5.431943194319432,-57.26688935672503
-5.431143114311431,-57.25464852805952
-5.43034303430343,-57.242407967851086
-5.42954295429543,-57.230167676292865
-5.428742874287429,-57.21792765357807
-5.427942794279428,-57.20568789990024
-5.427142714271427,-57.19344841545298
-5.426342634263427,-57.18120920043018
-5.425542554255426,-57.168970255025826
-5.424742474247425,-57.15673157943414
-5.423942394239424,-57.14449317384951
-5.4231423142314235,-57.13225503846653
-5.422342234223422,-57.12001717347995
-5.421542154215421,-57.107779579084706
-5.42074207420742,-57.095542255475976
-5.41994199419942,-57.08330520284906
-5.419141914191419,-57.071068421399474
-5.418341834183418,-57.05883191132291
-5.417541754175417,-57.04659567281524
-5.416741674167417,-57.03435970607255
-5.415941594159416,-57.02212401129108
-5.415141514151415,-57.0098885886673
-5.414341434143414,-56.997653438397826
-5.413541354135414,-56.985418560679484
-5.412741274127413,-56.973183955709274
-5.411941194119412,-56.9609496236844
-5.411141114111411,-56.94871556480224
-5.410341034103411,-56.936481779260404
-5.40954095409541,-56.92424826725661
-5.408740874087409,-56.912015028988826
-5.407940794079408,-56.89978206465522
-5.407140714071407,-56.887549374454075
-5.406340634063406,-56.875316958583944
-5.405540554055405,-56.863084817243546
-5.404740474047404,-56.85085295063176
-5.403940394039404,-56.838621358947705
-5.403140314031403,-56.826390042390656
-5.402340234023402,-56.81415900116008
-5.401540154015402,-56.80192823545566
-5.400740074007401,-56.78969774547722
-5.3999399939994,-56.777467531424854
-5.399139913991399,-56.76523759349877
-5.398339833983398,-56.753007931899425
-5.397539753975398,-56.74077854682744
-5.396739673967397,-56.728549438483626
-5.395939593959396,-56.716320607069
-5.395139513951396,-56.70409205278478
-5.3943394339433945,-56.691863775832346
-5.3935393539353935,-56.679635776413285
-5.3927392739273925,-56.66740805472939
-5.3919391939193915,-56.65518061098267
-5.391139113911391,-56.642953445375255
-5.39033903390339,-56.630726558109544
-5.389538953895389,-56.61849994938808
-5.388738873887389,-56.60627361941364
-5.387938793879388,-56.59404756838916
-5.387138713871387,-56.581821796517815
-5.386338633863386,-56.569596304002914
-5.385538553855385,-56.55737109104802
-5.384738473847385,-56.54514615785686
-5.383938393839384,-56.53292150463339
-5.383138313831383,-56.5206971315817
-5.382338233823383,-56.50847303890616
-5.381538153815382,-56.49624922681126
-5.380738073807381,-56.484025695501714
-5.37993799379938,-56.471802445182476
-5.379137913791379,-56.459579476058636
-5.3783378337833785,-56.447356788335526
-5.3775377537753775,-56.435134382218635
-5.376737673767376,-56.42291225791368
-5.375937593759376,-56.41069041562659
-5.375137513751375,-56.398468855563436
-5.374337433743374,-56.38624757793056
-5.373537353735373,-56.37402658293445
-5.372737273727373,-56.36180587078182
-5.371937193719372,-56.349585441679565
-5.371137113711371,-56.337365295834786
-5.37033703370337,-56.325145433454814
-5.36953695369537,-56.31292585474715
-5.368736873687369,-56.300706559919476
-5.367936793679368,-56.288487549179706
-5.367136713671367,-56.27626882273597
-5.366336633663367,-56.26405038079659
-5.365536553655366,-56.251832223570034
-5.364736473647365,-56.23961435126505
-5.363936393639364,-56.22739676409053
-5.3631363136313634,-56.21517946225565
-5.362336233623362,-56.20296244596964
-5.361536153615361,-56.190745715442105
-5.36073607360736,-56.17852927088273
-5.35993599359936,-56.16631311250147
-5.359135913591359,-56.15409724050845
-5.358335833583358,-56.14188165511399
-5.357535753575357,-56.12966635652867
-5.356735673567357,-56.11745134496322
-5.355935593559356,-56.10523662062859
-5.355135513551355,-56.09302218373594
-5.354335433543354,-56.08080803449663
-5.353535353535354,-56.068594173122236
-5.352735273527353,-56.05638059982452
-5.351935193519352,-56.04416731481545
-5.351135113511351,-56.03195431830724
-5.350335033503351,-56.01974161051227
-5.34953495349535,-56.00752919164313
-5.3487348734873486,-55.99531706191262
-5.3479347934793475,-55.98310522153377
-5.347134713471347,-55.970893670719796
-5.346334633463346,-55.958682409684116
-5.345534553455345,-55.94647143864036
-5.344734473447344,-55.93426075780238
-5.343934393439344,-55.922050367384244
-5.343134313431343,-55.90984026760016
-5.342334233423342,-55.89763045866464
-5.341534153415342,-55.88542094079236
-5.340734073407341,-55.87321171419818
-5.33993399339934,-55.86100277909721
-5.339133913391339,-55.848794135704765
-5.338333833383338,-55.83658578423635
-5.337533753375338,-55.824377724907706
-5.336733673367337,-55.81216995793474
-5.335933593359336,-55.79996248353362
-5.335133513351336,-55.78775530192072
-5.3343334333433345,-55.77554841331256
-5.3335333533353335,-55.76334181792596
-5.3327332733273325,-55.751135515977914
-5.3319331933193315,-55.73892950768561
-5.331133113311331,-55.72672379326648
-5.33033303330333,-55.714518372938144
-5.329532953295329,-55.70231324691845
-5.328732873287329,-55.690108415425456
-5.327932793279328,-55.67790387867742
-5.327132713271327,-55.665699636892825
-5.326332633263326,-55.65349569029037
-5.325532553255325,-55.64129203908899
-5.324732473247325,-55.62908868350779
-5.323932393239324,-55.61688562376608
-5.323132313231323,-55.60468286008346
-5.322332233223323,-55.5924803926797
-5.321532153215322,-55.58027822177473
-5.320732073207321,-55.568076347588814
-5.31993199319932,-55.55587477034233
-5.319131913191319,-55.543673490255934
-5.3183318331833185,-55.53147250755046
-5.3175317531753175,-55.51927182244697
-5.316731673167316,-55.507071435166765
-5.315931593159316,-55.49487134593133
-5.315131513151315,-55.48267155496238
-5.314331433143314,-55.47047206248186
-5.313531353135313,-55.45827286871191
-5.312731273127313,-55.446073973874924
-5.311931193119312,-55.43387537819346
-5.311131113111311,-55.42167708189035
-5.31033103310331,-55.40947908518861
-5.30953095309531,-55.397281388311484
-5.308730873087309,-55.38508399148245
-5.307930793079308,-55.372886894925195
-5.307130713071307,-55.360690098863614
-5.306330633063307,-55.34849360352184
-5.305530553055306,-55.336297409124214
-5.304730473047305,-55.32410151589529
-5.303930393039304,-55.311905924059886
-5.3031303130313034,-55.299710633843006
-5.302330233023302,-55.28751564546986
-5.301530153015301,-55.27532095916592
-5.3007300730073,-55.26312657515685
-5.2999299929993,-55.250932493668586
-5.299129912991299,-55.23873871492719
-5.298329832983298,-55.22654523915903
-5.297529752975297,-55.214352066590685
-5.296729672967297,-55.20215919744896
-5.295929592959296,-55.18996663196083
-5.295129512951295,-55.177774370353546
-5.294329432943294,-55.16558241285458
-5.293529352935294,-55.15339075969163
-5.292729272927293,-55.141199411092586
-5.291929192919292,-55.12900836728559
-5.291129112911291,-55.116817628499014
-5.290329032903291,-55.104627194961445
-5.28952895289529,-55.09243706690168
-5.2887288728872885,-55.08024724454879
-5.2879287928792875,-55.06805772813202
-5.287128712871287,-55.05586851788087
-5.286328632863286,-55.04367961402506
-5.285528552855285,-55.03149101679453
-5.284728472847284,-55.019302726419475
-5.283928392839284,-55.007114743130295
-5.283128312831283,-54.994927067157604
-5.282328232823282,-54.98273969873228
-5.281528152815282,-54.970552638085415
-5.280728072807281,-54.9583658854483
-5.27992799279928,-54.94617944105252
-5.279127912791279,-54.93399330512982
-5.278327832783278,-54.921807477912225
-5.277527752775278,-54.90962195963196
-5.276727672767277,-54.897436750521514
-5.275927592759276,-54.885251850813546
-5.275127512751276,-54.87306726074104
-5.2743274327432745,-54.8608829805371
-5.2735273527352735,-54.84869901043514
-5.2727272727272725,-54.836515350668776
-5.2719271927192715,-54.82433200147189
-5.271127112711271,-54.81214896307855
-5.27032703270327,-54.79996623572306
-5.269526952695269,-54.78778381963999
-5.268726872687269,-54.77560171506414
-5.267926792679268,-54.763419922230504
-5.267126712671267,-54.75123844137434
-5.266326632663266,-54.739057272731145
-5.265526552655265,-54.726876416536626
-5.264726472647265,-54.71469587302678
-5.263926392639264,-54.70251564243773
-5.263126312631263,-54.69033572500594
-5.262326232623263,-54.678156120968104
-5.261526152615262,-54.66597683056106
-5.260726072607261,-54.65379785402196
-5.25992599259926,-54.641619191588184
-5.259125912591259,-54.629440843497335
-5.2583258325832585,-54.61726280998726
-5.2575257525752574,-54.60508509129602
-5.256725672567256,-54.592907687661935
-5.255925592559256,-54.5807305993236
-5.255125512551255,-54.56855382651976
-5.254325432543254,-54.55637736948946
-5.253525352535253,-54.544201228471984
-5.252725272527253,-54.53202540370684
-5.251925192519252,-54.519849895433744
-5.251125112511251,-54.507674703892725
-5.25032503250325,-54.495499829323975
-5.24952495249525,-54.483325271967985
-5.248724872487249,-54.471151032065464
-5.247924792479248,-54.45897710985733
-5.247124712471247,-54.44680350558481
-5.246324632463247,-54.434630219489314
-5.245524552455246,-54.42245725181252
-5.244724472447245,-54.410284602796324
-5.243924392439244,-54.39811227268291
-5.243124312431243,-54.385940261714666
-5.242324232423242,-54.37376857013422
-5.241524152415241,-54.36159719818446
-5.24072407240724,-54.34942614610853
-5.23992399239924,-54.33725541414978
-5.239123912391239,-54.32508500255183
-5.238323832383238,-54.31291491155854
-5.237523752375237,-54.30074514141401
-5.236723672367237,-54.28857569236261
-5.235923592359236,-54.27640656464891
-5.235123512351235,-54.264237758517744
-5.234323432343234,-54.25206927421419
-5.233523352335234,-54.23990111198362
-5.232723272327233,-54.22773327207156
-5.231923192319232,-54.21556575472387
-5.231123112311231,-54.203398560186585
-5.230323032303231,-54.19123168870607
-5.22952295229523,-54.179065140528834
-5.2287228722872285,-54.16689891590171
-5.2279227922792275,-54.15473301507177
-5.227122712271227,-54.14256743828632
-5.226322632263226,-54.13040218579289
-5.225522552255225,-54.11823725783931
-5.224722472247224,-54.106072654673646
-5.223922392239224,-54.09390837654419
-5.223122312231223,-54.081744423699476
-5.222322232223222,-54.06958079638833
-5.221522152215222,-54.05741749485982
-5.220722072207221,-54.04525451936321
-5.21992199219922,-54.033091870148084
-5.219121912191219,-54.02092954746425
-5.218321832183218,-54.008767551561775
-5.217521752175218,-53.996605882690965
-5.216721672167217,-53.98444454110238
-5.215921592159216,-53.97228352704684
-5.2151215121512156,-53.96012284077542
-5.2143214321432145,-53.947962482539424
-5.2135213521352135,-53.93580245259044
-5.2127212721272125,-53.92364275118031
-5.2119211921192115,-53.9114833785611
-5.211121112111211,-53.899324334985174
-5.21032103210321,-53.88716562070512
-5.209520952095209,-53.875007235973754
-5.208720872087209,-53.86284918104423
-5.207920792079208,-53.850691456169876
-5.207120712071207,-53.83853406160431
-5.206320632063206,-53.82637699760142
-5.205520552055205,-53.814220264415326
-5.204720472047205,-53.80206386230043
-5.203920392039204,-53.789907791511354
-5.203120312031203,-53.777752052303
-5.202320232023203,-53.76559664493055
-5.201520152015202,-53.753441569649404
-5.200720072007201,-53.741286826715246
-5.1999199919992,-53.729132416384005
-5.199119911991199,-53.71697833891188
-5.1983198319831985,-53.70482459455533
-5.197519751975197,-53.69267118357106
-5.196719671967196,-53.68051810621606
-5.195919591959196,-53.668365362747544
-5.195119511951195,-53.65621295342302
-5.194319431943194,-53.64406087850023
-5.193519351935193,-53.63190913823722
-5.192719271927193,-53.61975773289226
-5.191919191919192,-53.60760666272387
-5.191119111911191,-53.59545592799087
-5.19031903190319,-53.58330552895233
-5.18951895189519,-53.57115546586759
-5.188718871887189,-53.55900573899622
-5.187918791879188,-53.54685634859809
-5.187118711871187,-53.53470729493332
-5.186318631863187,-53.52255857826232
-5.185518551855186,-53.510410198845705
-5.184718471847185,-53.4982621569444
-5.183918391839184,-53.48611445281958
-5.183118311831183,-53.473967086732735
-5.182318231823182,-53.461820058945506
-5.181518151815181,-53.44967336971993
-5.18071807180718,-53.43752701931824
-5.17991799179918,-53.42538100800294
-5.179117911791179,-53.413235336036806
-5.178317831783178,-53.40109000368289
-5.177517751775177,-53.388945011204505
-5.176717671767177,-53.37680035886527
-5.175917591759176,-53.36465604692897
-5.175117511751175,-53.35251207565978
-5.174317431743174,-53.34036844532208
-5.173517351735174,-53.32822515618052
-5.172717271727173,-53.316082208500035
-5.171917191719172,-53.30393960254584
-5.171117111711171,-53.29179733858337
-5.170317031703171,-53.27965541687843
-5.16951695169517,-53.26751383769696
-5.1687168716871685,-53.25537260130529
-5.1679167916791675,-53.24323170796997
-5.167116711671167,-53.23109115795784
-5.166316631663166,-53.21895095153598
-5.165516551655165,-53.20681108897177
-5.164716471647164,-53.19467157053286
-5.163916391639164,-53.182532396487204
-5.163116311631163,-53.17039356710295
-5.162316231623162,-53.158255082648594
-5.161516151615162,-53.14611694339288
-5.160716071607161,-53.13397914960483
-5.15991599159916,-53.121841701553734
-5.159115911591159,-53.10970459950916
-5.158315831583158,-53.09756784374096
-5.157515751575158,-53.085431434519265
-5.156715671567157,-53.07329537211448
-5.155915591559156,-53.06115965679726
-5.1551155115511555,-53.049024288838574
-5.1543154315431545,-53.03688926850966
-5.1535153515351535,-53.02475459608202
-5.1527152715271525,-53.012620271827444
-5.1519151915191514,-53.000486296018
-5.151115111511151,-52.98835266892607
-5.15031503150315,-52.97621939082421
-5.149514951495149,-52.96408646198538
-5.148714871487149,-52.95195388268277
-5.147914791479148,-52.93982165318981
-5.147114711471147,-52.92768977378029
-5.146314631463146,-52.91555824472819
-5.145514551455145,-52.90342706630787
-5.144714471447145,-52.89129623879392
-5.143914391439144,-52.87916576246117
-5.143114311431143,-52.86703563758483
-5.142314231423143,-52.8549058644403
-5.141514151415142,-52.84277644330332
-5.140714071407141,-52.83064737444992
-5.13991399139914,-52.818518658156364
-5.139113911391139,-52.80639029469924
-5.1383138313831385,-52.79426228435541
-5.137513751375137,-52.78213462740201
-5.136713671367136,-52.77000732411648
-5.135913591359136,-52.757880374776555
-5.135113511351135,-52.74575377966019
-5.134313431343134,-52.73362753904572
-5.133513351335133,-52.72150165321172
-5.132713271327133,-52.70937612243703
-5.131913191319132,-52.69725094700082
-5.131113111311131,-52.685126127182514
-5.13031303130313,-52.67300166326186
-5.12951295129513,-52.660877555518866
-5.128712871287129,-52.64875380423384
-5.127912791279128,-52.63663040968736
-5.127112711271127,-52.62450737216034
-5.126312631263127,-52.61238469193394
-5.125512551255126,-52.60026236928964
-5.124712471247125,-52.58814040450915
-5.123912391239124,-52.57601879787457
-5.123112311231123,-52.563897549668226
-5.122312231223122,-52.55177666017274
-5.121512151215121,-52.53965612967104
-5.12071207120712,-52.527535958446336
-5.11991199119912,-52.51541614678215
-5.119111911191119,-52.50329669496227
-5.118311831183118,-52.49117760327081
-5.117511751175117,-52.479058871992144
-5.116711671167117,-52.46694050141096
-5.115911591159116,-52.45482249181225
-5.115111511151115,-52.442704843481266
-5.114311431143114,-52.4305875567036
-5.113511351135114,-52.41847063176511
-5.112711271127113,-52.406354068951956
-5.111911191119112,-52.394237868550604
-5.111111111111111,-52.38212203084781
-5.110311031103111,-52.370006556130626
-5.1095109510951096,-52.3578914446864
-5.1087108710871085,-52.34577669680279
-5.1079107910791075,-52.333662312767736
-5.107110711071107,-52.32154829286949
-5.106310631063106,-52.3094346373966
-5.105510551055105,-52.29732134663791
-5.104710471047104,-52.28520842088256
-5.103910391039104,-52.27309586042002
-5.103110311031103,-52.26098366554002
-5.102310231023102,-52.24887183653259
-5.101510151015102,-52.236760373688135
-5.100710071007101,-52.224649277297246
-5.0999099909991,-52.21253854765093
-5.099109910991099,-52.20042818504041
-5.098309830983098,-52.188318189757254
-5.097509750975098,-52.17620856209334
-5.096709670967097,-52.164099302340816
-5.095909590959096,-52.15199041079216
-5.0951095109510955,-52.139881887740174
-5.0943094309430945,-52.1277737334779
-5.0935093509350935,-52.11566594829874
-5.0927092709270925,-52.10355853249639
-5.091909190919091,-52.09145148636486
-5.091109110911091,-52.07934481019845
-5.09030903090309,-52.067238504291765
-5.089508950895089,-52.055132568939705
-5.088708870887089,-52.04302700443755
-5.087908790879088,-52.03092181108079
-5.087108710871087,-52.01881698916527
-5.086308630863086,-52.006712538987166
-5.085508550855085,-51.994608460842926
-5.084708470847085,-51.98250475502934
-5.083908390839084,-51.97040142184346
-5.083108310831083,-51.9582984615827
-5.082308230823083,-51.94619587454476
-5.081508150815082,-51.934093661027646
-5.080708070807081,-51.92199182132967
-5.07990799079908,-51.9098903557495
-5.079107910791079,-51.897789264586066
-5.0783078307830785,-51.885688548138646
-5.077507750775077,-51.8735882067068
-5.076707670767076,-51.861488240590425
-5.075907590759076,-51.84938865008973
-5.075107510751075,-51.83728943550521
-5.074307430743074,-51.82519059713771
-5.073507350735073,-51.81309213528838
-5.072707270727073,-51.80099405025869
-5.071907190719072,-51.7888963423504
-5.071107110711071,-51.77679901186562
-5.07030703070307,-51.76470205910674
-5.06950695069507,-51.75260548437653
-5.068706870687069,-51.74050928797799
-5.067906790679068,-51.72841347021452
-5.067106710671067,-51.71631803138978
-5.066306630663067,-51.70422297180778
-5.065506550655066,-51.692128291772846
-5.064706470647065,-51.68003399158959
-5.063906390639064,-51.66794007156299
-5.063106310631063,-51.65584653199835
-5.062306230623062,-51.64375337320124
-5.061506150615061,-51.631660595477584
-5.06070607060706,-51.619568199133624
-5.05990599059906,-51.607476184475956
-5.059105910591059,-51.59538455181143
-5.058305830583058,-51.58329330144726
-5.057505750575057,-51.571202433691
-5.056705670567057,-51.559111948850514
-5.055905590559056,-51.547021847233935
-5.055105510551055,-51.53493212914981
-5.054305430543054,-51.52284279490696
-5.053505350535054,-51.51075384481454
-5.052705270527053,-51.49866527918202
-5.051905190519052,-51.48657709831922
-5.051105110511051,-51.47448930253626
-5.050305030503051,-51.46240189214363
-5.0495049504950495,-51.45031486745209
-5.0487048704870485,-51.43822822877275
-5.0479047904790475,-51.42614197641707
-5.047104710471047,-51.41405611069683
-5.046304630463046,-51.401970631924115
-5.045504550455045,-51.38988554041135
-5.044704470447044,-51.377800836471295
-5.043904390439044,-51.36571652041707
-5.043104310431043,-51.353632592562064
-5.042304230423042,-51.34154905322002
-5.041504150415042,-51.32946590270507
-5.040704070407041,-51.31738314133158
-5.03990399039904,-51.305300769414316
-5.039103910391039,-51.29321878726836
-5.038303830383038,-51.28113719520911
-5.037503750375038,-51.26905599355234
-5.036703670367037,-51.25697518261411
-5.035903590359036,-51.24489476271083
-5.0351035103510355,-51.23281473415928
-5.0343034303430345,-51.22073509727651
-5.0335033503350335,-51.20865585237995
-5.0327032703270325,-51.196576999787354
-5.031903190319031,-51.184498539816836
-5.031103110311031,-51.172420472786825
-5.03030303030303,-51.16034279901605
-5.029502950295029,-51.14826551882365
-5.028702870287029,-51.13618863252906
-5.027902790279028,-51.12411214045207
-5.027102710271027,-51.11203604291278
-5.026302630263026,-51.09996034023167
-5.025502550255025,-51.087885032729524
-5.024702470247025,-51.07581012072751
-5.023902390239024,-51.06373560454709
-5.023102310231023,-51.05166148451008
-5.022302230223023,-51.03958776093867
-5.021502150215022,-51.02751443415533
-5.020702070207021,-51.015441504482936
-5.01990199019902,-51.00336897224469
-5.019101910191019,-50.9912968377641
-5.0183018301830185,-50.97922510136506
-5.017501750175017,-50.9671537633718
-5.016701670167016,-50.95508282410886
-5.015901590159016,-50.943012283901204
-5.015101510151015,-50.93094214307405
-5.014301430143014,-50.91887240195301
-5.013501350135013,-50.90680306086403
-5.012701270127013,-50.89473412013344
-5.011901190119012,-50.88266558008786
-5.011101110111011,-50.87059744105428
-5.01030103010301,-50.85852970336006
-5.00950095009501,-50.846462367332904
-5.008700870087009,-50.8343954333008
-5.007900790079008,-50.82232890159217
-5.007100710071007,-50.810262772535765
-5.006300630063007,-50.79819704646067
-5.005500550055006,-50.78613172369631
-5.004700470047005,-50.77406680457248
-5.0039003900390036,-50.76200228941933
-5.003100310031003,-50.74993817856736
-5.002300230023002,-50.73787447234743
-5.001500150015001,-50.72581117109072
-5.000700070007,-50.71374827512878
-4.999899989998999,-50.701685784793554
-4.999099909990999,-50.6896237004173
-4.998299829982998,-50.677562022332594
-4.997499749974997,-50.665500750872454
-4.996699669966997,-50.653439886370215
-4.995899589958996,-50.64137942915954
-4.995099509950995,-50.62931937957447
-4.994299429942995,-50.61725973794944
-4.993499349934994,-50.60520050461918
-4.992699269926993,-50.59314167991881
-4.991899189918992,-50.5810832641838
-4.991099109910991,-50.56902525775
-4.990299029902991,-50.556967660953624
-4.9894989498949895,-50.54491047413118
-4.9886988698869885,-50.53285369761961
-4.987898789878988,-50.5207973317562
-4.987098709870987,-50.50874137687855
-4.986298629862986,-50.496685833324676
-4.985498549854985,-50.48463070143296
-4.984698469846984,-50.47257598154211
-4.983898389838984,-50.460521673991224
-4.983098309830983,-50.44846777911972
-4.982298229822982,-50.43641429726745
-4.981498149814982,-50.424361228774586
-4.980698069806981,-50.41230857398166
-4.97989798979898,-50.40025633322959
-4.979097909790979,-50.38820450685965
-4.978297829782978,-50.37615309521348
-4.977497749774978,-50.36410209863312
-4.976697669766977,-50.35205151746091
-4.975897589758976,-50.34000135203959
-4.9750975097509755,-50.32795160271232
-4.9742974297429745,-50.31590226982254
-4.9734973497349735,-50.30385335371411
-4.9726972697269725,-50.291804854731275
-4.971897189718971,-50.279756773218594
-4.971097109710971,-50.26770910952107
-4.97029702970297,-50.25566186398399
-4.969496949694969,-50.243615036953095
-4.968696869686969,-50.23156862877445
-4.967896789678968,-50.2195226397945
-4.967096709670967,-50.20747707036007
-4.966296629662966,-50.195431920818365
-4.965496549654965,-50.18338719151696
-4.964696469646965,-50.1713428828038
-4.963896389638964,-50.159298995027186
-4.963096309630963,-50.14725552853584
-4.962296229622963,-50.13521248367882
-4.961496149614962,-50.12316986080557
-4.960696069606961,-50.11112766026593
-4.95989598959896,-50.099085882410094
-4.959095909590959,-50.08704452758865
-4.9582958295829584,-50.07500359615257
-4.957495749574957,-50.06296308845316
-4.956695669566956,-50.050923004842154
-4.955895589558956,-50.038883345671685
-4.955095509550955,-50.02684411129417
-4.954295429542954,-50.01480530206249
-4.953495349534953,-50.002766918329904
-4.952695269526952,-49.99072896045003
-4.951895189518952,-49.97869142877687
-4.951095109510951,-49.966654323664784
-4.95029502950295,-49.954617645468595
-4.94949494949495,-49.942581394543424
-4.948694869486949,-49.93054557124481
-4.947894789478948,-49.91851017592869
-4.947094709470947,-49.90647520895135
-4.946294629462946,-49.89444067066952
-4.945494549454946,-49.88240656144027
-4.944694469446945,-49.870372881621044
-4.9438943894389435,-49.858339631569734
-4.943094309430943,-49.84630681164456
-4.942294229422942,-49.83427442220416
-4.941494149414941,-49.82224246360754
-4.94069406940694,-49.81021093621413
-4.939893989398939,-49.798179840383725
-4.939093909390939,-49.78614917647653
-4.938293829382938,-49.77411894485309
-4.937493749374937,-49.7620891458744
-4.936693669366937,-49.75005977990183
-4.935893589358936,-49.73803084729711
-4.935093509350935,-49.726002348422405
-4.934293429342935,-49.713974283640276
-4.933493349334934,-49.70194665331364
-4.932693269326933,-49.68991945780581
-4.931893189318932,-49.67789269748053
-4.931093109310931,-49.66586637270193
-4.930293029302931,-49.653840483834514
-4.9294929492949295,-49.6418150312432
-4.9286928692869285,-49.62979001529329
-4.927892789278928,-49.61776543635052
-4.927092709270927,-49.60574129478094
-4.926292629262926,-49.5937175909511
-4.925492549254925,-49.581694325227886
-4.924692469246924,-49.569671497978604
-4.923892389238924,-49.55764910957097
-4.923092309230923,-49.545627160373044
-4.922292229222922,-49.53360565075337
-4.921492149214922,-49.52158458108085
-4.920692069206921,-49.50956395172477
-4.91989198919892,-49.49754376305485
-4.919091909190919,-49.48552401544121
-4.918291829182918,-49.47350470925434
-4.917491749174918,-49.46148584486522
-4.916691669166917,-49.449467422645114
-4.915891589158916,-49.437449442965786
-4.9150915091509155,-49.42543190619935
-4.9142914291429145,-49.41341481271836
-4.9134913491349135,-49.40139816289577
-4.9126912691269125,-49.38938195710492
-4.911891189118911,-49.3773661957196
-4.911091109110911,-49.36535087911396
-4.91029102910291,-49.3533360076626
-4.909490949094909,-49.34132158174049
-4.908690869086909,-49.32930760172306
-4.907890789078908,-49.31729406798608
-4.907090709070907,-49.3052809809058
-4.906290629062906,-49.29326834085885
-4.905490549054905,-49.281256148222276
-4.904690469046905,-49.26924440337355
-4.903890389038904,-49.25723310669051
-4.903090309030903,-49.24522225855146
-4.902290229022903,-49.233211859335114
-4.901490149014902,-49.22120190942055
-4.900690069006901,-49.20919240918734
-4.8998899889989,-49.19718335901539
-4.899089908990899,-49.18517475928508
-4.898289828982898,-49.173166610377216
-4.897489748974897,-49.161158912672946
-4.896689668966896,-49.149151666553905
-4.895889588958896,-49.13714487240213
-4.895089508950895,-49.12513853060007
-4.894289428942894,-49.11313264153057
-4.893489348934893,-49.10112720557696
-4.892689268926892,-49.08912222312293
-4.891889188918892,-49.07711769455264
-4.891089108910891,-49.0651136202506
-4.89028902890289,-49.05311000060182
-4.88948894889489,-49.0411068359917
-4.888688868886889,-49.02910412680604
-4.887888788878888,-49.0171018734311
-4.887088708870887,-49.00510007625356
-4.886288628862886,-48.99309873566051
-4.885488548854886,-48.98109785203948
-4.884688468846885,-48.969097425778415
-4.8838883888388835,-48.957097457265675
-4.883088308830883,-48.9450979468901
-4.882288228822882,-48.93309889504088
-4.881488148814881,-48.92110030210769
-4.88068806880688,-48.909102168480615
-4.879887988798879,-48.897104494550184
-4.879087908790879,-48.885107280707345
-4.878287828782878,-48.873110527343464
-4.877487748774877,-48.86111423485035
-4.876687668766877,-48.84911840362027
-4.875887588758876,-48.837123034045845
-4.875087508750875,-48.825128126520234
-4.874287428742875,-48.813133681436966
-4.873487348734874,-48.80113969918998
-4.872687268726873,-48.78914618017373
-4.871887188718872,-48.77715312478303
-4.871087108710871,-48.76516053341317
-4.870287028702871,-48.75316840645988
-4.8694869486948695,-48.741176744319276
-4.8686868686868685,-48.72918554738798
-4.867886788678868,-48.717194816063014
-4.867086708670867,-48.705204550741826
-4.866286628662866,-48.693214751822346
-4.865486548654865,-48.68122541970288
-4.864686468646864,-48.66923655478227
-4.863886388638864,-48.65724815745972
-4.863086308630863,-48.64526022813487
-4.862286228622862,-48.63327276720787
-4.861486148614862,-48.621285775079244
-4.860686068606861,-48.60929925214999
-4.85988598859886,-48.59731319882155
-4.859085908590859,-48.58532761549582
-4.858285828582858,-48.57334250257511
-4.857485748574858,-48.56135786046222
-4.856685668566857,-48.54937368956033
-4.855885588558856,-48.53738999027314
-4.8550855085508555,-48.52540676300477
-4.8542854285428545,-48.51342400815973
-4.8534853485348535,-48.50144172614307
-4.8526852685268524,-48.48945991736024
-4.851885188518851,-48.47747858221716
-4.851085108510851,-48.465497721120194
-4.85028502850285,-48.4535173344761
-4.849484948494849,-48.44153742269219
-4.848684868486849,-48.429557986176164
-4.847884788478848,-48.41757902533616
-4.847084708470847,-48.40560054058083
-4.846284628462846,-48.39362253231922
-4.845484548454845,-48.38164500096087
-4.844684468446845,-48.36966794691578
-4.843884388438844,-48.357691370594345
-4.843084308430843,-48.34571527240748
-4.842284228422843,-48.333739652766525
-4.841484148414842,-48.32176451208329
-4.840684068406841,-48.309789850770045
-4.83988398839884,-48.2978156692395
-4.839083908390839,-48.28584196790482
-4.838283828382838,-48.2738687471797
-4.837483748374837,-48.261896007478185
-4.836683668366836,-48.249923749214865
-4.835883588358836,-48.23795197280477
-4.835083508350835,-48.225980678663355
-4.834283428342834,-48.21400986720658
-4.833483348334833,-48.202039538850855
-4.832683268326832,-48.190069694013054
-4.831883188318832,-48.17810033311056
-4.831083108310831,-48.166131456561104
-4.83028302830283,-48.15416306478299
-4.82948294829483,-48.14219515819498
-4.828682868286829,-48.13022773721623
-4.827882788278828,-48.11826080226642
-4.827082708270827,-48.10629435376571
-4.826282628262826,-48.094328392134706
-4.825482548254826,-48.082362917794484
-4.824682468246825,-48.07039793116655
-4.8238823882388235,-48.05843343267298
-4.823082308230823,-48.04646942273623
-4.822282228222822,-48.034505901779255
-4.821482148214821,-48.0225428702255
-4.82068206820682,-48.01058032849887
-4.819881988198819,-47.99861827702374
-4.819081908190819,-47.98665671622498
-4.818281828182818,-47.97469564652788
-4.817481748174817,-47.962735068358285
-4.816681668166817,-47.95077498214245
-4.815881588158816,-47.93881538830713
-4.815081508150815,-47.92685628727956
-4.814281428142815,-47.91489767948749
-4.813481348134814,-47.90293956535906
-4.812681268126813,-47.89098194532295
-4.811881188118812,-47.87902481980832
-4.811081108110811,-47.86706818924481
-4.8102810281028106,-47.85511205406253
-4.8094809480948095,-47.84315641469205
-4.8086808680868085,-47.83120127156445
-4.807880788078808,-47.81924662511132
-4.807080708070807,-47.807292475764655
-4.806280628062806,-47.79533882395702
-4.805480548054805,-47.7833856701214
-4.804680468046804,-47.771433014691304
-4.803880388038804,-47.75948085810073
-4.803080308030803,-47.74752920078412
-4.802280228022802,-47.73557804317645
-4.801480148014802,-47.72362738571317
-4.800680068006801,-47.7116772288302
-4.7998799879988,-47.69972757296395
-4.799079907990799,-47.68777841855136
-4.798279827982798,-47.67582976602983
-4.797479747974798,-47.663881615837255
-4.796679667966797,-47.65193396841202
-4.795879587958796,-47.639986824193
-4.7950795079507955,-47.62804018361959
-4.7942794279427945,-47.616094047131625
-4.7934793479347935,-47.60414841516948
-4.792679267926792,-47.59220328817402
-4.791879187918791,-47.5802586665866
-4.791079107910791,-47.56831455084907
-4.79027902790279,-47.55637094140376
-4.789478947894789,-47.54442783869352
-4.788678867886789,-47.53248524316173
-4.787878787878788,-47.52054315525217
-4.787078707870787,-47.50860157540922
-4.786278627862786,-47.49666050407772
-4.785478547854785,-47.48471994170301
-4.784678467846785,-47.47277988873095
-4.783878387838784,-47.46084034560785
-4.783078307830783,-47.448901312780585
-4.782278227822783,-47.436962790696526
-4.781478147814782,-47.42502477980351
-4.780678067806781,-47.41308728054989
-4.77987798779878,-47.401150293384546
-4.779077907790779,-47.38921381875688
-4.778277827782778,-47.37727785711675
-4.777477747774777,-47.36534240891456
-4.776677667766776,-47.35340747460118
-4.775877587758776,-47.34147305462807
-4.775077507750775,-47.32953914944709
-4.774277427742774,-47.3176057595107
-4.773477347734773,-47.305672885271846
-4.772677267726772,-47.293740527183964
-4.771877187718772,-47.28180868570102
-4.771077107710771,-47.2698773612775
-4.77027702770277,-47.25794655436838
-4.76947694769477,-47.24601626542919
-4.768676867686769,-47.234086494915914
-4.767876787678768,-47.22215724328511
-4.767076707670767,-47.21022851099383
-4.766276627662766,-47.198300298499646
-4.765476547654766,-47.18637260626063
-4.764676467646765,-47.17444543473542
-4.7638763876387635,-47.162518784383096
-4.763076307630763,-47.150592655663345
-4.762276227622762,-47.13866704903631
-4.761476147614761,-47.12674196496267
-4.76067606760676,-47.11481740390365
-4.759875987598759,-47.102893366320984
-4.759075907590759,-47.09096985267692
-4.758275827582758,-47.07904686343423
-4.757475747574757,-47.06712439905621
-4.756675667566757,-47.05520246000673
-4.755875587558756,-47.043281046750096
-4.755075507550755,-47.031360159751216
-4.754275427542755,-47.01943979947551
-4.753475347534754,-47.00751996638888
-4.752675267526753,-46.9956006609578
-4.751875187518752,-46.98368188364928
-4.751075107510751,-46.97176363493084
-4.7502750275027505,-46.959845915270556
-4.7494749474947495,-46.947928725136975
-4.7486748674867485,-46.93601206499925
-4.747874787478748,-46.92409593532704
-4.747074707470747,-46.9121803365905
-4.746274627462746,-46.90026526926038
-4.745474547454745,-46.888350733807904
-4.744674467446744,-46.876436730704896
-4.743874387438744,-46.864523260423695
-4.743074307430743,-46.85261032343713
-4.742274227422742,-46.84069792021863
-4.741474147414742,-46.82878605124215
-4.740674067406741,-46.816874716982134
-4.73987398739874,-46.80496391791363
-4.739073907390739,-46.79305365451219
-4.738273827382738,-46.78114392725393
-4.737473747374738,-46.769234736615516
-4.736673667366737,-46.757326083074105
-4.735873587358736,-46.74541796710743
-4.7350735073507355,-46.73351038919381
-4.7342734273427345,-46.721603349812014
-4.7334733473347335,-46.70969684944144
-4.732673267326732,-46.697790888562
-4.731873187318731,-46.68588546765416
-4.731073107310731,-46.67398058719894
-4.73027302730273,-46.66207624767789
-4.729472947294729,-46.650172449573105
-4.728672867286729,-46.63826919336728
-4.727872787278728,-46.626366479543584
-4.727072707270727,-46.61446430858581
-4.726272627262726,-46.60256268097824
-4.725472547254725,-46.590661597205774
-4.724672467246725,-46.57876105775384
-4.723872387238724,-46.56686106310836
-4.723072307230723,-46.55496161375592
-4.722272227222723,-46.5430627101836
-4.721472147214722,-46.53116435287901
-4.720672067206721,-46.519266542330364
-4.71987198719872,-46.507369279026435
-4.719071907190719,-46.49547256345654
-4.718271827182718,-46.48357639611055
-4.717471747174717,-46.471680777478895
-4.716671667166716,-46.45978570805259
-4.715871587158716,-46.4478911883232
-4.715071507150715,-46.43599721878283
-4.714271427142714,-46.42410379992417
-4.713471347134713,-46.41221093224048
-4.712671267126712,-46.40031861622557
-4.711871187118712,-46.38842685237384
-4.711071107110711,-46.37653564118021
-4.71027102710271,-46.36464498314021
-4.70947094709471,-46.352754878749934
-4.708670867086709,-46.34086532850602
-4.707870787078708,-46.32897633290568
-4.707070707070707,-46.31708789244671
-4.706270627062706,-46.3052000076275
-4.705470547054706,-46.293312678946954
-4.7046704670467046,-46.28142590690458
-4.7038703870387035,-46.269539692000464
-4.703070307030703,-46.25765403473527
-4.702270227022702,-46.2457689356102
-4.701470147014701,-46.23388439512707
-4.7006700670067,-46.222000413788265
-4.699869986998699,-46.21011699209673
-4.699069906990699,-46.198234130556024
-4.698269826982698,-46.186351829670215
-4.697469746974697,-46.17447008994404
-4.696669666966697,-46.16258891188274
-4.695869586958696,-46.15070829599218
-4.695069506950695,-46.13882824277878
-4.694269426942695,-46.12694875274957
-4.693469346934694,-46.11506982641215
-4.692669266926693,-46.1031914642747
-4.691869186918692,-46.09131366684598
-4.691069106910691,-46.07943643463535
-4.6902690269026905,-46.06755976815275
-4.6894689468946895,-46.05568366790869
-4.6886688668866885,-46.04380813441429
-4.687868786878688,-46.03193316818129
-4.687068706870687,-46.02005876972192
-4.686268626862686,-46.008184939549096
-4.685468546854685,-45.99631167817628
-4.684668466846684,-45.98443898611754
-4.683868386838684,-45.97256686388754
-4.683068306830683,-45.960695312001505
-4.682268226822682,-45.9488243309753
-4.681468146814682,-45.936953921325355
-4.680668066806681,-45.9250840835687
-4.67986798679868,-45.913214818222954
-4.679067906790679,-45.90134612580636
-4.678267826782678,-45.88947800683775
-4.677467746774678,-45.877610461836525
-4.676667666766677,-45.86574349132272
-4.675867586758676,-45.85387709581695
-4.6750675067506755,-45.84201127584045
-4.6742674267426745,-45.83014603191503
-4.6734673467346735,-45.81828136456312
-4.672667266726672,-45.806417274307755
-4.671867186718671,-45.794553761672574
-4.671067106710671,-45.78269082718183
-4.67026702670267,-45.77082847136033
-4.669466946694669,-45.758966694733566
-4.668666866686669,-45.74710549782759
-4.667866786678668,-45.73524488116905
-4.667066706670667,-45.72338484528524
-4.666266626662666,-45.71152539070404
-4.665466546654665,-45.69966651795395
-4.664666466646665,-45.6878082275641
-4.663866386638664,-45.67595052006416
-4.663066306630663,-45.66409339598452
-4.662266226622663,-45.65223685585612
-4.661466146614662,-45.64038090021048
-4.660666066606661,-45.628525529579804
-4.65986598659866,-45.6166707444969
-4.659065906590659,-45.60481654549517
-4.658265826582658,-45.59296293310865
-4.657465746574657,-45.58110990787197
-4.656665666566656,-45.56925747032041
-4.655865586558656,-45.557405620989876
-4.655065506550655,-45.54555436041684
-4.654265426542654,-45.533703689138456
-4.653465346534653,-45.52185360769247
-4.652665266526652,-45.51000411661727
-4.651865186518652,-45.49815521645186
-4.651065106510651,-45.486306907735866
-4.65026502650265,-45.47445919100953
-4.64946494649465,-45.46261206681375
-4.648664866486649,-45.45076553569002
-4.647864786478648,-45.438919598180476
-4.647064706470647,-45.42707425482789
-4.646264626462646,-45.415229506175685
-4.645464546454646,-45.403385352767856
-4.6446644664466445,-45.39154179514907
-4.6438643864386435,-45.37969883386462
-4.643064306430643,-45.36785646946045
-4.642264226422642,-45.35601470248308
-4.641464146414641,-45.34417353347975
-4.64066406640664,-45.332332962998265
-4.639863986398639,-45.320492991587116
-4.639063906390639,-45.30865361979541
-4.638263826382638,-45.29681484817286
-4.637463746374637,-45.28497667726988
-4.636663666366637,-45.27313910763749
-4.635863586358636,-45.261302139827364
-4.635063506350635,-45.24946577439179
-4.634263426342635,-45.23763001188375
-4.633463346334634,-45.225794852856815
-4.632663266326633,-45.21396029786523
-4.631863186318632,-45.202126347463874
-4.631063106310631,-45.19029300220831
-4.6302630263026305,-45.178460262654696
-4.6294629462946295,-45.16662812935985
-4.6286628662866285,-45.154796602881255
-4.627862786278628,-45.14296568377706
-4.627062706270627,-45.131135372606
-4.626262626262626,-45.11930566992752
-4.625462546254625,-45.107476576301714
-4.624662466246624,-45.095648092289295
-4.623862386238624,-45.083820218451685
-4.623062306230623,-45.07199295535088
-4.622262226222622,-45.0601663035496
-4.621462146214622,-45.04834026361122
-4.620662066206621,-45.0365148360997
-4.61986198619862,-45.02469002157976
-4.619061906190619,-45.01286582061671
-4.618261826182618,-45.00104223377653
-4.617461746174618,-44.989219261625905
-4.616661666166617,-44.9773969047321
-4.615861586158616,-44.96557516366312
-4.6150615061506155,-44.95375403898761
-4.6142614261426145,-44.94193353127485
-4.6134613461346134,-44.93011364109482
-4.612661266126612,-44.91829436901815
-4.611861186118611,-44.90647571561615
-4.611061106110611,-44.8946576814608
-4.61026102610261,-44.882840267124706
-4.609460946094609,-44.87102347318121
-4.608660866086609,-44.85920730020429
-4.607860786078608,-44.847391748768565
-4.607060706070607,-44.83557681944938
-4.606260626062606,-44.823762512822725
-4.605460546054605,-44.81194882946527
-4.604660466046605,-44.80013576995438
-4.603860386038604,-44.78832333486805
-4.603060306030603,-44.77651152478501
-4.602260226022603,-44.76470034028461
-4.601460146014602,-44.752889781946905
-4.600660066006601,-44.741079850352634
-4.5998599859986,-44.729270546083214
-4.5990599059905986,-44.71746186972074
-4.598259825982598,-44.70565382184801
-4.597459745974597,-44.69384640304845
-4.596659665966596,-44.68203961390623
-4.595859585958596,-44.67023345500618
-4.595059505950595,-44.6584279269338
-4.594259425942594,-44.64662303027531
-4.593459345934593,-44.63481876561759
-4.592659265926592,-44.623015133548215
-4.591859185918592,-44.61121213465549
-4.591059105910591,-44.599409769528336
-4.59025902590259,-44.5876080387564
-4.58945894589459,-44.57580694293006
-4.588658865886589,-44.56400648264032
-4.587858785878588,-44.55220665847893
-4.587058705870587,-44.5404074710383
-4.586258625862586,-44.52860892091155
-4.585458545854586,-44.51681100869253
-4.5846584658465845,-44.50501373497571
-4.5838583858385835,-44.49321710035633
-4.583058305830583,-44.481421105430314
-4.582258225822582,-44.46962575079424
-4.581458145814581,-44.457831037045445
-4.58065806580658,-44.446036964781946
-4.579857985798579,-44.434243534602466
-4.579057905790579,-44.42245074710644
-4.578257825782578,-44.41065860289396
-4.577457745774577,-44.39886710256591
-4.576657665766577,-44.3870762467238
-4.575857585758576,-44.37528603596989
-4.575057505750575,-44.36349647090714
-4.574257425742574,-44.35170755213922
-4.573457345734574,-44.33991928027053
-4.572657265726573,-44.32813165590612
-4.571857185718572,-44.31634467965183
-4.571057105710571,-44.30455835211416
-4.5702570257025705,-44.29277267390036
-4.5694569456945695,-44.28098764561835
-4.5686568656865685,-44.269203267876826
-4.567856785678568,-44.25741954128516
-4.567056705670567,-44.24563646645342
-4.566256625662566,-44.23385404399247
-4.565456545654565,-44.22207227451381
-4.564656465646564,-44.210291158629744
-4.563856385638564,-44.19851069695322
-4.563056305630563,-44.186730890097955
-4.562256225622562,-44.17495173867836
-4.561456145614562,-44.16317324330962
-4.560656065606561,-44.151395404607605
-4.55985598559856,-44.139618223188904
-4.559055905590559,-44.12784169967085
-4.558255825582558,-44.11606583467153
-4.557455745574558,-44.10429062880975
-4.556655665566557,-44.09251608270498
-4.555855585558556,-44.0807421969775
-4.5550555055505555,-44.06896897224833
-4.5542554255425545,-44.05719640913914
-4.5534553455345534,-44.045424508272404
-4.552655265526552,-44.03365327027131
-4.551855185518551,-44.021882695759786
-4.551055105510551,-44.010112785362516
-4.55025502550255,-43.99834353970488
-4.549454945494549,-43.98657495941302
-4.548654865486549,-43.974807045113835
-4.547854785478548,-43.963039797434924
-4.547054705470547,-43.951273217004676
-4.546254625462546,-43.939507304452185
-4.545454545454545,-43.92774206040732
-4.544654465446545,-43.91597748550067
-4.543854385438544,-43.90421358036357
-4.543054305430543,-43.89245034562812
-4.542254225422543,-43.880687781927165
-4.541454145414542,-43.868925889894285
-4.540654065406541,-43.857164670163826
-4.53985398539854,-43.845404123370855
-4.5390539053905385,-43.83364425015124
-4.538253825382538,-43.821885051141585
-4.537453745374537,-43.81012652697922
-4.536653665366536,-43.79836867830224
-4.535853585358536,-43.78661150574953
-4.535053505350535,-43.77485500996069
-4.534253425342534,-43.76309919157608
-4.533453345334533,-43.75134405123687
-4.532653265326532,-43.73958958958492
-4.531853185318532,-43.72783580726291
-4.531053105310531,-43.71608270491426
-4.53025302530253,-43.70433028318312
-4.52945294529453,-43.692578542714465
-4.528652865286529,-43.68082748415397
-4.527852785278528,-43.66907710814814
-4.527052705270527,-43.6573274153442
-4.526252625262526,-43.64557840639017
-4.525452545254526,-43.63383008193483
-4.5246524652465245,-43.622082442627715
-4.5238523852385235,-43.61033548911915
-4.523052305230523,-43.59858922206024
-4.522252225222522,-43.58684364210283
-4.521452145214521,-43.575098749899574
-4.52065206520652,-43.56335454610386
-4.519851985198519,-43.551611031369916
-4.519051905190519,-43.539868206352686
-4.518251825182518,-43.528126071707916
-4.517451745174517,-43.516384628092126
-4.516651665166517,-43.50464387616265
-4.515851585158516,-43.49290381657753
-4.515051505150515,-43.48116444999566
-4.514251425142514,-43.46942577707669
-4.513451345134513,-43.45768779848104
-4.512651265126513,-43.445950514869956
-4.511851185118512,-43.434213926905414
-4.511051105110511,-43.42247803525023
-4.5102510251025105,-43.410742840568
-4.5094509450945095,-43.39900834352305
-4.5086508650865085,-43.387274544780574
-4.507850785078508,-43.37554144500653
-4.507050705070507,-43.36380904486765
-4.506250625062506,-43.352077345031475
-4.505450545054505,-43.340346346166335
-4.504650465046504,-43.32861604894137
-4.503850385038504,-43.31688645402653
-4.503050305030503,-43.30515756209249
-4.502250225022502,-43.2934293738108
-4.501450145014502,-43.28170188985379
-4.500650065006501,-43.26997511089456
-4.4998499849985,-43.258249037607044
-4.499049904990499,-43.24652367066598
-4.498249824982498,-43.23479901074688
-4.497449744974498,-43.22307505852612
-4.496649664966497,-43.21135181468081
-4.495849584958496,-43.19962927988891
-4.4950495049504955,-43.18790745482918
-4.4942494249424945,-43.17618634018118
-4.493449344934493,-43.16446593662529
-4.492649264926492,-43.15274624484272
-4.491849184918491,-43.141027265515426
-4.491049104910491,-43.12930899932629
-4.49024902490249,-43.11759144695888
-4.489448944894489,-43.10587460909767
-4.488648864886489,-43.09415848642793
-4.487848784878488,-43.082443079635716
-4.487048704870487,-43.07072838940793
-4.486248624862486,-43.05901441643232
-4.485448544854485,-43.04730116139737
-4.484648464846485,-43.035588624992506
-4.483848384838484,-43.023876807907875
-4.483048304830483,-43.01216571083448
-4.482248224822483,-43.00045533446418
-4.481448144814482,-42.98874567948961
-4.480648064806481,-42.97703674660427
-4.47984798479848,-42.96532853650247
-4.4790479047904785,-42.95362104987935
-4.478247824782478,-42.94191428743092
-4.477447744774477,-42.93020824985393
-4.476647664766476,-42.91850293784607
-4.475847584758476,-42.906798352105795
-4.475047504750475,-42.89509449333241
-4.474247424742474,-42.88339136222605
-4.473447344734473,-42.87168895948772
-4.472647264726472,-42.85998728581922
-4.471847184718472,-42.84828634192324
-4.471047104710471,-42.83658612850324
-4.47024702470247,-42.82488664626358
-4.46944694469447,-42.81318789590945
-4.468646864686469,-42.80148987814687
-4.467846784678468,-42.78979259368269
-4.467046704670467,-42.778096043224664
-4.466246624662466,-42.766400227481334
-4.4654465446544656,-42.754705147162134
-4.4646464646464645,-42.743010802977295
-4.4638463846384635,-42.731317195637956
-4.463046304630463,-42.71962432585607
-4.462246224622462,-42.70793219434444
-4.461446144614461,-42.69624080181674
-4.46064606460646,-42.684550148987505
-4.459845984598459,-42.672860236572106
-4.459045904590459,-42.6611710652868
-4.458245824582458,-42.64948263584865
-4.457445744574457,-42.63779494897562
-4.456645664566457,-42.626108005386534
-4.455845584558456,-42.61442180580105
-4.455045504550455,-42.602736350939715
-4.454245424542454,-42.59105164152392
-4.453445344534453,-42.57936767827594
-4.452645264526453,-42.567684461918915
-4.451845184518452,-42.55600199317682
-4.451045104510451,-42.54432027277454
-4.4502450245024505,-42.53263930143781
-4.4494449444944495,-42.52095907989322
-4.4486448644864485,-42.50927960886824
-4.447844784478448,-42.49760088909125
-4.447044704470447,-42.48592292129145
-4.446244624462446,-42.474245706198936
-4.445444544454445,-42.46256924454468
-4.444644464446444,-42.45089353706055
-4.443844384438444,-42.43921858447927
-4.443044304430443,-42.42754438753444
-4.442244224422442,-42.41587094696054
-4.441444144414442,-42.40419826349296
-4.440644064406441,-42.392526337867935
-4.43984398439844,-42.380855170822606
-4.439043904390439,-42.369184763095
-4.438243824382438,-42.35751511542401
-4.437443744374438,-42.34584622854945
-4.436643664366437,-42.33417810321198
-4.435843584358436,-42.3225107401532
-4.4350435043504355,-42.310844140115556
-4.4342434243424345,-42.299178303842396
-4.433443344334433,-42.28751323207798
-4.432643264326432,-42.27584892556744
-4.431843184318431,-42.26418538505682
-4.431043104310431,-42.25252261129306
-4.43024302430243,-42.24086060502397
-4.429442944294429,-42.2291993669983
-4.428642864286429,-42.21753889796568
-4.427842784278428,-42.20587919867663
-4.427042704270427,-42.19422026988257
-4.426242624262426,-42.18256211233585
-4.425442544254425,-42.17090472678972
-4.424642464246425,-42.15924811399834
-4.423842384238424,-42.147592274716715
-4.423042304230423,-42.13593720970084
-4.422242224222423,-42.12428291970759
-4.421442144214422,-42.112629405494715
-4.420642064206421,-42.10097666782093
-4.41984198419842,-42.08932470744584
-4.4190419041904185,-42.07767352512995
-4.418241824182418,-42.06602312163472
-4.417441744174417,-42.05437349772247
-4.416641664166416,-42.04272465415648
-4.415841584158416,-42.03107659170095
-4.415041504150415,-42.01942931112095
-4.414241424142414,-42.00778281318253
-4.413441344134413,-41.99613709865264
-4.412641264126412,-41.98449216829914
-4.411841184118412,-41.97284802289085
-4.411041104110411,-41.96120466319746
-4.41024102410241,-41.94956208998962
-4.40944094409441,-41.93792030403895
-4.408640864086409,-41.9262793061179
-4.407840784078408,-41.91463909699993
-4.407040704070407,-41.90299967745941
-4.406240624062406,-41.891361048271634
-4.4054405440544055,-41.87972321021285
-4.4046404640464045,-41.8680861640602
-4.4038403840384035,-41.85644991059181
-4.403040304030403,-41.844814450586725
-4.402240224022402,-41.83317978482491
-4.401440144014401,-41.821545914087295
-4.4006400640064,-41.809912839155736
-4.399839983998399,-41.79828056081305
-4.399039903990399,-41.78664907984299
-4.398239823982398,-41.775018397030216
-4.397439743974397,-41.7633885131604
-4.396639663966397,-41.75175942902011
-4.395839583958396,-41.74013114539689
-4.395039503950395,-41.728503663079216
-4.394239423942394,-41.71687698285652
-4.393439343934393,-41.705251105519196
-4.392639263926393,-41.69362603185858
-4.391839183918392,-41.682001762666964
-4.391039103910391,-41.670378298737596
-4.3902390239023905,-41.65875564086469
-4.3894389438943895,-41.6471337898434
-4.3886388638863885,-41.63551274646985
-4.387838783878388,-41.62389251154113
-4.387038703870387,-41.612273085855264
-4.386238623862386,-41.60065447021129
-4.385438543854385,-41.589036665409154
-4.384638463846384,-41.5774196722498
-4.383838383838384,-41.565803491535156
-4.383038303830383,-41.55418812406805
-4.382238223822382,-41.54257357065236
-4.381438143814382,-41.530959832092876
-4.380638063806381,-41.519346909195384
-4.37983798379838,-41.50773480276662
-4.379037903790379,-41.49612351361435
-4.378237823782378,-41.48451304254724
-4.377437743774378,-41.47290339037501
-4.376637663766377,-41.46129455790827
-4.375837583758376,-41.449686545958684
-4.3750375037503755,-41.43807935533887
-4.3742374237423745,-41.426472986862414
-4.373437343734373,-41.41486744134389
-4.372637263726372,-41.40326271959887
-4.371837183718371,-41.3916588224439
-4.371037103710371,-41.380055750696535
-4.37023702370237,-41.36845350517525
-4.369436943694369,-41.356852086699604
-4.368636863686369,-41.34525149609008
-4.367836783678368,-41.33365173416814
-4.367036703670367,-41.322052801756314
-4.366236623662366,-41.31045469967804
-4.365436543654365,-41.29885742875782
-4.364636463646365,-41.287260989821114
-4.363836383638364,-41.27566538369438
-4.363036303630363,-41.26407061120509
-4.362236223622363,-41.252476673181725
-4.361436143614362,-41.240883570453704
-4.360636063606361,-41.22929130385154
-4.3598359835983596,-41.21769987420667
-4.3590359035903585,-41.206109282351605
-4.358235823582358,-41.19451952911982
-4.357435743574357,-41.182930615345796
-4.356635663566356,-41.171342541865016
-4.355835583558356,-41.15975530951403
-4.355035503550355,-41.14816891913033
-4.354235423542354,-41.13658337155245
-4.353435343534353,-41.124998667619934
-4.352635263526352,-41.11341480817336
-4.351835183518352,-41.101831794054306
-4.351035103510351,-41.09024962610535
-4.35023502350235,-41.07866830517012
-4.34943494349435,-41.06708783209324
-4.348634863486349,-41.05550820772038
-4.347834783478348,-41.0439294328982
-4.347034703470347,-41.03235150847443
-4.346234623462346,-41.02077443529776
-4.3454345434543455,-41.009198214217996
-4.3446344634463445,-40.997622846085875
-4.3438343834383435,-40.98604833175322
-4.343034303430343,-40.97447467207289
-4.342234223422342,-40.96290186789873
-4.341434143414341,-40.95132992008567
-4.34063406340634,-40.93975882948963
-4.339833983398339,-40.9281885969676
-4.339033903390339,-40.9166192233776
-4.338233823382338,-40.90505070957866
-4.337433743374337,-40.89348305643089
-4.336633663366337,-40.88191626479541
-4.335833583358336,-40.87035033553438
-4.335033503350335,-40.85878526951103
-4.334233423342334,-40.847221067589615
-4.333433343334333,-40.83565773063545
-4.332633263326333,-40.82409525951489
-4.331833183318332,-40.812533655095315
-4.331033103310331,-40.80097291824519
-4.3302330233023305,-40.78941304983404
-4.3294329432943295,-40.77785405073237
-4.3286328632863285,-40.76629592181182
-4.327832783278328,-40.754738663945055
-4.327032703270327,-40.74318227800577
-4.326232623262326,-40.73162676486875
-4.325432543254325,-40.72007212540984
-4.324632463246324,-40.708518360505934
-4.323832383238324,-40.696965471035
-4.323032303230323,-40.685413457876024
-4.322232223222322,-40.67386232190911
-4.321432143214322,-40.66231206401541
-4.320632063206321,-40.650762685077126
-4.31983198319832,-40.63921418597754
-4.319031903190319,-40.627666567601025
-4.318231823182318,-40.616119830832986
-4.317431743174318,-40.604573976559934
-4.316631663166317,-40.59302900566941
-4.315831583158316,-40.581484919050055
-4.3150315031503155,-40.56994171759164
-4.3142314231423144,-40.558399402184904
-4.313431343134313,-40.546857973721735
-4.312631263126312,-40.535317433095095
-4.311831183118311,-40.52377778119901
-4.311031103110311,-40.51223901892861
-4.31023102310231,-40.50070114718009
-4.309430943094309,-40.48916416685072
-4.308630863086309,-40.477628078838904
-4.307830783078308,-40.46609288404406
-4.307030703070307,-40.45455858336677
-4.306230623062306,-40.443025177708655
-4.305430543054305,-40.431492667972456
-4.304630463046305,-40.41996105506201
-4.303830383038304,-40.4084303398822
-4.303030303030303,-40.39690052333906
-4.302230223022303,-40.38537160633972
-4.301430143014302,-40.373843589792344
-4.300630063006301,-40.362316474606274
-4.2998299829982995,-40.35079026169191
-4.2990299029902985,-40.339264951960764
-4.298229822982298,-40.32774054632547
-4.297429742974297,-40.316217045699716
-4.296629662966296,-40.304694450998355
-4.295829582958296,-40.29317276313731
-4.295029502950295,-40.281651983033626
-4.294229422942294,-40.27013211160546
-4.293429342934293,-40.258613149772074
-4.292629262926292,-40.247095098453855
-4.291829182918292,-40.2355779585723
-4.291029102910291,-40.22406173105001
-4.29022902290229,-40.2125464168107
-4.28942894289429,-40.201032016779244
-4.288628862886289,-40.18951853188158
-4.287828782878288,-40.178005963044804
-4.287028702870287,-40.16649431119713
-4.286228622862286,-40.15498357726788
-4.2854285428542855,-40.143473762187526
-4.2846284628462845,-40.13196486688764
-4.2838283828382835,-40.120456892300936
-4.283028302830283,-40.108949839361266
-4.282228222822282,-40.097443709003585
-4.281428142814281,-40.085938502164
-4.28062806280628,-40.074434219779754
-4.279827982798279,-40.06293086278922
-4.279027902790279,-40.051428432131914
-4.278227822782278,-40.039926928748464
-4.277427742774277,-40.028426353580656
-4.276627662766277,-40.01692670757144
-4.275827582758276,-40.005427991664845
-4.275027502750275,-39.993930206806105
-4.274227422742274,-39.98243335394156
-4.273427342734273,-39.970937434018715
-4.272627262726273,-39.95944244798623
-4.271827182718272,-39.94794839679386
-4.271027102710271,-39.93645528139259
-4.2702270227022705,-39.924963102734495
-4.2694269426942695,-39.91347186177282
-4.2686268626862685,-39.901981559461966
-4.267826782678268,-39.89049219675752
-4.267026702670267,-39.87900377461614
-4.266226622662266,-39.86751629399573
-4.265426542654265,-39.85602975585532
-4.264626462646264,-39.844544161155085
-4.263826382638264,-39.83305951085641
-4.263026302630263,-39.82157580592178
-4.262226222622262,-39.81009304731487
-4.261426142614262,-39.79861123600057
-4.260626062606261,-39.78713037294485
-4.25982598259826,-39.77565045911491
-4.259025902590259,-39.764171495479104
-4.258225822582258,-39.752693483006965
-4.257425742574258,-39.74121642266919
-4.256625662566257,-39.72974031543764
-4.255825582558256,-39.71826516228537
-4.2550255025502555,-39.706790964186624
-4.254225422542254,-39.69531772211676
-4.253425342534253,-39.68384543705241
-4.252625262526252,-39.67237410997133
-4.251825182518251,-39.66090374185244
-4.251025102510251,-39.64943433367593
-4.25022502250225,-39.63796588642305
-4.249424942494249,-39.626498401076354
-4.248624862486249,-39.61503187861953
-4.247824782478248,-39.603566320037444
-4.247024702470247,-39.59210172631617
-4.246224622462246,-39.580638098442996
-4.245424542454245,-39.56917543740637
-4.244624462446245,-39.557713744195965
-4.243824382438244,-39.546253019802606
-4.243024302430243,-39.534793265218354
-4.242224222422243,-39.52333448143648
-4.241424142414242,-39.51187666945141
-4.240624062406241,-39.50041983025879
-4.2398239823982395,-39.48896396485551
-4.2390239023902385,-39.477509074239606
-4.238223822382238,-39.466055159410374
-4.237423742374237,-39.45460222136826
-4.236623662366236,-39.44315026111497
-4.235823582358236,-39.4316992796534
-4.235023502350235,-39.42024927798765
-4.234223422342234,-39.408800257123026
-4.233423342334233,-39.397352218066096
-4.232623262326232,-39.3859051618246
-4.231823182318232,-39.37445908940752
-4.231023102310231,-39.36301400182502
-4.23022302230223,-39.351569900088535
-4.22942294229423,-39.34012678521069
-4.228622862286229,-39.32868465820533
-4.227822782278228,-39.317243520087544
-4.227022702270227,-39.30580337187363
-4.226222622262226,-39.29436421458114
-4.2254225422542255,-39.28292604922884
-4.2246224622462245,-39.271488876836685
-4.2238223822382235,-39.26005269842592
-4.223022302230223,-39.24861751501903
-4.222222222222222,-39.23718332763967
-4.221422142214221,-39.22575013731277
-4.22062206220622,-39.214317945064515
-4.219821982198219,-39.20288675192229
-4.219021902190219,-39.19145655891478
-4.218221822182218,-39.180027367071816
-4.217421742174217,-39.16859917742456
-4.216621662166217,-39.157171991005384
-4.215821582158216,-39.1457458088479
-4.215021502150215,-39.13432063198696
-4.214221422142214,-39.12289646145871
-4.213421342134213,-39.11147329830049
-4.212621262126213,-39.10005114355094
-4.211821182118212,-39.0886299982499
-4.211021102110211,-39.077209863438526
-4.2102210221022105,-39.06579074015919
-4.2094209420942095,-39.0543726294555
-4.2086208620862084,-39.042955532372375
-4.207820782078208,-39.031539449955986
-4.207020702070207,-39.020124383253716
-4.206220622062206,-39.008710333314255
-4.205420542054205,-38.99729730118756
-4.204620462046204,-38.985885287924845
-4.203820382038204,-38.97447429457856
-4.203020302030203,-38.96306432220248
-4.202220222022202,-38.951655371851594
-4.201420142014202,-38.94024744458221
-4.200620062006201,-38.92884054145187
-4.1998199819982,-38.91743466351941
-4.199019901990199,-38.90602981184495
-4.198219821982198,-38.89462598748987
-4.197419741974198,-38.88322319151685
-4.196619661966197,-38.871821424989804
-4.195819581958196,-38.86042068897397
-4.1950195019501955,-38.849020984535876
-4.194219421942194,-38.837622312743285
-4.193419341934193,-38.82622467466529
-4.192619261926192,-38.81482807137226
-4.191819181918191,-38.80343250393584
-4.191019101910191,-38.79203797342899
-4.19021902190219,-38.78064448092593
-4.189418941894189,-38.76925202750218
-4.188618861886189,-38.7578606142346
-4.187818781878188,-38.74647024220126
-4.187018701870187,-38.7350809124816
-4.186218621862186,-38.72369262615633
-4.185418541854185,-38.712305384307456
-4.184618461846185,-38.70091918801831
-4.183818381838184,-38.68953403837348
-4.183018301830183,-38.67814993645891
-4.182218221822183,-38.66676688336183
-4.181418141814182,-38.65538488017076
-4.180618061806181,-38.64400392797553
-4.1798179817981795,-38.632624027867315
-4.1790179017901785,-38.62124518093857
-4.178217821782178,-38.60986738828308
-4.177417741774177,-38.59849065099593
-4.176617661766176,-38.5871149701735
-4.175817581758176,-38.57574034691356
-4.175017501750175,-38.56436678231511
-4.174217421742174,-38.55299427747853
-4.173417341734173,-38.5416228335055
-4.172617261726172,-38.530252451499024
-4.171817181718172,-38.51888313256343
-4.171017101710171,-38.50751487780438
-4.17021702170217,-38.49614768832884
-4.16941694169417,-38.48478156524515
-4.168616861686169,-38.473416509662904
-4.167816781678168,-38.462052522693114
-4.167016701670167,-38.45068960544806
-4.166216621662166,-38.4393277590414
-4.1654165416541655,-38.427966984588096
-4.1646164616461645,-38.41660728320446
-4.1638163816381635,-38.40524865600813
-4.163016301630163,-38.39389110411814
-4.162216221622162,-38.38253462865477
-4.161416141614161,-38.371179230739706
-4.16061606160616,-38.359824911495984
-4.159815981598159,-38.34847167204795
-4.159015901590159,-38.33711951352133
-4.158215821582158,-38.32576843704316
-4.157415741574157,-38.314418443741864
-4.156615661566157,-38.30306953474721
-4.155815581558156,-38.29172171119029
-4.155015501550155,-38.28037497420359
-4.154215421542154,-38.26902932492092
-4.153415341534153,-38.25768476447746
-4.152615261526153,-38.24634129400978
-4.151815181518152,-38.23499891465573
-4.151015101510151,-38.223657627554594
-4.1502150215021505,-38.212317433847005
-4.1494149414941495,-38.20097833467493
-4.148614861486148,-38.18964033118173
-4.147814781478148,-38.17830342451212
-4.147014701470147,-38.166967615812204
-4.146214621462146,-38.155632906229414
-4.145414541454145,-38.1442992969126
-4.144614461446144,-38.13296678901196
-4.143814381438144,-38.12163538367906
-4.143014301430143,-38.11030508206687
-4.142214221422142,-38.09897588532971
-4.141414141414142,-38.087647794623294
-4.140614061406141,-38.076320811104694
-4.13981398139814,-38.06499493593238
-4.139013901390139,-38.05367017026623
-4.138213821382138,-38.042346515267454
-4.137413741374138,-38.031023972098694
-4.136613661366137,-38.01970254192394
-4.135813581358136,-38.0083822259086
-4.1350135013501355,-37.99706302521947
-4.134213421342134,-37.985744941024706
-4.133413341334133,-37.97442797449389
-4.132613261326132,-37.963112126797995
-4.131813181318131,-37.951797399109374
-4.131013101310131,-37.9404837926018
-4.13021302130213,-37.92917130845041
-4.129412941294129,-37.91785994783177
-4.128612861286129,-37.90654971192385
-4.127812781278128,-37.89524060190599
-4.127012701270127,-37.883932618958966
-4.126212621262126,-37.87262576426494
-4.125412541254125,-37.86132003900751
-4.124612461246125,-37.850015444371664
-4.123812381238124,-37.83871198154377
-4.123012301230123,-37.82740965171163
-4.122212221222123,-37.816108456064526
-4.121412141214122,-37.804808395793025
-4.120612061206121,-37.79350947208921
-4.1198119811981195,-37.78221168614654
-4.1190119011901185,-37.7709150391599
-4.118211821182118,-37.759619532325615
-4.117411741174117,-37.74832516684137
-4.116611661166116,-37.73703194390635
-4.115811581158116,-37.72573986472113
-4.115011501150115,-37.71444893048767
-4.114211421142114,-37.703159142409426
-4.113411341134113,-37.69187050169124
-4.112611261126112,-37.68058300953942
-4.111811181118112,-37.66929666716166
-4.111011101110111,-37.6580114757671
-4.11021102110211,-37.64672743656633
-4.10941094109411,-37.63544455077138
-4.108610861086109,-37.624162819595675
-4.107810781078108,-37.61288224425412
-4.107010701070107,-37.601602825963056
-4.106210621062106,-37.59032456594025
-4.1054105410541055,-37.57904746540492
-4.1046104610461045,-37.5677715255777
-4.1038103810381035,-37.55649674768072
-4.103010301030103,-37.54522313293754
-4.102210221022102,-37.533950682573106
-4.101410141014101,-37.52267939781391
-4.1006100610061,-37.511409279887836
-4.099809980998099,-37.50014033002424
-4.099009900990099,-37.488872549453944
-4.098209820982098,-37.47760593940916
-4.097409740974097,-37.466340501123646
-4.096609660966097,-37.455076235832564
-4.095809580958096,-37.44381314477254
-4.095009500950095,-37.43255122918167
-4.094209420942094,-37.4212904902995
-4.093409340934093,-37.41003092936707
-4.092609260926093,-37.398772547626855
-4.091809180918092,-37.3875153463228
-4.091009100910091,-37.37625932670032
-4.0902090209020905,-37.36500449000633
-4.0894089408940895,-37.353750837489144
-4.088608860886088,-37.3424983703986
-4.087808780878088,-37.33124708998604
-4.087008700870087,-37.319996997504184
-4.086208620862086,-37.308748094207324
-4.085408540854085,-37.29750038135117
-4.084608460846084,-37.28625386019294
-4.083808380838084,-37.275008531991325
-4.083008300830083,-37.26376439800649
-4.082208220822082,-37.252521459500066
-4.081408140814082,-37.24127971773524
-4.080608060806081,-37.230039173976586
-4.07980798079808,-37.21879982949024
-4.079007900790079,-37.20756168554378
-4.078207820782078,-37.196324743406315
-4.077407740774078,-37.18508900434842
-4.076607660766077,-37.17385446964215
-4.075807580758076,-37.16262114056109
-4.0750075007500755,-37.1513890183803
-4.074207420742074,-37.14015810437632
-4.073407340734073,-37.1289283998272
-4.072607260726072,-37.11769990601251
-4.071807180718071,-37.10647262421331
-4.071007100710071,-37.095246555712166
-4.07020702070207,-37.0840217017931
-4.069406940694069,-37.0727980637417
-4.068606860686069,-37.06157564284506
-4.067806780678068,-37.0503544403917
-4.067006700670067,-37.03913445767176
-4.066206620662066,-37.02791569597681
-4.065406540654065,-37.01669815659997
-4.064606460646065,-37.005481840835884
-4.063806380638064,-36.994266749980646
-4.063006300630063,-36.98305288533193
-4.062206220622063,-36.97184024818892
-4.061406140614062,-36.960628839852276
-4.0606060606060606,-36.949418661624215
-4.0598059805980595,-36.938209714808465
-4.0590059005900585,-36.92700200071029
-4.058205820582058,-36.91579552063645
-4.057405740574057,-36.904590275895245
-4.056605660566056,-36.8933862677965
-4.055805580558056,-36.88218349765159
-4.055005500550055,-36.87098196677336
-4.054205420542054,-36.859781676476246
-4.053405340534053,-36.84858262807619
-4.052605260526052,-36.83738482289066
-4.051805180518052,-36.82618826223871
-4.051005100510051,-36.81499294744083
-4.05020502050205,-36.80379887981913
-4.04940494049405,-36.792606060697246
-4.048604860486049,-36.78141449140031
-4.047804780478048,-36.77022417325505
-4.047004700470047,-36.75903510758971
-4.046204620462046,-36.74784729573407
-4.0454045404540455,-36.73666073901949
-4.0446044604460445,-36.725475438778815
-4.0438043804380435,-36.71429139634648
-4.043004300430043,-36.703108613058504
-4.042204220422042,-36.69192709025236
-4.041404140414041,-36.68074682926716
-4.04060406040604,-36.669567831443516
-4.039803980398039,-36.65839009812363
-4.039003900390039,-36.64721363065125
-4.038203820382038,-36.636038430371656
-4.037403740374037,-36.62486449863171
-4.036603660366037,-36.613691836779836
-4.035803580358036,-36.602520446166
-4.035003500350035,-36.59135032814173
-4.034203420342034,-36.58018148406015
-4.033403340334033,-36.56901391527592
-4.032603260326033,-36.557847623145264
-4.031803180318032,-36.54668260902599
-4.031003100310031,-36.53551887427745
-4.0302030203020305,-36.5243564202606
-4.0294029402940295,-36.51319524833793
-4.028602860286028,-36.502035359873524
-4.027802780278027,-36.49087675623304
-4.027002700270027,-36.47971943878371
-4.026202620262026,-36.46856340889432
-4.025402540254025,-36.45740866793526
-4.024602460246024,-36.44625521727849
-4.023802380238024,-36.435103058297564
-4.023002300230023,-36.423952192367565
-4.022202220222022,-36.41280262086522
-4.021402140214022,-36.401654345168836
-4.020602060206021,-36.390507366658234
-4.01980198019802,-36.3793616867149
-4.019001900190019,-36.368217306721874
-4.018201820182018,-36.35707422806378
-4.017401740174018,-36.34593245212686
-4.016601660166017,-36.3347919802989
-4.015801580158016,-36.323652813969325
-4.0150015001500154,-36.31251495452914
-4.014201420142014,-36.30137840337091
-4.013401340134013,-36.29024316188884
-4.012601260126012,-36.279109231478714
-4.011801180118011,-36.26797661353792
-4.011001100110011,-36.256845309465454
-4.01020102010201,-36.24571532066188
-4.009400940094009,-36.23458664852939
-4.008600860086009,-36.22345929447178
-4.007800780078008,-36.21233325989444
-4.007000700070007,-36.20120854620438
-4.006200620062006,-36.19008515481019
-4.005400540054005,-36.1789630871221
-4.004600460046005,-36.167842344551936
-4.003800380038004,-36.15672292851312
-4.003000300030003,-36.14560484042071
-4.002200220022003,-36.13448808169138
-4.001400140014002,-36.12337265374336
-4.0006000600060005,-36.112258557996576
-3.9997999799979995,-36.10154583587653
-3.998999899989999,-36.092034568814334
-3.998199819981998,-36.08252463822273
-3.9973997399739973,-36.07301604552809
-3.9965996599659968,-36.063508792158395
-3.9957995799579957,-36.05400287954324
-3.994999499949995,-36.04449830911386
-3.994199419941994,-36.03499508230312
-3.9933993399339935,-36.02549320054548
-3.9925992599259925,-36.015992665277054
-3.991799179917992,-36.00649347793559
-3.990999099909991,-35.996995639960424
-3.9901990199019903,-35.98749915279258
-3.9893989398939893,-35.97800401787465
-3.9885988598859887,-35.968510236650935
-3.9877987798779877,-35.95901781056729
-3.986998699869987,-35.94952674107127
-3.986198619861986,-35.94003702961201
-3.9853985398539855,-35.93054867764033
-3.9845984598459845,-35.921061686608674
-3.983798379837984,-35.91157605797111
-3.982998299829983,-35.90209179318335
-3.9821982198219823,-35.89260889370277
-3.9813981398139813,-35.88312736098837
-3.9805980598059807,-35.8736471965008
-3.9797979797979797,-35.864168401702344
-3.978997899789979,-35.854690978056944
-3.978197819781978,-35.845214927030185
-3.9773977397739775,-35.83574025008932
-3.9765976597659765,-35.826266948703214
-3.975797579757976,-35.81679502434241
-3.974997499749975,-35.80732447847908
-3.9741974197419743,-35.79785531258709
-3.9733973397339732,-35.78838752814191
-3.9725972597259727,-35.77892112662071
-3.9717971797179716,-35.769456109502265
-3.970997099709971,-35.759992478267066
-3.97019701970197,-35.75053023439721
-3.9693969396939695,-35.74106937937648
-3.9685968596859684,-35.731609914690324
-3.967796779677968,-35.72215184182585
-3.966996699669967,-35.712695162271785
-3.9661966196619662,-35.703239877518584
-3.965396539653965,-35.69378598905834
-3.9645964596459646,-35.684333498384795
-3.9637963796379636,-35.67488240699337
-3.962996299629963,-35.66543271638116
-3.962196219621962,-35.65598442804693
-3.9613961396139614,-35.6465375434911
-3.9605960596059604,-35.63709206421577
-3.95979597959796,-35.62764799172471
-3.958995899589959,-35.618205327523356
-3.958195819581958,-35.60876407311884
-3.957395739573957,-35.59932423001994
-3.9565956595659566,-35.58988579973713
-3.9557955795579556,-35.58044878378255
-3.954995499549955,-35.57101318367002
-3.954195419541954,-35.56157900091504
-3.9533953395339534,-35.552146237034805
-3.9525952595259524,-35.54271489354814
-3.951795179517952,-35.533284971975625
-3.9509950995099508,-35.52385647383946
-3.95019501950195,-35.51442940066356
-3.949394939493949,-35.50500375397352
-3.9485948594859486,-35.49557953529661
-3.9477947794779475,-35.48615674616181
-3.946994699469947,-35.47673538809975
-3.946194619461946,-35.46731546264278
-3.9453945394539454,-35.457896971324935
-3.9445944594459443,-35.44847991568193
-3.9437943794379438,-35.439064297251164
-3.9429942994299427,-35.429650117571754
-3.942194219421942,-35.420237378184495
-3.941394139413941,-35.410826080631864
-3.9405940594059405,-35.40141622645806
-3.9397939793979395,-35.392007817208956
-3.938993899389939,-35.38260085443213
-3.938193819381938,-35.37319533967684
-3.9373937393739373,-35.363791274494076
-3.9365936593659367,-35.35438866043653
-3.9357935793579357,-35.34498749905852
-3.934993499349935,-35.335587791916154
-3.934193419341934,-35.32618954056721
-3.9333933393339335,-35.31679274657115
-3.9325932593259325,-35.30739741148917
-3.931793179317932,-35.298003536884146
-3.930993099309931,-35.28861112432067
-3.9301930193019303,-35.27922017536505
-3.9293929392939293,-35.26983069158526
-3.9285928592859287,-35.26044267455106
-3.9277927792779277,-35.251056125833834
-3.926992699269927,-35.24167104700674
-3.926192619261926,-35.232287439644594
-3.9253925392539255,-35.22290530532398
-3.9245924592459245,-35.213524645623124
-3.923792379237924,-35.20414546212204
-3.922992299229923,-35.1947677564024
-3.9221922192219223,-35.18539153004762
-3.9213921392139213,-35.17601678464281
-3.9205920592059207,-35.16664352177483
-3.9197919791979197,-35.157271743032204
-3.918991899189919,-35.147901450005236
-3.918191819181918,-35.1385326442859
-3.9173917391739175,-35.12916532746791
-3.9165916591659165,-35.11979950114669
-3.915791579157916,-35.1104351669194
-3.914991499149915,-35.10107232638491
-3.9141914191419143,-35.091710981143834
-3.9133913391339132,-35.08235113279845
-3.9125912591259127,-35.07299278295284
-3.9117911791179116,-35.06363593321274
-3.910991099109911,-35.054280585185666
-3.91019101910191,-35.04492674048081
-3.9093909390939094,-35.035574400709145
-3.9085908590859084,-35.02622356748333
-3.907790779077908,-35.01687424241776
-3.906990699069907,-35.00752642712857
-3.9061906190619062,-34.99818012323362
-3.905390539053905,-34.98883533235249
-3.9045904590459046,-34.979492056106515
-3.9037903790379036,-34.97015029611873
-3.902990299029903,-34.96081005401394
-3.902190219021902,-34.95147133141864
-3.9013901390139014,-34.942134129961076
-3.9005900590059004,-34.93279845127126
-3.8997899789979,-34.923464296980896
-3.898989898989899,-34.91413166872343
-3.898189818981898,-34.90480056813406
-3.897389738973897,-34.89547099684972
-3.8965896589658966,-34.88614295650906
-3.8957895789578956,-34.8768164487525
-3.894989498949895,-34.86749147522218
-3.894189418941894,-34.85816803756197
-3.8933893389338934,-34.848846137417496
-3.8925892589258924,-34.83952577643612
-3.891789178917892,-34.83020695626694
-3.8909890989098908,-34.8208896785608
-3.89018901890189,-34.811573944970306
-3.889388938893889,-34.80225975714978
-3.8885888588858886,-34.79294711675527
-3.8877887788778875,-34.78363602544461
-3.886988698869887,-34.774326484877356
-3.886188618861886,-34.765018496714816
-3.8853885388538854,-34.75571206262005
-3.8845884588458843,-34.74640718425783
-3.8837883788378837,-34.73710386329475
-3.8829882988298827,-34.727802101399035
-3.882188218821882,-34.718501900240774
-3.881388138813881,-34.70920326149173
-3.8805880588058805,-34.69990618682545
-3.8797879787978795,-34.6906106779172
-3.878987898789879,-34.681316736444046
-3.878187818781878,-34.672024364084734
-3.8773877387738773,-34.66273356251983
-3.8765876587658763,-34.6534443334316
-3.8757875787578757,-34.64415667850409
-3.874987498749875,-34.634870599423095
-3.874187418741874,-34.62558609787614
-3.8733873387338735,-34.616303175552524
-3.8725872587258725,-34.607021834143296
-3.871787178717872,-34.597742075341266
-3.870987098709871,-34.58846390084098
-3.8701870187018703,-34.579187312338746
-3.8693869386938693,-34.56991231153263
-3.8685868586858687,-34.560638900122456
-3.8677867786778677,-34.551367079809786
-3.866986698669867,-34.542096852297966
-3.866186618661866,-34.53282821929208
-3.8653865386538655,-34.52356118249897
-3.8645864586458645,-34.51429574362724
-3.863786378637864,-34.50503190438724
-3.862986298629863,-34.495769666491086
-3.8621862186218623,-34.48650903165268
-3.8613861386138613,-34.47725000158762
-3.8605860586058607,-34.46799257801332
-3.8597859785978597,-34.45873676264892
-3.858985898589859,-34.44948255721534
-3.858185818581858,-34.440229963435236
-3.8573857385738575,-34.43097898303305
-3.8565856585658564,-34.421729617734975
-3.855785578557856,-34.41248186926896
-3.854985498549855,-34.4032357393647
-3.8541854185418543,-34.39399122975369
-3.8533853385338532,-34.384748342169146
-3.8525852585258527,-34.37550707834608
-3.8517851785178516,-34.36626744002125
-3.850985098509851,-34.35702942893316
-3.85018501850185,-34.347793046822105
-3.8493849384938494,-34.338558295430126
-3.8485848584858484,-34.32932517650102
-3.847784778477848,-34.32009369178037
-3.846984698469847,-34.31086384301551
-3.8461846184618462,-34.301635631955534
-3.845384538453845,-34.29240906035128
-3.8445844584458446,-34.28318412995541
-3.8437843784378436,-34.27396084252228
-3.842984298429843,-34.264739199808055
-3.842184218421842,-34.25551920357063
-3.8413841384138414,-34.246300855569714
-3.8405840584058404,-34.237084157566734
-3.83978397839784,-34.22786911132491
-3.838983898389839,-34.218655718609185
-3.838183818381838,-34.209443981186325
-3.837383738373837,-34.20023390082481
-3.8365836583658366,-34.19102547929492
-3.8357835783578356,-34.18181871836869
-3.834983498349835,-34.1726136198199
-3.834183418341834,-34.16341018542411
-3.8333833383338334,-34.15420841695867
-3.8325832583258324,-34.145008316202635
-3.8317831783178318,-34.13580988493689
-3.8309830983098307,-34.12661312494404
-3.83018301830183,-34.11741803800848
-3.829382938293829,-34.10822462591635
-3.8285828582858286,-34.099032890455575
-3.8277827782778275,-34.08984283341583
-3.826982698269827,-34.08065445658856
-3.826182618261826,-34.07146776176698
-3.8253825382538253,-34.062282750746064
-3.8245824582458243,-34.05309942532256
-3.8237823782378237,-34.043917787294966
-3.8229822982298227,-34.03473783846354
-3.822182218221822,-34.02555958063035
-3.821382138213821,-34.01638301559915
-3.8205820582058205,-34.00720814517555
-3.8197819781978195,-33.99803497116684
-3.818981898189819,-33.98886349538214
-3.818181818181818,-33.97969371963229
-3.8173817381738173,-33.97052564572992
-3.8165816581658163,-33.9613592754894
-3.8157815781578157,-33.952194610726906
-3.814981498149815,-33.94303165326032
-3.814181418141814,-33.933870404909335
-3.8133813381338135,-33.924710867495385
-3.8125812581258125,-33.91555304284167
-3.811781178117812,-33.90639693277315
-3.810981098109811,-33.897242539116554
-3.8101810181018103,-33.88808986370038
-3.8093809380938093,-33.87893890835486
-3.8085808580858087,-33.86978967491202
-3.8077807780778077,-33.86064216520563
-3.806980698069807,-33.851496381071236
-3.806180618061806,-33.842352324346116
-3.8053805380538055,-33.83320999686934
-3.8045804580458045,-33.82406940048173
-3.803780378037804,-33.81493053702586
-3.802980298029803,-33.80579340834606
-3.8021802180218023,-33.79665801628843
-3.8013801380138013,-33.78752436270084
-3.8005800580058007,-33.7783924494329
-3.7997799779977997,-33.76926227833597
-3.798979897989799,-33.7601338512632
-3.798179817981798,-33.751007170069464
-3.7973797379737975,-33.74188223661143
-3.7965796579657964,-33.73275905274749
-3.795779577957796,-33.72363762033781
-3.794979497949795,-33.714517941244296
-3.7941794179417943,-33.70540001733064
-3.7933793379337932,-33.69628385046226
-3.7925792579257926,-33.68716944250633
-3.7917791779177916,-33.67805679533181
-3.790979097909791,-33.668945910809384
-3.79017901790179,-33.65983679081148
-3.7893789378937894,-33.65072943721233
-3.7885788578857884,-33.64162385188784
-3.787778777877788,-33.63252003671576
-3.786978697869787,-33.62341799357551
-3.786178617861786,-33.61431772434832
-3.785378537853785,-33.60521923091712
-3.7845784578457846,-33.59612251516664
-3.7837783778377836,-33.58702757898332
-3.782978297829783,-33.57793442425537
-3.782178217821782,-33.56884305287273
-3.7813781378137814,-33.559753466727116
-3.7805780578057804,-33.55066566771197
-3.77977797779778,-33.54157965772247
-3.7789778977897788,-33.53249543865557
-3.778177817781778,-33.52341301240995
-3.777377737773777,-33.51433238088603
-3.7765776577657766,-33.50525354598599
-3.7757775777577756,-33.496176509613726
-3.774977497749775,-33.487101273674924
-3.774177417741774,-33.47802784007696
-3.7733773377337734,-33.46895621072897
-3.7725772577257723,-33.45988638754184
-3.7717771777177718,-33.4508183724282
-3.7709770977097707,-33.44175216730238
-3.77017701770177,-33.432687774080506
-3.769376937693769,-33.42362519468039
-3.7685768576857686,-33.4145644310216
-3.7677767776777675,-33.405505485025444
-3.766976697669767,-33.396448358614975
-3.766176617661766,-33.38739305371493
-3.7653765376537653,-33.378339572251846
-3.7645764576457643,-33.36928791615395
-3.7637763776377637,-33.36023808735123
-3.7629762976297627,-33.35119008777534
-3.762176217621762,-33.342143919359756
-3.761376137613761,-33.333099584039616
-3.7605760576057605,-33.32405708375181
-3.7597759775977595,-33.31501642043495
-3.758975897589759,-33.30597759602937
-3.758175817581758,-33.296940612477144
-3.7573757375737573,-33.287905471722055
-3.7565756575657563,-33.27887217570961
-3.7557755775577557,-33.26984072638706
-3.7549754975497547,-33.26081112570334
-3.754175417541754,-33.25178337560915
-3.7533753375337535,-33.242757478056845
-3.7525752575257525,-33.23373343500057
-3.751775177517752,-33.22471124839615
-3.750975097509751,-33.21569092020112
-3.7501750175017503,-33.20667245237476
-3.7493749374937493,-33.197655846878014
-3.7485748574857487,-33.188641105673604
-3.7477747774777477,-33.179628230725896
-3.746974697469747,-33.170617224001035
-3.746174617461746,-33.16160808746681
-3.7453745374537455,-33.15260082309277
-3.7445744574457445,-33.143595432850134
-3.743774377437744,-33.13459191871185
-3.742974297429743,-33.12559028265257
-3.7421742174217423,-33.116590526648636
-3.7413741374137413,-33.10759265267809
-3.7405740574057407,-33.09859666272071
-3.7397739773977396,-33.08960255875793
-3.738973897389739,-33.0806103427729
-3.738173817381738,-33.07162001675049
-3.7373737373737375,-33.06263158267721
-3.7365736573657364,-33.05364504254133
-3.735773577357736,-33.044660398332795
-3.734973497349735,-33.03567765204319
-3.7341734173417342,-33.026696805665864
-3.733373337333733,-33.01771786119582
-3.7325732573257326,-33.00874082062974
-3.7317731773177316,-32.99976568596601
-3.730973097309731,-32.990792459204705
-3.73017301730173,-32.98182114234757
-3.7293729372937294,-32.972851737398045
-3.7285728572857284,-32.96388424636124
-3.727772777277728,-32.95491867124395
-3.726972697269727,-32.94595501405466
-3.726172617261726,-32.936993276803506
-3.725372537253725,-32.92803346150232
-3.7245724572457246,-32.9190755701646
-3.7237723772377236,-32.91011960480552
-3.722972297229723,-32.901165567441936
-3.722172217221722,-32.892213460092336
-3.7213721372137214,-32.88326328477693
-3.7205720572057204,-32.87431504351753
-3.71977197719772,-32.86536873833768
-3.7189718971897188,-32.856424371262534
-3.718171817181718,-32.84748194431894
-3.717371737173717,-32.83854145953539
-3.7165716571657166,-32.82960291894204
-3.7157715771577156,-32.820666324570695
-3.714971497149715,-32.81173167845482
-3.714171417141714,-32.80279898262954
-3.7133713371337134,-32.79386823913163
-3.7125712571257123,-32.7849394499995
-3.7117711771177118,-32.77601261727324
-3.7109710971097107,-32.76708774299452
-3.71017101710171,-32.75816482920675
-3.709370937093709,-32.749243877954896
-3.7085708570857085,-32.74032489128562
-3.7077707770777075,-32.7314078712472
-3.706970697069707,-32.722492819889546
-3.706170617061706,-32.71357973926423
-3.7053705370537053,-32.70466863142443
-3.7045704570457043,-32.69575949842498
-3.7037703770377037,-32.68685234232232
-3.7029702970297027,-32.67794716517453
-3.702170217021702,-32.66904396904131
-3.701370137013701,-32.66014275598401
-3.7005700570057005,-32.651243528065564
-3.6997699769976995,-32.64234628735055
-3.698969896989699,-32.63345103590517
-3.698169816981698,-32.624557775797214
-3.6973697369736973,-32.615666509096116
-3.6965696569656963,-32.6067772378729
-3.6957695769576957,-32.59788996420022
-3.6949694969496947,-32.58900469015233
-3.694169416941694,-32.58012141780509
-3.6933693369336935,-32.57124014923596
-3.6925692569256925,-32.562360886524004
-3.691769176917692,-32.55348363174991
-3.690969096909691,-32.544608386995904
-3.6901690169016903,-32.53573515434588
-3.6893689368936893,-32.526863935885274
-3.6885688568856887,-32.517994733701144
-3.6877687768776877,-32.50912754988211
-3.686968696869687,-32.500262386518415
-3.686168616861686,-32.49139924570184
-3.6853685368536855,-32.48253812952579
-3.6845684568456845,-32.47367904008524
-3.683768376837684,-32.464821979476724
-3.682968296829683,-32.45596694979837
-3.6821682168216823,-32.447113953149895
-3.6813681368136812,-32.43826299163253
-3.6805680568056807,-32.42941406734914
-3.6797679767976796,-32.42056718240413
-3.678967896789679,-32.41172233890346
-3.678167816781678,-32.40287953895465
-3.6773677367736775,-32.39403878466682
-3.6765676567656764,-32.38520007815059
-3.675767576757676,-32.37636342151817
-3.674967496749675,-32.367528816883315
-3.6741674167416742,-32.358696266361335
-3.673367336733673,-32.349865772069066
-3.6725672567256726,-32.34103733612492
-3.6717671767176716,-32.33221096064882
-3.670967096709671,-32.32338664776225
-3.67016701670167,-32.31456439958822
-3.6693669366936694,-32.30574421825129
-3.6685668566856684,-32.29692610587753
-3.667766776677668,-32.288110064594555
-3.666966696669667,-32.2792960965315
-3.666166616661666,-32.27048420381904
-3.665366536653665,-32.26167438858934
-3.6645664566456646,-32.252866652976095
-3.6637663766376636,-32.24406099911456
-3.662966296629663,-32.23525742914143
-3.662166216621662,-32.226455945194964
-3.6613661366136614,-32.217656549414905
-3.6605660566056604,-32.20885924394252
-3.65976597659766,-32.20006403092056
-3.6589658965896588,-32.19127091249328
-3.658165816581658,-32.18247989080645
-3.657365736573657,-32.17369096800729
-3.6565656565656566,-32.164904146244574
-3.6557655765576555,-32.15611942766851
-3.654965496549655,-32.147336814430815
-3.654165416541654,-32.138556308684684
-3.6533653365336534,-32.129777912584814
-3.6525652565256523,-32.12100162828734
-3.6517651765176518,-32.112227457949885
-3.6509650965096507,-32.10345540373156
-3.65016501650165,-32.09468546779293
-3.649364936493649,-32.08591765229602
-3.6485648564856485,-32.07715195940433
-3.6477647764776475,-32.06838839128281
-3.646964696469647,-32.05962695009787
-3.646164616461646,-32.050867638017365
-3.6453645364536453,-32.04211045721061
-3.6445644564456443,-32.03335540984837
-3.6437643764376437,-32.02460249810284
-3.6429642964296427,-32.01585172414765
-3.642164216421642,-32.007103090157905
-3.641364136413641,-31.998356598310103
-3.6405640564056405,-31.989612250782177
-3.6397639763976395,-31.980870049753506
-3.638963896389639,-31.972129997404895
-3.638163816381638,-31.963392095918557
-3.6373637363736373,-31.95465634747812
-3.6365636563656363,-31.945922754268636
-3.6357635763576357,-31.93719131847657
-3.6349634963496347,-31.928462042289787
-3.634163416341634,-31.91973492789757
-3.633363336333633,-31.91100997749058
-3.6325632563256325,-31.90228719326089
-3.631763176317632,-31.893566577401973
-3.630963096309631,-31.884848132108694
-3.6301630163016303,-31.87613185957729
-3.6293629362936293,-31.86741776200538
-3.6285628562856287,-31.85870584159201
-3.6277627762776277,-31.84999610053753
-3.626962696269627,-31.84128854104373
-3.626162616261626,-31.83258316531372
-3.6253625362536255,-31.823879975552018
-3.6245624562456245,-31.81517897396448
-3.623762376237624,-31.806480162758323
-3.622962296229623,-31.797783544142128
-3.6221622162216223,-31.789089120325833
-3.6213621362136212,-31.780396893520706
-3.6205620562056207,-31.771706865939375
-3.6197619761976196,-31.763019039795807
-3.618961896189619,-31.754333417305308
-3.618161816181618,-31.7456500006845
-3.6173617361736174,-31.736968792151366
-3.6165616561656164,-31.728289793925196
-3.615761576157616,-31.71961300822661
-3.614961496149615,-31.71093843727753
-3.6141614161416142,-31.702266083301218
-3.613361336133613,-31.693595948522233
-3.6125612561256126,-31.684928035166454
-3.6117611761176116,-31.676262345461033
-3.610961096109611,-31.66759888163447
-3.61016101610161,-31.658937645916502
-3.6093609360936094,-31.650278640538218
-3.6085608560856084,-31.64162186773195
-3.607760776077608,-31.632967329731336
-3.606960696069607,-31.624315028771278
-3.606160616061606,-31.615664967087987
-3.605360536053605,-31.60701714691889
-3.6045604560456046,-31.598371570502746
-3.6037603760376036,-31.589728240079523
-3.602960296029603,-31.581087157890494
-3.602160216021602,-31.57244832617815
-3.6013601360136014,-31.56381174718626
-3.6005600560056004,-31.555177423159822
-3.5997599759976,-31.5465453563451
-3.5989598959895988,-31.537915548989556
-3.598159815981598,-31.52928800334194
-3.597359735973597,-31.52066272165218
-3.5965596559655966,-31.512039706171493
-3.5957595759575955,-31.503418959152242
-3.594959495949595,-31.49480048284807
-3.594159415941594,-31.486184279513804
-3.5933593359335934,-31.477570351405486
-3.5925592559255923,-31.468958700780366
-3.5917591759175918,-31.460349329896896
-3.5909590959095907,-31.45174224101472
-3.59015901590159,-31.443137436394668
-3.589358935893589,-31.434534918298766
-3.5885588558855885,-31.425934688990225
-3.5877587758775875,-31.417336750733416
-3.586958695869587,-31.408741105793922
-3.586158615861586,-31.400147756438447
-3.5853585358535853,-31.391556704934906
-3.5845584558455843,-31.38296795355234
-3.5837583758375837,-31.374381504560958
-3.5829582958295827,-31.36579736023213
-3.582158215821582,-31.357215522838345
-3.581358135813581,-31.34863599465327
-3.5805580558055805,-31.34005877795169
-3.5797579757975795,-31.33148387500952
-3.578957895789579,-31.322911288103803
-3.578157815781578,-31.31434101951272
-3.5773577357735773,-31.305773071515567
-3.5765576557655763,-31.29720744639272
-3.5757575757575757,-31.288644146425717
-3.5749574957495747,-31.28008317389716
-3.574157415741574,-31.27152453109078
-3.573357335733573,-31.26296822029137
-3.5725572557255725,-31.25441424378485
-3.571757175717572,-31.245862603858196
-3.570957095709571,-31.23731330279947
-3.5701570157015703,-31.228766342897828
-3.5693569356935693,-31.220221726443462
-3.5685568556855687,-31.211679455727662
-3.5677567756775677,-31.203139533042755
-3.566956695669567,-31.19460196068215
-3.566156615661566,-31.18606674094027
-3.5653565356535655,-31.17753387611262
-3.5645564556455644,-31.169003368495723
-3.563756375637564,-31.160475220387134
-3.562956295629563,-31.15194943408546
-3.5621562156215623,-31.143426011890313
-3.5613561356135612,-31.134904956102314
-3.5605560556055607,-31.12638626902315
-3.5597559755975596,-31.117869952955466
-3.558955895589559,-31.109356010202934
-3.558155815581558,-31.10084444307021
-3.5573557355735574,-31.09233525386296
-3.5565556555655564,-31.083828444887835
-3.555755575557556,-31.075324018452456
-3.554955495549555,-31.066821976865448
-3.5541554155415542,-31.05832232243639
-3.553355335533553,-31.049825057475825
-3.5525552555255526,-31.04133018429527
-3.5517551755175516,-31.032837705207193
-3.550955095509551,-31.024347622525006
-3.55015501550155,-31.015859938563075
-3.5493549354935494,-31.00737465563672
-3.5485548554855484,-30.998891776062173
-3.547754775477548,-30.990411302156602
-3.546954695469547,-30.981933236238103
-3.546154615461546,-30.973457580625684
-3.545354535453545,-30.964984337639276
-3.5445544554455446,-30.95651350959971
-3.5437543754375436,-30.948045098828707
-3.542954295429543,-30.93957910764892
-3.542154215421542,-30.931115538383843
-3.5413541354135414,-30.922654393357902
-3.5405540554055404,-30.914195674896373
-3.5397539753975398,-30.905739385325404
-3.5389538953895388,-30.897285526972027
-3.538153815381538,-30.888834102164132
-3.537353735373537,-30.880385113230453
-3.5365536553655366,-30.871938562500596
-3.5357535753575355,-30.863494452304977
-3.534953495349535,-30.855052784974895
-3.534153415341534,-30.846613562842432
-3.5333533353335334,-30.838176788240553
-3.5325532553255323,-30.829742463502996
-3.5317531753175317,-30.821310590964337
-3.5309530953095307,-30.812881172959955
-3.53015301530153,-30.804454211826037
-3.529352935293529,-30.796029709899564
-3.5285528552855285,-30.7876076695183
-3.5277527752775275,-30.77918809302082
-3.526952695269527,-30.77077098274645
-3.526152615261526,-30.762356341035307
-3.5253525352535253,-30.75394417022826
-3.5245524552455243,-30.745534472666947
-3.5237523752375237,-30.737127250693774
-3.5229522952295227,-30.72872250665187
-3.522152215221522,-30.72032024288513
-3.521352135213521,-30.711920461738163
-3.5205520552055205,-30.703523165556327
-3.5197519751975195,-30.69512835668571
-3.518951895189519,-30.686736037473086
-3.518151815181518,-30.678346210265957
-3.5173517351735173,-30.66995887741255
-3.5165516551655163,-30.661574041261765
-3.5157515751575157,-30.653191704163206
-3.5149514951495147,-30.644811868467144
-3.514151415141514,-30.63643453652457
-3.513351335133513,-30.628059710687104
-3.5125512551255125,-30.619687393307068
-3.511751175117512,-30.61131758673742
-3.510951095109511,-30.602950293331784
-3.5101510151015103,-30.59458551544443
-3.5093509350935093,-30.58622325543027
-3.5085508550855087,-30.57786351564485
-3.5077507750775077,-30.569506298444335
-3.506950695069507,-30.56115160618553
-3.506150615061506,-30.552799441225833
-3.5053505350535055,-30.54444980592328
-3.5045504550455044,-30.53610270263646
-3.503750375037504,-30.527758133724618
-3.502950295029503,-30.51941610154754
-3.5021502150215023,-30.511076608465615
-3.5013501350135012,-30.502739656839797
-3.5005500550055006,-30.49440524903162
-3.4997499749974996,-30.486073387403167
-3.498949894989499,-30.477744074317087
-3.498149814981498,-30.46941731213657
-3.4973497349734974,-30.461093103225345
-3.4965496549654964,-30.452771449947683
-3.495749574957496,-30.444452354668375
-3.494949494949495,-30.436135819752728
-3.4941494149414942,-30.42782184756659
-3.493349334933493,-30.41951044047628
-3.4925492549254926,-30.411201600848635
-3.4917491749174916,-30.40289533105098
-3.490949094909491,-30.394591633451135
-3.49014901490149,-30.386290510417382
-3.4893489348934894,-30.3779919643185
-3.4885488548854884,-30.3696959975237
-3.487748774877488,-30.36140261240268
-3.4869486948694868,-30.353111811325572
-3.486148614861486,-30.344823596662955
-3.485348534853485,-30.336537970785844
-3.4845484548454846,-30.328254936065694
-3.4837483748374836,-30.319974494874362
-3.482948294829483,-30.311696649584135
-3.482148214821482,-30.303421402567697
-3.4813481348134814,-30.29514875619815
-3.4805480548054804,-30.286878712848967
-3.4797479747974798,-30.278611274894022
-3.4789478947894787,-30.270346444707563
-3.478147814781478,-30.262084224664214
-3.477347734773477,-30.253824617138953
-3.4765476547654766,-30.245567624507117
-3.4757475747574755,-30.237313249144396
-3.474947494749475,-30.229061493426833
-3.474147414741474,-30.220812359730783
-3.4733473347334733,-30.212565850432938
-3.4725472547254723,-30.204321967910317
-3.4717471747174717,-30.196080714540233
-3.4709470947094707,-30.187842092700315
-3.47014701470147,-30.17960610476851
-3.469346934693469,-30.171372753123002
-3.4685468546854685,-30.16314204014232
-3.4677467746774675,-30.15491396820521
-3.466946694669467,-30.14668853969073
-3.466146614661466,-30.138465756978157
-3.4653465346534653,-30.13024562244706
-3.4645464546454643,-30.12202813847722
-3.4637463746374637,-30.11381330744868
-3.4629462946294627,-30.105601131741683
-3.462146214621462,-30.09739161373672
-3.461346134613461,-30.089184755814465
-3.4605460546054605,-30.08098056035584
-3.4597459745974595,-30.07277902974192
-3.458945894589459,-30.064580166354002
-3.458145814581458,-30.05638397257355
-3.4573457345734573,-30.048190450782204
-3.4565456545654563,-30.039999603361768
-3.4557455745574557,-30.031811432694212
-3.4549454945494547,-30.023625941161647
-3.454145414541454,-30.01544313114634
-3.453345334533453,-30.007263005030687
-3.4525452545254525,-29.999085565197195
-3.4517451745174514,-29.99091081402851
-3.450945094509451,-29.98273875390739
-3.4501450145014503,-29.974569387216683
-3.4493449344934493,-29.966402716339324
-3.4485448544854487,-29.958238743658367
-3.4477447744774476,-29.950077471556906
-3.446944694469447,-29.94191890241815
-3.446144614461446,-29.933763038625322
-3.4453445344534455,-29.925609882561734
-3.4445444544454444,-29.917459436610727
-3.443744374437444,-29.909311703155698
-3.442944294429443,-29.901166684580044
-3.4421442144214422,-29.893024383267218
-3.4413441344134412,-29.884884801600656
-3.4405440544054406,-29.876747941963824
-3.4397439743974396,-29.86861380674017
-3.438943894389439,-29.860482398313152
-3.438143814381438,-29.85235371906616
-3.4373437343734374,-29.844227771382613
-3.4365436543654364,-29.836104557645854
-3.435743574357436,-29.827984080239204
-3.434943494349435,-29.819866341545925
-3.434143414341434,-29.81175134394922
-3.433343334333433,-29.803639089832195
-3.4325432543254326,-29.795529581577938
-3.4317431743174316,-29.78742282156938
-3.430943094309431,-29.779318812189416
-3.43014301430143,-29.771217555820797
-3.4293429342934294,-29.763119054846186
-3.4285428542854284,-29.755023311648113
-3.427742774277428,-29.746930328608986
-3.4269426942694268,-29.73884010811107
-3.426142614261426,-29.730752652536502
-3.425342534253425,-29.722667964267227
-3.4245424542454246,-29.71458604568506
-3.4237423742374236,-29.70650689917163
-3.422942294229423,-29.6984305271084
-3.422142214221422,-29.690356931876618
-3.4213421342134214,-29.68228611585735
-3.4205420542054203,-29.67421808143147
-3.4197419741974198,-29.666152830979613
-3.4189418941894187,-29.658090366882195
-3.418141814181418,-29.650030691519405
-3.417341734173417,-29.641973807271192
-3.4165416541654166,-29.633919716517248
-3.4157415741574155,-29.625868421637012
-3.414941494149415,-29.617819925009655
-3.414141414141414,-29.609774229014064
-3.4133413341334133,-29.601731336028855
-3.4125412541254123,-29.59369124843233
-3.4117411741174117,-29.585653968602514
-3.4109410941094107,-29.577619498917088
-3.41014101410141,-29.569587841753446
-3.409340934093409,-29.561558999488625
-3.4085408540854085,-29.55353297449934
-3.4077407740774075,-29.545509769161946
-3.406940694069407,-29.53748938585245
-3.406140614061406,-29.529471826946494
-3.4053405340534053,-29.521457094819347
-3.4045404540454043,-29.51344519184588
-3.4037403740374037,-29.505436120400585
-3.4029402940294027,-29.497429882857546
-3.402140214021402,-29.489426481590453
-3.401340134013401,-29.48142591897254
-3.4005400540054005,-29.473428197376656
-3.3997399739973995,-29.465433319175176
-3.398939893989399,-29.45744128674005
-3.398139813981398,-29.44945210244276
-3.3973397339733973,-29.44146576865433
-3.3965396539653963,-29.433482287745303
-3.3957395739573957,-29.42550166208574
-3.3949394939493946,-29.417523894045214
-3.394139413941394,-29.4095489859928
-3.393339333933393,-29.401576940297026
-3.3925392539253925,-29.393607759325967
-3.3917391739173914,-29.385641445447092
-3.390939093909391,-29.37767800102739
-3.3901390139013903,-29.369717428433272
-3.3893389338933892,-29.36175973003059
-3.3885388538853887,-29.35380490818465
-3.3877387738773876,-29.345852965260157
-3.386938693869387,-29.337903903621253
-3.386138613861386,-29.32995772563146
-3.3853385338533855,-29.32201443365372
-3.3845384538453844,-29.314074030050346
-3.383738373837384,-29.306136517183035
-3.382938293829383,-29.298201897412845
-3.3821382138213822,-29.29027017310019
-3.381338133813381,-29.282341346604845
-3.3805380538053806,-29.274415420285923
-3.3797379737973796,-29.266492396501842
-3.378937893789379,-29.258572277610376
-3.378137813781378,-29.25065506596858
-3.3773377337733774,-29.242740763932826
-3.3765376537653764,-29.234829373858773
-3.375737573757376,-29.226920898101366
-3.374937493749375,-29.21901533901481
-3.374137413741374,-29.211112698952594
-3.373337333733373,-29.203212980267427
-3.3725372537253726,-29.195316185311306
-3.3717371737173716,-29.18742231643543
-3.370937093709371,-29.179531375990223
-3.37013701370137,-29.17164336632535
-3.3693369336933694,-29.163758289789648
-3.3685368536853684,-29.155876148731167
-3.367736773677368,-29.14799694549715
-3.3669366936693668,-29.140120682434002
-3.366136613661366,-29.132247361887295
-3.365336533653365,-29.124376986201774
-3.3645364536453646,-29.116509557721308
-3.3637363736373636,-29.108645078788925
-3.362936293629363,-29.100783551746776
-3.362136213621362,-29.09292497893611
-3.3613361336133614,-29.08506936269731
-3.3605360536053603,-29.07721670536985
-3.3597359735973598,-29.069367009292282
-3.3589358935893587,-29.061520276802245
-3.358135813581358,-29.05367651023645
-3.357335733573357,-29.04583571193067
-3.3565356535653565,-29.037997884219724
-3.3557355735573555,-29.030163029437457
-3.354935493549355,-29.022331149916766
-3.354135413541354,-29.014502247989547
-3.3533353335333533,-29.00667632598673
-3.3525352535253523,-28.99885338623823
-3.3517351735173517,-28.99103343107295
-3.3509350935093507,-28.98321646281878
-3.35013501350135,-28.975402483802583
-3.349334933493349,-28.967591496350177
-3.3485348534853485,-28.959783502786333
-3.3477347734773475,-28.95197850543476
-3.346934693469347,-28.944176506618106
-3.346134613461346,-28.936377508657934
-3.3453345334533453,-28.928581513874725
-3.3445344534453443,-28.920788524587845
-3.3437343734373437,-28.91299854311557
-3.3429342934293427,-28.905211571775034
-3.342134213421342,-28.897427612882286
-3.341334133413341,-28.88964666875218
-3.3405340534053405,-28.881868741698465
-3.3397339733973395,-28.874093834033708
-3.338933893389339,-28.866321948069313
-3.338133813381338,-28.85855308611551
-3.3373337333733373,-28.850787250481343
-3.3365336533653362,-28.84302444347464
-3.3357335733573357,-28.83526466740204
-3.3349334933493346,-28.82750792456894
-3.334133413341334,-28.81975421727955
-3.333333333333333,-28.812003547836778
-3.3325332533253325,-28.804255918542346
-3.3317331733173314,-28.796511331696674
-3.330933093309331,-28.78876978959894
-3.33013301330133,-28.781031294547013
-3.3293329332933292,-28.7732958488375
-3.3285328532853287,-28.765563454765694
-3.3277327732773276,-28.757834114625584
-3.326932693269327,-28.750107830709844
-3.326132613261326,-28.742384605309795
-3.3253325332533255,-28.73466444071545
-3.3245324532453244,-28.726947339215446
-3.323732373237324,-28.71923330309708
-3.322932293229323,-28.71152233464625
-3.3221322132213222,-28.70381443614751
-3.321332133213321,-28.696109609883997
-3.3205320532053206,-28.688407858137456
-3.3197319731973196,-28.680709183188213
-3.318931893189319,-28.67301358731519
-3.318131813181318,-28.665321072795848
-3.3173317331733174,-28.657631641906246
-3.3165316531653164,-28.649945296920958
-3.315731573157316,-28.64226204011311
-3.314931493149315,-28.63458187375435
-3.314131413141314,-28.626904800114843
-3.313331333133313,-28.61923082146327
-3.3125312531253126,-28.61155994006682
-3.3117311731173116,-28.603892158191123
-3.310931093109311,-28.59622747810033
-3.31013101310131,-28.588565902057045
-3.3093309330933094,-28.580907432322334
-3.3085308530853084,-28.573252071155675
-3.307730773077308,-28.565599820815045
-3.3069306930693068,-28.557950683556786
-3.306130613061306,-28.550304661635685
-3.305330533053305,-28.542661757304934
-3.3045304530453046,-28.535021972816104
-3.3037303730373035,-28.527385310419167
-3.302930293029303,-28.51975177236246
-3.302130213021302,-28.512121360892692
-3.3013301330133014,-28.50449407825493
-3.3005300530053003,-28.496869926692547
-3.2997299729972998,-28.48924890844731
-3.2989298929892987,-28.481631025759256
-3.298129812981298,-28.474016280866767
-3.297329732973297,-28.46640467600651
-3.2965296529652965,-28.45879621341345
-3.2957295729572955,-28.451190895320845
-3.294929492949295,-28.443588723960207
-3.294129412941294,-28.43598970156131
-3.2933293329332933,-28.4283938303522
-3.2925292529252923,-28.420801112559143
-3.2917291729172917,-28.41321155040665
-3.2909290929092907,-28.405625146117437
-3.29012901290129,-28.398041901912443
-3.289328932893289,-28.3904618200108
-3.2885288528852885,-28.382884902629844
-3.2877287728772875,-28.375311151985063
-3.286928692869287,-28.367740570290138
-3.286128612861286,-28.360173159756908
-3.2853285328532853,-28.35260892259535
-3.2845284528452843,-28.345047861013583
-3.2837283728372837,-28.337489977217846
-3.2829282928292827,-28.329935273412516
-3.282128212821282,-28.322383751800064
-3.281328132813281,-28.31483541458106
-3.2805280528052805,-28.307290263954172
-3.2797279727972795,-28.299748302116114
-3.278927892789279,-28.292209531261715
-3.278127812781278,-28.284673953583813
-3.2773277327732773,-28.27714157127332
-3.2765276527652762,-28.269612386519174
-3.2757275727572757,-28.262086401508355
-3.2749274927492746,-28.254563618425824
-3.274127412741274,-28.247044039454593
-3.273327332733273,-28.239527666775622
-3.2725272527252725,-28.2320145025679
-3.2717271727172714,-28.22450454900835
-3.270927092709271,-28.216997808271902
-3.27012701270127,-28.209494282531395
-3.2693269326932692,-28.201993973957663
-3.2685268526852687,-28.194496884719413
-3.2677267726772676,-28.187003016983333
-3.266926692669267,-28.17951237291399
-3.266126612661266,-28.17202495467387
-3.2653265326532654,-28.164540764423343
-3.2645264526452644,-28.157059804320667
-3.263726372637264,-28.14958207652198
-3.262926292629263,-28.142107583181257
-3.2621262126212622,-28.134636326450362
-3.261326132613261,-28.127168308478975
-3.2605260526052606,-28.119703531414615
-3.2597259725972596,-28.11224199740263
-3.258925892589259,-28.10478370858617
-3.258125812581258,-28.097328667106197
-3.2573257325732574,-28.089876875101453
-3.2565256525652564,-28.08242833470846
-3.255725572557256,-28.074983048061537
-3.254925492549255,-28.06754101729274
-3.254125412541254,-28.06010224453189
-3.253325332533253,-28.052666731906527
-3.2525252525252526,-28.045234481541954
-3.2517251725172516,-28.037805495561173
-3.250925092509251,-28.030379776084914
-3.25012501250125,-28.022957325231573
-3.2493249324932494,-28.01553814511729
-3.2485248524852484,-28.008122237855837
-3.247724772477248,-28.000709605558697
-3.2469246924692468,-27.993300250334975
-3.246124612461246,-27.985894174291467
-3.245324532453245,-27.97849137953257
-3.2445244524452446,-27.971091868160354
-3.2437243724372435,-27.963695642274466
-3.242924292429243,-27.956302703972206
-3.242124212421242,-27.94891305534844
-3.2413241324132414,-27.94152669849565
-3.2405240524052403,-27.934143635503887
-3.2397239723972397,-27.92676386846079
-3.2389238923892387,-27.919387399451523
-3.238123812381238,-27.912014230558825
-3.237323732373237,-27.904644363863
-3.2365236523652365,-27.897277801441838
-3.2357235723572355,-27.889914545370672
-3.234923492349235,-27.882554597722372
-3.234123412341234,-27.875197960567252
-3.2333233323332333,-27.867844635973178
-3.2325232523252323,-27.860494626005455
-3.2317231723172317,-27.8531479327269
-3.2309230923092307,-27.845804558197738
-3.23012301230123,-27.838464504475713
-3.229322932293229,-27.831127773615957
-3.2285228522852285,-27.82379436767107
-3.2277227722772275,-27.81646428869106
-3.226922692269227,-27.809137538723352
-3.226122612261226,-27.801814119812775
-3.2253225322532253,-27.79449403400156
-3.2245224522452243,-27.7871772833293
-3.2237223722372237,-27.779863869833
-3.2229222922292227,-27.772553795547005
-3.222122212221222,-27.76524706250301
-3.221322132213221,-27.757943672730082
-3.2205220522052205,-27.750643628254604
-3.2197219721972195,-27.74334693110029
-3.218921892189219,-27.736053583288175
-3.218121812181218,-27.728763586836596
-3.2173217321732173,-27.72147694376121
-3.2165216521652162,-27.714193656074915
-3.2157215721572157,-27.70691372578795
-3.2149214921492146,-27.699637154907773
-3.214121412141214,-27.692363945439123
-3.213321332133213,-27.685094099383992
-3.2125212521252124,-27.67782761874161
-3.2117211721172114,-27.67056450550843
-3.210921092109211,-27.663304761678145
-3.21012101210121,-27.656048389241644
-3.2093209320932092,-27.648795390187033
-3.208520852085208,-27.641545766499586
-3.2077207720772076,-27.63429952016181
-3.206920692069207,-27.62705665315334
-3.206120612061206,-27.61981716745099
-3.2053205320532054,-27.612581065028746
-3.2045204520452044,-27.605348347857728
-3.203720372037204,-27.598119017906196
-3.202920292029203,-27.590893077139537
-3.2021202120212022,-27.583670527520272
-3.201320132013201,-27.576451371008
-3.2005200520052006,-27.569235609559456
-3.1997199719971996,-27.562023245128454
-3.198919891989199,-27.554814279665877
-3.198119811981198,-27.547608715119704
-3.1973197319731974,-27.540406553434966
-3.1965196519651964,-27.533207796553743
-3.195719571957196,-27.526012446415177
-3.194919491949195,-27.518820504955436
-3.194119411941194,-27.511631974107715
-3.193319331933193,-27.504446855802243
-3.1925192519251926,-27.497265151966232
-3.1917191719171916,-27.490086864523928
-3.190919091909191,-27.482911995396545
-3.19011901190119,-27.47574054650228
-3.1893189318931894,-27.468572519756318
-3.1885188518851884,-27.4614079170708
-3.1877187718771878,-27.454246740354822
-3.1869186918691867,-27.447088991514438
-3.186118611861186,-27.43993467245263
-3.185318531853185,-27.432783785069304
-3.1845184518451846,-27.425636331261305
-3.1837183718371835,-27.41849231292238
-3.182918291829183,-27.411351731943178
-3.182118211821182,-27.404214590211243
-3.1813181318131813,-27.397080889611015
-3.1805180518051803,-27.389950632023783
-3.1797179717971797,-27.382823819327747
-3.1789178917891787,-27.37570045339793
-3.178117811781178,-27.368580536106215
-3.177317731773177,-27.361464069321347
-3.1765176517651765,-27.354351054908882
-3.1757175717571755,-27.34724149473121
-3.174917491749175,-27.340135390647546
-3.174117411741174,-27.333032744513893
-3.1733173317331733,-27.325933558183074
-3.1725172517251723,-27.318837833504684
-3.1717171717171717,-27.31174557232513
-3.1709170917091707,-27.304656776487562
-3.17011701170117,-27.29757144783192
-3.169316931693169,-27.290489588194887
-3.1685168516851685,-27.283411199409905
-3.1677167716771675,-27.276336283307145
-3.166916691669167,-27.26926484171353
-3.166116611661166,-27.262196876452684
-3.1653165316531653,-27.255132389344972
-3.1645164516451643,-27.248071382207446
-3.1637163716371637,-27.241013856853872
-3.1629162916291627,-27.2339598150947
-3.162116211621162,-27.226909258737074
-3.161316131613161,-27.219862189584788
-3.1605160516051605,-27.21281860943835
-3.1597159715971594,-27.20577852009487
-3.158915891589159,-27.198741923348166
-3.158115811581158,-27.19170882098865
-3.1573157315731573,-27.18467921480341
-3.1565156515651562,-27.17765310657613
-3.1557155715571557,-27.170630498087142
-3.1549154915491546,-27.163611391113356
-3.154115411541154,-27.15659578742833
-3.153315331533153,-27.149583688802156
-3.1525152515251524,-27.14257509700159
-3.1517151715171514,-27.135570013789913
-3.150915091509151,-27.12856844092699
-3.15011501150115,-27.12157038016927
-3.1493149314931492,-27.114575833269736
-3.148514851485148,-27.107584801977936
-3.1477147714771476,-27.100597288039964
-3.146914691469147,-27.093613293198416
-3.146114611461146,-27.08663281919246
-3.1453145314531454,-27.07965586775776
-3.1445144514451444,-27.07268244062648
-3.143714371437144,-27.06571253952732
-3.142914291429143,-27.05874616618544
-3.1421142114211422,-27.051783322322528
-3.141314131413141,-27.044824009656725
-3.1405140514051406,-27.037868229902664
-3.1397139713971396,-27.030915984771426
-3.138913891389139,-27.023967275970584
-3.138113811381138,-27.017022105204124
-3.1373137313731374,-27.01008047417251
-3.1365136513651364,-27.003142384572637
-3.135713571357136,-26.996207838097817
-3.1349134913491348,-26.989276836437803
-3.134113411341134,-26.982349381278752
-3.133313331333133,-26.97542547430325
-3.1325132513251326,-26.96850511719026
-3.1317131713171316,-26.961588311615163
-3.130913091309131,-26.954675059249723
-3.13011301130113,-26.947765361762073
-3.1293129312931294,-26.940859220816748
-3.1285128512851283,-26.93395663807462
-3.1277127712771278,-26.927057615192943
-3.1269126912691267,-26.920162153825316
-3.126112611261126,-26.913270255621704
-3.125312531253125,-26.90638192222839
-3.1245124512451246,-26.899497155287996
-3.1237123712371235,-26.892615956439485
-3.122912291229123,-26.88573832731813
-3.122112211221122,-26.878864269555514
-3.1213121312131213,-26.871993784779548
-3.1205120512051203,-26.86512687461442
-3.1197119711971197,-26.858263540680625
-3.1189118911891187,-26.85140378459495
-3.118111811181118,-26.84454760797046
-3.117311731173117,-26.837695012416482
-3.1165116511651165,-26.830845999538646
-3.1157115711571155,-26.824000570938804
-3.114911491149115,-26.817158728215098
-3.114111411141114,-26.810320472961898
-3.1133113311331133,-26.803485806769835
-3.1125112511251123,-26.796654731225754
-3.1117111711171117,-26.78982724791276
-3.1109110911091107,-26.78300335841017
-3.11011101110111,-26.776183064293516
-3.109310931093109,-26.76936636713455
-3.1085108510851085,-26.76255326850123
-3.1077107710771075,-26.75574376995771
-3.106910691069107,-26.748937873064357
-3.106110611061106,-26.742135579377702
-3.1053105310531053,-26.735336890450483
-3.1045104510451043,-26.728541807831597
-3.1037103710371037,-26.721750333066133
-3.1029102910291027,-26.71496246769532
-3.102110211021102,-26.708178213256573
-3.101310131013101,-26.70139757128345
-3.1005100510051005,-26.694620543305664
-3.0997099709970994,-26.687847130849054
-3.098909890989099,-26.681077335435624
-3.098109810981098,-26.674311158583492
-3.0973097309730973,-26.667548601806917
-3.0965096509650962,-26.660789666616253
-3.0957095709570956,-26.654034354518004
-3.0949094909490946,-26.647282667014753
-3.094109410941094,-26.64053460560523
-3.093309330933093,-26.63379017178421
-3.0925092509250924,-26.62704936704261
-3.0917091709170914,-26.620312192867416
-3.090909090909091,-26.6135786507417
-3.09010901090109,-26.606848742144614
-3.0893089308930892,-26.600122468551394
-3.088508850885088,-26.593399831433317
-3.0877087708770876,-26.586680832257763
-3.086908690869087,-26.579965472488148
-3.086108610861086,-26.573253753583927
-3.0853085308530854,-26.566545677000644
-3.0845084508450844,-26.559841244189855
-3.083708370837084,-26.553140456599174
-3.082908290829083,-26.546443315672235
-3.082108210821082,-26.539749822848716
-3.081308130813081,-26.533059979564307
-3.0805080508050806,-26.526373787250737
-3.0797079707970796,-26.51969124733572
-3.078907890789079,-26.51301236124302
-3.078107810781078,-26.50633713039238
-3.0773077307730774,-26.499665556199552
-3.0765076507650764,-26.49299764007629
-3.075707570757076,-26.486333383430335
-3.0749074907490748,-26.47967278766543
-3.074107410741074,-26.473015854181284
-3.073307330733073,-26.466362584373595
-3.0725072507250726,-26.45971297963405
-3.0717071707170716,-26.453067041350284
-3.070907090709071,-26.446424770905914
-3.07010701070107,-26.43978616968052
-3.0693069306930694,-26.433151239049636
-3.0685068506850683,-26.426519980384754
-3.0677067706770678,-26.419892395053328
-3.0669066906690667,-26.413268484418733
-3.066106610661066,-26.40664824984032
-3.065306530653065,-26.400031692673345
-3.0645064506450646,-26.393418814269033
-3.0637063706370635,-26.386809615974517
-3.062906290629063,-26.38020409913287
-3.062106210621062,-26.373602265083083
-3.0613061306130613,-26.36700411516007
-3.0605060506050603,-26.360409650694663
-3.0597059705970597,-26.35381887301361
-3.0589058905890587,-26.34723178343956
-3.058105810581058,-26.34064838329108
-3.057305730573057,-26.334068673882623
-3.0565056505650565,-26.327492656524562
-3.0557055705570555,-26.32092033252315
-3.054905490549055,-26.31435170318055
-3.054105410541054,-26.30778676979478
-3.0533053305330533,-26.30122553365979
-3.0525052505250523,-26.29466799606537
-3.0517051705170517,-26.28811415829723
-3.0509050905090507,-26.281564021636918
-3.05010501050105,-26.27501758736188
-3.049304930493049,-26.26847485674543
-3.0485048504850485,-26.26193583105674
-3.0477047704770475,-26.255400511560847
-3.046904690469047,-26.24886889951867
-3.046104610461046,-26.242340996186954
-3.0453045304530453,-26.23581680281832
-3.0445044504450443,-26.229296320661245
-3.0437043704370437,-26.22277955096005
-3.0429042904290426,-26.216266494954887
-3.042104210421042,-26.209757153881796
-3.041304130413041,-26.2032515289726
-3.0405040504050405,-26.196749621455027
-3.0397039703970394,-26.190251432552586
-3.038903890389039,-26.18375696348466
-3.038103810381038,-26.17726621546644
-3.0373037303730372,-26.17077918970896
-3.0365036503650362,-26.16429588741906
-3.0357035703570356,-26.157816309799443
-3.0349034903490346,-26.151340458048608
-3.034103410341034,-26.144868333360883
-3.033303330333033,-26.1383999369264
-3.0325032503250324,-26.131935269931137
-3.0317031703170314,-26.125474333556863
-3.030903090309031,-26.119017128981163
-3.03010301030103,-26.112563657377432
-3.029302930293029,-26.10611391991489
-3.028502850285028,-26.09966791775853
-3.0277027702770276,-26.093225652069187
-3.0269026902690266,-26.08678712400348
-3.026102610261026,-26.080352334713815
-3.0253025302530254,-26.07392128534843
-3.0245024502450244,-26.06749397705133
-3.023702370237024,-26.061070410962344
-3.022902290229023,-26.054650588217065
-3.022102210221022,-26.0482345099469
-3.021302130213021,-26.041822177279055
-3.0205020502050206,-26.03541359133649
-3.0197019701970196,-26.029008753237992
-3.018901890189019,-26.022607664098118
-3.018101810181018,-26.01621032502721
-3.0173017301730174,-26.009816737131395
-3.0165016501650164,-26.003426901512583
-3.015701570157016,-25.997040819268474
-3.0149014901490148,-25.990658491492532
-3.014101410141014,-25.98427991927403
-3.013301330133013,-25.97790510369798
-3.0125012501250126,-25.97153404584521
-3.0117011701170116,-25.9651667467923
-3.010901090109011,-25.95880320761161
-3.01010101010101,-25.95244342937129
-3.0093009300930094,-25.946087413135245
-3.0085008500850083,-25.939735159963156
-3.0077007700770078,-25.9333866709105
-3.0069006900690067,-25.927041947028485
-3.006100610061006,-25.920700989364132
-3.005300530053005,-25.914363798960196
-3.0045004500450045,-25.908030376855244
-3.0037003700370035,-25.90170072408356
-3.002900290029003,-25.895374841675245
-3.002100210021002,-25.889052730656147
-3.0013001300130013,-25.88273439204788
-3.0005000500050003,-25.876419826867824
-2.9996999699969997,-25.870109036129147
-2.9988998899889987,-25.863802020840765
-2.998099809980998,-25.85749878200736
-2.997299729972997,-25.85119932062939
-2.9964996499649965,-25.844903637703094
-2.9956995699569955,-25.838611734220443
-2.994899489948995,-25.8323236111692
-2.994099409940994,-25.826039269532885
-2.9932993299329933,-25.8197587102908
-2.9924992499249923,-25.813481934417986
-2.9916991699169917,-25.807208942885282
-2.9908990899089907,-25.800939736659274
-2.99009900990099,-25.794674316702316
-2.989298929892989,-25.78841268397255
-2.9884988498849885,-25.78215483942386
-2.9876987698769875,-25.77590078400592
-2.986898689868987,-25.76965051866416
-2.986098609860986,-25.76340404433978
-2.9852985298529853,-25.757161361969764
-2.9844984498449842,-25.750922472486845
-2.9836983698369837,-25.744687376819552
-2.9828982898289826,-25.738456075892156
-2.982098209820982,-25.73222857062474
-2.981298129812981,-25.72600486193312
-2.9804980498049805,-25.71978495072891
-2.9796979697969794,-25.71356883791949
-2.978897889788979,-25.707356524408034
-2.978097809780978,-25.70114801109345
-2.9772977297729772,-25.694943298870488
-2.976497649764976,-25.68874238862961
-2.9756975697569756,-25.682545281257106
-2.9748974897489746,-25.676351977635015
-2.974097409740974,-25.670162478641195
-2.973297329732973,-25.663976785149245
-2.9724972497249724,-25.657794898028577
-2.9716971697169714,-25.651616818144376
-2.970897089708971,-25.64544254635763
-2.97009700970097,-25.639272083525082
-2.969296929692969,-25.63310543049931
-2.968496849684968,-25.626942588128646
-2.9676967696769676,-25.620783557257244
-2.9668966896689666,-25.61462833872502
-2.966096609660966,-25.608476933367715
-2.9652965296529654,-25.60232934201685
-2.9644964496449644,-25.596185565499756
-2.963696369636964,-25.59004560463956
-2.962896289628963,-25.58390946025519
-2.962096209620962,-25.577777133161387
-2.961296129612961,-25.57164862416868
-2.9604960496049606,-25.565523934083437
-2.9596959695969596,-25.559403063707798
-2.958895889588959,-25.55328601383976
-2.958095809580958,-25.547172785273084
-2.9572957295729574,-25.54106337879739
-2.9564956495649564,-25.5349577951981
-2.955695569556956,-25.528856035256442
-2.9548954895489548,-25.52275809974949
-2.954095409540954,-25.51666398945014
-2.953295329532953,-25.5105737051271
-2.9524952495249526,-25.504487247544922
-2.9516951695169515,-25.49840461746398
-2.950895089508951,-25.4923258156405
-2.95009500950095,-25.486250842826518
-2.9492949294929494,-25.480179699769938
-2.9484948494849483,-25.474112387214475
-2.9476947694769478,-25.468048905899728
-2.9468946894689467,-25.4619892565611
-2.946094609460946,-25.45593343992988
-2.945294529452945,-25.449881456733184
-2.9444944494449445,-25.443833307694003
-2.9436943694369435,-25.437788993531168
-2.942894289428943,-25.43174851495939
-2.942094209420942,-25.42571187268922
-2.9412941294129413,-25.41967906742711
-2.9404940494049403,-25.413650099875333
-2.9396939693969397,-25.407624970732094
-2.9388938893889387,-25.40160368069142
-2.938093809380938,-25.39558623044325
-2.937293729372937,-25.3895726206734
-2.9364936493649365,-25.383562852063555
-2.9356935693569355,-25.377556925291298
-2.934893489348935,-25.371554841030125
-2.934093409340934,-25.365556599949386
-2.9332933293329333,-25.359562202714365
-2.9324932493249323,-25.35357164998623
-2.9316931693169317,-25.347584942422053
-2.9308930893089307,-25.341602080674825
-2.93009300930093,-25.335623065393442
-2.929292929292929,-25.329647897222713
-2.9284928492849285,-25.323676576803383
-2.9276927692769275,-25.317709104772092
-2.926892689268927,-25.311745481761438
-2.926092609260926,-25.305785708399924
-2.9252925292529253,-25.299829785311996
-2.9244924492449242,-25.293877713118043
-2.9236923692369237,-25.287929492434394
-2.9228922892289226,-25.28198512387331
-2.922092209220922,-25.276044608043026
-2.921292129212921,-25.270107945547707
-2.9204920492049204,-25.26417513698749
-2.9196919691969194,-25.258246182958466
-2.918891889188919,-25.252321084052703
-2.918091809180918,-25.246399840858214
-2.9172917291729172,-25.240482453959018
-2.916491649164916,-25.234568923935086
-2.9156915691569156,-25.228659251362384
-2.9148914891489146,-25.222753436812862
-2.914091409140914,-25.21685148085447
-2.913291329132913,-25.210953384051123
-2.9124912491249124,-25.20505914696277
-2.9116911691169114,-25.199168770145356
-2.910891089108911,-25.193282254150816
-2.91009100910091,-25.18739959952712
-2.909290929092909,-25.181520806818238
-2.908490849084908,-25.175645876564175
-2.9076907690769076,-25.16977480930096
-2.9068906890689066,-25.163907605560652
-2.906090609060906,-25.158044265871343
-2.905290529052905,-25.15218479075716
-2.9044904490449044,-25.146329180738306
-2.903690369036904,-25.140477436330993
-2.902890289028903,-25.134629558047514
-2.902090209020902,-25.128785546396216
-2.901290129012901,-25.12294540188151
-2.9004900490049006,-25.117109125003882
-2.8996899689968996,-25.111276716259876
-2.898889888988899,-25.105448176142144
-2.898089808980898,-25.099623505139398
-2.8972897289728974,-25.09380270373645
-2.8964896489648964,-25.087985772414225
-2.8956895689568958,-25.082172711649704
-2.8948894889488948,-25.076363521916015
-2.894089408940894,-25.070558203682392
-2.893289328932893,-25.064756757414152
-2.8924892489248926,-25.05895918357278
-2.8916891689168915,-25.053165482615853
-2.890889088908891,-25.047375654997094
-2.89008900890089,-25.041589701166366
-2.8892889288928894,-25.035807621569674
-2.8884888488848883,-25.030029416649157
-2.8876887688768877,-25.02425508684314
-2.8868886888688867,-25.018484632586073
-2.886088608860886,-25.0127180543086
-2.885288528852885,-25.006955352437505
-2.8844884488448845,-25.00119652739579
-2.8836883688368835,-24.9954415796026
-2.882888288828883,-24.98969050947329
-2.882088208820882,-24.983943317419406
-2.8812881288128813,-24.97820000384869
-2.8804880488048803,-24.972460569165086
-2.8796879687968797,-24.96672501376877
-2.8788878887888787,-24.960993338056102
-2.878087808780878,-24.955265542419696
-2.877287728772877,-24.94954162724838
-2.8764876487648765,-24.94382159292722
-2.8756875687568755,-24.938105439837525
-2.874887488748875,-24.932393168356846
-2.874087408740874,-24.926684778859
-2.8732873287328733,-24.920980271714058
-2.8724872487248723,-24.915279647288337
-2.8716871687168717,-24.909582905944468
-2.8708870887088707,-24.90389004804132
-2.87008700870087,-24.89820107393407
-2.869286928692869,-24.892515983974185
-2.8684868486848685,-24.886834778509414
-2.8676867686768674,-24.881157457883823
-2.866886688668867,-24.87548402243779
-2.866086608660866,-24.86981447250799
-2.8652865286528653,-24.86414880842746
-2.8644864486448642,-24.858487030525517
-2.8636863686368637,-24.852829139127852
-2.8628862886288626,-24.84717513455648
-2.862086208620862,-24.841525017129783
-2.861286128612861,-24.835878787162464
-2.8604860486048604,-24.830236444965635
-2.8596859685968594,-24.82459799084674
-2.858885888588859,-24.81896342510962
-2.858085808580858,-24.81333274805448
-2.8572857285728572,-24.807705959977937
-2.856485648564856,-24.802083061172983
-2.8556855685568556,-24.79646405192903
-2.8548854885488546,-24.790848932531883
-2.854085408540854,-24.78523770326379
-2.853285328532853,-24.77963036440338
-2.8524852485248524,-24.77402691622577
-2.8516851685168514,-24.76842735900245
-2.850885088508851,-24.762831693001424
-2.85008500850085,-24.757239918487073
-2.849284928492849,-24.751652035720305
-2.848484848484848,-24.74606804495845
-2.8476847684768476,-24.740487946455325
-2.8468846884688466,-24.73491174046123
-2.846084608460846,-24.729339427222943
-2.845284528452845,-24.72377100698375
-2.8444844484448444,-24.71820647998343
-2.843684368436844,-24.712645846458265
-2.8428842884288428,-24.70708910664107
-2.842084208420842,-24.70153626076117
-2.841284128412841,-24.695987309044412
-2.8404840484048406,-24.69044225171322
-2.8396839683968396,-24.684901088986507
-2.838883888388839,-24.679363821079797
-2.838083808380838,-24.67383044820512
-2.8372837283728374,-24.668300970571117
-2.8364836483648364,-24.662775388382983
-2.8356835683568358,-24.65725370184251
-2.8348834883488347,-24.65173591114805
-2.834083408340834,-24.646222016494594
-2.833283328332833,-24.640712018073707
-2.8324832483248326,-24.63520591607358
-2.8316831683168315,-24.62970371067903
-2.830883088308831,-24.62420540207149
-2.83008300830083,-24.618710990429033
-2.8292829282928293,-24.613220475926386
-2.8284828482848283,-24.60773385873491
-2.8276827682768277,-24.60225113902265
-2.8268826882688267,-24.596772316954286
-2.826082608260826,-24.591297392691196
-2.825282528252825,-24.585826366391437
-2.8244824482448245,-24.580359238209756
-2.8236823682368235,-24.574896008297593
-2.822882288228823,-24.569436676803104
-2.822082208220822,-24.56398124387114
-2.8212821282128213,-24.55852970964331
-2.8204820482048203,-24.553082074257915
-2.8196819681968197,-24.547638337850014
-2.8188818881888187,-24.54219850055141
-2.818081808180818,-24.536762562490665
-2.817281728172817,-24.531330523793088
-2.8164816481648165,-24.525902384580775
-2.8156815681568155,-24.520478144972586
-2.814881488148815,-24.515057805084183
-2.814081408140814,-24.50964136502801
-2.8132813281328133,-24.50422882491332
-2.8124812481248123,-24.498820184846178
-2.8116811681168117,-24.493415444929465
-2.8108810881088107,-24.488014605262887
-2.81008100810081,-24.482617665943
-2.809280928092809,-24.477224627063176
-2.8084808480848085,-24.47183548871368
-2.8076807680768074,-24.466450250981595
-2.806880688068807,-24.461068913950896
-2.806080608060806,-24.455691477702445
-2.8052805280528053,-24.450317942313966
-2.8044804480448042,-24.44494830786008
-2.8036803680368036,-24.439582574412338
-2.8028802880288026,-24.43422074203916
-2.802080208020802,-24.428862810805924
-2.801280128012801,-24.42350878077491
-2.8004800480048004,-24.418158652005346
-2.7996799679967994,-24.4128124245534
-2.798879887988799,-24.407470098472196
-2.798079807980798,-24.40213167381181
-2.7972797279727972,-24.39679715061931
-2.796479647964796,-24.39146652893872
-2.7956795679567956,-24.386139808811066
-2.7948794879487946,-24.380816990274365
-2.794079407940794,-24.375498073363634
-2.793279327932793,-24.37018305811091
-2.7924792479247924,-24.364871944545246
-2.7916791679167914,-24.359564732692732
-2.790879087908791,-24.354261422576492
-2.7900790079007898,-24.348962014216703
-2.789278927892789,-24.343666507630598
-2.788478847884788,-24.33837490283246
-2.7876787678767876,-24.333087199833663
-2.7868786878687866,-24.327803398642672
-2.786078607860786,-24.32252349926501
-2.785278527852785,-24.317247501703342
-2.7844784478447844,-24.311975405957405
-2.7836783678367834,-24.30670721202407
-2.7828782878287828,-24.301442919897344
-2.782078207820782,-24.296182529568362
-2.781278127812781,-24.29092604102539
-2.7804780478047806,-24.285673454253864
-2.7796779677967796,-24.28042476923638
-2.778877887788779,-24.27517998595269
-2.778077807780778,-24.269939104379752
-2.7772777277727774,-24.264702124491695
-2.7764776477647763,-24.259469046259845
-2.7756775677567758,-24.254239869652743
-2.7748774877487747,-24.249014594636137
-2.774077407740774,-24.243793221173004
-2.773277327732773,-24.23857574922356
-2.7724772477247726,-24.23336217874526
-2.7716771677167715,-24.228152509692798
-2.770877087708771,-24.22294674201815
-2.77007700770077,-24.217744875670547
-2.7692769276927693,-24.212546910596497
-2.7684768476847683,-24.207352846739816
-2.7676767676767677,-24.20216268404159
-2.7668766876687667,-24.196976422440223
-2.766076607660766,-24.191794061871445
-2.765276527652765,-24.186615602268287
-2.7644764476447645,-24.181441043561133
-2.7636763676367635,-24.176270385677693
-2.762876287628763,-24.171103628543047
-2.762076207620762,-24.165940772079615
-2.7612761276127613,-24.160781816207198
-2.7604760476047603,-24.15562676084298
-2.7596759675967597,-24.150475605901526
-2.7588758875887587,-24.145328351294793
-2.758075807580758,-24.14018499693216
-2.757275727572757,-24.135045542720402
-2.7564756475647565,-24.129909988563732
-2.7556755675567555,-24.124778334363796
-2.754875487548755,-24.11965058001968
-2.754075407540754,-24.11452672542792
-2.7532753275327533,-24.109406770482515
-2.7524752475247523,-24.104290715074935
-2.7516751675167517,-24.099178559094135
-2.7508750875087506,-24.094070302426548
-2.75007500750075,-24.088965944956126
-2.749274927492749,-24.083865486564292
-2.7484748474847485,-24.078768927130035
-2.7476747674767474,-24.07367626652982
-2.746874687468747,-24.068587504637687
-2.746074607460746,-24.0635026413252
-2.7452745274527453,-24.058421676461485
-2.7444744474447442,-24.05334460991322
-2.7436743674367436,-24.048271441544678
-2.7428742874287426,-24.04320217121769
-2.742074207420742,-24.038136798791694
-2.741274127412741,-24.033075324123715
-2.7404740474047404,-24.028017747068407
-2.7396739673967394,-24.02296406747803
-2.738873887388739,-24.017914285202473
-2.738073807380738,-24.01286840008926
-2.737273727372737,-24.007826411983572
-2.736473647364736,-24.00278832072825
-2.7356735673567356,-23.99775412616379
-2.7348734873487346,-23.992723828128355
-2.734073407340734,-23.98769742645782
-2.733273327332733,-23.982674920985723
-2.7324732473247324,-23.97765631154333
-2.7316731673167314,-23.972641597959612
-2.730873087308731,-23.967630780061256
-2.7300730073007298,-23.96262385767269
-2.729272927292729,-23.95762083061608
-2.728472847284728,-23.952621698711333
-2.7276727672767276,-23.94762646177613
-2.7268726872687266,-23.942635119625912
-2.726072607260726,-23.9376476720739
-2.725272527252725,-23.93266411893111
-2.7244724472447244,-23.927684460006347
-2.7236723672367233,-23.922708695106223
-2.7228722872287228,-23.917736824035174
-2.722072207220722,-23.912768846595448
-2.721272127212721,-23.90780476258714
-2.7204720472047206,-23.90284457180818
-2.7196719671967196,-23.89788827405437
-2.718871887188719,-23.89293586911935
-2.718071807180718,-23.88798735679465
-2.7172717271727174,-23.883042736869672
-2.7164716471647163,-23.87810200913172
-2.7156715671567158,-23.87316517336599
-2.7148714871487147,-23.868232229355584
-2.714071407140714,-23.863303176881544
-2.713271327132713,-23.858378015722813
-2.7124712471247125,-23.853456745656302
-2.7116711671167115,-23.848539366456833
-2.710871087108711,-23.843625877897228
-2.71007100710071,-23.838716279748244
-2.7092709270927093,-23.833810571778628
-2.7084708470847083,-23.8289087537551
-2.7076707670767077,-23.824010825442393
-2.7068706870687067,-23.819116786603225
-2.706070607060706,-23.81422663699835
-2.705270527052705,-23.809340376386523
-2.7044704470447045,-23.804458004524538
-2.7036703670367035,-23.79957952116724
-2.702870287028703,-23.79470492606751
-2.702070207020702,-23.78983421897631
-2.7012701270127013,-23.784967399642653
-2.7004700470047003,-23.780104467813633
-2.6996699669966997,-23.77524542323445
-2.6988698869886987,-23.77039026564837
-2.698069806980698,-23.765538994796806
-2.697269726972697,-23.760691610419254
-2.6964696469646965,-23.75584811225336
-2.6956695669566955,-23.75100850003489
-2.694869486948695,-23.74617277349776
-2.694069406940694,-23.741340932374044
-2.6932693269326933,-23.736512976393975
-2.6924692469246922,-23.731688905285957
-2.6916691669166917,-23.726868718776576
-2.6908690869086906,-23.72205241659062
-2.69006900690069,-23.717239998451074
-2.689268926892689,-23.712431464079124
-2.6884688468846885,-23.707626813194178
-2.6876687668766874,-23.702826045513877
-2.686868686868687,-23.69802916075411
-2.686068606860686,-23.69323615862899
-2.6852685268526852,-23.68844703885091
-2.684468446844684,-23.683661801130516
-2.6836683668366836,-23.67888044517673
-2.6828682868286826,-23.67410297069676
-2.682068206820682,-23.669329377396114
-2.681268126812681,-23.664559664978594
-2.6804680468046804,-23.65979383314632
-2.6796679667966794,-23.655031881599733
-2.678867886788679,-23.650273810037607
-2.678067806780678,-23.645519618157046
-2.677267726772677,-23.640769305653514
-2.676467646764676,-23.636022872220842
-2.6756675667566756,-23.6312803175512
-2.6748674867486746,-23.62654164133517
-2.674067406740674,-23.62180684326169
-2.673267326732673,-23.617075923018117
-2.6724672467246724,-23.61234888029019
-2.6716671667166714,-23.607625714762094
-2.670867086708671,-23.6029064261164
-2.6700670067006698,-23.598191014034146
-2.669266926692669,-23.59347947819478
-2.668466846684668,-23.58877181827622
-2.6676667666766676,-23.58406803395484
-2.6668666866686666,-23.579368124905482
-2.666066606660666,-23.574672090801467
-2.665266526652665,-23.5699799313146
-2.6644664466446644,-23.565291646115192
-2.6636663666366633,-23.560607234872045
-2.6628662866286628,-23.555926697252485
-2.662066206620662,-23.551250032922365
-2.661266126612661,-23.54657724154606
-2.6604660466046606,-23.54190832278649
-2.6596659665966595,-23.537243276305126
-2.658865886588659,-23.53258210176201
-2.658065806580658,-23.527924798815732
-2.6572657265726574,-23.523271367123485
-2.6564656465646563,-23.51862180634102
-2.6556655665566558,-23.51397611612271
-2.6548654865486547,-23.509334296121523
-2.654065406540654,-23.504696345989036
-2.653265326532653,-23.50006226537545
-2.6524652465246525,-23.49543205392961
-2.6516651665166515,-23.49080571129899
-2.650865086508651,-23.486183237129715
-2.65006500650065,-23.481564631066565
-2.6492649264926493,-23.47694989275301
-2.6484648464846483,-23.47233902183116
-2.6476647664766477,-23.46773201794185
-2.6468646864686467,-23.463128880724575
-2.646064606460646,-23.45852960981756
-2.645264526452645,-23.45393420485772
-2.6444644464446445,-23.449342665480707
-2.6436643664366435,-23.444754991320895
-2.642864286428643,-23.4401711820114
-2.642064206420642,-23.435591237184084
-2.6412641264126413,-23.43101515646957
-2.6404640464046403,-23.426442939497235
-2.6396639663966397,-23.421874585895246
-2.6388638863886387,-23.41731009529053
-2.638063806380638,-23.412749467308828
-2.637263726372637,-23.408192701574677
-2.6364636463646365,-23.403639797711406
-2.6356635663566355,-23.39909075534118
-2.634863486348635,-23.394545574084987
-2.634063406340634,-23.390004253562637
-2.6332633263326333,-23.38546679339281
-2.6324632463246322,-23.38093319319301
-2.6316631663166317,-23.376403452579616
-2.6308630863086306,-23.371877571167875
-2.63006300630063,-23.367355548571922
-2.629262926292629,-23.362837384404752
-2.6284628462846285,-23.35832307827829
-2.6276627662766274,-23.353812629803336
-2.626862686268627,-23.349306038589628
-2.626062606260626,-23.344803304245794
-2.6252625262526252,-23.340304426379422
-2.624462446244624,-23.33580940459703
-2.6236623662366236,-23.331318238504068
-2.6228622862286226,-23.326830927704954
-2.622062206220622,-23.32234747180308
-2.621262126212621,-23.31786787040079
-2.6204620462046204,-23.313392123099415
-2.6196619661966194,-23.308920229499286
-2.618861886188619,-23.304452189199715
-2.618061806180618,-23.299988001799036
-2.617261726172617,-23.295527666894586
-2.616461646164616,-23.29107118408273
-2.6156615661566156,-23.28661855295887
-2.6148614861486146,-23.282169773117424
-2.614061406140614,-23.27772484415189
-2.613261326132613,-23.273283765654803
-2.6124612461246124,-23.26884653721777
-2.6116611661166114,-23.264413158431466
-2.610861086108611,-23.259983628885646
-2.6100610061006098,-23.25555794816915
-2.609260926092609,-23.251136115869944
-2.608460846084608,-23.246718131575058
-2.6076607660766076,-23.242303994870674
-2.6068606860686065,-23.237893705342067
-2.606060606060606,-23.233487262573657
-2.605260526052605,-23.229084666149003
-2.6044604460446044,-23.22468591565081
-2.6036603660366033,-23.220291010660933
-2.6028602860286028,-23.215899950760395
-2.6020602060206017,-23.211512735529393
-2.601260126012601,-23.207129364547292
-2.6004600460046006,-23.202749837392645
-2.5996599659965995,-23.198374153643222
-2.598859885988599,-23.194002312875973
-2.598059805980598,-23.189634314667064
-2.5972597259725974,-23.18527015859189
-2.5964596459645963,-23.180909844225067
-2.5956595659565957,-23.17655337114044
-2.5948594859485947,-23.17220073891111
-2.594059405940594,-23.167851947109416
-2.593259325932593,-23.163506995306975
-2.5924592459245925,-23.159165883074646
-2.5916591659165915,-23.154828609982584
-2.590859085908591,-23.150495175600224
-2.59005900590059,-23.14616557949627
-2.5892589258925893,-23.14183982123876
-2.5884588458845883,-23.137517900395004
-2.5876587658765877,-23.13319981653165
-2.5868586858685867,-23.12888556921466
-2.586058605860586,-23.12457515800932
-2.585258525852585,-23.120268582480257
-2.5844584458445845,-23.11596584219145
-2.5836583658365835,-23.111666936706225
-2.582858285828583,-23.10737186558726
-2.582058205820582,-23.10308062839662
-2.5812581258125813,-23.098793224695733
-2.5804580458045803,-23.094509654045396
-2.5796579657965797,-23.09022991600584
-2.5788578857885787,-23.085954010136653
-2.578057805780578,-23.081681935996848
-2.577257725772577,-23.07741369314484
-2.5764576457645765,-23.07314928113849
-2.5756575657565755,-23.06888869953505
-2.574857485748575,-23.064631947891243
-2.574057405740574,-23.060379025763222
-2.5732573257325733,-23.056129932706586
-2.5724572457245722,-23.0518846682764
-2.5716571657165717,-23.047643232027184
-2.5708570857085706,-23.043405623512953
-2.57005700570057,-23.03917184228719
-2.569256925692569,-23.034941887902853
-2.5684568456845684,-23.03071575991242
-2.5676567656765674,-23.026493457867858
-2.566856685668567,-23.02227498132064
-2.566056605660566,-23.01806032982177
-2.5652565256525652,-23.013849502921765
-2.564456445644564,-23.00964250017069
-2.5636563656365636,-23.005439321118125
-2.5628562856285626,-23.00123996531321
-2.562056205620562,-22.99704443230464
-2.561256125612561,-22.992852721640674
-2.5604560456045604,-22.988664832869134
-2.5596559655965594,-22.984480765537405
-2.558855885588559,-22.980300519192483
-2.558055805580558,-22.976124093380914
-2.557255725572557,-22.971951487648887
-2.556455645564556,-22.967782701542145
-2.5556555655565556,-22.96361773460609
-2.5548554855485546,-22.959456586385695
-2.554055405540554,-22.955299256425597
-2.553255325532553,-22.951145744270033
-2.5524552455245524,-22.94699604946291
-2.5516551655165514,-22.942850171547754
-2.550855085508551,-22.938708110067743
-2.5500550055005498,-22.934569864565734
-2.549254925492549,-22.930435434584236
-2.548454845484548,-22.926304819665432
-2.5476547654765476,-22.922178019351197
-2.5468546854685465,-22.918055033183066
-2.546054605460546,-22.91393586070229
-2.545254525452545,-22.909820501449822
-2.5444544454445444,-22.905708954966297
-2.5436543654365433,-22.90160122079208
-2.5428542854285427,-22.89749729846728
-2.5420542054205417,-22.893397187531672
-2.541254125412541,-22.88930088752483
-2.5404540454045406,-22.885208397986023
-2.5396539653965395,-22.881119718454286
-2.538853885388539,-22.877034848468412
-2.538053805380538,-22.87295378756694
-2.5372537253725373,-22.868876535288173
-2.5364536453645363,-22.86480309117021
-2.5356535653565357,-22.860733454750914
-2.5348534853485347,-22.856667625567923
-2.534053405340534,-22.852605603158697
-2.533253325332533,-22.848547387060464
-2.5324532453245325,-22.844492976810283
-2.5316531653165315,-22.840442371945002
-2.530853085308531,-22.836395572001315
-2.53005300530053,-22.832352576515706
-2.5292529252925293,-22.828313385024526
-2.5284528452845283,-22.824277997063927
-2.5276527652765277,-22.820246412169944
-2.5268526852685267,-22.816218629878428
-2.526052605260526,-22.812194649725114
-2.525252525252525,-22.808174471245565
-2.5244524452445245,-22.80415809397525
-2.5236523652365235,-22.800145517449486
-2.522852285228523,-22.796136741203494
-2.522052205220522,-22.792131764772364
-2.5212521252125213,-22.78813058769108
-2.5204520452045203,-22.78413320949454
-2.5196519651965197,-22.780139629717528
-2.5188518851885187,-22.77614984789476
-2.518051805180518,-22.772163863560856
-2.517251725172517,-22.768181676250357
-2.5164516451645165,-22.764203285497757
-2.5156515651565154,-22.760228690837454
-2.514851485148515,-22.75625789180382
-2.514051405140514,-22.752290887931146
-2.5132513251325133,-22.748327678753697
-2.5124512451245122,-22.744368263805676
-2.5116511651165117,-22.740412642621283
-2.5108510851085106,-22.736460814734663
-2.51005100510051,-22.732512779679954
-2.509250925092509,-22.728568536991258
-2.5084508450845084,-22.724628086202692
-2.5076507650765074,-22.720691426848347
-2.506850685068507,-22.71675855846232
-2.506050605060506,-22.71282948057872
-2.5052505250525052,-22.708904192731666
-2.504450445044504,-22.70498269445529
-2.5036503650365036,-22.701064985283743
-2.5028502850285026,-22.697151064751218
-2.502050205020502,-22.693240932391944
-2.501250125012501,-22.689334587740163
-2.5004500450045004,-22.6854320303302
-2.4996499649964994,-22.68153325969641
-2.498849884988499,-22.677638275373198
-2.498049804980498,-22.673747076895054
-2.497249724972497,-22.669859663796522
-2.496449644964496,-22.66597603561222
-2.4956495649564956,-22.66209619187684
-2.4948494849484946,-22.65822013212518
-2.494049404940494,-22.654347855892098
-2.493249324932493,-22.650479362712574
-2.4924492449244924,-22.646614652121674
-2.4916491649164914,-22.64275372365456
-2.4908490849084908,-22.638896576846534
-2.4900490049004897,-22.63504321123299
-2.489248924892489,-22.63119362634945
-2.488448844884488,-22.62734782173157
-2.4876487648764876,-22.623505796915133
-2.4868486848684865,-22.619667551436066
-2.486048604860486,-22.61583308483042
-2.485248524852485,-22.61200239663442
-2.4844484448444843,-22.608175486384425
-2.4836483648364833,-22.60435235361696
-2.4828482848284827,-22.60053299786872
-2.4820482048204817,-22.596717418676548
-2.481248124812481,-22.59290561557748
-2.48044804480448,-22.58909758810872
-2.4796479647964795,-22.58529333580767
-2.478847884788479,-22.58149285821191
-2.478047804780478,-22.577696154859208
-2.4772477247724773,-22.573903225287534
-2.4764476447644763,-22.57011406903508
-2.4756475647564757,-22.56632868564022
-2.4748474847484747,-22.562547074641547
-2.474047404740474,-22.558769235577902
-2.473247324732473,-22.554995167988302
-2.4724472447244725,-22.551224871412032
-2.4716471647164715,-22.54745834538859
-2.470847084708471,-22.54369558945772
-2.47004700470047,-22.539936603159394
-2.4692469246924693,-22.536181386033853
-2.4684468446844683,-22.532429937621565
-2.4676467646764677,-22.528682257463288
-2.4668466846684667,-22.52493834510001
-2.466046604660466,-22.521198200073005
-2.465246524652465,-22.517461821923803
-2.4644464446444645,-22.513729210194228
-2.4636463646364635,-22.510000364426354
-2.462846284628463,-22.50627528416258
-2.462046204620462,-22.502553968945563
-2.4612461246124613,-22.498836418318263
-2.4604460446044603,-22.49512263182394
-2.4596459645964597,-22.491412609006158
-2.4588458845884587,-22.487706349408786
-2.458045804580458,-22.484003852576013
-2.457245724572457,-22.48030511805232
-2.4564456445644565,-22.47661014538254
-2.4556455645564554,-22.47291893411181
-2.454845484548455,-22.469231483785606
-2.454045404540454,-22.46554779394973
-2.4532453245324533,-22.461867864150335
-2.4524452445244522,-22.458191693933905
-2.4516451645164516,-22.454519282847272
-2.4508450845084506,-22.45085063043762
-2.45004500450045,-22.447185736252507
-2.449244924492449,-22.443524599839808
-2.4484448444844484,-22.439867220747807
-2.4476447644764474,-22.43621359852513
-2.446844684468447,-22.432563732720784
-2.446044604460446,-22.428917622884146
-2.4452445244524452,-22.42527526856498
-2.444444444444444,-22.421636669313436
-2.4436443644364436,-22.418001824680047
-2.4428442844284426,-22.414370734215737
-2.442044204420442,-22.410743397471837
-2.441244124412441,-22.40711981400007
-2.4404440444044404,-22.403499983352567
-2.4396439643964394,-22.39988390508187
-2.438843884388439,-22.396271578740933
-2.4380438043804378,-22.392663003883122
-2.437243724372437,-22.38905818006223
-2.436443644364436,-22.385457106832472
-2.4356435643564356,-22.38185978374849
-2.4348434843484346,-22.37826621036536
-2.434043404340434,-22.374676386238598
-2.433243324332433,-22.37109031092416
-2.4324432443244324,-22.36750798397843
-2.4316431643164313,-22.36392940495827
-2.4308430843084308,-22.360354573420963
-2.4300430043004297,-22.35678348892427
-2.429242924292429,-22.3532161510264
-2.428442844284428,-22.349652559286014
-2.4276427642764276,-22.34609271326227
-2.4268426842684265,-22.342536612514763
-2.426042604260426,-22.338984256603595
-2.425242524252425,-22.335435645089316
-2.4244424442444243,-22.33189077753297
-2.4236423642364233,-22.328349653496076
-2.4228422842284227,-22.32481227254067
-2.4220422042204217,-22.321278634229245
-2.421242124212421,-22.3177487381248
-2.42044204420442,-22.314222583790848
-2.4196419641964195,-22.310700170791392
-2.418841884188419,-22.307181498690937
-2.418041804180418,-22.303666567054503
-2.4172417241724173,-22.300155375447616
-2.4164416441644163,-22.29664792343634
-2.4156415641564157,-22.29314421058723
-2.4148414841484147,-22.289644236467375
-2.414041404140414,-22.286148000644403
-2.413241324132413,-22.282655502686453
-2.4124412441244125,-22.27916674216221
-2.4116411641164115,-22.275681718640882
-2.410841084108411,-22.27220043169223
-2.41004100410041,-22.268722880886553
-2.4092409240924093,-22.26524906579469
-2.4084408440844083,-22.26177898598804
-2.4076407640764077,-22.258312641038557
-2.4068406840684067,-22.254850030518725
-2.406040604060406,-22.25139115400162
-2.405240524052405,-22.247936011060858
-2.4044404440444045,-22.244484601270635
-2.4036403640364035,-22.24103692420569
-2.402840284028403,-22.23759297944138
-2.402040204020402,-22.23415276655358
-2.4012401240124013,-22.23071628511879
-2.4004400440044003,-22.227283534714054
-2.3996399639963997,-22.22385451491703
-2.3988398839883986,-22.220429225305946
-2.398039803980398,-22.217007665459626
-2.397239723972397,-22.213589834957467
-2.3964396439643965,-22.2101757333795
-2.3956395639563954,-22.20676536030632
-2.394839483948395,-22.203358715319133
-2.394039403940394,-22.199955797999767
-2.3932393239323932,-22.19655660793063
-2.3924392439243922,-22.193161144694763
-2.3916391639163916,-22.189769407875794
-2.3908390839083906,-22.186381397057996
-2.39003900390039,-22.18299711182624
-2.389238923892389,-22.179616551766028
-2.3884388438843884,-22.176239716463485
-2.3876387638763874,-22.172866605505348
-2.386838683868387,-22.169497218479016
-2.386038603860386,-22.166131554972488
-2.385238523852385,-22.162769614574415
-2.384438443844384,-22.159411396874077
-2.3836383638363836,-22.156056901461405
-2.3828382838283826,-22.15270612792696
-2.382038203820382,-22.14935907586197
-2.381238123812381,-22.14601574485828
-2.3804380438043804,-22.142676134508413
-2.3796379637963794,-22.139340244405524
-2.378837883788379,-22.136008074143454
-2.3780378037803778,-22.132679623316662
-2.377237723772377,-22.1293548915203
-2.376437643764376,-22.126033878350174
-2.3756375637563756,-22.12271658340276
-2.3748374837483746,-22.119403006275178
-2.374037403740374,-22.11609314656526
-2.373237323732373,-22.112787003871475
-2.3724372437243724,-22.109484577792998
-2.3716371637163713,-22.106185867929646
-2.3708370837083708,-22.102890873881957
-2.3700370037003697,-22.099599595251124
-2.369236923692369,-22.096312031639037
-2.368436843684368,-22.09302818264826
-2.3676367636763676,-22.089748047882075
-2.3668366836683665,-22.08647162694443
-2.366036603660366,-22.08319891943998
-2.365236523652365,-22.079929924974067
-2.3644364436443643,-22.076664643152743
-2.3636363636363633,-22.073403073582757
-2.3628362836283627,-22.070145215871563
-2.3620362036203617,-22.066891069627314
-2.361236123612361,-22.063640634458885
-2.36043604360436,-22.060393909975847
-2.3596359635963595,-22.05715089578849
-2.3588358835883585,-22.053911591507823
-2.358035803580358,-22.050675996745564
-2.3572357235723573,-22.047444111114146
-2.3564356435643563,-22.044215934226727
-2.3556355635563557,-22.040991465697203
-2.3548354835483547,-22.03777070514017
-2.354035403540354,-22.03455365217097
-2.353235323532353,-22.031340306405667
-2.3524352435243525,-22.028130667461046
-2.3516351635163515,-22.02492473495465
-2.350835083508351,-22.021722508504723
-2.35003500350035,-22.01852398773029
-2.3492349234923493,-22.01532917225107
-2.3484348434843483,-22.01213806168755
-2.3476347634763477,-22.00895065566095
-2.3468346834683467,-22.005766953793245
-2.346034603460346,-22.002586955707148
-2.345234523452345,-21.99941066102611
-2.3444344434443445,-21.99623806937436
-2.3436343634363435,-21.993069180376857
-2.342834283428343,-21.98990399365932
-2.342034203420342,-21.986742508848224
-2.3412341234123413,-21.983584725570804
-2.3404340434043402,-21.98043064345506
-2.3396339633963397,-21.977280262129725
-2.3388338833883386,-21.97413358122434
-2.338033803380338,-21.97099060036918
-2.337233723372337,-21.967851319195287
-2.3364336433643365,-21.96471573733448
-2.3356335633563354,-21.961583854419352
-2.334833483348335,-21.958455670083254
-2.334033403340334,-21.955331183960322
-2.3332333233323332,-21.952210395685466
-2.332433243324332,-21.94909330489436
-2.3316331633163316,-21.945979911223475
-2.3308330833083306,-21.942870214310048
-2.33003300330033,-21.939764213792103
-2.329232923292329,-21.93666190930844
-2.3284328432843284,-21.933563300498662
-2.3276327632763274,-21.93046838700313
-2.326832683268327,-21.92737716846302
-2.326032603260326,-21.924289644520293
-2.325232523252325,-21.921205814817675
-2.324432443244324,-21.918125678998713
-2.3236323632363236,-21.915049236707734
-2.3228322832283226,-21.911976487589868
-2.322032203220322,-21.908907431291038
-2.321232123212321,-21.905842067457964
-2.3204320432043204,-21.90278039573816
-2.3196319631963194,-21.899722415779955
-2.318831883188319,-21.896668127232473
-2.3180318031803178,-21.893617529745647
-2.317231723172317,-21.890570622970188
-2.316431643164316,-21.887527406557663
-2.3156315631563156,-21.8844878801604
-2.3148314831483146,-21.881452043431565
-2.314031403140314,-21.87841989602513
-2.313231323132313,-21.875391437595866
-2.3124312431243124,-21.87236666779937
-2.3116311631163113,-21.86934558629205
-2.3108310831083108,-21.86632819273112
-2.3100310031003097,-21.863314486774637
-2.309230923092309,-21.860304468081452
-2.308430843084308,-21.85729813631124
-2.3076307630763075,-21.854295491124503
-2.3068306830683065,-21.851296532182566
-2.306030603060306,-21.84830125914757
-2.305230523052305,-21.845309671682486
-2.3044304430443043,-21.84232176945111
-2.3036303630363033,-21.83933755211806
-2.3028302830283027,-21.83635701934879
-2.3020302030203017,-21.83338017080958
-2.301230123012301,-21.830407006167533
-2.3004300430043,-21.827437525090595
-2.2996299629962995,-21.824471727247534
-2.2988298829882985,-21.821509612307963
-2.298029802980298,-21.818551179942318
-2.2972297229722973,-21.815596429821888
-2.2964296429642963,-21.81264536161877
-2.2956295629562957,-21.80969797500593
-2.2948294829482947,-21.806754269657148
-2.294029402940294,-21.803814245247064
-2.293229322932293,-21.800877901451145
-2.2924292429242925,-21.797945237945708
-2.2916291629162915,-21.79501625440791
-2.290829082908291,-21.792090950515743
-2.29002900290029,-21.78916932594806
-2.2892289228922893,-21.78625138038456
-2.2884288428842883,-21.78333711350577
-2.2876287628762877,-21.780426524993075
-2.2868286828682867,-21.77751961452872
-2.286028602860286,-21.774616381795788
-2.285228522852285,-21.771716826478205
-2.2844284428442845,-21.768820948260768
-2.2836283628362835,-21.765928746829115
-2.282828282828283,-21.76304022186973
-2.282028202820282,-21.760155373069964
-2.2812281228122813,-21.75727420011802
-2.2804280428042802,-21.75439670270295
-2.2796279627962797,-21.751522880514678
-2.2788278827882786,-21.748652733243958
-2.278027802780278,-21.745786260582438
-2.277227722772277,-21.742923462222592
-2.2764276427642764,-21.740064337857778
-2.2756275627562754,-21.73720888718219
-2.274827482748275,-21.734357109890922
-2.274027402740274,-21.73150900567988
-2.2732273227322732,-21.728664574245872
-2.272427242724272,-21.72582381528656
-2.2716271627162716,-21.722986728500462
-2.2708270827082706,-21.720153313586962
-2.27002700270027,-21.717323570246318
-2.269226922692269,-21.714497498179654
-2.2684268426842684,-21.71167509708895
-2.2676267626762674,-21.708856366677068
-2.266826682668267,-21.706041306647727
-2.266026602660266,-21.703229916705524
-2.265226522652265,-21.70042219655592
-2.264426442644264,-21.69761814590525
-2.2636263626362636,-21.694817764460716
-2.2628262826282626,-21.692021051930396
-2.262026202620262,-21.689228008023235
-2.261226122612261,-21.68643863244906
-2.2604260426042604,-21.68365292491857
-2.2596259625962594,-21.68087088514332
-2.258825882588259,-21.67809251283577
-2.2580258025802578,-21.67531780770923
-2.257225722572257,-21.672546769477897
-2.256425642564256,-21.66977939785685
-2.2556255625562556,-21.66701569256203
-2.2548254825482545,-21.664255653310263
-2.254025402540254,-21.66149927981926
-2.253225322532253,-21.658746571807598
-2.2524252425242524,-21.655997528994742
-2.2516251625162513,-21.653252151101036
-2.2508250825082508,-21.650510437847704
-2.2500250025002497,-21.647772388956838
-2.249224922492249,-21.64503800415143
-2.248424842484248,-21.642307283155347
-2.2476247624762475,-21.639580225693333
-2.2468246824682465,-21.63685683149101
-2.246024602460246,-21.634137100274906
-2.245224522452245,-21.63142103177241
-2.2444244424442443,-21.6287086257118
-2.2436243624362433,-21.62599988182224
-2.2428242824282427,-21.623294799833776
-2.2420242024202417,-21.62059337947735
-2.241224122412241,-21.617895620484777
-2.24042404240424,-21.615201522588762
-2.2396239623962395,-21.61251108552289
-2.2388238823882385,-21.609824309021644
-2.238023802380238,-21.607141192820396
-2.2372237223722373,-21.604461736655388
-2.2364236423642363,-21.60178594026376
-2.2356235623562357,-21.59911380338354
-2.2348234823482347,-21.596445325753646
-2.234023402340234,-21.593780507113884
-2.233223322332233,-21.59111934720495
-2.2324232423242325,-21.588461845768414
-2.2316231623162315,-21.58580800254676
-2.230823082308231,-21.58315781728335
-2.23002300230023,-21.580511289722434
-2.2292229222922293,-21.577868419609157
-2.2284228422842283,-21.57522920668955
-2.2276227622762277,-21.572593650710544
-2.2268226822682267,-21.569961751419953
-2.226022602260226,-21.56733350856648
-2.225222522252225,-21.564708921899733
-2.2244224422442245,-21.562087991170202
-2.2236223622362234,-21.55947071612927
-2.222822282228223,-21.556857096529214
-2.222022202220222,-21.55424713212321
-2.2212221222122213,-21.551640822665313
-2.2204220422042202,-21.549038167910485
-2.2196219621962197,-21.54643916761458
-2.2188218821882186,-21.54384382153433
-2.218021802180218,-21.541252129427384
-2.217221722172217,-21.538664091052272
-2.2164216421642164,-21.53607970616842
-2.2156215621562154,-21.533498974536137
-2.214821482148215,-21.53092189591666
-2.214021402140214,-21.528348470072082
-2.2132213221322132,-21.525778696765418
-2.212421242124212,-21.523212575760567
-2.2116211621162116,-21.52065010682232
-2.2108210821082106,-21.518091289716374
-2.21002100210021,-21.515536124209312
-2.209220922092209,-21.51298461006862
-2.2084208420842084,-21.51043674706267
-2.2076207620762074,-21.507892534960746
-2.206820682068207,-21.50535197353302
-2.206020602060206,-21.502815062550553
-2.205220522052205,-21.500281801785306
-2.204420442044204,-21.497752191010143
-2.2036203620362036,-21.495226229998824
-2.2028202820282026,-21.492703918525997
-2.202020202020202,-21.490185256367216
-2.201220122012201,-21.48767024329893
-2.2004200420042004,-21.48515887909847
-2.1996199619961994,-21.482651163544087
-2.1988198819881988,-21.480147096414925
-2.1980198019801978,-21.477646677491006
-2.197219721972197,-21.475149906553273
-2.196419641964196,-21.47265678338355
-2.1956195619561956,-21.470167307764562
-2.1948194819481945,-21.467681479479943
-2.194019401940194,-21.465199298314204
-2.193219321932193,-21.46272076405277
-2.1924192419241924,-21.460245876481956
-2.1916191619161913,-21.45777463538898
-2.1908190819081907,-21.455307040561948
-2.1900190019001897,-21.452843091789866
-2.189218921892189,-21.450382788862655
-2.188418841884188,-21.447926131571112
-2.1876187618761875,-21.445473119706936
-2.1868186818681865,-21.443023753062725
-2.186018601860186,-21.44057803143199
-2.185218521852185,-21.43813595460911
-2.1844184418441843,-21.43569752238939
-2.1836183618361833,-21.43326273456901
-2.1828182818281827,-21.43083159094507
-2.1820182018201817,-21.42840409131554
-2.181218121812181,-21.42598023547931
-2.18041804180418,-21.423560023236167
-2.1796179617961795,-21.42114345438678
-2.1788178817881785,-21.41873052873273
-2.178017801780178,-21.416321246076485
-2.177217721772177,-21.41391560622142
-2.1764176417641763,-21.4115136089718
-2.1756175617561757,-21.40911525413279
-2.1748174817481747,-21.406720541510445
-2.174017401740174,-21.404329470911737
-2.173217321732173,-21.401942042144512
-2.1724172417241725,-21.39955825501753
-2.1716171617161715,-21.397178109340437
-2.170817081708171,-21.394801604923785
-2.17001700170017,-21.39242874157901
-2.1692169216921693,-21.390059519118466
-2.1684168416841683,-21.38769393735538
-2.1676167616761677,-21.38533199610388
-2.1668166816681667,-21.382973695179018
-2.166016601660166,-21.380619034396698
-2.165216521652165,-21.378268013573756
-2.1644164416441645,-21.375920632527915
-2.1636163616361634,-21.373576891077782
-2.162816281628163,-21.37123678904288
-2.162016201620162,-21.368900326243605
-2.1612161216121613,-21.36656750250127
-2.1604160416041602,-21.364238317638062
-2.1596159615961597,-21.361912771477094
-2.1588158815881586,-21.35959086384235
-2.158015801580158,-21.35727259455871
-2.157215721572157,-21.354957963451966
-2.1564156415641564,-21.352646970348793
-2.1556155615561554,-21.35033961507676
-2.154815481548155,-21.348035897464328
-2.154015401540154,-21.345735817340877
-2.1532153215321532,-21.343439374536647
-2.152415241524152,-21.341146568882795
-2.1516151615161516,-21.33885740021137
-2.1508150815081506,-21.33657186835531
-2.15001500150015,-21.33428997314845
-2.149214921492149,-21.33201171442552
-2.1484148414841484,-21.32973709202214
-2.1476147614761474,-21.327466105774825
-2.146814681468147,-21.325198755520994
-2.1460146014601458,-21.32293504109894
-2.145214521452145,-21.320674962347866
-2.144414441444144,-21.31841851910786
-2.1436143614361436,-21.31616571121991
-2.1428142814281426,-21.313916538525884
-2.142014201420142,-21.311671000868557
-2.141214121412141,-21.30942909809159
-2.1404140414041404,-21.30719083003954
-2.1396139613961394,-21.304956196557843
-2.1388138813881388,-21.302725197492855
-2.1380138013801377,-21.30049783269179
-2.137213721372137,-21.29827410200278
-2.136413641364136,-21.29605400527484
-2.1356135613561356,-21.293837542357867
-2.1348134813481345,-21.291624713102667
-2.134013401340134,-21.289415517360922
-2.133213321332133,-21.287209954985222
-2.1324132413241323,-21.28500802582903
-2.1316131613161313,-21.282809729746702
-2.1308130813081307,-21.280615066593498
-2.1300130013001297,-21.278424036225555
-2.129212921292129,-21.27623663849991
-2.128412841284128,-21.274052873274478
-2.1276127612761275,-21.27187274040808
-2.1268126812681265,-21.26969623976041
-2.126012601260126,-21.267523371192066
-2.125212521252125,-21.26535413456452
-2.1244124412441243,-21.263188529740145
-2.1236123612361233,-21.261026556582202
-2.1228122812281227,-21.25886821495484
-2.1220122012201217,-21.256713504723088
-2.121212121212121,-21.254562425752873
-2.12041204120412,-21.252414977911013
-2.1196119611961195,-21.2502711610652
-2.1188118811881185,-21.24813097508403
-2.118011801180118,-21.245994419836975
-2.117211721172117,-21.2438614951944
-2.1164116411641163,-21.241732201027553
-2.1156115611561157,-21.239606537208576
-2.1148114811481147,-21.237484503610492
-2.114011401140114,-21.235366100107214
-2.113211321132113,-21.233251326573544
-2.1124112411241125,-21.23114018288516
-2.1116111611161115,-21.229032668918634
-2.110811081108111,-21.226928784551433
-2.11001100110011,-21.224828529661888
-2.1092109210921093,-21.22273190412923
-2.1084108410841083,-21.220638907833578
-2.1076107610761077,-21.21854954065593
-2.1068106810681066,-21.216463802478167
-2.106010601060106,-21.214381693183064
-2.105210521052105,-21.212303212654273
-2.1044104410441045,-21.210228360776327
-2.1036103610361034,-21.20815713743466
-2.102810281028103,-21.20608954251557
-2.102010201020102,-21.20402557590625
-2.1012101210121013,-21.201965237494782
-2.1004100410041002,-21.199908527170116
-2.0996099609960996,-21.197855444822103
-2.0988098809880986,-21.19580599034146
-2.098009800980098,-21.193760163619793
-2.097209720972097,-21.191717964549607
-2.0964096409640964,-21.189679393024267
-2.0956095609560954,-21.187644448938027
-2.094809480948095,-21.185613132186035
-2.094009400940094,-21.183585442664302
-2.093209320932093,-21.181561380269738
-2.092409240924092,-21.179540944900126
-2.0916091609160916,-21.17752413645413
-2.0908090809080906,-21.175510954831303
-2.09000900090009,-21.17350139993207
-2.089208920892089,-21.171495471657735
-2.0884088408840884,-21.169493169910506
-2.0876087608760874,-21.167494494593438
-2.086808680868087,-21.165499445610493
-2.0860086008600858,-21.1635080228665
-2.085208520852085,-21.16152022626717
-2.084408440844084,-21.159536055719105
-2.0836083608360836,-21.157555511129765
-2.0828082808280826,-21.155578592407508
-2.082008200820082,-21.15360529946156
-2.081208120812081,-21.151635632202044
-2.0804080408040804,-21.149669590539943
-2.0796079607960793,-21.147707174387122
-2.0788078807880788,-21.145748383656336
-2.0780078007800777,-21.14379321826121
-2.077207720772077,-21.141841678116243
-2.076407640764076,-21.139893763136826
-2.0756075607560756,-21.137949473239217
-2.0748074807480745,-21.13600880834055
-2.074007400740074,-21.134071768358847
-2.073207320732073,-21.132138353213
-2.0724072407240723,-21.130208562822787
-2.0716071607160713,-21.128282397108855
-2.0708070807080707,-21.126359855992725
-2.0700070007000697,-21.12444093939681
-2.069206920692069,-21.12252564724438
-2.068406840684068,-21.120613979459595
-2.0676067606760675,-21.118705935967487
-2.0668066806680665,-21.116801516693975
-2.066006600660066,-21.114900721565835
-2.065206520652065,-21.113003550510733
-2.0644064406440643,-21.111110003457206
-2.0636063606360633,-21.109220080334666
-2.0628062806280627,-21.1073337810734
-2.0620062006200617,-21.10545110560458
-2.061206120612061,-21.10357205386024
-2.06040604060406,-21.101696625773297
-2.0596059605960595,-21.09982482127754
-2.0588058805880585,-21.09795664030764
-2.058005800580058,-21.096092082799128
-2.057205720572057,-21.094231148688422
-2.0564056405640563,-21.092373837912806
-2.0556055605560553,-21.090520150410455
-2.0548054805480547,-21.088670086120388
-2.054005400540054,-21.086823644982534
-2.053205320532053,-21.084980826937674
-2.0524052405240525,-21.083141631927457
-2.0516051605160515,-21.081306059894423
-2.050805080508051,-21.079474110781977
-2.05000500050005,-21.077645784534404
-2.0492049204920493,-21.075821081096848
-2.0484048404840483,-21.074000000415335
-2.0476047604760477,-21.072182542436774
-2.0468046804680466,-21.07036870710893
-2.046004600460046,-21.068558494380447
-2.045204520452045,-21.066751904200842
-2.0444044404440445,-21.064948936520516
-2.0436043604360434,-21.06314959129071
-2.042804280428043,-21.061353868463577
-2.042004200420042,-21.059561767992122
-2.0412041204120412,-21.057773289830216
-2.04040404040404,-21.05598843393262
-2.0396039603960396,-21.05420720025495
-2.0388038803880386,-21.052429588753704
-2.038003800380038,-21.050655599386246
-2.037203720372037,-21.04888523211082
-2.0364036403640364,-21.047118486886532
-2.0356035603560354,-21.045355363673366
-2.034803480348035,-21.04359586243217
-2.034003400340034,-21.041839983124675
-2.033203320332033,-21.04008772571347
-2.032403240324032,-21.038339090162022
-2.0316031603160316,-21.036594076434678
-2.0308030803080306,-21.034852684496634
-2.03000300030003,-21.033114914313977
-2.029202920292029,-21.03138076585365
-2.0284028402840284,-21.02965023908348
-2.0276027602760274,-21.027923333972154
-2.026802680268027,-21.026200050489237
-2.0260026002600258,-21.024480388605156
-2.025202520252025,-21.022764348291222
-2.024402440244024,-21.0210519295196
-2.0236023602360236,-21.019343132263344
-2.0228022802280226,-21.01763795649635
-2.022002200220022,-21.015936402193418
-2.021202120212021,-21.014238469330195
-2.0204020402040204,-21.0125441578832
-2.0196019601960193,-21.01085346782984
-2.0188018801880188,-21.009166399148366
-2.0180018001800177,-21.00748295181791
-2.017201720172017,-21.00580312581849
-2.016401640164016,-21.004126921130965
-2.0156015601560155,-21.00245433773708
-2.0148014801480145,-21.000785375619454
-2.014001400140014,-20.999120034761564
-2.013201320132013,-20.99745831514776
-2.0124012401240123,-20.99580021676327
-2.0116011601160113,-20.99414573959418
-2.0108010801080107,-20.99249488362745
-2.0100010001000097,-20.99084764885091
-2.009200920092009,-20.989204035253263
-2.008400840084008,-20.987564042824072
-2.0076007600760075,-20.985927671553775
-2.0068006800680065,-20.984294921433683
-2.006000600060006,-20.982665792455972
-2.005200520052005,-20.981040284613684
-2.0044004400440043,-20.979418397900737
-2.0036003600360033,-20.97780013231192
-2.0028002800280027,-20.976185487842876
-2.0020002000200017,-20.97457446449014
-2.001200120012001,-20.972967062251094
-2.000400040004,-20.97136328112401
-1.999599959995999,-20.971363281124006
-1.998799879987999,-20.972967062251094
-1.9979997999799979,-20.97457446449014
-1.9971997199719969,-20.97618548784288
-1.9963996399639958,-20.97780013231192
-1.9955995599559957,-20.979418397900744
-1.9947994799479947,-20.981040284613684
-1.9939993999399936,-20.982665792455972
-1.9931993199319935,-20.984294921433683
-1.9923992399239925,-20.985927671553775
-1.9915991599159915,-20.987564042824072
-1.9907990799079904,-20.989204035253263
-1.9899989998999903,-20.99084764885091
-1.9891989198919893,-20.99249488362745
-1.9883988398839882,-20.99414573959418
-1.9875987598759872,-20.99580021676327
-1.986798679867987,-20.997458315147764
-1.985998599859986,-20.999120034761564
-1.985198519851985,-21.00078537561945
-1.984398439843984,-21.00245433773708
-1.9835983598359839,-21.00412692113096
-1.9827982798279828,-21.00580312581849
-1.9819981998199818,-21.007482951817913
-1.9811981198119808,-21.009166399148363
-1.9803980398039807,-21.01085346782984
-1.9795979597959796,-21.0125441578832
-1.9787978797879786,-21.014238469330195
-1.9779977997799776,-21.01593640219342
-1.9771977197719774,-21.01763795649635
-1.9763976397639764,-21.019343132263344
-1.9755975597559754,-21.021051929519604
-1.9747974797479744,-21.022764348291222
-1.9739973997399742,-21.024480388605156
-1.9731973197319732,-21.026200050489237
-1.9723972397239722,-21.027923333972158
-1.9715971597159712,-21.02965023908348
-1.970797079707971,-21.031380765853648
-1.96999699969997,-21.033114914313977
-1.969196919691969,-21.034852684496634
-1.968396839683968,-21.03659407643468
-1.9675967596759678,-21.038339090162022
-1.9667966796679668,-21.04008772571347
-1.9659965996599658,-21.04183998312467
-1.9651965196519647,-21.04359586243217
-1.9643964396439646,-21.045355363673366
-1.9635963596359636,-21.047118486886532
-1.9627962796279625,-21.04888523211082
-1.9619961996199615,-21.050655599386246
-1.9611961196119614,-21.052429588753704
-1.9603960396039604,-21.05420720025495
-1.9595959595959593,-21.05598843393262
-1.9587958795879583,-21.05777328983022
-1.9579957995799582,-21.059561767992122
-1.9571957195719571,-21.061353868463577
-1.9563956395639561,-21.063149591290713
-1.955595559555955,-21.064948936520512
-1.954795479547955,-21.066751904200842
-1.953995399539954,-21.068558494380447
-1.953195319531953,-21.07036870710893
-1.9523952395239519,-21.072182542436774
-1.9515951595159517,-21.074000000415335
-1.9507950795079507,-21.075821081096848
-1.9499949994999497,-21.077645784534404
-1.9491949194919487,-21.07947411078198
-1.9483948394839485,-21.081306059894423
-1.9475947594759475,-21.083141631927457
-1.9467946794679465,-21.084980826937674
-1.9459945994599455,-21.086823644982537
-1.9451945194519453,-21.088670086120388
-1.9443944394439443,-21.090520150410455
-1.9435943594359433,-21.092373837912806
-1.9427942794279423,-21.094231148688422
-1.9419941994199421,-21.096092082799128
-1.941194119411941,-21.097956640307643
-1.94039403940394,-21.099824821277544
-1.939593959395939,-21.1016966257733
-1.938793879387939,-21.10357205386024
-1.9379937993799379,-21.10545110560458
-1.9371937193719369,-21.1073337810734
-1.9363936393639358,-21.109220080334666
-1.9355935593559357,-21.1111100034572
-1.9347934793479347,-21.113003550510733
-1.9339933993399336,-21.11490072156584
-1.9331933193319335,-21.116801516693975
-1.9323932393239325,-21.11870593596749
-1.9315931593159315,-21.1206139794596
-1.9307930793079304,-21.12252564724438
-1.9299929992999303,-21.12444093939681
-1.9291929192919293,-21.126359855992728
-1.9283928392839282,-21.12828239710886
-1.9275927592759272,-21.130208562822787
-1.926792679267927,-21.132138353213
-1.925992599259926,-21.134071768358847
-1.925192519251925,-21.136008808340545
-1.924392439243924,-21.137949473239214
-1.9235923592359239,-21.139893763136826
-1.9227922792279228,-21.141841678116243
-1.9219921992199218,-21.14379321826121
-1.9211921192119208,-21.14574838365634
-1.9203920392039207,-21.147707174387126
-1.9195919591959196,-21.14966959053994
-1.9187918791879186,-21.151635632202044
-1.9179917991799176,-21.153605299461564
-1.9171917191719174,-21.155578592407508
-1.9163916391639164,-21.157555511129765
-1.9155915591559154,-21.159536055719105
-1.9147914791479144,-21.161520226267175
-1.9139913991399142,-21.1635080228665
-1.9131913191319132,-21.165499445610493
-1.9123912391239122,-21.16749449459344
-1.9115911591159112,-21.169493169910506
-1.910791079107911,-21.17149547165774
-1.90999099909991,-21.17350139993207
-1.909190919091909,-21.175510954831303
-1.908390839083908,-21.177524136454135
-1.9075907590759078,-21.179540944900126
-1.9067906790679068,-21.181561380269738
-1.9059905990599058,-21.183585442664302
-1.9051905190519047,-21.185613132186035
-1.9043904390439046,-21.187644448938027
-1.9035903590359036,-21.189679393024267
-1.9027902790279025,-21.19171796454961
-1.9019901990199015,-21.193760163619796
-1.9011901190119014,-21.195805990341455
-1.9003900390039004,-21.1978554448221
-1.8995899589958993,-21.19990852717012
-1.8987898789878983,-21.201965237494782
-1.8979897989798982,-21.20402557590625
-1.8971897189718971,-21.20608954251557
-1.8963896389638961,-21.20815713743466
-1.895589558955895,-21.210228360776334
-1.894789478947895,-21.212303212654273
-1.893989398939894,-21.214381693183064
-1.893189318931893,-21.216463802478167
-1.8923892389238919,-21.21854954065593
-1.8915891589158917,-21.220638907833578
-1.8907890789078907,-21.22273190412923
-1.8899889988998897,-21.224828529661888
-1.8891889188918887,-21.226928784551433
-1.8883888388838885,-21.229032668918634
-1.8875887588758875,-21.23114018288516
-1.8867886788678865,-21.233251326573544
-1.8859885988598855,-21.235366100107214
-1.8851885188518853,-21.237484503610492
-1.8843884388438843,-21.239606537208576
-1.8835883588358833,-21.241732201027553
-1.8827882788278822,-21.2438614951944
-1.881988198819882,-21.245994419836975
-1.881188118811881,-21.24813097508403
-1.88038803880388,-21.2502711610652
-1.879587958795879,-21.252414977911016
-1.878787878787879,-21.254562425752873
-1.8779877987798779,-21.25671350472309
-1.8771877187718768,-21.25886821495484
-1.8763876387638758,-21.261026556582205
-1.8755875587558757,-21.263188529740148
-1.8747874787478747,-21.26535413456452
-1.8739873987398736,-21.267523371192066
-1.8731873187318735,-21.26969623976041
-1.8723872387238725,-21.27187274040808
-1.8715871587158714,-21.27405287327448
-1.8707870787078704,-21.27623663849991
-1.8699869986998703,-21.278424036225555
-1.8691869186918693,-21.280615066593498
-1.8683868386838682,-21.282809729746702
-1.8675867586758672,-21.28500802582903
-1.866786678667867,-21.287209954985222
-1.865986598659866,-21.289415517360922
-1.865186518651865,-21.29162471310267
-1.864386438643864,-21.29383754235787
-1.8635863586358639,-21.296054005274836
-1.8627862786278628,-21.29827410200278
-1.8619861986198618,-21.300497832691793
-1.8611861186118608,-21.302725197492855
-1.8603860386038606,-21.304956196557843
-1.8595859585958596,-21.30719083003954
-1.8587858785878586,-21.309429098091595
-1.8579857985798576,-21.311671000868557
-1.8571857185718574,-21.313916538525884
-1.8563856385638564,-21.31616571121991
-1.8555855585558554,-21.318418519107862
-1.8547854785478544,-21.320674962347866
-1.8539853985398542,-21.322935041098937
-1.8531853185318532,-21.325198755520994
-1.8523852385238522,-21.327466105774825
-1.8515851585158511,-21.329737092022143
-1.850785078507851,-21.33201171442552
-1.84998499849985,-21.33428997314845
-1.849184918491849,-21.336571868355314
-1.848384838483848,-21.33885740021137
-1.8475847584758478,-21.341146568882795
-1.8467846784678468,-21.343439374536644
-1.8459845984598457,-21.345735817340874
-1.8451845184518447,-21.34803589746433
-1.8443844384438446,-21.350339615076756
-1.8435843584358436,-21.352646970348793
-1.8427842784278425,-21.35495796345197
-1.8419841984198415,-21.35727259455871
-1.8411841184118414,-21.35959086384235
-1.8403840384038403,-21.361912771477094
-1.8395839583958393,-21.364238317638065
-1.8387838783878383,-21.366567502501265
-1.8379837983798382,-21.368900326243605
-1.8371837183718371,-21.371236789042882
-1.8363836383638361,-21.373576891077786
-1.835583558355835,-21.37592063252792
-1.834783478347835,-21.37826801357376
-1.833983398339834,-21.380619034396698
-1.833183318331833,-21.382973695179015
-1.8323832383238319,-21.385331996103883
-1.8315831583158317,-21.387693937355376
-1.8307830783078307,-21.390059519118466
-1.8299829982998297,-21.392428741579018
-1.8291829182918287,-21.394801604923785
-1.8283828382838285,-21.397178109340437
-1.8275827582758275,-21.39955825501753
-1.8267826782678265,-21.401942042144515
-1.8259825982598255,-21.404329470911737
-1.8251825182518253,-21.406720541510445
-1.8243824382438243,-21.40911525413279
-1.8235823582358233,-21.4115136089718
-1.8227822782278222,-21.413915606221423
-1.821982198219822,-21.416321246076485
-1.821182118211821,-21.41873052873273
-1.82038203820382,-21.421143454386783
-1.819581958195819,-21.42356002323617
-1.818781878187819,-21.42598023547931
-1.8179817981798179,-21.428404091315542
-1.8171817181718168,-21.43083159094507
-1.8163816381638158,-21.433262734569013
-1.8155815581558157,-21.43569752238939
-1.8147814781478147,-21.438135954609113
-1.8139813981398136,-21.44057803143199
-1.8131813181318126,-21.443023753062732
-1.8123812381238125,-21.44547311970694
-1.8115811581158114,-21.447926131571116
-1.8107810781078104,-21.450382788862658
-1.8099809980998103,-21.45284309178987
-1.8091809180918093,-21.455307040561948
-1.8083808380838082,-21.45777463538898
-1.8075807580758072,-21.460245876481956
-1.806780678067807,-21.46272076405277
-1.805980598059806,-21.465199298314204
-1.805180518051805,-21.46768147947994
-1.804380438043804,-21.470167307764566
-1.8035803580358039,-21.47265678338355
-1.8027802780278028,-21.475149906553273
-1.8019801980198018,-21.47764667749101
-1.8011801180118008,-21.480147096414925
-1.8003800380038006,-21.482651163544087
-1.7995799579957996,-21.48515887909847
-1.7987798779877986,-21.487670243298922
-1.7979797979797976,-21.49018525636722
-1.7971797179717974,-21.492703918525997
-1.7963796379637964,-21.495226229998824
-1.7955795579557954,-21.497752191010147
-1.7947794779477944,-21.500281801785306
-1.7939793979397942,-21.502815062550553
-1.7931793179317932,-21.505351973533024
-1.7923792379237922,-21.507892534960753
-1.7915791579157911,-21.510436747062677
-1.790779077907791,-21.512984610068617
-1.78997899789979,-21.515536124209312
-1.789178917891789,-21.518091289716374
-1.788378837883788,-21.52065010682232
-1.7875787578757878,-21.523212575760564
-1.7867786778677868,-21.525778696765418
-1.7859785978597857,-21.528348470072082
-1.7851785178517847,-21.53092189591666
-1.7843784378437846,-21.533498974536137
-1.7835783578357836,-21.536079706168415
-1.7827782778277825,-21.538664091052276
-1.7819781978197815,-21.541252129427388
-1.7811781178117814,-21.54384382153433
-1.7803780378037803,-21.54643916761458
-1.7795779577957793,-21.54903816791049
-1.7787778777877783,-21.551640822665316
-1.7779777977797782,-21.55424713212321
-1.7771777177717771,-21.556857096529214
-1.776377637763776,-21.55947071612927
-1.775577557755775,-21.562087991170202
-1.774777477747775,-21.564708921899733
-1.773977397739774,-21.56733350856648
-1.773177317731773,-21.569961751419953
-1.7723772377237719,-21.572593650710544
-1.7715771577157717,-21.57522920668955
-1.7707770777077707,-21.577868419609157
-1.7699769976997697,-21.580511289722438
-1.7691769176917687,-21.58315781728335
-1.7683768376837685,-21.58580800254676
-1.7675767576757675,-21.588461845768414
-1.7667766776677665,-21.591119347204945
-1.7659765976597654,-21.593780507113884
-1.7651765176517653,-21.596445325753646
-1.7643764376437643,-21.59911380338354
-1.7635763576357633,-21.60178594026376
-1.7627762776277622,-21.604461736655388
-1.761976197619762,-21.607141192820396
-1.761176117611761,-21.609824309021647
-1.76037603760376,-21.612511085522893
-1.759575957595759,-21.61520152258876
-1.7587758775877589,-21.617895620484777
-1.7579757975797579,-21.62059337947735
-1.7571757175717568,-21.62329479983378
-1.7563756375637558,-21.62599988182224
-1.7555755575557557,-21.6287086257118
-1.7547754775477546,-21.631421031772412
-1.7539753975397536,-21.63413710027491
-1.7531753175317526,-21.636856831491016
-1.7523752375237525,-21.639580225693333
-1.7515751575157514,-21.642307283155347
-1.7507750775077504,-21.645038004151434
-1.7499749974997503,-21.647772388956838
-1.7491749174917492,-21.650510437847704
-1.7483748374837482,-21.653252151101036
-1.7475747574757472,-21.655997528994746
-1.746774677467747,-21.658746571807598
-1.745974597459746,-21.66149927981926
-1.745174517451745,-21.664255653310263
-1.744374437443744,-21.66701569256203
-1.7435743574357438,-21.66977939785685
-1.7427742774277428,-21.672546769477897
-1.7419741974197418,-21.67531780770923
-1.7411741174117408,-21.67809251283577
-1.7403740374037406,-21.68087088514332
-1.7395739573957396,-21.68365292491857
-1.7387738773877386,-21.686438632449065
-1.7379737973797376,-21.68922800802324
-1.7371737173717374,-21.692021051930396
-1.7363736373637364,-21.694817764460716
-1.7355735573557354,-21.697618145905253
-1.7347734773477343,-21.700422196555923
-1.7339733973397342,-21.703229916705524
-1.7331733173317332,-21.70604130664773
-1.7323732373237322,-21.708856366677068
-1.7315731573157311,-21.711675097088953
-1.730773077307731,-21.714497498179654
-1.72997299729973,-21.717323570246318
-1.729172917291729,-21.720153313586962
-1.728372837283728,-21.72298672850046
-1.7275727572757278,-21.72582381528656
-1.7267726772677268,-21.728664574245872
-1.7259725972597257,-21.73150900567988
-1.7251725172517247,-21.734357109890922
-1.7243724372437246,-21.73720888718219
-1.7235723572357236,-21.740064337857778
-1.7227722772277225,-21.742923462222592
-1.7219721972197215,-21.74578626058244
-1.7211721172117214,-21.748652733243958
-1.7203720372037203,-21.751522880514678
-1.7195719571957193,-21.75439670270295
-1.7187718771877183,-21.75727420011802
-1.7179717971797182,-21.760155373069964
-1.7171717171717171,-21.76304022186973
-1.716371637163716,-21.765928746829115
-1.715571557155715,-21.768820948260775
-1.714771477147715,-21.771716826478205
-1.713971397139714,-21.774616381795788
-1.713171317131713,-21.77751961452872
-1.7123712371237119,-21.780426524993082
-1.7115711571157117,-21.78333711350577
-1.7107710771077107,-21.78625138038456
-1.7099709970997097,-21.789169325948066
-1.7091709170917087,-21.792090950515743
-1.7083708370837085,-21.79501625440791
-1.7075707570757075,-21.797945237945708
-1.7067706770677065,-21.800877901451152
-1.7059705970597054,-21.803814245247064
-1.7051705170517053,-21.806754269657148
-1.7043704370437043,-21.80969797500593
-1.7035703570357033,-21.812645361618774
-1.7027702770277022,-21.815596429821895
-1.701970197019702,-21.818551179942318
-1.701170117011701,-21.821509612307963
-1.7003700370037,-21.824471727247538
-1.699569956995699,-21.8274375250906
-1.6987698769876989,-21.830407006167533
-1.6979697969796979,-21.833380170809576
-1.6971697169716968,-21.836357019348792
-1.6963696369636958,-21.839337552118067
-1.6955695569556957,-21.84232176945111
-1.6947694769476946,-21.845309671682486
-1.6939693969396936,-21.84830125914757
-1.6931693169316926,-21.85129653218257
-1.6923692369236925,-21.854295491124503
-1.6915691569156914,-21.857298136311243
-1.6907690769076904,-21.860304468081452
-1.6899689968996903,-21.863314486774637
-1.6891689168916892,-21.866328192731125
-1.6883688368836882,-21.86934558629205
-1.6875687568756872,-21.87236666779937
-1.686768676867687,-21.875391437595866
-1.685968596859686,-21.87841989602513
-1.685168516851685,-21.88145204343157
-1.684368436843684,-21.884487880160407
-1.6835683568356838,-21.887527406557663
-1.6827682768276828,-21.890570622970195
-1.6819681968196818,-21.89361752974564
-1.6811681168116808,-21.896668127232477
-1.6803680368036806,-21.899722415779955
-1.6795679567956796,-21.90278039573816
-1.6787678767876786,-21.905842067457964
-1.6779677967796776,-21.90890743129104
-1.6771677167716774,-21.911976487589868
-1.6763676367636764,-21.915049236707734
-1.6755675567556754,-21.918125678998713
-1.6747674767476743,-21.92120581481768
-1.6739673967396742,-21.924289644520293
-1.6731673167316732,-21.927377168463025
-1.6723672367236722,-21.93046838700313
-1.6715671567156711,-21.933563300498662
-1.670767076707671,-21.93666190930844
-1.66996699669967,-21.939764213792103
-1.669166916691669,-21.942870214310048
-1.668366836683668,-21.945979911223482
-1.6675667566756678,-21.94909330489436
-1.6667666766676668,-21.952210395685466
-1.6659665966596657,-21.955331183960325
-1.6651665166516647,-21.958455670083257
-1.6643664366436646,-21.961583854419352
-1.6635663566356635,-21.96471573733448
-1.6627662766276625,-21.967851319195287
-1.6619661966196615,-21.97099060036918
-1.6611661166116614,-21.97413358122434
-1.6603660366036603,-21.977280262129728
-1.6595659565956593,-21.98043064345505
-1.6587658765876583,-21.983584725570807
-1.6579657965796581,-21.98674250884822
-1.6571657165716571,-21.98990399365932
-1.656365636563656,-21.993069180376857
-1.655565556555655,-21.996238069374364
-1.654765476547655,-21.99941066102611
-1.653965396539654,-22.002586955707148
-1.6531653165316529,-22.00576695379325
-1.6523652365236519,-22.008950655660954
-1.6515651565156517,-22.01213806168755
-1.6507650765076507,-22.01532917225107
-1.6499649964996497,-22.01852398773029
-1.6491649164916486,-22.021722508504734
-1.6483648364836485,-22.02492473495465
-1.6475647564756475,-22.028130667461046
-1.6467646764676465,-22.031340306405664
-1.6459645964596454,-22.03455365217097
-1.6451645164516453,-22.03777070514017
-1.6443644364436443,-22.040991465697207
-1.6435643564356432,-22.044215934226727
-1.6427642764276422,-22.047444111114146
-1.641964196419642,-22.050675996745564
-1.641164116411641,-22.053911591507823
-1.64036403640364,-22.057150895788496
-1.639563956395639,-22.06039390997585
-1.6387638763876389,-22.063640634458885
-1.6379637963796378,-22.066891069627317
-1.6371637163716368,-22.070145215871566
-1.6363636363636358,-22.07340307358276
-1.6355635563556357,-22.076664643152743
-1.6347634763476346,-22.079929924974067
-1.6339633963396336,-22.08319891943998
-1.6331633163316326,-22.086471626944437
-1.6323632363236324,-22.089748047882075
-1.6315631563156314,-22.09302818264826
-1.6307630763076304,-22.096312031639037
-1.6299629962996303,-22.099599595251124
-1.6291629162916292,-22.10289087388196
-1.6283628362836282,-22.10618586792965
-1.6275627562756272,-22.109484577792998
-1.626762676267627,-22.112787003871475
-1.625962596259626,-22.116093146565262
-1.625162516251625,-22.119403006275178
-1.624362436243624,-22.12271658340276
-1.6235623562356238,-22.126033878350178
-1.6227622762276228,-22.1293548915203
-1.6219621962196218,-22.132679623316665
-1.6211621162116208,-22.136008074143454
-1.6203620362036206,-22.13934024440553
-1.6195619561956196,-22.142676134508417
-1.6187618761876186,-22.146015744858282
-1.6179617961796176,-22.149359075861977
-1.6171617161716174,-22.15270612792696
-1.6163616361636164,-22.156056901461405
-1.6155615561556154,-22.159411396874077
-1.6147614761476143,-22.162769614574415
-1.6139613961396142,-22.166131554972488
-1.6131613161316132,-22.169497218479016
-1.6123612361236122,-22.172866605505348
-1.6115611561156111,-22.17623971646348
-1.610761076107611,-22.179616551766028
-1.60996099609961,-22.18299711182624
-1.609160916091609,-22.186381397057996
-1.608360836083608,-22.189769407875797
-1.6075607560756078,-22.193161144694763
-1.6067606760676068,-22.19655660793063
-1.6059605960596057,-22.19995579799977
-1.6051605160516047,-22.20335871531914
-1.6043604360436046,-22.20676536030632
-1.6035603560356035,-22.2101757333795
-1.6027602760276025,-22.21358983495747
-1.6019601960196015,-22.217007665459626
-1.6011601160116014,-22.220429225305942
-1.6003600360036003,-22.22385451491703
-1.5995599559955993,-22.227283534714058
-1.5987598759875983,-22.23071628511879
-1.5979597959795981,-22.234152766553578
-1.5971597159715971,-22.23759297944138
-1.596359635963596,-22.2410369242057
-1.595559555955595,-22.24448460127063
-1.594759475947595,-22.247936011060855
-1.593959395939594,-22.25139115400162
-1.5931593159315929,-22.254850030518732
-1.5923592359235919,-22.258312641038554
-1.5915591559155917,-22.26177898598804
-1.5907590759075907,-22.26524906579469
-1.5899589958995897,-22.268722880886553
-1.5891589158915886,-22.272200431692234
-1.5883588358835885,-22.275681718640882
-1.5875587558755875,-22.27916674216221
-1.5867586758675865,-22.282655502686453
-1.5859585958595854,-22.286148000644403
-1.5851585158515853,-22.289644236467375
-1.5843584358435843,-22.29314421058723
-1.5835583558355832,-22.296647923436343
-1.5827582758275822,-22.300155375447616
-1.581958195819582,-22.303666567054503
-1.581158115811581,-22.307181498690937
-1.58035803580358,-22.310700170791396
-1.579557955795579,-22.31422258379086
-1.5787578757875789,-22.317748738124802
-1.5779577957795778,-22.321278634229245
-1.5771577157715768,-22.324812272540672
-1.5763576357635758,-22.328349653496087
-1.5755575557555757,-22.331890777532973
-1.5747574757475746,-22.335435645089316
-1.5739573957395736,-22.338984256603595
-1.5731573157315726,-22.34253661251477
-1.5723572357235724,-22.34609271326227
-1.5715571557155714,-22.349652559286014
-1.5707570757075704,-22.3532161510264
-1.5699569956995694,-22.356783488924272
-1.5691569156915692,-22.360354573420963
-1.5683568356835682,-22.36392940495827
-1.5675567556755672,-22.367507983978435
-1.566756675667567,-22.37109031092416
-1.565956595659566,-22.374676386238605
-1.565156515651565,-22.37826621036536
-1.564356435643564,-22.38185978374849
-1.5635563556355638,-22.385457106832472
-1.5627562756275628,-22.38905818006223
-1.5619561956195618,-22.392663003883122
-1.5611561156115608,-22.396271578740937
-1.5603560356035606,-22.39988390508187
-1.5595559555955596,-22.40349998335257
-1.5587558755875586,-22.40711981400007
-1.5579557955795575,-22.410743397471837
-1.5571557155715574,-22.414370734215737
-1.5563556355635564,-22.418001824680044
-1.5555555555555554,-22.421636669313436
-1.5547554755475543,-22.425275268564988
-1.5539553955395542,-22.428917622884143
-1.5531553155315532,-22.432563732720784
-1.5523552355235521,-22.436213598525136
-1.5515551555155511,-22.43986722074781
-1.550755075507551,-22.443524599839808
-1.54995499549955,-22.447185736252507
-1.549154915491549,-22.45085063043763
-1.548354835483548,-22.454519282847272
-1.5475547554755478,-22.458191693933905
-1.5467546754675467,-22.461867864150335
-1.5459545954595457,-22.46554779394973
-1.5451545154515447,-22.46923148378561
-1.5443544354435446,-22.47291893411181
-1.5435543554355435,-22.47661014538254
-1.5427542754275425,-22.48030511805232
-1.5419541954195415,-22.484003852576013
-1.5411541154115413,-22.487706349408786
-1.5403540354035403,-22.491412609006158
-1.5395539553955393,-22.49512263182394
-1.5387538753875383,-22.498836418318263
-1.5379537953795381,-22.50255396894556
-1.537153715371537,-22.50627528416258
-1.536353635363536,-22.510000364426354
-1.535553555355535,-22.513729210194228
-1.534753475347535,-22.517461821923803
-1.533953395339534,-22.52119820007301
-1.5331533153315329,-22.52493834510002
-1.5323532353235318,-22.528682257463295
-1.5315531553155317,-22.532429937621565
-1.5307530753075307,-22.536181386033846
-1.5299529952995297,-22.539936603159397
-1.5291529152915286,-22.54369558945772
-1.5283528352835285,-22.54745834538859
-1.5275527552755275,-22.551224871412032
-1.5267526752675264,-22.554995167988302
-1.5259525952595254,-22.558769235577902
-1.5251525152515253,-22.562547074641547
-1.5243524352435243,-22.566328685640215
-1.5235523552355232,-22.57011406903508
-1.5227522752275222,-22.573903225287538
-1.521952195219522,-22.577696154859208
-1.521152115211521,-22.58149285821191
-1.52035203520352,-22.585293335807677
-1.519551955195519,-22.589097588108725
-1.5187518751875189,-22.59290561557748
-1.5179517951795178,-22.596717418676548
-1.5171517151715168,-22.60053299786872
-1.5163516351635158,-22.604352353616964
-1.5155515551555157,-22.608175486384425
-1.5147514751475146,-22.61200239663442
-1.5139513951395136,-22.615833084830424
-1.5131513151315126,-22.619667551436066
-1.5123512351235124,-22.623505796915133
-1.5115511551155114,-22.627347821731572
-1.5107510751075104,-22.63119362634945
-1.5099509950995094,-22.63504321123299
-1.5091509150915092,-22.638896576846534
-1.5083508350835082,-22.64275372365456
-1.5075507550755072,-22.646614652121677
-1.506750675067507,-22.650479362712574
-1.505950595059506,-22.654347855892105
-1.505150515051505,-22.658220132125187
-1.504350435043504,-22.66209619187685
-1.5035503550355038,-22.665976035612218
-1.5027502750275028,-22.669859663796522
-1.5019501950195018,-22.673747076895058
-1.5011501150115008,-22.677638275373198
-1.5003500350035006,-22.68153325969641
-1.4995499549954996,-22.6854320303302
-1.4987498749874986,-22.68933458774017
-1.4979497949794975,-22.693240932391944
-1.4971497149714974,-22.697151064751218
-1.4963496349634964,-22.701064985283747
-1.4955495549554954,-22.70498269445529
-1.4947494749474943,-22.708904192731666
-1.4939493949394942,-22.71282948057872
-1.4931493149314932,-22.71675855846232
-1.4923492349234921,-22.720691426848347
-1.4915491549154911,-22.724628086202696
-1.490749074907491,-22.728568536991258
-1.48994899489949,-22.732512779679954
-1.489148914891489,-22.736460814734663
-1.488348834883488,-22.740412642621283
-1.4875487548754878,-22.744368263805676
-1.4867486748674867,-22.748327678753697
-1.4859485948594857,-22.752290887931146
-1.4851485148514847,-22.75625789180382
-1.4843484348434846,-22.760228690837458
-1.4835483548354835,-22.764203285497754
-1.4827482748274825,-22.768181676250357
-1.4819481948194815,-22.772163863560856
-1.4811481148114813,-22.77614984789476
-1.4803480348034803,-22.780139629717528
-1.4795479547954793,-22.78413320949454
-1.4787478747874783,-22.788130587691086
-1.4779477947794781,-22.792131764772364
-1.477147714771477,-22.796136741203494
-1.476347634763476,-22.800145517449494
-1.475547554755475,-22.80415809397525
-1.474747474747475,-22.808174471245568
-1.473947394739474,-22.81219464972511
-1.4731473147314729,-22.816218629878428
-1.4723472347234718,-22.820246412169947
-1.4715471547154717,-22.82427799706393
-1.4707470747074707,-22.828313385024526
-1.4699469946994697,-22.83235257651571
-1.4691469146914686,-22.83639557200132
-1.4683468346834685,-22.840442371945002
-1.4675467546754675,-22.844492976810283
-1.4667466746674664,-22.84854738706047
-1.4659465946594654,-22.8526056031587
-1.4651465146514653,-22.856667625567923
-1.4643464346434643,-22.860733454750914
-1.4635463546354632,-22.86480309117021
-1.4627462746274622,-22.868876535288173
-1.461946194619462,-22.87295378756694
-1.461146114611461,-22.877034848468412
-1.46034603460346,-22.88111971845429
-1.459545954595459,-22.885208397986027
-1.4587458745874589,-22.88930088752483
-1.4579457945794578,-22.893397187531672
-1.4571457145714568,-22.89749729846728
-1.4563456345634558,-22.901601220792088
-1.4555455545554556,-22.905708954966297
-1.4547454745474546,-22.90982050144982
-1.4539453945394536,-22.9139358607023
-1.4531453145314526,-22.918055033183073
-1.4523452345234524,-22.922178019351193
-1.4515451545154514,-22.92630481966544
-1.4507450745074504,-22.930435434584236
-1.4499449944994494,-22.934569864565734
-1.4491449144914492,-22.938708110067743
-1.4483448344834482,-22.942850171547754
-1.4475447544754472,-22.94699604946291
-1.446744674467447,-22.951145744270036
-1.445944594459446,-22.955299256425597
-1.445144514451445,-22.9594565863857
-1.444344434443444,-22.96361773460609
-1.4435443544354438,-22.967782701542145
-1.4427442744274428,-22.971951487648887
-1.4419441944194418,-22.976124093380918
-1.4411441144114407,-22.980300519192483
-1.4403440344034406,-22.984480765537405
-1.4395439543954396,-22.988664832869134
-1.4387438743874386,-22.99285272164068
-1.4379437943794375,-22.997044432304648
-1.4371437143714374,-23.00123996531321
-1.4363436343634364,-23.005439321118125
-1.4355435543554353,-23.009642500170692
-1.4347434743474343,-23.013849502921772
-1.4339433943394342,-23.01806032982177
-1.4331433143314332,-23.02227498132064
-1.4323432343234321,-23.026493457867858
-1.431543154315431,-23.03071575991242
-1.430743074307431,-23.034941887902853
-1.42994299429943,-23.03917184228719
-1.429142914291429,-23.04340562351296
-1.428342834283428,-23.04764323202719
-1.4275427542754278,-23.0518846682764
-1.4267426742674267,-23.056129932706586
-1.4259425942594257,-23.060379025763226
-1.4251425142514247,-23.064631947891247
-1.4243424342434245,-23.06888869953505
-1.4235423542354235,-23.07314928113849
-1.4227422742274225,-23.07741369314484
-1.4219421942194215,-23.081681935996848
-1.4211421142114213,-23.085954010136653
-1.4203420342034203,-23.09022991600584
-1.4195419541954193,-23.094509654045407
-1.4187418741874183,-23.098793224695736
-1.4179417941794181,-23.10308062839662
-1.417141714171417,-23.10737186558726
-1.416341634163416,-23.111666936706225
-1.415541554155415,-23.115965842191457
-1.414741474147415,-23.120268582480257
-1.4139413941394139,-23.12457515800932
-1.4131413141314129,-23.12888556921466
-1.4123412341234118,-23.133199816531654
-1.4115411541154117,-23.137517900395004
-1.4107410741074107,-23.14183982123876
-1.4099409940994097,-23.146165579496277
-1.4091409140914086,-23.150495175600227
-1.4083408340834085,-23.154828609982584
-1.4075407540754075,-23.159165883074646
-1.4067406740674064,-23.163506995306975
-1.4059405940594054,-23.167851947109426
-1.4051405140514053,-23.172200738911105
-1.4043404340434043,-23.17655337114044
-1.4035403540354032,-23.180909844225067
-1.4027402740274022,-23.185270158591898
-1.401940194019402,-23.189634314667064
-1.401140114011401,-23.194002312875973
-1.4003400340034,-23.198374153643222
-1.399539953995399,-23.202749837392645
-1.3987398739873989,-23.207129364547292
-1.3979397939793978,-23.211512735529393
-1.3971397139713968,-23.215899950760402
-1.3963396339633958,-23.220291010660937
-1.3955395539553956,-23.22468591565081
-1.3947394739473946,-23.229084666149006
-1.3939393939393936,-23.23348726257366
-1.3931393139313926,-23.237893705342067
-1.3923392339233924,-23.242303994870674
-1.3915391539153914,-23.24671813157506
-1.3907390739073904,-23.251136115869947
-1.3899389938993894,-23.255557948169155
-1.3891389138913892,-23.259983628885642
-1.3883388338833882,-23.264413158431466
-1.3875387538753872,-23.268846537217776
-1.386738673867387,-23.273283765654803
-1.385938593859386,-23.277724844151887
-1.385138513851385,-23.28216977311743
-1.384338433843384,-23.286618552958867
-1.3835383538353838,-23.291071184082732
-1.3827382738273828,-23.29552766689459
-1.3819381938193818,-23.29998800179904
-1.3811381138113807,-23.304452189199715
-1.3803380338033806,-23.308920229499286
-1.3795379537953796,-23.313392123099415
-1.3787378737873786,-23.31786787040079
-1.3779377937793775,-23.322347471803084
-1.3771377137713774,-23.326830927704954
-1.3763376337633764,-23.331318238504068
-1.3755375537553753,-23.33580940459703
-1.3747374737473743,-23.340304426379426
-1.3739373937393742,-23.344803304245794
-1.3731373137313732,-23.349306038589628
-1.3723372337233721,-23.353812629803343
-1.371537153715371,-23.358323078278296
-1.370737073707371,-23.362837384404756
-1.36993699369937,-23.367355548571922
-1.369136913691369,-23.37187757116788
-1.368336833683368,-23.376403452579623
-1.3675367536753678,-23.38093319319301
-1.3667366736673667,-23.38546679339281
-1.3659365936593657,-23.390004253562644
-1.3651365136513647,-23.39454557408499
-1.3643364336433645,-23.39909075534118
-1.3635363536353635,-23.403639797711406
-1.3627362736273625,-23.408192701574677
-1.3619361936193615,-23.41274946730883
-1.3611361136113613,-23.41731009529053
-1.3603360336033603,-23.421874585895246
-1.3595359535953593,-23.426442939497242
-1.3587358735873583,-23.431015156469577
-1.3579357935793581,-23.435591237184084
-1.357135713571357,-23.4401711820114
-1.356335633563356,-23.444754991320895
-1.355535553555355,-23.449342665480707
-1.354735473547355,-23.453934204857724
-1.3539353935393539,-23.45852960981756
-1.3531353135313529,-23.463128880724586
-1.3523352335233518,-23.467732017941856
-1.3515351535153517,-23.472339021831164
-1.3507350735073507,-23.47694989275301
-1.3499349934993496,-23.48156463106657
-1.3491349134913486,-23.486183237129715
-1.3483348334833485,-23.49080571129899
-1.3475347534753475,-23.49543205392961
-1.3467346734673464,-23.50006226537545
-1.3459345934593454,-23.504696345989036
-1.3451345134513453,-23.509334296121523
-1.3443344334433442,-23.51397611612271
-1.3435343534353432,-23.518621806341024
-1.3427342734273422,-23.523271367123485
-1.341934193419342,-23.527924798815732
-1.341134113411341,-23.53258210176201
-1.34033403340334,-23.537243276305126
-1.339533953395339,-23.54190832278649
-1.3387338733873388,-23.54657724154606
-1.3379337933793378,-23.55125003292237
-1.3371337133713368,-23.555926697252495
-1.3363336333633358,-23.56060723487205
-1.3355335533553356,-23.565291646115192
-1.3347334733473346,-23.569979931314602
-1.3339333933393336,-23.574672090801467
-1.3331333133313326,-23.579368124905482
-1.3323332333233324,-23.58406803395484
-1.3315331533153314,-23.58877181827622
-1.3307330733073304,-23.59347947819478
-1.3299329932993293,-23.59819101403415
-1.3291329132913292,-23.6029064261164
-1.3283328332833282,-23.607625714762094
-1.3275327532753272,-23.6123488802902
-1.326732673267327,-23.617075923018117
-1.325932593259326,-23.62180684326169
-1.325132513251325,-23.62654164133517
-1.324332433243324,-23.63128031755121
-1.3235323532353238,-23.636022872220835
-1.3227322732273228,-23.64076930565352
-1.3219321932193218,-23.64551961815705
-1.3211321132113207,-23.650273810037607
-1.3203320332033206,-23.655031881599733
-1.3195319531953196,-23.65979383314632
-1.3187318731873185,-23.664559664978597
-1.3179317931793175,-23.669329377396114
-1.3171317131713174,-23.674102970696758
-1.3163316331633164,-23.67888044517673
-1.3155315531553153,-23.68366180113052
-1.3147314731473143,-23.688447038850917
-1.3139313931393142,-23.693236158628995
-1.3131313131313131,-23.69802916075411
-1.3123312331233121,-23.70282604551388
-1.311531153115311,-23.707626813194178
-1.310731073107311,-23.71243146407912
-1.30993099309931,-23.717239998451074
-1.309130913091309,-23.72205241659062
-1.3083308330833079,-23.726868718776586
-1.3075307530753078,-23.731688905285957
-1.3067306730673067,-23.736512976393975
-1.3059305930593057,-23.741340932374044
-1.3051305130513047,-23.74617277349776
-1.3043304330433045,-23.751008500034885
-1.3035303530353035,-23.75584811225336
-1.3027302730273025,-23.760691610419258
-1.3019301930193015,-23.765538994796806
-1.3011301130113013,-23.770390265648373
-1.3003300330033003,-23.775245423234445
-1.2995299529952993,-23.780104467813633
-1.2987298729872983,-23.784967399642657
-1.2979297929792981,-23.78983421897631
-1.297129712971297,-23.79470492606751
-1.296329632963296,-23.79957952116724
-1.295529552955295,-23.80445800452454
-1.294729472947295,-23.809340376386523
-1.2939293929392939,-23.81422663699835
-1.2931293129312929,-23.819116786603228
-1.2923292329232918,-23.824010825442393
-1.2915291529152917,-23.8289087537551
-1.2907290729072907,-23.833810571778628
-1.2899289928992896,-23.838716279748247
-1.2891289128912886,-23.84362587789723
-1.2883288328832885,-23.848539366456833
-1.2875287528752875,-23.853456745656302
-1.2867286728672864,-23.858378015722817
-1.2859285928592854,-23.863303176881548
-1.2851285128512853,-23.868232229355584
-1.2843284328432842,-23.87316517336599
-1.2835283528352832,-23.878102009131723
-1.2827282728272822,-23.883042736869676
-1.281928192819282,-23.88798735679465
-1.281128112811281,-23.89293586911935
-1.28032803280328,-23.89788827405437
-1.279527952795279,-23.90284457180818
-1.2787278727872788,-23.90780476258714
-1.2779277927792778,-23.912768846595448
-1.2771277127712768,-23.917736824035174
-1.2763276327632758,-23.922708695106227
-1.2755275527552756,-23.92768446000635
-1.2747274727472746,-23.93266411893111
-1.2739273927392736,-23.9376476720739
-1.2731273127312726,-23.942635119625916
-1.2723272327232724,-23.94762646177613
-1.2715271527152714,-23.952621698711333
-1.2707270727072704,-23.957620830616083
-1.2699269926992693,-23.962623857672696
-1.2691269126912692,-23.967630780061256
-1.2683268326832682,-23.972641597959612
-1.2675267526752672,-23.97765631154333
-1.2667266726672661,-23.982674920985726
-1.265926592659266,-23.98769742645782
-1.265126512651265,-23.992723828128355
-1.264326432643264,-23.997754126163795
-1.2635263526352638,-24.00278832072825
-1.2627262726272628,-24.00782641198358
-1.2619261926192618,-24.01286840008926
-1.2611261126112607,-24.017914285202473
-1.2603260326032606,-24.02296406747803
-1.2595259525952596,-24.028017747068407
-1.2587258725872585,-24.03307532412372
-1.2579257925792575,-24.038136798791694
-1.2571257125712574,-24.04320217121769
-1.2563256325632564,-24.048271441544678
-1.2555255525552553,-24.05334460991322
-1.2547254725472543,-24.058421676461485
-1.2539253925392542,-24.0635026413252
-1.2531253125312531,-24.068587504637687
-1.2523252325232521,-24.07367626652982
-1.251525152515251,-24.078768927130035
-1.250725072507251,-24.083865486564292
-1.24992499249925,-24.088965944956122
-1.249124912491249,-24.09407030242655
-1.2483248324832479,-24.099178559094135
-1.2475247524752477,-24.104290715074935
-1.2467246724672467,-24.109406770482515
-1.2459245924592457,-24.114526725427922
-1.2451245124512447,-24.119650580019684
-1.2443244324432445,-24.124778334363796
-1.2435243524352435,-24.129909988563732
-1.2427242724272425,-24.135045542720405
-1.2419241924192415,-24.140184996932167
-1.2411241124112413,-24.145328351294793
-1.2403240324032403,-24.150475605901526
-1.2395239523952393,-24.155626760842985
-1.2387238723872382,-24.16078181620721
-1.237923792379238,-24.165940772079615
-1.237123712371237,-24.171103628543047
-1.236323632363236,-24.176270385677697
-1.235523552355235,-24.181441043561136
-1.234723472347235,-24.186615602268287
-1.2339233923392339,-24.191794061871445
-1.2331233123312328,-24.196976422440233
-1.2323232323232318,-24.202162684041593
-1.2315231523152317,-24.207352846739816
-1.2307230723072307,-24.212546910596497
-1.2299229922992296,-24.217744875670547
-1.2291229122912286,-24.222946742018152
-1.2283228322832285,-24.22815250969279
-1.2275227522752274,-24.23336217874526
-1.2267226722672264,-24.238575749223564
-1.2259225922592254,-24.243793221173007
-1.2251225122512253,-24.249014594636137
-1.2243224322432242,-24.254239869652743
-1.2235223522352232,-24.25946904625985
-1.2227222722272222,-24.264702124491695
-1.221922192219222,-24.269939104379752
-1.221122112211221,-24.27517998595269
-1.22032203220322,-24.28042476923638
-1.219521952195219,-24.285673454253864
-1.2187218721872188,-24.29092604102539
-1.2179217921792178,-24.296182529568362
-1.2171217121712168,-24.301442919897354
-1.2163216321632158,-24.306707212024076
-1.2155215521552156,-24.311975405957405
-1.2147214721472146,-24.317247501703342
-1.2139213921392136,-24.322523499265017
-1.2131213121312125,-24.327803398642676
-1.2123212321232124,-24.333087199833663
-1.2115211521152114,-24.33837490283246
-1.2107210721072104,-24.343666507630598
-1.2099209920992093,-24.34896201421671
-1.2091209120912092,-24.354261422576496
-1.2083208320832082,-24.359564732692732
-1.2075207520752071,-24.36487194454525
-1.2067206720672061,-24.370183058110914
-1.205920592059206,-24.375498073363634
-1.205120512051205,-24.38081699027437
-1.204320432043204,-24.386139808811073
-1.2035203520352038,-24.39146652893872
-1.2027202720272028,-24.39679715061931
-1.2019201920192017,-24.402131673811816
-1.2011201120112007,-24.407470098472196
-1.2003200320032006,-24.412812424553394
-1.1995199519951996,-24.418158652005346
-1.1987198719871985,-24.423508780774913
-1.1979197919791975,-24.42886281080593
-1.1971197119711974,-24.434220742039162
-1.1963196319631964,-24.439582574412338
-1.1955195519551953,-24.444948307860088
-1.1947194719471943,-24.45031794231397
-1.1939193919391942,-24.455691477702445
-1.1931193119311931,-24.461068913950896
-1.1923192319231921,-24.466450250981595
-1.191519151915191,-24.47183548871368
-1.190719071907191,-24.477224627063176
-1.18991899189919,-24.482617665943
-1.189118911891189,-24.48801460526289
-1.1883188318831879,-24.493415444929468
-1.1875187518751877,-24.498820184846178
-1.1867186718671867,-24.50422882491332
-1.1859185918591857,-24.509641365028013
-1.1851185118511847,-24.515057805084183
-1.1843184318431845,-24.520478144972586
-1.1835183518351835,-24.525902384580775
-1.1827182718271825,-24.531330523793088
-1.1819181918191815,-24.536762562490672
-1.1811181118111813,-24.542198500551414
-1.1803180318031803,-24.547638337850017
-1.1795179517951793,-24.55308207425792
-1.1787178717871782,-24.558529709643313
-1.177917791779178,-24.56398124387114
-1.177117711771177,-24.569436676803104
-1.176317631763176,-24.574896008297596
-1.175517551755175,-24.58035923820976
-1.174717471747175,-24.585826366391437
-1.1739173917391739,-24.591297392691196
-1.1731173117311728,-24.596772316954286
-1.1723172317231718,-24.60225113902265
-1.1715171517151717,-24.60773385873491
-1.1707170717071707,-24.613220475926386
-1.1699169916991696,-24.618710990429037
-1.1691169116911686,-24.62420540207149
-1.1683168316831685,-24.62970371067903
-1.1675167516751674,-24.63520591607358
-1.1667166716671664,-24.640712018073707
-1.1659165916591654,-24.646222016494598
-1.1651165116511653,-24.65173591114805
-1.1643164316431642,-24.65725370184251
-1.1635163516351632,-24.662775388382983
-1.1627162716271622,-24.66830097057112
-1.161916191619162,-24.673830448205116
-1.161116111611161,-24.679363821079797
-1.16031603160316,-24.68490108898651
-1.159515951595159,-24.69044225171322
-1.1587158715871588,-24.695987309044416
-1.1579157915791578,-24.70153626076117
-1.1571157115711568,-24.70708910664107
-1.1563156315631558,-24.712645846458273
-1.1555155515551556,-24.71820647998343
-1.1547154715471546,-24.723771006983753
-1.1539153915391536,-24.729339427222946
-1.1531153115311525,-24.73491174046123
-1.1523152315231524,-24.740487946455325
-1.1515151515151514,-24.74606804495845
-1.1507150715071504,-24.75165203572031
-1.1499149914991493,-24.75723991848708
-1.1491149114911492,-24.762831693001424
-1.1483148314831482,-24.76842735900246
-1.1475147514751471,-24.774026916225772
-1.1467146714671461,-24.779630364403392
-1.145914591459146,-24.78523770326379
-1.145114511451145,-24.790848932531887
-1.144314431443144,-24.796464051929032
-1.1435143514351438,-24.802083061172983
-1.1427142714271428,-24.80770595997793
-1.1419141914191417,-24.81333274805448
-1.1411141114111407,-24.818963425109622
-1.1403140314031406,-24.82459799084674
-1.1395139513951396,-24.830236444965635
-1.1387138713871385,-24.83587878716247
-1.1379137913791375,-24.841525017129783
-1.1371137113711374,-24.84717513455648
-1.1363136313631363,-24.852829139127852
-1.1355135513551353,-24.858487030525517
-1.1347134713471343,-24.86414880842746
-1.1339133913391342,-24.86981447250799
-1.1331133113311331,-24.87548402243779
-1.132313231323132,-24.881157457883827
-1.131513151315131,-24.886834778509417
-1.130713071307131,-24.892515983974185
-1.12991299129913,-24.89820107393407
-1.129112911291129,-24.903890048041326
-1.1283128312831279,-24.909582905944468
-1.1275127512751277,-24.915279647288337
-1.1267126712671267,-24.920980271714058
-1.1259125912591257,-24.926684778859002
-1.1251125112511247,-24.932393168356846
-1.1243124312431245,-24.93810543983752
-1.1235123512351235,-24.94382159292722
-1.1227122712271225,-24.94954162724838
-1.1219121912191214,-24.9552655424197
-1.1211121112111213,-24.960993338056102
-1.1203120312031203,-24.96672501376877
-1.1195119511951193,-24.97246056916509
-1.1187118711871182,-24.978200003848695
-1.117911791179118,-24.983943317419406
-1.117111711171117,-24.98969050947329
-1.116311631163116,-24.995441579602602
-1.115511551155115,-25.001196527395795
-1.1147114711471149,-25.006955352437505
-1.1139113911391139,-25.0127180543086
-1.1131113111311128,-25.018484632586073
-1.1123112311231118,-25.02425508684314
-1.1115111511151117,-25.030029416649157
-1.1107110711071106,-25.035807621569674
-1.1099109910991096,-25.041589701166366
-1.1091109110911086,-25.047375654997097
-1.1083108310831085,-25.053165482615846
-1.1075107510751074,-25.05895918357278
-1.1067106710671064,-25.06475675741416
-1.1059105910591054,-25.070558203682392
-1.1051105110511052,-25.076363521916015
-1.1043104310431042,-25.08217271164971
-1.1035103510351032,-25.087985772414225
-1.1027102710271022,-25.09380270373646
-1.101910191019102,-25.099623505139398
-1.101110111011101,-25.105448176142144
-1.1003100310031,-25.111276716259876
-1.099509950995099,-25.11710912500388
-1.0987098709870988,-25.12294540188151
-1.0979097909790978,-25.128785546396216
-1.0971097109710968,-25.134629558047514
-1.0963096309630957,-25.140477436330997
-1.0955095509550956,-25.146329180738306
-1.0947094709470946,-25.152184790757165
-1.0939093909390936,-25.158044265871347
-1.0931093109310925,-25.163907605560656
-1.0923092309230924,-25.16977480930096
-1.0915091509150914,-25.175645876564175
-1.0907090709070904,-25.18152080681824
-1.0899089908990893,-25.187399599527122
-1.0891089108910892,-25.193282254150816
-1.0883088308830882,-25.199168770145356
-1.0875087508750871,-25.205059146962775
-1.0867086708670861,-25.21095338405113
-1.085908590859086,-25.216851480854466
-1.085108510851085,-25.222753436812866
-1.084308430843084,-25.228659251362384
-1.0835083508350838,-25.234568923935083
-1.0827082708270828,-25.24048245395901
-1.0819081908190817,-25.246399840858217
-1.0811081108110807,-25.252321084052703
-1.0803080308030806,-25.258246182958466
-1.0795079507950796,-25.26417513698749
-1.0787078707870785,-25.270107945547714
-1.0779077907790775,-25.27604460804303
-1.0771077107710774,-25.28198512387331
-1.0763076307630763,-25.287929492434394
-1.0755075507550753,-25.293877713118043
-1.0747074707470743,-25.299829785312
-1.0739073907390742,-25.305785708399924
-1.0731073107310731,-25.311745481761438
-1.072307230723072,-25.3177091047721
-1.071507150715071,-25.323676576803386
-1.070707070707071,-25.329647897222713
-1.06990699069907,-25.33562306539344
-1.069106910691069,-25.341602080674825
-1.0683068306830679,-25.347584942422053
-1.0675067506750677,-25.35357164998623
-1.0667066706670667,-25.359562202714365
-1.0659065906590657,-25.365556599949393
-1.0651065106510647,-25.371554841030125
-1.0643064306430645,-25.377556925291298
-1.0635063506350635,-25.383562852063555
-1.0627062706270625,-25.3895726206734
-1.0619061906190614,-25.395586230443257
-1.0611061106110613,-25.40160368069142
-1.0603060306030603,-25.40762497073209
-1.0595059505950593,-25.413650099875333
-1.0587058705870582,-25.41967906742711
-1.057905790579058,-25.42571187268922
-1.057105710571057,-25.431748514959388
-1.056305630563056,-25.437788993531168
-1.055505550555055,-25.443833307694003
-1.0547054705470549,-25.449881456733184
-1.0539053905390539,-25.45593343992988
-1.0531053105310528,-25.461989256561104
-1.0523052305230518,-25.46804890589973
-1.0515051505150517,-25.47411238721448
-1.0507050705070506,-25.480179699769938
-1.0499049904990496,-25.48625084282652
-1.0491049104910486,-25.492325815640505
-1.0483048304830485,-25.49840461746398
-1.0475047504750474,-25.50448724754492
-1.0467046704670464,-25.510573705127104
-1.0459045904590454,-25.51666398945014
-1.0451045104510452,-25.522758099749492
-1.0443044304430442,-25.528856035256442
-1.0435043504350432,-25.5349577951981
-1.0427042704270422,-25.541063378797396
-1.041904190419042,-25.547172785273084
-1.041104110411041,-25.55328601383976
-1.04030403040304,-25.5594030637078
-1.039503950395039,-25.565523934083437
-1.0387038703870388,-25.57164862416868
-1.0379037903790378,-25.577777133161387
-1.0371037103710368,-25.58390946025519
-1.0363036303630357,-25.590045604639563
-1.0355035503550356,-25.596185565499756
-1.0347034703470346,-25.60232934201685
-1.0339033903390336,-25.60847693336772
-1.0331033103310325,-25.614628338725026
-1.0323032303230324,-25.620783557257244
-1.0315031503150314,-25.62694258812865
-1.0307030703070303,-25.633105430499317
-1.0299029902990293,-25.63927208352509
-1.0291029102910292,-25.64544254635763
-1.0283028302830282,-25.651616818144383
-1.0275027502750271,-25.65779489802858
-1.026702670267026,-25.663976785149245
-1.025902590259026,-25.670162478641195
-1.025102510251025,-25.676351977635022
-1.024302430243024,-25.682545281257106
-1.0235023502350238,-25.68874238862961
-1.0227022702270228,-25.694943298870488
-1.0219021902190217,-25.70114801109346
-1.0211021102110207,-25.707356524408034
-1.0203020302030206,-25.71356883791949
-1.0195019501950195,-25.719784950728908
-1.0187018701870185,-25.726004861933124
-1.0179017901790175,-25.73222857062474
-1.0171017101710174,-25.73845607589216
-1.0163016301630163,-25.74468737681955
-1.0155015501550153,-25.75092247248685
-1.0147014701470143,-25.757161361969764
-1.0139013901390141,-25.76340404433978
-1.0131013101310131,-25.769650518664157
-1.012301230123012,-25.77590078400592
-1.011501150115011,-25.782154839423868
-1.010701070107011,-25.78841268397255
-1.00990099009901,-25.794674316702316
-1.0091009100910089,-25.800939736659277
-1.0083008300830079,-25.807208942885286
-1.0075007500750077,-25.813481934417986
-1.0067006700670067,-25.819758710290795
-1.0059005900590057,-25.82603926953289
-1.0051005100510046,-25.832323611169205
-1.0043004300430045,-25.83861173422044
-1.0035003500350035,-25.844903637703094
-1.0027002700270025,-25.851199320629398
-1.0019001900190014,-25.857498782007365
-1.0011001100110013,-25.863802020840765
-1.0003000300030003,-25.870109036129147
-0.9994999499949992,-25.876419826867824
-0.9986998699869982,-25.88273439204788
-0.9978997899789981,-25.889052730656147
-0.9970997099709971,-25.895374841675245
-0.996299629962996,-25.901700724083565
-0.995499549954995,-25.908030376855248
-0.9946994699469949,-25.914363798960203
-0.9938993899389938,-25.920700989364132
-0.9930993099309928,-25.92704194702849
-0.9922992299229918,-25.9333866709105
-0.9914991499149917,-25.939735159963156
-0.9906990699069906,-25.94608741313524
-0.9898989898989896,-25.952443429371293
-0.9890989098909886,-25.958803207611616
-0.9882988298829884,-25.9651667467923
-0.9874987498749874,-25.97153404584521
-0.9866986698669864,-25.977905103697985
-0.9858985898589854,-25.98427991927403
-0.9850985098509852,-25.990658491492532
-0.9842984298429842,-25.997040819268474
-0.9834983498349832,-26.00342690151259
-0.9826982698269822,-26.0098167371314
-0.981898189818982,-26.01621032502721
-0.981098109810981,-26.022607664098118
-0.98029802980298,-26.029008753238
-0.979497949794979,-26.0354135913365
-0.9786978697869788,-26.041822177279055
-0.9778977897789778,-26.04823450994691
-0.9770977097709768,-26.054650588217065
-0.9762976297629757,-26.061070410962344
-0.9754975497549756,-26.06749397705133
-0.9746974697469746,-26.07392128534843
-0.9738973897389736,-26.080352334713822
-0.9730973097309725,-26.086787124003486
-0.9722972297229724,-26.093225652069187
-0.9714971497149714,-26.099667917758534
-0.9706970697069703,-26.106113919914897
-0.9698969896989693,-26.112563657377436
-0.9690969096909692,-26.119017128981163
-0.9682968296829682,-26.125474333556863
-0.9674967496749671,-26.131935269931148
-0.9666966696669661,-26.13839993692641
-0.965896589658966,-26.144868333360883
-0.9650965096509649,-26.15134045804861
-0.9642964296429639,-26.15781630979945
-0.9634963496349629,-26.164295887419073
-0.9626962696269628,-26.170779189708952
-0.9618961896189617,-26.17726621546644
-0.9610961096109607,-26.183756963484665
-0.9602960296029606,-26.190251432552586
-0.9594959495949595,-26.196749621455023
-0.9586958695869585,-26.203251528972608
-0.9578957895789575,-26.209757153881796
-0.9570957095709574,-26.216266494954887
-0.9562956295629563,-26.22277955096005
-0.9554955495549553,-26.22929632066125
-0.9546954695469543,-26.235816802818327
-0.9538953895389541,-26.242340996186954
-0.9530953095309531,-26.24886889951867
-0.9522952295229521,-26.255400511560854
-0.9514951495149511,-26.261935831056746
-0.9506950695069509,-26.26847485674543
-0.9498949894989499,-26.27501758736188
-0.9490949094909489,-26.281564021636925
-0.9482948294829479,-26.288114158297233
-0.9474947494749477,-26.294667996065375
-0.9466946694669467,-26.30122553365979
-0.9458945894589457,-26.307786769794784
-0.9450945094509446,-26.31435170318055
-0.9442944294429445,-26.32092033252315
-0.9434943494349435,-26.327492656524566
-0.9426942694269425,-26.334068673882626
-0.9418941894189414,-26.340648383291082
-0.9410941094109413,-26.34723178343956
-0.9402940294029403,-26.353818873013612
-0.9394939493949392,-26.360409650694667
-0.9386938693869382,-26.367004115160068
-0.9378937893789381,-26.373602265083083
-0.9370937093709371,-26.380204099132868
-0.936293629362936,-26.38680961597452
-0.935493549354935,-26.39341881426904
-0.9346934693469349,-26.400031692673345
-0.9338933893389338,-26.40664824984032
-0.9330933093309328,-26.413268484418737
-0.9322932293229318,-26.41989239505333
-0.9314931493149317,-26.426519980384757
-0.9306930693069306,-26.433151239049636
-0.9298929892989296,-26.43978616968052
-0.9290929092909286,-26.446424770905917
-0.9282928292829284,-26.453067041350284
-0.9274927492749274,-26.45971297963405
-0.9266926692669264,-26.4663625843736
-0.9258925892589254,-26.473015854181288
-0.9250925092509252,-26.47967278766543
-0.9242924292429242,-26.486333383430342
-0.9234923492349232,-26.492997640076293
-0.9226922692269222,-26.49966555619956
-0.921892189218922,-26.50633713039238
-0.921092109210921,-26.51301236124302
-0.92029202920292,-26.519691247335725
-0.919491949194919,-26.526373787250737
-0.9186918691869188,-26.533059979564307
-0.9178917891789178,-26.539749822848716
-0.9170917091709168,-26.54644331567224
-0.9162916291629157,-26.553140456599177
-0.9154915491549156,-26.559841244189855
-0.9146914691469146,-26.566545677000644
-0.9138913891389135,-26.57325375358393
-0.9130913091309125,-26.57996547248815
-0.9122912291229124,-26.586680832257763
-0.9114911491149114,-26.59339983143332
-0.9106910691069103,-26.600122468551394
-0.9098909890989093,-26.606848742144624
-0.9090909090909092,-26.6135786507417
-0.9082908290829081,-26.62031219286742
-0.9074907490749071,-26.627049367042616
-0.9066906690669061,-26.633790171784216
-0.905890589058906,-26.64053460560523
-0.9050905090509049,-26.64728266701476
-0.9042904290429039,-26.654034354518007
-0.9034903490349029,-26.66078966661626
-0.9026902690269027,-26.667548601806917
-0.9018901890189017,-26.674311158583492
-0.9010901090109007,-26.68107733543563
-0.9002900290029006,-26.68784713084905
-0.8994899489948995,-26.694620543305664
-0.8986898689868985,-26.701397571283454
-0.8978897889788975,-26.708178213256584
-0.8970897089708973,-26.71496246769532
-0.8962896289628963,-26.721750333066133
-0.8954895489548953,-26.728541807831604
-0.8946894689468943,-26.73533689045049
-0.8938893889388941,-26.742135579377702
-0.8930893089308931,-26.748937873064357
-0.8922892289228921,-26.75574376995772
-0.8914891489148911,-26.762553268501236
-0.8906890689068909,-26.76936636713455
-0.8898889888988899,-26.776183064293516
-0.8890889088908889,-26.78300335841017
-0.8882888288828878,-26.78982724791277
-0.8874887488748877,-26.796654731225754
-0.8866886688668867,-26.80348580676983
-0.8858885888588857,-26.8103204729619
-0.8850885088508846,-26.817158728215105
-0.8842884288428845,-26.824000570938804
-0.8834883488348835,-26.830845999538646
-0.8826882688268824,-26.83769501241649
-0.8818881888188814,-26.84454760797046
-0.8810881088108813,-26.85140378459495
-0.8802880288028803,-26.858263540680625
-0.8794879487948792,-26.865126874614422
-0.8786878687868782,-26.87199378477955
-0.8778877887788781,-26.878864269555514
-0.877087708770877,-26.88573832731813
-0.876287628762876,-26.892615956439485
-0.875487548754875,-26.899497155288003
-0.8746874687468749,-26.90638192222839
-0.8738873887388738,-26.913270255621704
-0.8730873087308728,-26.92016215382532
-0.8722872287228718,-26.927057615192943
-0.8714871487148717,-26.933956638074616
-0.8706870687068706,-26.940859220816748
-0.8698869886988696,-26.947765361762077
-0.8690869086908686,-26.954675059249727
-0.8682868286828684,-26.961588311615163
-0.8674867486748674,-26.96850511719026
-0.8666866686668664,-26.97542547430325
-0.8658865886588654,-26.982349381278762
-0.8650865086508652,-26.989276836437803
-0.8642864286428642,-26.996207838097817
-0.8634863486348632,-27.003142384572637
-0.8626862686268622,-27.01008047417251
-0.861886188618862,-27.01702210520412
-0.861086108610861,-27.02396727597058
-0.86028602860286,-27.030915984771433
-0.8594859485948589,-27.03786822990267
-0.8586858685868588,-27.044824009656725
-0.8578857885788578,-27.051783322322528
-0.8570857085708568,-27.058746166185443
-0.8562856285628557,-27.06571253952732
-0.8554855485548556,-27.072682440626483
-0.8546854685468546,-27.079655867757758
-0.8538853885388535,-27.086632819192463
-0.8530853085308525,-27.093613293198427
-0.8522852285228524,-27.100597288039964
-0.8514851485148514,-27.107584801977943
-0.8506850685068503,-27.114575833269743
-0.8498849884988493,-27.121570380169278
-0.8490849084908492,-27.128568440926998
-0.8482848284828481,-27.135570013789913
-0.8474847484748471,-27.142575097001597
-0.8466846684668461,-27.149583688802167
-0.845884588458846,-27.156595787428323
-0.8450845084508449,-27.16361139111336
-0.8442844284428439,-27.170630498087146
-0.8434843484348429,-27.17765310657614
-0.8426842684268427,-27.18467921480341
-0.8418841884188417,-27.19170882098866
-0.8410841084108407,-27.19874192334817
-0.8402840284028406,-27.20577852009487
-0.8394839483948395,-27.21281860943835
-0.8386838683868385,-27.21986218958479
-0.8378837883788375,-27.226909258737074
-0.8370837083708373,-27.2339598150947
-0.8362836283628363,-27.241013856853872
-0.8354835483548353,-27.24807138220745
-0.8346834683468343,-27.25513238934498
-0.8338833883388341,-27.262196876452684
-0.8330833083308331,-27.26926484171353
-0.8322832283228321,-27.276336283307145
-0.831483148314831,-27.283411199409908
-0.8306830683068309,-27.290489588194887
-0.8298829882988299,-27.297571447831924
-0.8290829082908289,-27.304656776487562
-0.8282828282828278,-27.31174557232513
-0.8274827482748277,-27.31883783350468
-0.8266826682668267,-27.325933558183067
-0.8258825882588257,-27.333032744513893
-0.8250825082508246,-27.340135390647546
-0.8242824282428245,-27.34724149473121
-0.8234823482348235,-27.35435105490889
-0.8226822682268224,-27.36146406932135
-0.8218821882188214,-27.368580536106226
-0.8210821082108213,-27.37570045339793
-0.8202820282028203,-27.382823819327747
-0.8194819481948192,-27.389950632023787
-0.8186818681868182,-27.39708088961102
-0.8178817881788181,-27.404214590211243
-0.817081708170817,-27.411351731943178
-0.816281628162816,-27.41849231292239
-0.815481548154815,-27.42563633126131
-0.8146814681468149,-27.432783785069304
-0.8138813881388138,-27.43993467245263
-0.8130813081308128,-27.447088991514438
-0.8122812281228118,-27.454246740354833
-0.8114811481148116,-27.4614079170708
-0.8106810681068106,-27.468572519756318
-0.8098809880988096,-27.475740546502287
-0.8090809080908086,-27.482911995396545
-0.8082808280828084,-27.49008686452393
-0.8074807480748074,-27.49726515196624
-0.8066806680668064,-27.504446855802247
-0.8058805880588054,-27.511631974107726
-0.8050805080508052,-27.518820504955436
-0.8042804280428042,-27.52601244641518
-0.8034803480348032,-27.533207796553747
-0.8026802680268021,-27.54040655343497
-0.801880188018802,-27.547608715119708
-0.801080108010801,-27.554814279665884
-0.8002800280028,-27.562023245128454
-0.7994799479947989,-27.569235609559467
-0.7986798679867988,-27.576451371008
-0.7978797879787978,-27.583670527520265
-0.7970797079707967,-27.590893077139544
-0.7962796279627957,-27.5981190179062
-0.7954795479547956,-27.605348347857728
-0.7946794679467946,-27.612581065028746
-0.7938793879387935,-27.619817167450993
-0.7930793079307925,-27.627056653153343
-0.7922792279227924,-27.63429952016181
-0.7914791479147913,-27.641545766499597
-0.7906790679067903,-27.648795390187036
-0.7898789878987893,-27.65604838924165
-0.7890789078907892,-27.663304761678145
-0.7882788278827881,-27.670564505508434
-0.7874787478747871,-27.677827618741617
-0.7866786678667861,-27.685094099384003
-0.785878587858786,-27.692363945439123
-0.7850785078507849,-27.699637154907773
-0.7842784278427839,-27.70691372578795
-0.7834783478347829,-27.714193656074926
-0.7826782678267827,-27.72147694376121
-0.7818781878187817,-27.728763586836603
-0.7810781078107807,-27.736053583288175
-0.7802780278027805,-27.74334693110029
-0.7794779477947795,-27.750643628254604
-0.7786778677867785,-27.757943672730086
-0.7778777877787775,-27.765247062503022
-0.7770777077707773,-27.772553795547005
-0.7762776277627763,-27.779863869833
-0.7754775477547753,-27.787177283329306
-0.7746774677467743,-27.79449403400156
-0.7738773877387741,-27.80181411981278
-0.7730773077307731,-27.80913753872335
-0.7722772277227721,-27.81646428869106
-0.771477147714771,-27.823794367671074
-0.7706770677067709,-27.831127773615954
-0.7698769876987699,-27.838464504475716
-0.7690769076907689,-27.845804558197745
-0.7682768276827678,-27.8531479327269
-0.7674767476747677,-27.860494626005455
-0.7666766676667667,-27.867844635973178
-0.7658765876587657,-27.875197960567256
-0.7650765076507646,-27.882554597722372
-0.7642764276427645,-27.889914545370672
-0.7634763476347635,-27.897277801441838
-0.7626762676267624,-27.904644363863
-0.7618761876187614,-27.912014230558835
-0.7610761076107613,-27.919387399451516
-0.7602760276027603,-27.92676386846079
-0.7594759475947592,-27.934143635503897
-0.7586758675867582,-27.94152669849566
-0.7578757875787581,-27.94891305534844
-0.757075707570757,-27.956302703972206
-0.756275627562756,-27.96369564227447
-0.755475547554755,-27.97109186816035
-0.7546754675467549,-27.97849137953257
-0.7538753875387538,-27.985894174291467
-0.7530753075307528,-27.993300250334975
-0.7522752275227518,-28.000709605558697
-0.7514751475147516,-28.008122237855837
-0.7506750675067506,-28.01553814511729
-0.7498749874987496,-28.02295732523158
-0.7490749074907486,-28.030379776084917
-0.7482748274827484,-28.037805495561173
-0.7474747474747474,-28.045234481541957
-0.7466746674667464,-28.052666731906534
-0.7458745874587454,-28.06010224453189
-0.7450745074507452,-28.06754101729274
-0.7442744274427442,-28.07498304806154
-0.7434743474347432,-28.08242833470846
-0.7426742674267421,-28.08987687510145
-0.741874187418742,-28.09732866710619
-0.741074107410741,-28.104783708586172
-0.74027402740274,-28.112241997402634
-0.7394739473947389,-28.119703531414622
-0.7386738673867388,-28.127168308478975
-0.7378737873787378,-28.134636326450362
-0.7370737073707367,-28.142107583181264
-0.7362736273627357,-28.14958207652198
-0.7354735473547356,-28.157059804320667
-0.7346734673467346,-28.164540764423343
-0.7338733873387335,-28.172024954673873
-0.7330733073307325,-28.179512372913997
-0.7322732273227324,-28.187003016983333
-0.7314731473147313,-28.194496884719413
-0.7306730673067303,-28.201993973957663
-0.7298729872987293,-28.209494282531406
-0.7290729072907292,-28.216997808271902
-0.7282728272827281,-28.224504549008355
-0.7274727472747271,-28.2320145025679
-0.7266726672667261,-28.23952766677563
-0.7258725872587259,-28.24704403945459
-0.7250725072507249,-28.254563618425827
-0.7242724272427239,-28.262086401508355
-0.7234723472347229,-28.269612386519185
-0.7226722672267227,-28.27714157127332
-0.7218721872187217,-28.284673953583813
-0.7210721072107207,-28.29220953126172
-0.7202720272027197,-28.299748302116125
-0.7194719471947195,-28.307290263954172
-0.7186718671867185,-28.31483541458107
-0.7178717871787175,-28.322383751800068
-0.7170717071707173,-28.329935273412516
-0.7162716271627163,-28.337489977217846
-0.7154715471547153,-28.345047861013576
-0.7146714671467143,-28.35260892259535
-0.7138713871387141,-28.360173159756908
-0.7130713071307131,-28.367740570290138
-0.7122712271227121,-28.37531115198506
-0.711471147114711,-28.382884902629847
-0.7106710671067109,-28.3904618200108
-0.7098709870987099,-28.398041901912443
-0.7090709070907089,-28.405625146117437
-0.7082708270827078,-28.413211550406658
-0.7074707470747077,-28.420801112559143
-0.7066706670667067,-28.428393830352206
-0.7058705870587056,-28.43598970156131
-0.7050705070507046,-28.44358872396021
-0.7042704270427045,-28.451190895320842
-0.7034703470347035,-28.458796213413457
-0.7026702670267024,-28.466404676006512
-0.7018701870187014,-28.47401628086677
-0.7010701070107013,-28.481631025759253
-0.7002700270027002,-28.489248908447316
-0.6994699469946992,-28.496869926692554
-0.6986698669866982,-28.504494078254933
-0.6978697869786981,-28.512121360892692
-0.697069706970697,-28.51975177236246
-0.696269626962696,-28.52738531041917
-0.695469546954695,-28.535021972816107
-0.6946694669466948,-28.542661757304927
-0.6938693869386938,-28.550304661635685
-0.6930693069306928,-28.55795068355679
-0.6922692269226918,-28.565599820815052
-0.6914691469146916,-28.57325207115568
-0.6906690669066906,-28.580907432322334
-0.6898689868986896,-28.588565902057056
-0.6890689068906886,-28.59622747810034
-0.6882688268826884,-28.603892158191123
-0.6874687468746874,-28.61155994006682
-0.6866686668666864,-28.61923082146328
-0.6858685868586853,-28.62690480011485
-0.6850685068506852,-28.634581873754342
-0.6842684268426842,-28.64226204011311
-0.6834683468346832,-28.64994529692096
-0.6826682668266821,-28.657631641906256
-0.681868186818682,-28.66532107279585
-0.681068106810681,-28.67301358731519
-0.68026802680268,-28.680709183188213
-0.6794679467946789,-28.688407858137463
-0.6786678667866788,-28.696109609883997
-0.6778677867786778,-28.70381443614751
-0.6770677067706767,-28.711522334646258
-0.6762676267626757,-28.71923330309708
-0.6754675467546756,-28.726947339215446
-0.6746674667466745,-28.73466444071545
-0.6738673867386735,-28.742384605309795
-0.6730673067306725,-28.750107830709844
-0.6722672267226724,-28.757834114625588
-0.6714671467146713,-28.765563454765694
-0.6706670667066703,-28.7732958488375
-0.6698669866986693,-28.781031294547017
-0.6690669066906691,-28.788769789598938
-0.6682668266826681,-28.79651133169668
-0.6674667466746671,-28.804255918542353
-0.6666666666666661,-28.81200354783679
-0.6658665866586659,-28.81975421727955
-0.6650665066506649,-28.82750792456895
-0.6642664266426639,-28.83526466740205
-0.6634663466346629,-28.84302444347465
-0.6626662666266627,-28.850787250481346
-0.6618661866186617,-28.85855308611552
-0.6610661066106607,-28.86632194806932
-0.6602660266026597,-28.874093834033715
-0.6594659465946595,-28.881868741698465
-0.6586658665866585,-28.889646668752185
-0.6578657865786575,-28.897427612882293
-0.6570657065706573,-28.905211571775038
-0.6562656265626563,-28.91299854311557
-0.6554655465546553,-28.92078852458785
-0.6546654665466543,-28.92858151387473
-0.6538653865386541,-28.936377508657934
-0.6530653065306531,-28.94417650661811
-0.6522652265226521,-28.951978505434766
-0.651465146514651,-28.959783502786337
-0.6506650665066509,-28.967591496350174
-0.6498649864986499,-28.975402483802583
-0.6490649064906489,-28.98321646281878
-0.6482648264826478,-28.99103343107295
-0.6474647464746477,-28.99885338623823
-0.6466646664666467,-29.00667632598673
-0.6458645864586456,-29.014502247989554
-0.6450645064506446,-29.022331149916766
-0.6442644264426445,-29.030163029437457
-0.6434643464346435,-29.037997884219724
-0.6426642664266424,-29.04583571193068
-0.6418641864186414,-29.05367651023646
-0.6410641064106413,-29.06152027680224
-0.6402640264026402,-29.069367009292282
-0.6394639463946392,-29.07721670536985
-0.6386638663866382,-29.08506936269732
-0.637863786378638,-29.09292497893611
-0.637063706370637,-29.100783551746776
-0.636263626362636,-29.108645078788932
-0.635463546354635,-29.11650955772132
-0.6346634663466348,-29.12437698620177
-0.6338633863386338,-29.132247361887295
-0.6330633063306328,-29.140120682434006
-0.6322632263226318,-29.147996945497155
-0.6314631463146316,-29.155876148731167
-0.6306630663066306,-29.163758289789648
-0.6298629862986296,-29.171643366325355
-0.6290629062906286,-29.179531375990237
-0.6282628262826284,-29.187422316435423
-0.6274627462746274,-29.195316185311306
-0.6266626662666264,-29.20321298026743
-0.6258625862586253,-29.211112698952594
-0.6250625062506252,-29.21901533901481
-0.6242624262426242,-29.226920898101366
-0.6234623462346232,-29.234829373858776
-0.6226622662266221,-29.242740763932833
-0.621862186218622,-29.250655065968576
-0.621062106210621,-29.258572277610376
-0.6202620262026199,-29.266492396501853
-0.6194619461946189,-29.27441542028593
-0.6186618661866188,-29.282341346604845
-0.6178617861786178,-29.290270173100193
-0.6170617061706167,-29.298201897412845
-0.6162616261626157,-29.306136517183035
-0.6154615461546156,-29.314074030050346
-0.6146614661466145,-29.32201443365372
-0.6138613861386135,-29.32995772563146
-0.6130613061306125,-29.337903903621257
-0.6122612261226124,-29.345852965260157
-0.6114611461146113,-29.35380490818465
-0.6106610661066103,-29.3617597300306
-0.6098609860986093,-29.369717428433283
-0.6090609060906091,-29.37767800102739
-0.6082608260826081,-29.385641445447092
-0.6074607460746071,-29.39360775932597
-0.6066606660666061,-29.401576940297037
-0.6058605860586059,-29.4095489859928
-0.6050605060506049,-29.417523894045218
-0.6042604260426039,-29.42550166208575
-0.6034603460346029,-29.433482287745313
-0.6026602660266027,-29.44146576865433
-0.6018601860186017,-29.449452102442763
-0.6010601060106007,-29.457441286740057
-0.6002600260025996,-29.465433319175183
-0.5994599459945995,-29.473428197376656
-0.5986598659865985,-29.481425918972548
-0.5978597859785975,-29.489426481590456
-0.5970597059705973,-29.497429882857546
-0.5962596259625963,-29.505436120400585
-0.5954595459545953,-29.51344519184588
-0.5946594659465942,-29.521457094819354
-0.5938593859385941,-29.529471826946494
-0.5930593059305931,-29.537489385852453
-0.5922592259225921,-29.545509769161946
-0.591459145914591,-29.553532974499344
-0.5906590659065909,-29.56155899948863
-0.5898589858985899,-29.569587841753446
-0.5890589058905888,-29.577619498917095
-0.5882588258825878,-29.58565396860252
-0.5874587458745877,-29.593691248432336
-0.5866586658665867,-29.601731336028855
-0.5858585858585856,-29.609774229014068
-0.5850585058505846,-29.617819925009663
-0.5842584258425845,-29.625868421637012
-0.5834583458345834,-29.63391971651725
-0.5826582658265824,-29.641973807271196
-0.5818581858185814,-29.65003069151941
-0.5810581058105813,-29.658090366882195
-0.5802580258025802,-29.666152830979613
-0.5794579457945792,-29.674218081431476
-0.5786578657865782,-29.68228611585736
-0.577857785778578,-29.690356931876615
-0.577057705770577,-29.6984305271084
-0.576257625762576,-29.706506899171636
-0.575457545754575,-29.714586045685067
-0.5746574657465748,-29.722667964267227
-0.5738573857385738,-29.730752652536502
-0.5730573057305728,-29.738840108111077
-0.5722572257225718,-29.746930328608997
-0.5714571457145716,-29.755023311648113
-0.5706570657065706,-29.763119054846186
-0.5698569856985696,-29.771217555820805
-0.5690569056905685,-29.77931881218942
-0.5682568256825684,-29.787422821569386
-0.5674567456745674,-29.795529581577938
-0.5666566656665664,-29.803639089832203
-0.5658565856585653,-29.81175134394922
-0.5650565056505652,-29.819866341545925
-0.5642564256425642,-29.827984080239204
-0.5634563456345631,-29.836104557645857
-0.5626562656265621,-29.844227771382613
-0.561856185618562,-29.85235371906616
-0.561056105610561,-29.86048239831315
-0.5602560256025599,-29.86861380674018
-0.5594559455945589,-29.876747941963828
-0.5586558655865588,-29.884884801600656
-0.5578557855785578,-29.893024383267218
-0.5570557055705567,-29.901166684580048
-0.5562556255625557,-29.909311703155698
-0.5554555455545556,-29.917459436610727
-0.5546554655465545,-29.925609882561734
-0.5538553855385535,-29.933763038625322
-0.5530553055305525,-29.941918902418156
-0.5522552255225524,-29.95007747155691
-0.5514551455145513,-29.958238743658367
-0.5506550655065503,-29.966402716339328
-0.5498549854985493,-29.974569387216683
-0.5490549054905491,-29.98273875390739
-0.5482548254825481,-29.990910814028517
-0.5474547454745471,-29.9990855651972
-0.5466546654665461,-30.007263005030694
-0.5458545854585459,-30.01544313114634
-0.5450545054505449,-30.02362594116165
-0.5442544254425439,-30.031811432694216
-0.5434543454345429,-30.03999960336177
-0.5426542654265427,-30.0481904507822
-0.5418541854185417,-30.056383972573556
-0.5410541054105407,-30.064580166354006
-0.5402540254025396,-30.07277902974193
-0.5394539453945395,-30.08098056035584
-0.5386538653865385,-30.089184755814465
-0.5378537853785375,-30.09739161373672
-0.5370537053705373,-30.105601131741683
-0.5362536253625363,-30.11381330744868
-0.5354535453545353,-30.12202813847723
-0.5346534653465342,-30.130245622447067
-0.5338533853385341,-30.138465756978157
-0.5330533053305331,-30.14668853969072
-0.532253225322532,-30.15491396820521
-0.531453145314531,-30.163142040142322
-0.5306530653065309,-30.17137275312301
-0.5298529852985299,-30.179606104768503
-0.5290529052905288,-30.187842092700322
-0.5282528252825278,-30.196080714540233
-0.5274527452745277,-30.204321967910307
-0.5266526652665267,-30.212565850432938
-0.5258525852585256,-30.220812359730786
-0.5250525052505246,-30.22906149342684
-0.5242524252425245,-30.2373132491444
-0.5234523452345234,-30.245567624507117
-0.5226522652265224,-30.25382461713896
-0.5218521852185214,-30.262084224664225
-0.5210521052105213,-30.27034644470757
-0.5202520252025202,-30.278611274894022
-0.5194519451945192,-30.286878712848974
-0.5186518651865182,-30.29514875619816
-0.517851785178518,-30.303421402567693
-0.517051705170517,-30.311696649584135
-0.516251625162516,-30.319974494874362
-0.515451545154515,-30.328254936065697
-0.5146514651465148,-30.336537970785844
-0.5138513851385138,-30.344823596662955
-0.5130513051305128,-30.353111811325572
-0.5122512251225118,-30.36140261240268
-0.5114511451145116,-30.3696959975237
-0.5106510651065106,-30.3779919643185
-0.5098509850985096,-30.38629051041739
-0.5090509050905085,-30.394591633451142
-0.5082508250825084,-30.40289533105098
-0.5074507450745074,-30.411201600848635
-0.5066506650665064,-30.41951044047628
-0.5058505850585053,-30.427821847566598
-0.5050505050505052,-30.436135819752735
-0.5042504250425042,-30.444452354668375
-0.5034503450345031,-30.45277144994769
-0.5026502650265021,-30.461093103225352
-0.501850185018502,-30.46941731213657
-0.501050105010501,-30.477744074317087
-0.5002500250024999,-30.48607338740317
-0.4994499449944989,-30.494405249031622
-0.49864986498649877,-30.502739656839797
-0.49784978497849774,-30.511076608465608
-0.4970497049704967,-30.51941610154754
-0.4962496249624957,-30.527758133724625
-0.49544954495449556,-30.53610270263646
-0.49464946494649453,-30.54444980592327
-0.4938493849384935,-30.552799441225837
-0.4930493049304925,-30.561151606185536
-0.49224922492249235,-30.569506298444335
-0.4914491449144913,-30.57786351564485
-0.4906490649064903,-30.58622325543027
-0.48984898489848927,-30.594585515444436
-0.48904890489048913,-30.602950293331784
-0.4882488248824881,-30.61131758673742
-0.4874487448744871,-30.619687393307068
-0.48664866486648606,-30.628059710687115
-0.4858485848584859,-30.636434536524572
-0.4850485048504849,-30.64481186846715
-0.48424842484248387,-30.653191704163206
-0.48344834483448285,-30.661574041261776
-0.4826482648264827,-30.66995887741255
-0.4818481848184817,-30.678346210265968
-0.48104810481048066,-30.686736037473086
-0.48024802480247963,-30.69512835668572
-0.4794479447944795,-30.703523165556334
-0.47864786478647847,-30.711920461738167
-0.47784778477847745,-30.72032024288513
-0.4770477047704773,-30.72872250665187
-0.4762476247624763,-30.737127250693774
-0.47544754475447526,-30.745534472666954
-0.47464746474647423,-30.753944170228266
-0.4738473847384741,-30.762356341035307
-0.4730473047304731,-30.77077098274645
-0.47224722472247205,-30.779188093020824
-0.471447144714471,-30.78760766951831
-0.4706470647064709,-30.796029709899557
-0.46984698469846986,-30.804454211826037
-0.46904690469046884,-30.812881172959955
-0.4682468246824678,-30.82131059096434
-0.4674467446744677,-30.82974246350299
-0.46664666466646665,-30.838176788240553
-0.4658465846584656,-30.846613562842442
-0.4650465046504646,-30.855052784974898
-0.46424642464246446,-30.863494452304977
-0.46344634463446344,-30.871938562500596
-0.4626462646264624,-30.88038511323046
-0.4618461846184614,-30.888834102164132
-0.46104610461046125,-30.897285526972027
-0.4602460246024602,-30.905739385325404
-0.4594459445944592,-30.914195674896373
-0.4586458645864582,-30.922654393357913
-0.45784578457845804,-30.93111553838385
-0.457045704570457,-30.93957910764892
-0.456245624562456,-30.948045098828718
-0.45544554455445496,-30.956513509599713
-0.4546454645464548,-30.964984337639272
-0.4538453845384538,-30.973457580625688
-0.4530453045304528,-30.981933236238106
-0.45224522452245175,-30.99041130215661
-0.4514451445144516,-30.998891776062173
-0.4506450645064506,-31.007374655636724
-0.44984498449844956,-31.015859938563086
-0.44904490449044854,-31.024347622525006
-0.4482448244824484,-31.032837705207182
-0.4474447444744474,-31.04133018429527
-0.44664466446644635,-31.049825057475832
-0.4458445844584453,-31.0583223224364
-0.4450445044504452,-31.066821976865448
-0.44424442444244416,-31.075324018452463
-0.44344434443444314,-31.083828444887835
-0.4426442644264421,-31.092335253862963
-0.441844184418442,-31.10084444307021
-0.44104410441044095,-31.109356010202934
-0.4402440244024399,-31.117869952955473
-0.4394439443944389,-31.126386269023158
-0.43864386438643876,-31.134904956102314
-0.43784378437843774,-31.143426011890305
-0.4370437043704367,-31.15194943408546
-0.4362436243624357,-31.16047522038714
-0.43544354435443555,-31.169003368495723
-0.4346434643464345,-31.177533876112623
-0.4338433843384335,-31.186066740940277
-0.4330433043304325,-31.194601960682157
-0.43224322432243234,-31.203139533042755
-0.4314431443144313,-31.211679455727662
-0.4306430643064303,-31.22022172644347
-0.42984298429842926,-31.22876634289783
-0.42904290429042913,-31.23731330279947
-0.4282428242824281,-31.245862603858196
-0.4274427442744271,-31.254414243784858
-0.42664266426642605,-31.262968220291384
-0.4258425842584259,-31.27152453109078
-0.4250425042504249,-31.280083173897168
-0.42424242424242387,-31.288644146425725
-0.42344234423442284,-31.297207446392726
-0.4226422642264227,-31.30577307151556
-0.4218421842184217,-31.314341019512728
-0.42104210421042065,-31.322911288103814
-0.42024202420241963,-31.331483875009525
-0.4194419441944195,-31.34005877795169
-0.41864186418641847,-31.34863599465328
-0.41784178417841744,-31.35721552283835
-0.4170417041704164,-31.36579736023213
-0.4162416241624163,-31.374381504560958
-0.41544154415441525,-31.382967953552342
-0.41464146414641423,-31.39155670493491
-0.4138413841384141,-31.40014775643845
-0.41304130413041307,-31.408741105793922
-0.41224122412241204,-31.417336750733426
-0.411441144114411,-31.42593468899023
-0.4106410641064109,-31.43453491829876
-0.40984098409840986,-31.443137436394665
-0.40904090409040883,-31.451742241014724
-0.4082408240824078,-31.4603493298969
-0.40744074407440767,-31.468958700780366
-0.40664066406640664,-31.477570351405486
-0.4058405840584056,-31.486184279513807
-0.4050405040504046,-31.49480048284807
-0.40424042404240446,-31.503418959152235
-0.40344034403440343,-31.512039706171493
-0.4026402640264024,-31.52066272165219
-0.4018401840184014,-31.529288003341943
-0.40104010401040124,-31.537915548989556
-0.4002400240024002,-31.5465453563451
-0.3994399439943992,-31.555177423159833
-0.39863986398639817,-31.563811747186268
-0.39783978397839803,-31.57244832617815
-0.397039703970397,-31.5810871578905
-0.396239623962396,-31.58972824007953
-0.39543954395439496,-31.598371570502746
-0.3946394639463948,-31.60701714691889
-0.3938393839383938,-31.61566496708798
-0.39303930393039277,-31.624315028771285
-0.39223922392239174,-31.632967329731336
-0.3914391439143916,-31.64162186773195
-0.3906390639063906,-31.65027864053822
-0.38983898389838956,-31.65893764591651
-0.38903890389038853,-31.66759888163447
-0.3882388238823884,-31.676262345461033
-0.38743874387438737,-31.684928035166454
-0.38663866386638635,-31.693595948522244
-0.3858385838583853,-31.702266083301225
-0.3850385038503852,-31.71093843727753
-0.38423842384238416,-31.719613008226602
-0.38343834383438313,-31.728289793925196
-0.3826382638263821,-31.736968792151373
-0.38183818381838197,-31.7456500006845
-0.38103810381038095,-31.754333417305308
-0.3802380238023799,-31.76301903979581
-0.3794379437943789,-31.77170686593938
-0.37863786378637876,-31.780396893520706
-0.37783778377837773,-31.789089120325833
-0.3770377037703767,-31.79778354414214
-0.3762376237623757,-31.806480162758334
-0.37543754375437555,-31.81517897396448
-0.3746374637463745,-31.823879975552025
-0.3738373837383735,-31.83258316531373
-0.37303730373037247,-31.84128854104373
-0.37223722372237233,-31.84999610053753
-0.3714371437143713,-31.85870584159201
-0.3706370637063703,-31.867417762005392
-0.36983698369836926,-31.876131859577292
-0.3690369036903691,-31.884848132108694
-0.3682368236823681,-31.893566577401973
-0.3674367436743671,-31.902287193260896
-0.36663666366636605,-31.911009977490583
-0.3658365836583659,-31.91973492789757
-0.3650365036503649,-31.928462042289794
-0.36423642364236386,-31.937191318476575
-0.36343634363436284,-31.94592275426865
-0.3626362636263627,-31.95465634747812
-0.3618361836183617,-31.96339209591856
-0.36103610361036065,-31.972129997404906
-0.3602360236023596,-31.980870049753516
-0.3594359435943595,-31.989612250782177
-0.35863586358635846,-31.998356598310103
-0.35783578357835744,-32.00710309015791
-0.3570357035703564,-32.015851724147666
-0.3562356235623563,-32.024602498102844
-0.35543554355435525,-32.033355409848376
-0.3546354635463542,-32.04211045721062
-0.3538353835383541,-32.050867638017365
-0.35303530353035306,-32.059626950097865
-0.35223522352235204,-32.06838839128281
-0.351435143514351,-32.07715195940433
-0.3506350635063509,-32.08591765229602
-0.34983498349834985,-32.09468546779293
-0.3490349034903488,-32.103455403731566
-0.3482348234823478,-32.11222745794989
-0.34743474347434766,-32.12100162828733
-0.34663466346634664,-32.129777912584814
-0.3458345834583456,-32.13855630868469
-0.3450345034503446,-32.147336814430815
-0.34423442344234445,-32.15611942766851
-0.3434343434343434,-32.164904146244574
-0.3426342634263424,-32.17369096800729
-0.3418341834183414,-32.18247989080645
-0.34103410341034124,-32.19127091249328
-0.3402340234023402,-32.20006403092056
-0.3394339433943392,-32.20885924394253
-0.33863386338633816,-32.21765654941491
-0.337833783378338,-32.22645594519496
-0.337033703370337,-32.23525742914143
-0.336233623362336,-32.244060999114566
-0.33543354335433495,-32.25286665297611
-0.3346334633463348,-32.261674388589334
-0.3338333833383338,-32.27048420381904
-0.33303330333033276,-32.27929609653151
-0.33223322332233174,-32.28811006459456
-0.3314331433143316,-32.29692610587753
-0.3306330633063306,-32.30574421825129
-0.32983298329832955,-32.31456439958823
-0.3290329032903285,-32.323386647762256
-0.3282328232823284,-32.33221096064882
-0.32743274327432736,-32.34103733612492
-0.32663266326632634,-32.34986577206907
-0.3258325832583253,-32.35869626636134
-0.3250325032503252,-32.36752881688332
-0.32423242324232415,-32.37636342151817
-0.3234323432343231,-32.38520007815059
-0.3226322632263221,-32.394038784666826
-0.32183218321832197,-32.40287953895465
-0.32103210321032094,-32.41172233890346
-0.3202320232023199,-32.42056718240413
-0.3194319431943189,-32.42941406734914
-0.31863186318631875,-32.43826299163253
-0.31783178317831773,-32.44711395314989
-0.3170317031703167,-32.45596694979838
-0.3162316231623157,-32.464821979476724
-0.31543154315431554,-32.47367904008523
-0.3146314631463145,-32.48253812952579
-0.3138313831383135,-32.49139924570184
-0.31303130313031247,-32.500262386518415
-0.31223122312231233,-32.50912754988211
-0.3114311431143113,-32.517994733701144
-0.3106310631063103,-32.52686393588528
-0.30983098309830925,-32.535735154345886
-0.3090309030903091,-32.544608386995904
-0.3082308230823081,-32.553483631749906
-0.30743074307430707,-32.56236088652401
-0.30663066306630604,-32.57124014923597
-0.3058305830583059,-32.58012141780509
-0.3050305030503049,-32.589004690152336
-0.30423042304230385,-32.59788996420023
-0.30343034303430283,-32.606777237872905
-0.3026302630263027,-32.615666509096116
-0.30183018301830167,-32.624557775797214
-0.30103010301030064,-32.633451035905175
-0.3002300230022996,-32.64234628735056
-0.2994299429942995,-32.651243528065564
-0.29862986298629846,-32.66014275598401
-0.29782978297829743,-32.669043969041326
-0.2970297029702964,-32.67794716517453
-0.29622962296229627,-32.68685234232231
-0.29542954295429524,-32.695759498424984
-0.2946294629462942,-32.70466863142444
-0.2938293829382941,-32.713579739264226
-0.29302930293029306,-32.722492819889546
-0.29222922292229203,-32.7314078712472
-0.291429142914291,-32.740324891285624
-0.29062906290629087,-32.749243877954896
-0.28982898289828984,-32.75816482920675
-0.2890289028902888,-32.767087742994526
-0.2882288228822878,-32.77601261727324
-0.28742874287428766,-32.7849394499995
-0.28662866286628663,-32.79386823913163
-0.2858285828582856,-32.80279898262955
-0.2850285028502846,-32.81173167845483
-0.28422842284228444,-32.820666324570695
-0.2834283428342834,-32.82960291894204
-0.2826282628262824,-32.83854145953539
-0.28182818281828137,-32.84748194431894
-0.28102810281028123,-32.856424371262534
-0.2802280228022802,-32.86536873833768
-0.2794279427942792,-32.87431504351754
-0.27862786278627816,-32.88326328477693
-0.277827782778278,-32.892213460092336
-0.277027702770277,-32.901165567441936
-0.27622762276227597,-32.91011960480553
-0.27542754275427495,-32.91907557016461
-0.2746274627462748,-32.92803346150231
-0.2738273827382738,-32.936993276803506
-0.27302730273027276,-32.94595501405466
-0.27222722272227173,-32.95491867124396
-0.2714271427142716,-32.96388424636124
-0.27062706270627057,-32.97285173739804
-0.26982698269826955,-32.98182114234757
-0.2690269026902685,-32.99079245920471
-0.2682268226822684,-32.999765685966004
-0.26742674267426736,-33.00874082062974
-0.26662666266626633,-33.01771786119582
-0.2658265826582653,-33.02669680566588
-0.26502650265026517,-33.03567765204319
-0.26422642264226415,-33.044660398332795
-0.2634263426342631,-33.05364504254135
-0.2626262626262621,-33.06263158267722
-0.26182618261826196,-33.07162001675048
-0.26102610261026093,-33.0806103427729
-0.2602260226022599,-33.08960255875793
-0.2594259425942589,-33.09859666272071
-0.25862586258625875,-33.10759265267809
-0.2578257825782577,-33.116590526648636
-0.2570257025702567,-33.125590282652574
-0.2562256225622557,-33.134591918711855
-0.25542554255425554,-33.143595432850134
-0.2546254625462545,-33.15260082309277
-0.2538253825382535,-33.16160808746682
-0.25302530253025246,-33.17061722400104
-0.2522252225222523,-33.1796282307259
-0.2514251425142513,-33.188641105673604
-0.2506250625062503,-33.19765584687802
-0.24982498249824925,-33.20667245237476
-0.2490249024902491,-33.215690920201126
-0.2482248224822481,-33.22471124839615
-0.24742474247424706,-33.23373343500058
-0.24662466246624604,-33.24275747805685
-0.2458245824582459,-33.25178337560914
-0.24502450245024487,-33.26081112570334
-0.24422442244224385,-33.26984072638706
-0.24342434243424282,-33.27887217570962
-0.2426242624262427,-33.287905471722055
-0.24182418241824166,-33.296940612477144
-0.24102410241024064,-33.30597759602938
-0.2402240224022396,-33.31501642043496
-0.23942394239423948,-33.32405708375181
-0.23862386238623845,-33.33309958403962
-0.23782378237823742,-33.34214391935976
-0.2370237023702364,-33.35119008777535
-0.23622362236223626,-33.36023808735123
-0.23542354235423524,-33.36928791615396
-0.2346234623462342,-33.37833957225186
-0.23382338233823408,-33.38739305371493
-0.23302330233023305,-33.396448358614975
-0.23222322232223203,-33.40550548502545
-0.231423142314231,-33.41456443102161
-0.23062306230623086,-33.42362519468039
-0.22982298229822984,-33.432687774080506
-0.2290229022902288,-33.44175216730239
-0.2282228222822278,-33.4508183724282
-0.22742274227422765,-33.45988638754184
-0.22662266226622663,-33.46895621072897
-0.2258225822582256,-33.47802784007696
-0.22502250225022458,-33.487101273674924
-0.22422242224222444,-33.496176509613726
-0.22342234223422341,-33.50525354598599
-0.2226222622262224,-33.51433238088603
-0.22182218221822136,-33.523413012409954
-0.22102210221022123,-33.53249543865557
-0.2202220222022202,-33.54157965772247
-0.21942194219421918,-33.550665667711975
-0.21862186218621815,-33.55975346672713
-0.21782178217821802,-33.56884305287274
-0.217021702170217,-33.57793442425537
-0.21622162216221597,-33.587027578983324
-0.21542154215421494,-33.59612251516665
-0.2146214621462148,-33.60521923091712
-0.21382138213821378,-33.61431772434832
-0.21302130213021275,-33.623417993575515
-0.21222122212221173,-33.63252003671576
-0.2114211421142116,-33.64162385188784
-0.21062106210621057,-33.65072943721232
-0.20982098209820954,-33.65983679081149
-0.20902090209020852,-33.668945910809384
-0.20822082208220838,-33.67805679533181
-0.20742074207420735,-33.68716944250633
-0.20662066206620633,-33.696283850462265
-0.2058205820582053,-33.705400017330646
-0.20502050205020517,-33.7145179412443
-0.20422042204220414,-33.72363762033781
-0.20342034203420312,-33.7327590527475
-0.2026202620262021,-33.74188223661143
-0.20182018201820195,-33.751007170069464
-0.20102010201020093,-33.7601338512632
-0.2002200220021999,-33.76926227833597
-0.19941994199419888,-33.7783924494329
-0.19861986198619874,-33.78752436270084
-0.19781978197819772,-33.79665801628843
-0.1970197019701967,-33.80579340834606
-0.19621962196219567,-33.814930537025866
-0.19541954195419553,-33.82406940048173
-0.1946194619461945,-33.83320999686934
-0.19381938193819348,-33.84235232434612
-0.19301930193019246,-33.85149638107124
-0.19221922192219232,-33.86064216520563
-0.1914191419141913,-33.86978967491202
-0.19061906190619027,-33.87893890835487
-0.18981898189818924,-33.88808986370038
-0.1890189018901891,-33.897242539116554
-0.18821882188218808,-33.90639693277315
-0.18741874187418706,-33.915553042841665
-0.18661866186618603,-33.92471086749539
-0.1858185818581859,-33.933870404909335
-0.18501850185018487,-33.94303165326032
-0.18421842184218384,-33.95219461072691
-0.18341834183418282,-33.961359275489414
-0.18261826182618268,-33.97052564572992
-0.18181818181818166,-33.979693719632294
-0.18101810181018063,-33.98886349538215
-0.1802180218021796,-33.998034971166845
-0.17941794179417947,-34.00720814517555
-0.17861786178617844,-34.01638301559916
-0.17781778177817742,-34.02555958063035
-0.1770177017701764,-34.034737838463556
-0.17621762176217626,-34.043917787294966
-0.17541754175417523,-34.05309942532256
-0.1746174617461742,-34.06228275074608
-0.17381738173817407,-34.07146776176698
-0.17301730173017305,-34.08065445658856
-0.17221722172217202,-34.08984283341583
-0.171417141714171,-34.099032890455575
-0.17061706170617086,-34.10822462591635
-0.16981698169816983,-34.11741803800848
-0.1690169016901688,-34.12661312494404
-0.16821682168216778,-34.1358098849369
-0.16741674167416765,-34.145008316202635
-0.16661666166616662,-34.15420841695867
-0.1658165816581656,-34.16341018542412
-0.16501650165016457,-34.172613619819906
-0.16421642164216443,-34.18181871836869
-0.1634163416341634,-34.19102547929493
-0.16261626162616238,-34.20023390082482
-0.16181618161816136,-34.209443981186325
-0.16101610161016122,-34.218655718609185
-0.1602160216021602,-34.22786911132491
-0.15941594159415917,-34.23708415756674
-0.15861586158615815,-34.24630085556973
-0.157815781578158,-34.25551920357063
-0.15701570157015698,-34.26473919980805
-0.15621562156215596,-34.27396084252228
-0.15541554155415493,-34.28318412995541
-0.1546154615461548,-34.29240906035128
-0.15381538153815377,-34.301635631955534
-0.15301530153015275,-34.31086384301551
-0.15221522152215172,-34.32009369178037
-0.15141514151415159,-34.32932517650102
-0.15061506150615056,-34.338558295430126
-0.14981498149814954,-34.34779304682211
-0.1490149014901485,-34.35702942893316
-0.14821482148214837,-34.36626744002125
-0.14741474147414735,-34.37550707834608
-0.14661466146614632,-34.38474834216915
-0.1458145814581453,-34.39399122975369
-0.14501450145014516,-34.4032357393647
-0.14421442144214414,-34.41248186926896
-0.1434143414341431,-34.421729617734975
-0.14261426142614209,-34.43097898303306
-0.14181418141814195,-34.440229963435236
-0.14101410141014092,-34.44948255721533
-0.1402140214021399,-34.458736762648925
-0.13941394139413887,-34.46799257801332
-0.13861386138613874,-34.47725000158762
-0.1378137813781377,-34.48650903165268
-0.1370137013701367,-34.4957696664911
-0.13621362136213566,-34.505031904387245
-0.13541354135413552,-34.51429574362724
-0.1346134613461345,-34.52356118249897
-0.13381338133813347,-34.532828219292085
-0.13301330133013245,-34.54209685229797
-0.1322132213221323,-34.551367079809786
-0.1314131413141313,-34.560638900122456
-0.13061306130613026,-34.56991231153263
-0.12981298129812924,-34.579187312338746
-0.1290129012901291,-34.58846390084098
-0.12821282128212808,-34.597742075341266
-0.12741274127412705,-34.6070218341433
-0.12661266126612603,-34.61630317555253
-0.1258125812581259,-34.62558609787614
-0.12501250125012486,-34.63487059942309
-0.12421242124212384,-34.644156678504096
-0.12341234123412281,-34.653444333431615
-0.12261226122612268,-34.66273356251983
-0.12181218121812165,-34.67202436408475
-0.12101210121012063,-34.681316736444046
-0.1202120212021196,-34.69061067791721
-0.11941194119411946,-34.699906186825444
-0.11861186118611844,-34.70920326149174
-0.11781178117811741,-34.71850190024078
-0.11701170117011639,-34.72780210139905
-0.11621162116211625,-34.737103863294735
-0.11541154115411523,-34.74640718425784
-0.1146114611461142,-34.755712062620056
-0.11381138113811318,-34.76501849671482
-0.11301130113011304,-34.774326484877356
-0.11221122112211201,-34.78363602544461
-0.11141114111411099,-34.79294711675527
-0.11061106110611085,-34.80225975714978
-0.10981098109810983,-34.81157394497031
-0.1090109010901088,-34.82088967856082
-0.10821082108210778,-34.83020695626695
-0.10741074107410764,-34.83952577643612
-0.10661066106610662,-34.848846137417496
-0.10581058105810559,-34.85816803756197
-0.10501050105010457,-34.86749147522219
-0.10421042104210443,-34.8768164487525
-0.1034103410341034,-34.88614295650906
-0.10261026102610238,-34.895470996849724
-0.10181018101810135,-34.904800568134064
-0.10101010101010122,-34.91413166872342
-0.10021002100210019,-34.923464296980896
-0.09940994099409917,-34.93279845127126
-0.09860986098609814,-34.94213412996109
-0.097809780978098,-34.95147133141863
-0.09700970097009698,-34.96081005401394
-0.09620962096209595,-34.97015029611874
-0.09540954095409493,-34.97949205610652
-0.09460946094609479,-34.98883533235249
-0.09380938093809377,-34.99818012323362
-0.09300930093009274,-35.00752642712857
-0.09220922092209172,-35.01687424241776
-0.09140914091409158,-35.02622356748333
-0.09060906090609055,-35.035574400709145
-0.08980898089808953,-35.04492674048081
-0.0890089008900885,-35.054280585185666
-0.08820882088208837,-35.06363593321274
-0.08740874087408734,-35.07299278295284
-0.08660866086608632,-35.08235113279846
-0.08580858085808529,-35.091710981143834
-0.08500850085008516,-35.10107232638491
-0.08420842084208413,-35.1104351669194
-0.0834083408340831,-35.119799501146694
-0.08260826082608208,-35.129165327467916
-0.08180818081808194,-35.138532644285895
-0.08100810081008092,-35.147901450005236
-0.0802080208020799,-35.15727174303221
-0.07940794079407887,-35.16664352177483
-0.07860786078607873,-35.17601678464281
-0.0778077807780777,-35.18539153004762
-0.07700770077007668,-35.1947677564024
-0.07620762076207566,-35.20414546212204
-0.07540754075407552,-35.213524645623124
-0.0746074607460745,-35.22290530532398
-0.07380738073807347,-35.2322874396446
-0.07300730073007244,-35.24167104700675
-0.07220722072207231,-35.251056125833834
-0.07140714071407128,-35.26044267455106
-0.07060706070607026,-35.26983069158527
-0.06980698069806923,-35.27922017536505
-0.0690069006900691,-35.28861112432067
-0.06820682068206807,-35.298003536884146
-0.06740674067406704,-35.30739741148917
-0.06660666066606602,-35.31679274657115
-0.06580658065806588,-35.32618954056721
-0.06500650065006486,-35.335587791916154
-0.06420642064206383,-35.344987499058526
-0.06340634063406281,-35.35438866043653
-0.06260626062606267,-35.36379127449408
-0.061806180618061646,-35.37319533967684
-0.06100610061006062,-35.38260085443213
-0.060206020602059596,-35.392007817208956
-0.05940594059405946,-35.40141622645806
-0.058605860586058434,-35.41082608063187
-0.05780578057805741,-35.420237378184495
-0.05700570057005638,-35.42965011757177
-0.05620562056205625,-35.439064297251164
-0.05540554055405522,-35.44847991568193
-0.054605460546054196,-35.45789697132494
-0.05380538053805317,-35.467315462642794
-0.053005300530053034,-35.47673538809975
-0.05220522052205201,-35.48615674616181
-0.051405140514050984,-35.49557953529662
-0.05060506050605085,-35.50500375397352
-0.04980498049804982,-35.51442940066356
-0.0490049004900488,-35.52385647383946
-0.04820482048204777,-35.533284971975625
-0.047404740474047635,-35.54271489354814
-0.04660466046604661,-35.5521462370348
-0.045804580458045585,-35.561579000915046
-0.04500450045004456,-35.571013183670026
-0.04420442044204442,-35.58044878378255
-0.0434043404340434,-35.58988579973713
-0.04260426042604237,-35.599324230019946
-0.04180418041804135,-35.60876407311885
-0.04100410041004121,-35.618205327523356
-0.040204020402040186,-35.62764799172471
-0.03940394039403916,-35.63709206421577
-0.038603860386038136,-35.64653754349111
-0.037803780378038,-35.655984428046935
-0.037003700370036974,-35.66543271638116
-0.03620362036203595,-35.674882406993376
-0.035403540354034924,-35.6843334983848
-0.03460346034603479,-35.69378598905834
-0.03380338033803376,-35.70323987751859
-0.03300330033003274,-35.71269516227179
-0.03220322032203171,-35.72215184182585
-0.031403140314031575,-35.731609914690324
-0.03060306030603055,-35.74106937937648
-0.029802980298029524,-35.75053023439721
-0.0290029002900285,-35.759992478267066
-0.028202820282028362,-35.769456109502265
-0.027402740274027337,-35.7789211266207
-0.026602660266026312,-35.78838752814192
-0.025802580258025287,-35.7978553125871
-0.02500250025002515,-35.80732447847908
-0.024202420242024125,-35.81679502434241
-0.0234023402340231,-35.82626694870322
-0.022602260226022075,-35.83574025008933
-0.021802180218021938,-35.84521492703019
-0.021002100210020913,-35.854690978056944
-0.020202020202019888,-35.864168401702344
-0.019401940194018863,-35.873647196500805
-0.018601860186018726,-35.88312736098837
-0.0178017801780177,-35.89260889370277
-0.017001700170016676,-35.90209179318335
-0.01620162016201565,-35.91157605797112
-0.015401540154015514,-35.921061686608674
-0.014601460146014489,-35.93054867764033
-0.013801380138013464,-35.940037029612014
-0.013001300130012439,-35.949526741071274
-0.012201220122012302,-35.95901781056729
-0.011401140114011277,-35.96851023665094
-0.010601060106010252,-35.97800401787467
-0.009800980098009227,-35.98749915279258
-0.00900090009000909,-35.996995639960424
-0.008200820082008065,-36.00649347793559
-0.0074007400740070395,-36.01599266527707
-0.006600660066006014,-36.0254932005455
-0.0058005800580058775,-36.03499508230312
-0.005000500050004852,-36.04449830911386
-0.004200420042003827,-36.05400287954325
-0.0034003400340028023,-36.0635087921584
-0.0026002600260026654,-36.07301604552809
-0.0018001800180016403,-36.082524638222736
-0.0010001000100006152,-36.09203456881433
-0.00020002000199959014,-36.101545835876536
0.0006000600060005468,-36.112258557996576
0.0014001400140015718,-36.12337265374337
0.002200220022002597,-36.13448808169138
0.003000300030003622,-36.14560484042073
0.003800380038003759,-36.156722928513126
0.004600460046004784,-36.167842344551936
0.005400540054005809,-36.17896308712211
0.006200620062006834,-36.190085154810205
0.007000700070006971,-36.20120854620438
0.007800780078007996,-36.21233325989445
0.008600860086009021,-36.22345929447178
0.009400940094009158,-36.23458664852939
0.010201020102010183,-36.24571532066188
0.011001100110011208,-36.256845309465454
0.011801180118012233,-36.26797661353793
0.01260126012601237,-36.279109231478714
0.013401340134013395,-36.29024316188884
0.01420142014201442,-36.301378403370904
0.015001500150015445,-36.312514954529135
0.015801580158015582,-36.323652813969325
0.016601660166016607,-36.3347919802989
0.017401740174017633,-36.34593245212686
0.018201820182018658,-36.35707422806379
0.019001900190018794,-36.368217306721874
0.01980198019801982,-36.3793616867149
0.020602060206020845,-36.390507366658234
0.02140214021402187,-36.401654345168836
0.022202220222022007,-36.41280262086522
0.02300230023002303,-36.423952192367565
0.023802380238024057,-36.435103058297564
0.024602460246025082,-36.446255217278505
0.02540254025402522,-36.45740866793526
0.026202620262026244,-36.46856340889432
0.02700270027002727,-36.47971943878372
0.027802780278028294,-36.49087675623305
0.02860286028602843,-36.502035359873524
0.029402940294029456,-36.51319524833794
0.03020302030203048,-36.5243564202606
0.031003100310031506,-36.53551887427746
0.03180318031803164,-36.54668260902599
0.03260326032603267,-36.55784762314527
0.03340334033403369,-36.569013915275924
0.03420342034203472,-36.58018148406016
0.035003500350034855,-36.59135032814173
0.03580358035803588,-36.602520446166
0.036603660366036905,-36.613691836779836
0.03740374037403793,-36.62486449863172
0.03820382038203807,-36.636038430371656
0.03900390039003909,-36.64721363065125
0.03980398039804012,-36.65839009812364
0.04060406040604114,-36.66956783144353
0.04140414041404128,-36.68074682926716
0.042204220422042305,-36.69192709025236
0.04300430043004333,-36.703108613058504
0.043804380438044355,-36.714291396346496
0.04460446044604449,-36.725475438778815
0.04540454045404552,-36.73666073901949
0.04620462046204654,-36.74784729573409
0.04700470047004757,-36.759035107589725
0.047804780478047704,-36.77022417325506
0.04860486048604873,-36.78141449140031
0.049404940494049754,-36.792606060697246
0.05020502050205078,-36.80379887981914
0.051005100510050916,-36.81499294744083
0.05180518051805194,-36.82618826223871
0.052605260526052966,-36.837384822890684
0.05340534053405399,-36.8485826280762
0.05420542054205413,-36.859781676476246
0.05500550055005515,-36.87098196677336
0.05580558055805618,-36.88218349765159
0.0566056605660572,-36.893386267796515
0.05740574057405734,-36.904590275895245
0.058205820582058365,-36.91579552063645
0.05900590059005939,-36.927002000710296
0.059805980598060415,-36.93820971480848
0.06060606060606055,-36.949418661624215
0.06140614061406158,-36.960628839852276
0.0622062206220626,-36.97184024818892
0.06300630063006363,-36.983052885331944
0.06380638063806376,-36.994266749980646
0.06460646064606479,-37.005481840835884
0.06540654065406581,-37.016698156599986
0.06620662066206684,-37.027915695976816
0.06700670067006698,-37.03913445767176
0.067806780678068,-37.0503544403917
0.06860686068606903,-37.06157564284506
0.06940694069406916,-37.0727980637417
0.07020702070207019,-37.0840217017931
0.07100710071007121,-37.095246555712166
0.07180718071807224,-37.106472624213325
0.07260726072607238,-37.11769990601251
0.0734073407340734,-37.1289283998272
0.07420742074207443,-37.14015810437631
0.07500750075007545,-37.1513890183803
0.07580758075807559,-37.16262114056109
0.07660766076607661,-37.17385446964215
0.07740774077407764,-37.18508900434842
0.07820782078207866,-37.19632474340632
0.0790079007900788,-37.20756168554378
0.07980798079807983,-37.21879982949023
0.08060806080608085,-37.23003917397658
0.08140814081408188,-37.24127971773524
0.08220822082208201,-37.252521459500066
0.08300830083008304,-37.26376439800649
0.08380838083808406,-37.275008531991325
0.08460846084608509,-37.28625386019294
0.08540854085408522,-37.29750038135117
0.08620862086208625,-37.308748094207324
0.08700870087008727,-37.31999699750419
0.0878087808780883,-37.331247089986036
0.08860886088608844,-37.3424983703986
0.08940894089408946,-37.353750837489144
0.09020902090209049,-37.36500449000633
0.09100910091009151,-37.376259326700335
0.09180918091809165,-37.3875153463228
0.09260926092609267,-37.398772547626855
0.0934093409340937,-37.410030929367075
0.09420942094209472,-37.42129049029951
0.09500950095009486,-37.43255122918167
0.09580958095809589,-37.44381314477254
0.09660966096609691,-37.455076235832564
0.09740974097409794,-37.46634050112365
0.09820982098209807,-37.477605939409166
0.0990099009900991,-37.488872549453944
0.09980998099810012,-37.50014033002426
0.10061006100610115,-37.51140927988785
0.10141014101410128,-37.5226793978139
0.10221022102210231,-37.5339506825731
0.10301030103010334,-37.54522313293753
0.10381038103810436,-37.556496747680725
0.1046104610461045,-37.5677715255777
0.10541054105410552,-37.57904746540492
0.10621062106210655,-37.590324565940264
0.10701070107010757,-37.60160282596307
0.10781078107810771,-37.61288224425412
0.10861086108610873,-37.624162819595675
0.10941094109410976,-37.63544455077138
0.11021102110211078,-37.646727436566344
0.11101110111011092,-37.6580114757671
0.11181118111811195,-37.66929666716166
0.11261126112611297,-37.68058300953943
0.113411341134114,-37.69187050169126
0.11421142114211413,-37.703159142409426
0.11501150115011516,-37.71444893048768
0.11581158115811618,-37.72573986472113
0.11661166116611721,-37.73703194390636
0.11741174117411735,-37.74832516684137
0.11821182118211837,-37.75961953232561
0.1190119011901194,-37.77091503915991
0.11981198119812042,-37.78221168614655
0.12061206120612056,-37.79350947208921
0.12141214121412158,-37.804808395793025
0.12221222122212261,-37.816108456064526
0.12301230123012363,-37.827409651711655
0.12381238123812377,-37.83871198154377
0.1246124612461248,-37.850015444371664
0.12541254125412582,-37.86132003900752
0.12621262126212685,-37.87262576426496
0.12701270127012698,-37.883932618958966
0.127812781278128,-37.89524060190599
0.12861286128612903,-37.90654971192385
0.12941294129413006,-37.917859947831786
0.1302130213021302,-37.92917130845041
0.13101310131013122,-37.9404837926018
0.13181318131813224,-37.95179739910939
0.13261326132613238,-37.963112126797995
0.1334133413341334,-37.974427974493885
0.13421342134213443,-37.985744941024706
0.13501350135013546,-37.99706302521947
0.1358135813581356,-38.0083822259086
0.13661366136613662,-38.01970254192394
0.13741374137413764,-38.031023972098694
0.13821382138213867,-38.04234651526747
0.1390139013901388,-38.05367017026622
0.13981398139813983,-38.06499493593238
0.14061406140614086,-38.076320811104694
0.14141414141414188,-38.087647794623294
0.14221422142214202,-38.09897588532971
0.14301430143014304,-38.11030508206687
0.14381438143814407,-38.12163538367906
0.1446144614461451,-38.13296678901196
0.14541454145414523,-38.1442992969126
0.14621462146214625,-38.155632906229414
0.14701470147014728,-38.166967615812204
0.1478147814781483,-38.17830342451212
0.14861486148614844,-38.18964033118173
0.14941494149414947,-38.20097833467493
0.1502150215021505,-38.212317433847005
0.15101510151015152,-38.22365762755461
0.15181518151815165,-38.23499891465573
0.15261526152615268,-38.24634129400978
0.1534153415341537,-38.257684764477474
0.15421542154215473,-38.269029324920936
0.15501550155015487,-38.28037497420359
0.1558155815581559,-38.29172171119029
0.15661566156615692,-38.30306953474721
0.15741574157415794,-38.31441844374187
0.15821582158215808,-38.32576843704316
0.1590159015901591,-38.33711951352133
0.15981598159816013,-38.34847167204796
0.16061606160616115,-38.35982491149599
0.1614161416141613,-38.371179230739706
0.16221622162216232,-38.38253462865477
0.16301630163016334,-38.39389110411814
0.16381638163816437,-38.405248656008155
0.1646164616461645,-38.416607283204456
0.16541654165416553,-38.427966984588096
0.16621662166216655,-38.439327759041404
0.16701670167016758,-38.45068960544807
0.16781678167816771,-38.46205252269311
0.16861686168616874,-38.473416509662904
0.16941694169416976,-38.48478156524514
0.1702170217021708,-38.49614768832885
0.17101710171017093,-38.50751487780438
0.17181718171817195,-38.51888313256343
0.17261726172617298,-38.53025245149903
0.173417341734174,-38.541622833505514
0.17421742174217414,-38.55299427747853
0.17501750175017516,-38.56436678231511
0.1758175817581762,-38.57574034691356
0.17661766176617721,-38.587114970173516
0.17741774177417735,-38.59849065099592
0.17821782178217838,-38.60986738828308
0.1790179017901794,-38.62124518093858
0.17981798179818043,-38.63262402786732
0.18061806180618056,-38.64400392797553
0.1814181418141816,-38.65538488017076
0.1822182218221826,-38.66676688336183
0.18301830183018364,-38.67814993645892
0.18381838183818378,-38.68953403837348
0.1846184618461848,-38.70091918801831
0.18541854185418583,-38.71230538430746
0.18621862186218685,-38.723692626156335
0.187018701870187,-38.73508091248159
0.187818781878188,-38.74647024220126
0.18861886188618904,-38.7578606142346
0.18941894189419006,-38.769252027502205
0.1902190219021902,-38.78064448092593
0.19101910191019122,-38.79203797342899
0.19181918191819225,-38.80343250393585
0.1926192619261924,-38.81482807137226
0.1934193419341934,-38.82622467466529
0.19421942194219444,-38.83762231274329
0.19501950195019546,-38.849020984535876
0.1958195819581956,-38.86042068897397
0.19661966196619662,-38.871821424989804
0.19741974197419765,-38.88322319151685
0.19821982198219867,-38.89462598748988
0.1990199019901988,-38.906029811844945
0.19981998199819984,-38.917434663519415
0.20062006200620086,-38.92884054145187
0.2014201420142019,-38.94024744458221
0.20222022202220202,-38.951655371851594
0.20302030203020305,-38.96306432220248
0.20382038203820407,-38.97447429457857
0.2046204620462051,-38.985885287924845
0.20542054205420524,-38.997297301187565
0.20622062206220626,-39.00871033331426
0.20702070207020729,-39.02012438325371
0.2078207820782083,-39.031539449955986
0.20862086208620845,-39.042955532372375
0.20942094209420947,-39.0543726294555
0.2102210221022105,-39.06579074015919
0.21102110211021152,-39.07720986343854
0.21182118211821166,-39.0886299982499
0.21262126212621268,-39.10005114355094
0.2134213421342137,-39.1114732983005
0.21422142214221473,-39.12289646145872
0.21502150215021487,-39.13432063198697
0.2158215821582159,-39.1457458088479
0.21662166216621692,-39.157171991005384
0.21742174217421795,-39.16859917742457
0.21822182218221808,-39.180027367071816
0.2190219021902191,-39.19145655891478
0.21982198219822013,-39.20288675192231
0.22062206220622116,-39.21431794506453
0.2214221422142213,-39.225750137312765
0.22222222222222232,-39.23718332763966
0.22302230223022335,-39.24861751501903
0.22382238223822437,-39.26005269842594
0.2246224622462245,-39.271488876836685
0.22542254225422553,-39.282926049228834
0.22622262226222656,-39.29436421458116
0.22702270227022758,-39.305803371873644
0.22782278227822772,-39.317243520087544
0.22862286228622875,-39.32868465820533
0.22942294229422977,-39.34012678521069
0.2302230223022308,-39.35156990008855
0.23102310231023093,-39.36301400182502
0.23182318231823196,-39.37445908940752
0.23262326232623298,-39.38590516182462
0.233423342334234,-39.39735221806611
0.23422342234223414,-39.40880025712303
0.23502350235023517,-39.42024927798765
0.2358235823582362,-39.4316992796534
0.23662366236623722,-39.443150261114994
0.23742374237423736,-39.45460222136826
0.23822382238223838,-39.466055159410374
0.2390239023902394,-39.47750907423962
0.23982398239824043,-39.48896396485553
0.24062406240624057,-39.50041983025879
0.2414241424142416,-39.511876669451404
0.24222422242224262,-39.52333448143648
0.24302430243024364,-39.53479326521837
0.24382438243824378,-39.546253019802606
0.2446244624462448,-39.557713744195965
0.24542454245424583,-39.569175437406386
0.24622462246224686,-39.58063809844302
0.247024702470247,-39.59210172631617
0.24782478247824802,-39.603566320037444
0.24862486248624904,-39.61503187861953
0.24942494249425007,-39.626498401076375
0.2502250225022502,-39.63796588642305
0.25102510251025123,-39.64943433367593
0.25182518251825226,-39.66090374185245
0.2526252625262524,-39.67237410997133
0.2534253425342534,-39.68384543705241
0.25422542254225444,-39.69531772211676
0.25502550255025547,-39.70679096418661
0.2558255825582556,-39.71826516228537
0.25662566256625663,-39.72974031543764
0.25742574257425765,-39.74121642266919
0.2582258225822587,-39.75269348300697
0.2590259025902588,-39.764171495479104
0.25982598259825984,-39.77565045911491
0.26062606260626087,-39.78713037294485
0.2614261426142619,-39.79861123600057
0.26222622262226203,-39.81009304731488
0.26302630263026305,-39.821575805921775
0.2638263826382641,-39.833059510856415
0.2646264626462651,-39.8445441611551
0.26542654265426524,-39.85602975585532
0.26622662266226627,-39.86751629399573
0.2670267026702673,-39.87900377461614
0.2678267826782683,-39.89049219675751
0.26862686268626845,-39.901981559461966
0.2694269426942695,-39.91347186177282
0.2702270227022705,-39.924963102734495
0.27102710271027153,-39.936455281392604
0.27182718271827166,-39.94794839679387
0.2726272627262727,-39.95944244798623
0.2734273427342737,-39.97093743401872
0.27422742274227474,-39.98243335394157
0.2750275027502749,-39.993930206806105
0.2758275827582759,-40.005427991664845
0.2766276627662769,-40.01692670757144
0.27742774277427795,-40.02842635358067
0.2782278227822781,-40.039926928748464
0.2790279027902791,-40.051428432131914
0.27982798279828014,-40.06293086278923
0.28062806280628116,-40.07443421977976
0.2814281428142813,-40.085938502164
0.2822282228222823,-40.097443709003585
0.28302830283028335,-40.10894983936127
0.2838283828382844,-40.12045689230095
0.2846284628462845,-40.13196486688764
0.28542854285428554,-40.143473762187526
0.28622862286228656,-40.15498357726789
0.2870287028702876,-40.16649431119714
0.2878287828782877,-40.1780059630448
0.28862886288628875,-40.18951853188158
0.2894289428942898,-40.201032016779244
0.2902290229022908,-40.21254641681071
0.29102910291029094,-40.22406173105001
0.29182918291829196,-40.2355779585723
0.292629262926293,-40.24709509845387
0.293429342934294,-40.25861314977209
0.29422942294229415,-40.27013211160546
0.2950295029502952,-40.281651983033626
0.2958295829582962,-40.29317276313731
0.2966296629662972,-40.30469445099836
0.29742974297429736,-40.316217045699716
0.2982298229822984,-40.32774054632547
0.2990299029902994,-40.33926495196077
0.29982998299830044,-40.35079026169192
0.3006300630063006,-40.362316474606274
0.3014301430143016,-40.373843589792344
0.3022302230223026,-40.38537160633972
0.30303030303030365,-40.39690052333907
0.3038303830383038,-40.4084303398822
0.3046304630463048,-40.41996105506201
0.30543054305430584,-40.43149266797247
0.30623062306230686,-40.44302517770867
0.307030703070307,-40.45455858336677
0.307830783078308,-40.46609288404406
0.30863086308630905,-40.4776280788389
0.3094309430943101,-40.489164166850735
0.3102310231023102,-40.500701147180095
0.31103110311031124,-40.51223901892861
0.31183118311831226,-40.52377778119902
0.3126312631263124,-40.535317433095095
0.3134313431343134,-40.546857973721735
0.31423142314231445,-40.558399402184904
0.3150315031503155,-40.56994171759164
0.3158315831583156,-40.581484919050055
0.31663166316631663,-40.59302900566941
0.31743174317431766,-40.604573976559934
0.3182318231823187,-40.616119830833
0.3190319031903188,-40.627666567601025
0.31983198319831985,-40.63921418597755
0.32063206320632087,-40.650762685077126
0.3214321432143219,-40.66231206401541
0.32223222322232203,-40.67386232190911
0.32303230323032306,-40.685413457876024
0.3238323832383241,-40.696965471035
0.3246324632463251,-40.70851836050595
0.32543254325432525,-40.72007212540984
0.32623262326232627,-40.73162676486875
0.3270327032703273,-40.74318227800576
0.3278327832783283,-40.75473866394505
0.32863286328632846,-40.76629592181182
0.3294329432943295,-40.77785405073237
0.3302330233023305,-40.78941304983404
0.33103310331033153,-40.80097291824521
0.33183318331833167,-40.812533655095315
0.3326332633263327,-40.82409525951489
0.3334333433343337,-40.83565773063546
0.33423342334233475,-40.84722106758963
0.3350335033503349,-40.85878526951103
0.3358335833583359,-40.87035033553438
0.33663366336633693,-40.88191626479541
0.33743374337433796,-40.893483056430895
0.3382338233823381,-40.90505070957866
0.3390339033903391,-40.916619223377594
0.33983398339834014,-40.928188596967615
0.34063406340634117,-40.93975882948964
0.3414341434143413,-40.95132992008567
0.34223422342234233,-40.96290186789873
0.34303430343034336,-40.97447467207289
0.3438343834383444,-40.98604833175323
0.3446344634463445,-40.997622846085875
0.34543454345434554,-41.009198214217996
0.34623462346234657,-41.02077443529778
0.3470347034703476,-41.032351508474434
0.34783478347834773,-41.0439294328982
0.34863486348634876,-41.05550820772038
0.3494349434943498,-41.06708783209325
0.3502350235023508,-41.078668305170126
0.35103510351035094,-41.09024962610535
0.35183518351835197,-41.101831794054306
0.352635263526353,-41.11341480817337
0.353435343534354,-41.12499866761995
0.35423542354235416,-41.13658337155245
0.3550355035503552,-41.14816891913033
0.3558355835583562,-41.15975530951404
0.35663566356635723,-41.17134254186503
0.35743574357435737,-41.182930615345796
0.3582358235823584,-41.19451952911982
0.3590359035903594,-41.20610928235162
0.35983598359836044,-41.21769987420669
0.3606360636063606,-41.22929130385154
0.3614361436143616,-41.240883570453704
0.36223622362236263,-41.25247667318172
0.36303630363036365,-41.264070611205106
0.3638363836383638,-41.27566538369439
0.3646364636463648,-41.287260989821114
0.36543654365436584,-41.29885742875783
0.36623662366236687,-41.31045469967806
0.367036703670367,-41.322052801756314
0.36783678367836803,-41.33365173416814
0.36863686368636905,-41.34525149609008
0.3694369436943701,-41.35685208669961
0.3702370237023702,-41.36845350517525
0.37103710371037124,-41.380055750696535
0.37183718371837227,-41.391658822443915
0.3726372637263724,-41.40326271959887
0.37343734373437343,-41.414867441343894
0.37423742374237445,-41.42647298686241
0.3750375037503755,-41.43807935533887
0.3758375837583756,-41.449686545958684
0.37663766376637664,-41.461294557908275
0.37743774377437767,-41.47290339037501
0.3782378237823787,-41.484513042547256
0.3790379037903788,-41.49612351361435
0.37983798379837985,-41.50773480276662
0.3806380638063809,-41.51934690919538
0.3814381438143819,-41.530959832092876
0.38223822382238204,-41.54257357065236
0.38303830383038306,-41.55418812406805
0.3838383838383841,-41.565803491535156
0.3846384638463851,-41.57741967224982
0.38543854385438525,-41.589036665409154
0.3862386238623863,-41.60065447021128
0.3870387038703873,-41.612273085855264
0.3878387838783883,-41.62389251154113
0.38863886388638846,-41.63551274646984
0.3894389438943895,-41.647133789843394
0.3902390239023905,-41.6587556408647
0.39103910391039154,-41.6703782987376
0.3918391839183917,-41.682001762666964
0.3926392639263927,-41.693626031858585
0.3934393439343937,-41.7052511055192
0.39423942394239475,-41.71687698285653
0.3950395039503949,-41.72850366307921
0.3958395839583959,-41.74013114539689
0.39663966396639694,-41.75175942902011
0.39743974397439796,-41.7633885131604
0.3982398239823981,-41.775018397030216
0.3990399039903991,-41.78664907984299
0.39983998399840015,-41.79828056081306
0.4006400640064012,-41.80991283915575
0.4014401440144013,-41.821545914087295
0.40224022402240234,-41.83317978482491
0.40304030403040336,-41.84481445058673
0.4038403840384044,-41.85644991059183
0.4046404640464045,-41.8680861640602
0.40544054405440555,-41.87972321021285
0.4062406240624066,-41.89136104827164
0.4070407040704076,-41.90299967745942
0.40784078407840774,-41.914639096999935
0.40864086408640876,-41.9262793061179
0.4094409440944098,-41.93792030403895
0.4102410241024108,-41.94956208998964
0.41104110411041095,-41.96120466319746
0.411841184118412,-41.972848022890844
0.412641264126413,-41.98449216829915
0.413441344134414,-41.99613709865265
0.41424142414241416,-42.00778281318253
0.4150415041504152,-42.01942931112096
0.4158415841584162,-42.03107659170095
0.41664166416641724,-42.042724654156494
0.4174417441744174,-42.05437349772247
0.4182418241824184,-42.06602312163472
0.4190419041904194,-42.07767352512997
0.41984198419842045,-42.08932470744585
0.4206420642064206,-42.10097666782093
0.4214421442144216,-42.112629405494715
0.42224222422242264,-42.12428291970759
0.42304230423042366,-42.135937209700856
0.4238423842384238,-42.147592274716715
0.4246424642464248,-42.15924811399834
0.42544254425442585,-42.170904726789736
0.4262426242624269,-42.18256211233587
0.427042704270427,-42.19422026988257
0.42784278427842803,-42.20587919867663
0.42864286428642906,-42.21753889796568
0.4294429442944301,-42.22919936699831
0.4302430243024302,-42.24086060502397
0.43104310431043125,-42.25252261129307
0.43184318431843227,-42.26418538505683
0.4326432643264333,-42.27584892556745
0.43344334433443343,-42.28751323207798
0.43424342434243446,-42.299178303842396
0.4350435043504355,-42.31084414011556
0.4358435843584356,-42.3225107401532
0.43664366436643665,-42.33417810321198
0.43744374437443767,-42.34584622854945
0.4382438243824387,-42.35751511542402
0.43904390439043883,-42.369184763095
0.43984398439843986,-42.380855170822606
0.4406440644064409,-42.392526337867935
0.4414441444144419,-42.404198263492965
0.44224422442244204,-42.41587094696054
0.44304430443044307,-42.42754438753444
0.4438443844384441,-42.43921858447927
0.4446444644464451,-42.450893537060566
0.44544454445444526,-42.46256924454468
0.4462446244624463,-42.47424570619893
0.4470447044704473,-42.48592292129145
0.44784478447844833,-42.497600889091245
0.44864486448644847,-42.50927960886824
0.4494449444944495,-42.52095907989322
0.4502450245024505,-42.53263930143781
0.45104510451045154,-42.544320272774556
0.4518451845184517,-42.55600199317682
0.4526452645264527,-42.567684461918915
0.45344534453445373,-42.57936767827596
0.45424542454245476,-42.59105164152393
0.4550455045504549,-42.60273635093971
0.4558455845584559,-42.61442180580105
0.45664566456645694,-42.62610800538654
0.45744574457445797,-42.637794948975625
0.4582458245824581,-42.649482635848656
0.45904590459045913,-42.6611710652868
0.45984598459846016,-42.67286023657212
0.4606460646064612,-42.68455014898752
0.4614461446144613,-42.69624080181674
0.46224622462246234,-42.70793219434444
0.46304630463046337,-42.71962432585607
0.4638463846384644,-42.73131719563796
0.46464646464646453,-42.743010802977295
0.46544654465446555,-42.754705147162134
0.4662466246624666,-42.766400227481356
0.4670467046704676,-42.77809604322467
0.46784678467846774,-42.78979259368269
0.46864686468646877,-42.80148987814687
0.4694469446944698,-42.81318789590945
0.4702470247024708,-42.82488664626359
0.47104710471047095,-42.83658612850324
0.471847184718472,-42.848286341923234
0.472647264726473,-42.85998728581924
0.47344734473447403,-42.871688959487734
0.47424742474247417,-42.88339136222605
0.4750475047504752,-42.89509449333241
0.4758475847584762,-42.906798352105795
0.47664766476647724,-42.918502937846085
0.4774477447744774,-42.93020824985393
0.4782478247824784,-42.94191428743092
0.47904790479047943,-42.95362104987937
0.47984798479848045,-42.965328536502476
0.4806480648064806,-42.97703674660427
0.4814481448144816,-42.98874567948961
0.48224822482248264,-43.00045533446418
0.48304830483048367,-43.0121657108345
0.4838483848384838,-43.02387680790787
0.4846484648464848,-43.03558862499251
0.48544854485448585,-43.0473011613974
0.4862486248624869,-43.05901441643232
0.487048704870487,-43.07072838940794
0.48784878487848804,-43.08244307963572
0.48864886488648906,-43.094158486427936
0.4894489448944901,-43.10587460909769
0.4902490249024902,-43.11759144695888
0.49104910491049125,-43.12930899932629
0.4918491849184923,-43.14102726551545
0.4926492649264933,-43.15274624484272
0.49344934493449344,-43.16446593662529
0.49424942494249446,-43.17618634018119
0.4950495049504955,-43.18790745482918
0.4958495849584956,-43.19962927988891
0.49664966496649665,-43.21135181468081
0.4974497449744977,-43.22307505852612
0.4982498249824987,-43.2347990107469
0.49904990499049884,-43.24652367066598
0.49984998499849986,-43.258249037607044
0.5006500650065009,-43.269975110894556
0.5014501450145019,-43.28170188985379
0.502250225022502,-43.2934293738108
0.5030503050305031,-43.30515756209249
0.5038503850385041,-43.31688645402654
0.5046504650465051,-43.32861604894139
0.5054505450545053,-43.34034634616634
0.5062506250625063,-43.352077345031475
0.5070507050705073,-43.36380904486765
0.5078507850785083,-43.37554144500653
0.5086508650865085,-43.387274544780574
0.5094509450945095,-43.39900834352305
0.5102510251025105,-43.410742840568
0.5110511051105115,-43.42247803525024
0.5118511851185117,-43.434213926905414
0.5126512651265127,-43.445950514869956
0.5134513451345137,-43.45768779848105
0.5142514251425148,-43.469425777076694
0.5150515051505149,-43.48116444999566
0.5158515851585159,-43.49290381657754
0.516651665166517,-43.504643876162646
0.517451745174518,-43.51638462809214
0.5182518251825181,-43.528126071707916
0.5190519051905191,-43.539868206352686
0.5198519851985202,-43.55161103136992
0.5206520652065212,-43.56335454610388
0.5214521452145213,-43.575098749899574
0.5222522252225223,-43.58684364210283
0.5230523052305234,-43.59858922206025
0.5238523852385244,-43.610335489119166
0.5246524652465245,-43.62208244262771
0.5254525452545256,-43.63383008193483
0.5262526252625266,-43.64557840639018
0.5270527052705276,-43.65732741534421
0.5278527852785277,-43.66907710814814
0.5286528652865288,-43.68082748415398
0.5294529452945298,-43.692578542714465
0.5302530253025308,-43.70433028318313
0.531053105310531,-43.71608270491426
0.531853185318532,-43.72783580726292
0.532653265326533,-43.73958958958494
0.533453345334534,-43.75134405123688
0.5342534253425342,-43.76309919157608
0.5350535053505352,-43.77485500996069
0.5358535853585362,-43.78661150574953
0.5366536653665372,-43.79836867830225
0.5374537453745374,-43.81012652697922
0.5382538253825384,-43.8218850511416
0.5390539053905394,-43.83364425015125
0.5398539853985405,-43.84540412337087
0.5406540654065406,-43.85716467016381
0.5414541454145416,-43.868925889894285
0.5422542254225426,-43.880687781927165
0.5430543054305437,-43.89245034562813
0.5438543854385438,-43.904213580363574
0.5446544654465448,-43.915977485500676
0.5454545454545459,-43.927742060407326
0.5462546254625469,-43.939507304452206
0.547054705470547,-43.951273217004676
0.547854785478548,-43.963039797434924
0.5486548654865491,-43.974807045113835
0.5494549454945501,-43.986574959413026
0.5502550255025502,-43.99834353970488
0.5510551055105513,-44.01011278536252
0.5518551855185523,-44.0218826957598
0.5526552655265533,-44.033653270271316
0.5534553455345534,-44.0454245082724
0.5542554255425545,-44.05719640913914
0.5550555055505555,-44.06896897224833
0.5558555855585556,-44.0807421969775
0.5566556655665567,-44.09251608270498
0.5574557455745577,-44.10429062880975
0.5582558255825587,-44.11606583467155
0.5590559055905588,-44.12784169967087
0.5598559855985599,-44.139618223188904
0.5606560656065609,-44.151395404607605
0.5614561456145619,-44.16317324330963
0.5622562256225621,-44.17495173867836
0.5630563056305631,-44.186730890097955
0.5638563856385641,-44.19851069695322
0.5646564656465651,-44.21029115862975
0.5654565456545653,-44.22207227451381
0.5662566256625663,-44.233854043992466
0.5670567056705673,-44.24563646645342
0.5678567856785683,-44.25741954128516
0.5686568656865685,-44.26920326787682
0.5694569456945695,-44.28098764561835
0.5702570257025705,-44.29277267390036
0.5710571057105716,-44.30455835211417
0.5718571857185717,-44.31634467965183
0.5726572657265727,-44.32813165590612
0.5734573457345737,-44.339919280270536
0.5742574257425748,-44.35170755213924
0.5750575057505749,-44.36349647090714
0.5758575857585759,-44.37528603596989
0.576657665766577,-44.3870762467238
0.577457745774578,-44.398867102565916
0.5782578257825781,-44.41065860289396
0.5790579057905791,-44.42245074710644
0.5798579857985802,-44.43424353460247
0.5806580658065812,-44.44603696478196
0.5814581458145813,-44.457831037045445
0.5822582258225824,-44.46962575079424
0.5830583058305834,-44.48142110543032
0.5838583858385844,-44.49321710035635
0.5846584658465845,-44.50501373497571
0.5854585458545856,-44.51681100869253
0.5862586258625866,-44.52860892091157
0.5870587058705876,-44.540407471038314
0.5878587858785878,-44.55220665847893
0.5886588658865888,-44.56400648264032
0.5894589458945898,-44.575806942930065
0.5902590259025908,-44.587608038756414
0.591059105910591,-44.599409769528336
0.591859185918592,-44.61121213465549
0.592659265926593,-44.623015133548236
0.593459345934594,-44.6348187656176
0.5942594259425942,-44.64662303027531
0.5950595059505952,-44.6584279269338
0.5958595859585962,-44.67023345500618
0.5966596659665973,-44.68203961390624
0.5974597459745974,-44.69384640304845
0.5982598259825984,-44.70565382184801
0.5990599059905994,-44.71746186972075
0.5998599859986005,-44.72927054608323
0.6006600660066006,-44.741079850352634
0.6014601460146016,-44.752889781946905
0.6022602260226027,-44.76470034028461
0.6030603060306037,-44.77651152478502
0.6038603860386038,-44.78832333486807
0.6046604660466048,-44.80013576995439
0.6054605460546059,-44.81194882946528
0.6062606260626069,-44.82376251282273
0.607060706070607,-44.835576819449386
0.607860786078608,-44.847391748768565
0.6086608660866091,-44.85920730020429
0.6094609460946101,-44.87102347318122
0.6102610261026102,-44.88284026712471
0.6110611061106113,-44.8946576814608
0.6118611861186123,-44.90647571561616
0.6126612661266133,-44.918294369018156
0.6134613461346134,-44.93011364109481
0.6142614261426145,-44.94193353127485
0.6150615061506155,-44.95375403898761
0.6158615861586156,-44.96557516366312
0.6166616661666167,-44.9773969047321
0.6174617461746177,-44.989219261625905
0.6182618261826187,-45.001042233776545
0.6190619061906188,-45.01286582061671
0.6198619861986199,-45.02469002157976
0.6206620662066209,-45.036514836099705
0.6214621462146219,-45.04834026361122
0.6222622262226221,-45.0601663035496
0.6230623062306231,-45.07199295535088
0.6238623862386241,-45.083820218451685
0.6246624662466251,-45.09564809228931
0.6254625462546253,-45.107476576301714
0.6262626262626263,-45.11930566992753
0.6270627062706273,-45.131135372605996
0.6278627862786283,-45.14296568377706
0.6286628662866285,-45.154796602881255
0.6294629462946295,-45.16662812935985
0.6302630263026305,-45.17846026265469
0.6310631063106316,-45.19029300220832
0.6318631863186317,-45.202126347463874
0.6326632663266327,-45.21396029786523
0.6334633463346337,-45.225794852856815
0.6342634263426348,-45.23763001188375
0.6350635063506349,-45.24946577439179
0.6358635863586359,-45.261302139827364
0.636663666366637,-45.2731391076375
0.637463746374638,-45.28497667726989
0.6382638263826381,-45.29681484817286
0.6390639063906391,-45.30865361979541
0.6398639863986402,-45.32049299158712
0.6406640664066412,-45.33233296299828
0.6414641464146413,-45.34417353347975
0.6422642264226424,-45.35601470248308
0.6430643064306434,-45.36785646946045
0.6438643864386444,-45.37969883386462
0.6446644664466445,-45.39154179514907
0.6454645464546456,-45.403385352767856
0.6462646264626466,-45.41522950617569
0.6470647064706476,-45.427074254827915
0.6478647864786478,-45.43891959818048
0.6486648664866488,-45.45076553569002
0.6494649464946498,-45.46261206681375
0.6502650265026508,-45.47445919100954
0.651065106510651,-45.486306907735866
0.651865186518652,-45.49815521645187
0.652665266526653,-45.51000411661729
0.653465346534654,-45.521853607692485
0.6542654265426542,-45.53370368913845
0.6550655065506552,-45.54555436041683
0.6558655865586562,-45.557405620989876
0.6566656665666573,-45.56925747032042
0.6574657465746574,-45.58110990787197
0.6582658265826584,-45.59296293310865
0.6590659065906594,-45.60481654549518
0.6598659865986605,-45.616670744496915
0.6606660666066606,-45.628525529579804
0.6614661466146616,-45.64038090021048
0.6622662266226627,-45.65223685585612
0.6630663066306637,-45.66409339598454
0.6638663866386638,-45.67595052006418
0.6646664666466648,-45.68780822756409
0.6654665466546659,-45.69966651795396
0.6662666266626669,-45.71152539070405
0.667066706670667,-45.72338484528524
0.6678667866786681,-45.73524488116905
0.6686668666866691,-45.7471054978276
0.6694669466946701,-45.75896669473357
0.6702670267026702,-45.77082847136033
0.6710671067106713,-45.78269082718183
0.6718671867186723,-45.79455376167259
0.6726672667266733,-45.806417274307776
0.6734673467346735,-45.81828136456312
0.6742674267426745,-45.83014603191502
0.6750675067506755,-45.84201127584045
0.6758675867586756,-45.853877095816955
0.6766676667666767,-45.86574349132272
0.6774677467746777,-45.877610461836525
0.6782678267826787,-45.889478006837756
0.6790679067906789,-45.90134612580636
0.6798679867986799,-45.913214818222954
0.6806680668066809,-45.9250840835687
0.6814681468146819,-45.936953921325355
0.6822682268226821,-45.9488243309753
0.6830683068306831,-45.960695312001505
0.6838683868386841,-45.97256686388755
0.6846684668466851,-45.98443898611755
0.6854685468546853,-45.996311678176276
0.6862686268626863,-46.008184939549096
0.6870687068706873,-46.02005876972193
0.6878687868786884,-46.03193316818129
0.6886688668866885,-46.04380813441429
0.6894689468946895,-46.055683667908696
0.6902690269026905,-46.06755976815274
0.6910691069106916,-46.079436434635355
0.6918691869186917,-46.09131366684598
0.6926692669266927,-46.1031914642747
0.6934693469346938,-46.11506982641215
0.6942694269426948,-46.12694875274957
0.6950695069506949,-46.13882824277878
0.6958695869586959,-46.150708295992175
0.696669666966697,-46.16258891188274
0.697469746974698,-46.17447008994404
0.6982698269826981,-46.186351829670215
0.6990699069906992,-46.198234130556024
0.6998699869987002,-46.21011699209675
0.7006700670067012,-46.22200041378827
0.7014701470147013,-46.23388439512707
0.7022702270227024,-46.2457689356102
0.7030703070307034,-46.25765403473527
0.7038703870387044,-46.26953969200048
0.7046704670467046,-46.28142590690458
0.7054705470547056,-46.293312678946954
0.7062706270627066,-46.305200007627505
0.7070707070707076,-46.31708789244673
0.7078707870787078,-46.32897633290568
0.7086708670867088,-46.34086532850601
0.7094709470947098,-46.352754878749934
0.7102710271027108,-46.36464498314023
0.711071107110711,-46.37653564118021
0.711871187118712,-46.38842685237384
0.712671267126713,-46.40031861622558
0.713471347134714,-46.4122109322405
0.7142714271427142,-46.42410379992417
0.7150715071507152,-46.43599721878283
0.7158715871587162,-46.447891188323204
0.7166716671667173,-46.45978570805261
0.7174717471747174,-46.471680777478895
0.7182718271827184,-46.48357639611055
0.7190719071907195,-46.49547256345654
0.7198719871987205,-46.50736927902645
0.7206720672067206,-46.51926654233036
0.7214721472147216,-46.531164352879
0.7222722272227227,-46.5430627101836
0.7230723072307237,-46.554961613755935
0.7238723872387238,-46.56686106310836
0.7246724672467248,-46.57876105775384
0.7254725472547259,-46.59066159720578
0.7262726272627269,-46.60256268097825
0.727072707270727,-46.61446430858581
0.7278727872787281,-46.626366479543584
0.7286728672867291,-46.63826919336727
0.7294729472947301,-46.65017244957312
0.7302730273027302,-46.66207624767789
0.7310731073107313,-46.67398058719894
0.7318731873187323,-46.685885467654174
0.7326732673267333,-46.69779088856202
0.7334733473347335,-46.709696849441436
0.7342734273427345,-46.721603349812014
0.7350735073507355,-46.73351038919381
0.7358735873587365,-46.74541796710744
0.7366736673667367,-46.757326083074105
0.7374737473747377,-46.769234736615516
0.7382738273827387,-46.78114392725396
0.7390739073907389,-46.79305365451219
0.7398739873987399,-46.80496391791363
0.7406740674067409,-46.816874716982134
0.7414741474147419,-46.82878605124214
0.7422742274227421,-46.84069792021863
0.7430743074307431,-46.85261032343713
0.7438743874387441,-46.864523260423695
0.7446744674467451,-46.87643673070492
0.7454745474547453,-46.88835073380791
0.7462746274627463,-46.90026526926037
0.7470747074707473,-46.9121803365905
0.7478747874787484,-46.92409593532704
0.7486748674867485,-46.93601206499926
0.7494749474947495,-46.94792872513699
0.7502750275027505,-46.959845915270556
0.7510751075107516,-46.97176363493085
0.7518751875187517,-46.98368188364928
0.7526752675267527,-46.99560066095779
0.7534753475347538,-47.00751996638888
0.7542754275427548,-47.01943979947551
0.7550755075507549,-47.031360159751216
0.755875587558756,-47.043281046750096
0.756675667566757,-47.055202460006726
0.757475747574758,-47.067124399056226
0.7582758275827581,-47.07904686343423
0.7590759075907592,-47.09096985267692
0.7598759875987602,-47.10289336632099
0.7606760676067612,-47.11481740390366
0.7614761476147613,-47.12674196496267
0.7622762276227624,-47.13866704903631
0.7630763076307634,-47.150592655663345
0.7638763876387644,-47.16251878438312
0.7646764676467646,-47.174445434735425
0.7654765476547656,-47.18637260626063
0.7662766276627666,-47.19830029849965
0.7670767076707676,-47.21022851099384
0.7678767876787678,-47.22215724328511
0.7686768676867688,-47.234086494915914
0.7694769476947698,-47.246016265429176
0.7702770277027708,-47.2579465543684
0.771077107710771,-47.2698773612775
0.771877187718772,-47.28180868570102
0.772677267726773,-47.293740527183964
0.7734773477347741,-47.30567288527186
0.7742774277427742,-47.31760575951071
0.7750775077507752,-47.32953914944709
0.7758775877587762,-47.34147305462807
0.7766776677667773,-47.3534074746012
0.7774777477747774,-47.36534240891456
0.7782778277827784,-47.37727785711675
0.7790779077907795,-47.38921381875689
0.7798779877987805,-47.40115029338457
0.7806780678067806,-47.413087280549895
0.7814781478147816,-47.42502477980351
0.7822782278227827,-47.436962790696526
0.7830783078307837,-47.448901312780606
0.7838783878387838,-47.46084034560785
0.7846784678467849,-47.472779888730955
0.7854785478547859,-47.48471994170302
0.7862786278627869,-47.49666050407774
0.787078707870787,-47.50860157540922
0.7878787878787881,-47.52054315525217
0.7886788678867891,-47.53248524316173
0.7894789478947901,-47.544427838693544
0.7902790279027903,-47.55637094140376
0.7910791079107913,-47.56831455084907
0.7918791879187923,-47.58025866658661
0.7926792679267933,-47.592203288174034
0.7934793479347935,-47.60414841516948
0.7942794279427945,-47.616094047131625
0.7950795079507955,-47.62804018361959
0.7958795879587965,-47.639986824193016
0.7966796679667967,-47.65193396841202
0.7974797479747977,-47.663881615837255
0.7982798279827987,-47.67582976602984
0.7990799079907989,-47.68777841855136
0.7998799879987999,-47.69972757296395
0.8006800680068009,-47.71167722883019
0.8014801480148019,-47.72362738571317
0.8022802280228021,-47.73557804317645
0.8030803080308031,-47.74752920078412
0.8038803880388041,-47.75948085810074
0.8046804680468052,-47.771433014691326
0.8054805480548053,-47.7833856701214
0.8062806280628063,-47.79533882395702
0.8070807080708073,-47.80729247576466
0.8078807880788084,-47.81924662511132
0.8086808680868085,-47.83120127156445
0.8094809480948095,-47.84315641469205
0.8102810281028106,-47.85511205406254
0.8110811081108116,-47.86706818924483
0.8118811881188117,-47.87902481980833
0.8126812681268127,-47.89098194532295
0.8134813481348138,-47.90293956535905
0.8142814281428148,-47.91489767948748
0.8150815081508149,-47.92685628727956
0.815881588158816,-47.93881538830713
0.816681668166817,-47.95077498214245
0.817481748174818,-47.962735068358285
0.8182818281828181,-47.97469564652788
0.8190819081908192,-47.98665671622498
0.8198819881988202,-47.99861827702375
0.8206820682068212,-48.010580328498875
0.8214821482148214,-48.02254287022551
0.8222822282228224,-48.034505901779255
0.8230823082308234,-48.04646942273623
0.8238823882388244,-48.058433432673
0.8246824682468246,-48.07039793116655
0.8254825482548256,-48.08236291779448
0.8262826282628266,-48.09432839213473
0.8270827082708276,-48.10629435376573
0.8278827882788278,-48.11826080226643
0.8286828682868288,-48.13022773721622
0.8294829482948298,-48.14219515819498
0.8302830283028309,-48.154163064783006
0.831083108310831,-48.166131456561104
0.831883188318832,-48.17810033311056
0.832683268326833,-48.190069694013076
0.8334833483348341,-48.20203953885087
0.8342834283428342,-48.21400986720658
0.8350835083508352,-48.225980678663355
0.8358835883588362,-48.23795197280477
0.8366836683668373,-48.24992374921487
0.8374837483748374,-48.26189600747819
0.8382838283828384,-48.2738687471797
0.8390839083908395,-48.285841967904844
0.8398839883988405,-48.297815669239505
0.8406840684068406,-48.309789850770045
0.8414841484148416,-48.3217645120833
0.8422842284228427,-48.333739652766525
0.8430843084308437,-48.34571527240749
0.8438843884388438,-48.35769137059435
0.8446844684468449,-48.369667946915776
0.8454845484548459,-48.38164500096089
0.8462846284628469,-48.39362253231924
0.847084708470847,-48.40560054058083
0.8478847884788481,-48.41757902533616
0.8486848684868491,-48.42955798617615
0.8494849484948501,-48.44153742269219
0.8502850285028503,-48.4535173344761
0.8510851085108513,-48.465497721120194
0.8518851885188523,-48.477478582217174
0.8526852685268533,-48.489459917360264
0.8534853485348535,-48.50144172614307
0.8542854285428545,-48.51342400815973
0.8550855085508555,-48.52540676300477
0.8558855885588565,-48.537389990273155
0.8566856685668567,-48.54937368956033
0.8574857485748577,-48.56135786046221
0.8582858285828587,-48.57334250257513
0.8590859085908589,-48.58532761549582
0.8598859885988599,-48.59731319882155
0.8606860686068609,-48.60929925214999
0.861486148614862,-48.621285775079244
0.8622862286228621,-48.63327276720787
0.8630863086308631,-48.64526022813488
0.8638863886388641,-48.65724815745972
0.8646864686468652,-48.66923655478228
0.8654865486548653,-48.68122541970288
0.8662866286628663,-48.69321475182234
0.8670867086708673,-48.705204550741826
0.8678867886788684,-48.71719481606302
0.8686868686868685,-48.72918554738798
0.8694869486948695,-48.741176744319276
0.8702870287028706,-48.753168406459885
0.8710871087108716,-48.76516053341318
0.8718871887188717,-48.77715312478303
0.8726872687268727,-48.789146180173724
0.8734873487348738,-48.80113969918998
0.8742874287428748,-48.813133681436966
0.8750875087508749,-48.825128126520234
0.875887588758876,-48.837123034045845
0.876687668766877,-48.84911840362027
0.877487748774878,-48.86111423485037
0.8782878287828781,-48.873110527343464
0.8790879087908792,-48.885107280707345
0.8798879887988802,-48.8971044945502
0.8806880688068812,-48.90910216848063
0.8814881488148814,-48.92110030210769
0.8822882288228824,-48.933098895040885
0.8830883088308834,-48.9450979468901
0.8838883888388844,-48.9570974572657
0.8846884688468846,-48.969097425778415
0.8854885488548856,-48.98109785203948
0.8862886288628866,-48.993098735660524
0.8870887088708876,-49.00510007625358
0.8878887888788878,-49.01710187343111
0.8886888688868888,-49.02910412680604
0.8894889488948898,-49.0411068359917
0.8902890289028909,-49.05311000060183
0.891089108910891,-49.0651136202506
0.891889188918892,-49.07711769455264
0.892689268926893,-49.08912222312294
0.8934893489348941,-49.10112720557698
0.8942894289428942,-49.11313264153057
0.8950895089508952,-49.12513853060007
0.8958895889588963,-49.137144872402125
0.8966896689668973,-49.14915166655392
0.8974897489748974,-49.161158912672946
0.8982898289828984,-49.173166610377216
0.8990899089908995,-49.185174759285104
0.8998899889989005,-49.197183359015405
0.9006900690069006,-49.20919240918734
0.9014901490149017,-49.22120190942056
0.9022902290229027,-49.233211859335114
0.9030903090309037,-49.24522225855147
0.9038903890389038,-49.25723310669051
0.9046904690469049,-49.26924440337355
0.9054905490549059,-49.28125614822228
0.9062906290629069,-49.29326834085887
0.907090709070907,-49.3052809809058
0.9078907890789081,-49.31729406798608
0.9086908690869091,-49.32930760172306
0.9094909490949101,-49.34132158174051
0.9102910291029103,-49.3533360076626
0.9110911091109113,-49.36535087911396
0.9118911891189123,-49.3773661957196
0.9126912691269133,-49.389381957104945
0.9134913491349135,-49.40139816289577
0.9142914291429145,-49.41341481271836
0.9150915091509155,-49.42543190619935
0.9158915891589166,-49.437449442965786
0.9166916691669167,-49.449467422645114
0.9174917491749177,-49.46148584486522
0.9182918291829187,-49.47350470925437
0.9190919091909189,-49.48552401544121
0.9198919891989199,-49.49754376305485
0.9206920692069209,-49.50956395172477
0.921492149214922,-49.52158458108085
0.9222922292229221,-49.53360565075337
0.9230923092309231,-49.54562716037304
0.9238923892389241,-49.55764910957097
0.9246924692469252,-49.56967149797861
0.9254925492549253,-49.581694325227886
0.9262926292629263,-49.5937175909511
0.9270927092709274,-49.60574129478094
0.9278927892789284,-49.61776543635052
0.9286928692869285,-49.629790015293295
0.9294929492949295,-49.6418150312432
0.9302930293029306,-49.653840483834514
0.9310931093109316,-49.66586637270194
0.9318931893189317,-49.67789269748053
0.9326932693269328,-49.68991945780581
0.9334933493349338,-49.70194665331364
0.9342934293429348,-49.713974283640276
0.9350935093509349,-49.72600234842241
0.935893589358936,-49.73803084729711
0.936693669366937,-49.750059779901825
0.937493749374938,-49.76208914587441
0.9382938293829381,-49.77411894485309
0.9390939093909392,-49.78614917647653
0.9398939893989402,-49.798179840383746
0.9406940694069412,-49.81021093621415
0.9414941494149414,-49.82224246360755
0.9422942294229424,-49.834274422204146
0.9430943094309434,-49.84630681164456
0.9438943894389444,-49.858339631569734
0.9446944694469446,-49.87037288162105
0.9454945494549456,-49.88240656144027
0.9462946294629466,-49.89444067066953
0.9470947094709476,-49.90647520895136
0.9478947894789478,-49.91851017592869
0.9486948694869488,-49.9305455712448
0.9494949494949498,-49.942581394543424
0.9502950295029509,-49.9546176454686
0.951095109510951,-49.96665432366479
0.951895189518952,-49.97869142877687
0.952695269526953,-49.99072896045004
0.9534953495349541,-50.00276691832991
0.9542954295429542,-50.01480530206249
0.9550955095509552,-50.02684411129415
0.9558955895589563,-50.03888334567168
0.9566956695669573,-50.050923004842176
0.9574957495749574,-50.06296308845317
0.9582958295829584,-50.07500359615257
0.9590959095909595,-50.08704452758867
0.9598959895989605,-50.09908588241011
0.9606960696069606,-50.11112766026593
0.9614961496149617,-50.12316986080557
0.9622962296229627,-50.13521248367882
0.9630963096309637,-50.147255528535844
0.9638963896389638,-50.159298995027186
0.9646964696469649,-50.1713428828038
0.9654965496549659,-50.18338719151697
0.9662966296629669,-50.19543192081838
0.9670967096709671,-50.20747707036006
0.9678967896789681,-50.2195226397945
0.9686968696869691,-50.23156862877445
0.9694969496949701,-50.243615036953095
0.9702970297029703,-50.25566186398399
0.9710971097109713,-50.267709109521064
0.9718971897189723,-50.27975677321861
0.9726972697269733,-50.29180485473128
0.9734973497349735,-50.30385335371411
0.9742974297429745,-50.31590226982254
0.9750975097509755,-50.32795160271232
0.9758975897589766,-50.34000135203961
0.9766976697669767,-50.3520515174609
0.9774977497749777,-50.36410209863312
0.9782978297829787,-50.376153095213496
0.9790979097909789,-50.38820450685965
0.9798979897989799,-50.40025633322959
0.9806980698069809,-50.41230857398166
0.981498149814982,-50.424361228774586
0.9822982298229821,-50.43641429726745
0.9830983098309831,-50.44846777911972
0.9838983898389841,-50.460521673991224
0.9846984698469852,-50.472575981542114
0.9854985498549853,-50.48463070143296
0.9862986298629863,-50.496685833324676
0.9870987098709874,-50.50874137687855
0.9878987898789884,-50.520797331756185
0.9886988698869885,-50.53285369761961
0.9894989498949895,-50.54491047413118
0.9902990299029906,-50.55696766095363
0.9910991099109916,-50.56902525775002
0.9918991899189917,-50.5810832641838
0.9926992699269928,-50.5931416799188
0.9934993499349938,-50.60520050461917
0.9942994299429948,-50.61725973794944
0.9950995099509949,-50.62931937957447
0.995899589958996,-50.64137942915954
0.996699669966997,-50.653439886370215
0.997499749974998,-50.66550075087247
0.9982998299829982,-50.677562022332594
0.9990999099909992,-50.6896237004173
0.9998999899990002,-50.70168578479357
1.0007000700070012,-50.71374827512879
1.0015001500150014,-50.72581117109072
1.0023002300230024,-50.73787447234743
1.0031003100310034,-50.74993817856737
1.0039003900390044,-50.76200228941934
1.0047004700470046,-50.77406680457248
1.0055005500550056,-50.78613172369631
1.0063006300630066,-50.79819704646067
1.0071007100710077,-50.81026277253578
1.0079007900790078,-50.82232890159217
1.0087008700870088,-50.8343954333008
1.0095009500950098,-50.84646236733289
1.0103010301030109,-50.85852970336007
1.011101110111011,-50.87059744105428
1.011901190119012,-50.88266558008786
1.012701270127013,-50.89473412013344
1.013501350135014,-50.906803060864036
1.0143014301430142,-50.91887240195301
1.0151015101510152,-50.93094214307405
1.0159015901590163,-50.943012283901204
1.0167016701670173,-50.95508282410888
1.0175017501750174,-50.9671537633718
1.0183018301830185,-50.97922510136506
1.0191019101910195,-50.99129683776411
1.0199019901990205,-51.00336897224471
1.0207020702070206,-51.015441504482936
1.0215021502150217,-51.027514434155336
1.0223022302230227,-51.03958776093867
1.0231023102310237,-51.051661484510085
1.0239023902390239,-51.06373560454708
1.0247024702470249,-51.07581012072751
1.025502550255026,-51.087885032729545
1.026302630263027,-51.09996034023169
1.027102710271027,-51.11203604291278
1.027902790279028,-51.12411214045207
1.0287028702870291,-51.136188632529084
1.0295029502950301,-51.14826551882366
1.0303030303030303,-51.16034279901605
1.0311031103110313,-51.172420472786825
1.0319031903190323,-51.18449853981685
1.0327032703270334,-51.196576999787375
1.0335033503350335,-51.20865585237995
1.0343034303430345,-51.2207350972765
1.0351035103510355,-51.23281473415928
1.0359035903590366,-51.24489476271085
1.0367036703670367,-51.25697518261411
1.0375037503750377,-51.26905599355234
1.0383038303830388,-51.281137195209126
1.0391039103910398,-51.293218787268366
1.03990399039904,-51.305300769414316
1.040704070407041,-51.31738314133158
1.041504150415042,-51.32946590270508
1.042304230423042,-51.34154905322002
1.0431043104310431,-51.353632592562064
1.0439043904390441,-51.36571652041707
1.0447044704470452,-51.377800836471316
1.0455045504550453,-51.38988554041135
1.0463046304630463,-51.401970631924115
1.0471047104710474,-51.41405611069683
1.0479047904790484,-51.426141976417085
1.0487048704870485,-51.43822822877275
1.0495049504950495,-51.450314867452086
1.0503050305030506,-51.46240189214363
1.0511051105110516,-51.474489302536284
1.0519051905190517,-51.48657709831922
1.0527052705270528,-51.49866527918202
1.0535053505350538,-51.51075384481454
1.0543054305430548,-51.522842794906964
1.055105510551055,-51.53493212914981
1.055905590559056,-51.547021847233935
1.056705670567057,-51.55911194885051
1.057505750575058,-51.57120243369102
1.0583058305830582,-51.58329330144726
1.0591059105910592,-51.59538455181143
1.0599059905990602,-51.607476184475956
1.0607060706070612,-51.61956819913364
1.0615061506150614,-51.63166059547759
1.0623062306230624,-51.64375337320124
1.0631063106310634,-51.65584653199835
1.0639063906390644,-51.66794007156302
1.0647064706470646,-51.68003399158958
1.0655065506550656,-51.69212829177283
1.0663066306630666,-51.70422297180778
1.0671067106710677,-51.71631803138978
1.0679067906790678,-51.72841347021452
1.0687068706870688,-51.740509287978
1.0695069506950698,-51.75260548437653
1.0703070307030709,-51.76470205910676
1.071107110711071,-51.77679901186562
1.071907190719072,-51.788896342350405
1.072707270727073,-51.80099405025869
1.073507350735074,-51.813092135288386
1.0743074307430742,-51.82519059713771
1.0751075107510752,-51.83728943550521
1.0759075907590763,-51.849388650089736
1.0767076707670773,-51.86148824059043
1.0775077507750774,-51.8735882067068
1.0783078307830785,-51.885688548138646
1.0791079107910795,-51.89778926458608
1.0799079907990805,-51.90989035574952
1.0807080708070806,-51.92199182132967
1.0815081508150817,-51.93409366102764
1.0823082308230827,-51.94619587454476
1.0831083108310837,-51.95829846158272
1.0839083908390839,-51.97040142184346
1.0847084708470849,-51.98250475502934
1.085508550855086,-51.99460846084295
1.086308630863087,-52.00671253898718
1.087108710871087,-52.01881698916527
1.087908790879088,-52.03092181108079
1.0887088708870891,-52.04302700443755
1.0895089508950901,-52.055132568939726
1.0903090309030903,-52.067238504291765
1.0911091109110913,-52.07934481019845
1.0919091909190923,-52.09145148636487
1.0927092709270934,-52.103558532496415
1.0935093509350935,-52.11566594829874
1.0943094309430945,-52.1277737334779
1.0951095109510955,-52.139881887740174
1.0959095909590966,-52.15199041079218
1.0967096709670967,-52.164099302340816
1.0975097509750977,-52.17620856209334
1.0983098309830988,-52.18831818975726
1.0991099109910998,-52.20042818504041
1.0999099909991,-52.21253854765093
1.100710071007101,-52.22464927729725
1.101510151015102,-52.236760373688135
1.102310231023102,-52.2488718365326
1.1031103110311031,-52.26098366554002
1.1039103910391042,-52.27309586042002
1.1047104710471052,-52.28520842088258
1.1055105510551053,-52.29732134663791
1.1063106310631063,-52.309434637396606
1.1071107110711074,-52.32154829286949
1.1079107910791084,-52.33366231276774
1.1087108710871085,-52.34577669680279
1.1095109510951096,-52.3578914446864
1.1103110311031106,-52.37000655613062
1.1111111111111116,-52.38212203084782
1.1119111911191117,-52.394237868550604
1.1127112711271128,-52.406354068951956
1.1135113511351138,-52.41847063176512
1.1143114311431148,-52.430587556703614
1.115111511151115,-52.442704843481266
1.115911591159116,-52.45482249181224
1.116711671167117,-52.466940501410974
1.117511751175118,-52.47905887199215
1.1183118311831182,-52.49117760327081
1.1191119111911192,-52.50329669496227
1.1199119911991202,-52.51541614678215
1.1207120712071212,-52.52753595844635
1.1215121512151214,-52.53965612967104
1.1223122312231224,-52.55177666017274
1.1231123112311234,-52.563897549668226
1.1239123912391245,-52.57601879787459
1.1247124712471246,-52.588140404509154
1.1255125512551256,-52.60026236928963
1.1263126312631266,-52.61238469193394
1.1271127112711277,-52.62450737216035
1.1279127912791278,-52.63663040968736
1.1287128712871288,-52.64875380423384
1.1295129512951299,-52.660877555518866
1.1303130313031309,-52.673001663261864
1.131113111311131,-52.685126127182514
1.131913191319132,-52.69725094700082
1.132713271327133,-52.70937612243703
1.133513351335134,-52.721501653211725
1.1343134313431342,-52.73362753904572
1.1351135113511353,-52.74575377966019
1.1359135913591363,-52.757880374776555
1.1367136713671373,-52.77000732411649
1.1375137513751374,-52.78213462740201
1.1383138313831385,-52.79426228435541
1.1391139113911395,-52.80639029469924
1.1399139913991405,-52.81851865815638
1.1407140714071407,-52.83064737444991
1.1415141514151417,-52.84277644330332
1.1423142314231427,-52.8549058644403
1.1431143114311437,-52.86703563758483
1.1439143914391439,-52.87916576246117
1.1447144714471449,-52.89129623879392
1.145514551455146,-52.903427066307884
1.146314631463147,-52.9155582447282
1.147114711471147,-52.92768977378029
1.147914791479148,-52.93982165318981
1.1487148714871491,-52.951953882682766
1.1495149514951502,-52.9640864619854
1.1503150315031503,-52.97621939082421
1.1511151115111513,-52.98835266892606
1.1519151915191523,-53.000486296018025
1.1527152715271534,-53.01262027182746
1.1535153515351535,-53.02475459608202
1.1543154315431545,-53.03688926850966
1.1551155115511555,-53.04902428883858
1.1559155915591566,-53.06115965679727
1.1567156715671567,-53.07329537211448
1.1575157515751577,-53.08543143451927
1.1583158315831588,-53.097567843740975
1.1591159115911598,-53.10970459950917
1.15991599159916,-53.121841701553734
1.160716071607161,-53.13397914960483
1.161516151615162,-53.14611694339288
1.162316231623162,-53.158255082648594
1.1631163116311631,-53.17039356710295
1.1639163916391642,-53.182532396487204
1.1647164716471652,-53.194671570532876
1.1655165516551653,-53.20681108897177
1.1663166316631663,-53.21895095153598
1.1671167116711674,-53.23109115795784
1.1679167916791684,-53.24323170796998
1.1687168716871685,-53.25537260130529
1.1695169516951696,-53.26751383769696
1.1703170317031706,-53.27965541687842
1.1711171117111716,-53.291797338583386
1.1719171917191717,-53.30393960254584
1.1727172717271728,-53.316082208500035
1.1735173517351738,-53.32822515618052
1.1743174317431748,-53.34036844532208
1.175117511751175,-53.35251207565978
1.175917591759176,-53.36465604692897
1.176717671767177,-53.37680035886525
1.177517751775178,-53.38894501120451
1.1783178317831782,-53.40109000368289
1.1791179117911792,-53.413235336036806
1.1799179917991802,-53.42538100800294
1.1807180718071812,-53.437527019318246
1.1815181518151814,-53.44967336971993
1.1823182318231824,-53.46182005894551
1.1831183118311834,-53.47396708673273
1.1839183918391845,-53.48611445281959
1.1847184718471846,-53.49826215694439
1.1855185518551856,-53.510410198845705
1.1863186318631866,-53.52255857826232
1.1871187118711877,-53.53470729493333
1.1879187918791878,-53.5468563485981
1.1887188718871888,-53.55900573899622
1.1895189518951899,-53.57115546586759
1.1903190319031909,-53.58330552895234
1.191119111911191,-53.59545592799087
1.191919191919192,-53.60760666272386
1.192719271927193,-53.61975773289226
1.193519351935194,-53.631909138237226
1.1943194319431942,-53.644060878500234
1.1951195119511953,-53.656212953423015
1.1959195919591963,-53.668365362747544
1.1967196719671973,-53.68051810621606
1.1975197519751974,-53.692671183571065
1.1983198319831985,-53.70482459455533
1.1991199119911995,-53.71697833891189
1.1999199919992005,-53.72913241638402
1.2007200720072007,-53.741286826715246
1.2015201520152017,-53.75344156964941
1.2023202320232027,-53.76559664493057
1.2031203120312037,-53.777752052303015
1.2039203920392039,-53.789907791511354
1.204720472047205,-53.80206386230043
1.205520552055206,-53.81422026441534
1.206320632063207,-53.82637699760143
1.207120712071207,-53.83853406160431
1.207920792079208,-53.850691456169876
1.2087208720872091,-53.86284918104423
1.2095209520952102,-53.875007235973776
1.2103210321032103,-53.88716562070512
1.2111211121112113,-53.89932433498518
1.2119211921192123,-53.91148337856112
1.2127212721272134,-53.92364275118032
1.2135213521352135,-53.93580245259044
1.2143214321432145,-53.94796248253941
1.2151215121512156,-53.96012284077542
1.2159215921592166,-53.97228352704685
1.2167216721672167,-53.98444454110238
1.2175217521752177,-53.996605882690965
1.2183218321832188,-54.00876755156179
1.2191219121912198,-54.02092954746427
1.21992199219922,-54.033091870148084
1.220722072207221,-54.04525451936321
1.221522152215222,-54.05741749485982
1.2223222322232221,-54.06958079638833
1.2231223122312231,-54.081744423699476
1.2239223922392242,-54.09390837654419
1.2247224722472252,-54.10607265467365
1.2255225522552253,-54.11823725783931
1.2263226322632264,-54.13040218579289
1.2271227122712274,-54.14256743828632
1.2279227922792284,-54.154733015071784
1.2287228722872285,-54.16689891590171
1.2295229522952296,-54.179065140528834
1.2303230323032306,-54.19123168870606
1.2311231123112316,-54.2033985601866
1.2319231923192318,-54.21556575472387
1.2327232723272328,-54.227733272071575
1.2335233523352338,-54.23990111198363
1.2343234323432348,-54.25206927421421
1.235123512351235,-54.26423775851774
1.235923592359236,-54.27640656464891
1.236723672367237,-54.28857569236262
1.237523752375238,-54.30074514141403
1.2383238323832382,-54.31291491155854
1.2391239123912392,-54.32508500255183
1.2399239923992402,-54.33725541414978
1.2407240724072413,-54.34942614610854
1.2415241524152414,-54.361597198184455
1.2423242324232424,-54.37376857013422
1.2431243124312434,-54.385940261714666
1.2439243924392445,-54.39811227268292
1.2447244724472446,-54.410284602796324
1.2455245524552456,-54.42245725181252
1.2463246324632467,-54.434630219489314
1.2471247124712477,-54.44680350558482
1.2479247924792478,-54.45897710985733
1.2487248724872488,-54.471151032065464
1.2495249524952499,-54.483325271967985
1.2503250325032509,-54.49549982932398
1.251125112511251,-54.507674703892725
1.251925192519252,-54.519849895433744
1.252725272527253,-54.53202540370684
1.253525352535254,-54.54420122847199
1.2543254325432542,-54.55637736948947
1.2551255125512553,-54.56855382651976
1.2559255925592563,-54.580730599323616
1.2567256725672573,-54.592907687661956
1.2575257525752574,-54.60508509129602
1.2583258325832585,-54.61726280998726
1.2591259125912595,-54.629440843497335
1.2599259925992605,-54.64161919158819
1.2607260726072607,-54.65379785402196
1.2615261526152617,-54.66597683056106
1.2623262326232627,-54.678156120968104
1.2631263126312637,-54.69033572500596
1.2639263926392639,-54.70251564243773
1.264726472647265,-54.71469587302678
1.265526552655266,-54.72687641653664
1.266326632663267,-54.73905727273115
1.267126712671267,-54.75123844137434
1.267926792679268,-54.763419922230504
1.2687268726872691,-54.77560171506414
1.2695269526952702,-54.78778381964
1.2703270327032703,-54.79996623572306
1.2711271127112713,-54.81214896307855
1.2719271927192723,-54.824332001471895
1.2727272727272734,-54.83651535066879
1.2735273527352735,-54.84869901043514
1.2743274327432745,-54.8608829805371
1.2751275127512756,-54.87306726074104
1.2759275927592766,-54.88525185081357
1.2767276727672767,-54.897436750521514
1.2775277527752777,-54.90962195963196
1.2783278327832788,-54.92180747791224
1.2791279127912798,-54.93399330512983
1.27992799279928,-54.94617944105252
1.280728072807281,-54.9583658854483
1.281528152815282,-54.970552638085415
1.282328232823283,-54.98273969873229
1.2831283128312831,-54.994927067157604
1.2839283928392842,-55.007114743130295
1.2847284728472852,-55.01930272641948
1.2855285528552853,-55.03149101679453
1.2863286328632864,-55.04367961402506
1.2871287128712874,-55.05586851788087
1.2879287928792884,-55.06805772813202
1.2887288728872885,-55.08024724454879
1.2895289528952896,-55.09243706690168
1.2903290329032906,-55.10462719496145
1.2911291129112916,-55.11681762849902
1.2919291929192918,-55.12900836728559
1.2927292729272928,-55.141199411092586
1.2935293529352938,-55.15339075969163
1.2943294329432948,-55.1655824128546
1.295129512951295,-55.177774370353546
1.295929592959296,-55.18996663196083
1.296729672967297,-55.20215919744896
1.297529752975298,-55.214352066590706
1.2983298329832982,-55.22654523915903
1.2991299129912992,-55.23873871492719
1.2999299929993002,-55.25093249366857
1.3007300730073013,-55.263126575156875
1.3015301530153014,-55.27532095916591
1.3023302330233024,-55.28751564546986
1.3031303130313034,-55.299710633843006
1.3039303930393045,-55.31190592405989
1.3047304730473046,-55.32410151589529
1.3055305530553056,-55.336297409124214
1.3063306330633067,-55.34849360352184
1.3071307130713077,-55.36069009886363
1.3079307930793078,-55.372886894925195
1.3087308730873088,-55.38508399148245
1.3095309530953099,-55.397281388311484
1.310331033103311,-55.40947908518862
1.311131113111311,-55.42167708189035
1.311931193119312,-55.43387537819347
1.312731273127313,-55.446073973874924
1.313531353135314,-55.45827286871192
1.3143314331433142,-55.470472062481846
1.3151315131513153,-55.48267155496239
1.3159315931593163,-55.49487134593133
1.3167316731673173,-55.50707143516678
1.3175317531753175,-55.51927182244698
1.3183318331833185,-55.53147250755046
1.3191319131913195,-55.54367349025594
1.3199319931993205,-55.55587477034234
1.3207320732073207,-55.568076347588814
1.3215321532153217,-55.58027822177473
1.3223322332233227,-55.5924803926797
1.3231323132313237,-55.60468286008347
1.3239323932393239,-55.61688562376608
1.324732473247325,-55.62908868350779
1.325532553255326,-55.64129203908899
1.326332633263327,-55.653495690290384
1.327132713271327,-55.665699636892825
1.3279327932793281,-55.67790387867741
1.3287328732873291,-55.690108415425456
1.3295329532953302,-55.702313246918465
1.3303330333033303,-55.714518372938144
1.3311331133113313,-55.72672379326648
1.3319331933193324,-55.738929507685626
1.3327332733273334,-55.75113551597792
1.3335333533353335,-55.76334181792596
1.3343334333433345,-55.77554841331256
1.3351335133513356,-55.78775530192072
1.3359335933593366,-55.79996248353363
1.3367336733673367,-55.81216995793474
1.3375337533753378,-55.824377724907706
1.3383338333833388,-55.83658578423637
1.3391339133913398,-55.84879413570478
1.33993399339934,-55.86100277909721
1.340734073407341,-55.87321171419818
1.341534153415342,-55.88542094079236
1.342334233423343,-55.89763045866466
1.3431343134313432,-55.90984026760016
1.3439343934393442,-55.922050367384244
1.3447344734473452,-55.93426075780239
1.3455345534553453,-55.94647143864036
1.3463346334633464,-55.958682409684116
1.3471347134713474,-55.970893670719796
1.3479347934793484,-55.983105221533776
1.3487348734873486,-55.99531706191262
1.3495349534953496,-56.00752919164312
1.3503350335033506,-56.01974161051227
1.3511351135113516,-56.03195431830725
1.3519351935193518,-56.04416731481545
1.3527352735273528,-56.05638059982452
1.3535353535353538,-56.068594173122236
1.3543354335433548,-56.080808034496634
1.355135513551355,-56.09302218373594
1.355935593559356,-56.10523662062859
1.356735673567357,-56.11745134496322
1.357535753575358,-56.12966635652869
1.3583358335833582,-56.14188165511399
1.3591359135913592,-56.15409724050845
1.3599359935993602,-56.16631311250147
1.3607360736073613,-56.178529270882734
1.3615361536153614,-56.190745715442105
1.3623362336233624,-56.202962445969646
1.3631363136313634,-56.215179462255634
1.3639363936393645,-56.22739676409055
1.3647364736473646,-56.23961435126505
1.3655365536553656,-56.251832223570034
1.3663366336633667,-56.26405038079659
1.3671367136713677,-56.276268822735986
1.3679367936793678,-56.28848754917971
1.3687368736873688,-56.300706559919476
1.3695369536953699,-56.31292585474716
1.370337033703371,-56.32514543345483
1.371137113711371,-56.337365295834786
1.371937193719372,-56.349585441679565
1.372737273727373,-56.36180587078182
1.3735373537353741,-56.37402658293445
1.3743374337433742,-56.38624757793056
1.3751375137513753,-56.39846885556345
1.3759375937593763,-56.41069041562659
1.3767376737673773,-56.422912257913694
1.3775377537753775,-56.435134382218635
1.3783378337833785,-56.44735678833552
1.3791379137913795,-56.45957947605865
1.3799379937993805,-56.47180244518249
1.3807380738073807,-56.484025695501714
1.3815381538153817,-56.49624922681126
1.3823382338233827,-56.50847303890616
1.3831383138313837,-56.52069713158171
1.3839383938393839,-56.53292150463338
1.384738473847385,-56.54514615785686
1.385538553855386,-56.557371091048026
1.386338633863387,-56.56959630400293
1.387138713871387,-56.581821796517815
1.3879387938793881,-56.594047568389165
1.3887388738873891,-56.60627361941364
1.3895389538953902,-56.618499949388095
1.3903390339033903,-56.63072655810954
1.3911391139113913,-56.642953445375255
1.3919391939193924,-56.655180610982676
1.3927392739273934,-56.66740805472941
1.3935393539353935,-56.679635776413285
1.3943394339433945,-56.691863775832346
1.3951395139513956,-56.70409205278478
1.3959395939593966,-56.716320607069015
1.3967396739673967,-56.728549438483626
1.3975397539753978,-56.74077854682744
1.3983398339833988,-56.75300793189943
1.3991399139913998,-56.76523759349879
1.3999399939994,-56.777467531424854
1.400740074007401,-56.78969774547723
1.401540154015402,-56.80192823545566
1.402340234023403,-56.814159001160085
1.4031403140314032,-56.826390042390656
1.4039403940394042,-56.83862135894771
1.4047404740474052,-56.850852950631776
1.4055405540554053,-56.86308481724354
1.4063406340634064,-56.87531695858395
1.4071407140714074,-56.887549374454075
1.4079407940794084,-56.89978206465522
1.4087408740874086,-56.91201502898883
1.4095409540954096,-56.92424826725661
1.4103410341034106,-56.936481779260404
1.4111411141114116,-56.948715564802264
1.4119411941194118,-56.9609496236844
1.4127412741274128,-56.973183955709274
1.4135413541354138,-56.985418560679484
1.4143414341434148,-56.99765343839783
1.415141514151415,-57.0098885886673
1.415941594159416,-57.02212401129109
1.416741674167417,-57.03435970607256
1.417541754175418,-57.04659567281524
1.4183418341834182,-57.058831911322905
1.4191419141914192,-57.07106842139948
1.4199419941994202,-57.08330520284907
1.4207420742074213,-57.09554225547599
1.4215421542154214,-57.10777957908472
1.4223422342234224,-57.12001717347994
1.4231423142314235,-57.13225503846653
1.4239423942394245,-57.14449317384951
1.4247424742474246,-57.15673157943414
1.4255425542554256,-57.168970255025826
1.4263426342634267,-57.18120920043018
1.4271427142714277,-57.19344841545299
1.4279427942794278,-57.20568789990023
1.4287428742874289,-57.21792765357807
1.4295429542954299,-57.230167676292865
1.430343034303431,-57.24240796785111
1.431143114311431,-57.25464852805952
1.431943194319432,-57.26688935672504
1.432743274327433,-57.2791304536547
1.4335433543354341,-57.291371818655804
1.4343434343434343,-57.30361345153577
1.4351435143514353,-57.31585535210223
1.4359435943594363,-57.32809752016302
1.4367436743674373,-57.340339955526126
1.4375437543754375,-57.352582657999704
1.4383438343834385,-57.36482562739214
1.4391439143914395,-57.37706886351198
1.4399439943994405,-57.38931236616793
1.4407440744074407,-57.401556135168896
1.4415441544154417,-57.41380017032398
1.4423442344234427,-57.42604447144244
1.4431443144314438,-57.43828903833373
1.443944394439444,-57.45053387080745
1.444744474447445,-57.46277896867346
1.445544554455446,-57.47502433174172
1.446344634463447,-57.4872699598224
1.447144714471447,-57.49951585272586
1.4479447944794481,-57.51176201026262
1.4487448744874492,-57.5240084322434
1.4495449544954502,-57.53625511847908
1.4503450345034503,-57.548502068780714
1.4511451145114513,-57.56074928295958
1.4519451945194524,-57.57299676082708
1.4527452745274534,-57.585244502194826
1.4535453545354535,-57.59749250687459
1.4543454345434546,-57.60974077467833
1.4551455145514556,-57.62198930541819
1.4559455945594566,-57.63423809890649
1.4567456745674567,-57.6464871549557
1.4575457545754578,-57.65873647337851
1.4583458345834588,-57.67098605398777
1.4591459145914598,-57.68323589659648
1.45994599459946,-57.69548600101783
1.460746074607461,-57.70773636706524
1.461546154615462,-57.71998699455223
1.462346234623463,-57.73223788329252
1.4631463146314632,-57.744489033100024
1.4639463946394642,-57.75674044378884
1.4647464746474652,-57.76899211517319
1.4655465546554653,-57.78124404706752
1.4663466346634664,-57.79349623928642
1.4671467146714674,-57.80574869164468
1.4679467946794684,-57.81800140395726
1.4687468746874686,-57.830254376039264
1.4695469546954696,-57.842507607706004
1.4703470347034706,-57.85476109877297
1.4711471147114716,-57.86701484905579
1.4719471947194718,-57.87926885837028
1.4727472747274728,-57.89152312653246
1.4735473547354738,-57.90377765335849
1.4743474347434748,-57.9160324386647
1.475147514751475,-57.928287482267606
1.475947594759476,-57.94054278398391
1.476747674767477,-57.952798343630455
1.477547754775478,-57.965054161024284
1.4783478347834782,-57.97731023598258
1.4791479147914792,-57.98956656832274
1.4799479947994802,-58.0018231578623
1.4807480748074813,-58.014080004418986
1.4815481548154814,-58.02633710781065
1.4823482348234824,-58.03859446785539
1.4831483148314835,-58.05085208437143
1.4839483948394845,-58.063109957177154
1.4847484748474846,-58.07536808609113
1.4855485548554856,-58.08762647093213
1.4863486348634867,-58.09988511151904
1.4871487148714877,-58.11214400767095
1.4879487948794878,-58.12440315920709
1.4887488748874889,-58.13666256594691
1.4895489548954899,-58.148922227709974
1.490349034903491,-58.161182144316044
1.491149114911491,-58.17344231558504
1.491949194919492,-58.18570274133708
1.492749274927493,-58.197963421392416
1.4935493549354941,-58.21022435557146
1.4943494349434943,-58.222485543694816
1.4951495149514953,-58.234746985583286
1.4959495949594963,-58.247008681057764
1.4967496749674973,-58.259270629939365
1.4975497549754975,-58.271532832049346
1.4983498349834985,-58.283795287209166
1.4991499149914995,-58.29605799524042
1.4999499949995005,-58.308320955964874
1.5007500750075007,-58.32058416920445
1.5015501550155017,-58.33284763478127
1.5023502350235027,-58.34511135251759
1.5031503150315038,-58.35737532223587
1.503950395039504,-58.369639543758645
1.504750475047505,-58.38190401690875
1.505550555055506,-58.39416874150909
1.506350635063507,-58.40643371738275
1.507150715071507,-58.41869894435298
1.5079507950795081,-58.430964422243235
1.5087508750875092,-58.44323015087709
1.5095509550955102,-58.45549613007831
1.5103510351035103,-58.467762359670786
1.5111511151115113,-58.48002883947863
1.5119511951195124,-58.49229556932607
1.5127512751275134,-58.504562549037516
1.5135513551355135,-58.516829778437526
1.5143514351435146,-58.529097257350884
1.5151515151515156,-58.54136498560244
1.5159515951595166,-58.55363296301728
1.5167516751675167,-58.565901189420615
1.5175517551755178,-58.57816966463784
1.5183518351835188,-58.5904383884945
1.5191519151915198,-58.60270736081632
1.51995199519952,-58.61497658142913
1.520752075207521,-58.62724605015903
1.521552155215522,-58.63951576683217
1.522352235223523,-58.65178573127492
1.5231523152315232,-58.664055943313784
1.5239523952395242,-58.67632640277547
1.5247524752475252,-58.68859710948681
1.5255525552555254,-58.70086806327477
1.5263526352635264,-58.71313926396657
1.5271527152715274,-58.7254107113895
1.5279527952795284,-58.73768240537103
1.5287528752875286,-58.74995434573883
1.5295529552955296,-58.762226532320675
1.5303530353035306,-58.774498964944556
1.5311531153115316,-58.78677164343857
1.5319531953195318,-58.799044567630986
1.5327532753275328,-58.81131773735028
1.5335533553355338,-58.82359115242503
1.5343534353435349,-58.83586481268398
1.535153515351535,-58.848138717956054
1.535953595359536,-58.86041286807034
1.536753675367537,-58.87268726285604
1.537553755375538,-58.88496190214257
1.5383538353835382,-58.897236785759446
1.5391539153915392,-58.909511913536406
1.5399539953995403,-58.92178728530329
1.5407540754075413,-58.93406290089011
1.5415541554155414,-58.94633876012706
1.5423542354235424,-58.958614862844456
1.5431543154315435,-58.970891208872814
1.5439543954395445,-58.98316779804276
1.5447544754475446,-58.99544463018506
1.5455545554555457,-59.00772170513075
1.5463546354635467,-59.019999022710884
1.5471547154715477,-59.032276582756744
1.5479547954795478,-59.04455438509976
1.5487548754875489,-59.05683242957153
1.54955495549555,-59.069110716003756
1.550355035503551,-59.081389244228355
1.551155115511551,-59.09366801407734
1.551955195519552,-59.10594702538296
1.552755275527553,-59.11822627797753
1.5535553555355541,-59.13050577169357
1.5543554355435543,-59.14278550636375
1.5551555155515553,-59.155065481820884
1.5559555955595563,-59.167345697897936
1.5567556755675573,-59.17962615442805
1.5575557555755575,-59.19190685124447
1.5583558355835585,-59.20418778818066
1.5591559155915595,-59.21646896507019
1.5599559955995606,-59.22875038174681
1.5607560756075607,-59.24103203804438
1.5615561556155617,-59.25331393379698
1.5623562356235627,-59.265596068838796
1.5631563156315638,-59.27787844300417
1.563956395639564,-59.29016105612758
1.564756475647565,-59.30244390804371
1.565556555655566,-59.31472699858737
1.566356635663567,-59.32701032759347
1.5671567156715671,-59.33929389489716
1.5679567956795681,-59.35157770033367
1.5687568756875692,-59.36386174373844
1.5695569556955702,-59.376146024947
1.5703570357035703,-59.38843054379505
1.5711571157115714,-59.40071530011849
1.5719571957195724,-59.41300029375332
1.5727572757275734,-59.42528552453569
1.5735573557355735,-59.4375709923019
1.5743574357435746,-59.449856696888446
1.5751575157515756,-59.46214263813192
1.5759575957595766,-59.47442881586908
1.5767576757675767,-59.48671522993682
1.5775577557755778,-59.499001880172244
1.5783578357835788,-59.511288766412534
1.5791579157915798,-59.52357588849504
1.57995799579958,-59.535863246257264
1.580758075807581,-59.54815083953689
1.581558155815582,-59.5604386681717
1.582358235823583,-59.57272673199964
1.5831583158315832,-59.58501503085882
1.5839583958395842,-59.597303564587484
1.5847584758475852,-59.60959233302403
1.5855585558555862,-59.62188133600701
1.5863586358635864,-59.634170573375066
1.5871587158715874,-59.646460044967085
1.5879587958795884,-59.65874975062204
1.5887588758875886,-59.67103969017904
1.5895589558955896,-59.683329863477404
1.5903590359035906,-59.695620270356514
1.5911591159115916,-59.707910910655954
1.5919591959195918,-59.72020178421543
1.5927592759275928,-59.73249289087485
1.5935593559355938,-59.74478423047417
1.5943594359435949,-59.757075802853564
1.595159515951595,-59.769367607853326
1.595959595959596,-59.781659645313894
1.596759675967597,-59.79395191507589
1.597559755975598,-59.806244416980036
1.5983598359835982,-59.81853715086717
1.5991599159915992,-59.83083011657838
1.5999599959996003,-59.843123313954806
1.6007600760076013,-59.855416742837754
1.6015601560156014,-59.86771040306867
1.6023602360236024,-59.88000429448921
1.6031603160316035,-59.89229841694108
1.6039603960396045,-59.90459277026618
1.6047604760476046,-59.916887354306525
1.6055605560556057,-59.92918216890431
1.6063606360636067,-59.94147721390187
1.6071607160716077,-59.95377248914164
1.6079607960796078,-59.96606799446623
1.6087608760876089,-59.978363729718396
1.60956095609561,-59.99065969474104
1.610361036103611,-60.00295588937719
1.611161116111611,-60.01525231347001
1.611961196119612,-60.02754896686282
1.612761276127613,-60.0398458493991
1.6135613561356141,-60.052142960922446
1.6143614361436143,-60.06444030127658
1.6151615161516153,-60.07673787030542
1.6159615961596163,-60.08903566785297
1.6167616761676173,-60.10133369376341
1.6175617561756175,-60.11363194788103
1.6183618361836185,-60.125930430050325
1.6191619161916195,-60.13822914011585
1.6199619961996206,-60.15052807792233
1.6207620762076207,-60.162827243314645
1.6215621562156217,-60.17512663613783
1.6223622362236227,-60.18742625623702
1.6231623162316238,-60.19972610345751
1.623962396239624,-60.21202617764471
1.624762476247625,-60.22432647864424
1.625562556255626,-60.23662700630177
1.626362636263627,-60.24892776046317
1.6271627162716271,-60.26122874097442
1.6279627962796281,-60.27352994768165
1.6287628762876292,-60.28583138043114
1.6295629562956302,-60.298133039069285
1.6303630363036303,-60.31043492344263
1.6311631163116314,-60.322737033397864
1.6319631963196324,-60.3350393687818
1.6327632763276334,-60.34734192944141
1.6335633563356335,-60.35964471522378
1.6343634363436346,-60.371947725976156
1.6351635163516356,-60.384250961545916
1.6359635963596366,-60.39655442178056
1.6367636763676368,-60.40885810652772
1.6375637563756378,-60.421162015635204
1.6383638363836388,-60.43346614895094
1.6391639163916398,-60.44577050632297
1.63996399639964,-60.45807508759949
1.640764076407641,-60.470379892628856
1.641564156415642,-60.482684921259505
1.642364236423643,-60.494990173340064
1.6431643164316432,-60.50729564871925
1.6439643964396442,-60.519601347245974
1.6447644764476452,-60.53190726876923
1.6455645564556463,-60.544213413138166
1.6463646364636464,-60.556519780202066
1.6471647164716474,-60.56882636981036
1.6479647964796484,-60.581133181812596
1.6487648764876486,-60.59344021605845
1.6495649564956496,-60.60574747239778
1.6503650365036506,-60.61805495068051
1.6511651165116517,-60.63036265075676
1.6519651965196518,-60.64267057247673
1.6527652765276528,-60.65497871569083
1.6535653565356538,-60.667287080249515
1.6543654365436549,-60.67959566600343
1.655165516551655,-60.691904472803344
1.655965596559656,-60.70421350050014
1.656765676567657,-60.716522748944875
1.657565756575658,-60.7288322179887
1.6583658365836582,-60.7411419074829
1.6591659165916592,-60.75345181727894
1.6599659965996603,-60.76576194722837
1.6607660766076613,-60.77807229718289
1.6615661566156614,-60.790382866994314
1.6623662366236625,-60.80269365651463
1.6631663166316635,-60.8150046655959
1.6639663966396645,-60.827315894090404
1.6647664766476646,-60.83962734185046
1.6655665566556657,-60.851939008728564
1.6663666366636667,-60.86425089457736
1.6671667166716677,-60.87656299924959
1.6679667966796679,-60.88887532259814
1.6687668766876689,-60.90118786447602
1.66956695669567,-60.91350062473641
1.670367036703671,-60.92581360323256
1.671167116711671,-60.938126799817894
1.671967196719672,-60.95044021434596
1.6727672767276731,-60.962753846670424
1.6735673567356741,-60.97506769664509
1.6743674367436743,-60.98738176412388
1.6751675167516753,-60.99969604896087
1.6759675967596763,-61.01201055101028
1.6767676767676774,-61.02432527012639
1.6775677567756775,-61.036640206163675
1.6783678367836785,-61.04895535897673
1.6791679167916795,-61.06127072842024
1.6799679967996806,-61.07358631434908
1.6807680768076807,-61.085902116618186
1.6815681568156817,-61.09821813508269
1.6823682368236828,-61.11053436959781
1.6831683168316838,-61.1228508200189
1.683968396839684,-61.13516748620145
1.684768476847685,-61.14748436800108
1.685568556855686,-61.159801465273546
1.686368636863687,-61.1721187778747
1.6871687168716871,-61.18443630566053
1.6879687968796881,-61.19675404848719
1.6887688768876892,-61.20907200621096
1.6895689568956902,-61.22139017868818
1.6903690369036903,-61.23370856577536
1.6911691169116914,-61.24602716732916
1.6919691969196924,-61.258345983206354
1.6927692769276934,-61.270665013263816
1.6935693569356935,-61.282984257358564
1.6943694369436946,-61.295303715347764
1.6951695169516956,-61.30762338708868
1.6959695969596966,-61.31994327243871
1.6967696769676968,-61.33226337125537
1.6975697569756978,-61.34458368339635
1.6983698369836988,-61.3569042087194
1.6991699169916998,-61.36922494708243
1.6999699969997,-61.38154589834346
1.700770077007701,-61.39386706236067
1.701570157015702,-61.40618843899233
1.702370237023703,-61.41851002809686
1.7031703170317032,-61.43083182953275
1.7039703970397042,-61.443153843158726
1.7047704770477052,-61.45547606883352
1.7055705570557063,-61.46779850641606
1.7063706370637064,-61.480121155765374
1.7071707170717074,-61.49244401674062
1.7079707970797084,-61.50476708920108
1.7087708770877086,-61.51709037300617
1.7095709570957096,-61.52941386801541
1.7103710371037106,-61.54173757408847
1.7111711171117117,-61.55406149108511
1.7119711971197118,-61.566385618865226
1.7127712771277128,-61.57870995728888
1.7135713571357138,-61.59103450621619
1.7143714371437149,-61.60335926550745
1.715171517151715,-61.615684235023025
1.715971597159716,-61.62800941462348
1.716771677167717,-61.64033480416943
1.717571757175718,-61.65266040352163
1.7183718371837182,-61.66498621254099
1.7191719171917192,-61.67731223108852
1.7199719971997203,-61.68963845902536
1.7207720772077213,-61.701964896212736
1.7215721572157214,-61.71429154251203
1.7223722372237225,-61.72661839778478
1.7231723172317235,-61.738945461892584
1.7239723972397245,-61.75127273469718
1.7247724772477246,-61.76360021606044
1.7255725572557257,-61.775927905844355
1.7263726372637267,-61.78825580391103
1.7271727172717277,-61.8005839101227
1.7279727972797279,-61.81291222434168
1.7287728772877289,-61.825240746430495
1.72957295729573,-61.83756947625171
1.730373037303731,-61.84989841366806
1.731173117311731,-61.86222755854234
1.731973197319732,-61.87455691073754
1.7327732773277331,-61.88688647011672
1.7335733573357341,-61.899216236543076
1.7343734373437343,-61.91154620987993
1.7351735173517353,-61.92387638999072
1.7359735973597363,-61.93620677673898
1.7367736773677374,-61.948537369988415
1.7375737573757375,-61.96086816960278
1.7383738373837385,-61.973199175446034
1.7391739173917395,-61.985530387382184
1.7399739973997406,-61.997861805275384
1.7407740774077407,-62.01019342898991
1.7415741574157417,-62.02252525839015
1.7423742374237428,-62.03485729334062
1.7431743174317438,-62.04718953370595
1.743974397439744,-62.059521979350855
1.744774477447745,-62.07185463014025
1.745574557455746,-62.08418748593908
1.746374637463747,-62.09652054661247
1.7471747174717471,-62.108853812025615
1.7479747974797482,-62.12118728204387
1.7487748774877492,-62.13352095653269
1.7495749574957502,-62.145854835357646
1.7503750375037503,-62.15818891838442
1.7511751175117514,-62.17052320547882
1.7519751975197524,-62.18285769650679
1.7527752775277534,-62.19519239133435
1.7535753575357536,-62.20752728982766
1.7543754375437546,-62.21986239185301
1.7551755175517556,-62.2321976972768
1.7559755975597566,-62.244533205965524
1.7567756775677568,-62.25686891778579
1.7575757575757578,-62.26920483260437
1.7583758375837588,-62.28154095028812
1.7591759175917598,-62.293877270704
1.75997599759976,-62.30621379371912
1.760776077607761,-62.31855051920066
1.761576157615762,-62.33088744701596
1.762376237623763,-62.343224577032466
1.7631763176317632,-62.3555619091177
1.7639763976397642,-62.36789944313938
1.7647764776477652,-62.38023717896523
1.7655765576557663,-62.392575116463206
1.7663766376637664,-62.40491325550126
1.7671767176717674,-62.41725159594759
1.7679767976797685,-62.42959013767041
1.7687768776877686,-62.44192888053805
1.7695769576957696,-62.45426782441904
1.7703770377037706,-62.466606969181925
1.7711771177117717,-62.47894631469543
1.7719771977197718,-62.491285860828334
1.7727772777277728,-62.50362560744961
1.7735773577357739,-62.51596555442828
1.7743774377437749,-62.52830570163351
1.775177517751775,-62.54064604893455
1.775977597759776,-62.552986596200824
1.776777677767777,-62.565327343301796
1.777577757775778,-62.577668290107106
1.7783778377837782,-62.59000943648644
1.7791779177917793,-62.602350782309664
1.7799779977997803,-62.614692327446726
1.7807780778077813,-62.62703407176769
1.7815781578157814,-62.63937601514271
1.7823782378237825,-62.65171815744212
1.7831783178317835,-62.66406049853629
1.7839783978397845,-62.67640303829573
1.7847784778477847,-62.688745776591055
1.7855785578557857,-62.701088713293046
1.7863786378637867,-62.71343184827251
1.7871787178717877,-62.72577518140045
1.7879787978797879,-62.73811871254789
1.7887788778877889,-62.75046244158605
1.78957895789579,-62.76280636838622
1.790379037903791,-62.7751504928198
1.791179117911791,-62.7874948147583
1.791979197919792,-62.79983933407339
1.7927792779277931,-62.812184050636766
1.7935793579357941,-62.8245289643203
1.7943794379437943,-62.83687407499595
1.7951795179517953,-62.8492193825358
1.7959795979597963,-62.861564886812026
1.7967796779677974,-62.87391058769692
1.7975797579757975,-62.88625648506287
1.7983798379837985,-62.89860257878243
1.7991799179917995,-62.910948868728205
1.7999799979998006,-62.92329535477293
1.8007800780078007,-62.935642036789424
1.8015801580158017,-62.9479889146507
1.8023802380238028,-62.96033598822977
1.8031803180318038,-62.97268325739984
1.803980398039804,-62.98503072203415
1.804780478047805,-62.99737838200614
1.805580558055806,-63.009726237189284
1.806380638063807,-63.0220742874572
1.8071807180718071,-63.0344225326836
1.8079807980798082,-63.04677097274232
1.8087808780878092,-63.0591196075073
1.8095809580958102,-63.071468436852584
1.8103810381038103,-63.0838174606523
1.8111811181118114,-63.09616667878074
1.8119811981198124,-63.108516091112264
1.8127812781278134,-63.12086569752136
1.8135813581358136,-63.133215497882574
1.8143814381438146,-63.14556549207065
1.8151815181518156,-63.15791567996037
1.8159815981598166,-63.17026606142663
1.8167816781678168,-63.18261663634445
1.8175817581758178,-63.19496740458899
1.8183818381838188,-63.20731836603544
1.8191819181918198,-63.219669520559144
1.81998199819982,-63.23202086803555
1.820782078207821,-63.244372408340226
1.821582158215822,-63.25672414134881
1.822382238223823,-63.269076066937096
1.8231823182318232,-63.28142818498092
1.8239823982398242,-63.29378049535629
1.8247824782478252,-63.30613299793928
1.8255825582558263,-63.31848569260609
1.8263826382638264,-63.330838579232974
1.8271827182718274,-63.343191657696394
1.8279827982798285,-63.355544927872856
1.8287828782878286,-63.367898389638924
1.8295829582958296,-63.380252042871376
1.8303830383038306,-63.392605887447004
1.8311831183118317,-63.40495992324276
1.8319831983198318,-63.41731415013565
1.8327832783278328,-63.42966856800285
1.8335833583358339,-63.442023176721605
1.8343834383438349,-63.45437797616927
1.835183518351835,-63.466732966223255
1.835983598359836,-63.479088146761185
1.836783678367837,-63.4914435176607
1.837583758375838,-63.503799078799574
1.8383838383838382,-63.516154830055676
1.8391839183918393,-63.528510771307
1.8399839983998403,-63.540866902431624
1.8407840784078413,-63.55322322330773
1.8415841584158414,-63.56557973381362
1.8423842384238425,-63.57793643382769
1.8431843184318435,-63.590293323228465
1.8439843984398445,-63.60265040189449
1.8447844784478447,-63.61500766970452
1.8455845584558457,-63.62736512653736
1.8463846384638467,-63.639722772271924
1.8471847184718477,-63.65208060678722
1.8479847984798479,-63.66443862996236
1.848784878487849,-63.67679684167659
1.84958495849585,-63.689155241809246
1.850385038503851,-63.701513830239726
1.851185118511851,-63.71387260684758
1.851985198519852,-63.72623157151244
1.8527852785278531,-63.73859072411406
1.8535853585358542,-63.75095006453225
1.8543854385438543,-63.76330959264697
1.8551855185518553,-63.77566930833827
1.8559855985598563,-63.78802921148629
1.8567856785678574,-63.800389301971286
1.8575857585758575,-63.81274957967358
1.8583858385838585,-63.825110044473654
1.8591859185918596,-63.837470696252055
1.8599859985998606,-63.84983153488945
1.8607860786078607,-63.86219256026655
1.8615861586158617,-63.874553772264264
1.8623862386238628,-63.886915170763544
1.8631863186318638,-63.89927675564542
1.863986398639864,-63.911638526791066
1.864786478647865,-63.92400048408177
1.865586558655866,-63.93636262739887
1.866386638663867,-63.94872495662384
1.8671867186718671,-63.96108747163822
1.8679867986798682,-63.973450172323716
1.8687868786878692,-63.98581305856206
1.8695869586958702,-63.99817613023514
1.8703870387038704,-64.0105393872249
1.8711871187118714,-64.02290282941341
1.8719871987198724,-64.03526645668285
1.8727872787278734,-64.04763026891547
1.8735873587358736,-64.05999426599365
1.8743874387438746,-64.07235844779984
1.8751875187518756,-64.08472281421662
1.8759875987598766,-64.09708736512664
1.8767876787678768,-64.10945210041265
1.8775877587758778,-64.12181701995753
1.8783878387838788,-64.13418212364427
1.8791879187918799,-64.14654741135587
1.87998799879988,-64.15891288297553
1.880788078807881,-64.17127853838647
1.881588158815882,-64.1836443774721
1.882388238823883,-64.19601040011587
1.8831883188318832,-64.20837660620126
1.8839883988398842,-64.220742995612
1.8847884788478853,-64.23310956823181
1.8855885588558863,-64.24547632394453
1.8863886388638864,-64.25784326263414
1.8871887188718874,-64.27021038418465
1.8879887988798885,-64.28257768848022
1.8887888788878895,-64.29494517540508
1.8895889588958896,-64.30731284484357
1.8903890389038907,-64.31968069668012
1.8911891189118917,-64.33204873079929
1.8919891989198918,-64.34441694708566
1.8927892789278928,-64.35678534542402
1.8935893589358939,-64.36915392569914
1.8943894389438949,-64.38152268779598
1.895189518951895,-64.3938916315995
1.895989598959896,-64.4062607569949
1.896789678967897,-64.41863006386733
1.897589758975898,-64.43099955210211
1.8983898389838982,-64.44336922158465
1.8991899189918993,-64.45573907220046
1.8999899989999003,-64.46810910383513
1.9007900790079013,-64.48047931637436
1.9015901590159014,-64.4928497097039
1.9023902390239025,-64.50522028370972
1.9031903190319035,-64.51759103827773
1.9039903990399045,-64.52996197329404
1.9047904790479047,-64.54233308864478
1.9055905590559057,-64.55470438421628
1.9063906390639067,-64.56707585989489
1.9071907190719077,-64.57944751556703
1.9079907990799079,-64.59181935111928
1.908790879087909,-64.60419136643833
1.90959095909591,-64.61656356141087
1.910391039103911,-64.62893593592376
1.911191119111911,-64.64130848986393
1.911991199119912,-64.65368122311844
1.9127912791279131,-64.66605413557437
1.9135913591359142,-64.67842722711899
1.9143914391439143,-64.69080049763957
1.9151915191519153,-64.70317394702353
1.9159915991599163,-64.7155475751584
1.9167916791679174,-64.72792138193176
1.9175917591759175,-64.74029536723127
1.9183918391839185,-64.75266953094477
1.9191919191919196,-64.76504387296012
1.9199919991999206,-64.77741839316529
1.9207920792079207,-64.78979309144833
1.9215921592159217,-64.80216796769744
1.9223922392239228,-64.81454302180084
1.9231923192319238,-64.82691825364691
1.923992399239924,-64.83929366312404
1.924792479247925,-64.8516692501208
1.925592559255926,-64.86404501452584
1.926392639263927,-64.87642095622786
1.9271927192719271,-64.88879707511563
1.9279927992799282,-64.90117337107813
1.9287928792879292,-64.91354984400434
1.9295929592959302,-64.92592649378332
1.9303930393039304,-64.93830332030426
1.9311931193119314,-64.95068032345647
1.9319931993199324,-64.96305750312929
1.9327932793279334,-64.97543485921221
1.9335933593359336,-64.98781239159476
1.9343934393439346,-65.0001901001666
1.9351935193519356,-65.01256798481745
1.9359935993599366,-65.02494604543718
1.9367936793679368,-65.03732428191566
1.9375937593759378,-65.04970269414292
1.9383938393839388,-65.0620812820091
1.9391939193919399,-65.07446004540438
1.93999399939994,-65.08683898421903
1.940794079407941,-65.09921809834344
1.941594159415942,-65.11159738766808
1.942394239423943,-65.12397685208353
1.9431943194319432,-65.13635649148041
1.9439943994399442,-65.1487363057495
1.9447944794479453,-65.1611162947816
1.9455945594559463,-65.17349645846768
1.9463946394639464,-65.18587679669871
1.9471947194719474,-65.19825730936583
1.9479947994799485,-65.21063799636022
1.9487948794879495,-65.2230188575732
1.9495949594959496,-65.23539989289608
1.9503950395039507,-65.24778110222042
1.9511951195119517,-65.26016248543772
1.9519951995199518,-65.27254404243962
1.9527952795279528,-65.28492577311789
1.9535953595359539,-65.29730767736437
1.954395439543955,-65.30968975507096
1.955195519551955,-65.32207200612962
1.955995599559956,-65.33445443043254
1.956795679567957,-65.34683702787186
1.957595759575958,-65.35921979833985
1.9583958395839582,-65.37160274172888
1.9591959195919593,-65.3839858579314
1.9599959995999603,-65.39636914684002
1.9607960796079613,-65.40875260834727
1.9615961596159615,-65.42113624234592
1.9623962396239625,-65.43352004872881
1.9631963196319635,-65.44590402738879
1.9639963996399645,-65.4582881782189
1.9647964796479647,-65.47067250111216
1.9655965596559657,-65.48305699596177
1.9663966396639667,-65.495441662661
1.9671967196719677,-65.50782650110315
1.9679967996799679,-65.52021151118167
1.968796879687969,-65.53259669279011
1.96959695969597,-65.54498204582202
1.970397039703971,-65.55736757017115
1.971197119711971,-65.56975326573124
1.9719971997199721,-65.58213913239618
1.9727972797279731,-65.59452517005991
1.9735973597359742,-65.60691137861653
1.9743974397439743,-65.61929775796008
1.9751975197519753,-65.63168430798487
1.9759975997599764,-65.64407102858516
1.9767976797679774,-65.65645791965537
1.9775977597759775,-65.66884498108993
1.9783978397839785,-65.6812322127835
1.9791979197919796,-65.69361961463065
1.9799979997999806,-65.70600718652618
1.9807980798079807,-65.71839492836487
1.9815981598159818,-65.73078284004168
1.9823982398239828,-65.74317092145161
1.9831983198319838,-65.75555917248971
1.983998399839984,-65.76794759305119
1.984798479847985,-65.78033618303132
1.985598559855986,-65.79272494232544
1.986398639863987,-65.80511387082896
1.9871987198719872,-65.81750296843741
1.9879987998799882,-65.82989223504642
1.9887988798879892,-65.84228167055167
1.9895989598959902,-65.85467127484894
1.9903990399039904,-65.86706104783408
1.9911991199119914,-65.87945098940305
1.9919991999199924,-65.89184109945191
1.9927992799279934,-65.90423137787676
1.9935993599359936,-65.91662182457375
1.9943994399439946,-65.92901243943928
1.9951995199519956,-65.94140322236964
1.9959995999599967,-65.95379417326136
1.9967996799679968,-65.96618529201092
1.9975997599759978,-65.978576578515
1.9983998399839988,-65.99096803267028
1.9991999199919999,-66.0033596543736
2.,-66.0157514435218
