Start 2026-07-24 13:18:42 | 26631186 MyPyJob | lmnode193 | /home/s6nidich_hpc/PycharmProjects/QC-MasterThesis 

Used python interpreter:
/home/s6nidich_hpc/PycharmProjects/QC-MasterThesis/.venv_intel_3_12_3/bin/python
Python version:
Python 3.12.3

Currently Loaded Modules:
  1) GCCcore/14.3.0                    8) Tcl/9.0.1-GCCcore-14.3.0
  2) zlib/1.3.1-GCCcore-14.3.0         9) SQLite/3.50.1-GCCcore-14.3.0
  3) binutils/2.44-GCCcore-14.3.0     10) XZ/5.8.1-GCCcore-14.3.0
  4) bzip2/1.0.8-GCCcore-14.3.0       11) libffi/3.5.1-GCCcore-14.3.0
  5) ncurses/6.5-GCCcore-14.3.0       12) OpenSSL/3
  6) libreadline/8.2-GCCcore-14.3.0   13) Python/3.13.5-GCCcore-14.3.0
  7) libtommath/1.3.0-GCCcore-14.3.0

 

Start of Program:

-----Beginning pprint-----
/:
	Attributes:
-----Ending pprint-----
Calculating energies for FreeWilson2D(N_x=2, N_y=2, mass=-6.000, r=1.000)
h_im: 0.0
New op index: 10	$R_Y$[3]
Current grad: 17.999999999999986
[ 3.14159265 -1.57079633  3.14159265  3.14159265  1.57079633  3.14159265
  3.14159265 -1.57079633  3.14159265  3.14159265  1.32581766  0.
  3.14159265  1.32581766  0.          3.14159265 -1.57079633  3.14159265
  3.14159265  1.57079633  3.14159265  3.14159265 -1.57079633  3.14159265
  3.14159265  3.14159265  3.14159265  3.14159265  3.14159265  3.14159265
  3.14159265  0.          0.          3.14159265  3.14159265  3.14159265
  3.14159265  0.          0.          3.14159265  3.14159265  3.14159265
  3.14159265  3.14159265  3.14159265] 
 [0.         2.         0.         0.         2.5        0.
 0.         2.5        0.         0.         2.56155281 1.
 0.         2.56155281 1.         0.         2.5        0.
 0.         2.5        0.         0.         2.         0.
 0.         0.         0.         0.         0.         0.
 0.         1.         1.         0.         0.         0.
 0.         1.         1.         0.         0.         0.
 0.         0.         0.        ]
New op index: 16	$R_Y$[5]
Current grad: 340.44353598827354
[ 3.14159265 -1.57079633  3.14159265  3.14159265 -1.57079633  3.14159265
  3.14159265 -1.57079633  3.14159265  3.14159265 -3.14159265  3.14159265
  0.         -1.57343131  3.14159265  0.         -1.57079633  3.14159265
  0.         -1.57079633  0.          0.         -1.57079633  3.14159265
  3.14159265  3.14159265  3.14159265  3.14159265  3.14159265  3.14159265
  3.14159265  3.14159265  3.14159265  3.14159265  3.14159265  0.
  0.          3.14159265  3.14159265  0.          0.          3.14159265
  0.          0.          3.14159265] 
 [0.00000000e+00 5.05071250e+01 0.00000000e+00 0.00000000e+00
 4.60071250e+01 0.00000000e+00 0.00000000e+00 5.03858572e+01
 0.00000000e+00 0.00000000e+00 0.00000000e+00 0.00000000e+00
 3.89618893e-15 4.59009457e+01 0.00000000e+00 6.73636494e-15
 5.10071250e+01 0.00000000e+00 2.23562488e-15 4.60071250e+01
 1.99493200e-17 1.09907743e-14 5.05071250e+01 0.00000000e+00
 0.00000000e+00 0.00000000e+00 0.00000000e+00 0.00000000e+00
 0.00000000e+00 0.00000000e+00 0.00000000e+00 0.00000000e+00
 0.00000000e+00 0.00000000e+00 0.00000000e+00 1.99493200e-17
 1.16100705e-14 0.00000000e+00 0.00000000e+00 7.13838710e-15
 7.16917845e-15 0.00000000e+00 8.63718819e-15 8.72045491e-15
 0.00000000e+00]
New op index: 4	$R_Y$[1]
Current grad: 12.495192529926
[ 3.14159265 -1.57079633  3.14159265  3.14159265  1.57079633  3.14159265
  3.14159265 -1.57079633  0.          3.14159265 -3.14159265  3.14159265
  3.14159265  1.81776213  3.14159265  3.14159265 -3.14159265  0.
  3.14159265  1.81550338  3.14159265  3.14159265 -1.57079633  0.
  3.14159265  3.14159265  3.14159265  3.14159265  0.          0.
  3.14159265  3.14159265  3.14159265  3.14159265  3.14159265  3.14159265
  3.14159265  3.14159265  3.14159265  3.14159265  3.14159265  3.14159265
  3.14159265  3.14159265  3.14159265] 
 [0.00000000e+00 1.99768877e+00 0.00000000e+00 0.00000000e+00
 2.50231123e+00 0.00000000e+00 0.00000000e+00 1.99288130e+00
 1.22033241e-32 0.00000000e+00 0.00000000e+00 0.00000000e+00
 0.00000000e+00 1.56015763e+00 0.00000000e+00 0.00000000e+00
 0.00000000e+00 1.24485792e-32 0.00000000e+00 1.56379511e+00
 0.00000000e+00 0.00000000e+00 1.99768877e+00 2.45255141e-34
 0.00000000e+00 0.00000000e+00 0.00000000e+00 0.00000000e+00
 1.22033241e-32 1.22033241e-32 0.00000000e+00 0.00000000e+00
 0.00000000e+00 0.00000000e+00 0.00000000e+00 0.00000000e+00
 0.00000000e+00 0.00000000e+00 0.00000000e+00 0.00000000e+00
 0.00000000e+00 0.00000000e+00 0.00000000e+00 0.00000000e+00
 0.00000000e+00]
New op index: 22	$R_Y$[7]
Current grad: 244.53562503633447
[ 3.14159265 -1.5806956   3.14159265  3.14159265 -3.14159265  3.14159265
  3.14159265 -1.5806956   3.14159265  3.14159265  3.14159265  3.14159265
  0.         -1.58415408  3.14159265  3.14159265 -3.14159265  0.
  3.14159265 -1.58154695  3.14159265  0.         -1.57079633  0.
  3.14159265  3.14159265  3.14159265  3.14159265  3.14159265  3.14159265
  3.14159265  3.14159265  3.14159265  3.14159265  3.14159265  3.14159265
  3.14159265  3.14159265  3.14159265  3.14159265  3.14159265  3.14159265
  3.14159265  3.14159265  3.14159265] 
 [0.00000000e+00 5.00095998e+01 0.00000000e+00 0.00000000e+00
 0.00000000e+00 0.00000000e+00 0.00000000e+00 5.00095998e+01
 0.00000000e+00 0.00000000e+00 0.00000000e+00 0.00000000e+00
 5.25924790e-15 4.58900066e+01 0.00000000e+00 0.00000000e+00
 0.00000000e+00 2.44593103e-32 0.00000000e+00 4.60098127e+01
 0.00000000e+00 9.38485401e-16 5.05071250e+01 2.42667173e-32
 0.00000000e+00 0.00000000e+00 0.00000000e+00 0.00000000e+00
 0.00000000e+00 0.00000000e+00 0.00000000e+00 0.00000000e+00
 0.00000000e+00 0.00000000e+00 0.00000000e+00 0.00000000e+00
 0.00000000e+00 0.00000000e+00 0.00000000e+00 0.00000000e+00
 0.00000000e+00 0.00000000e+00 0.00000000e+00 0.00000000e+00
 0.00000000e+00]
New op index: 19	$R_Y$[6]
Current grad: 8.000000000000238
[ 3.14159265 -1.8160472   3.14159265  3.14159265  3.14159265  3.14159265
  3.14159265 -1.8160472   3.14159265  3.14159265 -3.14159265  3.14159265
  0.          1.81776213  3.14159265  3.14159265 -3.14159265  0.
  3.14159265  1.81550338  3.14159265  3.14159265  3.14159265  0.
  3.14159265  3.14159265  3.14159265  3.14159265  3.14159265  3.14159265
  3.14159265  3.14159265  3.14159265  3.14159265  3.14159265  3.14159265
  3.14159265  3.14159265  3.14159265  3.14159265  3.14159265  3.14159265
  3.14159265  3.14159265  3.14159265] 
 [0.00000000e+00 1.55931067e+00 0.00000000e+00 0.00000000e+00
 0.00000000e+00 0.00000000e+00 0.00000000e+00 1.55931067e+00
 0.00000000e+00 0.00000000e+00 0.00000000e+00 0.00000000e+00
 2.61802637e-15 1.56015763e+00 0.00000000e+00 0.00000000e+00
 0.00000000e+00 4.36208086e-32 0.00000000e+00 1.56379511e+00
 0.00000000e+00 0.00000000e+00 0.00000000e+00 1.05433886e-47
 0.00000000e+00 0.00000000e+00 0.00000000e+00 0.00000000e+00
 0.00000000e+00 0.00000000e+00 0.00000000e+00 0.00000000e+00
 0.00000000e+00 0.00000000e+00 0.00000000e+00 0.00000000e+00
 0.00000000e+00 0.00000000e+00 0.00000000e+00 0.00000000e+00
 0.00000000e+00 0.00000000e+00 0.00000000e+00 0.00000000e+00
 0.00000000e+00]
New op index: 1	$R_Y$[0]
Current grad: 147.28328884749862
[ 3.14159265 -1.58071118  3.14159265  3.14159265 -3.14159265  3.14159265
  3.14159265 -1.58071118  3.14159265  3.14159265  3.14157356  3.14159265
  0.         -1.5746007   3.14159265  3.14159265  3.14159265  3.14159265
  3.14159265 -3.14159265  3.14159265  3.14159265  3.14159265  3.14159265
  3.14159265  3.14159265  3.14159265  3.14159265  3.14159265  3.14159265
  3.14159265  3.14159265  3.14159265  3.14159265  3.14159265  3.14159265
  3.14159265  3.14159265  3.14159265  3.14159265  3.14159265  3.14159265
  3.14159265  3.14159265  3.14159265] 
 [0.00000000e+00 4.99302237e+01 0.00000000e+00 0.00000000e+00
 0.00000000e+00 0.00000000e+00 0.00000000e+00 4.99302237e+01
 0.00000000e+00 0.00000000e+00 5.16173770e-10 0.00000000e+00
 2.50233861e-15 4.62514516e+01 0.00000000e+00 0.00000000e+00
 0.00000000e+00 0.00000000e+00 0.00000000e+00 0.00000000e+00
 0.00000000e+00 0.00000000e+00 0.00000000e+00 0.00000000e+00
 0.00000000e+00 0.00000000e+00 0.00000000e+00 0.00000000e+00
 0.00000000e+00 0.00000000e+00 0.00000000e+00 0.00000000e+00
 0.00000000e+00 0.00000000e+00 0.00000000e+00 0.00000000e+00
 0.00000000e+00 0.00000000e+00 0.00000000e+00 0.00000000e+00
 0.00000000e+00 0.00000000e+00 0.00000000e+00 0.00000000e+00
 0.00000000e+00]
New op index: 7	$R_Y$[2]
Current grad: 4.000000000000868
[ 3.14159265  3.14159265  3.14159265  3.14159265 -3.14159265  3.14159265
  3.14159265 -1.57320305  3.14159265  3.14159265  3.14159265  3.14159265
  0.          1.57559821  3.14159265  3.14159265 -3.14159265  0.
  3.14159265  3.14159265  3.14159265  3.14159265  3.14159265  0.
  3.14159265  3.14159265  3.14159265  3.14159265  3.14159265  3.14159265
  3.14159265  3.14159265  3.14159265  3.14159265  3.14159265  3.14159265
  3.14159265  3.14159265  3.14159265  3.14159265  3.14159265  3.14159265
  3.14159265  3.14159265  3.14159265] 
 [0.00000000e+00 0.00000000e+00 0.00000000e+00 0.00000000e+00
 0.00000000e+00 0.00000000e+00 0.00000000e+00 1.99288707e+00
 0.00000000e+00 0.00000000e+00 0.00000000e+00 0.00000000e+00
 1.79493059e-15 1.99271896e+00 0.00000000e+00 0.00000000e+00
 0.00000000e+00 4.30754604e-34 0.00000000e+00 0.00000000e+00
 0.00000000e+00 0.00000000e+00 0.00000000e+00 4.77778941e-34
 0.00000000e+00 0.00000000e+00 0.00000000e+00 0.00000000e+00
 0.00000000e+00 0.00000000e+00 0.00000000e+00 0.00000000e+00
 0.00000000e+00 0.00000000e+00 0.00000000e+00 0.00000000e+00
 0.00000000e+00 0.00000000e+00 0.00000000e+00 0.00000000e+00
 0.00000000e+00 0.00000000e+00 0.00000000e+00 0.00000000e+00
 0.00000000e+00]
New op index: 13	$R_Y$[4]
Current grad: 52.00120594434279
[ 3.14159265 -3.14159044  3.14159265  3.14159265 -3.14159265  3.14159265
  3.14159265  3.14159265  3.14159265  3.14159265 -3.14159265  3.14159265
  0.          1.57089059  3.14159265  3.14159265  3.14159265  0.
  3.14159265  3.14159265  3.14159265  3.14159265 -3.14159265  0.
  3.14159265  3.14159265  3.14159265  3.14159265  3.14159265  3.14159265
  3.14159265  3.14159265  3.14159265  3.14159265  3.14159265  3.14159265
  3.14159265  3.14159265  3.14159265  3.14159265  3.14159265  3.14159265
  3.14159265  3.14159265  3.14159265] 
 [0.00000000e+00 4.87965224e-12 0.00000000e+00 0.00000000e+00
 0.00000000e+00 0.00000000e+00 0.00000000e+00 0.00000000e+00
 0.00000000e+00 0.00000000e+00 0.00000000e+00 0.00000000e+00
 7.90923277e-15 5.19962998e+01 0.00000000e+00 0.00000000e+00
 0.00000000e+00 2.01890423e-28 0.00000000e+00 0.00000000e+00
 0.00000000e+00 0.00000000e+00 0.00000000e+00 2.01890423e-28
 0.00000000e+00 0.00000000e+00 0.00000000e+00 0.00000000e+00
 0.00000000e+00 0.00000000e+00 0.00000000e+00 0.00000000e+00
 0.00000000e+00 0.00000000e+00 0.00000000e+00 0.00000000e+00
 0.00000000e+00 0.00000000e+00 0.00000000e+00 0.00000000e+00
 0.00000000e+00 0.00000000e+00 0.00000000e+00 0.00000000e+00
 0.00000000e+00]
New op index: 0	$R_X$[0]
Current grad: 1.3286512143675773e-08
[ 3.14159265 -3.14159265  3.14159265  3.14159265 -3.14159265  3.14159265
  3.14159265  3.14159265  3.14159265  3.14159265 -3.14159265  3.14159265
  3.14159265  3.14159265  3.14159265  3.14159265 -3.14159265  3.14159265
  3.14159265  3.14159265  3.14159265  3.14159265 -3.14159265  3.14159265
  3.14159265  3.14159265  3.14159265  3.14159265  3.14159265  3.14159265
  3.14159265  3.14159265  3.14159265  3.14159265  3.14159265  3.14159265
  3.14159265  3.14159265  3.14159265  3.14159265  3.14159265  3.14159265
  3.14159265  3.14159265  3.14159265] 
 [0. 0. 0. 0. 0. 0. 0. 0. 0. 0. 0. 0. 0. 0. 0. 0. 0. 0. 0. 0. 0. 0. 0. 0.
 0. 0. 0. 0. 0. 0. 0. 0. 0. 0. 0. 0. 0. 0. 0. 0. 0. 0. 0. 0. 0.]
Precision cutoff reached.
Calculating energies for FreeWilson2D(N_x=2, N_y=2, mass=-5.837, r=1.000)
h_im: 0.0
New op index: 10	$R_Y$[3]
Current grad: 17.34693877551019
[ 3.14159265 -1.57079633  3.14159265  3.14159265  1.57079633  3.14159265
  3.14159265 -1.57079633  3.14159265  3.14159265  1.31583048  0.
  3.14159265  1.31583048  0.          3.14159265 -1.57079633  3.14159265
  3.14159265  1.57079633  3.14159265  3.14159265 -1.57079633  3.14159265
  3.14159265  3.14159265  3.14159265  3.14159265  3.14159265  3.14159265
  3.14159265  0.          0.          3.14159265  3.14159265  3.14159265
  3.14159265  0.          0.          3.14159265  3.14159265  3.14159265
  3.14159265  3.14159265  3.14159265] 
 [0.         1.91836735 0.         0.         2.41836735 0.
 0.         2.41836735 0.         0.         2.48245637 1.
 0.         2.48245637 1.         0.         2.41836735 0.
 0.         2.41836735 0.         0.         1.91836735 0.
 0.         0.         0.         0.         0.         0.
 0.         1.         1.         0.         0.         0.
 0.         1.         1.         0.         0.         0.
 0.         0.         0.        ]
New op index: 16	$R_Y$[5]
Current grad: 339.4935937631691
[ 3.14159265 -1.57079633  3.14159265  3.14159265 -1.57079633  3.14159265
  3.14159265 -1.57079633  0.          3.14159265 -3.14159265  3.14159265
  3.14159265 -1.57353887  3.14159265  3.14159265 -1.57079633  3.14159265
  3.14159265 -1.57079633  3.14159265  3.14159265 -1.57079633  3.14159265
  3.14159265  3.14159265  3.14159265  3.14159265  0.          0.
  3.14159265  3.14159265  3.14159265  3.14159265  3.14159265  3.14159265
  3.14159265  3.14159265  3.14159265  3.14159265  3.14159265  3.14159265
  3.14159265  3.14159265  3.14159265] 
 [0.00000000e+00 5.03019629e+01 0.00000000e+00 0.00000000e+00
 4.59652282e+01 0.00000000e+00 0.00000000e+00 5.01758567e+01
 9.97465999e-18 0.00000000e+00 0.00000000e+00 0.00000000e+00
 0.00000000e+00 4.58554590e+01 0.00000000e+00 0.00000000e+00
 5.08019629e+01 0.00000000e+00 0.00000000e+00 4.59652282e+01
 0.00000000e+00 0.00000000e+00 5.03019629e+01 0.00000000e+00
 0.00000000e+00 0.00000000e+00 0.00000000e+00 0.00000000e+00
 9.97465999e-18 9.97465999e-18 0.00000000e+00 0.00000000e+00
 0.00000000e+00 0.00000000e+00 0.00000000e+00 0.00000000e+00
 0.00000000e+00 0.00000000e+00 0.00000000e+00 0.00000000e+00
 0.00000000e+00 0.00000000e+00 0.00000000e+00 0.00000000e+00
 0.00000000e+00]
New op index: 4	$R_Y$[1]
Current grad: 12.00538905334391
[ 3.14159265 -1.57079633  3.14159265  3.14159265  1.57079633  3.14159265
  3.14159265 -1.57079633  0.          3.14159265 -3.14159265  3.14159265
  0.          1.82781393  3.14159265  3.14159265 -3.14159265  3.14159265
  0.          1.82546754  3.14159265  3.14159265 -1.57079633  3.14159265
  3.14159265  3.14159265  3.14159265  3.14159265  0.          0.
  3.14159265  3.14159265  3.14159265  3.14159265  3.14159265  3.14159265
  3.14159265  3.14159265  3.14159265  3.14159265  3.14159265  3.14159265
  0.          3.14159265  3.14159265] 
 [0.00000000e+00 1.91604884e+00 0.00000000e+00 0.00000000e+00
 2.42068585e+00 0.00000000e+00 0.00000000e+00 1.91123382e+00
 8.37422176e-34 0.00000000e+00 0.00000000e+00 0.00000000e+00
 1.06031289e-14 1.48110349e+00 0.00000000e+00 0.00000000e+00
 0.00000000e+00 0.00000000e+00 6.38654721e-15 1.48470001e+00
 0.00000000e+00 0.00000000e+00 1.91604884e+00 0.00000000e+00
 0.00000000e+00 0.00000000e+00 0.00000000e+00 0.00000000e+00
 8.37422176e-34 8.37422176e-34 0.00000000e+00 0.00000000e+00
 0.00000000e+00 0.00000000e+00 0.00000000e+00 0.00000000e+00
 0.00000000e+00 0.00000000e+00 0.00000000e+00 0.00000000e+00
 0.00000000e+00 0.00000000e+00 7.40056423e-15 0.00000000e+00
 0.00000000e+00]
New op index: 22	$R_Y$[7]
Current grad: 243.83634488342628
[ 3.14159265 -1.58073597  3.14159265  3.14159265 -3.14159265  3.14159265
  3.14159265 -1.58073597  3.14159265  3.14159265 -3.14159265  3.14159265
  3.14159265 -1.58427024  3.14159265  3.14159265  3.14159265  0.
  0.         -1.58155665  3.14159265  3.14159265 -1.57079633  0.
  3.14159265  3.14159265  3.14159265  3.14159265  3.14159265  3.14159265
  3.14159265  3.14159265  3.14159265  3.14159265  3.14159265  3.14159265
  3.14159265  3.14159265  3.14159265  3.14159265  3.14159265  3.14159265
  3.14159265  3.14159265  3.14159265] 
 [0.00000000e+00 4.98044478e+01 0.00000000e+00 0.00000000e+00
 0.00000000e+00 0.00000000e+00 0.00000000e+00 4.98044478e+01
 0.00000000e+00 0.00000000e+00 0.00000000e+00 0.00000000e+00
 0.00000000e+00 4.58433401e+01 0.00000000e+00 0.00000000e+00
 0.00000000e+00 2.03667092e-32 1.21526230e-15 4.59679183e+01
 0.00000000e+00 0.00000000e+00 5.03019629e+01 1.60815150e-32
 0.00000000e+00 0.00000000e+00 0.00000000e+00 0.00000000e+00
 0.00000000e+00 0.00000000e+00 0.00000000e+00 0.00000000e+00
 0.00000000e+00 0.00000000e+00 0.00000000e+00 0.00000000e+00
 0.00000000e+00 0.00000000e+00 0.00000000e+00 0.00000000e+00
 0.00000000e+00 0.00000000e+00 0.00000000e+00 0.00000000e+00
 0.00000000e+00]
New op index: 19	$R_Y$[6]
Current grad: 7.673469387755288
[ 3.14159265 -1.82605747  3.14159265  3.14159265 -3.14159265  3.14159265
  3.14159265 -1.82605747  3.14159265  3.14159265 -3.14159265  3.14159265
  0.          1.82781393  3.14159265  3.14159265  3.14159265  0.
  0.          1.82546754  3.14159265  3.14159265 -3.14159265  0.
  3.14159265  3.14159265  3.14159265  3.14159265  3.14159265  3.14159265
  3.14159265  3.14159265  3.14159265  3.14159265  3.14159265  3.14159265
  3.14159265  3.14159265  3.14159265  3.14159265  3.14159265  3.14159265
  3.14159265  3.14159265  3.14159265] 
 [0.00000000e+00 1.48021291e+00 0.00000000e+00 0.00000000e+00
 0.00000000e+00 0.00000000e+00 0.00000000e+00 1.48021291e+00
 0.00000000e+00 0.00000000e+00 0.00000000e+00 0.00000000e+00
 1.05172476e-14 1.48110349e+00 0.00000000e+00 0.00000000e+00
 0.00000000e+00 2.22873729e-33 1.87110256e-15 1.48470001e+00
 0.00000000e+00 0.00000000e+00 0.00000000e+00 4.08557143e-49
 0.00000000e+00 0.00000000e+00 0.00000000e+00 0.00000000e+00
 0.00000000e+00 0.00000000e+00 0.00000000e+00 0.00000000e+00
 0.00000000e+00 0.00000000e+00 0.00000000e+00 0.00000000e+00
 0.00000000e+00 0.00000000e+00 0.00000000e+00 0.00000000e+00
 0.00000000e+00 0.00000000e+00 0.00000000e+00 0.00000000e+00
 0.00000000e+00]
New op index: 1	$R_Y$[0]
Current grad: 147.0244275381345
[ 3.14159265 -1.58073892  3.14159265  3.14159265 -3.14159265  3.14159265
  3.14159265 -1.58073892  3.14159265  3.14159265  3.14157912  3.14159265
  0.         -1.57466905  3.14159265  3.14159265  3.14159265  0.
  3.14159265  3.14159265  3.14159265  3.14159265 -3.14159265  0.
  3.14159265  3.14159265  3.14159265  3.14159265  3.14159265  3.14159265
  3.14159265  3.14159265  3.14159265  3.14159265  3.14159265  3.14159265
  3.14159265  3.14159265  3.14159265  3.14159265  3.14159265  3.14159265
  3.14159265  3.14159265  3.14159265] 
 [0.00000000e+00 4.97895272e+01 0.00000000e+00 0.00000000e+00
 0.00000000e+00 0.00000000e+00 0.00000000e+00 4.97895272e+01
 0.00000000e+00 0.00000000e+00 2.54642529e-10 0.00000000e+00
 4.59866011e-15 4.62707652e+01 0.00000000e+00 0.00000000e+00
 0.00000000e+00 2.34275031e-31 0.00000000e+00 0.00000000e+00
 0.00000000e+00 0.00000000e+00 0.00000000e+00 3.06039995e-31
 0.00000000e+00 0.00000000e+00 0.00000000e+00 0.00000000e+00
 0.00000000e+00 0.00000000e+00 0.00000000e+00 0.00000000e+00
 0.00000000e+00 0.00000000e+00 0.00000000e+00 0.00000000e+00
 0.00000000e+00 0.00000000e+00 0.00000000e+00 0.00000000e+00
 0.00000000e+00 0.00000000e+00 0.00000000e+00 0.00000000e+00
 0.00000000e+00]
New op index: 7	$R_Y$[2]
Current grad: 3.836734693878008
[ 3.14159265  3.14159265  3.14159265  3.14159265 -3.14159265  3.14159265
  3.14159265 -1.57330954  3.14159265  3.14159265  3.14159265  3.14159265
  0.          1.57581015  3.14159265  3.14159265  3.14159265  3.14159265
  3.14159265  3.14159265  3.14159265  3.14159265  3.14159265  3.14159265
  3.14159265  3.14159265  3.14159265  3.14159265  3.14159265  3.14159265
  3.14159265  3.14159265  3.14159265  3.14159265  3.14159265  3.14159265
  3.14159265  3.14159265  3.14159265  3.14159265  3.14159265  3.14159265
  3.14159265  3.14159265  3.14159265] 
 [0.00000000e+00 0.00000000e+00 0.00000000e+00 0.00000000e+00
 0.00000000e+00 0.00000000e+00 0.00000000e+00 1.91123985e+00
 0.00000000e+00 0.00000000e+00 0.00000000e+00 0.00000000e+00
 1.07278639e-15 1.91107952e+00 0.00000000e+00 0.00000000e+00
 0.00000000e+00 0.00000000e+00 0.00000000e+00 0.00000000e+00
 0.00000000e+00 0.00000000e+00 0.00000000e+00 0.00000000e+00
 0.00000000e+00 0.00000000e+00 0.00000000e+00 0.00000000e+00
 0.00000000e+00 0.00000000e+00 0.00000000e+00 0.00000000e+00
 0.00000000e+00 0.00000000e+00 0.00000000e+00 0.00000000e+00
 0.00000000e+00 0.00000000e+00 0.00000000e+00 0.00000000e+00
 0.00000000e+00 0.00000000e+00 0.00000000e+00 0.00000000e+00
 0.00000000e+00]
New op index: 13	$R_Y$[4]
Current grad: 51.919576217818374
[ 3.14159265 -3.14158983  3.14159265  3.14159265 -3.14159265  3.14159265
  3.14159265 -3.14159265  3.14159265  3.14159265 -3.14159265  3.14159265
  3.14159265  1.57089082  3.14159265  3.14159265  3.14159265  3.14159265
  3.14159265  3.14159265  3.14159265  3.14159265  3.14159265  3.14159265
  3.14159265  3.14159265  3.14159265  3.14159265  3.14159265  3.14159265
  3.14159265  3.14159265  3.14159265  3.14159265  3.14159265  3.14159265
  3.14159265  3.14159265  3.14159265  3.14159265  3.14159265  3.14159265
  3.14159265  3.14159265  3.14159265] 
 [0.00000000e+00 7.65476571e-12 0.00000000e+00 0.00000000e+00
 0.00000000e+00 0.00000000e+00 0.00000000e+00 0.00000000e+00
 0.00000000e+00 0.00000000e+00 0.00000000e+00 0.00000000e+00
 0.00000000e+00 5.19146652e+01 0.00000000e+00 0.00000000e+00
 0.00000000e+00 0.00000000e+00 0.00000000e+00 0.00000000e+00
 0.00000000e+00 0.00000000e+00 0.00000000e+00 0.00000000e+00
 0.00000000e+00 0.00000000e+00 0.00000000e+00 0.00000000e+00
 0.00000000e+00 0.00000000e+00 0.00000000e+00 0.00000000e+00
 0.00000000e+00 0.00000000e+00 0.00000000e+00 0.00000000e+00
 0.00000000e+00 0.00000000e+00 0.00000000e+00 0.00000000e+00
 0.00000000e+00 0.00000000e+00 0.00000000e+00 0.00000000e+00
 0.00000000e+00]
New op index: 0	$R_X$[0]
Current grad: 1.33719852282023e-08
[ 3.14159265 -3.14159265  3.14159265  3.14159265 -3.14159265  3.14159265
  3.14159265  3.14159265  3.14159265  3.14159265 -3.14159265  3.14159265
  3.14159265  3.14159265  3.14159265  3.14159265 -3.14159265  3.14159265
  3.14159265  3.14159265  3.14159265  3.14159265 -3.14159265  3.14159265
  3.14159265  3.14159265  3.14159265  3.14159265  3.14159265  3.14159265
  3.14159265  3.14159265  3.14159265  3.14159265  3.14159265  3.14159265
  3.14159265  3.14159265  3.14159265  3.14159265  3.14159265  3.14159265
  3.14159265  3.14159265  3.14159265] 
 [0. 0. 0. 0. 0. 0. 0. 0. 0. 0. 0. 0. 0. 0. 0. 0. 0. 0. 0. 0. 0. 0. 0. 0.
 0. 0. 0. 0. 0. 0. 0. 0. 0. 0. 0. 0. 0. 0. 0. 0. 0. 0. 0. 0. 0.]
Precision cutoff reached.
Calculating energies for FreeWilson2D(N_x=2, N_y=2, mass=-5.673, r=1.000)
h_im: 0.0
New op index: 10	$R_Y$[3]
Current grad: 16.693877551020393
[ 3.14159265 -1.57079633  3.14159265  3.14159265  1.57079633  3.14159265
  3.14159265 -1.57079633  3.14159265  3.14159265  1.30501442  0.
  3.14159265  1.30501442  0.          3.14159265 -1.57079633  3.14159265
  3.14159265  1.57079633  3.14159265  3.14159265 -1.57079633  3.14159265
  3.14159265  3.14159265  3.14159265  3.14159265  3.14159265  3.14159265
  3.14159265  0.          0.          3.14159265  3.14159265  3.14159265
  3.14159265  0.          0.          3.14159265  3.14159265  3.14159265
  3.14159265  3.14159265  3.14159265] 
 [0.         1.83673469 0.         0.         2.33673469 0.
 0.         2.33673469 0.         0.         2.4035741  1.
 0.         2.4035741  1.         0.         2.33673469 0.
 0.         2.33673469 0.         0.         1.83673469 0.
 0.         0.         0.         0.         0.         0.
 0.         1.         1.         0.         0.         0.
 0.         1.         1.         0.         0.         0.
 0.         0.         0.        ]
New op index: 16	$R_Y$[5]
Current grad: 338.4335554312672
[ 3.14159265 -1.57079633  3.14159265  3.14159265 -1.57079633  3.14159265
  3.14159265 -1.57079633  3.14159265  3.14159265  3.14159265  3.14159265
  0.         -1.57365601  3.14159265  3.14159265 -1.57079633  3.14159265
  3.14159265 -1.57079633  0.          3.14159265 -1.57079633  3.14159265
  3.14159265  3.14159265  3.14159265  3.14159265  3.14159265  3.14159265
  3.14159265  3.14159265  3.14159265  3.14159265  3.14159265  0.
  0.          3.14159265  3.14159265  3.14159265  3.14159265  3.14159265
  3.14159265  3.14159265  3.14159265] 
 [0.00000000e+00 5.00811056e+01 0.00000000e+00 0.00000000e+00
 4.59076362e+01 0.00000000e+00 0.00000000e+00 4.99497737e+01
 0.00000000e+00 0.00000000e+00 0.00000000e+00 0.00000000e+00
 5.52619175e-15 4.57940484e+01 0.00000000e+00 0.00000000e+00
 5.05811056e+01 0.00000000e+00 0.00000000e+00 4.59076362e+01
 1.73472348e-18 0.00000000e+00 5.00811056e+01 0.00000000e+00
 0.00000000e+00 0.00000000e+00 0.00000000e+00 0.00000000e+00
 0.00000000e+00 0.00000000e+00 0.00000000e+00 0.00000000e+00
 0.00000000e+00 0.00000000e+00 0.00000000e+00 1.73472348e-18
 5.44018133e-15 0.00000000e+00 0.00000000e+00 0.00000000e+00
 0.00000000e+00 0.00000000e+00 0.00000000e+00 0.00000000e+00
 0.00000000e+00]
New op index: 4	$R_Y$[1]
Current grad: 11.515585552959728
[ 3.14159265 -1.57079633  3.14159265  3.14159265  1.57079633  3.14159265
  3.14159265 -1.57079633  3.14159265  3.14159265 -3.14159265  3.14159265
  3.14159265  1.83869789  3.14159265  3.14159265 -3.14159265  3.14159265
  3.14159265  1.83625768  3.14159265  0.         -1.57079633  0.
  3.14159265  3.14159265  3.14159265  3.14159265  3.14159265  3.14159265
  3.14159265  3.14159265  3.14159265  3.14159265  3.14159265  3.14159265
  3.14159265  3.14159265  3.14159265  3.14159265  3.14159265  3.14159265
  0.          3.14159265  3.14159265] 
 [0.00000000e+00 1.83440888e+00 0.00000000e+00 0.00000000e+00
 2.33906050e+00 0.00000000e+00 0.00000000e+00 1.82958627e+00
 0.00000000e+00 0.00000000e+00 0.00000000e+00 0.00000000e+00
 0.00000000e+00 1.40226664e+00 0.00000000e+00 0.00000000e+00
 0.00000000e+00 0.00000000e+00 0.00000000e+00 1.40581834e+00
 0.00000000e+00 5.19163745e-15 1.83440888e+00 5.06685085e-33
 0.00000000e+00 0.00000000e+00 0.00000000e+00 0.00000000e+00
 0.00000000e+00 0.00000000e+00 0.00000000e+00 0.00000000e+00
 0.00000000e+00 0.00000000e+00 0.00000000e+00 0.00000000e+00
 0.00000000e+00 0.00000000e+00 0.00000000e+00 0.00000000e+00
 0.00000000e+00 0.00000000e+00 4.35758959e-15 0.00000000e+00
 0.00000000e+00]
New op index: 22	$R_Y$[7]
Current grad: 243.05858922603662
[ 3.14159265 -1.5807798   3.14159265  3.14159265 -3.14159265  3.14159265
  3.14159265 -1.5807798   3.14159265  3.14159265  3.14159265  3.14159265
  0.         -1.58439954  3.14159265  3.14159265 -3.14159265  0.
  0.         -1.58157     3.14159265  3.14159265 -1.57079633  0.
  3.14159265  3.14159265  3.14159265  3.14159265  3.14159265  3.14159265
  3.14159265  3.14159265  3.14159265  3.14159265  3.14159265  3.14159265
  3.14159265  3.14159265  3.14159265  3.14159265  3.14159265  3.14159265
  3.14159265  3.14159265  3.14159265] 
 [0.00000000e+00 4.95836015e+01 0.00000000e+00 0.00000000e+00
 0.00000000e+00 0.00000000e+00 0.00000000e+00 4.95836015e+01
 0.00000000e+00 0.00000000e+00 0.00000000e+00 0.00000000e+00
 1.64975743e-15 4.57805985e+01 0.00000000e+00 0.00000000e+00
 0.00000000e+00 1.59852185e-32 1.44583891e-15 4.59103297e+01
 0.00000000e+00 0.00000000e+00 5.00811056e+01 1.96444854e-32
 0.00000000e+00 0.00000000e+00 0.00000000e+00 0.00000000e+00
 0.00000000e+00 0.00000000e+00 0.00000000e+00 0.00000000e+00
 0.00000000e+00 0.00000000e+00 0.00000000e+00 0.00000000e+00
 0.00000000e+00 0.00000000e+00 0.00000000e+00 0.00000000e+00
 0.00000000e+00 0.00000000e+00 0.00000000e+00 0.00000000e+00
 0.00000000e+00]
New op index: 19	$R_Y$[6]
Current grad: 7.346938775510267
[ 3.14159265 -1.83689953  3.14159265  3.14159265 -3.14159265  3.14159265
  3.14159265 -1.83689953  3.14159265  3.14159265  3.14159265  3.14159265
  3.14159265  1.83869789  3.14159265  3.14159265 -3.14159265  0.
  3.14159265  1.83625768  3.14159265  3.14159265 -3.14159265  0.
  3.14159265  3.14159265  3.14159265  3.14159265  3.14159265  3.14159265
  3.14159265  3.14159265  3.14159265  3.14159265  3.14159265  3.14159265
  3.14159265  3.14159265  3.14159265  3.14159265  3.14159265  3.14159265
  3.14159265  3.14159265  3.14159265] 
 [0.00000000e+00 1.40133005e+00 0.00000000e+00 0.00000000e+00
 0.00000000e+00 0.00000000e+00 0.00000000e+00 1.40133005e+00
 0.00000000e+00 0.00000000e+00 0.00000000e+00 0.00000000e+00
 0.00000000e+00 1.40226664e+00 0.00000000e+00 0.00000000e+00
 0.00000000e+00 1.98649141e-33 0.00000000e+00 1.40581834e+00
 0.00000000e+00 0.00000000e+00 0.00000000e+00 1.25218191e-47
 0.00000000e+00 0.00000000e+00 0.00000000e+00 0.00000000e+00
 0.00000000e+00 0.00000000e+00 0.00000000e+00 0.00000000e+00
 0.00000000e+00 0.00000000e+00 0.00000000e+00 0.00000000e+00
 0.00000000e+00 0.00000000e+00 0.00000000e+00 0.00000000e+00
 0.00000000e+00 0.00000000e+00 0.00000000e+00 0.00000000e+00
 0.00000000e+00]
New op index: 1	$R_Y$[0]
Current grad: 146.7594030688761
[ 3.14159265 -1.58076722  3.14159265  3.14159265  3.14159265  3.14159265
  3.14159265 -1.58076722  3.14159265  3.14159265  3.14158087  3.14159265
  3.14159265 -1.57473859  3.14159265  3.14159265  3.14159265  3.14159265
  3.14159265  3.14159265  3.14159265  3.14159265  3.14159265  3.14159265
  3.14159265  3.14159265  3.14159265  3.14159265  3.14159265  3.14159265
  3.14159265  3.14159265  3.14159265  3.14159265  3.14159265  3.14159265
  3.14159265  3.14159265  3.14159265  3.14159265  3.14159265  3.14159265
  3.14159265  3.14159265  3.14159265] 
 [0.00000000e+00 4.96467728e+01 0.00000000e+00 0.00000000e+00
 0.00000000e+00 0.00000000e+00 0.00000000e+00 4.96467728e+01
 0.00000000e+00 0.00000000e+00 1.89470217e-10 0.00000000e+00
 0.00000000e+00 4.62879707e+01 0.00000000e+00 0.00000000e+00
 0.00000000e+00 0.00000000e+00 0.00000000e+00 0.00000000e+00
 0.00000000e+00 0.00000000e+00 0.00000000e+00 0.00000000e+00
 0.00000000e+00 0.00000000e+00 0.00000000e+00 0.00000000e+00
 0.00000000e+00 0.00000000e+00 0.00000000e+00 0.00000000e+00
 0.00000000e+00 0.00000000e+00 0.00000000e+00 0.00000000e+00
 0.00000000e+00 0.00000000e+00 0.00000000e+00 0.00000000e+00
 0.00000000e+00 0.00000000e+00 0.00000000e+00 0.00000000e+00
 0.00000000e+00]
New op index: 7	$R_Y$[2]
Current grad: 3.6734693877560023
[ 3.14159265  3.14159265  3.14159265  3.14159265  3.14159265  3.14159265
  3.14159265 -1.57342553  3.14159265  3.14159265  3.14159265  3.14159265
  0.          1.57604093  3.14159265  3.14159265 -3.14159265  0.
  3.14159265  3.14159265  3.14159265  3.14159265  3.14159265  0.
  3.14159265  3.14159265  3.14159265  3.14159265  3.14159265  3.14159265
  3.14159265  3.14159265  3.14159265  3.14159265  3.14159265  3.14159265
  3.14159265  3.14159265  3.14159265  3.14159265  3.14159265  3.14159265
  3.14159265  3.14159265  3.14159265] 
 [0.00000000e+00 0.00000000e+00 0.00000000e+00 0.00000000e+00
 0.00000000e+00 0.00000000e+00 0.00000000e+00 1.82959260e+00
 0.00000000e+00 0.00000000e+00 0.00000000e+00 0.00000000e+00
 2.66380270e-15 1.82944016e+00 0.00000000e+00 0.00000000e+00
 0.00000000e+00 4.65724963e-33 0.00000000e+00 0.00000000e+00
 0.00000000e+00 0.00000000e+00 0.00000000e+00 6.04928018e-33
 0.00000000e+00 0.00000000e+00 0.00000000e+00 0.00000000e+00
 0.00000000e+00 0.00000000e+00 0.00000000e+00 0.00000000e+00
 0.00000000e+00 0.00000000e+00 0.00000000e+00 0.00000000e+00
 0.00000000e+00 0.00000000e+00 0.00000000e+00 0.00000000e+00
 0.00000000e+00 0.00000000e+00 0.00000000e+00 0.00000000e+00
 0.00000000e+00]
New op index: 13	$R_Y$[4]
Current grad: 51.837946777738665
[ 3.14159265 -3.141589    3.14159265  3.14159265 -3.14159265  3.14159265
  3.14159265 -3.14159265  3.14159265  3.14159265 -3.14159265  3.14159265
  3.14159265  1.57089104  3.14159265  3.14159265 -3.14159265  3.14159265
  3.14159265  3.14159265  3.14159265  3.14159265 -3.14159265  3.14159265
  3.14159265  3.14159265  3.14159265  3.14159265  3.14159265  3.14159265
  3.14159265  3.14159265  3.14159265  3.14159265  3.14159265  3.14159265
  3.14159265  3.14159265  3.14159265  3.14159265  3.14159265  3.14159265
  3.14159265  3.14159265  3.14159265] 
 [0.00000000e+00 1.22295507e-11 0.00000000e+00 0.00000000e+00
 0.00000000e+00 0.00000000e+00 0.00000000e+00 0.00000000e+00
 0.00000000e+00 0.00000000e+00 0.00000000e+00 0.00000000e+00
 0.00000000e+00 5.18330305e+01 0.00000000e+00 0.00000000e+00
 0.00000000e+00 0.00000000e+00 0.00000000e+00 0.00000000e+00
 0.00000000e+00 0.00000000e+00 0.00000000e+00 0.00000000e+00
 0.00000000e+00 0.00000000e+00 0.00000000e+00 0.00000000e+00
 0.00000000e+00 0.00000000e+00 0.00000000e+00 0.00000000e+00
 0.00000000e+00 0.00000000e+00 0.00000000e+00 0.00000000e+00
 0.00000000e+00 0.00000000e+00 0.00000000e+00 0.00000000e+00
 0.00000000e+00 0.00000000e+00 0.00000000e+00 0.00000000e+00
 0.00000000e+00]
New op index: 0	$R_X$[0]
Current grad: 1.346097851107096e-08
[ 3.14159265 -3.14159265  3.14159265  3.14159265 -3.14159265  3.14159265
  3.14159265 -3.14159265  3.14159265  3.14159265 -3.14159265  3.14159265
  3.14159265  3.14159265  3.14159265  3.14159265 -3.14159265  3.14159265
  3.14159265  3.14159265  3.14159265  3.14159265 -3.14159265  3.14159265
  3.14159265  3.14159265  3.14159265  3.14159265  3.14159265  3.14159265
  3.14159265  3.14159265  3.14159265  3.14159265  3.14159265  3.14159265
  3.14159265  3.14159265  3.14159265  3.14159265  3.14159265  3.14159265
  3.14159265  3.14159265  3.14159265] 
 [0. 0. 0. 0. 0. 0. 0. 0. 0. 0. 0. 0. 0. 0. 0. 0. 0. 0. 0. 0. 0. 0. 0. 0.
 0. 0. 0. 0. 0. 0. 0. 0. 0. 0. 0. 0. 0. 0. 0. 0. 0. 0. 0. 0. 0.]
Precision cutoff reached.
Calculating energies for FreeWilson2D(N_x=2, N_y=2, mass=-5.510, r=1.000)
h_im: 0.0
New op index: 10	$R_Y$[3]
Current grad: 16.040816326530596
[ 3.14159265 -1.57079633  3.14159265  3.14159265  1.57079633  3.14159265
  3.14159265 -1.57079633  3.14159265  3.14159265  1.29326472  0.
  3.14159265  1.29326472  0.          3.14159265 -1.57079633  3.14159265
  3.14159265  1.57079633  3.14159265  3.14159265 -1.57079633  3.14159265
  3.14159265  3.14159265  3.14159265  3.14159265  3.14159265  3.14159265
  3.14159265  0.          0.          3.14159265  3.14159265  3.14159265
  3.14159265  0.          0.          3.14159265  3.14159265  3.14159265
  3.14159265  3.14159265  3.14159265] 
 [0.         1.75510204 0.         0.         2.25510204 0.
 0.         2.25510204 0.         0.         2.32493375 1.
 0.         2.32493375 1.         0.         2.25510204 0.
 0.         2.25510204 0.         0.         1.75510204 0.
 0.         0.         0.         0.         0.         0.
 0.         1.         1.         0.         0.         0.
 0.         1.         1.         0.         0.         0.
 0.         0.         0.        ]
New op index: 16	$R_Y$[5]
Current grad: 337.24437559212294
[ 3.14159265 -1.57079633  3.14159265  3.14159265 -1.57079633  3.14159265
  3.14159265 -1.57079633  0.          3.14159265 -3.14159265  3.14159265
  0.         -1.57378408  3.14159265  0.         -1.57079633  0.
  3.14159265 -1.57079633  3.14159265  3.14159265 -1.57079633  3.14159265
  3.14159265  3.14159265  3.14159265  3.14159265  0.          0.
  3.14159265  3.14159265  3.14159265  3.14159265  3.14159265  3.14159265
  0.          3.14159265  3.14159265  0.          0.          3.14159265
  3.14159265  3.14159265  3.14159265] 
 [0.00000000e+00 4.98418352e+01 0.00000000e+00 0.00000000e+00
 4.58316311e+01 0.00000000e+00 0.00000000e+00 4.97048439e+01
 2.25514052e-17 0.00000000e+00 0.00000000e+00 0.00000000e+00
 6.76896181e-16 4.57139772e+01 0.00000000e+00 3.40823600e-15
 5.03418352e+01 1.90819582e-17 0.00000000e+00 4.58316311e+01
 0.00000000e+00 0.00000000e+00 4.98418352e+01 0.00000000e+00
 0.00000000e+00 0.00000000e+00 0.00000000e+00 0.00000000e+00
 2.25514052e-17 2.25514052e-17 0.00000000e+00 0.00000000e+00
 0.00000000e+00 0.00000000e+00 0.00000000e+00 0.00000000e+00
 2.89511187e-15 0.00000000e+00 0.00000000e+00 1.56125113e-15
 1.55604696e-15 0.00000000e+00 0.00000000e+00 0.00000000e+00
 0.00000000e+00]
New op index: 4	$R_Y$[1]
Current grad: 11.025782028660968
[ 3.14159265 -1.57079633  3.14159265  3.14159265  1.57079633  3.14159265
  3.14159265 -1.57079633  0.          3.14159265  3.14159265  3.14159265
  0.          1.85051888  3.14159265  3.14159265  3.14159265  3.14159265
  3.14159265  1.84797808  3.14159265  0.         -1.57079633  3.14159265
  3.14159265  3.14159265  3.14159265  3.14159265  0.          0.
  3.14159265  3.14159265  3.14159265  3.14159265  3.14159265  3.14159265
  3.14159265  3.14159265  3.14159265  3.14159265  3.14159265  3.14159265
  3.14159265  3.14159265  3.14159265] 
 [0.00000000e+00 1.75276889e+00 0.00000000e+00 0.00000000e+00
 2.25743519e+00 0.00000000e+00 0.00000000e+00 1.74793867e+00
 1.52509577e-32 0.00000000e+00 0.00000000e+00 0.00000000e+00
 5.18287493e-15 1.32367519e+00 0.00000000e+00 0.00000000e+00
 0.00000000e+00 0.00000000e+00 0.00000000e+00 1.32717773e+00
 0.00000000e+00 2.41391062e-15 1.75276889e+00 0.00000000e+00
 0.00000000e+00 0.00000000e+00 0.00000000e+00 0.00000000e+00
 1.52509577e-32 1.52509577e-32 0.00000000e+00 0.00000000e+00
 0.00000000e+00 0.00000000e+00 0.00000000e+00 0.00000000e+00
 0.00000000e+00 0.00000000e+00 0.00000000e+00 0.00000000e+00
 0.00000000e+00 0.00000000e+00 0.00000000e+00 0.00000000e+00
 0.00000000e+00]
New op index: 22	$R_Y$[7]
Current grad: 242.18876786772796
[ 3.14159265 -1.58082772  3.14159265  3.14159265 -3.14159265  3.14159265
  3.14159265 -1.58082772  3.14159265  3.14159265  3.14159265  3.14159265
  0.         -1.58454398  3.14159265  3.14159265 -3.14159265  0.
  3.14159265 -1.58158767  3.14159265  3.14159265 -1.57079633  0.
  3.14159265  3.14159265  3.14159265  3.14159265  3.14159265  3.14159265
  3.14159265  3.14159265  3.14159265  3.14159265  3.14159265  3.14159265
  3.14159265  3.14159265  3.14159265  3.14159265  3.14159265  3.14159265
  3.14159265  3.14159265  3.14159265] 
 [0.00000000e+00 4.93443431e+01 0.00000000e+00 0.00000000e+00
 0.00000000e+00 0.00000000e+00 0.00000000e+00 4.93443431e+01
 0.00000000e+00 0.00000000e+00 0.00000000e+00 0.00000000e+00
 6.27083065e-15 4.56990185e+01 0.00000000e+00 0.00000000e+00
 0.00000000e+00 8.47409176e-33 0.00000000e+00 4.58343290e+01
 0.00000000e+00 0.00000000e+00 4.98418352e+01 1.69481835e-32
 0.00000000e+00 0.00000000e+00 0.00000000e+00 0.00000000e+00
 0.00000000e+00 0.00000000e+00 0.00000000e+00 0.00000000e+00
 0.00000000e+00 0.00000000e+00 0.00000000e+00 0.00000000e+00
 0.00000000e+00 0.00000000e+00 0.00000000e+00 0.00000000e+00
 0.00000000e+00 0.00000000e+00 0.00000000e+00 0.00000000e+00
 0.00000000e+00]
New op index: 19	$R_Y$[6]
Current grad: 7.020408163265392
[ 3.14159265 -1.84867865  3.14159265  3.14159265 -3.14159265  3.14159265
  3.14159265 -1.84867865  3.14159265  3.14159265  3.14159265  3.14159265
  0.          1.85051888  3.14159265  3.14159265  3.14159265  0.
  3.14159265  1.84797808  3.14159265  3.14159265 -3.14159265  0.
  3.14159265  3.14159265  3.14159265  3.14159265  3.14159265  3.14159265
  3.14159265  3.14159265  3.14159265  3.14159265  3.14159265  3.14159265
  3.14159265  3.14159265  3.14159265  3.14159265  3.14159265  3.14159265
  3.14159265  3.14159265  3.14159265] 
 [0.00000000e+00 1.32268998e+00 0.00000000e+00 0.00000000e+00
 0.00000000e+00 0.00000000e+00 0.00000000e+00 1.32268998e+00
 0.00000000e+00 0.00000000e+00 0.00000000e+00 0.00000000e+00
 7.03521929e-15 1.32367519e+00 0.00000000e+00 0.00000000e+00
 0.00000000e+00 3.61713718e-33 0.00000000e+00 1.32717773e+00
 0.00000000e+00 0.00000000e+00 0.00000000e+00 1.82249144e-47
 0.00000000e+00 0.00000000e+00 0.00000000e+00 0.00000000e+00
 0.00000000e+00 0.00000000e+00 0.00000000e+00 0.00000000e+00
 0.00000000e+00 0.00000000e+00 0.00000000e+00 0.00000000e+00
 0.00000000e+00 0.00000000e+00 0.00000000e+00 0.00000000e+00
 0.00000000e+00 0.00000000e+00 0.00000000e+00 0.00000000e+00
 0.00000000e+00]
New op index: 1	$R_Y$[0]
Current grad: 146.48845822354858
[ 3.14159265 -1.58079609  3.14159265  3.14159265  3.14159265  3.14159265
  3.14159265 -1.58079609  3.14159265  3.14159265  3.14156293  3.14159265
  0.         -1.57480919  3.14159265  3.14159265 -3.14159265  3.14159265
  3.14159265 -3.14159265  3.14159265  3.14159265 -3.14159265  3.14159265
  3.14159265  3.14159265  3.14159265  3.14159265  3.14159265  3.14159265
  3.14159265  3.14159265  3.14159265  3.14159265  3.14159265  3.14159265
  3.14159265  3.14159265  3.14159265  3.14159265  3.14159265  3.14159265
  3.14159265  3.14159265  3.14159265] 
 [0.00000000e+00 4.95020275e+01 0.00000000e+00 0.00000000e+00
 0.00000000e+00 0.00000000e+00 0.00000000e+00 4.95020275e+01
 0.00000000e+00 0.00000000e+00 1.18442012e-09 0.00000000e+00
 1.54687439e-15 4.63031414e+01 0.00000000e+00 0.00000000e+00
 0.00000000e+00 0.00000000e+00 0.00000000e+00 0.00000000e+00
 0.00000000e+00 0.00000000e+00 0.00000000e+00 0.00000000e+00
 0.00000000e+00 0.00000000e+00 0.00000000e+00 0.00000000e+00
 0.00000000e+00 0.00000000e+00 0.00000000e+00 0.00000000e+00
 0.00000000e+00 0.00000000e+00 0.00000000e+00 0.00000000e+00
 0.00000000e+00 0.00000000e+00 0.00000000e+00 0.00000000e+00
 0.00000000e+00 0.00000000e+00 0.00000000e+00 0.00000000e+00
 0.00000000e+00]
New op index: 7	$R_Y$[2]
Current grad: 3.5102040816329563
[ 3.14159265  3.14159265  3.14159265  3.14159265  3.14159265  3.14159265
  3.14159265 -1.57355233  3.14159265  3.14159265  3.14159265  3.14159265
  0.          1.57629317  3.14159265  3.14159265 -3.14159265  3.14159265
  3.14159265  3.14159265  3.14159265  3.14159265 -3.14159265  3.14159265
  3.14159265  3.14159265  3.14159265  3.14159265  3.14159265  3.14159265
  3.14159265  3.14159265  3.14159265  3.14159265  3.14159265  3.14159265
  3.14159265  3.14159265  3.14159265  3.14159265  3.14159265  3.14159265
  3.14159265  3.14159265  3.14159265] 
 [0.00000000e+00 0.00000000e+00 0.00000000e+00 0.00000000e+00
 0.00000000e+00 0.00000000e+00 0.00000000e+00 1.74794531e+00
 0.00000000e+00 0.00000000e+00 0.00000000e+00 0.00000000e+00
 3.09520417e-16 1.74780089e+00 0.00000000e+00 0.00000000e+00
 0.00000000e+00 0.00000000e+00 0.00000000e+00 0.00000000e+00
 0.00000000e+00 0.00000000e+00 0.00000000e+00 0.00000000e+00
 0.00000000e+00 0.00000000e+00 0.00000000e+00 0.00000000e+00
 0.00000000e+00 0.00000000e+00 0.00000000e+00 0.00000000e+00
 0.00000000e+00 0.00000000e+00 0.00000000e+00 0.00000000e+00
 0.00000000e+00 0.00000000e+00 0.00000000e+00 0.00000000e+00
 0.00000000e+00 0.00000000e+00 0.00000000e+00 0.00000000e+00
 0.00000000e+00]
New op index: 13	$R_Y$[4]
Current grad: 51.756317720042404
[ 3.14159265 -3.14158789  3.14159265  3.14159265 -3.14159265  3.14159265
  3.14159265 -3.14159265  3.14159265  3.14159265 -3.14159265  3.14159265
  0.          1.57089127  3.14159265  3.14159265  3.14159265  0.
  3.14159265  3.14159265  3.14159265  3.14159265 -3.14159265  0.
  3.14159265  3.14159265  3.14159265  3.14159265  3.14159265  3.14159265
  3.14159265  3.14159265  3.14159265  3.14159265  3.14159265  3.14159265
  3.14159265  3.14159265  3.14159265  3.14159265  3.14159265  3.14159265
  3.14159265  3.14159265  3.14159265] 
 [0.00000000e+00 1.99282812e-11 0.00000000e+00 0.00000000e+00
 0.00000000e+00 0.00000000e+00 0.00000000e+00 0.00000000e+00
 0.00000000e+00 0.00000000e+00 0.00000000e+00 0.00000000e+00
 2.66096988e-15 5.17513959e+01 0.00000000e+00 0.00000000e+00
 0.00000000e+00 9.35802457e-29 0.00000000e+00 0.00000000e+00
 0.00000000e+00 0.00000000e+00 0.00000000e+00 9.35802433e-29
 0.00000000e+00 0.00000000e+00 0.00000000e+00 0.00000000e+00
 0.00000000e+00 0.00000000e+00 0.00000000e+00 0.00000000e+00
 0.00000000e+00 0.00000000e+00 0.00000000e+00 0.00000000e+00
 0.00000000e+00 0.00000000e+00 0.00000000e+00 0.00000000e+00
 0.00000000e+00 0.00000000e+00 0.00000000e+00 0.00000000e+00
 0.00000000e+00]
New op index: 0	$R_X$[0]
Current grad: 1.35574243454416e-08
[ 3.14159265 -3.14159265  3.14159265  3.14159265 -3.14159265  3.14159265
  3.14159265  3.14159265  3.14159265  3.14159265 -3.14159265  3.14159265
  3.14159265  3.14159265  3.14159265  3.14159265 -3.14159265  3.14159265
  3.14159265  3.14159265  3.14159265  3.14159265 -3.14159265  3.14159265
  3.14159265  3.14159265  3.14159265  3.14159265  3.14159265  3.14159265
  3.14159265  3.14159265  3.14159265  3.14159265  3.14159265  3.14159265
  3.14159265  3.14159265  3.14159265  3.14159265  3.14159265  3.14159265
  3.14159265  3.14159265  3.14159265] 
 [0. 0. 0. 0. 0. 0. 0. 0. 0. 0. 0. 0. 0. 0. 0. 0. 0. 0. 0. 0. 0. 0. 0. 0.
 0. 0. 0. 0. 0. 0. 0. 0. 0. 0. 0. 0. 0. 0. 0. 0. 0. 0. 0. 0. 0.]
Precision cutoff reached.
Calculating energies for FreeWilson2D(N_x=2, N_y=2, mass=-5.347, r=1.000)
h_im: 0.0
New op index: 10	$R_Y$[3]
Current grad: 15.387755102040801
[ 3.14159265 -1.57079633  3.14159265  3.14159265  1.57079633  3.14159265
  3.14159265 -1.57079633  3.14159265  3.14159265  1.28045873  0.
  3.14159265  1.28045873  0.          3.14159265 -1.57079633  3.14159265
  3.14159265  1.57079633  3.14159265  3.14159265 -1.57079633  3.14159265
  3.14159265  3.14159265  3.14159265  3.14159265  3.14159265  3.14159265
  3.14159265  0.          0.          3.14159265  3.14159265  3.14159265
  3.14159265  0.          0.          3.14159265  3.14159265  3.14159265
  3.14159265  3.14159265  3.14159265] 
 [0.         1.67346939 0.         0.         2.17346939 0.
 0.         2.17346939 0.         0.         2.246568   1.
 0.         2.246568   1.         0.         2.17346939 0.
 0.         2.17346939 0.         0.         1.67346939 0.
 0.         0.         0.         0.         0.         0.
 0.         1.         1.         0.         0.         0.
 0.         1.         1.         0.         0.         0.
 0.         0.         0.        ]
New op index: 16	$R_Y$[5]
Current grad: 335.9028070157675
[ 3.14159265 -1.57079633  3.14159265  3.14159265 -1.57079633  3.14159265
  3.14159265 -1.57079633  3.14159265  3.14159265  3.14159265  3.14159265
  0.         -1.57392468  3.14159265  3.14159265 -1.57079633  3.14159265
  0.         -1.57079633  3.14159265  0.         -1.57079633  0.
  3.14159265  3.14159265  3.14159265  3.14159265  3.14159265  3.14159265
  3.14159265  3.14159265  3.14159265  3.14159265  3.14159265  3.14159265
  0.          3.14159265  3.14159265  3.14159265  3.14159265  3.14159265
  0.          0.          3.14159265] 
 [0.00000000e+00 4.95808335e+01 0.00000000e+00 0.00000000e+00
 4.57338948e+01 0.00000000e+00 0.00000000e+00 4.94376957e+01
 0.00000000e+00 0.00000000e+00 0.00000000e+00 0.00000000e+00
 1.53958479e-15 4.56119072e+01 0.00000000e+00 0.00000000e+00
 5.00808335e+01 0.00000000e+00 1.80428943e-16 4.57338948e+01
 0.00000000e+00 1.71719923e-16 4.95808335e+01 5.20417043e-18
 0.00000000e+00 0.00000000e+00 0.00000000e+00 0.00000000e+00
 0.00000000e+00 0.00000000e+00 0.00000000e+00 0.00000000e+00
 0.00000000e+00 0.00000000e+00 0.00000000e+00 0.00000000e+00
 1.20979261e-15 0.00000000e+00 0.00000000e+00 0.00000000e+00
 0.00000000e+00 0.00000000e+00 8.67361738e-17 3.12250226e-17
 0.00000000e+00]
New op index: 4	$R_Y$[1]
Current grad: 10.535978480334137
[ 3.14159265 -1.57079633  3.14159265  3.14159265  1.57079633  3.14159265
  3.14159265 -1.57079633  3.14159265  3.14159265  3.14159265  3.14159265
  0.          1.86339957  3.14159265  3.14159265 -3.14159265  0.
  0.          1.86075079  3.14159265  3.14159265 -1.57079633  0.
  3.14159265  3.14159265  3.14159265  3.14159265  3.14159265  3.14159265
  3.14159265  3.14159265  3.14159265  3.14159265  3.14159265  3.14159265
  3.14159265  3.14159265  3.14159265  3.14159265  3.14159265  3.14159265
  0.          3.14159265  3.14159265] 
 [0.00000000e+00 1.67112886e+00 0.00000000e+00 0.00000000e+00
 2.17580992e+00 0.00000000e+00 0.00000000e+00 1.66629101e+00
 0.00000000e+00 0.00000000e+00 0.00000000e+00 0.00000000e+00
 3.82368158e-15 1.24536218e+00 0.00000000e+00 0.00000000e+00
 0.00000000e+00 7.01369519e-32 2.52879901e-15 1.24881070e+00
 0.00000000e+00 0.00000000e+00 1.67112886e+00 1.40273904e-31
 0.00000000e+00 0.00000000e+00 0.00000000e+00 0.00000000e+00
 0.00000000e+00 0.00000000e+00 0.00000000e+00 0.00000000e+00
 0.00000000e+00 0.00000000e+00 0.00000000e+00 0.00000000e+00
 0.00000000e+00 0.00000000e+00 0.00000000e+00 0.00000000e+00
 0.00000000e+00 0.00000000e+00 3.42406080e-15 0.00000000e+00
 0.00000000e+00]
New op index: 22	$R_Y$[7]
Current grad: 241.2102901920097
[ 3.14159265 -1.58088053  3.14159265  3.14159265  3.14159265  3.14159265
  3.14159265 -1.58088053  3.14159265  3.14159265  3.14159265  3.14159265
  3.14159265 -1.58470596  3.14159265  3.14159265 -3.14159265  3.14159265
  0.         -1.58161048  3.14159265  0.         -1.57079633  3.14159265
  3.14159265  3.14159265  3.14159265  3.14159265  3.14159265  3.14159265
  3.14159265  3.14159265  3.14159265  3.14159265  3.14159265  3.14159265
  3.14159265  3.14159265  3.14159265  3.14159265  3.14159265  3.14159265
  0.          3.14159265  3.14159265] 
 [0.00000000e+00 4.90833546e+01 0.00000000e+00 0.00000000e+00
 0.00000000e+00 0.00000000e+00 0.00000000e+00 4.90833546e+01
 0.00000000e+00 0.00000000e+00 0.00000000e+00 0.00000000e+00
 0.00000000e+00 4.55952299e+01 0.00000000e+00 0.00000000e+00
 0.00000000e+00 0.00000000e+00 2.46720161e-16 4.57365983e+01
 0.00000000e+00 8.85615277e-15 4.95808335e+01 0.00000000e+00
 0.00000000e+00 0.00000000e+00 0.00000000e+00 0.00000000e+00
 0.00000000e+00 0.00000000e+00 0.00000000e+00 0.00000000e+00
 0.00000000e+00 0.00000000e+00 0.00000000e+00 0.00000000e+00
 0.00000000e+00 0.00000000e+00 0.00000000e+00 0.00000000e+00
 0.00000000e+00 0.00000000e+00 9.27634528e-15 0.00000000e+00
 0.00000000e+00]
New op index: 19	$R_Y$[6]
Current grad: 6.693877551020773
[ 3.14159265 -1.86151805  3.14159265  3.14159265 -3.14159265  3.14159265
  3.14159265 -1.86151805  3.14159265  3.14159265  3.14159265  3.14159265
  3.14159265  1.86339957  3.14159265  3.14159265  3.14159265  0.
  3.14159265  1.86075079  3.14159265  3.14159265  3.14159265  3.14159265
  3.14159265  3.14159265  3.14159265  3.14159265  3.14159265  3.14159265
  3.14159265  3.14159265  3.14159265  3.14159265  3.14159265  3.14159265
  3.14159265  3.14159265  3.14159265  3.14159265  3.14159265  3.14159265
  3.14159265  3.14159265  3.14159265] 
 [0.00000000e+00 1.24432556e+00 0.00000000e+00 0.00000000e+00
 0.00000000e+00 0.00000000e+00 0.00000000e+00 1.24432556e+00
 0.00000000e+00 0.00000000e+00 0.00000000e+00 0.00000000e+00
 0.00000000e+00 1.24536218e+00 0.00000000e+00 0.00000000e+00
 0.00000000e+00 7.15099293e-32 0.00000000e+00 1.24881070e+00
 0.00000000e+00 0.00000000e+00 0.00000000e+00 0.00000000e+00
 0.00000000e+00 0.00000000e+00 0.00000000e+00 0.00000000e+00
 0.00000000e+00 0.00000000e+00 0.00000000e+00 0.00000000e+00
 0.00000000e+00 0.00000000e+00 0.00000000e+00 0.00000000e+00
 0.00000000e+00 0.00000000e+00 0.00000000e+00 0.00000000e+00
 0.00000000e+00 0.00000000e+00 0.00000000e+00 0.00000000e+00
 0.00000000e+00]
New op index: 1	$R_Y$[0]
Current grad: 146.21053226345538
[ 3.14159265 -1.58082558  3.14159265  3.14159265 -3.14159265  3.14159265
  3.14159265 -1.58082558  3.14159265  3.14159265  3.14157646  3.14159265
  0.         -1.57488117  3.14159265  3.14159265 -3.14159265  3.14159265
  3.14159265  3.14159265  3.14159265  3.14159265  3.14159265  0.
  3.14159265  3.14159265  3.14159265  3.14159265  3.14159265  3.14159265
  3.14159265  3.14159265  3.14159265  3.14159265  3.14159265  3.14159265
  3.14159265  3.14159265  3.14159265  3.14159265  3.14159265  3.14159265
  3.14159265  3.14159265  3.14159265] 
 [0.00000000e+00 4.93549835e+01 0.00000000e+00 0.00000000e+00
 0.00000000e+00 0.00000000e+00 0.00000000e+00 4.93549835e+01
 0.00000000e+00 0.00000000e+00 3.45253159e-10 0.00000000e+00
 1.58844469e-16 4.63159562e+01 0.00000000e+00 0.00000000e+00
 0.00000000e+00 0.00000000e+00 0.00000000e+00 0.00000000e+00
 0.00000000e+00 0.00000000e+00 0.00000000e+00 2.17585696e-34
 0.00000000e+00 0.00000000e+00 0.00000000e+00 0.00000000e+00
 0.00000000e+00 0.00000000e+00 0.00000000e+00 0.00000000e+00
 0.00000000e+00 0.00000000e+00 0.00000000e+00 0.00000000e+00
 0.00000000e+00 0.00000000e+00 0.00000000e+00 0.00000000e+00
 0.00000000e+00 0.00000000e+00 0.00000000e+00 0.00000000e+00
 0.00000000e+00]
New op index: 7	$R_Y$[2]
Current grad: 3.3469387755106306
[ 3.14159265 -3.14159265  3.14159265  3.14159265  3.14159265  3.14159265
  3.14159265 -1.57369154  3.14159265  3.14159265 -3.14159265  3.14159265
  0.          1.57657001  3.14159265  3.14159265 -3.14159265  3.14159265
  3.14159265  3.14159265  3.14159265  3.14159265 -3.14159265  3.14159265
  3.14159265  3.14159265  3.14159265  3.14159265  3.14159265  3.14159265
  3.14159265  3.14159265  3.14159265  3.14159265  3.14159265  3.14159265
  3.14159265  3.14159265  3.14159265  3.14159265  3.14159265  3.14159265
  3.14159265  3.14159265  3.14159265] 
 [0.00000000e+00 0.00000000e+00 0.00000000e+00 0.00000000e+00
 0.00000000e+00 0.00000000e+00 0.00000000e+00 1.66629800e+00
 0.00000000e+00 0.00000000e+00 0.00000000e+00 0.00000000e+00
 2.91622101e-15 1.66616173e+00 0.00000000e+00 0.00000000e+00
 0.00000000e+00 0.00000000e+00 0.00000000e+00 0.00000000e+00
 0.00000000e+00 0.00000000e+00 0.00000000e+00 0.00000000e+00
 0.00000000e+00 0.00000000e+00 0.00000000e+00 0.00000000e+00
 0.00000000e+00 0.00000000e+00 0.00000000e+00 0.00000000e+00
 0.00000000e+00 0.00000000e+00 0.00000000e+00 0.00000000e+00
 0.00000000e+00 0.00000000e+00 0.00000000e+00 0.00000000e+00
 0.00000000e+00 0.00000000e+00 0.00000000e+00 0.00000000e+00
 0.00000000e+00]
New op index: 13	$R_Y$[4]
Current grad: 51.67468917930029
[ 3.14159265 -3.14158635  3.14159265  3.14159265 -3.14159265  3.14159265
  3.14159265 -3.14159265  3.14159265  3.14159265 -3.14159265  3.14159265
  3.14159265  1.57089149  3.14159265  3.14159265 -3.14159265  3.14159265
  3.14159265  3.14159265  3.14159265  3.14159265  3.14159265  3.14159265
  3.14159265  3.14159265  3.14159265  3.14159265  3.14159265  3.14159265
  3.14159265  3.14159265  3.14159265  3.14159265  3.14159265  3.14159265
  3.14159265  3.14159265  3.14159265  3.14159265  3.14159265  3.14159265
  3.14159265  3.14159265  3.14159265] 
 [0.00000000e+00 3.31765726e-11 0.00000000e+00 0.00000000e+00
 0.00000000e+00 0.00000000e+00 0.00000000e+00 0.00000000e+00
 0.00000000e+00 0.00000000e+00 0.00000000e+00 0.00000000e+00
 0.00000000e+00 5.16697612e+01 0.00000000e+00 0.00000000e+00
 0.00000000e+00 0.00000000e+00 0.00000000e+00 0.00000000e+00
 0.00000000e+00 0.00000000e+00 0.00000000e+00 0.00000000e+00
 0.00000000e+00 0.00000000e+00 0.00000000e+00 0.00000000e+00
 0.00000000e+00 0.00000000e+00 0.00000000e+00 0.00000000e+00
 0.00000000e+00 0.00000000e+00 0.00000000e+00 0.00000000e+00
 0.00000000e+00 0.00000000e+00 0.00000000e+00 0.00000000e+00
 0.00000000e+00 0.00000000e+00 0.00000000e+00 0.00000000e+00
 0.00000000e+00]
New op index: 0	$R_X$[0]
Current grad: 1.3664213101404355e-08
[ 3.14159265 -3.14159265  3.14159265  3.14159265 -3.14159265  3.14159265
  3.14159265 -3.14159265  3.14159265  3.14159265 -3.14159265  3.14159265
  3.14159265  3.14159265  3.14159265  3.14159265 -3.14159265  3.14159265
  3.14159265  3.14159265  3.14159265  3.14159265 -3.14159265  3.14159265
  3.14159265  3.14159265  3.14159265  3.14159265  3.14159265  3.14159265
  3.14159265  3.14159265  3.14159265  3.14159265  3.14159265  3.14159265
  3.14159265  3.14159265  3.14159265  3.14159265  3.14159265  3.14159265
  3.14159265  3.14159265  3.14159265] 
 [0. 0. 0. 0. 0. 0. 0. 0. 0. 0. 0. 0. 0. 0. 0. 0. 0. 0. 0. 0. 0. 0. 0. 0.
 0. 0. 0. 0. 0. 0. 0. 0. 0. 0. 0. 0. 0. 0. 0. 0. 0. 0. 0. 0. 0.]
Precision cutoff reached.
Calculating energies for FreeWilson2D(N_x=2, N_y=2, mass=-5.184, r=1.000)
h_im: 0.0
New op index: 10	$R_Y$[3]
Current grad: 14.734693877551006
[ 3.14159265 -1.57079633  3.14159265  3.14159265  1.57079633  3.14159265
  3.14159265 -1.57079633  3.14159265  3.14159265  1.26645214  0.
  3.14159265  1.26645214  0.          3.14159265 -1.57079633  3.14159265
  3.14159265  1.57079633  3.14159265  3.14159265 -1.57079633  3.14159265
  3.14159265  3.14159265  3.14159265  3.14159265  3.14159265  3.14159265
  3.14159265  0.          0.          3.14159265  3.14159265  3.14159265
  3.14159265  0.          0.          3.14159265  3.14159265  3.14159265
  3.14159265  3.14159265  3.14159265] 
 [0.         1.59183673 0.         0.         2.09183673 0.
 0.         2.09183673 0.         0.         2.16851556 1.
 0.         2.16851556 1.         0.         2.09183673 0.
 0.         2.09183673 0.         0.         1.59183673 0.
 0.         0.         0.         0.         0.         0.
 0.         1.         1.         0.         0.         0.
 0.         1.         1.         0.         0.         0.
 0.         0.         0.        ]
New op index: 16	$R_Y$[5]
Current grad: 334.38027018605186
[ 3.14159265 -1.57079633  3.14159265  3.14159265 -1.57079633  3.14159265
  3.14159265 -1.57079633  0.          3.14159265 -3.14159265  3.14159265
  3.14159265 -1.57407974  3.14159265  3.14159265 -1.57079633  0.
  3.14159265 -1.57079633  0.          3.14159265 -1.57079633  0.
  3.14159265  3.14159265  3.14159265  3.14159265  0.          0.
  3.14159265  3.14159265  3.14159265  3.14159265  3.14159265  0.
  3.14159265  3.14159265  3.14159265  3.14159265  3.14159265  0.
  3.14159265  3.14159265  0.        ] 
 [0.00000000e+00 4.92940209e+01 0.00000000e+00 0.00000000e+00
 4.56103474e+01 0.00000000e+00 0.00000000e+00 4.91441871e+01
 5.42101086e-17 0.00000000e+00 0.00000000e+00 0.00000000e+00
 0.00000000e+00 4.54837378e+01 0.00000000e+00 0.00000000e+00
 4.97940209e+01 5.68121938e-17 0.00000000e+00 4.56103474e+01
 3.90312782e-17 0.00000000e+00 4.92940209e+01 2.60208521e-18
 0.00000000e+00 0.00000000e+00 0.00000000e+00 0.00000000e+00
 5.42101086e-17 5.42101086e-17 0.00000000e+00 0.00000000e+00
 0.00000000e+00 0.00000000e+00 0.00000000e+00 3.90312782e-17
 0.00000000e+00 0.00000000e+00 0.00000000e+00 0.00000000e+00
 0.00000000e+00 9.58434720e-17 0.00000000e+00 0.00000000e+00
 4.16333634e-17]
New op index: 4	$R_Y$[1]
Current grad: 10.046174907865133
[ 3.14159265 -1.57079633  3.14159265  3.14159265  1.57079633  3.14159265
  3.14159265 -1.57079633  0.          3.14159265 -3.14159265  3.14159265
  3.14159265  1.87748425  3.14159265  3.14159265 -3.14159265  0.
  3.14159265  1.87471939  3.14159265  3.14159265 -1.57079633  3.14159265
  3.14159265  3.14159265  3.14159265  3.14159265  0.          0.
  3.14159265  3.14159265  3.14159265  3.14159265  3.14159265  3.14159265
  3.14159265  3.14159265  3.14159265  3.14159265  3.14159265  3.14159265
  3.14159265  3.14159265  3.14159265] 
 [0.00000000e+00 1.58948879e+00 0.00000000e+00 0.00000000e+00
 2.09418468e+00 0.00000000e+00 0.00000000e+00 1.58464329e+00
 1.89228636e-31 0.00000000e+00 0.00000000e+00 0.00000000e+00
 0.00000000e+00 1.16736674e+00 0.00000000e+00 0.00000000e+00
 0.00000000e+00 1.06594204e-31 0.00000000e+00 1.17075575e+00
 0.00000000e+00 0.00000000e+00 1.58948879e+00 0.00000000e+00
 0.00000000e+00 0.00000000e+00 0.00000000e+00 0.00000000e+00
 1.89228636e-31 1.89228636e-31 0.00000000e+00 0.00000000e+00
 0.00000000e+00 0.00000000e+00 0.00000000e+00 0.00000000e+00
 0.00000000e+00 0.00000000e+00 0.00000000e+00 0.00000000e+00
 0.00000000e+00 0.00000000e+00 0.00000000e+00 0.00000000e+00
 0.00000000e+00]
New op index: 22	$R_Y$[7]
Current grad: 240.10275750359523
[ 3.14159265 -1.5809392   3.14159265  3.14159265  3.14159265  3.14159265
  3.14159265 -1.5809392   3.14159265  3.14159265  3.14159265  3.14159265
  3.14159265 -1.58488841  3.14159265  3.14159265  3.14159265  3.14159265
  0.         -1.58163945  3.14159265  0.         -1.57079633  3.14159265
  3.14159265  3.14159265  3.14159265  3.14159265  3.14159265  3.14159265
  3.14159265  3.14159265  3.14159265  3.14159265  3.14159265  3.14159265
  3.14159265  3.14159265  3.14159265  3.14159265  3.14159265  3.14159265
  0.          3.14159265  3.14159265] 
 [0.00000000e+00 4.87965566e+01 0.00000000e+00 0.00000000e+00
 0.00000000e+00 0.00000000e+00 0.00000000e+00 4.87965566e+01
 0.00000000e+00 0.00000000e+00 0.00000000e+00 0.00000000e+00
 0.00000000e+00 4.54650925e+01 0.00000000e+00 0.00000000e+00
 0.00000000e+00 0.00000000e+00 7.76989725e-15 4.56130582e+01
 0.00000000e+00 2.27057602e-15 4.92940209e+01 0.00000000e+00
 0.00000000e+00 0.00000000e+00 0.00000000e+00 0.00000000e+00
 0.00000000e+00 0.00000000e+00 0.00000000e+00 0.00000000e+00
 0.00000000e+00 0.00000000e+00 0.00000000e+00 0.00000000e+00
 0.00000000e+00 0.00000000e+00 0.00000000e+00 0.00000000e+00
 0.00000000e+00 0.00000000e+00 5.35671989e-15 0.00000000e+00
 0.00000000e+00]
New op index: 19	$R_Y$[6]
Current grad: 6.367346938775796
[ 3.14159265 -1.87556278  3.14159265  3.14159265 -3.14159265  3.14159265
  3.14159265 -1.87556278  3.14159265  3.14159265 -3.14159265  3.14159265
  3.14159265  1.87748425  3.14159265  3.14159265  3.14159265  3.14159265
  3.14159265  1.87471939  3.14159265  3.14159265  3.14159265  0.
  3.14159265  3.14159265  3.14159265  3.14159265  3.14159265  3.14159265
  3.14159265  3.14159265  3.14159265  3.14159265  3.14159265  3.14159265
  3.14159265  3.14159265  3.14159265  3.14159265  3.14159265  3.14159265
  3.14159265  3.14159265  3.14159265] 
 [0.00000000e+00 1.16627567e+00 0.00000000e+00 0.00000000e+00
 0.00000000e+00 0.00000000e+00 0.00000000e+00 1.16627567e+00
 0.00000000e+00 0.00000000e+00 0.00000000e+00 0.00000000e+00
 0.00000000e+00 1.16736674e+00 0.00000000e+00 0.00000000e+00
 0.00000000e+00 0.00000000e+00 0.00000000e+00 1.17075575e+00
 0.00000000e+00 0.00000000e+00 0.00000000e+00 2.73009551e-47
 0.00000000e+00 0.00000000e+00 0.00000000e+00 0.00000000e+00
 0.00000000e+00 0.00000000e+00 0.00000000e+00 0.00000000e+00
 0.00000000e+00 0.00000000e+00 0.00000000e+00 0.00000000e+00
 0.00000000e+00 0.00000000e+00 0.00000000e+00 0.00000000e+00
 0.00000000e+00 0.00000000e+00 0.00000000e+00 0.00000000e+00
 0.00000000e+00]
New op index: 1	$R_Y$[0]
Current grad: 145.92664190488352
[ 3.14159265 -1.58085566  3.14159265  3.14159265 -3.14159265  3.14159265
  3.14159265 -1.58085566  3.14159265  3.14159265  3.14156746  3.14159265
  3.14159265 -1.57495413  3.14159265  3.14159265  3.14159265  0.
  3.14159265  3.14159265  3.14159265  3.14159265 -3.14159265  0.
  3.14159265  3.14159265  3.14159265  3.14159265  3.14159265  3.14159265
  3.14159265  3.14159265  3.14159265  3.14159265  3.14159265  3.14159265
  3.14159265  3.14159265  3.14159265  3.14159265  3.14159265  3.14159265
  3.14159265  3.14159265  3.14159265] 
 [0.00000000e+00 4.92059316e+01 0.00000000e+00 0.00000000e+00
 0.00000000e+00 0.00000000e+00 0.00000000e+00 4.92059316e+01
 0.00000000e+00 0.00000000e+00 8.20208790e-10 0.00000000e+00
 0.00000000e+00 4.63267241e+01 0.00000000e+00 0.00000000e+00
 0.00000000e+00 2.84475209e-32 0.00000000e+00 0.00000000e+00
 0.00000000e+00 0.00000000e+00 0.00000000e+00 2.26832728e-32
 0.00000000e+00 0.00000000e+00 0.00000000e+00 0.00000000e+00
 0.00000000e+00 0.00000000e+00 0.00000000e+00 0.00000000e+00
 0.00000000e+00 0.00000000e+00 0.00000000e+00 0.00000000e+00
 0.00000000e+00 0.00000000e+00 0.00000000e+00 0.00000000e+00
 0.00000000e+00 0.00000000e+00 0.00000000e+00 0.00000000e+00
 0.00000000e+00]
New op index: 7	$R_Y$[2]
Current grad: 3.1836734693882303
[ 3.14159265  3.14159265  3.14159265  3.14159265  3.14159265  3.14159265
  3.14159265 -1.57384506  3.14159265  3.14159265 -3.14159265  3.14159265
  0.          1.57687522  3.14159265  3.14159265 -3.14159265  3.14159265
  3.14159265  3.14159265  3.14159265  3.14159265 -3.14159265  3.14159265
  3.14159265  3.14159265  3.14159265  3.14159265  3.14159265  3.14159265
  3.14159265  3.14159265  3.14159265  3.14159265  3.14159265  3.14159265
  3.14159265  3.14159265  3.14159265  3.14159265  3.14159265  3.14159265
  3.14159265  3.14159265  3.14159265] 
 [0.00000000e+00 0.00000000e+00 0.00000000e+00 0.00000000e+00
 0.00000000e+00 0.00000000e+00 0.00000000e+00 1.58465067e+00
 0.00000000e+00 0.00000000e+00 0.00000000e+00 0.00000000e+00
 2.67602962e-15 1.58452270e+00 0.00000000e+00 0.00000000e+00
 0.00000000e+00 0.00000000e+00 0.00000000e+00 0.00000000e+00
 0.00000000e+00 0.00000000e+00 0.00000000e+00 0.00000000e+00
 0.00000000e+00 0.00000000e+00 0.00000000e+00 0.00000000e+00
 0.00000000e+00 0.00000000e+00 0.00000000e+00 0.00000000e+00
 0.00000000e+00 0.00000000e+00 0.00000000e+00 0.00000000e+00
 0.00000000e+00 0.00000000e+00 0.00000000e+00 0.00000000e+00
 0.00000000e+00 0.00000000e+00 0.00000000e+00 0.00000000e+00
 0.00000000e+00]
New op index: 13	$R_Y$[4]
Current grad: 51.59306134682002
[ 3.14159265 -3.14158422  3.14159265  3.14159265 -3.14159265  3.14159265
  3.14159265 -3.14159265  3.14159265  3.14159265 -3.14159265  3.14159265
  0.          1.57089172  3.14159265  3.14159265  3.14159265  3.14159265
  3.14159265  3.14159265  3.14159265  3.14159265  3.14159265  3.14159265
  3.14159265  3.14159265  3.14159265  3.14159265  3.14159265  3.14159265
  3.14159265  3.14159265  3.14159265  3.14159265  3.14159265  3.14159265
  3.14159265  3.14159265  3.14159265  3.14159265  3.14159265  3.14159265
  3.14159265  3.14159265  3.14159265] 
 [0.00000000e+00 5.65310021e-11 0.00000000e+00 0.00000000e+00
 0.00000000e+00 0.00000000e+00 0.00000000e+00 0.00000000e+00
 0.00000000e+00 0.00000000e+00 0.00000000e+00 0.00000000e+00
 1.37503261e-15 5.15881265e+01 0.00000000e+00 0.00000000e+00
 0.00000000e+00 0.00000000e+00 0.00000000e+00 0.00000000e+00
 0.00000000e+00 0.00000000e+00 0.00000000e+00 0.00000000e+00
 0.00000000e+00 0.00000000e+00 0.00000000e+00 0.00000000e+00
 0.00000000e+00 0.00000000e+00 0.00000000e+00 0.00000000e+00
 0.00000000e+00 0.00000000e+00 0.00000000e+00 0.00000000e+00
 0.00000000e+00 0.00000000e+00 0.00000000e+00 0.00000000e+00
 0.00000000e+00 0.00000000e+00 0.00000000e+00 0.00000000e+00
 0.00000000e+00]
New op index: 0	$R_X$[0]
Current grad: 1.3786924775727098e-08
[ 3.14159265 -3.14159265  3.14159265  3.14159265 -3.14159265  3.14159265
  3.14159265  3.14159265  3.14159265  3.14159265 -3.14159265  3.14159265
  3.14159265 -3.14159265  3.14159265  3.14159265 -3.14159265  3.14159265
  3.14159265  3.14159265  3.14159265  3.14159265 -3.14159265  3.14159265
  3.14159265  3.14159265  3.14159265  3.14159265  3.14159265  3.14159265
  3.14159265  3.14159265  3.14159265  3.14159265  3.14159265  3.14159265
  3.14159265  3.14159265  3.14159265  3.14159265  3.14159265  3.14159265
  3.14159265  3.14159265  3.14159265] 
 [0. 0. 0. 0. 0. 0. 0. 0. 0. 0. 0. 0. 0. 0. 0. 0. 0. 0. 0. 0. 0. 0. 0. 0.
 0. 0. 0. 0. 0. 0. 0. 0. 0. 0. 0. 0. 0. 0. 0. 0. 0. 0. 0. 0. 0.]
Precision cutoff reached.
Calculating energies for FreeWilson2D(N_x=2, N_y=2, mass=-5.020, r=1.000)
h_im: 0.0
New op index: 10	$R_Y$[3]
Current grad: 14.08163265306121
[ 3.14159265 -1.57079633  3.14159265  3.14159265  1.57079633  3.14159265
  3.14159265 -1.57079633  3.14159265  3.14159265  1.25107417  0.
  3.14159265  1.25107417  0.          3.14159265 -1.57079633  3.14159265
  3.14159265  1.57079633  3.14159265  3.14159265 -1.57079633  3.14159265
  3.14159265  3.14159265  3.14159265  3.14159265  3.14159265  3.14159265
  3.14159265  0.          0.          3.14159265  3.14159265  3.14159265
  3.14159265  0.          0.          3.14159265  3.14159265  3.14159265
  3.14159265  3.14159265  3.14159265] 
 [0.         1.51020408 0.         0.         2.01020408 0.
 0.         2.01020408 0.         0.         2.09082254 1.
 0.         2.09082254 1.         0.         2.01020408 0.
 0.         2.01020408 0.         0.         1.51020408 0.
 0.         0.         0.         0.         0.         0.
 0.         1.         1.         0.         0.         0.
 0.         1.         1.         0.         0.         0.
 0.         0.         0.        ]
New op index: 16	$R_Y$[5]
Current grad: 332.64136454334033
[ 3.14159265 -1.57079633  3.14159265  3.14159265 -1.57079633  3.14159265
  3.14159265 -1.57079633  0.          3.14159265  3.14159265  3.14159265
  3.14159265 -1.57425161  3.14159265  0.         -1.57079633  0.
  0.         -1.57079633  3.14159265  3.14159265 -1.57079633  0.
  3.14159265  3.14159265  3.14159265  3.14159265  0.          0.
  3.14159265  3.14159265  3.14159265  3.14159265  3.14159265  3.14159265
  0.          3.14159265  3.14159265  0.          0.          0.
  0.          0.          3.14159265] 
 [0.00000000e+00 4.89763431e+01 0.00000000e+00 0.00000000e+00
 4.54559350e+01 0.00000000e+00 0.00000000e+00 4.88191917e+01
 2.60208521e-18 0.00000000e+00 0.00000000e+00 0.00000000e+00
 0.00000000e+00 4.53243937e+01 0.00000000e+00 5.24100675e-15
 4.94763431e+01 1.12757026e-17 4.02850585e-15 4.54559350e+01
 0.00000000e+00 0.00000000e+00 4.89763431e+01 8.67361738e-18
 0.00000000e+00 0.00000000e+00 0.00000000e+00 0.00000000e+00
 2.60208521e-18 2.60208521e-18 0.00000000e+00 0.00000000e+00
 0.00000000e+00 0.00000000e+00 0.00000000e+00 0.00000000e+00
 3.92569693e-15 0.00000000e+00 0.00000000e+00 8.78032057e-15
 8.83843381e-15 2.60208521e-18 2.02268757e-15 1.96717642e-15
 0.00000000e+00]
New op index: 4	$R_Y$[1]
Current grad: 9.556371311139253
[ 3.14159265 -1.57079633  3.14159265  3.14159265  1.57079633  3.14159265
  3.14159265 -1.57079633  0.          3.14159265  3.14159265  3.14159265
  0.          1.89294352  3.14159265  3.14159265 -3.14159265  3.14159265
  3.14159265  1.89005378  3.14159265  0.         -1.57079633  3.14159265
  3.14159265  3.14159265  3.14159265  3.14159265  0.          0.
  3.14159265  3.14159265  3.14159265  3.14159265  3.14159265  3.14159265
  3.14159265  3.14159265  3.14159265  3.14159265  3.14159265  3.14159265
  0.          3.14159265  3.14159265] 
 [0.00000000e+00 1.50784869e+00 0.00000000e+00 0.00000000e+00
 2.01255947e+00 0.00000000e+00 0.00000000e+00 1.50299551e+00
 3.31677486e-34 0.00000000e+00 0.00000000e+00 0.00000000e+00
 5.05949634e-16 1.08973545e+00 0.00000000e+00 0.00000000e+00
 0.00000000e+00 0.00000000e+00 0.00000000e+00 1.09305874e+00
 0.00000000e+00 6.09388322e-15 1.50784869e+00 0.00000000e+00
 0.00000000e+00 0.00000000e+00 0.00000000e+00 0.00000000e+00
 3.31677486e-34 3.31677486e-34 0.00000000e+00 0.00000000e+00
 0.00000000e+00 0.00000000e+00 0.00000000e+00 0.00000000e+00
 0.00000000e+00 0.00000000e+00 0.00000000e+00 0.00000000e+00
 0.00000000e+00 0.00000000e+00 7.54470034e-16 0.00000000e+00
 0.00000000e+00]
New op index: 22	$R_Y$[7]
Current grad: 238.84089926616892
[ 3.14159265 -1.58100498  3.14159265  3.14159265 -3.14159265  3.14159265
  3.14159265 -1.58100498  3.14159265  3.14159265  3.14159265  3.14159265
  3.14159265 -1.58509495  3.14159265  3.14159265  3.14159265  3.14159265
  3.14159265 -1.58167589  3.14159265  0.         -1.57079633  3.14159265
  3.14159265  3.14159265  3.14159265  3.14159265  3.14159265  3.14159265
  3.14159265  3.14159265  3.14159265  3.14159265  3.14159265  3.14159265
  3.14159265  3.14159265  3.14159265  3.14159265  3.14159265  3.14159265
  0.          3.14159265  3.14159265] 
 [0.00000000e+00 4.84788953e+01 0.00000000e+00 0.00000000e+00
 0.00000000e+00 0.00000000e+00 0.00000000e+00 4.84788953e+01
 0.00000000e+00 0.00000000e+00 0.00000000e+00 0.00000000e+00
 0.00000000e+00 4.53034818e+01 0.00000000e+00 0.00000000e+00
 0.00000000e+00 0.00000000e+00 0.00000000e+00 4.54586549e+01
 0.00000000e+00 3.53536644e-15 4.89763431e+01 0.00000000e+00
 0.00000000e+00 0.00000000e+00 0.00000000e+00 0.00000000e+00
 0.00000000e+00 0.00000000e+00 0.00000000e+00 0.00000000e+00
 0.00000000e+00 0.00000000e+00 0.00000000e+00 0.00000000e+00
 0.00000000e+00 0.00000000e+00 0.00000000e+00 0.00000000e+00
 0.00000000e+00 0.00000000e+00 2.87820717e-15 0.00000000e+00
 0.00000000e+00]
New op index: 19	$R_Y$[6]
Current grad: 6.040816326530813
[ 3.14159265 -1.8909845   3.14159265  3.14159265 -3.14159265  3.14159265
  3.14159265 -1.8909845   3.14159265  3.14159265  3.14159265  3.14159265
  0.          1.89294352  3.14159265  3.14159265 -3.14159265  3.14159265
  3.14159265  1.89005378  3.14159265  3.14159265 -3.14159265  0.
  3.14159265  3.14159265  3.14159265  3.14159265  3.14159265  3.14159265
  3.14159265  3.14159265  3.14159265  3.14159265  3.14159265  3.14159265
  3.14159265  3.14159265  3.14159265  3.14159265  3.14159265  3.14159265
  3.14159265  3.14159265  3.14159265] 
 [0.00000000e+00 1.08858669e+00 0.00000000e+00 0.00000000e+00
 0.00000000e+00 0.00000000e+00 0.00000000e+00 1.08858669e+00
 0.00000000e+00 0.00000000e+00 0.00000000e+00 0.00000000e+00
 8.06483406e-16 1.08973545e+00 0.00000000e+00 0.00000000e+00
 0.00000000e+00 0.00000000e+00 0.00000000e+00 1.09305874e+00
 0.00000000e+00 0.00000000e+00 0.00000000e+00 1.09765018e-47
 0.00000000e+00 0.00000000e+00 0.00000000e+00 0.00000000e+00
 0.00000000e+00 0.00000000e+00 0.00000000e+00 0.00000000e+00
 0.00000000e+00 0.00000000e+00 0.00000000e+00 0.00000000e+00
 0.00000000e+00 0.00000000e+00 0.00000000e+00 0.00000000e+00
 0.00000000e+00 0.00000000e+00 0.00000000e+00 0.00000000e+00
 0.00000000e+00]
New op index: 1	$R_Y$[0]
Current grad: 145.63618124910386
[ 3.14159265 -1.58088636  3.14159265  3.14159265 -3.14159265  3.14159265
  3.14159265 -1.58088636  3.14159265  3.14159265  3.1415655   3.14159265
  3.14159265 -1.57502823  3.14159265  3.14159265 -3.14159265  0.
  3.14159265  3.14159265  3.14159265  3.14159265  3.14159265  0.
  3.14159265  3.14159265  3.14159265  3.14159265  3.14159265  3.14159265
  3.14159265  3.14159265  3.14159265  3.14159265  3.14159265  3.14159265
  3.14159265  3.14159265  3.14159265  3.14159265  3.14159265  3.14159265
  3.14159265  3.14159265  3.14159265] 
 [0.00000000e+00 4.90546960e+01 0.00000000e+00 0.00000000e+00
 0.00000000e+00 0.00000000e+00 0.00000000e+00 4.90546960e+01
 0.00000000e+00 0.00000000e+00 9.36331457e-10 0.00000000e+00
 0.00000000e+00 4.63352627e+01 0.00000000e+00 0.00000000e+00
 0.00000000e+00 9.17117378e-33 0.00000000e+00 0.00000000e+00
 0.00000000e+00 0.00000000e+00 0.00000000e+00 5.13875796e-33
 0.00000000e+00 0.00000000e+00 0.00000000e+00 0.00000000e+00
 0.00000000e+00 0.00000000e+00 0.00000000e+00 0.00000000e+00
 0.00000000e+00 0.00000000e+00 0.00000000e+00 0.00000000e+00
 0.00000000e+00 0.00000000e+00 0.00000000e+00 0.00000000e+00
 0.00000000e+00 0.00000000e+00 0.00000000e+00 0.00000000e+00
 0.00000000e+00]
New op index: 7	$R_Y$[2]
Current grad: 3.020408163266348
[ 3.14159265  3.14159265  3.14159265  3.14159265  3.14159265  3.14159265
  3.14159265 -1.57401522  3.14159265  3.14159265  3.14159265  3.14159265
  3.14159265  1.57721341  3.14159265  3.14159265 -3.14159265  3.14159265
  3.14159265  3.14159265  3.14159265  3.14159265 -3.14159265  3.14159265
  3.14159265  3.14159265  3.14159265  3.14159265  3.14159265  3.14159265
  3.14159265  3.14159265  3.14159265  3.14159265  3.14159265  3.14159265
  3.14159265  3.14159265  3.14159265  3.14159265  3.14159265  3.14159265
  3.14159265  3.14159265  3.14159265] 
 [0.         0.         0.         0.         0.         0.
 0.         1.50300331 0.         0.         0.         0.
 0.         1.50288383 0.         0.         0.         0.
 0.         0.         0.         0.         0.         0.
 0.         0.         0.         0.         0.         0.
 0.         0.         0.         0.         0.         0.
 0.         0.         0.         0.         0.         0.
 0.         0.         0.        ]
New op index: 13	$R_Y$[4]
Current grad: 51.51143449837581
[ 3.14159265 -3.14158121  3.14159265  3.14159265 -3.14159265  3.14159265
  3.14159265  3.14159265  3.14159265  3.14159265 -3.14159265  3.14159265
  0.          1.57089195  3.14159265  3.14159265  3.14159265  3.14159265
  3.14159265  3.14159265  3.14159265  3.14159265 -3.14159265  3.14159265
  3.14159265  3.14159265  3.14159265  3.14159265  3.14159265  3.14159265
  3.14159265  3.14159265  3.14159265  3.14159265  3.14159265  3.14159265
  3.14159265  3.14159265  3.14159265  3.14159265  3.14159265  3.14159265
  3.14159265  3.14159265  3.14159265] 
 [0.00000000e+00 9.87911974e-11 0.00000000e+00 0.00000000e+00
 0.00000000e+00 0.00000000e+00 0.00000000e+00 0.00000000e+00
 0.00000000e+00 0.00000000e+00 0.00000000e+00 0.00000000e+00
 1.44446342e-15 5.15064919e+01 0.00000000e+00 0.00000000e+00
 0.00000000e+00 0.00000000e+00 0.00000000e+00 0.00000000e+00
 0.00000000e+00 0.00000000e+00 0.00000000e+00 0.00000000e+00
 0.00000000e+00 0.00000000e+00 0.00000000e+00 0.00000000e+00
 0.00000000e+00 0.00000000e+00 0.00000000e+00 0.00000000e+00
 0.00000000e+00 0.00000000e+00 0.00000000e+00 0.00000000e+00
 0.00000000e+00 0.00000000e+00 0.00000000e+00 0.00000000e+00
 0.00000000e+00 0.00000000e+00 0.00000000e+00 0.00000000e+00
 0.00000000e+00]
New op index: 0	$R_X$[0]
Current grad: 1.3934309263255329e-08
[ 3.14159265 -3.14159265  3.14159265  3.14159265 -3.14159265  3.14159265
  3.14159265 -3.14159265  3.14159265  3.14159265 -3.14159265  3.14159265
  3.14159265 -3.14159265  3.14159265  3.14159265 -3.14159265  3.14159265
  3.14159265  3.14159265  3.14159265  3.14159265 -3.14159265  3.14159265
  3.14159265  3.14159265  3.14159265  3.14159265  3.14159265  3.14159265
  3.14159265  3.14159265  3.14159265  3.14159265  3.14159265  3.14159265
  3.14159265  3.14159265  3.14159265  3.14159265  3.14159265  3.14159265
  3.14159265  3.14159265  3.14159265] 
 [0. 0. 0. 0. 0. 0. 0. 0. 0. 0. 0. 0. 0. 0. 0. 0. 0. 0. 0. 0. 0. 0. 0. 0.
 0. 0. 0. 0. 0. 0. 0. 0. 0. 0. 0. 0. 0. 0. 0. 0. 0. 0. 0. 0. 0.]
Precision cutoff reached.
Calculating energies for FreeWilson2D(N_x=2, N_y=2, mass=-4.857, r=1.000)
h_im: 0.0
New op index: 10	$R_Y$[3]
Current grad: 13.428571428571418
[ 3.14159265 -1.57079633  3.14159265  3.14159265  1.57079633  3.14159265
  3.14159265 -1.57079633  3.14159265  3.14159265  1.23412151  0.
  3.14159265  1.23412151  0.          3.14159265 -1.57079633  3.14159265
  3.14159265  1.57079633  3.14159265  3.14159265 -1.57079633  3.14159265
  3.14159265  3.14159265  3.14159265  3.14159265  3.14159265  3.14159265
  3.14159265  0.          0.          3.14159265  3.14159265  3.14159265
  3.14159265  0.          0.          3.14159265  3.14159265  3.14159265
  3.14159265  3.14159265  3.14159265] 
 [0.         1.42857143 0.         0.         1.92857143 0.
 0.         1.92857143 0.         0.         2.01354429 1.
 0.         2.01354429 1.         0.         1.92857143 0.
 0.         1.92857143 0.         0.         1.42857143 0.
 0.         0.         0.         0.         0.         0.
 0.         1.         1.         0.         0.         0.
 0.         1.         1.         0.         0.         0.
 0.         0.         0.        ]
New op index: 16	$R_Y$[5]
Current grad: 330.6418917661503
[ 3.14159265 -1.57079633  3.14159265  3.14159265 -1.57079633  3.14159265
  3.14159265 -1.57079633  0.          3.14159265  3.14159265  3.14159265
  3.14159265 -1.57444317  3.14159265  0.         -1.57079633  0.
  0.         -1.57079633  0.          0.         -1.57079633  0.
  3.14159265  3.14159265  3.14159265  3.14159265  0.          0.
  3.14159265  3.14159265  3.14159265  3.14159265  3.14159265  0.
  0.          3.14159265  3.14159265  0.          0.          0.
  0.          0.          0.        ] 
 [0.00000000e+00 4.86214892e+01 0.00000000e+00 0.00000000e+00
 4.52643464e+01 0.00000000e+00 0.00000000e+00 4.84563140e+01
 5.46437895e-17 0.00000000e+00 0.00000000e+00 0.00000000e+00
 0.00000000e+00 4.51275432e+01 0.00000000e+00 7.50181167e-15
 4.91214892e+01 7.02563008e-17 4.69676381e-15 4.52643464e+01
 1.21430643e-17 2.01785513e-15 4.86214892e+01 1.56125113e-17
 0.00000000e+00 0.00000000e+00 0.00000000e+00 0.00000000e+00
 5.46437895e-17 5.46437895e-17 0.00000000e+00 0.00000000e+00
 0.00000000e+00 0.00000000e+00 0.00000000e+00 1.21430643e-17
 1.45283091e-15 0.00000000e+00 0.00000000e+00 9.97465999e-15
 1.00570594e-14 8.23993651e-17 7.27840407e-15 7.30615965e-15
 2.77555756e-17]
New op index: 4	$R_Y$[1]
Current grad: 9.066567690041378
[ 3.14159265 -1.57079633  3.14159265  3.14159265  1.57079633  3.14159265
  3.14159265 -1.57079633  0.          3.14159265  3.14159265  3.14159265
  3.14159265  1.90998034  3.14159265  3.14159265 -3.14159265  0.
  0.          1.90695618  3.14159265  3.14159265 -1.57079633  3.14159265
  3.14159265  3.14159265  3.14159265  3.14159265  0.          0.
  3.14159265  3.14159265  3.14159265  3.14159265  3.14159265  3.14159265
  3.14159265  3.14159265  3.14159265  3.14159265  3.14159265  3.14159265
  3.14159265  3.14159265  3.14159265] 
 [0.00000000e+00 1.42620856e+00 0.00000000e+00 0.00000000e+00
 1.93093430e+00 0.00000000e+00 0.00000000e+00 1.42134767e+00
 7.37525844e-32 0.00000000e+00 0.00000000e+00 0.00000000e+00
 0.00000000e+00 1.01252420e+00 0.00000000e+00 0.00000000e+00
 0.00000000e+00 2.48550287e-32 5.28669830e-15 1.01577471e+00
 0.00000000e+00 0.00000000e+00 1.42620856e+00 0.00000000e+00
 0.00000000e+00 0.00000000e+00 0.00000000e+00 0.00000000e+00
 7.37525844e-32 7.37525844e-32 0.00000000e+00 0.00000000e+00
 0.00000000e+00 0.00000000e+00 0.00000000e+00 0.00000000e+00
 0.00000000e+00 0.00000000e+00 0.00000000e+00 0.00000000e+00
 0.00000000e+00 0.00000000e+00 0.00000000e+00 0.00000000e+00
 0.00000000e+00]
New op index: 22	$R_Y$[7]
Current grad: 237.3931605200788
[ 3.14159265 -1.58107948  3.14159265  3.14159265 -3.14159265  3.14159265
  3.14159265 -1.58107948  3.14159265  3.14159265  3.14159265  3.14159265
  0.         -1.58533009  3.14159265  3.14159265  3.14159265  0.
  3.14159265 -1.58172143  3.14159265  0.         -1.57079633  3.14159265
  3.14159265  3.14159265  3.14159265  3.14159265  3.14159265  3.14159265
  3.14159265  3.14159265  3.14159265  3.14159265  3.14159265  3.14159265
  3.14159265  3.14159265  3.14159265  3.14159265  3.14159265  3.14159265
  0.          3.14159265  3.14159265] 
 [0.00000000e+00 4.81240601e+01 0.00000000e+00 0.00000000e+00
 0.00000000e+00 0.00000000e+00 0.00000000e+00 4.81240601e+01
 0.00000000e+00 0.00000000e+00 0.00000000e+00 0.00000000e+00
 1.43523586e-15 4.51040050e+01 0.00000000e+00 0.00000000e+00
 0.00000000e+00 6.93334780e-33 0.00000000e+00 4.52670777e+01
 0.00000000e+00 4.23272528e-15 4.86214892e+01 0.00000000e+00
 0.00000000e+00 0.00000000e+00 0.00000000e+00 0.00000000e+00
 0.00000000e+00 0.00000000e+00 0.00000000e+00 0.00000000e+00
 0.00000000e+00 0.00000000e+00 0.00000000e+00 0.00000000e+00
 0.00000000e+00 0.00000000e+00 0.00000000e+00 0.00000000e+00
 0.00000000e+00 0.00000000e+00 4.67421241e-15 0.00000000e+00
 0.00000000e+00]
New op index: 19	$R_Y$[6]
Current grad: 5.7142857142857935
[ 3.14159265 -1.90798763  3.14159265  3.14159265 -3.14159265  3.14159265
  3.14159265 -1.90798763  3.14159265  3.14159265  3.14159265  3.14159265
  3.14159265  1.90998034  3.14159265  3.14159265  3.14159265  0.
  0.          1.90695618  3.14159265  3.14159265 -3.14159265  0.
  3.14159265  3.14159265  3.14159265  3.14159265  3.14159265  3.14159265
  3.14159265  3.14159265  3.14159265  3.14159265  3.14159265  3.14159265
  3.14159265  3.14159265  3.14159265  3.14159265  3.14159265  3.14159265
  3.14159265  3.14159265  3.14159265] 
 [0.00000000e+00 1.01131428e+00 0.00000000e+00 0.00000000e+00
 0.00000000e+00 0.00000000e+00 0.00000000e+00 1.01131428e+00
 0.00000000e+00 0.00000000e+00 0.00000000e+00 0.00000000e+00
 0.00000000e+00 1.01252420e+00 0.00000000e+00 0.00000000e+00
 0.00000000e+00 2.93064848e-33 4.61644912e-15 1.01577471e+00
 0.00000000e+00 0.00000000e+00 0.00000000e+00 7.93598133e-48
 0.00000000e+00 0.00000000e+00 0.00000000e+00 0.00000000e+00
 0.00000000e+00 0.00000000e+00 0.00000000e+00 0.00000000e+00
 0.00000000e+00 0.00000000e+00 0.00000000e+00 0.00000000e+00
 0.00000000e+00 0.00000000e+00 0.00000000e+00 0.00000000e+00
 0.00000000e+00 0.00000000e+00 0.00000000e+00 0.00000000e+00
 0.00000000e+00]
New op index: 1	$R_Y$[0]
Current grad: 145.3395231518661
[ 3.14159265 -1.58091767  3.14159265  3.14159265 -3.14159265  3.14159265
  3.14159265 -1.58091767  3.14159265  3.14159265  3.14155042  3.14159265
  0.         -1.57510331  3.14159265  3.14159265 -3.14159265  3.14159265
  3.14159265 -3.14159265  3.14159265  3.14159265 -3.14159265  3.14159265
  3.14159265  3.14159265  3.14159265  3.14159265  3.14159265  3.14159265
  3.14159265  3.14159265  3.14159265  3.14159265  3.14159265  3.14159265
  3.14159265  3.14159265  3.14159265  3.14159265  3.14159265  3.14159265
  3.14159265  3.14159265  3.14159265] 
 [0.00000000e+00 4.89013839e+01 0.00000000e+00 0.00000000e+00
 0.00000000e+00 0.00000000e+00 0.00000000e+00 4.89013839e+01
 0.00000000e+00 0.00000000e+00 2.22572671e-09 0.00000000e+00
 2.51476822e-15 4.63416870e+01 0.00000000e+00 0.00000000e+00
 0.00000000e+00 0.00000000e+00 0.00000000e+00 0.00000000e+00
 0.00000000e+00 0.00000000e+00 0.00000000e+00 0.00000000e+00
 0.00000000e+00 0.00000000e+00 0.00000000e+00 0.00000000e+00
 0.00000000e+00 0.00000000e+00 0.00000000e+00 0.00000000e+00
 0.00000000e+00 0.00000000e+00 0.00000000e+00 0.00000000e+00
 0.00000000e+00 0.00000000e+00 0.00000000e+00 0.00000000e+00
 0.00000000e+00 0.00000000e+00 0.00000000e+00 0.00000000e+00
 0.00000000e+00]
New op index: 7	$R_Y$[2]
Current grad: 2.857142857143824
[ 3.14159265  3.14159265  3.14159265  3.14159265  3.14159265  3.14159265
  3.14159265 -1.57420488  3.14159265  3.14159265  3.14159265  3.14159265
  0.          1.57759022  3.14159265  3.14159265  3.14159265  0.
  3.14159265  3.14159265  3.14159265  3.14159265 -3.14159265  0.
  3.14159265  3.14159265  3.14159265  3.14159265  3.14159265  3.14159265
  3.14159265  3.14159265  3.14159265  3.14159265  3.14159265  3.14159265
  3.14159265  3.14159265  3.14159265  3.14159265  3.14159265  3.14159265
  3.14159265  3.14159265  3.14159265] 
 [0.00000000e+00 0.00000000e+00 0.00000000e+00 0.00000000e+00
 0.00000000e+00 0.00000000e+00 0.00000000e+00 1.42135595e+00
 0.00000000e+00 0.00000000e+00 0.00000000e+00 0.00000000e+00
 5.79764652e-15 1.42124513e+00 0.00000000e+00 0.00000000e+00
 0.00000000e+00 2.83581609e-30 0.00000000e+00 0.00000000e+00
 0.00000000e+00 0.00000000e+00 0.00000000e+00 3.07325078e-30
 0.00000000e+00 0.00000000e+00 0.00000000e+00 0.00000000e+00
 0.00000000e+00 0.00000000e+00 0.00000000e+00 0.00000000e+00
 0.00000000e+00 0.00000000e+00 0.00000000e+00 0.00000000e+00
 0.00000000e+00 0.00000000e+00 0.00000000e+00 0.00000000e+00
 0.00000000e+00 0.00000000e+00 0.00000000e+00 0.00000000e+00
 0.00000000e+00]
New op index: 13	$R_Y$[4]
Current grad: 51.42978929460471
[ 3.14159265 -3.14159072  3.14159265  3.14159265  3.14159265  3.14159265
  3.14159265 -3.14159265  3.14159265  3.14159265 -3.14159265  3.14159265
  3.14159265  1.57089218  3.14159265  3.14159265  3.14159265  3.14159265
  3.14159265  3.14159265  3.14159265  3.14159265  3.14159265  3.14159265
  3.14159265  3.14159265  3.14159265  3.14159265  3.14159265  3.14159265
  3.14159265  3.14159265  3.14159265  3.14159265  3.14159265  3.14159265
  3.14159265  3.14159265  3.14159265  3.14159265  3.14159265  3.14159265
  3.14159265  3.14159265  3.14159265] 
 [0.00000000e+00 2.67208478e-12 0.00000000e+00 0.00000000e+00
 0.00000000e+00 0.00000000e+00 0.00000000e+00 0.00000000e+00
 0.00000000e+00 0.00000000e+00 0.00000000e+00 0.00000000e+00
 0.00000000e+00 5.14248572e+01 0.00000000e+00 0.00000000e+00
 0.00000000e+00 0.00000000e+00 0.00000000e+00 0.00000000e+00
 0.00000000e+00 0.00000000e+00 0.00000000e+00 0.00000000e+00
 0.00000000e+00 0.00000000e+00 0.00000000e+00 0.00000000e+00
 0.00000000e+00 0.00000000e+00 0.00000000e+00 0.00000000e+00
 0.00000000e+00 0.00000000e+00 0.00000000e+00 0.00000000e+00
 0.00000000e+00 0.00000000e+00 0.00000000e+00 0.00000000e+00
 0.00000000e+00 0.00000000e+00 0.00000000e+00 0.00000000e+00
 0.00000000e+00]
New op index: 0	$R_X$[0]
Current grad: 1.3823505481474134e-08
[ 3.14159265 -3.14159265  3.14159265  3.14159265 -3.14159265  3.14159265
  3.14159265  3.14159265  3.14159265  3.14159265 -3.14159265  3.14159265
  3.14159265  3.14159265  3.14159265  3.14159265 -3.14159265  3.14159265
  3.14159265  3.14159265  3.14159265  3.14159265 -3.14159265  3.14159265
  3.14159265  3.14159265  3.14159265  3.14159265  3.14159265  3.14159265
  3.14159265  3.14159265  3.14159265  3.14159265  3.14159265  3.14159265
  3.14159265  3.14159265  3.14159265  3.14159265  3.14159265  3.14159265
  3.14159265  3.14159265  3.14159265] 
 [0. 0. 0. 0. 0. 0. 0. 0. 0. 0. 0. 0. 0. 0. 0. 0. 0. 0. 0. 0. 0. 0. 0. 0.
 0. 0. 0. 0. 0. 0. 0. 0. 0. 0. 0. 0. 0. 0. 0. 0. 0. 0. 0. 0. 0.]
Precision cutoff reached.
Calculating energies for FreeWilson2D(N_x=2, N_y=2, mass=-4.694, r=1.000)
h_im: 0.0
New op index: 10	$R_Y$[3]
Current grad: 12.775510204081623
[ 3.14159265 -1.57079633  3.14159265  3.14159265  1.57079633  3.14159265
  3.14159265 -1.57079633  3.14159265  3.14159265  1.21535067  0.
  3.14159265  1.21535067  0.          3.14159265 -1.57079633  3.14159265
  3.14159265  1.57079633  3.14159265  3.14159265 -1.57079633  3.14159265
  3.14159265  3.14159265  3.14159265  3.14159265  3.14159265  3.14159265
  3.14159265  0.          0.          3.14159265  3.14159265  3.14159265
  3.14159265  0.          0.          3.14159265  3.14159265  3.14159265
  3.14159265  3.14159265  3.14159265] 
 [0.         1.34693878 0.         0.         1.84693878 0.
 0.         1.84693878 0.         0.         1.93674774 1.
 0.         1.93674774 1.         0.         1.84693878 0.
 0.         1.84693878 0.         0.         1.34693878 0.
 0.         0.         0.         0.         0.         0.
 0.         1.         1.         0.         0.         0.
 0.         1.         1.         0.         0.         0.
 0.         0.         0.        ]
New op index: 16	$R_Y$[5]
Current grad: 328.32620972311554
[ 3.14159265 -1.57079633  3.14159265  3.14159265 -1.57079633  3.14159265
  3.14159265 -1.57079633  3.14159265  3.14159265 -3.14159265  3.14159265
  0.         -1.57465801  3.14159265  3.14159265 -1.57079633  0.
  3.14159265 -1.57079633  3.14159265  3.14159265 -1.57079633  0.
  3.14159265  3.14159265  3.14159265  3.14159265  3.14159265  3.14159265
  3.14159265  3.14159265  3.14159265  3.14159265  3.14159265  3.14159265
  0.          3.14159265  3.14159265  3.14159265  3.14159265  0.
  3.14159265  3.14159265  0.        ] 
 [0.00000000e+00 4.82215132e+01 0.00000000e+00 0.00000000e+00
 4.50276356e+01 0.00000000e+00 0.00000000e+00 4.80475091e+01
 0.00000000e+00 0.00000000e+00 0.00000000e+00 0.00000000e+00
 3.09233931e-15 4.48852218e+01 0.00000000e+00 0.00000000e+00
 4.87215132e+01 6.93889390e-17 0.00000000e+00 4.50276356e+01
 0.00000000e+00 0.00000000e+00 4.82215132e+01 6.93889390e-17
 0.00000000e+00 0.00000000e+00 0.00000000e+00 0.00000000e+00
 0.00000000e+00 0.00000000e+00 0.00000000e+00 0.00000000e+00
 0.00000000e+00 0.00000000e+00 0.00000000e+00 0.00000000e+00
 6.28748754e-16 0.00000000e+00 0.00000000e+00 0.00000000e+00
 0.00000000e+00 2.77555756e-17 0.00000000e+00 0.00000000e+00
 2.77555756e-17]
New op index: 4	$R_Y$[1]
Current grad: 8.576764044454723
[ 3.14159265 -1.57079633  3.14159265  3.14159265  1.57079633  3.14159265
  3.14159265 -1.57079633  0.          3.14159265  3.14159265  3.14159265
  3.14159265  1.92883757  3.14159265  3.14159265 -3.14159265  3.14159265
  0.          1.92566872  3.14159265  3.14159265 -1.57079633  3.14159265
  3.14159265  3.14159265  3.14159265  3.14159265  0.          0.
  3.14159265  3.14159265  3.14159265  3.14159265  3.14159265  3.14159265
  3.14159265  3.14159265  3.14159265  3.14159265  3.14159265  3.14159265
  0.          3.14159265  3.14159265] 
 [0.00000000e+00 1.34456838e+00 0.00000000e+00 0.00000000e+00
 1.84930917e+00 0.00000000e+00 0.00000000e+00 1.33969978e+00
 1.48432023e-33 0.00000000e+00 0.00000000e+00 0.00000000e+00
 0.00000000e+00 9.35800520e-01 0.00000000e+00 0.00000000e+00
 0.00000000e+00 0.00000000e+00 8.34837752e-15 9.38970197e-01
 0.00000000e+00 0.00000000e+00 1.34456838e+00 0.00000000e+00
 0.00000000e+00 0.00000000e+00 0.00000000e+00 0.00000000e+00
 1.48432023e-33 1.48432023e-33 0.00000000e+00 0.00000000e+00
 0.00000000e+00 0.00000000e+00 0.00000000e+00 0.00000000e+00
 0.00000000e+00 0.00000000e+00 0.00000000e+00 0.00000000e+00
 0.00000000e+00 0.00000000e+00 1.10420113e-14 0.00000000e+00
 0.00000000e+00]
New op index: 22	$R_Y$[7]
Current grad: 235.71981077089717
[ 3.14159265 -1.58116477  3.14159265  3.14159265  3.14159265  3.14159265
  3.14159265 -1.58116477  3.14159265  3.14159265  3.14159265  3.14159265
  0.         -1.58559953  3.14159265  3.14159265 -3.14159265  3.14159265
  3.14159265 -1.58177823  3.14159265  3.14159265 -1.57079633  3.14159265
  3.14159265  3.14159265  3.14159265  3.14159265  3.14159265  3.14159265
  3.14159265  3.14159265  3.14159265  3.14159265  3.14159265  3.14159265
  3.14159265  3.14159265  3.14159265  3.14159265  3.14159265  3.14159265
  3.14159265  3.14159265  3.14159265] 
 [0.00000000e+00 4.77241053e+01 0.00000000e+00 0.00000000e+00
 0.00000000e+00 0.00000000e+00 0.00000000e+00 4.77241053e+01
 0.00000000e+00 0.00000000e+00 0.00000000e+00 0.00000000e+00
 2.60328890e-15 4.48586203e+01 0.00000000e+00 0.00000000e+00
 0.00000000e+00 0.00000000e+00 0.00000000e+00 4.50303811e+01
 0.00000000e+00 0.00000000e+00 4.82215132e+01 0.00000000e+00
 0.00000000e+00 0.00000000e+00 0.00000000e+00 0.00000000e+00
 0.00000000e+00 0.00000000e+00 0.00000000e+00 0.00000000e+00
 0.00000000e+00 0.00000000e+00 0.00000000e+00 0.00000000e+00
 0.00000000e+00 0.00000000e+00 0.00000000e+00 0.00000000e+00
 0.00000000e+00 0.00000000e+00 0.00000000e+00 0.00000000e+00
 0.00000000e+00]
New op index: 19	$R_Y$[6]
Current grad: 5.387755102040933
[ 3.14159265 -1.92681703  3.14159265  3.14159265 -3.14159265  3.14159265
  3.14159265 -1.92681703  3.14159265  3.14159265  3.14159265  3.14159265
  3.14159265  1.92883757  3.14159265  3.14159265  3.14159265  3.14159265
  0.          1.92566872  3.14159265  3.14159265  3.14159265  0.
  3.14159265  3.14159265  3.14159265  3.14159265  3.14159265  3.14159265
  3.14159265  3.14159265  3.14159265  3.14159265  3.14159265  3.14159265
  3.14159265  3.14159265  3.14159265  3.14159265  3.14159265  3.14159265
  3.14159265  3.14159265  3.14159265] 
 [0.00000000e+00 9.34525754e-01 0.00000000e+00 0.00000000e+00
 0.00000000e+00 0.00000000e+00 0.00000000e+00 9.34525754e-01
 0.00000000e+00 0.00000000e+00 0.00000000e+00 0.00000000e+00
 0.00000000e+00 9.35800520e-01 0.00000000e+00 0.00000000e+00
 0.00000000e+00 0.00000000e+00 8.35585193e-15 9.38970197e-01
 0.00000000e+00 0.00000000e+00 0.00000000e+00 1.04571919e-48
 0.00000000e+00 0.00000000e+00 0.00000000e+00 0.00000000e+00
 0.00000000e+00 0.00000000e+00 0.00000000e+00 0.00000000e+00
 0.00000000e+00 0.00000000e+00 0.00000000e+00 0.00000000e+00
 0.00000000e+00 0.00000000e+00 0.00000000e+00 0.00000000e+00
 0.00000000e+00 0.00000000e+00 0.00000000e+00 0.00000000e+00
 0.00000000e+00]
New op index: 1	$R_Y$[0]
Current grad: 145.03622758531353
[ 3.14159265 -1.58094964  3.14159265  3.14159265  3.14159265  3.14159265
  3.14159265 -1.58094964  3.14159265  3.14159265  3.14154507  3.14159265
  0.         -1.57517945  3.14159265  3.14159265  3.14159265  0.
  3.14159265 -3.14159265  3.14159265  3.14159265 -3.14159265  0.
  3.14159265  3.14159265  3.14159265  3.14159265  3.14159265  3.14159265
  3.14159265  3.14159265  3.14159265  3.14159265  3.14159265  3.14159265
  3.14159265  3.14159265  3.14159265  3.14159265  3.14159265  3.14159265
  3.14159265  3.14159265  3.14159265] 
 [0.00000000e+00 4.87458678e+01 0.00000000e+00 0.00000000e+00
 0.00000000e+00 0.00000000e+00 0.00000000e+00 4.87458678e+01
 0.00000000e+00 0.00000000e+00 2.77610779e-09 0.00000000e+00
 3.60476645e-15 4.63458657e+01 0.00000000e+00 0.00000000e+00
 0.00000000e+00 8.03178553e-33 0.00000000e+00 0.00000000e+00
 0.00000000e+00 0.00000000e+00 0.00000000e+00 7.98476576e-33
 0.00000000e+00 0.00000000e+00 0.00000000e+00 0.00000000e+00
 0.00000000e+00 0.00000000e+00 0.00000000e+00 0.00000000e+00
 0.00000000e+00 0.00000000e+00 0.00000000e+00 0.00000000e+00
 0.00000000e+00 0.00000000e+00 0.00000000e+00 0.00000000e+00
 0.00000000e+00 0.00000000e+00 0.00000000e+00 0.00000000e+00
 0.00000000e+00]
New op index: 7	$R_Y$[2]
Current grad: 2.6938775510209725
[ 3.14159265 -3.14159265  3.14159265  3.14159265  3.14159265  3.14159265
  3.14159265 -1.57441759  3.14159265  3.14159265  3.14159265  3.14159265
  3.14159265  1.57801265  3.14159265  3.14159265 -3.14159265  3.14159265
  3.14159265  3.14159265  3.14159265  3.14159265 -3.14159265  3.14159265
  3.14159265  3.14159265  3.14159265  3.14159265  3.14159265  3.14159265
  3.14159265  3.14159265  3.14159265  3.14159265  3.14159265  3.14159265
  3.14159265  3.14159265  3.14159265  3.14159265  3.14159265  3.14159265
  3.14159265  3.14159265  3.14159265] 
 [0.         0.         0.         0.         0.         0.
 0.         1.33970858 0.         0.         0.         0.
 0.         1.33960665 0.         0.         0.         0.
 0.         0.         0.         0.         0.         0.
 0.         0.         0.         0.         0.         0.
 0.         0.         0.         0.         0.         0.
 0.         0.         0.         0.         0.         0.
 0.         0.         0.        ]
New op index: 13	$R_Y$[4]
Current grad: 51.34815994249664
[ 3.14159265 -3.1415896   3.14159265  3.14159265 -3.14159265  3.14159265
  3.14159265 -3.14159265  3.14159265  3.14159265 -3.14159265  3.14159265
  0.          1.57089241  3.14159265  3.14159265  3.14159265  0.
  3.14159265  3.14159265  3.14159265  3.14159265 -3.14159265  0.
  3.14159265  3.14159265  3.14159265  3.14159265  3.14159265  3.14159265
  3.14159265  3.14159265  3.14159265  3.14159265  3.14159265  3.14159265
  3.14159265  3.14159265  3.14159265  3.14159265  3.14159265  3.14159265
  3.14159265  3.14159265  3.14159265] 
 [0.00000000e+00 6.25988150e-12 0.00000000e+00 0.00000000e+00
 0.00000000e+00 0.00000000e+00 0.00000000e+00 0.00000000e+00
 0.00000000e+00 0.00000000e+00 0.00000000e+00 0.00000000e+00
 7.74084912e-15 5.13432226e+01 0.00000000e+00 0.00000000e+00
 0.00000000e+00 3.18670210e-29 0.00000000e+00 0.00000000e+00
 0.00000000e+00 0.00000000e+00 0.00000000e+00 3.18670221e-29
 0.00000000e+00 0.00000000e+00 0.00000000e+00 0.00000000e+00
 0.00000000e+00 0.00000000e+00 0.00000000e+00 0.00000000e+00
 0.00000000e+00 0.00000000e+00 0.00000000e+00 0.00000000e+00
 0.00000000e+00 0.00000000e+00 0.00000000e+00 0.00000000e+00
 0.00000000e+00 0.00000000e+00 0.00000000e+00 0.00000000e+00
 0.00000000e+00]
New op index: 0	$R_X$[0]
Current grad: 1.3928083919729445e-08
[ 3.14159265 -3.14159265  3.14159265  3.14159265 -3.14159265  3.14159265
  3.14159265  3.14159265  3.14159265  3.14159265 -3.14159265  3.14159265
  3.14159265  3.14159265  3.14159265  3.14159265 -3.14159265  3.14159265
  3.14159265  3.14159265  3.14159265  3.14159265 -3.14159265  3.14159265
  3.14159265  3.14159265  3.14159265  3.14159265  3.14159265  3.14159265
  3.14159265  3.14159265  3.14159265  3.14159265  3.14159265  3.14159265
  3.14159265  3.14159265  3.14159265  3.14159265  3.14159265  3.14159265
  3.14159265  3.14159265  3.14159265] 
 [0. 0. 0. 0. 0. 0. 0. 0. 0. 0. 0. 0. 0. 0. 0. 0. 0. 0. 0. 0. 0. 0. 0. 0.
 0. 0. 0. 0. 0. 0. 0. 0. 0. 0. 0. 0. 0. 0. 0. 0. 0. 0. 0. 0. 0.]
Precision cutoff reached.
Calculating energies for FreeWilson2D(N_x=2, N_y=2, mass=-4.531, r=1.000)
h_im: 0.0
New op index: 10	$R_Y$[3]
Current grad: 12.122448979591827
[ 3.14159265 -1.57079633  3.14159265  3.14159265  1.57079633  3.14159265
  3.14159265 -1.57079633  3.14159265  3.14159265  1.1944682   0.
  3.14159265  1.1944682   0.          3.14159265 -1.57079633  3.14159265
  3.14159265  1.57079633  3.14159265  3.14159265 -1.57079633  3.14159265
  3.14159265  3.14159265  3.14159265  3.14159265  3.14159265  3.14159265
  3.14159265  0.          0.          3.14159265  3.14159265  3.14159265
  3.14159265  0.          0.          3.14159265  3.14159265  3.14159265
  3.14159265  3.14159265  3.14159265] 
 [0.         1.26530612 0.         0.         1.76530612 0.
 0.         1.76530612 0.         0.         1.86051446 1.
 0.         1.86051446 1.         0.         1.76530612 0.
 0.         1.76530612 0.         0.         1.26530612 0.
 0.         0.         0.         0.         0.         0.
 0.         1.         1.         0.         0.         0.
 0.         1.         1.         0.         0.         0.
 0.         0.         0.        ]
New op index: 16	$R_Y$[5]
Current grad: 325.62366247670377
[ 3.14159265 -1.57079633  3.14159265  3.14159265 -1.57079633  3.14159265
  3.14159265 -1.57079633  0.          3.14159265 -3.14159265  3.14159265
  3.14159265 -1.57490064  3.14159265  0.         -1.57079633  3.14159265
  3.14159265 -1.57079633  3.14159265  0.         -1.57079633  3.14159265
  3.14159265  3.14159265  3.14159265  3.14159265  0.          0.
  3.14159265  3.14159265  3.14159265  3.14159265  3.14159265  3.14159265
  0.          3.14159265  3.14159265  3.14159265  3.14159265  3.14159265
  3.14159265  3.14159265  3.14159265] 
 [0.00000000e+00 4.77663233e+01 0.00000000e+00 0.00000000e+00
 4.47357111e+01 0.00000000e+00 0.00000000e+00 4.75825693e+01
 8.67361738e-19 0.00000000e+00 0.00000000e+00 0.00000000e+00
 0.00000000e+00 4.45873240e+01 0.00000000e+00 3.01415284e-15
 4.82663233e+01 0.00000000e+00 0.00000000e+00 4.47357111e+01
 0.00000000e+00 3.29252286e-15 4.77663233e+01 0.00000000e+00
 0.00000000e+00 0.00000000e+00 0.00000000e+00 0.00000000e+00
 8.67361738e-19 8.67361738e-19 0.00000000e+00 0.00000000e+00
 0.00000000e+00 0.00000000e+00 0.00000000e+00 0.00000000e+00
 2.92631919e-15 0.00000000e+00 0.00000000e+00 0.00000000e+00
 0.00000000e+00 0.00000000e+00 0.00000000e+00 0.00000000e+00
 0.00000000e+00]
New op index: 4	$R_Y$[1]
Current grad: 8.086960374262777
[ 3.14159265 -1.57079633  3.14159265  3.14159265  1.57079633  3.14159265
  3.14159265 -1.57079633  3.14159265  3.14159265  3.14159265  3.14159265
  3.14159265  1.94980759  3.14159265  3.14159265 -3.14159265  3.14159265
  3.14159265  1.94648316  3.14159265  0.         -1.57079633  0.
  3.14159265  3.14159265  3.14159265  3.14159265  3.14159265  3.14159265
  3.14159265  3.14159265  3.14159265  3.14159265  3.14159265  3.14159265
  3.14159265  3.14159265  3.14159265  3.14159265  3.14159265  3.14159265
  0.          3.14159265  3.14159265] 
 [0.00000000e+00 1.26292818e+00 0.00000000e+00 0.00000000e+00
 1.76768407e+00 0.00000000e+00 0.00000000e+00 1.25805182e+00
 0.00000000e+00 0.00000000e+00 0.00000000e+00 0.00000000e+00
 0.00000000e+00 8.59646646e-01 0.00000000e+00 0.00000000e+00
 0.00000000e+00 0.00000000e+00 0.00000000e+00 8.62726274e-01
 0.00000000e+00 6.07380463e-15 1.26292818e+00 2.17310349e-32
 0.00000000e+00 0.00000000e+00 0.00000000e+00 0.00000000e+00
 0.00000000e+00 0.00000000e+00 0.00000000e+00 0.00000000e+00
 0.00000000e+00 0.00000000e+00 0.00000000e+00 0.00000000e+00
 0.00000000e+00 0.00000000e+00 0.00000000e+00 0.00000000e+00
 0.00000000e+00 0.00000000e+00 4.97262796e-15 0.00000000e+00
 0.00000000e+00]
New op index: 22	$R_Y$[7]
Current grad: 233.77039222683953
[ 3.14159265 -1.58126357  3.14159265  3.14159265 -3.14159265  3.14159265
  3.14159265 -1.58126357  3.14159265  3.14159265  3.14159265  3.14159265
  3.14159265 -1.58591053  3.14159265  3.14159265  3.14159265  0.
  3.14159265 -1.58184909  3.14159265  3.14159265 -1.57079633  3.14159265
  3.14159265  3.14159265  3.14159265  3.14159265  3.14159265  3.14159265
  3.14159265  3.14159265  3.14159265  3.14159265  3.14159265  3.14159265
  3.14159265  3.14159265  3.14159265  3.14159265  3.14159265  3.14159265
  0.          3.14159265  3.14159265] 
 [0.00000000e+00 4.72689402e+01 0.00000000e+00 0.00000000e+00
 0.00000000e+00 0.00000000e+00 0.00000000e+00 4.72689402e+01
 0.00000000e+00 0.00000000e+00 0.00000000e+00 0.00000000e+00
 0.00000000e+00 4.45571244e+01 0.00000000e+00 0.00000000e+00
 0.00000000e+00 2.31111593e-33 0.00000000e+00 4.47384743e+01
 0.00000000e+00 0.00000000e+00 4.77663233e+01 0.00000000e+00
 0.00000000e+00 0.00000000e+00 0.00000000e+00 0.00000000e+00
 0.00000000e+00 0.00000000e+00 0.00000000e+00 0.00000000e+00
 0.00000000e+00 0.00000000e+00 0.00000000e+00 0.00000000e+00
 0.00000000e+00 0.00000000e+00 0.00000000e+00 0.00000000e+00
 0.00000000e+00 0.00000000e+00 7.04297731e-16 0.00000000e+00
 0.00000000e+00]
New op index: 19	$R_Y$[6]
Current grad: 5.061224489796059
[ 3.14159265 -1.94776784  3.14159265  3.14159265  3.14159265  3.14159265
  3.14159265 -1.94776784  3.14159265  3.14159265  3.14159265  3.14159265
  3.14159265  1.94980759  3.14159265  3.14159265  3.14159265  3.14159265
  3.14159265  1.94648316  3.14159265  3.14159265  3.14159265  0.
  3.14159265  3.14159265  3.14159265  3.14159265  3.14159265  3.14159265
  3.14159265  3.14159265  3.14159265  3.14159265  3.14159265  3.14159265
  3.14159265  3.14159265  3.14159265  3.14159265  3.14159265  3.14159265
  3.14159265  3.14159265  3.14159265] 
 [0.00000000e+00 8.58303199e-01 0.00000000e+00 0.00000000e+00
 0.00000000e+00 0.00000000e+00 0.00000000e+00 8.58303199e-01
 0.00000000e+00 0.00000000e+00 0.00000000e+00 0.00000000e+00
 0.00000000e+00 8.59646646e-01 0.00000000e+00 0.00000000e+00
 0.00000000e+00 0.00000000e+00 0.00000000e+00 8.62726274e-01
 0.00000000e+00 0.00000000e+00 0.00000000e+00 4.26272562e-48
 0.00000000e+00 0.00000000e+00 0.00000000e+00 0.00000000e+00
 0.00000000e+00 0.00000000e+00 0.00000000e+00 0.00000000e+00
 0.00000000e+00 0.00000000e+00 0.00000000e+00 0.00000000e+00
 0.00000000e+00 0.00000000e+00 0.00000000e+00 0.00000000e+00
 0.00000000e+00 0.00000000e+00 0.00000000e+00 0.00000000e+00
 0.00000000e+00]
New op index: 1	$R_Y$[0]
Current grad: 144.72651689152994
[ 3.14159265 -1.58098225  3.14159265  3.14159265 -3.14159265  3.14159265
  3.14159265 -1.58098225  3.14159265  3.14159265  3.14153831  3.14159265
  0.         -1.57525656  3.14159265  3.14159265 -3.14159265  3.14159265
  3.14159265  3.14159265  3.14159265  3.14159265 -3.14159265  3.14159265
  3.14159265  3.14159265  3.14159265  3.14159265  3.14159265  3.14159265
  3.14159265  3.14159265  3.14159265  3.14159265  3.14159265  3.14159265
  3.14159265  3.14159265  3.14159265  3.14159265  3.14159265  3.14159265
  3.14159265  3.14159265  3.14159265] 
 [0.00000000e+00 4.85882126e+01 0.00000000e+00 0.00000000e+00
 0.00000000e+00 0.00000000e+00 0.00000000e+00 4.85882126e+01
 0.00000000e+00 0.00000000e+00 3.55838115e-09 0.00000000e+00
 1.17442549e-15 4.63478690e+01 0.00000000e+00 0.00000000e+00
 0.00000000e+00 0.00000000e+00 0.00000000e+00 0.00000000e+00
 0.00000000e+00 0.00000000e+00 0.00000000e+00 0.00000000e+00
 0.00000000e+00 0.00000000e+00 0.00000000e+00 0.00000000e+00
 0.00000000e+00 0.00000000e+00 0.00000000e+00 0.00000000e+00
 0.00000000e+00 0.00000000e+00 0.00000000e+00 0.00000000e+00
 0.00000000e+00 0.00000000e+00 0.00000000e+00 0.00000000e+00
 0.00000000e+00 0.00000000e+00 0.00000000e+00 0.00000000e+00
 0.00000000e+00]
New op index: 7	$R_Y$[2]
Current grad: 2.530612244899469
[ 3.14159265 -3.14159265  3.14159265  3.14159265  3.14159265  3.14159265
  3.14159265 -1.57465782  3.14159265  3.14159265 -3.14159265  3.14159265
  0.          1.57848951  3.14159265  3.14159265 -3.14159265  3.14159265
  3.14159265  3.14159265  3.14159265  3.14159265 -3.14159265  3.14159265
  3.14159265  3.14159265  3.14159265  3.14159265  3.14159265  3.14159265
  3.14159265  3.14159265  3.14159265  3.14159265  3.14159265  3.14159265
  3.14159265  3.14159265  3.14159265  3.14159265  3.14159265  3.14159265
  3.14159265  3.14159265  3.14159265] 
 [0.00000000e+00 0.00000000e+00 0.00000000e+00 0.00000000e+00
 0.00000000e+00 0.00000000e+00 0.00000000e+00 1.25806122e+00
 0.00000000e+00 0.00000000e+00 0.00000000e+00 0.00000000e+00
 8.34910353e-15 1.25796842e+00 0.00000000e+00 0.00000000e+00
 0.00000000e+00 0.00000000e+00 0.00000000e+00 0.00000000e+00
 0.00000000e+00 0.00000000e+00 0.00000000e+00 0.00000000e+00
 0.00000000e+00 0.00000000e+00 0.00000000e+00 0.00000000e+00
 0.00000000e+00 0.00000000e+00 0.00000000e+00 0.00000000e+00
 0.00000000e+00 0.00000000e+00 0.00000000e+00 0.00000000e+00
 0.00000000e+00 0.00000000e+00 0.00000000e+00 0.00000000e+00
 0.00000000e+00 0.00000000e+00 0.00000000e+00 0.00000000e+00
 0.00000000e+00]
New op index: 13	$R_Y$[4]
Current grad: 51.266531382428354
[ 3.14159265 -3.14158772  3.14159265  3.14159265 -3.14159265  3.14159265
  3.14159265  3.14159265  3.14159265  3.14159265 -3.14159265  3.14159265
  3.14159265  1.57089264  3.14159265  3.14159265 -3.14159265  3.14159265
  3.14159265  3.14159265  3.14159265  3.14159265  3.14159265  3.14159265
  3.14159265  3.14159265  3.14159265  3.14159265  3.14159265  3.14159265
  3.14159265  3.14159265  3.14159265  3.14159265  3.14159265  3.14159265
  3.14159265  3.14159265  3.14159265  3.14159265  3.14159265  3.14159265
  3.14159265  3.14159265  3.14159265] 
 [0.00000000e+00 1.53770330e-11 0.00000000e+00 0.00000000e+00
 0.00000000e+00 0.00000000e+00 0.00000000e+00 0.00000000e+00
 0.00000000e+00 0.00000000e+00 0.00000000e+00 0.00000000e+00
 0.00000000e+00 5.12615879e+01 0.00000000e+00 0.00000000e+00
 0.00000000e+00 0.00000000e+00 0.00000000e+00 0.00000000e+00
 0.00000000e+00 0.00000000e+00 0.00000000e+00 0.00000000e+00
 0.00000000e+00 0.00000000e+00 0.00000000e+00 0.00000000e+00
 0.00000000e+00 0.00000000e+00 0.00000000e+00 0.00000000e+00
 0.00000000e+00 0.00000000e+00 0.00000000e+00 0.00000000e+00
 0.00000000e+00 0.00000000e+00 0.00000000e+00 0.00000000e+00
 0.00000000e+00 0.00000000e+00 0.00000000e+00 0.00000000e+00
 0.00000000e+00]
New op index: 0	$R_X$[0]
Current grad: 1.405867525699419e-08
[ 3.14159265 -3.14159265  3.14159265  3.14159265 -3.14159265  3.14159265
  3.14159265  3.14159265  3.14159265  3.14159265 -3.14159265  3.14159265
  3.14159265 -3.14159265  3.14159265  3.14159265 -3.14159265  3.14159265
  3.14159265  3.14159265  3.14159265  3.14159265 -3.14159265  3.14159265
  3.14159265  3.14159265  3.14159265  3.14159265  3.14159265  3.14159265
  3.14159265  3.14159265  3.14159265  3.14159265  3.14159265  3.14159265
  3.14159265  3.14159265  3.14159265  3.14159265  3.14159265  3.14159265
  3.14159265  3.14159265  3.14159265] 
 [0. 0. 0. 0. 0. 0. 0. 0. 0. 0. 0. 0. 0. 0. 0. 0. 0. 0. 0. 0. 0. 0. 0. 0.
 0. 0. 0. 0. 0. 0. 0. 0. 0. 0. 0. 0. 0. 0. 0. 0. 0. 0. 0. 0. 0.]
Precision cutoff reached.
Calculating energies for FreeWilson2D(N_x=2, N_y=2, mass=-4.367, r=1.000)
h_im: 0.0
New op index: 10	$R_Y$[3]
Current grad: 11.46938775510203
[ 3.14159265 -1.57079633  3.14159265  3.14159265  1.57079633  3.14159265
  3.14159265 -1.57079633  3.14159265  3.14159265  1.17111826  0.
  3.14159265  1.17111826  0.          3.14159265 -1.57079633  3.14159265
  3.14159265  1.57079633  3.14159265  3.14159265 -1.57079633  3.14159265
  3.14159265  3.14159265  3.14159265  3.14159265  3.14159265  3.14159265
  3.14159265  0.          0.          3.14159265  3.14159265  3.14159265
  3.14159265  0.          0.          3.14159265  3.14159265  3.14159265
  3.14159265  3.14159265  3.14159265] 
 [0.         1.18367347 0.         0.         1.68367347 0.
 0.         1.68367347 0.         0.         1.7849447  1.
 0.         1.7849447  1.         0.         1.68367347 0.
 0.         1.68367347 0.         0.         1.18367347 0.
 0.         0.         0.         0.         0.         0.
 0.         1.         1.         0.         0.         0.
 0.         1.         1.         0.         0.         0.
 0.         0.         0.        ]
New op index: 16	$R_Y$[5]
Current grad: 322.4437286232629
[ 3.14159265 -1.57079633  3.14159265  3.14159265 -1.57079633  3.14159265
  3.14159265 -1.57079633  3.14159265  3.14159265 -3.14159265  3.14159265
  0.         -1.57517682  3.14159265  3.14159265 -1.57079633  0.
  3.14159265 -1.57079633  0.          3.14159265 -1.57079633  0.
  3.14159265  3.14159265  3.14159265  3.14159265  3.14159265  3.14159265
  3.14159265  3.14159265  3.14159265  3.14159265  3.14159265  0.
  3.14159265  3.14159265  3.14159265  3.14159265  3.14159265  0.
  3.14159265  3.14159265  0.        ] 
 [0.00000000e+00 4.72429891e+01 0.00000000e+00 0.00000000e+00
 4.43756421e+01 0.00000000e+00 0.00000000e+00 4.70484282e+01
 0.00000000e+00 0.00000000e+00 0.00000000e+00 0.00000000e+00
 4.46454098e-15 4.42209142e+01 0.00000000e+00 0.00000000e+00
 4.77429891e+01 3.46944695e-18 0.00000000e+00 4.43756421e+01
 6.93889390e-18 0.00000000e+00 4.72429891e+01 2.08166817e-17
 0.00000000e+00 0.00000000e+00 0.00000000e+00 0.00000000e+00
 0.00000000e+00 0.00000000e+00 0.00000000e+00 0.00000000e+00
 0.00000000e+00 0.00000000e+00 0.00000000e+00 6.93889390e-18
 0.00000000e+00 0.00000000e+00 0.00000000e+00 0.00000000e+00
 0.00000000e+00 1.04083409e-17 0.00000000e+00 0.00000000e+00
 2.77555756e-17]
New op index: 4	$R_Y$[1]
Current grad: 7.597156679347505
[ 3.14159265 -1.57079633  3.14159265  3.14159265  1.57079633  3.14159265
  3.14159265 -1.57079633  3.14159265  3.14159265  3.14159265  3.14159265
  3.14159265  1.97324461  3.14159265  3.14159265 -3.14159265  3.14159265
  0.          1.96975321  3.14159265  0.         -1.57079633  3.14159265
  3.14159265  3.14159265  3.14159265  3.14159265  3.14159265  3.14159265
  3.14159265  3.14159265  3.14159265  3.14159265  3.14159265  3.14159265
  3.14159265  3.14159265  3.14159265  3.14159265  3.14159265  3.14159265
  0.          3.14159265  3.14159265] 
 [0.00000000e+00 1.18128793e+00 0.00000000e+00 0.00000000e+00
 1.68605901e+00 0.00000000e+00 0.00000000e+00 1.17640380e+00
 0.00000000e+00 0.00000000e+00 0.00000000e+00 0.00000000e+00
 0.00000000e+00 7.84163557e-01 0.00000000e+00 0.00000000e+00
 0.00000000e+00 0.00000000e+00 3.02654450e-15 7.87142558e-01
 0.00000000e+00 2.98778499e-15 1.18128793e+00 0.00000000e+00
 0.00000000e+00 0.00000000e+00 0.00000000e+00 0.00000000e+00
 0.00000000e+00 0.00000000e+00 0.00000000e+00 0.00000000e+00
 0.00000000e+00 0.00000000e+00 0.00000000e+00 0.00000000e+00
 0.00000000e+00 0.00000000e+00 0.00000000e+00 0.00000000e+00
 0.00000000e+00 0.00000000e+00 5.20956349e-15 0.00000000e+00
 0.00000000e+00]
New op index: 22	$R_Y$[7]
Current grad: 231.4802514779774
[ 3.14159265 -1.58137951  3.14159265  3.14159265 -3.14159265  3.14159265
  3.14159265 -1.58137951  3.14159265  3.14159265 -3.14159265  3.14159265
  0.         -1.58627255  3.14159265  3.14159265 -3.14159265  0.
  0.         -1.58193777  3.14159265  3.14159265 -1.57079633  0.
  3.14159265  3.14159265  3.14159265  3.14159265  3.14159265  3.14159265
  3.14159265  3.14159265  3.14159265  3.14159265  3.14159265  3.14159265
  3.14159265  3.14159265  3.14159265  3.14159265  3.14159265  3.14159265
  3.14159265  3.14159265  3.14159265] 
 [0.00000000e+00 4.67456349e+01 0.00000000e+00 0.00000000e+00
 0.00000000e+00 0.00000000e+00 0.00000000e+00 4.67456349e+01
 0.00000000e+00 0.00000000e+00 0.00000000e+00 0.00000000e+00
 4.16078736e-15 4.41864559e+01 0.00000000e+00 0.00000000e+00
 0.00000000e+00 8.78224055e-32 4.16078736e-15 4.43784275e+01
 0.00000000e+00 0.00000000e+00 4.72429891e+01 7.70371978e-32
 0.00000000e+00 0.00000000e+00 0.00000000e+00 0.00000000e+00
 0.00000000e+00 0.00000000e+00 0.00000000e+00 0.00000000e+00
 0.00000000e+00 0.00000000e+00 0.00000000e+00 0.00000000e+00
 0.00000000e+00 0.00000000e+00 0.00000000e+00 0.00000000e+00
 0.00000000e+00 0.00000000e+00 0.00000000e+00 0.00000000e+00
 0.00000000e+00]
New op index: 19	$R_Y$[6]
Current grad: 4.7346938775512175
[ 3.14159265 -1.97119805  3.14159265  3.14159265  3.14159265  3.14159265
  3.14159265 -1.97119805  3.14159265  3.14159265  3.14159265  3.14159265
  3.14159265  1.97324461  3.14159265  3.14159265 -3.14159265  3.14159265
  0.          1.96975321  3.14159265  3.14159265 -3.14159265  3.14159265
  3.14159265  3.14159265  3.14159265  3.14159265  3.14159265  3.14159265
  3.14159265  3.14159265  3.14159265  3.14159265  3.14159265  3.14159265
  3.14159265  3.14159265  3.14159265  3.14159265  3.14159265  3.14159265
  3.14159265  3.14159265  3.14159265] 
 [0.00000000e+00 7.82747513e-01 0.00000000e+00 0.00000000e+00
 0.00000000e+00 0.00000000e+00 0.00000000e+00 7.82747513e-01
 0.00000000e+00 0.00000000e+00 0.00000000e+00 0.00000000e+00
 0.00000000e+00 7.84163557e-01 0.00000000e+00 0.00000000e+00
 0.00000000e+00 0.00000000e+00 5.32922890e-15 7.87142558e-01
 0.00000000e+00 0.00000000e+00 0.00000000e+00 0.00000000e+00
 0.00000000e+00 0.00000000e+00 0.00000000e+00 0.00000000e+00
 0.00000000e+00 0.00000000e+00 0.00000000e+00 0.00000000e+00
 0.00000000e+00 0.00000000e+00 0.00000000e+00 0.00000000e+00
 0.00000000e+00 0.00000000e+00 0.00000000e+00 0.00000000e+00
 0.00000000e+00 0.00000000e+00 0.00000000e+00 0.00000000e+00
 0.00000000e+00]
New op index: 1	$R_Y$[0]
Current grad: 144.4102924032241
[ 3.14159265 -1.58101552  3.14159265  3.14159265  3.14159265  3.14159265
  3.14159265 -1.58101552  3.14159265  3.14159265  3.14153547  3.14159265
  0.         -1.57533462  3.14159265  3.14159265 -3.14159265  3.14159265
  3.14159265 -3.14159265  3.14159265  3.14159265 -3.14159265  3.14159265
  3.14159265  3.14159265  3.14159265  3.14159265  3.14159265  3.14159265
  3.14159265  3.14159265  3.14159265  3.14159265  3.14159265  3.14159265
  3.14159265  3.14159265  3.14159265  3.14159265  3.14159265  3.14159265
  3.14159265  3.14159265  3.14159265] 
 [0.00000000e+00 4.84283894e+01 0.00000000e+00 0.00000000e+00
 0.00000000e+00 0.00000000e+00 0.00000000e+00 4.84283894e+01
 0.00000000e+00 0.00000000e+00 3.87647736e-09 0.00000000e+00
 2.21081214e-15 4.63476694e+01 0.00000000e+00 0.00000000e+00
 0.00000000e+00 0.00000000e+00 0.00000000e+00 0.00000000e+00
 0.00000000e+00 0.00000000e+00 0.00000000e+00 0.00000000e+00
 0.00000000e+00 0.00000000e+00 0.00000000e+00 0.00000000e+00
 0.00000000e+00 0.00000000e+00 0.00000000e+00 0.00000000e+00
 0.00000000e+00 0.00000000e+00 0.00000000e+00 0.00000000e+00
 0.00000000e+00 0.00000000e+00 0.00000000e+00 0.00000000e+00
 0.00000000e+00 0.00000000e+00 0.00000000e+00 0.00000000e+00
 0.00000000e+00]
New op index: 7	$R_Y$[2]
Current grad: 2.3673469387775046
[ 3.14159265 -3.14159265  3.14159265  3.14159265  3.14159265  3.14159265
  3.14159265 -1.57493127  3.14159265  3.14159265 -3.14159265  3.14159265
  3.14159265  1.57903205  3.14159265  3.14159265 -3.14159265  3.14159265
  3.14159265 -3.14159265  3.14159265  3.14159265 -3.14159265  3.14159265
  3.14159265  3.14159265  3.14159265  3.14159265  3.14159265  3.14159265
  3.14159265  3.14159265  3.14159265  3.14159265  3.14159265  3.14159265
  3.14159265  3.14159265  3.14159265  3.14159265  3.14159265  3.14159265
  3.14159265  3.14159265  3.14159265] 
 [0.         0.         0.         0.         0.         0.
 0.         1.17641388 0.         0.         0.         0.
 0.         1.17633051 0.         0.         0.         0.
 0.         0.         0.         0.         0.         0.
 0.         0.         0.         0.         0.         0.
 0.         0.         0.         0.         0.         0.
 0.         0.         0.         0.         0.         0.
 0.         0.         0.        ]
New op index: 13	$R_Y$[4]
Current grad: 51.18490416159264
[ 3.14159265 -3.14158445  3.14159265  3.14159265 -3.14159265  3.14159265
  3.14159265 -3.14159265  3.14159265  3.14159265 -3.14159265  3.14159265
  0.          1.57089287  3.14159265  3.14159265  3.14159265  3.14159265
  3.14159265  3.14159265  3.14159265  3.14159265  3.14159265  3.14159265
  3.14159265  3.14159265  3.14159265  3.14159265  3.14159265  3.14159265
  3.14159265  3.14159265  3.14159265  3.14159265  3.14159265  3.14159265
  3.14159265  3.14159265  3.14159265  3.14159265  3.14159265  3.14159265
  3.14159265  3.14159265  3.14159265] 
 [0.00000000e+00 3.97932798e-11 0.00000000e+00 0.00000000e+00
 0.00000000e+00 0.00000000e+00 0.00000000e+00 0.00000000e+00
 0.00000000e+00 0.00000000e+00 0.00000000e+00 0.00000000e+00
 8.96203853e-15 5.11799532e+01 0.00000000e+00 0.00000000e+00
 0.00000000e+00 0.00000000e+00 0.00000000e+00 0.00000000e+00
 0.00000000e+00 0.00000000e+00 0.00000000e+00 0.00000000e+00
 0.00000000e+00 0.00000000e+00 0.00000000e+00 0.00000000e+00
 0.00000000e+00 0.00000000e+00 0.00000000e+00 0.00000000e+00
 0.00000000e+00 0.00000000e+00 0.00000000e+00 0.00000000e+00
 0.00000000e+00 0.00000000e+00 0.00000000e+00 0.00000000e+00
 0.00000000e+00 0.00000000e+00 0.00000000e+00 0.00000000e+00
 0.00000000e+00]
New op index: 0	$R_X$[0]
Current grad: 1.4239266015069493e-08
[ 3.14159265 -3.14159265  3.14159265  3.14159265 -3.14159265  3.14159265
  3.14159265  3.14159265  3.14159265  3.14159265 -3.14159265  3.14159265
  3.14159265  3.14159265  3.14159265  3.14159265 -3.14159265  3.14159265
  3.14159265  3.14159265  3.14159265  3.14159265 -3.14159265  3.14159265
  3.14159265  3.14159265  3.14159265  3.14159265  3.14159265  3.14159265
  3.14159265  3.14159265  3.14159265  3.14159265  3.14159265  3.14159265
  3.14159265  3.14159265  3.14159265  3.14159265  3.14159265  3.14159265
  3.14159265  3.14159265  3.14159265] 
 [0. 0. 0. 0. 0. 0. 0. 0. 0. 0. 0. 0. 0. 0. 0. 0. 0. 0. 0. 0. 0. 0. 0. 0.
 0. 0. 0. 0. 0. 0. 0. 0. 0. 0. 0. 0. 0. 0. 0. 0. 0. 0. 0. 0. 0.]
Precision cutoff reached.
Calculating energies for FreeWilson2D(N_x=2, N_y=2, mass=-4.204, r=1.000)
h_im: 0.0
New op index: 10	$R_Y$[3]
Current grad: 10.816326530612235
[ 3.14159265 -1.57079633  3.14159265  3.14159265  1.57079633  3.14159265
  3.14159265 -1.57079633  3.14159265  3.14159265  1.14486667  0.
  3.14159265  1.14486667  0.          3.14159265 -1.57079633  3.14159265
  3.14159265  1.57079633  3.14159265  3.14159265 -1.57079633  3.14159265
  3.14159265  3.14159265  3.14159265  3.14159265  3.14159265  3.14159265
  3.14159265  0.          0.          3.14159265  3.14159265  3.14159265
  3.14159265  0.          0.          3.14159265  3.14159265  3.14159265
  3.14159265  3.14159265  3.14159265] 
 [0.         1.10204082 0.         0.         1.60204082 0.
 0.         1.60204082 0.         0.         1.71016278 1.
 0.         1.71016278 1.         0.         1.60204082 0.
 0.         1.60204082 0.         0.         1.10204082 0.
 0.         0.         0.         0.         0.         0.
 0.         1.         1.         0.         0.         0.
 0.         1.         1.         0.         0.         0.
 0.         0.         0.        ]
New op index: 16	$R_Y$[5]
Current grad: 318.66938744118346
[ 3.14159265 -1.57079633  3.14159265  3.14159265 -1.57079633  3.14159265
  3.14159265 -1.57079633  0.          3.14159265 -3.14159265  3.14159265
  3.14159265 -1.57549401  3.14159265  3.14159265 -1.57079633  0.
  3.14159265 -1.57079633  0.          3.14159265 -1.57079633  0.
  3.14159265  3.14159265  3.14159265  3.14159265  0.          0.
  3.14159265  3.14159265  3.14159265  3.14159265  3.14159265  0.
  3.14159265  3.14159265  3.14159265  3.14159265  3.14159265  0.
  3.14159265  3.14159265  0.        ] 
 [0.00000000e+00 4.66347919e+01 0.00000000e+00 0.00000000e+00
 4.39307103e+01 0.00000000e+00 0.00000000e+00 4.64282082e+01
 5.46437895e-17 0.00000000e+00 0.00000000e+00 0.00000000e+00
 0.00000000e+00 4.37692843e+01 0.00000000e+00 0.00000000e+00
 4.71347919e+01 5.63785130e-17 0.00000000e+00 4.39307103e+01
 3.98986399e-17 0.00000000e+00 4.66347919e+01 1.73472348e-18
 0.00000000e+00 0.00000000e+00 0.00000000e+00 0.00000000e+00
 5.46437895e-17 5.46437895e-17 0.00000000e+00 0.00000000e+00
 0.00000000e+00 0.00000000e+00 0.00000000e+00 3.98986399e-17
 0.00000000e+00 0.00000000e+00 0.00000000e+00 0.00000000e+00
 0.00000000e+00 9.62771529e-17 0.00000000e+00 0.00000000e+00
 4.16333634e-17]
New op index: 4	$R_Y$[1]
Current grad: 7.107352959590715
[ 3.14159265 -1.57079633  3.14159265  3.14159265  1.57079633  3.14159265
  3.14159265 -1.57079633  0.          3.14159265  3.14159265  3.14159265
  0.          1.99958022  3.14159265  3.14159265 -3.14159265  3.14159265
  3.14159265  1.99591039  3.14159265  3.14159265 -1.57079633  3.14159265
  3.14159265  3.14159265  3.14159265  3.14159265  0.          0.
  3.14159265  3.14159265  3.14159265  3.14159265  3.14159265  3.14159265
  3.14159265  3.14159265  3.14159265  3.14159265  3.14159265  3.14159265
  3.14159265  3.14159265  3.14159265] 
 [0.00000000e+00 1.09964765e+00 0.00000000e+00 0.00000000e+00
 1.60443398e+00 0.00000000e+00 0.00000000e+00 1.09475571e+00
 2.75423028e-33 0.00000000e+00 0.00000000e+00 0.00000000e+00
 1.54831195e-14 7.09476327e-01 0.00000000e+00 0.00000000e+00
 0.00000000e+00 0.00000000e+00 0.00000000e+00 7.12342532e-01
 0.00000000e+00 0.00000000e+00 1.09964765e+00 0.00000000e+00
 0.00000000e+00 0.00000000e+00 0.00000000e+00 0.00000000e+00
 2.75423028e-33 2.75423028e-33 0.00000000e+00 0.00000000e+00
 0.00000000e+00 0.00000000e+00 0.00000000e+00 0.00000000e+00
 0.00000000e+00 0.00000000e+00 0.00000000e+00 0.00000000e+00
 0.00000000e+00 0.00000000e+00 0.00000000e+00 0.00000000e+00
 0.00000000e+00]
New op index: 22	$R_Y$[7]
Current grad: 228.76579646950202
[ 3.14159265 -1.58151752  3.14159265  3.14159265  3.14159265  3.14159265
  3.14159265 -1.58151752  3.14159265  3.14159265  3.14159265  3.14159265
  0.         -1.58669804  3.14159265  3.14159265  3.14159265  3.14159265
  3.14159265 -1.58204933  3.14159265  0.         -1.57079633  3.14159265
  3.14159265  3.14159265  3.14159265  3.14159265  3.14159265  3.14159265
  3.14159265  3.14159265  3.14159265  3.14159265  3.14159265  3.14159265
  3.14159265  3.14159265  3.14159265  3.14159265  3.14159265  3.14159265
  0.          3.14159265  3.14159265] 
 [0.00000000e+00 4.61374723e+01 0.00000000e+00 0.00000000e+00
 0.00000000e+00 0.00000000e+00 0.00000000e+00 4.61374723e+01
 0.00000000e+00 0.00000000e+00 0.00000000e+00 0.00000000e+00
 1.70286121e-16 4.37297446e+01 0.00000000e+00 0.00000000e+00
 0.00000000e+00 0.00000000e+00 0.00000000e+00 4.39335236e+01
 0.00000000e+00 2.92226560e-15 4.66347919e+01 0.00000000e+00
 0.00000000e+00 0.00000000e+00 0.00000000e+00 0.00000000e+00
 0.00000000e+00 0.00000000e+00 0.00000000e+00 0.00000000e+00
 0.00000000e+00 0.00000000e+00 0.00000000e+00 0.00000000e+00
 0.00000000e+00 0.00000000e+00 0.00000000e+00 0.00000000e+00
 0.00000000e+00 0.00000000e+00 3.50067197e-15 0.00000000e+00
 0.00000000e+00]
New op index: 19	$R_Y$[6]
Current grad: 4.408163265306403
[ 3.14159265 -1.99754452  3.14159265  3.14159265 -3.14159265  3.14159265
  3.14159265 -1.99754452  3.14159265  3.14159265 -3.14159265  3.14159265
  3.14159265  1.99958022  3.14159265  3.14159265  3.14159265  0.
  3.14159265  1.99591039  3.14159265  3.14159265 -3.14159265  0.
  3.14159265  3.14159265  3.14159265  3.14159265  3.14159265  3.14159265
  3.14159265  3.14159265  3.14159265  3.14159265  3.14159265  3.14159265
  3.14159265  3.14159265  3.14159265  3.14159265  3.14159265  3.14159265
  3.14159265  3.14159265  3.14159265] 
 [0.00000000e+00 7.07983841e-01 0.00000000e+00 0.00000000e+00
 0.00000000e+00 0.00000000e+00 0.00000000e+00 7.07983841e-01
 0.00000000e+00 0.00000000e+00 0.00000000e+00 0.00000000e+00
 0.00000000e+00 7.09476327e-01 0.00000000e+00 0.00000000e+00
 0.00000000e+00 6.82877582e-33 0.00000000e+00 7.12342532e-01
 0.00000000e+00 0.00000000e+00 0.00000000e+00 2.56692323e-47
 0.00000000e+00 0.00000000e+00 0.00000000e+00 0.00000000e+00
 0.00000000e+00 0.00000000e+00 0.00000000e+00 0.00000000e+00
 0.00000000e+00 0.00000000e+00 0.00000000e+00 0.00000000e+00
 0.00000000e+00 0.00000000e+00 0.00000000e+00 0.00000000e+00
 0.00000000e+00 0.00000000e+00 0.00000000e+00 0.00000000e+00
 0.00000000e+00]
Optimization failed: Maximum number of sweeps reached.
New op index: 1	$R_Y$[0]
Current grad: 144.06865832392813
[ 3.14159265 -1.5810508   3.14159265  3.14159265 -3.14159265  3.14159265
  3.14159265 -1.5810508   3.14159265  3.14159265  3.14146447  3.14159265
  3.14159265 -1.57541581  3.14159265  3.14159265 -3.14159265  3.14159265
  3.14159265 -3.14159265  3.14159265  3.14159265 -3.14159265  3.14159265
  3.14159265  3.14159265  3.14159265  3.14159265  3.14159265  3.14159265
  3.14159265  3.14159265  3.14159265  3.14159265  3.14159265  3.14159265
  3.14159265  3.14159265  3.14159265  3.14159265  3.14159265  3.14159265
  3.14159265  3.14159265  3.14159265] 
 [0.00000000e+00 4.82600398e+01 0.00000000e+00 0.00000000e+00
 0.00000000e+00 0.00000000e+00 0.00000000e+00 4.82600398e+01
 0.00000000e+00 0.00000000e+00 1.99666177e-08 0.00000000e+00
 0.00000000e+00 4.63388373e+01 0.00000000e+00 0.00000000e+00
 0.00000000e+00 0.00000000e+00 0.00000000e+00 0.00000000e+00
 0.00000000e+00 0.00000000e+00 0.00000000e+00 0.00000000e+00
 0.00000000e+00 0.00000000e+00 0.00000000e+00 0.00000000e+00
 0.00000000e+00 0.00000000e+00 0.00000000e+00 0.00000000e+00
 0.00000000e+00 0.00000000e+00 0.00000000e+00 0.00000000e+00
 0.00000000e+00 0.00000000e+00 0.00000000e+00 0.00000000e+00
 0.00000000e+00 0.00000000e+00 0.00000000e+00 0.00000000e+00
 0.00000000e+00]
New op index: 7	$R_Y$[2]
Current grad: 2.20408163265803
[ 3.14159265 -3.14159265  3.14159265  3.14159265 -3.14159265  3.14159265
  3.14159265 -1.57524535  3.14159265  3.14159265 -3.14159265  3.14159265
  0.          1.57965482  3.14159265  3.14159265 -3.14159265  3.14159265
  3.14159265 -3.14159265  3.14159265  3.14159265 -3.14159265  3.14159265
  3.14159265  3.14159265  3.14159265  3.14159265  3.14159265  3.14159265
  3.14159265  3.14159265  3.14159265  3.14159265  3.14159265  3.14159265
  3.14159265  3.14159265  3.14159265  3.14159265  3.14159265  3.14159265
  3.14159265  3.14159265  3.14159265] 
 [0.00000000e+00 0.00000000e+00 0.00000000e+00 0.00000000e+00
 0.00000000e+00 0.00000000e+00 0.00000000e+00 1.09476659e+00
 0.00000000e+00 0.00000000e+00 0.00000000e+00 0.00000000e+00
 9.37645191e-15 1.09469299e+00 0.00000000e+00 0.00000000e+00
 0.00000000e+00 0.00000000e+00 0.00000000e+00 0.00000000e+00
 0.00000000e+00 0.00000000e+00 0.00000000e+00 0.00000000e+00
 0.00000000e+00 0.00000000e+00 0.00000000e+00 0.00000000e+00
 0.00000000e+00 0.00000000e+00 0.00000000e+00 0.00000000e+00
 0.00000000e+00 0.00000000e+00 0.00000000e+00 0.00000000e+00
 0.00000000e+00 0.00000000e+00 0.00000000e+00 0.00000000e+00
 0.00000000e+00 0.00000000e+00 0.00000000e+00 0.00000000e+00
 0.00000000e+00]
New op index: 13	$R_Y$[4]
Current grad: 51.10327926903497
[ 3.14159265 -3.14157858  3.14159265  3.14159265 -3.14159265  3.14159265
  3.14159265  3.14159265  3.14159265  3.14159265 -3.14159265  3.14159265
  0.          1.5708931   3.14159265  3.14159265  3.14159265  0.
  3.14159265  3.14159265  3.14159265  3.14159265 -3.14159265  0.
  3.14159265  3.14159265  3.14159265  3.14159265  3.14159265  3.14159265
  3.14159265  3.14159265  3.14159265  3.14159265  3.14159265  3.14159265
  3.14159265  3.14159265  3.14159265  3.14159265  3.14159265  3.14159265
  3.14159265  3.14159265  3.14159265] 
 [0.00000000e+00 1.09040998e-10 0.00000000e+00 0.00000000e+00
 0.00000000e+00 0.00000000e+00 0.00000000e+00 0.00000000e+00
 0.00000000e+00 0.00000000e+00 0.00000000e+00 0.00000000e+00
 5.04793809e-15 5.10983185e+01 0.00000000e+00 0.00000000e+00
 0.00000000e+00 3.75874874e-29 0.00000000e+00 0.00000000e+00
 0.00000000e+00 0.00000000e+00 0.00000000e+00 3.75874820e-29
 0.00000000e+00 0.00000000e+00 0.00000000e+00 0.00000000e+00
 0.00000000e+00 0.00000000e+00 0.00000000e+00 0.00000000e+00
 0.00000000e+00 0.00000000e+00 0.00000000e+00 0.00000000e+00
 0.00000000e+00 0.00000000e+00 0.00000000e+00 0.00000000e+00
 0.00000000e+00 0.00000000e+00 0.00000000e+00 0.00000000e+00
 0.00000000e+00]
New op index: 0	$R_X$[0]
Current grad: 1.4526682078935195e-08
[ 3.14159265 -3.14159265  3.14159265  3.14159265 -3.14159265  3.14159265
  3.14159265 -3.14159265  3.14159265  3.14159265 -3.14159265  3.14159265
  3.14159265 -3.14159265  3.14159265  3.14159265 -3.14159265  3.14159265
  3.14159265  3.14159265  3.14159265  3.14159265 -3.14159265  3.14159265
  3.14159265  3.14159265  3.14159265  3.14159265  3.14159265  3.14159265
  3.14159265  3.14159265  3.14159265  3.14159265  3.14159265  3.14159265
  3.14159265  3.14159265  3.14159265  3.14159265  3.14159265  3.14159265
  3.14159265  3.14159265  3.14159265] 
 [0. 0. 0. 0. 0. 0. 0. 0. 0. 0. 0. 0. 0. 0. 0. 0. 0. 0. 0. 0. 0. 0. 0. 0.
 0. 0. 0. 0. 0. 0. 0. 0. 0. 0. 0. 0. 0. 0. 0. 0. 0. 0. 0. 0. 0.]
Precision cutoff reached.
Calculating energies for FreeWilson2D(N_x=2, N_y=2, mass=-4.041, r=1.000)
h_im: 0.0
New op index: 10	$R_Y$[3]
Current grad: 10.163265306122439
[ 3.14159265 -1.57079633  3.14159265  3.14159265  1.57079633  3.14159265
  3.14159265 -1.57079633  3.14159265  3.14159265  1.11518067  0.
  3.14159265  1.11518067  0.          3.14159265 -1.57079633  3.14159265
  3.14159265  1.57079633  3.14159265  3.14159265 -1.57079633  3.14159265
  3.14159265  3.14159265  3.14159265  3.14159265  3.14159265  3.14159265
  3.14159265  0.          0.          3.14159265  3.14159265  3.14159265
  3.14159265  0.          0.          3.14159265  3.14159265  3.14159265
  3.14159265  3.14159265  3.14159265] 
 [0.         1.02040816 0.         0.         1.52040816 0.
 0.         1.52040816 0.         0.         1.63632426 1.
 0.         1.63632426 1.         0.         1.52040816 0.
 0.         1.52040816 0.         0.         1.02040816 0.
 0.         0.         0.         0.         0.         0.
 0.         1.         1.         0.         0.         0.
 0.         1.         1.         0.         0.         0.
 0.         0.         0.        ]
New op index: 16	$R_Y$[5]
Current grad: 314.14801094072726
[ 3.14159265 -1.57079633  3.14159265  3.14159265 -1.57079633  3.14159265
  3.14159265 -1.57079633  3.14159265  3.14159265  3.14159265  3.14159265
  0.         -1.57586207  3.14159265  0.         -1.57079633  3.14159265
  0.         -1.57079633  3.14159265  0.         -1.57079633  3.14159265
  3.14159265  3.14159265  3.14159265  3.14159265  3.14159265  3.14159265
  3.14159265  3.14159265  3.14159265  3.14159265  3.14159265  3.14159265
  0.          3.14159265  3.14159265  0.          0.          3.14159265
  0.          0.          3.14159265] 
 [0.00000000e+00 4.59199232e+01 0.00000000e+00 0.00000000e+00
 4.33791069e+01 0.00000000e+00 0.00000000e+00 4.56999156e+01
 0.00000000e+00 0.00000000e+00 0.00000000e+00 0.00000000e+00
 3.61247313e-15 4.32106614e+01 0.00000000e+00 9.84013041e-17
 4.64199232e+01 0.00000000e+00 1.36954648e-16 4.33791069e+01
 0.00000000e+00 1.73560854e-16 4.59199232e+01 0.00000000e+00
 0.00000000e+00 0.00000000e+00 0.00000000e+00 0.00000000e+00
 0.00000000e+00 0.00000000e+00 0.00000000e+00 0.00000000e+00
 0.00000000e+00 0.00000000e+00 0.00000000e+00 0.00000000e+00
 1.41583528e-15 0.00000000e+00 0.00000000e+00 7.24547973e-16
 7.21945887e-16 0.00000000e+00 7.52869989e-16 7.52869989e-16
 0.00000000e+00]
New op index: 4	$R_Y$[1]
Current grad: 6.617549214872868
[ 3.14159265 -1.57079633  3.14159265  3.14159265  1.57079633  3.14159265
  3.14159265 -1.57079633  3.14159265  3.14159265 -3.14159265  3.14159265
  3.14159265  2.02934327  3.14159265  3.14159265 -3.14159265  3.14159265
  3.14159265  2.02548408  3.14159265  0.         -1.57079633  0.
  3.14159265  3.14159265  3.14159265  3.14159265  3.14159265  3.14159265
  3.14159265  3.14159265  3.14159265  3.14159265  3.14159265  3.14159265
  3.14159265  3.14159265  3.14159265  3.14159265  3.14159265  3.14159265
  0.          3.14159265  3.14159265] 
 [0.00000000e+00 1.01800734e+00 0.00000000e+00 0.00000000e+00
 1.52280899e+00 0.00000000e+00 0.00000000e+00 1.01310757e+00
 0.00000000e+00 0.00000000e+00 0.00000000e+00 0.00000000e+00
 0.00000000e+00 6.35741284e-01 0.00000000e+00 0.00000000e+00
 0.00000000e+00 0.00000000e+00 0.00000000e+00 6.38480668e-01
 0.00000000e+00 9.99203021e-15 1.01800734e+00 3.28461333e-33
 0.00000000e+00 0.00000000e+00 0.00000000e+00 0.00000000e+00
 0.00000000e+00 0.00000000e+00 0.00000000e+00 0.00000000e+00
 0.00000000e+00 0.00000000e+00 0.00000000e+00 0.00000000e+00
 0.00000000e+00 0.00000000e+00 0.00000000e+00 0.00000000e+00
 0.00000000e+00 0.00000000e+00 4.54487222e-15 0.00000000e+00
 0.00000000e+00]
New op index: 22	$R_Y$[7]
Current grad: 225.51798355764862
[ 3.14159265 -1.58168442  3.14159265  3.14159265  3.14159265  3.14159265
  3.14159265 -1.58168442  3.14159265  3.14159265  3.14159265  3.14159265
  0.         -1.58720375  3.14159265  3.14159265 -3.14159265  0.
  3.14159265 -1.58219078  3.14159265  3.14159265 -1.57079633  0.
  3.14159265  3.14159265  3.14159265  3.14159265  3.14159265  3.14159265
  3.14159265  3.14159265  3.14159265  3.14159265  3.14159265  3.14159265
  3.14159265  3.14159265  3.14159265  3.14159265  3.14159265  3.14159265
  3.14159265  3.14159265  3.14159265] 
 [0.00000000e+00 4.54226453e+01 0.00000000e+00 0.00000000e+00
 0.00000000e+00 0.00000000e+00 0.00000000e+00 4.54226453e+01
 0.00000000e+00 0.00000000e+00 0.00000000e+00 0.00000000e+00
 2.60215602e-15 4.31650062e+01 0.00000000e+00 0.00000000e+00
 0.00000000e+00 4.62223187e-32 0.00000000e+00 4.33819556e+01
 0.00000000e+00 0.00000000e+00 4.59199232e+01 4.31408308e-32
 0.00000000e+00 0.00000000e+00 0.00000000e+00 0.00000000e+00
 0.00000000e+00 0.00000000e+00 0.00000000e+00 0.00000000e+00
 0.00000000e+00 0.00000000e+00 0.00000000e+00 0.00000000e+00
 0.00000000e+00 0.00000000e+00 0.00000000e+00 0.00000000e+00
 0.00000000e+00 0.00000000e+00 0.00000000e+00 0.00000000e+00
 0.00000000e+00]
New op index: 19	$R_Y$[6]
Current grad: 4.081632653061385
[ 3.14159265 -2.02734341  3.14159265  3.14159265 -3.14159265  3.14159265
  3.14159265 -2.02734341  3.14159265  3.14159265 -3.14159265  3.14159265
  3.14159265  2.02934327  3.14159265  3.14159265  3.14159265  3.14159265
  3.14159265  2.02548408  3.14159265  3.14159265 -3.14159265  3.14159265
  3.14159265  3.14159265  3.14159265  3.14159265  3.14159265  3.14159265
  3.14159265  3.14159265  3.14159265  3.14159265  3.14159265  3.14159265
  3.14159265  3.14159265  3.14159265  3.14159265  3.14159265  3.14159265
  3.14159265  3.14159265  3.14159265] 
 [0.         0.63416883 0.         0.         0.         0.
 0.         0.63416883 0.         0.         0.         0.
 0.         0.63574128 0.         0.         0.         0.
 0.         0.63848067 0.         0.         0.         0.
 0.         0.         0.         0.         0.         0.
 0.         0.         0.         0.         0.         0.
 0.         0.         0.         0.         0.         0.
 0.         0.         0.        ]
New op index: 1	$R_Y$[0]
Current grad: 141.85021102534782
[ 3.14159265 -1.58122052  3.14159265  3.14159265 -3.14159265  3.14159265
  3.14159265 -1.58122052  3.14159265  3.14159265  3.14155217  3.14159265
  0.         -1.57574637  3.14159265  3.14159265 -3.14159265  0.
  3.14159265  3.14159265  3.14159265  3.14159265  3.14159265  0.
  3.14159265  3.14159265  3.14159265  3.14159265  3.14159265  3.14159265
  3.14159265  3.14159265  3.14159265  3.14159265  3.14159265  3.14159265
  3.14159265  3.14159265  3.14159265  3.14159265  3.14159265  3.14159265
  3.14159265  3.14159265  3.14159265] 
 [0.00000000e+00 4.74662328e+01 0.00000000e+00 0.00000000e+00
 0.00000000e+00 0.00000000e+00 0.00000000e+00 4.74662328e+01
 0.00000000e+00 0.00000000e+00 2.98087510e-09 0.00000000e+00
 2.90725715e-15 4.56960514e+01 0.00000000e+00 0.00000000e+00
 0.00000000e+00 1.63591745e-32 0.00000000e+00 0.00000000e+00
 0.00000000e+00 0.00000000e+00 0.00000000e+00 8.39063935e-33
 0.00000000e+00 0.00000000e+00 0.00000000e+00 0.00000000e+00
 0.00000000e+00 0.00000000e+00 0.00000000e+00 0.00000000e+00
 0.00000000e+00 0.00000000e+00 0.00000000e+00 0.00000000e+00
 0.00000000e+00 0.00000000e+00 0.00000000e+00 0.00000000e+00
 0.00000000e+00 0.00000000e+00 0.00000000e+00 0.00000000e+00
 0.00000000e+00]
New op index: 7	$R_Y$[2]
Current grad: 2.04081632653213
[ 3.14159265  3.14159265  3.14159265  3.14159265  3.14159265  3.14159265
  3.14159265 -1.57560983  3.14159265  3.14159265  3.14159265  3.14159265
  0.          1.58037703  3.14159265  3.14159265 -3.14159265  3.14159265
  3.14159265 -3.14159265  3.14159265  3.14159265 -3.14159265  3.14159265
  3.14159265  3.14159265  3.14159265  3.14159265  3.14159265  3.14159265
  3.14159265  3.14159265  3.14159265  3.14159265  3.14159265  3.14159265
  3.14159265  3.14159265  3.14159265  3.14159265  3.14159265  3.14159265
  3.14159265  3.14159265  3.14159265] 
 [0.00000000e+00 0.00000000e+00 0.00000000e+00 0.00000000e+00
 0.00000000e+00 0.00000000e+00 0.00000000e+00 1.01311936e+00
 0.00000000e+00 0.00000000e+00 0.00000000e+00 0.00000000e+00
 1.27792866e-15 1.01305595e+00 0.00000000e+00 0.00000000e+00
 0.00000000e+00 0.00000000e+00 0.00000000e+00 0.00000000e+00
 0.00000000e+00 0.00000000e+00 0.00000000e+00 0.00000000e+00
 0.00000000e+00 0.00000000e+00 0.00000000e+00 0.00000000e+00
 0.00000000e+00 0.00000000e+00 0.00000000e+00 0.00000000e+00
 0.00000000e+00 0.00000000e+00 0.00000000e+00 0.00000000e+00
 0.00000000e+00 0.00000000e+00 0.00000000e+00 0.00000000e+00
 0.00000000e+00 0.00000000e+00 0.00000000e+00 0.00000000e+00
 0.00000000e+00]
New op index: 13	$R_Y$[4]
Current grad: 51.02165853710363
[ 3.14159265 -3.14156767  3.14159265  3.14159265 -3.14159265  3.14159265
  3.14159265  3.14159265  3.14159265  3.14159265 -3.14159265  3.14159265
  3.14159265  1.57089333  3.14159265  3.14159265  3.14159265  3.14159265
  3.14159265  3.14159265  3.14159265  3.14159265 -3.14159265  3.14159265
  3.14159265  3.14159265  3.14159265  3.14159265  3.14159265  3.14159265
  3.14159265  3.14159265  3.14159265  3.14159265  3.14159265  3.14159265
  3.14159265  3.14159265  3.14159265  3.14159265  3.14159265  3.14159265
  3.14159265  3.14159265  3.14159265] 
 [0.00000000e+00 3.17972759e-10 0.00000000e+00 0.00000000e+00
 0.00000000e+00 0.00000000e+00 0.00000000e+00 0.00000000e+00
 0.00000000e+00 0.00000000e+00 0.00000000e+00 0.00000000e+00
 0.00000000e+00 5.10166838e+01 0.00000000e+00 0.00000000e+00
 0.00000000e+00 0.00000000e+00 0.00000000e+00 0.00000000e+00
 0.00000000e+00 0.00000000e+00 0.00000000e+00 0.00000000e+00
 0.00000000e+00 0.00000000e+00 0.00000000e+00 0.00000000e+00
 0.00000000e+00 0.00000000e+00 0.00000000e+00 0.00000000e+00
 0.00000000e+00 0.00000000e+00 0.00000000e+00 0.00000000e+00
 0.00000000e+00 0.00000000e+00 0.00000000e+00 0.00000000e+00
 0.00000000e+00 0.00000000e+00 0.00000000e+00 0.00000000e+00
 0.00000000e+00]
New op index: 0	$R_X$[0]
Current grad: 1.5032152389754995e-08
[ 3.14159265 -3.14159265  3.14159265  3.14159265 -3.14159265  3.14159265
  3.14159265  3.14159265  3.14159265  3.14159265 -3.14159265  3.14159265
  3.14159265 -3.14159265  3.14159265  3.14159265 -3.14159265  3.14159265
  3.14159265  3.14159265  3.14159265  3.14159265 -3.14159265  3.14159265
  3.14159265  3.14159265  3.14159265  3.14159265  3.14159265  3.14159265
  3.14159265  3.14159265  3.14159265  3.14159265  3.14159265  3.14159265
  3.14159265  3.14159265  3.14159265  3.14159265  3.14159265  3.14159265
  3.14159265  3.14159265  3.14159265] 
 [0. 0. 0. 0. 0. 0. 0. 0. 0. 0. 0. 0. 0. 0. 0. 0. 0. 0. 0. 0. 0. 0. 0. 0.
 0. 0. 0. 0. 0. 0. 0. 0. 0. 0. 0. 0. 0. 0. 0. 0. 0. 0. 0. 0. 0.]
Precision cutoff reached.
Calculating energies for FreeWilson2D(N_x=2, N_y=2, mass=-3.878, r=1.000)
h_im: 0.0
New op index: 10	$R_Y$[3]
Current grad: 9.510204081632645
[ 3.14159265 -1.57079633  3.14159265  3.14159265  1.57079633  3.14159265
  3.14159265 -1.57079633  3.14159265  3.14159265  1.08140333  0.
  3.14159265  1.08140333  0.          3.14159265 -1.57079633  3.14159265
  3.14159265  1.57079633  3.14159265  3.14159265 -1.57079633  3.14159265
  3.14159265  3.14159265  3.14159265  3.14159265  3.14159265  3.14159265
  3.14159265  0.          0.          3.14159265  3.14159265  3.14159265
  3.14159265  0.          0.          3.14159265  3.14159265  3.14159265
  3.14159265  3.14159265  3.14159265] 
 [0.         0.93877551 0.         0.         1.43877551 0.
 0.         1.43877551 0.         0.         1.56362562 1.
 0.         1.56362562 1.         0.         1.43877551 0.
 0.         1.43877551 0.         0.         0.93877551 0.
 0.         0.         0.         0.         0.         0.
 0.         1.         1.         0.         0.         0.
 0.         1.         1.         0.         0.         0.
 0.         0.         0.        ]
New op index: 16	$R_Y$[5]
Current grad: 308.6788505806827
[ 3.14159265 -1.57079633  3.14159265  3.14159265 -1.57079633  3.14159265
  3.14159265 -1.57079633  3.14159265  3.14159265  3.14159265  3.14159265
  3.14159265 -1.5762943   3.14159265  3.14159265 -1.57079633  3.14159265
  3.14159265 -1.57079633  0.          3.14159265 -1.57079633  3.14159265
  3.14159265  3.14159265  3.14159265  3.14159265  3.14159265  3.14159265
  3.14159265  3.14159265  3.14159265  3.14159265  3.14159265  0.
  3.14159265  3.14159265  3.14159265  3.14159265  3.14159265  0.
  3.14159265  3.14159265  0.        ] 
 [0.00000000e+00 4.50696940e+01 0.00000000e+00 0.00000000e+00
 4.26921430e+01 0.00000000e+00 0.00000000e+00 4.48346489e+01
 0.00000000e+00 0.00000000e+00 0.00000000e+00 0.00000000e+00
 0.00000000e+00 4.25164348e+01 0.00000000e+00 0.00000000e+00
 4.55696940e+01 0.00000000e+00 0.00000000e+00 4.26921430e+01
 4.16333634e-17 0.00000000e+00 4.50696940e+01 0.00000000e+00
 0.00000000e+00 0.00000000e+00 0.00000000e+00 0.00000000e+00
 0.00000000e+00 0.00000000e+00 0.00000000e+00 0.00000000e+00
 0.00000000e+00 0.00000000e+00 0.00000000e+00 4.16333634e-17
 0.00000000e+00 0.00000000e+00 0.00000000e+00 0.00000000e+00
 0.00000000e+00 2.77555756e-17 0.00000000e+00 0.00000000e+00
 2.77555756e-17]
New op index: 4	$R_Y$[1]
Current grad: 6.1277454450744475
[ 3.14159265 -1.57079633  3.14159265  3.14159265  1.57079633  3.14159265
  3.14159265 -1.57079633  3.14159265  3.14159265  3.14159265  3.14159265
  0.          2.06318477  3.14159265  3.14159265 -3.14159265  0.
  3.14159265  2.05912695  3.14159265  0.         -1.57079633  0.
  3.14159265  3.14159265  3.14159265  3.14159265  3.14159265  3.14159265
  3.14159265  3.14159265  3.14159265  3.14159265  3.14159265  3.14159265
  3.14159265  3.14159265  3.14159265  3.14159265  3.14159265  3.14159265
  3.14159265  3.14159265  3.14159265] 
 [0.00000000e+00 9.36366983e-01 0.00000000e+00 0.00000000e+00
 1.44118404e+00 0.00000000e+00 0.00000000e+00 9.31459366e-01
 0.00000000e+00 0.00000000e+00 0.00000000e+00 0.00000000e+00
 1.24424920e-15 5.63155628e-01 0.00000000e+00 0.00000000e+00
 0.00000000e+00 1.62970537e-32 0.00000000e+00 5.65752032e-01
 0.00000000e+00 2.65262311e-15 9.36366983e-01 2.02681557e-32
 0.00000000e+00 0.00000000e+00 0.00000000e+00 0.00000000e+00
 0.00000000e+00 0.00000000e+00 0.00000000e+00 0.00000000e+00
 0.00000000e+00 0.00000000e+00 0.00000000e+00 0.00000000e+00
 0.00000000e+00 0.00000000e+00 0.00000000e+00 0.00000000e+00
 0.00000000e+00 0.00000000e+00 0.00000000e+00 0.00000000e+00
 0.00000000e+00]
New op index: 22	$R_Y$[7]
Current grad: 221.59336791344518
[ 3.14159265 -1.5818898   3.14159265  3.14159265 -3.14159265  3.14159265
  3.14159265 -1.5818898   3.14159265  3.14159265 -3.14159265  3.14159265
  0.         -1.58781271  3.14159265  3.14159265  3.14159265  3.14159265
  3.14159265 -1.58237199  3.14159265  3.14159265 -1.57079633  3.14159265
  3.14159265  3.14159265  3.14159265  3.14159265  3.14159265  3.14159265
  3.14159265  3.14159265  3.14159265  3.14159265  3.14159265  3.14159265
  3.14159265  3.14159265  3.14159265  3.14159265  3.14159265  3.14159265
  3.14159265  3.14159265  3.14159265] 
 [0.00000000e+00 4.45724674e+01 0.00000000e+00 0.00000000e+00
 0.00000000e+00 0.00000000e+00 0.00000000e+00 4.45724674e+01
 0.00000000e+00 0.00000000e+00 0.00000000e+00 0.00000000e+00
 6.51866599e-15 4.24633519e+01 0.00000000e+00 0.00000000e+00
 0.00000000e+00 0.00000000e+00 0.00000000e+00 4.26950369e+01
 0.00000000e+00 0.00000000e+00 4.50696940e+01 0.00000000e+00
 0.00000000e+00 0.00000000e+00 0.00000000e+00 0.00000000e+00
 0.00000000e+00 0.00000000e+00 0.00000000e+00 0.00000000e+00
 0.00000000e+00 0.00000000e+00 0.00000000e+00 0.00000000e+00
 0.00000000e+00 0.00000000e+00 0.00000000e+00 0.00000000e+00
 0.00000000e+00 0.00000000e+00 0.00000000e+00 0.00000000e+00
 0.00000000e+00]
New op index: 19	$R_Y$[6]
Current grad: 3.755102040816569
[ 3.14159265 -2.06125595  3.14159265  3.14159265  3.14159265  3.14159265
  3.14159265 -2.06125595  3.14159265  3.14159265 -3.14159265  3.14159265
  0.          2.06318477  3.14159265  3.14159265  3.14159265  3.14159265
  3.14159265  2.05912695  3.14159265  3.14159265  3.14159265  0.
  3.14159265  3.14159265  3.14159265  3.14159265  3.14159265  3.14159265
  3.14159265  3.14159265  3.14159265  3.14159265  3.14159265  3.14159265
  3.14159265  3.14159265  3.14159265  3.14159265  3.14159265  3.14159265
  3.14159265  3.14159265  3.14159265] 
 [0.00000000e+00 5.61500413e-01 0.00000000e+00 0.00000000e+00
 0.00000000e+00 0.00000000e+00 0.00000000e+00 5.61500413e-01
 0.00000000e+00 0.00000000e+00 0.00000000e+00 0.00000000e+00
 3.36659772e-15 5.63155628e-01 0.00000000e+00 0.00000000e+00
 0.00000000e+00 0.00000000e+00 0.00000000e+00 5.65752032e-01
 0.00000000e+00 0.00000000e+00 0.00000000e+00 5.69198655e-47
 0.00000000e+00 0.00000000e+00 0.00000000e+00 0.00000000e+00
 0.00000000e+00 0.00000000e+00 0.00000000e+00 0.00000000e+00
 0.00000000e+00 0.00000000e+00 0.00000000e+00 0.00000000e+00
 0.00000000e+00 0.00000000e+00 0.00000000e+00 0.00000000e+00
 0.00000000e+00 0.00000000e+00 0.00000000e+00 0.00000000e+00
 0.00000000e+00]
New op index: 1	$R_Y$[0]
Current grad: 138.98307820230087
[ 3.14159265 -1.58144476  3.14159265  3.14159265  3.14159265  3.14159265
  3.14159265 -1.58144476  3.14159265  3.14159265  3.14156957  3.14159265
  3.14159265 -1.57617154  3.14159265  3.14159265  3.14159265  0.
  3.14159265 -3.14159265  3.14159265  3.14159265 -3.14159265  0.
  3.14159265  3.14159265  3.14159265  3.14159265  3.14159265  3.14159265
  3.14159265  3.14159265  3.14159265  3.14159265  3.14159265  3.14159265
  3.14159265  3.14159265  3.14159265  3.14159265  3.14159265  3.14159265
  3.14159265  3.14159265  3.14159265] 
 [0.00000000e+00 4.64561693e+01 0.00000000e+00 0.00000000e+00
 0.00000000e+00 0.00000000e+00 0.00000000e+00 4.64561693e+01
 0.00000000e+00 0.00000000e+00 1.24277832e-09 0.00000000e+00
 0.00000000e+00 4.48343121e+01 0.00000000e+00 0.00000000e+00
 0.00000000e+00 3.20901284e-32 0.00000000e+00 0.00000000e+00
 0.00000000e+00 0.00000000e+00 0.00000000e+00 3.17290166e-32
 0.00000000e+00 0.00000000e+00 0.00000000e+00 0.00000000e+00
 0.00000000e+00 0.00000000e+00 0.00000000e+00 0.00000000e+00
 0.00000000e+00 0.00000000e+00 0.00000000e+00 0.00000000e+00
 0.00000000e+00 0.00000000e+00 0.00000000e+00 0.00000000e+00
 0.00000000e+00 0.00000000e+00 0.00000000e+00 0.00000000e+00
 0.00000000e+00]
New op index: 7	$R_Y$[2]
Current grad: 1.877551020409787
[ 3.14159265 -3.14159265  3.14159265  3.14159265  3.14159265  3.14159265
  3.14159265 -1.5760379   3.14159265  3.14159265  3.14159265  3.14159265
  0.          1.58122455  3.14159265  3.14159265 -3.14159265  3.14159265
  3.14159265  3.14159265  3.14159265  3.14159265  3.14159265  3.14159265
  3.14159265  3.14159265  3.14159265  3.14159265  3.14159265  3.14159265
  3.14159265  3.14159265  3.14159265  3.14159265  3.14159265  3.14159265
  3.14159265  3.14159265  3.14159265  3.14159265  3.14159265  3.14159265
  3.14159265  3.14159265  3.14159265] 
 [0.00000000e+00 0.00000000e+00 0.00000000e+00 0.00000000e+00
 0.00000000e+00 0.00000000e+00 0.00000000e+00 9.31472221e-01
 0.00000000e+00 0.00000000e+00 0.00000000e+00 0.00000000e+00
 3.15335187e-15 9.31419528e-01 0.00000000e+00 0.00000000e+00
 0.00000000e+00 0.00000000e+00 0.00000000e+00 0.00000000e+00
 0.00000000e+00 0.00000000e+00 0.00000000e+00 0.00000000e+00
 0.00000000e+00 0.00000000e+00 0.00000000e+00 0.00000000e+00
 0.00000000e+00 0.00000000e+00 0.00000000e+00 0.00000000e+00
 0.00000000e+00 0.00000000e+00 0.00000000e+00 0.00000000e+00
 0.00000000e+00 0.00000000e+00 0.00000000e+00 0.00000000e+00
 0.00000000e+00 0.00000000e+00 0.00000000e+00 0.00000000e+00
 0.00000000e+00]
New op index: 13	$R_Y$[4]
Current grad: 50.940014685095996
[ 3.14159265 -3.14157958  3.14159265  3.14159265 -3.14159265  3.14159265
  3.14159265  3.14159265  3.14159265  3.14159265 -3.14159265  3.14159265
  3.14159265  1.57089357  3.14159265  3.14159265 -3.14159265  3.14159265
  3.14159265  3.14159265  3.14159265  3.14159265  3.14159265  3.14159265
  3.14159265  3.14159265  3.14159265  3.14159265  3.14159265  3.14159265
  3.14159265  3.14159265  3.14159265  3.14159265  3.14159265  3.14159265
  3.14159265  3.14159265  3.14159265  3.14159265  3.14159265  3.14159265
  3.14159265  3.14159265  3.14159265] 
 [0.00000000e+00 8.01462230e-11 0.00000000e+00 0.00000000e+00
 0.00000000e+00 0.00000000e+00 0.00000000e+00 0.00000000e+00
 0.00000000e+00 0.00000000e+00 0.00000000e+00 0.00000000e+00
 0.00000000e+00 5.09350492e+01 0.00000000e+00 0.00000000e+00
 0.00000000e+00 0.00000000e+00 0.00000000e+00 0.00000000e+00
 0.00000000e+00 0.00000000e+00 0.00000000e+00 0.00000000e+00
 0.00000000e+00 0.00000000e+00 0.00000000e+00 0.00000000e+00
 0.00000000e+00 0.00000000e+00 0.00000000e+00 0.00000000e+00
 0.00000000e+00 0.00000000e+00 0.00000000e+00 0.00000000e+00
 0.00000000e+00 0.00000000e+00 0.00000000e+00 0.00000000e+00
 0.00000000e+00 0.00000000e+00 0.00000000e+00 0.00000000e+00
 0.00000000e+00]
New op index: 0	$R_X$[0]
Current grad: 1.4770572689980019e-08
[ 3.14159265 -3.14159265  3.14159265  3.14159265 -3.14159265  3.14159265
  3.14159265  3.14159265  3.14159265  3.14159265 -3.14159265  3.14159265
  3.14159265  3.14159265  3.14159265  3.14159265 -3.14159265  3.14159265
  3.14159265  3.14159265  3.14159265  3.14159265 -3.14159265  3.14159265
  3.14159265  3.14159265  3.14159265  3.14159265  3.14159265  3.14159265
  3.14159265  3.14159265  3.14159265  3.14159265  3.14159265  3.14159265
  3.14159265  3.14159265  3.14159265  3.14159265  3.14159265  3.14159265
  3.14159265  3.14159265  3.14159265] 
 [0. 0. 0. 0. 0. 0. 0. 0. 0. 0. 0. 0. 0. 0. 0. 0. 0. 0. 0. 0. 0. 0. 0. 0.
 0. 0. 0. 0. 0. 0. 0. 0. 0. 0. 0. 0. 0. 0. 0. 0. 0. 0. 0. 0. 0.]
Precision cutoff reached.
Calculating energies for FreeWilson2D(N_x=2, N_y=2, mass=-3.714, r=1.000)
h_im: 0.0
New op index: 10	$R_Y$[3]
Current grad: 8.85714285714285
[ 3.14159265 -1.57079633  3.14159265  3.14159265  1.57079633  3.14159265
  3.14159265 -1.57079633  3.14159265  3.14159265  1.04272188  0.
  3.14159265  1.04272188  0.          3.14159265 -1.57079633  3.14159265
  3.14159265  1.57079633  3.14159265  3.14159265 -1.57079633  3.14159265
  3.14159265  3.14159265  3.14159265  3.14159265  3.14159265  3.14159265
  3.14159265  0.          0.          3.14159265  3.14159265  3.14159265
  3.14159265  0.          0.          3.14159265  3.14159265  3.14159265
  3.14159265  3.14159265  3.14159265] 
 [0.         0.85714286 0.         0.         1.35714286 0.
 0.         1.35714286 0.         0.         1.49231743 1.
 0.         1.49231743 1.         0.         1.35714286 0.
 0.         1.35714286 0.         0.         0.85714286 0.
 0.         0.         0.         0.         0.         0.
 0.         1.         1.         0.         0.         0.
 0.         1.         1.         0.         0.         0.
 0.         0.         0.        ]
New op index: 16	$R_Y$[5]
Current grad: 301.99593320838574
[ 3.14159265 -1.57079633  3.14159265  3.14159265 -1.57079633  3.14159265
  3.14159265 -1.57079633  3.14159265  3.14159265  3.14159265  3.14159265
  0.         -1.57680905  3.14159265  3.14159265 -1.57079633  3.14159265
  3.14159265 -1.57079633  0.          0.         -1.57079633  3.14159265
  3.14159265  3.14159265  3.14159265  3.14159265  3.14159265  3.14159265
  3.14159265  3.14159265  3.14159265  3.14159265  3.14159265  0.
  0.          3.14159265  3.14159265  0.          0.          3.14159265
  0.          0.          3.14159265] 
 [0.00000000e+00 4.40460879e+01 0.00000000e+00 0.00000000e+00
 4.18318022e+01 0.00000000e+00 0.00000000e+00 4.37941524e+01
 0.00000000e+00 0.00000000e+00 0.00000000e+00 0.00000000e+00
 4.90084164e-15 4.16487346e+01 0.00000000e+00 0.00000000e+00
 4.45460879e+01 0.00000000e+00 0.00000000e+00 4.18318022e+01
 2.08166817e-17 2.12677098e-15 4.40460879e+01 0.00000000e+00
 0.00000000e+00 0.00000000e+00 0.00000000e+00 0.00000000e+00
 0.00000000e+00 0.00000000e+00 0.00000000e+00 0.00000000e+00
 0.00000000e+00 0.00000000e+00 0.00000000e+00 2.08166817e-17
 4.56529655e-15 0.00000000e+00 0.00000000e+00 3.46944695e-16
 2.81025203e-16 0.00000000e+00 3.15620546e-15 3.17008324e-15
 0.00000000e+00]
New op index: 4	$R_Y$[1]
Current grad: 5.637941650074357
[ 3.14159265 -1.57079633  3.14159265  3.14159265  1.57079633  3.14159265
  3.14159265 -1.57079633  3.14159265  3.14159265 -3.14159265  3.14159265
  0.          2.10190865  3.14159265  3.14159265 -3.14159265  0.
  0.          2.09764644  3.14159265  3.14159265 -1.57079633  0.
  3.14159265  3.14159265  3.14159265  3.14159265  3.14159265  3.14159265
  3.14159265  3.14159265  3.14159265  3.14159265  3.14159265  3.14159265
  3.14159265  3.14159265  3.14159265  3.14159265  3.14159265  3.14159265
  0.          3.14159265  3.14159265] 
 [0.00000000e+00 8.54726592e-01 0.00000000e+00 0.00000000e+00
 1.35955912e+00 0.00000000e+00 0.00000000e+00 8.49811099e-01
 0.00000000e+00 0.00000000e+00 0.00000000e+00 0.00000000e+00
 2.01124537e-15 4.91970428e-01 0.00000000e+00 0.00000000e+00
 0.00000000e+00 1.69752669e-32 4.88196490e-15 4.94405292e-01
 0.00000000e+00 0.00000000e+00 8.54726592e-01 3.39505338e-32
 0.00000000e+00 0.00000000e+00 0.00000000e+00 0.00000000e+00
 0.00000000e+00 0.00000000e+00 0.00000000e+00 0.00000000e+00
 0.00000000e+00 0.00000000e+00 0.00000000e+00 0.00000000e+00
 0.00000000e+00 0.00000000e+00 0.00000000e+00 0.00000000e+00
 0.00000000e+00 0.00000000e+00 4.15314097e-15 0.00000000e+00
 0.00000000e+00]
New op index: 22	$R_Y$[7]
Current grad: 216.80186808174497
[ 3.14159265 -1.58214759  3.14159265  3.14159265 -3.14159265  3.14159265
  3.14159265 -1.58214759  3.14159265  3.14159265 -3.14159265  3.14159265
  3.14159265 -1.58855736  3.14159265  3.14159265 -3.14159265  3.14159265
  0.         -1.58260723  3.14159265  0.         -1.57079633  3.14159265
  3.14159265  3.14159265  3.14159265  3.14159265  3.14159265  3.14159265
  3.14159265  3.14159265  3.14159265  3.14159265  3.14159265  3.14159265
  3.14159265  3.14159265  3.14159265  3.14159265  3.14159265  3.14159265
  0.          3.14159265  3.14159265] 
 [0.00000000e+00 4.35489257e+01 0.00000000e+00 0.00000000e+00
 0.00000000e+00 0.00000000e+00 0.00000000e+00 4.35489257e+01
 0.00000000e+00 0.00000000e+00 0.00000000e+00 0.00000000e+00
 0.00000000e+00 4.15865444e+01 0.00000000e+00 0.00000000e+00
 0.00000000e+00 0.00000000e+00 2.03606973e-15 4.18347549e+01
 0.00000000e+00 7.59709755e-15 4.40460879e+01 0.00000000e+00
 0.00000000e+00 0.00000000e+00 0.00000000e+00 0.00000000e+00
 0.00000000e+00 0.00000000e+00 0.00000000e+00 0.00000000e+00
 0.00000000e+00 0.00000000e+00 0.00000000e+00 0.00000000e+00
 0.00000000e+00 0.00000000e+00 0.00000000e+00 0.00000000e+00
 0.00000000e+00 0.00000000e+00 5.46983094e-15 0.00000000e+00
 0.00000000e+00]
New op index: 19	$R_Y$[6]
Current grad: 3.4285714285716247
[ 3.14159265 -2.10010027  3.14159265  3.14159265  3.14159265  3.14159265
  3.14159265 -2.10010027  3.14159265  3.14159265 -3.14159265  3.14159265
  0.          2.10190865  3.14159265  3.14159265 -3.14159265  3.14159265
  0.          2.09764644  3.14159265  3.14159265  3.14159265  0.
  3.14159265  3.14159265  3.14159265  3.14159265  3.14159265  3.14159265
  3.14159265  3.14159265  3.14159265  3.14159265  3.14159265  3.14159265
  3.14159265  3.14159265  3.14159265  3.14159265  3.14159265  3.14159265
  3.14159265  3.14159265  3.14159265] 
 [0.00000000e+00 4.90231057e-01 0.00000000e+00 0.00000000e+00
 0.00000000e+00 0.00000000e+00 0.00000000e+00 4.90231057e-01
 0.00000000e+00 0.00000000e+00 0.00000000e+00 0.00000000e+00
 4.10951635e-15 4.91970428e-01 0.00000000e+00 0.00000000e+00
 0.00000000e+00 0.00000000e+00 4.20467833e-15 4.94405292e-01
 0.00000000e+00 0.00000000e+00 0.00000000e+00 4.36997030e-48
 0.00000000e+00 0.00000000e+00 0.00000000e+00 0.00000000e+00
 0.00000000e+00 0.00000000e+00 0.00000000e+00 0.00000000e+00
 0.00000000e+00 0.00000000e+00 0.00000000e+00 0.00000000e+00
 0.00000000e+00 0.00000000e+00 0.00000000e+00 0.00000000e+00
 0.00000000e+00 0.00000000e+00 0.00000000e+00 0.00000000e+00
 0.00000000e+00]
New op index: 1	$R_Y$[0]
Current grad: 135.59198457125325
[ 3.14159265 -1.58172039  3.14159265  3.14159265  3.14159265  3.14159265
  3.14159265 -1.58172039  3.14159265  3.14159265  3.14157074  3.14159265
  3.14159265 -1.57667837  3.14159265  3.14159265  3.14159265  3.14159265
  3.14159265  3.14159265  3.14159265  3.14159265  3.14159265  3.14159265
  3.14159265  3.14159265  3.14159265  3.14159265  3.14159265  3.14159265
  3.14159265  3.14159265  3.14159265  3.14159265  3.14159265  3.14159265
  3.14159265  3.14159265  3.14159265  3.14159265  3.14159265  3.14159265
  3.14159265  3.14159265  3.14159265] 
 [0.00000000e+00 4.52714456e+01 0.00000000e+00 0.00000000e+00
 0.00000000e+00 0.00000000e+00 0.00000000e+00 4.52714456e+01
 0.00000000e+00 0.00000000e+00 1.38764911e-09 0.00000000e+00
 0.00000000e+00 4.37960578e+01 0.00000000e+00 0.00000000e+00
 0.00000000e+00 0.00000000e+00 0.00000000e+00 0.00000000e+00
 0.00000000e+00 0.00000000e+00 0.00000000e+00 0.00000000e+00
 0.00000000e+00 0.00000000e+00 0.00000000e+00 0.00000000e+00
 0.00000000e+00 0.00000000e+00 0.00000000e+00 0.00000000e+00
 0.00000000e+00 0.00000000e+00 0.00000000e+00 0.00000000e+00
 0.00000000e+00 0.00000000e+00 0.00000000e+00 0.00000000e+00
 0.00000000e+00 0.00000000e+00 0.00000000e+00 0.00000000e+00
 0.00000000e+00]
New op index: 7	$R_Y$[2]
Current grad: 1.7142857142862267
[ 3.14159265 -3.14159265  3.14159265  3.14159265  3.14159265  3.14159265
  3.14159265 -1.57654776  3.14159265  3.14159265  3.14159265  3.14159265
  0.          1.58223308  3.14159265  3.14159265 -3.14159265  0.
  3.14159265 -3.14159265  3.14159265  3.14159265 -3.14159265  3.14159265
  3.14159265  3.14159265  3.14159265  3.14159265  3.14159265  3.14159265
  3.14159265  3.14159265  3.14159265  3.14159265  3.14159265  3.14159265
  3.14159265  3.14159265  3.14159265  3.14159265  3.14159265  3.14159265
  3.14159265  3.14159265  3.14159265] 
 [0.00000000e+00 0.00000000e+00 0.00000000e+00 0.00000000e+00
 0.00000000e+00 0.00000000e+00 0.00000000e+00 8.49825228e-01
 0.00000000e+00 0.00000000e+00 0.00000000e+00 0.00000000e+00
 5.93403689e-15 8.49783896e-01 0.00000000e+00 0.00000000e+00
 0.00000000e+00 7.52159108e-33 0.00000000e+00 0.00000000e+00
 0.00000000e+00 0.00000000e+00 0.00000000e+00 0.00000000e+00
 0.00000000e+00 0.00000000e+00 0.00000000e+00 0.00000000e+00
 0.00000000e+00 0.00000000e+00 0.00000000e+00 0.00000000e+00
 0.00000000e+00 0.00000000e+00 0.00000000e+00 0.00000000e+00
 0.00000000e+00 0.00000000e+00 0.00000000e+00 0.00000000e+00
 0.00000000e+00 0.00000000e+00 0.00000000e+00 0.00000000e+00
 0.00000000e+00]
New op index: 13	$R_Y$[4]
Current grad: 50.858397358480275
[ 3.14159265 -3.14156268  3.14159265  3.14159265 -3.14159265  3.14159265
  3.14159265 -3.14159265  3.14159265  3.14159265 -3.14159265  3.14159265
  0.          1.5708938   3.14159265  3.14159265  3.14159265  3.14159265
  3.14159265  3.14159265  3.14159265  3.14159265  3.14159265  3.14159265
  3.14159265  3.14159265  3.14159265  3.14159265  3.14159265  3.14159265
  3.14159265  3.14159265  3.14159265  3.14159265  3.14159265  3.14159265
  3.14159265  3.14159265  3.14159265  3.14159265  3.14159265  3.14159265
  3.14159265  3.14159265  3.14159265] 
 [0.00000000e+00 3.84431709e-10 0.00000000e+00 0.00000000e+00
 0.00000000e+00 0.00000000e+00 0.00000000e+00 0.00000000e+00
 0.00000000e+00 0.00000000e+00 0.00000000e+00 0.00000000e+00
 8.18217870e-15 5.08534145e+01 0.00000000e+00 0.00000000e+00
 0.00000000e+00 0.00000000e+00 0.00000000e+00 0.00000000e+00
 0.00000000e+00 0.00000000e+00 0.00000000e+00 0.00000000e+00
 0.00000000e+00 0.00000000e+00 0.00000000e+00 0.00000000e+00
 0.00000000e+00 0.00000000e+00 0.00000000e+00 0.00000000e+00
 0.00000000e+00 0.00000000e+00 0.00000000e+00 0.00000000e+00
 0.00000000e+00 0.00000000e+00 0.00000000e+00 0.00000000e+00
 0.00000000e+00 0.00000000e+00 0.00000000e+00 0.00000000e+00
 0.00000000e+00]
New op index: 0	$R_X$[0]
Current grad: 1.574297674418721e-08
[ 3.14159265 -3.14159265  3.14159265  3.14159265 -3.14159265  3.14159265
  3.14159265 -3.14159265  3.14159265  3.14159265 -3.14159265  3.14159265
  3.14159265 -3.14159265  3.14159265  3.14159265 -3.14159265  3.14159265
  3.14159265  3.14159265  3.14159265  3.14159265 -3.14159265  3.14159265
  3.14159265  3.14159265  3.14159265  3.14159265  3.14159265  3.14159265
  3.14159265  3.14159265  3.14159265  3.14159265  3.14159265  3.14159265
  3.14159265  3.14159265  3.14159265  3.14159265  3.14159265  3.14159265
  3.14159265  3.14159265  3.14159265] 
 [0. 0. 0. 0. 0. 0. 0. 0. 0. 0. 0. 0. 0. 0. 0. 0. 0. 0. 0. 0. 0. 0. 0. 0.
 0. 0. 0. 0. 0. 0. 0. 0. 0. 0. 0. 0. 0. 0. 0. 0. 0. 0. 0. 0. 0.]
Precision cutoff reached.
Calculating energies for FreeWilson2D(N_x=2, N_y=2, mass=-3.551, r=1.000)
h_im: 0.0
New op index: 10	$R_Y$[3]
Current grad: 8.204081632653056
[ 3.14159265 -1.57079633  3.14159265  3.14159265  1.57079633  3.14159265
  3.14159265 -1.57079633  3.14159265  3.14159265  0.99812994  0.
  3.14159265  0.99812994  0.          3.14159265 -1.57079633  3.14159265
  3.14159265  1.57079633  3.14159265  3.14159265 -1.57079633  3.14159265
  3.14159265  3.14159265  3.14159265  3.14159265  3.14159265  3.14159265
  3.14159265  0.          0.          3.14159265  3.14159265  3.14159265
  3.14159265  0.          0.          3.14159265  3.14159265  3.14159265
  3.14159265  3.14159265  3.14159265] 
 [0.        0.7755102 0.        0.        1.2755102 0.        0.
 1.2755102 0.        0.        1.4227221 1.        0.        1.4227221
 1.        0.        1.2755102 0.        0.        1.2755102 0.
 0.        0.7755102 0.        0.        0.        0.        0.
 0.        0.        0.        1.        1.        0.        0.
 0.        0.        1.        1.        0.        0.        0.
 0.        0.        0.       ]
New op index: 16	$R_Y$[5]
Current grad: 293.74503464726075
[ 3.14159265 -1.57079633  3.14159265  3.14159265 -1.57079633  3.14159265
  3.14159265 -1.57079633  0.          3.14159265 -3.14159265  3.14159265
  3.14159265 -1.57743243  3.14159265  0.         -1.57079633  0.
  0.         -1.57079633  0.          0.         -1.57079633  3.14159265
  3.14159265  3.14159265  3.14159265  3.14159265  0.          0.
  3.14159265  3.14159265  3.14159265  3.14159265  3.14159265  0.
  0.          3.14159265  3.14159265  0.          0.          0.
  0.          0.          0.        ] 
 [0.00000000e+00 4.27984661e+01 0.00000000e+00 0.00000000e+00
 4.07474457e+01 0.00000000e+00 0.00000000e+00 4.25275287e+01
 2.42861287e-17 0.00000000e+00 0.00000000e+00 0.00000000e+00
 0.00000000e+00 4.05571777e+01 0.00000000e+00 2.60413856e-15
 4.32984661e+01 1.73472348e-17 9.33982200e-15 4.07474457e+01
 6.24500451e-17 9.45905769e-15 4.27984661e+01 0.00000000e+00
 0.00000000e+00 0.00000000e+00 0.00000000e+00 0.00000000e+00
 2.42861287e-17 2.42861287e-17 0.00000000e+00 0.00000000e+00
 0.00000000e+00 0.00000000e+00 0.00000000e+00 6.24500451e-17
 1.08381274e-15 0.00000000e+00 0.00000000e+00 9.45983654e-15
 9.48412267e-15 7.97972799e-17 1.63216946e-14 1.64327169e-14
 5.55111512e-17]
New op index: 4	$R_Y$[1]
Current grad: 5.1481378297510965
[ 3.14159265 -1.57079633  3.14159265  3.14159265  1.57079633  3.14159265
  3.14159265 -1.57079633  0.          3.14159265  3.14159265  3.14159265
  0.          2.1465081   3.14159265  3.14159265  3.14159265  0.
  3.14159265  2.14204231  3.14159265  3.14159265 -1.57079633  0.
  3.14159265  3.14159265  3.14159265  3.14159265  0.          0.
  3.14159265  3.14159265  3.14159265  3.14159265  3.14159265  3.14159265
  3.14159265  3.14159265  3.14159265  3.14159265  3.14159265  3.14159265
  3.14159265  3.14159265  3.14159265] 
 [0.00000000e+00 7.73086164e-01 0.00000000e+00 0.00000000e+00
 1.27793424e+00 0.00000000e+00 0.00000000e+00 7.68162769e-01
 1.74981268e-32 0.00000000e+00 0.00000000e+00 0.00000000e+00
 1.56258889e-14 4.22508179e-01 0.00000000e+00 0.00000000e+00
 0.00000000e+00 1.30413293e-31 0.00000000e+00 4.24760341e-01
 0.00000000e+00 0.00000000e+00 7.73086164e-01 1.12915166e-31
 0.00000000e+00 0.00000000e+00 0.00000000e+00 0.00000000e+00
 1.74981268e-32 1.74981268e-32 0.00000000e+00 0.00000000e+00
 0.00000000e+00 0.00000000e+00 0.00000000e+00 0.00000000e+00
 0.00000000e+00 0.00000000e+00 0.00000000e+00 0.00000000e+00
 0.00000000e+00 0.00000000e+00 0.00000000e+00 0.00000000e+00
 0.00000000e+00]
New op index: 22	$R_Y$[7]
Current grad: 210.8902898337101
[ 3.14159265 -1.58247846  3.14159265  3.14159265 -3.14159265  3.14159265
  3.14159265 -1.58247846  3.14159265  3.14159265 -3.14159265  3.14159265
  0.         -1.5894847   3.14159265  3.14159265  3.14159265  3.14159265
  3.14159265 -1.5829177   3.14159265  0.         -1.57079633  3.14159265
  3.14159265  3.14159265  3.14159265  3.14159265  3.14159265  3.14159265
  3.14159265  3.14159265  3.14159265  3.14159265  3.14159265  3.14159265
  3.14159265  3.14159265  3.14159265  3.14159265  3.14159265  3.14159265
  3.14159265  3.14159265  3.14159265] 
 [0.00000000e+00 4.23013867e+01 0.00000000e+00 0.00000000e+00
 0.00000000e+00 0.00000000e+00 0.00000000e+00 4.23013867e+01
 0.00000000e+00 0.00000000e+00 0.00000000e+00 0.00000000e+00
 6.59350692e-15 4.04837122e+01 0.00000000e+00 0.00000000e+00
 0.00000000e+00 0.00000000e+00 0.00000000e+00 4.07504761e+01
 0.00000000e+00 1.00316580e-15 4.27984661e+01 0.00000000e+00
 0.00000000e+00 0.00000000e+00 0.00000000e+00 0.00000000e+00
 0.00000000e+00 0.00000000e+00 0.00000000e+00 0.00000000e+00
 0.00000000e+00 0.00000000e+00 0.00000000e+00 0.00000000e+00
 0.00000000e+00 0.00000000e+00 0.00000000e+00 0.00000000e+00
 0.00000000e+00 0.00000000e+00 0.00000000e+00 0.00000000e+00
 0.00000000e+00]
New op index: 19	$R_Y$[6]
Current grad: 3.1020408163266255
[ 3.14159265 -2.14488939  3.14159265  3.14159265  3.14159265  3.14159265
  3.14159265 -2.14488939  3.14159265  3.14159265  3.14159265  3.14159265
  0.          2.1465081   3.14159265  3.14159265  3.14159265  3.14159265
  3.14159265  2.14204231  3.14159265  3.14159265 -3.14159265  0.
  3.14159265  3.14159265  3.14159265  3.14159265  3.14159265  3.14159265
  3.14159265  3.14159265  3.14159265  3.14159265  3.14159265  3.14159265
  3.14159265  3.14159265  3.14159265  3.14159265  3.14159265  3.14159265
  3.14159265  3.14159265  3.14159265] 
 [0.00000000e+00 4.20685732e-01 0.00000000e+00 0.00000000e+00
 0.00000000e+00 0.00000000e+00 0.00000000e+00 4.20685732e-01
 0.00000000e+00 0.00000000e+00 0.00000000e+00 0.00000000e+00
 1.34905397e-14 4.22508179e-01 0.00000000e+00 0.00000000e+00
 0.00000000e+00 0.00000000e+00 0.00000000e+00 4.24760341e-01
 0.00000000e+00 0.00000000e+00 0.00000000e+00 6.57533528e-48
 0.00000000e+00 0.00000000e+00 0.00000000e+00 0.00000000e+00
 0.00000000e+00 0.00000000e+00 0.00000000e+00 0.00000000e+00
 0.00000000e+00 0.00000000e+00 0.00000000e+00 0.00000000e+00
 0.00000000e+00 0.00000000e+00 0.00000000e+00 0.00000000e+00
 0.00000000e+00 0.00000000e+00 0.00000000e+00 0.00000000e+00
 0.00000000e+00]
New op index: 1	$R_Y$[0]
Current grad: 131.53217515944397
[ 3.14159265 -1.582067    3.14159265  3.14159265 -3.14159265  3.14159265
  3.14159265 -1.582067    3.14159265  3.14159265  3.1415812   3.14159265
  0.         -1.57729166  3.14159265  3.14159265 -3.14159265  0.
  3.14159265  3.14159265  3.14159265  3.14159265  3.14159265  0.
  3.14159265  3.14159265  3.14159265  3.14159265  3.14159265  3.14159265
  3.14159265  3.14159265  3.14159265  3.14159265  3.14159265  3.14159265
  3.14159265  3.14159265  3.14159265  3.14159265  3.14159265  3.14159265
  3.14159265  3.14159265  3.14159265] 
 [0.00000000e+00 4.38638558e+01 0.00000000e+00 0.00000000e+00
 0.00000000e+00 0.00000000e+00 0.00000000e+00 4.38638558e+01
 0.00000000e+00 0.00000000e+00 4.64666527e-10 0.00000000e+00
 3.42451673e-15 4.25328516e+01 0.00000000e+00 0.00000000e+00
 0.00000000e+00 1.55000155e-32 0.00000000e+00 0.00000000e+00
 0.00000000e+00 0.00000000e+00 0.00000000e+00 1.21723321e-32
 0.00000000e+00 0.00000000e+00 0.00000000e+00 0.00000000e+00
 0.00000000e+00 0.00000000e+00 0.00000000e+00 0.00000000e+00
 0.00000000e+00 0.00000000e+00 0.00000000e+00 0.00000000e+00
 0.00000000e+00 0.00000000e+00 0.00000000e+00 0.00000000e+00
 0.00000000e+00 0.00000000e+00 0.00000000e+00 0.00000000e+00
 0.00000000e+00]
New op index: 7	$R_Y$[2]
Current grad: 1.5510204081636834
[ 3.14159265  3.14159265  3.14159265  3.14159265 -3.14159265  3.14159265
  3.14159265 -1.57716534  3.14159265  3.14159265  3.14159265  3.14159265
  0.          1.58345327  3.14159265  3.14159265 -3.14159265  3.14159265
  3.14159265 -3.14159265  3.14159265  3.14159265 -3.14159265  3.14159265
  3.14159265  3.14159265  3.14159265  3.14159265  3.14159265  3.14159265
  3.14159265  3.14159265  3.14159265  3.14159265  3.14159265  3.14159265
  3.14159265  3.14159265  3.14159265  3.14159265  3.14159265  3.14159265
  3.14159265  3.14159265  3.14159265] 
 [0.00000000e+00 0.00000000e+00 0.00000000e+00 0.00000000e+00
 0.00000000e+00 0.00000000e+00 0.00000000e+00 7.68178442e-01
 0.00000000e+00 0.00000000e+00 0.00000000e+00 0.00000000e+00
 5.48817989e-15 7.68149308e-01 0.00000000e+00 0.00000000e+00
 0.00000000e+00 0.00000000e+00 0.00000000e+00 0.00000000e+00
 0.00000000e+00 0.00000000e+00 0.00000000e+00 0.00000000e+00
 0.00000000e+00 0.00000000e+00 0.00000000e+00 0.00000000e+00
 0.00000000e+00 0.00000000e+00 0.00000000e+00 0.00000000e+00
 0.00000000e+00 0.00000000e+00 0.00000000e+00 0.00000000e+00
 0.00000000e+00 0.00000000e+00 0.00000000e+00 0.00000000e+00
 0.00000000e+00 0.00000000e+00 0.00000000e+00 0.00000000e+00
 0.00000000e+00]
New op index: 13	$R_Y$[4]
Current grad: 50.77676437641514
[ 3.14159265 -3.14156249  3.14159265  3.14159265 -3.14159265  3.14159265
  3.14159265 -3.14159265  3.14159265  3.14159265 -3.14159265  3.14159265
  3.14159265  1.57089404  3.14159265  3.14159265 -3.14159265  3.14159265
  3.14159265  3.14159265  3.14159265  3.14159265  3.14159265  3.14159265
  3.14159265  3.14159265  3.14159265  3.14159265  3.14159265  3.14159265
  3.14159265  3.14159265  3.14159265  3.14159265  3.14159265  3.14159265
  3.14159265  3.14159265  3.14159265  3.14159265  3.14159265  3.14159265
  3.14159265  3.14159265  3.14159265] 
 [0.00000000e+00 3.52339713e-10 0.00000000e+00 0.00000000e+00
 0.00000000e+00 0.00000000e+00 0.00000000e+00 0.00000000e+00
 0.00000000e+00 0.00000000e+00 0.00000000e+00 0.00000000e+00
 0.00000000e+00 5.07717798e+01 0.00000000e+00 0.00000000e+00
 0.00000000e+00 0.00000000e+00 0.00000000e+00 0.00000000e+00
 0.00000000e+00 0.00000000e+00 0.00000000e+00 0.00000000e+00
 0.00000000e+00 0.00000000e+00 0.00000000e+00 0.00000000e+00
 0.00000000e+00 0.00000000e+00 0.00000000e+00 0.00000000e+00
 0.00000000e+00 0.00000000e+00 0.00000000e+00 0.00000000e+00
 0.00000000e+00 0.00000000e+00 0.00000000e+00 0.00000000e+00
 0.00000000e+00 0.00000000e+00 0.00000000e+00 0.00000000e+00
 0.00000000e+00]
New op index: 0	$R_X$[0]
Current grad: 1.6182904023692672e-08
[ 3.14159265 -3.14159265  3.14159265  3.14159265 -3.14159265  3.14159265
  3.14159265 -3.14159265  3.14159265  3.14159265 -3.14159265  3.14159265
  3.14159265  3.14159265  3.14159265  3.14159265 -3.14159265  3.14159265
  3.14159265  3.14159265  3.14159265  3.14159265 -3.14159265  3.14159265
  3.14159265  3.14159265  3.14159265  3.14159265  3.14159265  3.14159265
  3.14159265  3.14159265  3.14159265  3.14159265  3.14159265  3.14159265
  3.14159265  3.14159265  3.14159265  3.14159265  3.14159265  3.14159265
  3.14159265  3.14159265  3.14159265] 
 [0. 0. 0. 0. 0. 0. 0. 0. 0. 0. 0. 0. 0. 0. 0. 0. 0. 0. 0. 0. 0. 0. 0. 0.
 0. 0. 0. 0. 0. 0. 0. 0. 0. 0. 0. 0. 0. 0. 0. 0. 0. 0. 0. 0. 0.]
Precision cutoff reached.
Calculating energies for FreeWilson2D(N_x=2, N_y=2, mass=-3.388, r=1.000)
h_im: 0.0
New op index: 10	$R_Y$[3]
Current grad: 7.551020408163259
[ 3.14159265 -1.57079633  3.14159265  3.14159265  1.57079633  3.14159265
  3.14159265 -1.57079633  3.14159265  3.14159265  0.94638598  0.
  3.14159265  0.94638598  0.          3.14159265 -1.57079633  3.14159265
  3.14159265  1.57079633  3.14159265  3.14159265 -1.57079633  3.14159265
  3.14159265  3.14159265  3.14159265  3.14159265  3.14159265  3.14159265
  3.14159265  0.          0.          3.14159265  3.14159265  3.14159265
  3.14159265  0.          0.          3.14159265  3.14159265  3.14159265
  3.14159265  3.14159265  3.14159265] 
 [0.         0.69387755 0.         0.         1.19387755 0.
 0.         1.19387755 0.         0.         1.35525789 1.
 0.         1.35525789 1.         0.         1.19387755 0.
 0.         1.19387755 0.         0.         0.69387755 0.
 0.         0.         0.         0.         0.         0.
 0.         1.         1.         0.         0.         0.
 0.         1.         1.         0.         0.         0.
 0.         0.         0.        ]
New op index: 16	$R_Y$[5]
Current grad: 283.45370753253883
[ 3.14159265 -1.57079633  3.14159265  3.14159265 -1.57079633  3.14159265
  3.14159265 -1.57079633  0.          3.14159265  3.14159265  3.14159265
  3.14159265 -1.57820283  3.14159265  0.         -1.57079633  0.
  0.         -1.57079633  0.          3.14159265 -1.57079633  0.
  3.14159265  3.14159265  3.14159265  3.14159265  0.          0.
  3.14159265  3.14159265  3.14159265  3.14159265  3.14159265  0.
  0.          3.14159265  3.14159265  0.          0.          0.
  0.          0.          0.        ] 
 [0.00000000e+00 4.12592766e+01 0.00000000e+00 0.00000000e+00
 3.93715215e+01 0.00000000e+00 0.00000000e+00 4.09669671e+01
 2.42861287e-17 0.00000000e+00 0.00000000e+00 0.00000000e+00
 0.00000000e+00 3.91746405e+01 0.00000000e+00 8.01336038e-15
 4.17592766e+01 4.51028104e-17 5.22604919e-15 3.93715215e+01
 6.93889390e-18 0.00000000e+00 4.12592766e+01 2.08166817e-17
 0.00000000e+00 0.00000000e+00 0.00000000e+00 0.00000000e+00
 2.42861287e-17 2.42861287e-17 0.00000000e+00 0.00000000e+00
 0.00000000e+00 0.00000000e+00 0.00000000e+00 6.93889390e-18
 6.50917812e-15 0.00000000e+00 0.00000000e+00 1.07552856e-14
 1.08073273e-14 5.20417043e-17 2.42861287e-15 2.45636844e-15
 2.77555756e-17]
New op index: 4	$R_Y$[1]
Current grad: 4.658333983982422
[ 3.14159265 -1.57079633  3.14159265  3.14159265  1.57079633  3.14159265
  3.14159265 -1.57079633  0.          3.14159265  3.14159265  3.14159265
  3.14159265  2.19820524  3.14159265  3.14159265 -3.14159265  3.14159265
  0.          2.19354819  3.14159265  0.         -1.57079633  3.14159265
  3.14159265  3.14159265  3.14159265  3.14159265  0.          0.
  3.14159265  3.14159265  3.14159265  3.14159265  3.14159265  3.14159265
  3.14159265  3.14159265  3.14159265  3.14159265  3.14159265  3.14159265
  0.          3.14159265  3.14159265] 
 [0.00000000e+00 6.91445698e-01 0.00000000e+00 0.00000000e+00
 1.19630940e+00 0.00000000e+00 0.00000000e+00 6.86514376e-01
 4.63915899e-33 0.00000000e+00 0.00000000e+00 0.00000000e+00
 0.00000000e+00 3.55186359e-01 0.00000000e+00 0.00000000e+00
 0.00000000e+00 0.00000000e+00 5.19593364e-16 3.57232049e-01
 0.00000000e+00 1.16234346e-14 6.91445698e-01 0.00000000e+00
 0.00000000e+00 0.00000000e+00 0.00000000e+00 0.00000000e+00
 4.63915899e-33 4.63915899e-33 0.00000000e+00 0.00000000e+00
 0.00000000e+00 0.00000000e+00 0.00000000e+00 0.00000000e+00
 0.00000000e+00 0.00000000e+00 0.00000000e+00 0.00000000e+00
 0.00000000e+00 0.00000000e+00 7.00738252e-15 0.00000000e+00
 0.00000000e+00]
New op index: 22	$R_Y$[7]
Current grad: 203.5208728834539
[ 3.14159265 -1.58291422  3.14159265  3.14159265  3.14159265  3.14159265
  3.14159265 -1.58291422  3.14159265  3.14159265 -3.14159265  3.14159265
  3.14159265 -1.59066528  3.14159265  3.14159265  3.14159265  0.
  3.14159265 -1.58333595  3.14159265  3.14159265 -1.57079633  0.
  3.14159265  3.14159265  3.14159265  3.14159265  3.14159265  3.14159265
  3.14159265  3.14159265  3.14159265  3.14159265  3.14159265  3.14159265
  3.14159265  3.14159265  3.14159265  3.14159265  3.14159265  3.14159265
  3.14159265  3.14159265  3.14159265] 
 [0.00000000e+00 4.07623061e+01 0.00000000e+00 0.00000000e+00
 0.00000000e+00 0.00000000e+00 0.00000000e+00 4.07623061e+01
 0.00000000e+00 0.00000000e+00 0.00000000e+00 0.00000000e+00
 0.00000000e+00 3.90870835e+01 0.00000000e+00 0.00000000e+00
 0.00000000e+00 4.69926906e-32 0.00000000e+00 3.93746565e+01
 0.00000000e+00 0.00000000e+00 4.12592766e+01 4.46815747e-32
 0.00000000e+00 0.00000000e+00 0.00000000e+00 0.00000000e+00
 0.00000000e+00 0.00000000e+00 0.00000000e+00 0.00000000e+00
 0.00000000e+00 0.00000000e+00 0.00000000e+00 0.00000000e+00
 0.00000000e+00 0.00000000e+00 0.00000000e+00 0.00000000e+00
 0.00000000e+00 0.00000000e+00 0.00000000e+00 0.00000000e+00
 0.00000000e+00]
New op index: 19	$R_Y$[6]
Current grad: 2.7755102040817587
[ 3.14159265 -2.19687283  3.14159265  3.14159265  3.14159265  3.14159265
  3.14159265 -2.19687283  3.14159265  3.14159265 -3.14159265  3.14159265
  3.14159265  2.19820524  3.14159265  3.14159265 -3.14159265  0.
  0.          2.19354819  3.14159265  3.14159265 -3.14159265  0.
  3.14159265  3.14159265  3.14159265  3.14159265  3.14159265  3.14159265
  3.14159265  3.14159265  3.14159265  3.14159265  3.14159265  3.14159265
  3.14159265  3.14159265  3.14159265  3.14159265  3.14159265  3.14159265
  3.14159265  3.14159265  3.14159265] 
 [0.00000000e+00 3.53286091e-01 0.00000000e+00 0.00000000e+00
 0.00000000e+00 0.00000000e+00 0.00000000e+00 3.53286091e-01
 0.00000000e+00 0.00000000e+00 0.00000000e+00 0.00000000e+00
 0.00000000e+00 3.55186359e-01 0.00000000e+00 0.00000000e+00
 0.00000000e+00 1.30684879e-32 2.50060873e-15 3.57232049e-01
 0.00000000e+00 0.00000000e+00 0.00000000e+00 1.67889715e-47
 0.00000000e+00 0.00000000e+00 0.00000000e+00 0.00000000e+00
 0.00000000e+00 0.00000000e+00 0.00000000e+00 0.00000000e+00
 0.00000000e+00 0.00000000e+00 0.00000000e+00 0.00000000e+00
 0.00000000e+00 0.00000000e+00 0.00000000e+00 0.00000000e+00
 0.00000000e+00 0.00000000e+00 0.00000000e+00 0.00000000e+00
 0.00000000e+00]
New op index: 1	$R_Y$[0]
Current grad: 126.59978799628587
[ 3.14159265 -1.58251568  3.14159265  3.14159265 -3.14159265  3.14159265
  3.14159265 -1.58251568  3.14159265  3.14159265  3.14158855  3.14159265
  3.14159265 -1.57804915  3.14159265  3.14159265  3.14159265  3.14159265
  3.14159265  3.14159265  3.14159265  3.14159265  3.14159265  3.14159265
  3.14159265  3.14159265  3.14159265  3.14159265  3.14159265  3.14159265
  3.14159265  3.14159265  3.14159265  3.14159265  3.14159265  3.14159265
  3.14159265  3.14159265  3.14159265  3.14159265  3.14159265  3.14159265
  3.14159265  3.14159265  3.14159265] 
 [0.00000000e+00 4.21654324e+01 0.00000000e+00 0.00000000e+00
 0.00000000e+00 0.00000000e+00 0.00000000e+00 4.21654324e+01
 0.00000000e+00 0.00000000e+00 7.29709626e-11 0.00000000e+00
 0.00000000e+00 4.09764692e+01 0.00000000e+00 0.00000000e+00
 0.00000000e+00 0.00000000e+00 0.00000000e+00 0.00000000e+00
 0.00000000e+00 0.00000000e+00 0.00000000e+00 0.00000000e+00
 0.00000000e+00 0.00000000e+00 0.00000000e+00 0.00000000e+00
 0.00000000e+00 0.00000000e+00 0.00000000e+00 0.00000000e+00
 0.00000000e+00 0.00000000e+00 0.00000000e+00 0.00000000e+00
 0.00000000e+00 0.00000000e+00 0.00000000e+00 0.00000000e+00
 0.00000000e+00 0.00000000e+00 0.00000000e+00 0.00000000e+00
 0.00000000e+00]
New op index: 7	$R_Y$[2]
Current grad: 1.387755102041234
[ 3.14159265 -3.14159265  3.14159265  3.14159265 -3.14159265  3.14159265
  3.14159265 -1.57792879  3.14159265  3.14159265 -3.14159265  3.14159265
  0.          1.58495956  3.14159265  3.14159265  3.14159265  3.14159265
  3.14159265  3.14159265  3.14159265  3.14159265  3.14159265  3.14159265
  3.14159265  3.14159265  3.14159265  3.14159265  3.14159265  3.14159265
  3.14159265  3.14159265  3.14159265  3.14159265  3.14159265  3.14159265
  3.14159265  3.14159265  3.14159265  3.14159265  3.14159265  3.14159265
  3.14159265  3.14159265  3.14159265] 
 [0.00000000e+00 0.00000000e+00 0.00000000e+00 0.00000000e+00
 0.00000000e+00 0.00000000e+00 0.00000000e+00 6.86531957e-01
 0.00000000e+00 0.00000000e+00 0.00000000e+00 0.00000000e+00
 4.56625125e-15 6.86516138e-01 0.00000000e+00 0.00000000e+00
 0.00000000e+00 0.00000000e+00 0.00000000e+00 0.00000000e+00
 0.00000000e+00 0.00000000e+00 0.00000000e+00 0.00000000e+00
 0.00000000e+00 0.00000000e+00 0.00000000e+00 0.00000000e+00
 0.00000000e+00 0.00000000e+00 0.00000000e+00 0.00000000e+00
 0.00000000e+00 0.00000000e+00 0.00000000e+00 0.00000000e+00
 0.00000000e+00 0.00000000e+00 0.00000000e+00 0.00000000e+00
 0.00000000e+00 0.00000000e+00 0.00000000e+00 0.00000000e+00
 0.00000000e+00]
New op index: 13	$R_Y$[4]
Current grad: 50.69514412558348
[ 3.14159265 -3.14154347  3.14159265  3.14159265 -3.14159265  3.14159265
  3.14159265  3.14159265  3.14159265  3.14159265 -3.14159265  3.14159265
  0.          1.57089428  3.14159265  3.14159265 -3.14159265  3.14159265
  3.14159265  3.14159265  3.14159265  3.14159265 -3.14159265  3.14159265
  3.14159265  3.14159265  3.14159265  3.14159265  3.14159265  3.14159265
  3.14159265  3.14159265  3.14159265  3.14159265  3.14159265  3.14159265
  3.14159265  3.14159265  3.14159265  3.14159265  3.14159265  3.14159265
  3.14159265  3.14159265  3.14159265] 
 [0.00000000e+00 8.37626413e-10 0.00000000e+00 0.00000000e+00
 0.00000000e+00 0.00000000e+00 0.00000000e+00 0.00000000e+00
 0.00000000e+00 0.00000000e+00 0.00000000e+00 0.00000000e+00
 9.06064657e-15 5.06901448e+01 0.00000000e+00 0.00000000e+00
 0.00000000e+00 0.00000000e+00 0.00000000e+00 0.00000000e+00
 0.00000000e+00 0.00000000e+00 0.00000000e+00 0.00000000e+00
 0.00000000e+00 0.00000000e+00 0.00000000e+00 0.00000000e+00
 0.00000000e+00 0.00000000e+00 0.00000000e+00 0.00000000e+00
 0.00000000e+00 0.00000000e+00 0.00000000e+00 0.00000000e+00
 0.00000000e+00 0.00000000e+00 0.00000000e+00 0.00000000e+00
 0.00000000e+00 0.00000000e+00 0.00000000e+00 0.00000000e+00
 0.00000000e+00]
New op index: 0	$R_X$[0]
Current grad: 1.841074057522125e-08
[ 3.14159265 -3.14159265  3.14159265  3.14159265 -3.14159265  3.14159265
  3.14159265  3.14159265  3.14159265  3.14159265 -3.14159265  3.14159265
  3.14159265 -3.14159265  3.14159265  3.14159265 -3.14159265  3.14159265
  3.14159265  3.14159265  3.14159265  3.14159265 -3.14159265  3.14159265
  3.14159265  3.14159265  3.14159265  3.14159265  3.14159265  3.14159265
  3.14159265  3.14159265  3.14159265  3.14159265  3.14159265  3.14159265
  3.14159265  3.14159265  3.14159265  3.14159265  3.14159265  3.14159265
  3.14159265  3.14159265  3.14159265] 
 [0. 0. 0. 0. 0. 0. 0. 0. 0. 0. 0. 0. 0. 0. 0. 0. 0. 0. 0. 0. 0. 0. 0. 0.
 0. 0. 0. 0. 0. 0. 0. 0. 0. 0. 0. 0. 0. 0. 0. 0. 0. 0. 0. 0. 0.]
Precision cutoff reached.
Calculating energies for FreeWilson2D(N_x=2, N_y=2, mass=-3.224, r=1.000)
h_im: 0.0
New op index: 10	$R_Y$[3]
Current grad: 6.897959183673462
[ 3.14159265 -1.57079633  3.14159265  3.14159265  1.57079633  3.14159265
  3.14159265 -1.57079633  3.14159265  3.14159265  0.88597508  0.
  3.14159265  0.88597508  0.          3.14159265 -1.57079633  3.14159265
  3.14159265  1.57079633  3.14159265  3.14159265 -1.57079633  3.14159265
  3.14159265  3.14159265  3.14159265  3.14159265  3.14159265  3.14159265
  3.14159265  0.          0.          3.14159265  3.14159265  3.14159265
  3.14159265  0.          0.          3.14159265  3.14159265  3.14159265
  3.14159265  3.14159265  3.14159265] 
 [0.         0.6122449  0.         0.         1.1122449  0.
 0.         1.1122449  0.         0.         1.29047063 1.
 0.         1.29047063 1.         0.         1.1122449  0.
 0.         1.1122449  0.         0.         0.6122449  0.
 0.         0.         0.         0.         0.         0.
 0.         1.         1.         0.         0.         0.
 0.         1.         1.         0.         0.         0.
 0.         0.         0.        ]
New op index: 16	$R_Y$[5]
Current grad: 270.49495620411886
[ 3.14159265 -1.57079633  3.14159265  3.14159265 -1.57079633  3.14159265
  3.14159265 -1.57079633  3.14159265  3.14159265  3.14159265  3.14159265
  0.         -1.57917916  3.14159265  3.14159265 -1.57079633  3.14159265
  3.14159265 -1.57079633  0.          3.14159265 -1.57079633  3.14159265
  3.14159265  3.14159265  3.14159265  3.14159265  3.14159265  3.14159265
  3.14159265  3.14159265  3.14159265  3.14159265  3.14159265  0.
  0.          3.14159265  3.14159265  3.14159265  3.14159265  3.14159265
  0.          0.          3.14159265] 
 [0.00000000e+00 3.93388513e+01 0.00000000e+00 0.00000000e+00
 3.76143615e+01 0.00000000e+00 0.00000000e+00 3.90225840e+01
 0.00000000e+00 0.00000000e+00 0.00000000e+00 0.00000000e+00
 5.21903949e-15 3.74121537e+01 0.00000000e+00 0.00000000e+00
 3.98388513e+01 0.00000000e+00 0.00000000e+00 3.76143615e+01
 3.46944695e-18 0.00000000e+00 3.93388513e+01 0.00000000e+00
 0.00000000e+00 0.00000000e+00 0.00000000e+00 0.00000000e+00
 0.00000000e+00 0.00000000e+00 0.00000000e+00 0.00000000e+00
 0.00000000e+00 0.00000000e+00 0.00000000e+00 3.46944695e-18
 4.35100510e-15 0.00000000e+00 0.00000000e+00 0.00000000e+00
 0.00000000e+00 0.00000000e+00 8.39606162e-16 8.67361738e-16
 0.00000000e+00]
New op index: 4	$R_Y$[1]
Current grad: 4.168530112645152
[ 3.14159265 -1.57079633  3.14159265  3.14159265  1.57079633  3.14159265
  3.14159265 -1.57079633  3.14159265  3.14159265 -3.14159265  3.14159265
  0.          2.2584868   3.14159265  3.14159265 -3.14159265  0.
  0.          2.25366998  3.14159265  0.         -1.57079633  0.
  3.14159265  3.14159265  3.14159265  3.14159265  3.14159265  3.14159265
  3.14159265  3.14159265  3.14159265  3.14159265  3.14159265  3.14159265
  3.14159265  3.14159265  3.14159265  3.14159265  3.14159265  3.14159265
  0.          3.14159265  3.14159265] 
 [0.00000000e+00 6.09805195e-01 0.00000000e+00 0.00000000e+00
 1.11468460e+00 0.00000000e+00 0.00000000e+00 6.04865919e-01
 0.00000000e+00 0.00000000e+00 0.00000000e+00 0.00000000e+00
 3.08483081e-15 2.90548519e-01 0.00000000e+00 0.00000000e+00
 0.00000000e+00 1.65885763e-34 4.43862317e-15 2.92361760e-01
 0.00000000e+00 4.50312672e-15 6.09805195e-01 3.31771526e-34
 0.00000000e+00 0.00000000e+00 0.00000000e+00 0.00000000e+00
 0.00000000e+00 0.00000000e+00 0.00000000e+00 0.00000000e+00
 0.00000000e+00 0.00000000e+00 0.00000000e+00 0.00000000e+00
 0.00000000e+00 0.00000000e+00 0.00000000e+00 0.00000000e+00
 0.00000000e+00 0.00000000e+00 1.84522316e-15 0.00000000e+00
 0.00000000e+00]
New op index: 22	$R_Y$[7]
Current grad: 194.24527679463236
[ 3.14159265 -1.58350572  3.14159265  3.14159265 -3.14159265  3.14159265
  3.14159265 -1.58350572  3.14159265  3.14159265  3.14159265  3.14159265
  0.         -1.59220932  3.14159265  3.14159265  3.14159265  0.
  0.         -1.58391399  3.14159265  0.         -1.57079633  0.
  3.14159265  3.14159265  3.14159265  3.14159265  3.14159265  3.14159265
  3.14159265  3.14159265  3.14159265  3.14159265  3.14159265  3.14159265
  3.14159265  3.14159265  3.14159265  3.14159265  3.14159265  3.14159265
  0.          3.14159265  3.14159265] 
 [0.00000000e+00 3.88420287e+01 0.00000000e+00 0.00000000e+00
 0.00000000e+00 0.00000000e+00 0.00000000e+00 3.88420287e+01
 0.00000000e+00 0.00000000e+00 0.00000000e+00 0.00000000e+00
 1.55721524e-15 3.73068339e+01 0.00000000e+00 0.00000000e+00
 0.00000000e+00 8.78224055e-32 5.68656516e-15 3.76176409e+01
 0.00000000e+00 5.75220144e-15 3.93388513e+01 6.47112461e-32
 0.00000000e+00 0.00000000e+00 0.00000000e+00 0.00000000e+00
 0.00000000e+00 0.00000000e+00 0.00000000e+00 0.00000000e+00
 0.00000000e+00 0.00000000e+00 0.00000000e+00 0.00000000e+00
 0.00000000e+00 0.00000000e+00 0.00000000e+00 0.00000000e+00
 0.00000000e+00 0.00000000e+00 4.84681739e-15 0.00000000e+00
 0.00000000e+00]
New op index: 19	$R_Y$[6]
Current grad: 2.4489795918369146
[ 3.14159265 -2.2575745   3.14159265  3.14159265  3.14159265  3.14159265
  3.14159265 -2.2575745   3.14159265  3.14159265 -3.14159265  3.14159265
  0.          2.2584868   3.14159265  3.14159265  3.14159265  3.14159265
  0.          2.25366998  3.14159265  3.14159265 -3.14159265  0.
  3.14159265  3.14159265  3.14159265  3.14159265  3.14159265  3.14159265
  3.14159265  3.14159265  3.14159265  3.14159265  3.14159265  3.14159265
  3.14159265  3.14159265  3.14159265  3.14159265  3.14159265  3.14159265
  3.14159265  3.14159265  3.14159265] 
 [0.00000000e+00 2.88582510e-01 0.00000000e+00 0.00000000e+00
 0.00000000e+00 0.00000000e+00 0.00000000e+00 2.88582510e-01
 0.00000000e+00 0.00000000e+00 0.00000000e+00 0.00000000e+00
 4.65060912e-15 2.90548519e-01 0.00000000e+00 0.00000000e+00
 0.00000000e+00 0.00000000e+00 1.80707872e-15 2.92361760e-01
 0.00000000e+00 0.00000000e+00 0.00000000e+00 5.46059194e-47
 0.00000000e+00 0.00000000e+00 0.00000000e+00 0.00000000e+00
 0.00000000e+00 0.00000000e+00 0.00000000e+00 0.00000000e+00
 0.00000000e+00 0.00000000e+00 0.00000000e+00 0.00000000e+00
 0.00000000e+00 0.00000000e+00 0.00000000e+00 0.00000000e+00
 0.00000000e+00 0.00000000e+00 0.00000000e+00 0.00000000e+00
 0.00000000e+00]
New op index: 1	$R_Y$[0]
Current grad: 120.52686798506802
[ 3.14159265 -1.5831159   3.14159265  3.14159265 -3.14159265  3.14159265
  3.14159265 -1.5831159   3.14159265  3.14159265  3.14159056  3.14159265
  3.14159265 -1.57900838  3.14159265  3.14159265  3.14159265  3.14159265
  3.14159265  3.14159265  3.14159265  3.14159265  3.14159265  3.14159265
  3.14159265  3.14159265  3.14159265  3.14159265  3.14159265  3.14159265
  3.14159265  3.14159265  3.14159265  3.14159265  3.14159265  3.14159265
  3.14159265  3.14159265  3.14159265  3.14159265  3.14159265  3.14159265
  3.14159265  3.14159265  3.14159265] 
 [0.00000000e+00 4.00868585e+01 0.00000000e+00 0.00000000e+00
 0.00000000e+00 0.00000000e+00 0.00000000e+00 4.00868585e+01
 0.00000000e+00 0.00000000e+00 2.31921149e-11 0.00000000e+00
 0.00000000e+00 3.90373883e+01 0.00000000e+00 0.00000000e+00
 0.00000000e+00 0.00000000e+00 0.00000000e+00 0.00000000e+00
 0.00000000e+00 0.00000000e+00 0.00000000e+00 0.00000000e+00
 0.00000000e+00 0.00000000e+00 0.00000000e+00 0.00000000e+00
 0.00000000e+00 0.00000000e+00 0.00000000e+00 0.00000000e+00
 0.00000000e+00 0.00000000e+00 0.00000000e+00 0.00000000e+00
 0.00000000e+00 0.00000000e+00 0.00000000e+00 0.00000000e+00
 0.00000000e+00 0.00000000e+00 0.00000000e+00 0.00000000e+00
 0.00000000e+00]
New op index: 7	$R_Y$[2]
Current grad: 1.2244897959187966
[ 3.14159265  3.14159265  3.14159265  3.14159265 -3.14159265  3.14159265
  3.14159265 -1.57889668  3.14159265  3.14159265  3.14159265  3.14159265
  3.14159265  1.58686588  3.14159265  3.14159265  3.14159265  0.
  3.14159265 -3.14159265  3.14159265  3.14159265 -3.14159265  0.
  3.14159265  3.14159265  3.14159265  3.14159265  3.14159265  3.14159265
  3.14159265  3.14159265  3.14159265  3.14159265  3.14159265  3.14159265
  3.14159265  3.14159265  3.14159265  3.14159265  3.14159265  3.14159265
  3.14159265  3.14159265  3.14159265] 
 [0.00000000e+00 0.00000000e+00 0.00000000e+00 0.00000000e+00
 0.00000000e+00 0.00000000e+00 0.00000000e+00 6.04885921e-01
 0.00000000e+00 0.00000000e+00 0.00000000e+00 0.00000000e+00
 0.00000000e+00 6.04884954e-01 0.00000000e+00 0.00000000e+00
 0.00000000e+00 3.63287968e-32 0.00000000e+00 0.00000000e+00
 0.00000000e+00 0.00000000e+00 0.00000000e+00 3.13778058e-32
 0.00000000e+00 0.00000000e+00 0.00000000e+00 0.00000000e+00
 0.00000000e+00 0.00000000e+00 0.00000000e+00 0.00000000e+00
 0.00000000e+00 0.00000000e+00 0.00000000e+00 0.00000000e+00
 0.00000000e+00 0.00000000e+00 0.00000000e+00 0.00000000e+00
 0.00000000e+00 0.00000000e+00 0.00000000e+00 0.00000000e+00
 0.00000000e+00]
New op index: 13	$R_Y$[4]
Current grad: 50.61353054960031
[ 3.14159265 -3.14150483  3.14159265  3.14159265 -3.14159265  3.14159265
  3.14159265 -3.14159265  3.14159265  3.14159265 -3.14159265  3.14159265
  3.14159265  1.57089451  3.14159265  3.14159265  3.14159265  3.14159265
  3.14159265  3.14159265  3.14159265  3.14159265 -3.14159265  3.14159265
  3.14159265  3.14159265  3.14159265  3.14159265  3.14159265  3.14159265
  3.14159265  3.14159265  3.14159265  3.14159265  3.14159265  3.14159265
  3.14159265  3.14159265  3.14159265  3.14159265  3.14159265  3.14159265
  3.14159265  3.14159265  3.14159265] 
 [0.00000000e+00 2.35652942e-09 0.00000000e+00 0.00000000e+00
 0.00000000e+00 0.00000000e+00 0.00000000e+00 0.00000000e+00
 0.00000000e+00 0.00000000e+00 0.00000000e+00 0.00000000e+00
 0.00000000e+00 5.06085076e+01 0.00000000e+00 0.00000000e+00
 0.00000000e+00 0.00000000e+00 0.00000000e+00 0.00000000e+00
 0.00000000e+00 0.00000000e+00 0.00000000e+00 0.00000000e+00
 0.00000000e+00 0.00000000e+00 0.00000000e+00 0.00000000e+00
 0.00000000e+00 0.00000000e+00 0.00000000e+00 0.00000000e+00
 0.00000000e+00 0.00000000e+00 0.00000000e+00 0.00000000e+00
 0.00000000e+00 0.00000000e+00 0.00000000e+00 0.00000000e+00
 0.00000000e+00 0.00000000e+00 0.00000000e+00 0.00000000e+00
 0.00000000e+00]
New op index: 0	$R_X$[0]
Current grad: 2.603413162359576e-08
[ 3.14159265 -3.14159265  3.14159265  3.14159265 -3.14159265  3.14159265
  3.14159265  3.14159265  3.14159265  3.14159265 -3.14159265  3.14159265
  3.14159265  3.14159265  3.14159265  3.14159265 -3.14159265  3.14159265
  3.14159265  3.14159265  3.14159265  3.14159265 -3.14159265  3.14159265
  3.14159265  3.14159265  3.14159265  3.14159265  3.14159265  3.14159265
  3.14159265  3.14159265  3.14159265  3.14159265  3.14159265  3.14159265
  3.14159265  3.14159265  3.14159265  3.14159265  3.14159265  3.14159265
  3.14159265  3.14159265  3.14159265] 
 [0. 0. 0. 0. 0. 0. 0. 0. 0. 0. 0. 0. 0. 0. 0. 0. 0. 0. 0. 0. 0. 0. 0. 0.
 0. 0. 0. 0. 0. 0. 0. 0. 0. 0. 0. 0. 0. 0. 0. 0. 0. 0. 0. 0. 0.]
Precision cutoff reached.
Calculating energies for FreeWilson2D(N_x=2, N_y=2, mass=-3.061, r=1.000)
h_im: 0.0
New op index: 10	$R_Y$[3]
Current grad: 6.244897959183669
[ 3.14159265 -1.57079633  3.14159265  3.14159265  1.57079633  3.14159265
  3.14159265 -1.57079633  3.14159265  3.14159265  0.8150924   0.
  3.14159265  0.8150924   0.          3.14159265 -1.57079633  3.14159265
  3.14159265  1.57079633  3.14159265  3.14159265 -1.57079633  3.14159265
  3.14159265  3.14159265  3.14159265  3.14159265  3.14159265  3.14159265
  3.14159265  0.          0.          3.14159265  3.14159265  3.14159265
  3.14159265  0.          0.          3.14159265  3.14159265  3.14159265
  3.14159265  3.14159265  3.14159265] 
 [0.         0.53061224 0.         0.         1.03061224 0.
 0.         1.03061224 0.         0.         1.22907431 1.
 0.         1.22907431 1.         0.         1.03061224 0.
 0.         1.03061224 0.         0.         0.53061224 0.
 0.         0.         0.         0.         0.         0.
 0.         1.         1.         0.         0.         0.
 0.         1.         1.         0.         0.         0.
 0.         0.         0.        ]
New op index: 16	$R_Y$[5]
Current grad: 254.04995731326142
[ 3.14159265 -1.57079633  3.14159265  3.14159265 -1.57079633  3.14159265
  3.14159265 -1.57079633  0.          3.14159265  3.14159265  3.14159265
  3.14159265 -1.58045657  3.14159265  3.14159265 -1.57079633  0.
  0.         -1.57079633  0.          0.         -1.57079633  0.
  3.14159265  3.14159265  3.14159265  3.14159265  0.          0.
  3.14159265  3.14159265  3.14159265  3.14159265  3.14159265  0.
  3.14159265  3.14159265  3.14159265  0.          0.          0.
  0.          0.          0.        ] 
 [0.00000000e+00 3.69200608e+01 0.00000000e+00 0.00000000e+00
 3.53588363e+01 0.00000000e+00 0.00000000e+00 3.65771603e+01
 3.46944695e-18 0.00000000e+00 0.00000000e+00 0.00000000e+00
 0.00000000e+00 3.51536976e+01 0.00000000e+00 0.00000000e+00
 3.74200608e+01 2.42861287e-17 6.28217716e-15 3.53588363e+01
 6.93889390e-18 3.45309099e-15 3.69200608e+01 2.08166817e-17
 0.00000000e+00 0.00000000e+00 0.00000000e+00 0.00000000e+00
 3.46944695e-18 3.46944695e-18 0.00000000e+00 0.00000000e+00
 0.00000000e+00 0.00000000e+00 0.00000000e+00 6.93889390e-18
 0.00000000e+00 0.00000000e+00 0.00000000e+00 5.94054284e-15
 5.91625671e-15 3.12250226e-17 7.31359417e-15 7.28583860e-15
 2.77555756e-17]
New op index: 4	$R_Y$[1]
Current grad: 3.6787262156157294
[ 3.14159265 -1.57079633  3.14159265  3.14159265  1.57079633  3.14159265
  3.14159265 -1.57079633  0.          3.14159265  3.14159265  3.14159265
  0.          2.32911788  3.14159265  3.14159265  3.14159265  0.
  3.14159265  2.32420355  3.14159265  0.         -1.57079633  0.
  3.14159265  3.14159265  3.14159265  3.14159265  0.          0.
  3.14159265  3.14159265  3.14159265  3.14159265  3.14159265  3.14159265
  3.14159265  3.14159265  3.14159265  3.14159265  3.14159265  3.14159265
  3.14159265  3.14159265  3.14159265] 
 [0.00000000e+00 5.28164653e-01 0.00000000e+00 0.00000000e+00
 1.03305984e+00 0.00000000e+00 0.00000000e+00 5.23217399e-01
 2.35053731e-32 0.00000000e+00 0.00000000e+00 0.00000000e+00
 3.56811806e-15 2.29303738e-01 0.00000000e+00 0.00000000e+00
 0.00000000e+00 1.73709853e-31 0.00000000e+00 2.30857571e-01
 0.00000000e+00 8.35647995e-16 5.28164653e-01 1.50204480e-31
 0.00000000e+00 0.00000000e+00 0.00000000e+00 0.00000000e+00
 2.35053731e-32 2.35053731e-32 0.00000000e+00 0.00000000e+00
 0.00000000e+00 0.00000000e+00 0.00000000e+00 0.00000000e+00
 0.00000000e+00 0.00000000e+00 0.00000000e+00 0.00000000e+00
 0.00000000e+00 0.00000000e+00 0.00000000e+00 0.00000000e+00
 0.00000000e+00]
New op index: 22	$R_Y$[7]
Current grad: 182.47785519312157
[ 3.14159265 -1.58433827  3.14159265  3.14159265  3.14159265  3.14159265
  3.14159265 -1.58433827  3.14159265  3.14159265  3.14159265  3.14159265
  3.14159265 -1.59429808  3.14159265  3.14159265  3.14159265  3.14159265
  0.         -1.58473899  3.14159265  0.         -1.57079633  3.14159265
  3.14159265  3.14159265  3.14159265  3.14159265  3.14159265  3.14159265
  3.14159265  3.14159265  3.14159265  3.14159265  3.14159265  3.14159265
  3.14159265  3.14159265  3.14159265  3.14159265  3.14159265  3.14159265
  0.          3.14159265  3.14159265] 
 [0.00000000e+00 3.64234464e+01 0.00000000e+00 0.00000000e+00
 0.00000000e+00 0.00000000e+00 0.00000000e+00 3.64234464e+01
 0.00000000e+00 0.00000000e+00 0.00000000e+00 0.00000000e+00
 0.00000000e+00 3.50258410e+01 0.00000000e+00 0.00000000e+00
 0.00000000e+00 0.00000000e+00 1.09308820e-15 3.53623221e+01
 0.00000000e+00 1.03715222e-15 3.69200608e+01 0.00000000e+00
 0.00000000e+00 0.00000000e+00 0.00000000e+00 0.00000000e+00
 0.00000000e+00 0.00000000e+00 0.00000000e+00 0.00000000e+00
 0.00000000e+00 0.00000000e+00 0.00000000e+00 0.00000000e+00
 0.00000000e+00 0.00000000e+00 0.00000000e+00 0.00000000e+00
 0.00000000e+00 0.00000000e+00 1.43635104e-15 0.00000000e+00
 0.00000000e+00]
New op index: 19	$R_Y$[6]
Current grad: 2.1224489795920256
[ 3.14159265 -2.3288082   3.14159265  3.14159265 -3.14159265  3.14159265
  3.14159265 -2.3288082   3.14159265  3.14159265 -3.14159265  3.14159265
  0.          2.32911788  3.14159265  3.14159265  3.14159265  3.14159265
  3.14159265  2.32420355  3.14159265  3.14159265 -3.14159265  0.
  3.14159265  3.14159265  3.14159265  3.14159265  3.14159265  3.14159265
  3.14159265  3.14159265  3.14159265  3.14159265  3.14159265  3.14159265
  3.14159265  3.14159265  3.14159265  3.14159265  3.14159265  3.14159265
  3.14159265  3.14159265  3.14159265] 
 [0.00000000e+00 2.27294920e-01 0.00000000e+00 0.00000000e+00
 0.00000000e+00 0.00000000e+00 0.00000000e+00 2.27294920e-01
 0.00000000e+00 0.00000000e+00 0.00000000e+00 0.00000000e+00
 5.55316508e-15 2.29303738e-01 0.00000000e+00 0.00000000e+00
 0.00000000e+00 0.00000000e+00 0.00000000e+00 2.30857571e-01
 0.00000000e+00 0.00000000e+00 0.00000000e+00 1.49765030e-47
 0.00000000e+00 0.00000000e+00 0.00000000e+00 0.00000000e+00
 0.00000000e+00 0.00000000e+00 0.00000000e+00 0.00000000e+00
 0.00000000e+00 0.00000000e+00 0.00000000e+00 0.00000000e+00
 0.00000000e+00 0.00000000e+00 0.00000000e+00 0.00000000e+00
 0.00000000e+00 0.00000000e+00 0.00000000e+00 0.00000000e+00
 0.00000000e+00]
New op index: 1	$R_Y$[0]
Current grad: 112.96472033322851
[ 3.14159265 -1.58395047  3.14159265  3.14159265  3.14159265  3.14159265
  3.14159265 -1.58395047  3.14159265  3.14159265  3.14159103  3.14159265
  0.         -1.580262    3.14159265  3.14159265 -3.14159265  0.
  3.14159265 -3.14159265  3.14159265  3.14159265  3.14159265  0.
  3.14159265  3.14159265  3.14159265  3.14159265  3.14159265  3.14159265
  3.14159265  3.14159265  3.14159265  3.14159265  3.14159265  3.14159265
  3.14159265  3.14159265  3.14159265  3.14159265  3.14159265  3.14159265
  3.14159265  3.14159265  3.14159265] 
 [0.00000000e+00 3.75119298e+01 0.00000000e+00 0.00000000e+00
 0.00000000e+00 0.00000000e+00 0.00000000e+00 3.75119298e+01
 0.00000000e+00 0.00000000e+00 1.71453962e-11 0.00000000e+00
 1.02031860e-15 3.65993293e+01 0.00000000e+00 0.00000000e+00
 0.00000000e+00 2.39949978e-32 0.00000000e+00 0.00000000e+00
 0.00000000e+00 0.00000000e+00 0.00000000e+00 2.69744528e-32
 0.00000000e+00 0.00000000e+00 0.00000000e+00 0.00000000e+00
 0.00000000e+00 0.00000000e+00 0.00000000e+00 0.00000000e+00
 0.00000000e+00 0.00000000e+00 0.00000000e+00 0.00000000e+00
 0.00000000e+00 0.00000000e+00 0.00000000e+00 0.00000000e+00
 0.00000000e+00 0.00000000e+00 0.00000000e+00 0.00000000e+00
 0.00000000e+00]
New op index: 13	$R_Y$[4]
Current grad: 1.0612244897966046
[ 3.14159265 -3.14159265  3.14159265  3.14159265 -3.14159265  3.14159265
  3.14159265 -1.58016383  3.14159265  3.14159265 -3.14159265  3.14159265
  3.14159265  1.58935593  3.14159265  3.14159265 -3.14159265  0.
  3.14159265 -3.14159265  3.14159265  3.14159265  3.14159265  0.
  3.14159265  3.14159265  3.14159265  3.14159265  3.14159265  3.14159265
  3.14159265  3.14159265  3.14159265  3.14159265  3.14159265  3.14159265
  3.14159265  3.14159265  3.14159265  3.14159265  3.14159265  3.14159265
  3.14159265  3.14159265  3.14159265] 
 [0.00000000e+00 0.00000000e+00 0.00000000e+00 0.00000000e+00
 0.00000000e+00 0.00000000e+00 0.00000000e+00 5.23240568e-01
 0.00000000e+00 0.00000000e+00 0.00000000e+00 0.00000000e+00
 0.00000000e+00 5.23256677e-01 0.00000000e+00 0.00000000e+00
 0.00000000e+00 3.78064649e-31 0.00000000e+00 0.00000000e+00
 0.00000000e+00 0.00000000e+00 0.00000000e+00 3.58419287e-31
 0.00000000e+00 0.00000000e+00 0.00000000e+00 0.00000000e+00
 0.00000000e+00 0.00000000e+00 0.00000000e+00 0.00000000e+00
 0.00000000e+00 0.00000000e+00 0.00000000e+00 0.00000000e+00
 0.00000000e+00 0.00000000e+00 0.00000000e+00 0.00000000e+00
 0.00000000e+00 0.00000000e+00 0.00000000e+00 0.00000000e+00
 0.00000000e+00]
New op index: 7	$R_Y$[2]
Current grad: 50.24787559270263
[ 3.14159265  3.14159264  3.14159265  3.14159265 -3.14159265  3.14159265
  3.14159265 -1.57089516  3.14159265  3.14159265  3.141588    3.14159265
  3.14159265 -3.14159265  3.14159265  3.14159265  3.14159265  3.14159265
  3.14159265 -3.14157333  3.14159265  3.14159265 -3.14159265  3.14159265
  3.14159265  3.14159265  3.14159265  3.14159265  3.14159265  3.14159265
  3.14159265  3.14159265  3.14159265  3.14159265  3.14159265  3.14159265
  3.14159265  3.14159265  3.14159265  3.14159265  3.14159265  3.14159265
  3.14159265  3.14159265  3.14159265] 
 [0.00000000e+00 0.00000000e+00 0.00000000e+00 0.00000000e+00
 0.00000000e+00 0.00000000e+00 0.00000000e+00 5.02428908e+01
 0.00000000e+00 0.00000000e+00 8.12072631e-12 0.00000000e+00
 0.00000000e+00 0.00000000e+00 0.00000000e+00 0.00000000e+00
 0.00000000e+00 0.00000000e+00 0.00000000e+00 1.39556366e-10
 0.00000000e+00 0.00000000e+00 0.00000000e+00 0.00000000e+00
 0.00000000e+00 0.00000000e+00 0.00000000e+00 0.00000000e+00
 0.00000000e+00 0.00000000e+00 0.00000000e+00 0.00000000e+00
 0.00000000e+00 0.00000000e+00 0.00000000e+00 0.00000000e+00
 0.00000000e+00 0.00000000e+00 0.00000000e+00 0.00000000e+00
 0.00000000e+00 0.00000000e+00 0.00000000e+00 0.00000000e+00
 0.00000000e+00]
New op index: 10	$R_Y$[3]
Current grad: 4.0110816567558295e-06
[ 3.14159265 -3.14159265  3.14159265  3.14159265 -3.14159265  3.14159265
  3.14159265 -3.14159265  3.14159265  3.14159265 -3.14159258  3.14159265
  3.14159265  3.14159265  3.14159265  3.14159265 -3.14159265  3.14159265
  3.14159265  3.14159265  3.14159265  3.14159265 -3.14159265  3.14159265
  3.14159265  3.14159265  3.14159265  3.14159265  3.14159265  3.14159265
  3.14159265  3.14159265  3.14159265  3.14159265  3.14159265  3.14159265
  3.14159265  3.14159265  3.14159265  3.14159265  3.14159265  3.14159265
  3.14159265  3.14159265  3.14159265] 
 [0.00000000e+00 0.00000000e+00 0.00000000e+00 0.00000000e+00
 0.00000000e+00 0.00000000e+00 0.00000000e+00 0.00000000e+00
 0.00000000e+00 0.00000000e+00 1.49213975e-13 0.00000000e+00
 0.00000000e+00 0.00000000e+00 0.00000000e+00 0.00000000e+00
 0.00000000e+00 0.00000000e+00 0.00000000e+00 0.00000000e+00
 0.00000000e+00 0.00000000e+00 0.00000000e+00 0.00000000e+00
 0.00000000e+00 0.00000000e+00 0.00000000e+00 0.00000000e+00
 0.00000000e+00 0.00000000e+00 0.00000000e+00 0.00000000e+00
 0.00000000e+00 0.00000000e+00 0.00000000e+00 0.00000000e+00
 0.00000000e+00 0.00000000e+00 0.00000000e+00 0.00000000e+00
 0.00000000e+00 0.00000000e+00 0.00000000e+00 0.00000000e+00
 0.00000000e+00]
Precision cutoff reached.
Calculating energies for FreeWilson2D(N_x=2, N_y=2, mass=-2.898, r=1.000)
h_im: 0.0
New op index: 10	$R_Y$[3]
Current grad: 5.591836734693873
[ 3.14159265 -1.57079633  3.14159265  3.14159265  1.57079633  3.14159265
  3.14159265 -1.57079633  3.14159265  3.14159265  0.73168643  0.
  3.14159265  0.73168643  0.          3.14159265 -1.57079633  3.14159265
  3.14159265  1.57079633  3.14159265  3.14159265 -1.57079633  3.14159265
  3.14159265  3.14159265  3.14159265  3.14159265  3.14159265  3.14159265
  3.14159265  0.          0.          3.14159265  3.14159265  3.14159265
  3.14159265  0.          0.          3.14159265  3.14159265  3.14159265
  3.14159265  3.14159265  3.14159265] 
 [0.         0.44897959 0.         0.         0.94897959 0.
 0.         0.94897959 0.         0.         1.17199901 1.
 0.         1.17199901 1.         0.         0.94897959 0.
 0.         0.94897959 0.         0.         0.44897959 0.
 0.         0.         0.         0.         0.         0.
 0.         1.         1.         0.         0.         0.
 0.         1.         1.         0.         0.         0.
 0.         0.         0.        ]
New op index: 16	$R_Y$[5]
Current grad: 233.08677331553403
[ 3.14159265 -1.57079633  3.14159265  3.14159265 -1.57079633  3.14159265
  3.14159265 -1.57079633  3.14159265  3.14159265  3.14159265  3.14159265
  0.         -1.5821995   3.14159265  3.14159265 -1.57079633  3.14159265
  3.14159265 -1.57079633  3.14159265  3.14159265 -1.57079633  0.
  3.14159265  3.14159265  3.14159265  3.14159265  3.14159265  3.14159265
  3.14159265  3.14159265  3.14159265  3.14159265  3.14159265  3.14159265
  3.14159265  3.14159265  3.14159265  3.14159265  3.14159265  3.14159265
  3.14159265  3.14159265  3.14159265] 
 [0.00000000e+00 3.38552483e+01 0.00000000e+00 0.00000000e+00
 3.24572891e+01 0.00000000e+00 0.00000000e+00 3.34832239e+01
 0.00000000e+00 0.00000000e+00 0.00000000e+00 0.00000000e+00
 1.79575742e-15 3.22533232e+01 0.00000000e+00 0.00000000e+00
 3.43552483e+01 0.00000000e+00 0.00000000e+00 3.24572891e+01
 0.00000000e+00 0.00000000e+00 3.38552483e+01 6.93889390e-18
 0.00000000e+00 0.00000000e+00 0.00000000e+00 0.00000000e+00
 0.00000000e+00 0.00000000e+00 0.00000000e+00 0.00000000e+00
 0.00000000e+00 0.00000000e+00 0.00000000e+00 0.00000000e+00
 0.00000000e+00 0.00000000e+00 0.00000000e+00 0.00000000e+00
 0.00000000e+00 0.00000000e+00 0.00000000e+00 0.00000000e+00
 0.00000000e+00]
New op index: 4	$R_Y$[1]
Current grad: 3.188922292769085
[ 3.14159265 -1.57079633  3.14159265  3.14159265  1.57079633  3.14159265
  3.14159265 -1.57079633  0.          3.14159265  3.14159265  3.14159265
  0.          2.41209675  3.14159265  3.14159265  3.14159265  3.14159265
  3.14159265  2.40719406  3.14159265  0.         -1.57079633  3.14159265
  3.14159265  3.14159265  3.14159265  3.14159265  0.          0.
  3.14159265  3.14159265  3.14159265  3.14159265  3.14159265  3.14159265
  3.14159265  3.14159265  3.14159265  3.14159265  3.14159265  3.14159265
  0.          3.14159265  3.14159265] 
 [0.00000000e+00 4.46524073e-01 0.00000000e+00 0.00000000e+00
 9.51435111e-01 0.00000000e+00 0.00000000e+00 4.41568815e-01
 1.22371783e-32 0.00000000e+00 0.00000000e+00 0.00000000e+00
 1.40912735e-15 1.72372928e-01 0.00000000e+00 0.00000000e+00
 0.00000000e+00 0.00000000e+00 0.00000000e+00 1.73642085e-01
 0.00000000e+00 5.53579956e-15 4.46524073e-01 0.00000000e+00
 0.00000000e+00 0.00000000e+00 0.00000000e+00 0.00000000e+00
 1.22371783e-32 1.22371783e-32 0.00000000e+00 0.00000000e+00
 0.00000000e+00 0.00000000e+00 0.00000000e+00 0.00000000e+00
 0.00000000e+00 0.00000000e+00 0.00000000e+00 0.00000000e+00
 0.00000000e+00 0.00000000e+00 2.06261869e-15 0.00000000e+00
 0.00000000e+00]
New op index: 22	$R_Y$[7]
Current grad: 167.48032299631157
[ 3.14159265 -1.58556401  3.14159265  3.14159265 -3.14159265  3.14159265
  3.14159265 -1.58556401  3.14159265  3.14159265  3.14159265  3.14159265
  3.14159265 -1.59724938  3.14159265  3.14159265 -3.14159265  0.
  3.14159265 -1.58596631  3.14159265  3.14159265 -1.57079633  0.
  3.14159265  3.14159265  3.14159265  3.14159265  3.14159265  3.14159265
  3.14159265  3.14159265  3.14159265  3.14159265  3.14159265  3.14159265
  3.14159265  3.14159265  3.14159265  3.14159265  3.14159265  3.14159265
  3.14159265  3.14159265  3.14159265] 
 [0.00000000e+00 3.33589403e+01 0.00000000e+00 0.00000000e+00
 0.00000000e+00 0.00000000e+00 0.00000000e+00 3.33589403e+01
 0.00000000e+00 0.00000000e+00 0.00000000e+00 0.00000000e+00
 0.00000000e+00 3.20967993e+01 0.00000000e+00 0.00000000e+00
 0.00000000e+00 3.85185989e-32 0.00000000e+00 3.24610817e+01
 0.00000000e+00 0.00000000e+00 3.38552483e+01 4.62223187e-32
 0.00000000e+00 0.00000000e+00 0.00000000e+00 0.00000000e+00
 0.00000000e+00 0.00000000e+00 0.00000000e+00 0.00000000e+00
 0.00000000e+00 0.00000000e+00 0.00000000e+00 0.00000000e+00
 0.00000000e+00 0.00000000e+00 0.00000000e+00 0.00000000e+00
 0.00000000e+00 0.00000000e+00 0.00000000e+00 0.00000000e+00
 0.00000000e+00]
New op index: 19	$R_Y$[6]
Current grad: 1.7959183673471557
[ 3.14159265 -2.41263166  3.14159265  3.14159265 -3.14159265  3.14159265
  3.14159265 -2.41263166  3.14159265  3.14159265  3.14159265  3.14159265
  0.          2.41209675  3.14159265  3.14159265  3.14159265  0.
  3.14159265  2.40719406  3.14159265  3.14159265 -3.14159265  3.14159265
  3.14159265  3.14159265  3.14159265  3.14159265  3.14159265  3.14159265
  3.14159265  3.14159265  3.14159265  3.14159265  3.14159265  3.14159265
  3.14159265  3.14159265  3.14159265  3.14159265  3.14159265  3.14159265
  3.14159265  3.14159265  3.14159265] 
 [0.00000000e+00 1.70360909e-01 0.00000000e+00 0.00000000e+00
 0.00000000e+00 0.00000000e+00 0.00000000e+00 1.70360909e-01
 0.00000000e+00 0.00000000e+00 0.00000000e+00 0.00000000e+00
 2.83177825e-15 1.72372928e-01 0.00000000e+00 0.00000000e+00
 0.00000000e+00 1.86333722e-32 0.00000000e+00 1.73642085e-01
 0.00000000e+00 0.00000000e+00 0.00000000e+00 0.00000000e+00
 0.00000000e+00 0.00000000e+00 0.00000000e+00 0.00000000e+00
 0.00000000e+00 0.00000000e+00 0.00000000e+00 0.00000000e+00
 0.00000000e+00 0.00000000e+00 0.00000000e+00 0.00000000e+00
 0.00000000e+00 0.00000000e+00 0.00000000e+00 0.00000000e+00
 0.00000000e+00 0.00000000e+00 0.00000000e+00 0.00000000e+00
 0.00000000e+00]
New op index: 1	$R_Y$[0]
Current grad: 103.47354908651491
[ 3.14159265 -1.58516708  3.14159265  3.14159265 -3.14159265  3.14159265
  3.14159265 -1.58516708  3.14159265  3.14159265  3.1415906   3.14159265
  0.         -1.58196989  3.14159265  3.14159265  3.14159265  0.
  3.14159265  3.14159265  3.14159265  3.14159265 -3.14159265  0.
  3.14159265  3.14159265  3.14159265  3.14159265  3.14159265  3.14159265
  3.14159265  3.14159265  3.14159265  3.14159265  3.14159265  3.14159265
  3.14159265  3.14159265  3.14159265  3.14159265  3.14159265  3.14159265
  3.14159265  3.14159265  3.14159265] 
 [0.00000000e+00 3.42940845e+01 0.00000000e+00 0.00000000e+00
 0.00000000e+00 0.00000000e+00 0.00000000e+00 3.42940845e+01
 0.00000000e+00 0.00000000e+00 3.39070994e-11 0.00000000e+00
 3.51159033e-15 3.35159322e+01 0.00000000e+00 0.00000000e+00
 0.00000000e+00 1.05462830e-33 0.00000000e+00 0.00000000e+00
 0.00000000e+00 0.00000000e+00 0.00000000e+00 9.21844458e-34
 0.00000000e+00 0.00000000e+00 0.00000000e+00 0.00000000e+00
 0.00000000e+00 0.00000000e+00 0.00000000e+00 0.00000000e+00
 0.00000000e+00 0.00000000e+00 0.00000000e+00 0.00000000e+00
 0.00000000e+00 0.00000000e+00 0.00000000e+00 0.00000000e+00
 0.00000000e+00 0.00000000e+00 0.00000000e+00 0.00000000e+00
 0.00000000e+00]
New op index: 13	$R_Y$[4]
Current grad: 0.8979591836740869
[ 3.14159265  3.14159265  3.14159265  3.14159265 -3.14159265  3.14159265
  3.14159265 -1.58189434  3.14159265  3.14159265 -3.14159265  3.14159265
  0.          1.59274618  3.14159265  3.14159265 -3.14159265  0.
  3.14159265 -3.14159265  3.14159265  3.14159265  3.14159265  0.
  3.14159265  3.14159265  3.14159265  3.14159265  3.14159265  3.14159265
  3.14159265  3.14159265  3.14159265  3.14159265  3.14159265  3.14159265
  3.14159265  3.14159265  3.14159265  3.14159265  3.14159265  3.14159265
  3.14159265  3.14159265  3.14159265] 
 [0.00000000e+00 0.00000000e+00 0.00000000e+00 0.00000000e+00
 0.00000000e+00 0.00000000e+00 0.00000000e+00 4.41596310e-01
 0.00000000e+00 0.00000000e+00 0.00000000e+00 0.00000000e+00
 4.44257653e-17 4.41632888e-01 0.00000000e+00 0.00000000e+00
 0.00000000e+00 7.60824807e-32 0.00000000e+00 0.00000000e+00
 0.00000000e+00 0.00000000e+00 0.00000000e+00 8.17754622e-32
 0.00000000e+00 0.00000000e+00 0.00000000e+00 0.00000000e+00
 0.00000000e+00 0.00000000e+00 0.00000000e+00 0.00000000e+00
 0.00000000e+00 0.00000000e+00 0.00000000e+00 0.00000000e+00
 0.00000000e+00 0.00000000e+00 0.00000000e+00 0.00000000e+00
 0.00000000e+00 0.00000000e+00 0.00000000e+00 0.00000000e+00
 0.00000000e+00]
New op index: 7	$R_Y$[2]
Current grad: 50.02885356878208
[ 3.14159265 -3.14159265  3.14159265  3.14159265 -3.14159265  3.14159265
  3.14159265 -1.57089559  3.14159265  3.14159265 -3.14157617  3.14159265
  3.14159265  3.14159265  3.14159265  3.14159265  3.14159264  3.14159265
  3.14159265  3.14158516  3.14159265  3.14159265 -3.14159265  3.14159265
  3.14159265  3.14159265  3.14159265  3.14159265  3.14159265  3.14159265
  3.14159265  3.14159265  3.14159265  3.14159265  3.14159265  3.14159265
  3.14159265  3.14159265  3.14159265  3.14159265  3.14159265  3.14159265
  3.14159265  3.14159265  3.14159265] 
 [0.00000000e+00 0.00000000e+00 0.00000000e+00 0.00000000e+00
 0.00000000e+00 0.00000000e+00 0.00000000e+00 5.00238671e+01
 0.00000000e+00 0.00000000e+00 1.05672693e-10 0.00000000e+00
 0.00000000e+00 0.00000000e+00 0.00000000e+00 0.00000000e+00
 1.42108547e-14 0.00000000e+00 0.00000000e+00 2.17671436e-11
 0.00000000e+00 0.00000000e+00 0.00000000e+00 0.00000000e+00
 0.00000000e+00 0.00000000e+00 0.00000000e+00 0.00000000e+00
 0.00000000e+00 0.00000000e+00 0.00000000e+00 0.00000000e+00
 0.00000000e+00 0.00000000e+00 0.00000000e+00 0.00000000e+00
 0.00000000e+00 0.00000000e+00 0.00000000e+00 0.00000000e+00
 0.00000000e+00 0.00000000e+00 0.00000000e+00 0.00000000e+00
 0.00000000e+00]
New op index: 10	$R_Y$[3]
Current grad: 4.966588278407669e-06
[ 3.14159265 -3.14159265  3.14159265  3.14159265 -3.14159265  3.14159265
  3.14159265 -3.14159265  3.14159265  3.14159265 -3.14159256  3.14159265
  3.14159265 -3.14159265  3.14159265  3.14159265 -3.14159265  3.14159265
  3.14159265  3.14159265  3.14159265  3.14159265 -3.14159265  3.14159265
  3.14159265  3.14159265  3.14159265  3.14159265  3.14159265  3.14159265
  3.14159265  3.14159265  3.14159265  3.14159265  3.14159265  3.14159265
  3.14159265  3.14159265  3.14159265  3.14159265  3.14159265  3.14159265
  3.14159265  3.14159265  3.14159265] 
 [0.00000000e+00 0.00000000e+00 0.00000000e+00 0.00000000e+00
 0.00000000e+00 0.00000000e+00 0.00000000e+00 0.00000000e+00
 0.00000000e+00 0.00000000e+00 2.27373675e-13 0.00000000e+00
 0.00000000e+00 0.00000000e+00 0.00000000e+00 0.00000000e+00
 0.00000000e+00 0.00000000e+00 0.00000000e+00 0.00000000e+00
 0.00000000e+00 0.00000000e+00 0.00000000e+00 0.00000000e+00
 0.00000000e+00 0.00000000e+00 0.00000000e+00 0.00000000e+00
 0.00000000e+00 0.00000000e+00 0.00000000e+00 0.00000000e+00
 0.00000000e+00 0.00000000e+00 0.00000000e+00 0.00000000e+00
 0.00000000e+00 0.00000000e+00 0.00000000e+00 0.00000000e+00
 0.00000000e+00 0.00000000e+00 0.00000000e+00 0.00000000e+00
 0.00000000e+00]
Precision cutoff reached.
Calculating energies for FreeWilson2D(N_x=2, N_y=2, mass=-2.735, r=1.000)
h_im: 0.0
New op index: 10	$R_Y$[3]
Current grad: 4.938775510204079
[ 3.14159265 -1.57079633  3.14159265  3.14159265  1.57079633  3.14159265
  3.14159265 -1.57079633  3.14159265  3.14159265  0.63363301  0.
  3.14159265  0.63363301  0.          3.14159265 -1.57079633  3.14159265
  3.14159265  1.57079633  3.14159265  3.14159265 -1.57079633  3.14159265
  3.14159265  3.14159265  3.14159265  3.14159265  3.14159265  3.14159265
  3.14159265  0.          0.          3.14159265  3.14159265  3.14159265
  3.14159265  0.          0.          3.14159265  3.14159265  3.14159265
  3.14159265  3.14159265  3.14159265] 
 [0.         0.36734694 0.         0.         0.86734694 0.
 0.         0.86734694 0.         0.         1.12043837 1.
 0.         1.12043837 1.         0.         0.86734694 0.
 0.         0.86734694 0.         0.         0.36734694 0.
 0.         0.         0.         0.         0.         0.
 0.         1.         1.         0.         0.         0.
 0.         1.         1.         0.         0.         0.
 0.         0.         0.        ]
New op index: 16	$R_Y$[5]
Current grad: 206.39511970161445
[ 3.14159265 -1.57079633  3.14159265  3.14159265 -1.57079633  3.14159265
  3.14159265 -1.57079633  3.14159265  3.14159265  3.14159265  3.14159265
  3.14159265 -1.58471854  3.14159265  0.         -1.57079633  0.
  0.         -1.57079633  0.          3.14159265 -1.57079633  0.
  3.14159265  3.14159265  3.14159265  3.14159265  3.14159265  3.14159265
  3.14159265  3.14159265  3.14159265  3.14159265  3.14159265  0.
  3.14159265  3.14159265  3.14159265  0.          0.          0.
  3.14159265  3.14159265  0.        ] 
 [0.00000000e+00 2.99711686e+01 0.00000000e+00 0.00000000e+00
 2.87364748e+01 0.00000000e+00 0.00000000e+00 2.95682277e+01
 0.00000000e+00 0.00000000e+00 0.00000000e+00 0.00000000e+00
 0.00000000e+00 2.85403006e+01 0.00000000e+00 4.03163897e-16
 3.04711686e+01 1.38777878e-17 4.54752449e-15 2.87364748e+01
 4.16333634e-17 0.00000000e+00 2.99711686e+01 1.38777878e-17
 0.00000000e+00 0.00000000e+00 0.00000000e+00 0.00000000e+00
 0.00000000e+00 0.00000000e+00 0.00000000e+00 0.00000000e+00
 0.00000000e+00 0.00000000e+00 0.00000000e+00 4.16333634e-17
 0.00000000e+00 0.00000000e+00 0.00000000e+00 4.20128784e-15
 4.20128784e-15 5.55111512e-17 0.00000000e+00 0.00000000e+00
 5.55111512e-17]
New op index: 4	$R_Y$[1]
Current grad: 2.699118343979766
[ 3.14159265 -1.57079633  3.14159265  3.14159265  1.57079633  3.14159265
  3.14159265 -1.57079633  0.          3.14159265  3.14159265  3.14159265
  3.14159265  2.50948285  3.14159265  3.14159265  3.14159265  0.
  3.14159265  2.50476736  3.14159265  3.14159265 -1.57079633  0.
  3.14159265  3.14159265  3.14159265  3.14159265  0.          0.
  3.14159265  3.14159265  3.14159265  3.14159265  3.14159265  3.14159265
  3.14159265  3.14159265  3.14159265  3.14159265  3.14159265  3.14159265
  3.14159265  3.14159265  3.14159265] 
 [0.00000000e+00 3.64883455e-01 0.00000000e+00 0.00000000e+00
 8.69810423e-01 0.00000000e+00 0.00000000e+00 3.59920166e-01
 7.56333754e-32 0.00000000e+00 0.00000000e+00 0.00000000e+00
 0.00000000e+00 1.20934204e-01 0.00000000e+00 0.00000000e+00
 0.00000000e+00 1.21581851e-31 0.00000000e+00 1.21900112e-01
 0.00000000e+00 0.00000000e+00 3.64883455e-01 4.59484755e-32
 0.00000000e+00 0.00000000e+00 0.00000000e+00 0.00000000e+00
 7.56333754e-32 7.56333754e-32 0.00000000e+00 0.00000000e+00
 0.00000000e+00 0.00000000e+00 0.00000000e+00 0.00000000e+00
 0.00000000e+00 0.00000000e+00 0.00000000e+00 0.00000000e+00
 0.00000000e+00 0.00000000e+00 0.00000000e+00 0.00000000e+00
 0.00000000e+00]
New op index: 22	$R_Y$[7]
Current grad: 148.38645542894358
[ 3.14159265 -1.58747748  3.14159265  3.14159265 -3.14159265  3.14159265
  3.14159265 -1.58747748  3.14159265  3.14159265 -3.14159265  3.14159265
  3.14159265 -1.60167057  3.14159265  3.14159265  3.14159265  0.
  0.         -1.58789658  3.14159265  0.         -1.57079633  0.
  3.14159265  3.14159265  3.14159265  3.14159265  3.14159265  3.14159265
  3.14159265  3.14159265  3.14159265  3.14159265  3.14159265  3.14159265
  3.14159265  3.14159265  3.14159265  3.14159265  3.14159265  3.14159265
  0.          3.14159265  3.14159265] 
 [0.00000000e+00 2.94753390e+01 0.00000000e+00 0.00000000e+00
 0.00000000e+00 0.00000000e+00 0.00000000e+00 2.94753390e+01
 0.00000000e+00 0.00000000e+00 0.00000000e+00 0.00000000e+00
 0.00000000e+00 2.83474738e+01 0.00000000e+00 0.00000000e+00
 0.00000000e+00 1.10933565e-31 2.76677774e-15 2.87407499e+01
 0.00000000e+00 8.32157472e-15 2.99711686e+01 1.10933565e-31
 0.00000000e+00 0.00000000e+00 0.00000000e+00 0.00000000e+00
 0.00000000e+00 0.00000000e+00 0.00000000e+00 0.00000000e+00
 0.00000000e+00 0.00000000e+00 0.00000000e+00 0.00000000e+00
 0.00000000e+00 0.00000000e+00 0.00000000e+00 0.00000000e+00
 0.00000000e+00 0.00000000e+00 9.70057368e-15 0.00000000e+00
 0.00000000e+00]
New op index: 19	$R_Y$[6]
Current grad: 1.4693877551021908
[ 3.14159265 -2.51116697  3.14159265  3.14159265 -3.14159265  3.14159265
  3.14159265 -2.51116697  3.14159265  3.14159265  3.14159265  3.14159265
  0.          2.50948285  3.14159265  3.14159265  3.14159265  0.
  0.          2.50476736  3.14159265  3.14159265 -3.14159265  0.
  3.14159265  3.14159265  3.14159265  3.14159265  3.14159265  3.14159265
  3.14159265  3.14159265  3.14159265  3.14159265  3.14159265  3.14159265
  3.14159265  3.14159265  3.14159265  3.14159265  3.14159265  3.14159265
  3.14159265  3.14159265  3.14159265] 
 [0.00000000e+00 1.18982985e-01 0.00000000e+00 0.00000000e+00
 0.00000000e+00 0.00000000e+00 0.00000000e+00 1.18982985e-01
 0.00000000e+00 0.00000000e+00 0.00000000e+00 0.00000000e+00
 4.29995926e-15 1.20934204e-01 0.00000000e+00 0.00000000e+00
 0.00000000e+00 1.94338368e-32 7.11630053e-15 1.21900112e-01
 0.00000000e+00 0.00000000e+00 0.00000000e+00 2.01182341e-47
 0.00000000e+00 0.00000000e+00 0.00000000e+00 0.00000000e+00
 0.00000000e+00 0.00000000e+00 0.00000000e+00 0.00000000e+00
 0.00000000e+00 0.00000000e+00 0.00000000e+00 0.00000000e+00
 0.00000000e+00 0.00000000e+00 0.00000000e+00 0.00000000e+00
 0.00000000e+00 0.00000000e+00 0.00000000e+00 0.00000000e+00
 0.00000000e+00]
New op index: 1	$R_Y$[0]
Current grad: 91.53878669114192
[ 3.14159265 -1.58705092  3.14159265  3.14159265  3.14159265  3.14159265
  3.14159265 -1.58705092  3.14159265  3.14159265  3.1415923   3.14159265
  0.         -1.58443302  3.14159265  3.14159265  3.14159265  0.
  3.14159265 -3.14159265  3.14159265  3.14159265 -3.14159265  0.
  3.14159265  3.14159265  3.14159265  3.14159265  3.14159265  3.14159265
  3.14159265  3.14159265  3.14159265  3.14159265  3.14159265  3.14159265
  3.14159265  3.14159265  3.14159265  3.14159265  3.14159265  3.14159265
  3.14159265  3.14159265  3.14159265] 
 [0.00000000e+00 3.02618882e+01 0.00000000e+00 0.00000000e+00
 0.00000000e+00 0.00000000e+00 0.00000000e+00 3.02618882e+01
 0.00000000e+00 0.00000000e+00 1.28252964e-12 0.00000000e+00
 7.74943349e-15 2.96164808e+01 0.00000000e+00 0.00000000e+00
 0.00000000e+00 4.66720821e-32 0.00000000e+00 0.00000000e+00
 0.00000000e+00 0.00000000e+00 0.00000000e+00 4.24387979e-32
 0.00000000e+00 0.00000000e+00 0.00000000e+00 0.00000000e+00
 0.00000000e+00 0.00000000e+00 0.00000000e+00 0.00000000e+00
 0.00000000e+00 0.00000000e+00 0.00000000e+00 0.00000000e+00
 0.00000000e+00 0.00000000e+00 0.00000000e+00 0.00000000e+00
 0.00000000e+00 0.00000000e+00 0.00000000e+00 0.00000000e+00
 0.00000000e+00]
New op index: 13	$R_Y$[4]
Current grad: 0.7346938775517567
[ 3.14159265 -3.14159265  3.14159265  3.14159265  3.14159265  3.14159265
  3.14159265 -1.58439919  3.14159265  3.14159265 -3.14159265  3.14159265
  3.14159265  1.59763226  3.14159265  3.14159265 -3.14159265  0.
  3.14159265 -3.14159265  3.14159265  3.14159265  3.14159265  0.
  3.14159265  3.14159265  3.14159265  3.14159265  3.14159265  3.14159265
  3.14159265  3.14159265  3.14159265  3.14159265  3.14159265  3.14159265
  3.14159265  3.14159265  3.14159265  3.14159265  3.14159265  3.14159265
  3.14159265  3.14159265  3.14159265] 
 [0.00000000e+00 0.00000000e+00 0.00000000e+00 0.00000000e+00
 0.00000000e+00 0.00000000e+00 0.00000000e+00 3.59953924e-01
 0.00000000e+00 0.00000000e+00 0.00000000e+00 0.00000000e+00
 0.00000000e+00 3.60016566e-01 0.00000000e+00 0.00000000e+00
 0.00000000e+00 4.03792695e-32 0.00000000e+00 0.00000000e+00
 0.00000000e+00 0.00000000e+00 0.00000000e+00 4.20558468e-32
 0.00000000e+00 0.00000000e+00 0.00000000e+00 0.00000000e+00
 0.00000000e+00 0.00000000e+00 0.00000000e+00 0.00000000e+00
 0.00000000e+00 0.00000000e+00 0.00000000e+00 0.00000000e+00
 0.00000000e+00 0.00000000e+00 0.00000000e+00 0.00000000e+00
 0.00000000e+00 0.00000000e+00 0.00000000e+00 0.00000000e+00
 0.00000000e+00]
New op index: 7	$R_Y$[2]
Current grad: 49.80416920255591
[ 3.14159265 -3.14159265  3.14159265  3.14159265 -3.14159265  3.14159265
  3.14159265 -1.57089603  3.14159265  3.14159265 -3.14159142  3.14159265
  3.14159265 -3.14159265  3.14159265  3.14159265  3.14159265  3.14159265
  3.14159265  3.14159221  3.14159265  3.14159265 -3.14159265  3.14159265
  3.14159265  3.14159265  3.14159265  3.14159265  3.14159265  3.14159265
  3.14159265  3.14159265  3.14159265  3.14159265  3.14159265  3.14159265
  3.14159265  3.14159265  3.14159265  3.14159265  3.14159265  3.14159265
  3.14159265  3.14159265  3.14159265] 
 [0.00000000e+00 0.00000000e+00 0.00000000e+00 0.00000000e+00
 0.00000000e+00 0.00000000e+00 0.00000000e+00 4.97992021e+01
 0.00000000e+00 0.00000000e+00 6.16062756e-13 0.00000000e+00
 0.00000000e+00 0.00000000e+00 0.00000000e+00 0.00000000e+00
 0.00000000e+00 0.00000000e+00 0.00000000e+00 7.88258347e-14
 0.00000000e+00 0.00000000e+00 0.00000000e+00 0.00000000e+00
 0.00000000e+00 0.00000000e+00 0.00000000e+00 0.00000000e+00
 0.00000000e+00 0.00000000e+00 0.00000000e+00 0.00000000e+00
 0.00000000e+00 0.00000000e+00 0.00000000e+00 0.00000000e+00
 0.00000000e+00 0.00000000e+00 0.00000000e+00 0.00000000e+00
 0.00000000e+00 0.00000000e+00 0.00000000e+00 0.00000000e+00
 0.00000000e+00]
New op index: 10	$R_Y$[3]
Current grad: 5.862060050186234e-06
[ 3.14159265 -3.14159265  3.14159265  3.14159265 -3.14159265  3.14159265
  3.14159265  3.14159265  3.14159265  3.14159265 -3.14159254  3.14159265
  3.14159265 -3.14159265  3.14159265  3.14159265 -3.14159265  3.14159265
  3.14159265  3.14159265  3.14159265  3.14159265 -3.14159265  3.14159265
  3.14159265  3.14159265  3.14159265  3.14159265  3.14159265  3.14159265
  3.14159265  3.14159265  3.14159265  3.14159265  3.14159265  3.14159265
  3.14159265  3.14159265  3.14159265  3.14159265  3.14159265  3.14159265
  3.14159265  3.14159265  3.14159265] 
 [0.00000000e+00 0.00000000e+00 0.00000000e+00 0.00000000e+00
 0.00000000e+00 0.00000000e+00 0.00000000e+00 0.00000000e+00
 0.00000000e+00 0.00000000e+00 3.19744231e-13 0.00000000e+00
 0.00000000e+00 0.00000000e+00 0.00000000e+00 0.00000000e+00
 0.00000000e+00 0.00000000e+00 0.00000000e+00 0.00000000e+00
 0.00000000e+00 0.00000000e+00 0.00000000e+00 0.00000000e+00
 0.00000000e+00 0.00000000e+00 0.00000000e+00 0.00000000e+00
 0.00000000e+00 0.00000000e+00 0.00000000e+00 0.00000000e+00
 0.00000000e+00 0.00000000e+00 0.00000000e+00 0.00000000e+00
 0.00000000e+00 0.00000000e+00 0.00000000e+00 0.00000000e+00
 0.00000000e+00 0.00000000e+00 0.00000000e+00 0.00000000e+00
 0.00000000e+00]
Precision cutoff reached.
Calculating energies for FreeWilson2D(N_x=2, N_y=2, mass=-2.571, r=1.000)
h_im: 0.0
New op index: 10	$R_Y$[3]
Current grad: 4.285714285714283
[ 3.14159265 -1.57079633  3.14159265  3.14159265  1.57079633  3.14159265
  3.14159265 -1.57079633  3.14159265  3.14159265  0.51914611  0.
  3.14159265  0.51914611  0.          3.14159265 -1.57079633  3.14159265
  3.14159265  1.57079633  3.14159265  3.14159265 -1.57079633  3.14159265
  3.14159265  3.14159265  3.14159265  3.14159265  3.14159265  3.14159265
  3.14159265  0.          0.          3.14159265  3.14159265  3.14159265
  3.14159265  0.          0.          3.14159265  3.14159265  3.14159265
  3.14159265  3.14159265  3.14159265] 
 [0.         0.28571429 0.         0.         0.78571429 0.
 0.         0.78571429 0.         0.         1.07587555 1.
 0.         1.07587555 1.         0.         0.78571429 0.
 0.         0.78571429 0.         0.         0.28571429 0.
 0.         0.         0.         0.         0.         0.
 0.         1.         1.         0.         0.         0.
 0.         1.         1.         0.         0.         0.
 0.         0.         0.        ]
New op index: 16	$R_Y$[5]
Current grad: 172.75215167027076
[ 3.14159265 -1.57079633  3.14159265  3.14159265 -1.57079633  3.14159265
  3.14159265 -1.57079633  3.14159265  3.14159265 -3.14159265  3.14159265
  3.14159265 -1.58867926  3.14159265  0.         -1.57079633  3.14159265
  0.         -1.57079633  0.          0.         -1.57079633  3.14159265
  3.14159265  3.14159265  3.14159265  3.14159265  3.14159265  3.14159265
  3.14159265  3.14159265  3.14159265  3.14159265  3.14159265  0.
  0.          3.14159265  3.14159265  0.          0.          0.
  0.          0.          0.        ] 
 [0.00000000e+00 2.50926612e+01 0.00000000e+00 0.00000000e+00
 2.40212326e+01 0.00000000e+00 0.00000000e+00 2.46585396e+01
 0.00000000e+00 0.00000000e+00 0.00000000e+00 0.00000000e+00
 0.00000000e+00 2.38429234e+01 0.00000000e+00 2.83899888e-15
 2.55926612e+01 0.00000000e+00 2.07373801e-15 2.40212326e+01
 2.77555756e-17 7.63674838e-15 2.50926612e+01 0.00000000e+00
 0.00000000e+00 0.00000000e+00 0.00000000e+00 0.00000000e+00
 0.00000000e+00 0.00000000e+00 0.00000000e+00 0.00000000e+00
 0.00000000e+00 0.00000000e+00 0.00000000e+00 2.77555756e-17
 2.83899888e-15 0.00000000e+00 0.00000000e+00 2.08166817e-15
 2.10942375e-15 2.77555756e-17 6.87941767e-15 6.96268440e-15
 2.77555756e-17]
New op index: 4	$R_Y$[1]
Current grad: 2.2093143691213735
[ 3.14159265 -1.57079633  3.14159265  3.14159265  1.57079633  3.14159265
  3.14159265 -1.57079633  0.          3.14159265 -3.14159265  3.14159265
  0.          2.62299799  3.14159265  3.14159265 -3.14159265  0.
  3.14159265  2.61872823  3.14159265  0.         -1.57079633  0.
  3.14159265  3.14159265  3.14159265  3.14159265  0.          0.
  3.14159265  3.14159265  3.14159265  3.14159265  3.14159265  3.14159265
  3.14159265  3.14159265  3.14159265  3.14159265  3.14159265  3.14159265
  0.          3.14159265  3.14159265] 
 [0.00000000e+00 2.83242797e-01 0.00000000e+00 0.00000000e+00
 7.88185774e-01 0.00000000e+00 0.00000000e+00 2.78271452e-01
 7.20102197e-32 0.00000000e+00 0.00000000e+00 0.00000000e+00
 1.52782297e-15 7.64468346e-02 0.00000000e+00 0.00000000e+00
 0.00000000e+00 1.25205007e-31 0.00000000e+00 7.71057445e-02
 0.00000000e+00 9.83399081e-15 2.83242797e-01 5.31947869e-32
 0.00000000e+00 0.00000000e+00 0.00000000e+00 0.00000000e+00
 7.20102197e-32 7.20102197e-32 0.00000000e+00 0.00000000e+00
 0.00000000e+00 0.00000000e+00 0.00000000e+00 0.00000000e+00
 0.00000000e+00 0.00000000e+00 0.00000000e+00 0.00000000e+00
 0.00000000e+00 0.00000000e+00 5.03611897e-15 0.00000000e+00
 0.00000000e+00]
New op index: 22	$R_Y$[7]
Current grad: 124.3204488749228
[ 3.14159265 -1.59071983  3.14159265  3.14159265  3.14159265  3.14159265
  3.14159265 -1.59071983  3.14159265  3.14159265  3.14159265  3.14159265
  0.         -1.60887231  3.14159265  3.14159265  3.14159265  0.
  0.         -1.59118399  3.14159265  3.14159265 -1.57079633  0.
  3.14159265  3.14159265  3.14159265  3.14159265  3.14159265  3.14159265
  3.14159265  3.14159265  3.14159265  3.14159265  3.14159265  3.14159265
  3.14159265  3.14159265  3.14159265  3.14159265  3.14159265  3.14159265
  0.          3.14159265  3.14159265] 
 [0.00000000e+00 2.45976422e+01 0.00000000e+00 0.00000000e+00
 0.00000000e+00 0.00000000e+00 0.00000000e+00 2.45976422e+01
 0.00000000e+00 0.00000000e+00 0.00000000e+00 0.00000000e+00
 2.08166817e-15 2.36048970e+01 0.00000000e+00 0.00000000e+00
 0.00000000e+00 6.77927340e-32 3.46944695e-15 2.40263297e+01
 0.00000000e+00 0.00000000e+00 2.50926612e+01 4.93038066e-32
 0.00000000e+00 0.00000000e+00 0.00000000e+00 0.00000000e+00
 0.00000000e+00 0.00000000e+00 0.00000000e+00 0.00000000e+00
 0.00000000e+00 0.00000000e+00 0.00000000e+00 0.00000000e+00
 0.00000000e+00 0.00000000e+00 0.00000000e+00 0.00000000e+00
 0.00000000e+00 0.00000000e+00 1.37191845e-15 0.00000000e+00
 0.00000000e+00]
New op index: 19	$R_Y$[6]
Current grad: 1.1428571428573924
[ 3.14159265 -2.62618072  3.14159265  3.14159265  3.14159265  3.14159265
  3.14159265 -2.62618072  3.14159265  3.14159265  3.14159265  3.14159265
  0.          2.62299799  3.14159265  3.14159265  3.14159265  3.14159265
  3.14159265  2.61872823  3.14159265  3.14159265 -3.14159265  0.
  3.14159265  3.14159265  3.14159265  3.14159265  3.14159265  3.14159265
  3.14159265  3.14159265  3.14159265  3.14159265  3.14159265  3.14159265
  3.14159265  3.14159265  3.14159265  3.14159265  3.14159265  3.14159265
  3.14159265  3.14159265  3.14159265] 
 [0.00000000e+00 7.46533583e-02 0.00000000e+00 0.00000000e+00
 0.00000000e+00 0.00000000e+00 0.00000000e+00 7.46533583e-02
 0.00000000e+00 0.00000000e+00 0.00000000e+00 0.00000000e+00
 1.04649953e-15 7.64468346e-02 0.00000000e+00 0.00000000e+00
 0.00000000e+00 0.00000000e+00 0.00000000e+00 7.71057445e-02
 0.00000000e+00 0.00000000e+00 0.00000000e+00 1.25523054e-47
 0.00000000e+00 0.00000000e+00 0.00000000e+00 0.00000000e+00
 0.00000000e+00 0.00000000e+00 0.00000000e+00 0.00000000e+00
 0.00000000e+00 0.00000000e+00 0.00000000e+00 0.00000000e+00
 0.00000000e+00 0.00000000e+00 0.00000000e+00 0.00000000e+00
 0.00000000e+00 0.00000000e+00 0.00000000e+00 0.00000000e+00
 0.00000000e+00]
New op index: 1	$R_Y$[0]
Current grad: 76.64088434632484
[ 3.14159265 -1.59022084  3.14159265  3.14159265  3.14159265  3.14159265
  3.14159265 -1.59022084  3.14159265  3.14159265  3.14159166  3.14159265
  3.14159265 -1.58829361  3.14159265  3.14159265  3.14159265  3.14159265
  3.14159265 -3.14159265  3.14159265  3.14159265  3.14159265  3.14159265
  3.14159265  3.14159265  3.14159265  3.14159265  3.14159265  3.14159265
  3.14159265  3.14159265  3.14159265  3.14159265  3.14159265  3.14159265
  3.14159265  3.14159265  3.14159265  3.14159265  3.14159265  3.14159265
  3.14159265  3.14159265  3.14159265] 
 [0.00000000e+00 2.52422857e+01 0.00000000e+00 0.00000000e+00
 0.00000000e+00 0.00000000e+00 0.00000000e+00 2.52422857e+01
 0.00000000e+00 0.00000000e+00 1.23598909e-11 0.00000000e+00
 0.00000000e+00 2.47294721e+01 0.00000000e+00 0.00000000e+00
 0.00000000e+00 0.00000000e+00 0.00000000e+00 0.00000000e+00
 0.00000000e+00 0.00000000e+00 0.00000000e+00 0.00000000e+00
 0.00000000e+00 0.00000000e+00 0.00000000e+00 0.00000000e+00
 0.00000000e+00 0.00000000e+00 0.00000000e+00 0.00000000e+00
 0.00000000e+00 0.00000000e+00 0.00000000e+00 0.00000000e+00
 0.00000000e+00 0.00000000e+00 0.00000000e+00 0.00000000e+00
 0.00000000e+00 0.00000000e+00 0.00000000e+00 0.00000000e+00
 0.00000000e+00]
New op index: 13	$R_Y$[4]
Current grad: 0.5714285714288917
[ 3.14159265  3.14159265  3.14159265  3.14159265 -3.14159265  3.14159265
  3.14159265 -1.58834775  3.14159265  3.14159265 -3.14159265  3.14159265
  0.          1.60528368  3.14159265  3.14159265 -3.14159265  0.
  3.14159265  3.14159265  3.14159265  3.14159265  3.14159265  0.
  3.14159265  3.14159265  3.14159265  3.14159265  3.14159265  3.14159265
  3.14159265  3.14159265  3.14159265  3.14159265  3.14159265  3.14159265
  3.14159265  3.14159265  3.14159265  3.14159265  3.14159265  3.14159265
  3.14159265  3.14159265  3.14159265] 
 [0.00000000e+00 0.00000000e+00 0.00000000e+00 0.00000000e+00
 0.00000000e+00 0.00000000e+00 0.00000000e+00 2.78315082e-01
 0.00000000e+00 0.00000000e+00 0.00000000e+00 0.00000000e+00
 3.61900659e-15 2.78414063e-01 0.00000000e+00 0.00000000e+00
 0.00000000e+00 2.07805641e-32 0.00000000e+00 0.00000000e+00
 0.00000000e+00 0.00000000e+00 0.00000000e+00 1.92973041e-32
 0.00000000e+00 0.00000000e+00 0.00000000e+00 0.00000000e+00
 0.00000000e+00 0.00000000e+00 0.00000000e+00 0.00000000e+00
 0.00000000e+00 0.00000000e+00 0.00000000e+00 0.00000000e+00
 0.00000000e+00 0.00000000e+00 0.00000000e+00 0.00000000e+00
 0.00000000e+00 0.00000000e+00 0.00000000e+00 0.00000000e+00
 0.00000000e+00]
New op index: 7	$R_Y$[2]
Current grad: 49.5692388235019
[ 3.14159265  3.14159265  3.14159265  3.14159265  3.14159265  3.14159265
  3.14159265 -1.57089648  3.14159265  3.14159265 -3.14157812  3.14159265
  3.14159265  3.14159265  3.14159265  3.14159265  3.14159265  3.14159265
  3.14159265  3.14159265  3.14159265  3.14159265 -3.14159265  3.14159265
  3.14159265  3.14159265  3.14159265  3.14159265  3.14159265  3.14159265
  3.14159265  3.14159265  3.14159265  3.14159265  3.14159265  3.14159265
  3.14159265  3.14159265  3.14159265  3.14159265  3.14159265  3.14159265
  3.14159265  3.14159265  3.14159265] 
 [0.00000000e+00 0.00000000e+00 0.00000000e+00 0.00000000e+00
 0.00000000e+00 0.00000000e+00 0.00000000e+00 4.95642613e+01
 0.00000000e+00 0.00000000e+00 9.12547815e-11 0.00000000e+00
 0.00000000e+00 0.00000000e+00 0.00000000e+00 0.00000000e+00
 0.00000000e+00 0.00000000e+00 0.00000000e+00 0.00000000e+00
 0.00000000e+00 0.00000000e+00 0.00000000e+00 0.00000000e+00
 0.00000000e+00 0.00000000e+00 0.00000000e+00 0.00000000e+00
 0.00000000e+00 0.00000000e+00 0.00000000e+00 0.00000000e+00
 0.00000000e+00 0.00000000e+00 0.00000000e+00 0.00000000e+00
 0.00000000e+00 0.00000000e+00 0.00000000e+00 0.00000000e+00
 0.00000000e+00 0.00000000e+00 0.00000000e+00 0.00000000e+00
 0.00000000e+00]
New op index: 10	$R_Y$[3]
Current grad: 6.768934947160925e-06
[ 3.14159265 -3.14159265  3.14159265  3.14159265 -3.14159265  3.14159265
  3.14159265  3.14159265  3.14159265  3.14159265 -3.14159252  3.14159265
  3.14159265  3.14159265  3.14159265  3.14159265 -3.14159265  3.14159265
  3.14159265  3.14159265  3.14159265  3.14159265 -3.14159265  3.14159265
  3.14159265  3.14159265  3.14159265  3.14159265  3.14159265  3.14159265
  3.14159265  3.14159265  3.14159265  3.14159265  3.14159265  3.14159265
  3.14159265  3.14159265  3.14159265  3.14159265  3.14159265  3.14159265
  3.14159265  3.14159265  3.14159265] 
 [0.00000000e+00 0.00000000e+00 0.00000000e+00 0.00000000e+00
 0.00000000e+00 0.00000000e+00 0.00000000e+00 0.00000000e+00
 0.00000000e+00 0.00000000e+00 4.26325641e-13 0.00000000e+00
 0.00000000e+00 0.00000000e+00 0.00000000e+00 0.00000000e+00
 0.00000000e+00 0.00000000e+00 0.00000000e+00 0.00000000e+00
 0.00000000e+00 0.00000000e+00 0.00000000e+00 0.00000000e+00
 0.00000000e+00 0.00000000e+00 0.00000000e+00 0.00000000e+00
 0.00000000e+00 0.00000000e+00 0.00000000e+00 0.00000000e+00
 0.00000000e+00 0.00000000e+00 0.00000000e+00 0.00000000e+00
 0.00000000e+00 0.00000000e+00 0.00000000e+00 0.00000000e+00
 0.00000000e+00 0.00000000e+00 0.00000000e+00 0.00000000e+00
 0.00000000e+00]
Precision cutoff reached.
Calculating energies for FreeWilson2D(N_x=2, N_y=2, mass=-2.408, r=1.000)
h_im: 0.0
New op index: 10	$R_Y$[3]
Current grad: 3.632653061224488
[ 3.14159265 -1.57079633  3.14159265  3.14159265  1.57079633  3.14159265
  3.14159265 -1.57079633  3.14159265  3.14159265  0.38752381  0.
  3.14159265  0.38752381  0.          3.14159265 -1.57079633  3.14159265
  3.14159265  1.57079633  3.14159265  3.14159265 -1.57079633  3.14159265
  3.14159265  3.14159265  3.14159265  3.14159265  3.14159265  3.14159265
  3.14159265  0.          0.          3.14159265  3.14159265  3.14159265
  3.14159265  0.          0.          3.14159265  3.14159265  3.14159265
  3.14159265  3.14159265  3.14159265] 
 [0.         0.20408163 0.         0.         0.70408163 0.
 0.         0.70408163 0.         0.         1.04004566 1.
 0.         1.04004566 1.         0.         0.70408163 0.
 0.         0.70408163 0.         0.         0.20408163 0.
 0.         0.         0.         0.         0.         0.
 0.         1.         1.         0.         0.         0.
 0.         1.         1.         0.         0.         0.
 0.         0.         0.        ]
New op index: 16	$R_Y$[5]
Current grad: 131.31615841156446
[ 3.14159265 -1.57079633  3.14159265  3.14159265 -1.57079633  3.14159265
  3.14159265 -1.57079633  3.14159265  3.14159265  3.14159265  3.14159265
  3.14159265 -1.59581156  3.14159265  3.14159265 -1.57079633  0.
  0.         -1.57079633  0.          0.         -1.57079633  0.
  3.14159265  3.14159265  3.14159265  3.14159265  3.14159265  3.14159265
  3.14159265  3.14159265  3.14159265  3.14159265  3.14159265  0.
  3.14159265  3.14159265  3.14159265  3.14159265  3.14159265  0.
  0.          0.          0.        ] 
 [0.00000000e+00 1.90989315e+01 0.00000000e+00 0.00000000e+00
 1.81907682e+01 0.00000000e+00 0.00000000e+00 1.86360077e+01
 0.00000000e+00 0.00000000e+00 0.00000000e+00 0.00000000e+00
 0.00000000e+00 1.80446863e+01 0.00000000e+00 0.00000000e+00
 1.95989315e+01 1.38777878e-17 3.83055266e-16 1.81907682e+01
 1.38777878e-17 3.63796295e-16 1.90989315e+01 1.38777878e-17
 0.00000000e+00 0.00000000e+00 0.00000000e+00 0.00000000e+00
 0.00000000e+00 0.00000000e+00 0.00000000e+00 0.00000000e+00
 0.00000000e+00 0.00000000e+00 0.00000000e+00 1.38777878e-17
 0.00000000e+00 0.00000000e+00 0.00000000e+00 0.00000000e+00
 0.00000000e+00 2.77555756e-17 3.90843820e-17 1.13288064e-17
 2.77555756e-17]
New op index: 4	$R_Y$[1]
Current grad: 1.7195103680668888
[ 3.14159265 -1.57079633  3.14159265  3.14159265  1.57079633  3.14159265
  3.14159265 -1.57079633  0.          3.14159265  3.14159265  3.14159265
  3.14159265  2.75331012  3.14159265  3.14159265 -3.14159265  3.14159265
  3.14159265  2.74982536  3.14159265  0.         -1.57079633  3.14159265
  3.14159265  3.14159265  3.14159265  3.14159265  0.          0.
  3.14159265  3.14159265  3.14159265  3.14159265  3.14159265  3.14159265
  3.14159265  3.14159265  3.14159265  3.14159265  3.14159265  3.14159265
  3.14159265  3.14159265  3.14159265] 
 [0.00000000e+00 2.01602101e-01 0.00000000e+00 0.00000000e+00
 7.06561164e-01 0.00000000e+00 0.00000000e+00 1.96622673e-01
 6.33826554e-34 0.00000000e+00 0.00000000e+00 0.00000000e+00
 0.00000000e+00 4.06135864e-02 0.00000000e+00 0.00000000e+00
 0.00000000e+00 0.00000000e+00 0.00000000e+00 4.09875365e-02
 0.00000000e+00 4.85636210e-15 2.01602101e-01 0.00000000e+00
 0.00000000e+00 0.00000000e+00 0.00000000e+00 0.00000000e+00
 6.33826554e-34 6.33826554e-34 0.00000000e+00 0.00000000e+00
 0.00000000e+00 0.00000000e+00 0.00000000e+00 0.00000000e+00
 0.00000000e+00 0.00000000e+00 0.00000000e+00 0.00000000e+00
 0.00000000e+00 0.00000000e+00 0.00000000e+00 0.00000000e+00
 0.00000000e+00]
New op index: 22	$R_Y$[7]
Current grad: 94.67833098930268
[ 3.14159265 -1.59696982  3.14159265  3.14159265 -3.14159265  3.14159265
  3.14159265 -1.59696982  3.14159265  3.14159265 -3.14159265  3.14159265
  0.         -1.62226951  3.14159265  3.14159265 -3.14159265  0.
  0.         -1.59754112  3.14159265  0.         -1.57079633  0.
  3.14159265  3.14159265  3.14159265  3.14159265  3.14159265  3.14159265
  3.14159265  3.14159265  3.14159265  3.14159265  3.14159265  3.14159265
  3.14159265  3.14159265  3.14159265  3.14159265  3.14159265  3.14159265
  0.          3.14159265  3.14159265] 
 [0.00000000e+00 1.86054753e+01 0.00000000e+00 0.00000000e+00
 0.00000000e+00 0.00000000e+00 0.00000000e+00 1.86054753e+01
 0.00000000e+00 0.00000000e+00 0.00000000e+00 0.00000000e+00
 3.48049254e-15 1.77526323e+01 0.00000000e+00 0.00000000e+00
 0.00000000e+00 1.84889275e-32 4.17438193e-15 1.81974548e+01
 0.00000000e+00 4.17749735e-15 1.90989315e+01 1.84889275e-32
 0.00000000e+00 0.00000000e+00 0.00000000e+00 0.00000000e+00
 0.00000000e+00 0.00000000e+00 0.00000000e+00 0.00000000e+00
 0.00000000e+00 0.00000000e+00 0.00000000e+00 0.00000000e+00
 0.00000000e+00 0.00000000e+00 0.00000000e+00 0.00000000e+00
 0.00000000e+00 0.00000000e+00 4.18854294e-15 0.00000000e+00
 0.00000000e+00]
New op index: 19	$R_Y$[6]
Current grad: 0.8163265306124535
[ 3.14159265 -2.75832709  3.14159265  3.14159265  3.14159265  3.14159265
  3.14159265 -2.75832709  3.14159265  3.14159265 -3.14159265  3.14159265
  0.          2.75331012  3.14159265  3.14159265  3.14159265  0.
  3.14159265  2.74982536  3.14159265  3.14159265 -3.14159265  3.14159265
  3.14159265  3.14159265  3.14159265  3.14159265  3.14159265  3.14159265
  3.14159265  3.14159265  3.14159265  3.14159265  3.14159265  3.14159265
  3.14159265  3.14159265  3.14159265  3.14159265  3.14159265  3.14159265
  3.14159265  3.14159265  3.14159265] 
 [0.00000000e+00 3.91135383e-02 0.00000000e+00 0.00000000e+00
 0.00000000e+00 0.00000000e+00 0.00000000e+00 3.91135383e-02
 0.00000000e+00 0.00000000e+00 0.00000000e+00 0.00000000e+00
 2.85408246e-15 4.06135864e-02 0.00000000e+00 0.00000000e+00
 0.00000000e+00 9.42246179e-32 0.00000000e+00 4.09875365e-02
 0.00000000e+00 0.00000000e+00 0.00000000e+00 0.00000000e+00
 0.00000000e+00 0.00000000e+00 0.00000000e+00 0.00000000e+00
 0.00000000e+00 0.00000000e+00 0.00000000e+00 0.00000000e+00
 0.00000000e+00 0.00000000e+00 0.00000000e+00 0.00000000e+00
 0.00000000e+00 0.00000000e+00 0.00000000e+00 0.00000000e+00
 0.00000000e+00 0.00000000e+00 0.00000000e+00 0.00000000e+00
 0.00000000e+00]
New op index: 1	$R_Y$[0]
Current grad: 58.42729459293875
[ 3.14159265 -1.59628564  3.14159265  3.14159265  3.14159265  3.14159265
  3.14159265 -1.59628564  3.14159265  3.14159265  3.14159247  3.14159265
  3.14159265 -1.59520807  3.14159265  3.14159265  3.14159265  0.
  3.14159265  3.14159265  3.14159265  3.14159265 -3.14159265  0.
  3.14159265  3.14159265  3.14159265  3.14159265  3.14159265  3.14159265
  3.14159265  3.14159265  3.14159265  3.14159265  3.14159265  3.14159265
  3.14159265  3.14159265  3.14159265  3.14159265  3.14159265  3.14159265
  3.14159265  3.14159265  3.14159265] 
 [0.00000000e+00 1.91181901e+01 0.00000000e+00 0.00000000e+00
 0.00000000e+00 0.00000000e+00 0.00000000e+00 1.91181901e+01
 0.00000000e+00 0.00000000e+00 5.08038056e-13 0.00000000e+00
 0.00000000e+00 1.87404899e+01 0.00000000e+00 0.00000000e+00
 0.00000000e+00 4.18284310e-32 0.00000000e+00 0.00000000e+00
 0.00000000e+00 0.00000000e+00 0.00000000e+00 5.00151379e-32
 0.00000000e+00 0.00000000e+00 0.00000000e+00 0.00000000e+00
 0.00000000e+00 0.00000000e+00 0.00000000e+00 0.00000000e+00
 0.00000000e+00 0.00000000e+00 0.00000000e+00 0.00000000e+00
 0.00000000e+00 0.00000000e+00 0.00000000e+00 0.00000000e+00
 0.00000000e+00 0.00000000e+00 0.00000000e+00 0.00000000e+00
 0.00000000e+00]
New op index: 13	$R_Y$[4]
Current grad: 0.40816326530644137
[ 3.14159265  3.14159265  3.14159265  3.14159265  3.14159265  3.14159265
  3.14159265 -1.59549297  3.14159265  3.14159265 -3.14159265  3.14159265
  3.14159265  1.61897176  3.14159265  3.14159265 -3.14159265  3.14159265
  3.14159265  3.14159265  3.14159265  3.14159265 -3.14159265  3.14159265
  3.14159265  3.14159265  3.14159265  3.14159265  3.14159265  3.14159265
  3.14159265  3.14159265  3.14159265  3.14159265  3.14159265  3.14159265
  3.14159265  3.14159265  3.14159265  3.14159265  3.14159265  3.14159265
  3.14159265  3.14159265  3.14159265] 
 [0.         0.         0.         0.         0.         0.
 0.         0.19668417 0.         0.         0.         0.
 0.         0.19684175 0.         0.         0.         0.
 0.         0.         0.         0.         0.         0.
 0.         0.         0.         0.         0.         0.
 0.         0.         0.         0.         0.         0.
 0.         0.         0.         0.         0.         0.
 0.         0.         0.        ]
New op index: 7	$R_Y$[2]
Current grad: 49.314712885436585
[ 3.14159265  3.14159265  3.14159265  3.14159265 -3.14159265  3.14159265
  3.14159265 -1.57089694  3.14159265  3.14159265 -3.14158711  3.14159265
  3.14159265  3.14159265  3.14159265  3.14159265 -3.14159265  3.14159265
  3.14159265  3.1415904   3.14159265  3.14159265  3.14159265  3.14159265
  3.14159265  3.14159265  3.14159265  3.14159265  3.14159265  3.14159265
  3.14159265  3.14159265  3.14159265  3.14159265  3.14159265  3.14159265
  3.14159265  3.14159265  3.14159265  3.14159265  3.14159265  3.14159265
  3.14159265  3.14159265  3.14159265] 
 [0.00000000e+00 0.00000000e+00 0.00000000e+00 0.00000000e+00
 0.00000000e+00 0.00000000e+00 0.00000000e+00 4.93097429e+01
 0.00000000e+00 0.00000000e+00 1.44424472e-11 0.00000000e+00
 0.00000000e+00 0.00000000e+00 0.00000000e+00 0.00000000e+00
 0.00000000e+00 0.00000000e+00 0.00000000e+00 2.36866082e-12
 0.00000000e+00 0.00000000e+00 0.00000000e+00 0.00000000e+00
 0.00000000e+00 0.00000000e+00 0.00000000e+00 0.00000000e+00
 0.00000000e+00 0.00000000e+00 0.00000000e+00 0.00000000e+00
 0.00000000e+00 0.00000000e+00 0.00000000e+00 0.00000000e+00
 0.00000000e+00 0.00000000e+00 0.00000000e+00 0.00000000e+00
 0.00000000e+00 0.00000000e+00 0.00000000e+00 0.00000000e+00
 0.00000000e+00]
New op index: 10	$R_Y$[3]
Current grad: 7.76804553741323e-06
[ 3.14159265 -3.14159265  3.14159265  3.14159265 -3.14159265  3.14159265
  3.14159265  3.14159265  3.14159265  3.14159265 -3.1415925   3.14159265
  3.14159265  3.14159265  3.14159265  3.14159265 -3.14159265  3.14159265
  3.14159265  3.14159265  3.14159265  3.14159265 -3.14159265  3.14159265
  3.14159265  3.14159265  3.14159265  3.14159265  3.14159265  3.14159265
  3.14159265  3.14159265  3.14159265  3.14159265  3.14159265  3.14159265
  3.14159265  3.14159265  3.14159265  3.14159265  3.14159265  3.14159265
  3.14159265  3.14159265  3.14159265] 
 [0.00000000e+00 0.00000000e+00 0.00000000e+00 0.00000000e+00
 0.00000000e+00 0.00000000e+00 0.00000000e+00 0.00000000e+00
 0.00000000e+00 0.00000000e+00 5.61328761e-13 0.00000000e+00
 0.00000000e+00 0.00000000e+00 0.00000000e+00 0.00000000e+00
 0.00000000e+00 0.00000000e+00 0.00000000e+00 0.00000000e+00
 0.00000000e+00 0.00000000e+00 0.00000000e+00 0.00000000e+00
 0.00000000e+00 0.00000000e+00 0.00000000e+00 0.00000000e+00
 0.00000000e+00 0.00000000e+00 0.00000000e+00 0.00000000e+00
 0.00000000e+00 0.00000000e+00 0.00000000e+00 0.00000000e+00
 0.00000000e+00 0.00000000e+00 0.00000000e+00 0.00000000e+00
 0.00000000e+00 0.00000000e+00 0.00000000e+00 0.00000000e+00
 0.00000000e+00]
Precision cutoff reached.
Calculating energies for FreeWilson2D(N_x=2, N_y=2, mass=-2.245, r=1.000)
h_im: 0.0
New op index: 10	$R_Y$[3]
Current grad: 2.9795918367346923
[ 3.14159265 -1.57079633  3.14159265  3.14159265  1.57079633  3.14159265
  3.14159265 -1.57079633  3.14159265  3.14159265  0.24017101  0.
  3.14159265  0.24017101  0.          3.14159265 -1.57079633  3.14159265
  3.14159265  1.57079633  3.14159265  3.14159265 -1.57079633  3.14159265
  3.14159265  3.14159265  3.14159265  3.14159265  3.14159265  3.14159265
  3.14159265  0.          0.          3.14159265  3.14159265  3.14159265
  3.14159265  0.          0.          3.14159265  3.14159265  3.14159265
  3.14159265  3.14159265  3.14159265] 
 [0.         0.12244898 0.         0.         0.62244898 0.
 0.         0.62244898 0.         0.         1.01477544 1.
 0.         1.01477544 1.         0.         0.62244898 0.
 0.         0.62244898 0.         0.         0.12244898 0.
 0.         0.         0.         0.         0.         0.
 0.         1.         1.         0.         0.         0.
 0.         1.         1.         0.         0.         0.
 0.         0.         0.        ]
New op index: 16	$R_Y$[5]
Current grad: 82.27192124195749
[ 3.14159265 -1.57079633  3.14159265  3.14159265 -1.57079633  3.14159265
  3.14159265 -1.57079633  3.14159265  3.14159265  3.14159265  3.14159265
  0.         -1.61245145  3.14159265  0.         -1.57079633  0.
  0.         -1.57079633  3.14159265  0.         -1.57079633  0.
  3.14159265  3.14159265  3.14159265  3.14159265  3.14159265  3.14159265
  3.14159265  3.14159265  3.14159265  3.14159265  3.14159265  3.14159265
  0.          3.14159265  3.14159265  0.          0.          3.14159265
  0.          0.          3.14159265] 
 [0.00000000e+00 1.20158854e+01 0.00000000e+00 0.00000000e+00
 1.12709875e+01 0.00000000e+00 0.00000000e+00 1.15302368e+01
 0.00000000e+00 0.00000000e+00 0.00000000e+00 0.00000000e+00
 3.10083591e-15 1.11765208e+01 0.00000000e+00 2.78334612e-15
 1.25158854e+01 1.38777878e-17 1.72693492e-15 1.12709875e+01
 0.00000000e+00 3.61813754e-16 1.20158854e+01 1.38777878e-17
 0.00000000e+00 0.00000000e+00 0.00000000e+00 0.00000000e+00
 0.00000000e+00 0.00000000e+00 0.00000000e+00 0.00000000e+00
 0.00000000e+00 0.00000000e+00 0.00000000e+00 0.00000000e+00
 3.84414722e-15 0.00000000e+00 0.00000000e+00 2.42861287e-15
 2.42861287e-15 0.00000000e+00 2.74100470e-15 2.79651585e-15
 0.00000000e+00]
New op index: 4	$R_Y$[1]
Current grad: 1.2297063406885158
[ 3.14159265 -1.57079633  3.14159265  3.14159265  1.57079633  3.14159265
  3.14159265 -1.57079633  3.14159265  3.14159265  3.14159265  3.14159265
  3.14159265  2.89905755  3.14159265  3.14159265 -3.14159265  3.14159265
  3.14159265  2.89673335  3.14159265  0.         -1.57079633  0.
  3.14159265  3.14159265  3.14159265  3.14159265  3.14159265  3.14159265
  3.14159265  3.14159265  3.14159265  3.14159265  3.14159265  3.14159265
  3.14159265  3.14159265  3.14159265  3.14159265  3.14159265  3.14159265
  0.          3.14159265  3.14159265] 
 [0.00000000e+00 1.19961365e-01 0.00000000e+00 0.00000000e+00
 6.24936594e-01 0.00000000e+00 0.00000000e+00 1.14973828e-01
 0.00000000e+00 0.00000000e+00 0.00000000e+00 0.00000000e+00
 0.00000000e+00 1.52254627e-02 0.00000000e+00 0.00000000e+00
 0.00000000e+00 0.00000000e+00 0.00000000e+00 1.53728286e-02
 0.00000000e+00 6.32379455e-15 1.19961365e-01 2.22215452e-33
 0.00000000e+00 0.00000000e+00 0.00000000e+00 0.00000000e+00
 0.00000000e+00 0.00000000e+00 0.00000000e+00 0.00000000e+00
 0.00000000e+00 0.00000000e+00 0.00000000e+00 0.00000000e+00
 0.00000000e+00 0.00000000e+00 0.00000000e+00 0.00000000e+00
 0.00000000e+00 0.00000000e+00 5.33390638e-15 0.00000000e+00
 0.00000000e+00]
New op index: 22	$R_Y$[7]
Current grad: 59.589631324407954
[ 3.14159265 -1.61238392  3.14159265  3.14159265 -3.14159265  3.14159265
  3.14159265 -1.61238392  3.14159265  3.14159265 -3.14159265  3.14159265
  3.14159265 -1.65433687  3.14159265  3.14159265 -3.14159265  0.
  3.14159265 -1.61324813  3.14159265  3.14159265 -1.57079633  0.
  3.14159265  3.14159265  3.14159265  3.14159265  3.14159265  3.14159265
  3.14159265  3.14159265  3.14159265  3.14159265  3.14159265  3.14159265
  3.14159265  3.14159265  3.14159265  3.14159265  3.14159265  3.14159265
  3.14159265  3.14159265  3.14159265] 
 [0.00000000e+00 1.15262838e+01 0.00000000e+00 0.00000000e+00
 0.00000000e+00 0.00000000e+00 0.00000000e+00 1.15262838e+01
 0.00000000e+00 0.00000000e+00 0.00000000e+00 0.00000000e+00
 0.00000000e+00 1.08265336e+01 0.00000000e+00 0.00000000e+00
 0.00000000e+00 6.16297582e-33 0.00000000e+00 1.12816020e+01
 0.00000000e+00 0.00000000e+00 1.20158854e+01 6.16297582e-33
 0.00000000e+00 0.00000000e+00 0.00000000e+00 0.00000000e+00
 0.00000000e+00 0.00000000e+00 0.00000000e+00 0.00000000e+00
 0.00000000e+00 0.00000000e+00 0.00000000e+00 0.00000000e+00
 0.00000000e+00 0.00000000e+00 0.00000000e+00 0.00000000e+00
 0.00000000e+00 0.00000000e+00 0.00000000e+00 0.00000000e+00
 0.00000000e+00]
New op index: 19	$R_Y$[6]
Current grad: 0.4897959183675449
[ 3.14159265 -2.90612074  3.14159265  3.14159265 -3.14159265  3.14159265
  3.14159265 -2.90612074  3.14159265  3.14159265 -3.14159265  3.14159265
  3.14159265  2.89905755  3.14159265  3.14159265 -3.14159265  3.14159265
  3.14159265  2.89673335  3.14159265  3.14159265  3.14159265  0.
  3.14159265  3.14159265  3.14159265  3.14159265  3.14159265  3.14159265
  3.14159265  3.14159265  3.14159265  3.14159265  3.14159265  3.14159265
  3.14159265  3.14159265  3.14159265  3.14159265  3.14159265  3.14159265
  3.14159265  3.14159265  3.14159265] 
 [0.00000000e+00 1.41893904e-02 0.00000000e+00 0.00000000e+00
 0.00000000e+00 0.00000000e+00 0.00000000e+00 1.41893904e-02
 0.00000000e+00 0.00000000e+00 0.00000000e+00 0.00000000e+00
 0.00000000e+00 1.52254627e-02 0.00000000e+00 0.00000000e+00
 0.00000000e+00 0.00000000e+00 0.00000000e+00 1.53728286e-02
 0.00000000e+00 0.00000000e+00 0.00000000e+00 4.28300522e-47
 0.00000000e+00 0.00000000e+00 0.00000000e+00 0.00000000e+00
 0.00000000e+00 0.00000000e+00 0.00000000e+00 0.00000000e+00
 0.00000000e+00 0.00000000e+00 0.00000000e+00 0.00000000e+00
 0.00000000e+00 0.00000000e+00 0.00000000e+00 0.00000000e+00
 0.00000000e+00 0.00000000e+00 0.00000000e+00 0.00000000e+00
 0.00000000e+00]
New op index: 1	$R_Y$[0]
Current grad: 36.98639076814888
[ 3.14159265 -1.61106324  3.14159265  3.14159265 -3.14159265  3.14159265
  3.14159265 -1.61106324  3.14159265  3.14159265  3.14159263  3.14159265
  3.14159265 -1.61115588  3.14159265  3.14159265  3.14159265  3.14159265
  3.14159265 -3.14159265  3.14159265  3.14159265  3.14159265  3.14159265
  3.14159265  3.14159265  3.14159265  3.14159265  3.14159265  3.14159265
  3.14159265  3.14159265  3.14159265  3.14159265  3.14159265  3.14159265
  3.14159265  3.14159265  3.14159265  3.14159265  3.14159265  3.14159265
  3.14159265  3.14159265  3.14159265] 
 [0.00000000e+00 1.19204973e+01 0.00000000e+00 0.00000000e+00
 0.00000000e+00 0.00000000e+00 0.00000000e+00 1.19204973e+01
 0.00000000e+00 0.00000000e+00 1.42108547e-14 0.00000000e+00
 0.00000000e+00 1.16841840e+01 0.00000000e+00 0.00000000e+00
 0.00000000e+00 0.00000000e+00 0.00000000e+00 0.00000000e+00
 0.00000000e+00 0.00000000e+00 0.00000000e+00 0.00000000e+00
 0.00000000e+00 0.00000000e+00 0.00000000e+00 0.00000000e+00
 0.00000000e+00 0.00000000e+00 0.00000000e+00 0.00000000e+00
 0.00000000e+00 0.00000000e+00 0.00000000e+00 0.00000000e+00
 0.00000000e+00 0.00000000e+00 0.00000000e+00 0.00000000e+00
 0.00000000e+00 0.00000000e+00 0.00000000e+00 0.00000000e+00
 0.00000000e+00]
New op index: 13	$R_Y$[4]
Current grad: 0.24489795918444632
[ 3.14159265  3.14159265  3.14159265  3.14159265 -3.14159265  3.14159265
  3.14159265 -1.61235254  3.14159265  3.14159265 -3.14159265  3.14159265
  3.14159265  1.65046872  3.14159265  3.14159265  3.14159265  3.14159265
  3.14159265  3.14159265  3.14159265  3.14159265  3.14159265  3.14159265
  3.14159265  3.14159265  3.14159265  3.14159265  3.14159265  3.14159265
  3.14159265  3.14159265  3.14159265  3.14159265  3.14159265  3.14159265
  3.14159265  3.14159265  3.14159265  3.14159265  3.14159265  3.14159265
  3.14159265  3.14159265  3.14159265] 
 [0.         0.         0.         0.         0.         0.
 0.         0.11507748 0.         0.         0.         0.
 0.         0.11535861 0.         0.         0.         0.
 0.         0.         0.         0.         0.         0.
 0.         0.         0.         0.         0.         0.
 0.         0.         0.         0.         0.         0.
 0.         0.         0.         0.         0.         0.
 0.         0.         0.        ]
New op index: 7	$R_Y$[2]
Current grad: 49.01242217412277
[ 3.14159265  3.14159265  3.14159265  3.14159265 -3.14159265  3.14159265
  3.14159265 -1.57089744  3.14159265  3.14159265  3.14157135  3.14159265
  3.14159265  3.14159265  3.14159265  3.14159265 -3.14159264  3.14159265
  3.14159265  3.14159117  3.14159265  3.14159265  3.14159265  3.14159265
  3.14159265  3.14159265  3.14159265  3.14159265  3.14159265  3.14159265
  3.14159265  3.14159265  3.14159265  3.14159265  3.14159265  3.14159265
  3.14159265  3.14159265  3.14159265  3.14159265  3.14159265  3.14159265
  3.14159265  3.14159265  3.14159265] 
 [0.00000000e+00 0.00000000e+00 0.00000000e+00 0.00000000e+00
 0.00000000e+00 0.00000000e+00 0.00000000e+00 4.90074402e+01
 0.00000000e+00 0.00000000e+00 2.42998732e-10 0.00000000e+00
 0.00000000e+00 0.00000000e+00 0.00000000e+00 0.00000000e+00
 1.42108547e-14 0.00000000e+00 0.00000000e+00 1.17506005e-12
 0.00000000e+00 0.00000000e+00 0.00000000e+00 0.00000000e+00
 0.00000000e+00 0.00000000e+00 0.00000000e+00 0.00000000e+00
 0.00000000e+00 0.00000000e+00 0.00000000e+00 0.00000000e+00
 0.00000000e+00 0.00000000e+00 0.00000000e+00 0.00000000e+00
 0.00000000e+00 0.00000000e+00 0.00000000e+00 0.00000000e+00
 0.00000000e+00 0.00000000e+00 0.00000000e+00 0.00000000e+00
 0.00000000e+00]
New op index: 10	$R_Y$[3]
Current grad: 9.028785025577608e-06
[ 3.14159265 -3.14159265  3.14159265  3.14159265 -3.14159265  3.14159265
  3.14159265  3.14159265  3.14159265  3.14159265 -3.14159248  3.14159265
  3.14159265  3.14159265  3.14159265  3.14159265 -3.14159265  3.14159265
  3.14159265  3.14159265  3.14159265  3.14159265 -3.14159265  3.14159265
  3.14159265  3.14159265  3.14159265  3.14159265  3.14159265  3.14159265
  3.14159265  3.14159265  3.14159265  3.14159265  3.14159265  3.14159265
  3.14159265  3.14159265  3.14159265  3.14159265  3.14159265  3.14159265
  3.14159265  3.14159265  3.14159265] 
 [0.00000000e+00 0.00000000e+00 0.00000000e+00 0.00000000e+00
 0.00000000e+00 0.00000000e+00 0.00000000e+00 0.00000000e+00
 0.00000000e+00 0.00000000e+00 7.60280727e-13 0.00000000e+00
 0.00000000e+00 0.00000000e+00 0.00000000e+00 0.00000000e+00
 0.00000000e+00 0.00000000e+00 0.00000000e+00 0.00000000e+00
 0.00000000e+00 0.00000000e+00 0.00000000e+00 0.00000000e+00
 0.00000000e+00 0.00000000e+00 0.00000000e+00 0.00000000e+00
 0.00000000e+00 0.00000000e+00 0.00000000e+00 0.00000000e+00
 0.00000000e+00 0.00000000e+00 0.00000000e+00 0.00000000e+00
 0.00000000e+00 0.00000000e+00 0.00000000e+00 0.00000000e+00
 0.00000000e+00 0.00000000e+00 0.00000000e+00 0.00000000e+00
 0.00000000e+00]
Precision cutoff reached.
Calculating energies for FreeWilson2D(N_x=2, N_y=2, mass=-2.082, r=1.000)
h_im: 0.0
New op index: 10	$R_Y$[3]
Current grad: 2.3265306122448965
[ 3.14159265 -1.57079633  3.14159265  3.14159265  1.57079633  3.14159265
  3.14159265 -1.57079633  3.14159265  3.14159265  0.08145204  0.
  3.14159265  0.08145204  0.          3.14159265 -1.57079633  3.14159265
  3.14159265  1.57079633  3.14159265  3.14159265 -1.57079633  3.14159265
  3.14159265  3.14159265  3.14159265  3.14159265  3.14159265  3.14159265
  3.14159265  0.          0.          3.14159265  3.14159265  3.14159265
  3.14159265  0.          0.          3.14159265  3.14159265  3.14159265
  3.14159265  3.14159265  3.14159265] 
 [0.         0.04081633 0.         0.         0.54081633 0.
 0.         0.54081633 0.         0.         1.00166321 1.
 0.         1.00166321 1.         0.         0.54081633 0.
 0.         0.54081633 0.         0.         0.04081633 0.
 0.         0.         0.         0.         0.         0.
 0.         1.         1.         0.         0.         0.
 0.         1.         1.         0.         0.         0.
 0.         0.         0.        ]
New op index: 16	$R_Y$[5]
Current grad: 27.47849632329271
[ 3.14159265 -1.57079633  3.14159265  3.14159265 -1.57079633  3.14159265
  3.14159265 -1.57079633  0.          3.14159265  3.14159265  3.14159265
  3.14159265 -1.6951555   3.14159265  3.14159265 -1.57079633  0.
  3.14159265 -1.57079633  3.14159265  3.14159265 -1.57079633  3.14159265
  3.14159265  3.14159265  3.14159265  3.14159265  0.          0.
  3.14159265  3.14159265  3.14159265  3.14159265  3.14159265  3.14159265
  3.14159265  3.14159265  3.14159265  3.14159265  3.14159265  0.
  3.14159265  3.14159265  3.14159265] 
 [0.00000000e+00 4.10891680e+00 0.00000000e+00 0.00000000e+00
 3.52728415e+00 0.00000000e+00 0.00000000e+00 3.61057449e+00
 2.08166817e-17 0.00000000e+00 0.00000000e+00 0.00000000e+00
 0.00000000e+00 3.51928755e+00 0.00000000e+00 0.00000000e+00
 4.60891680e+00 2.08166817e-17 0.00000000e+00 3.52728415e+00
 0.00000000e+00 0.00000000e+00 4.10891680e+00 0.00000000e+00
 0.00000000e+00 0.00000000e+00 0.00000000e+00 0.00000000e+00
 2.08166817e-17 2.08166817e-17 0.00000000e+00 0.00000000e+00
 0.00000000e+00 0.00000000e+00 0.00000000e+00 0.00000000e+00
 0.00000000e+00 0.00000000e+00 0.00000000e+00 0.00000000e+00
 0.00000000e+00 2.08166817e-17 0.00000000e+00 0.00000000e+00
 0.00000000e+00]
New op index: 4	$R_Y$[1]
Current grad: 0.739902286857242
[ 3.14159265 -1.57079633  3.14159265  3.14159265  1.57079633  3.14159265
  3.14159265 -1.57079633  0.          3.14159265 -3.14159265  3.14159265
  3.14159265  3.05603484  3.14159265  3.14159265 -3.14159265  3.14159265
  0.          3.05518423  3.14159265  3.14159265 -1.57079633  3.14159265
  3.14159265  3.14159265  3.14159265  3.14159265  0.          0.
  3.14159265  3.14159265  3.14159265  3.14159265  3.14159265  3.14159265
  3.14159265  3.14159265  3.14159265  3.14159265  3.14159265  3.14159265
  0.          3.14159265  3.14159265] 
 [0.00000000e+00 3.83205900e-02 0.00000000e+00 0.00000000e+00
 5.43312063e-01 0.00000000e+00 0.00000000e+00 3.33249177e-02
 8.17579831e-34 0.00000000e+00 0.00000000e+00 0.00000000e+00
 0.00000000e+00 1.85397389e-03 0.00000000e+00 0.00000000e+00
 0.00000000e+00 0.00000000e+00 2.00976621e-15 1.87242881e-03
 0.00000000e+00 0.00000000e+00 3.83205900e-02 0.00000000e+00
 0.00000000e+00 0.00000000e+00 0.00000000e+00 0.00000000e+00
 8.17579831e-34 8.17579831e-34 0.00000000e+00 0.00000000e+00
 0.00000000e+00 0.00000000e+00 0.00000000e+00 0.00000000e+00
 0.00000000e+00 0.00000000e+00 0.00000000e+00 0.00000000e+00
 0.00000000e+00 0.00000000e+00 9.04208570e-16 0.00000000e+00
 0.00000000e+00]
New op index: 22	$R_Y$[7]
Current grad: 20.381318690266752
[ 3.14159265 -1.69188755  3.14159265  3.14159265 -3.14159265  3.14159265
  3.14159265 -1.69188755  3.14159265  3.14159265  3.14159265  3.14159265
  0.         -1.81379253  3.14159265  3.14159265  3.14159265  3.14159265
  3.14159265 -1.69431741  3.14159265  3.14159265 -1.57079633  3.14159265
  3.14159265  3.14159265  3.14159265  3.14159265  3.14159265  3.14159265
  3.14159265  3.14159265  3.14159265  3.14159265  3.14159265  3.14159265
  3.14159265  3.14159265  3.14159265  3.14159265  3.14159265  3.14159265
  0.          3.14159265  3.14159265] 
 [0.00000000e+00 3.63922665e+00 0.00000000e+00 0.00000000e+00
 0.00000000e+00 0.00000000e+00 0.00000000e+00 3.63922665e+00
 0.00000000e+00 0.00000000e+00 0.00000000e+00 0.00000000e+00
 7.20512085e-16 3.15083893e+00 0.00000000e+00 0.00000000e+00
 0.00000000e+00 0.00000000e+00 0.00000000e+00 3.55820374e+00
 0.00000000e+00 0.00000000e+00 4.10891680e+00 0.00000000e+00
 0.00000000e+00 0.00000000e+00 0.00000000e+00 0.00000000e+00
 0.00000000e+00 0.00000000e+00 0.00000000e+00 0.00000000e+00
 0.00000000e+00 0.00000000e+00 0.00000000e+00 0.00000000e+00
 0.00000000e+00 0.00000000e+00 0.00000000e+00 0.00000000e+00
 0.00000000e+00 0.00000000e+00 1.41553436e-15 0.00000000e+00
 0.00000000e+00]
New op index: 19	$R_Y$[6]
Current grad: 0.16326530612260517
[ 3.14159265 -3.06510101  3.14159265  3.14159265 -3.14159265  3.14159265
  3.14159265 -3.06510101  3.14159265  3.14159265 -3.14159265  3.14159265
  3.14159265  3.05603484  3.14159265  3.14159265  3.14159265  3.14159265
  0.          3.05518423  3.14159265  3.14159265  3.14159265  3.14159265
  3.14159265  3.14159265  3.14159265  3.14159265  3.14159265  3.14159265
  3.14159265  3.14159265  3.14159265  3.14159265  3.14159265  3.14159265
  3.14159265  3.14159265  3.14159265  3.14159265  3.14159265  3.14159265
  3.14159265  3.14159265  3.14159265] 
 [0.00000000e+00 1.46631753e-03 0.00000000e+00 0.00000000e+00
 0.00000000e+00 0.00000000e+00 0.00000000e+00 1.46631753e-03
 0.00000000e+00 0.00000000e+00 0.00000000e+00 0.00000000e+00
 0.00000000e+00 1.85397389e-03 0.00000000e+00 0.00000000e+00
 0.00000000e+00 0.00000000e+00 3.81828492e-15 1.87242881e-03
 0.00000000e+00 0.00000000e+00 0.00000000e+00 0.00000000e+00
 0.00000000e+00 0.00000000e+00 0.00000000e+00 0.00000000e+00
 0.00000000e+00 0.00000000e+00 0.00000000e+00 0.00000000e+00
 0.00000000e+00 0.00000000e+00 0.00000000e+00 0.00000000e+00
 0.00000000e+00 0.00000000e+00 0.00000000e+00 0.00000000e+00
 0.00000000e+00 0.00000000e+00 0.00000000e+00 0.00000000e+00
 0.00000000e+00]
New op index: 1	$R_Y$[0]
Current grad: 13.125168261170394
[ 3.14159265 -1.6838896   3.14159265  3.14159265 -3.14159265  3.14159265
  3.14159265 -1.6838896   3.14159265  3.14159265  3.1415925   3.14159265
  0.         -1.68682165  3.14159265  3.14159265  3.14159265  3.14159265
  3.14159265 -3.14159265  3.14159265  3.14159265  3.14159265  3.14159265
  3.14159265  3.14159265  3.14159265  3.14159265  3.14159265  3.14159265
  3.14159265  3.14159265  3.14159265  3.14159265  3.14159265  3.14159265
  3.14159265  3.14159265  3.14159265  3.14159265  3.14159265  3.14159265
  3.14159265  3.14159265  3.14159265] 
 [0.00000000e+00 3.93056816e+00 0.00000000e+00 0.00000000e+00
 0.00000000e+00 0.00000000e+00 0.00000000e+00 3.93056816e+00
 0.00000000e+00 0.00000000e+00 5.18696197e-13 0.00000000e+00
 2.73830166e-15 3.84631354e+00 0.00000000e+00 0.00000000e+00
 0.00000000e+00 0.00000000e+00 0.00000000e+00 0.00000000e+00
 0.00000000e+00 0.00000000e+00 0.00000000e+00 0.00000000e+00
 0.00000000e+00 0.00000000e+00 0.00000000e+00 0.00000000e+00
 0.00000000e+00 0.00000000e+00 0.00000000e+00 0.00000000e+00
 0.00000000e+00 0.00000000e+00 0.00000000e+00 0.00000000e+00
 0.00000000e+00 0.00000000e+00 0.00000000e+00 0.00000000e+00
 0.00000000e+00 0.00000000e+00 0.00000000e+00 0.00000000e+00
 0.00000000e+00]
New op index: 13	$R_Y$[4]
Current grad: 0.08163265306171362
[ 3.14159265 -3.14159265  3.14159265  3.14159265 -3.14159265  3.14159265
  3.14159265 -1.70044159  3.14159265  3.14159265 -3.14159265  3.14159265
  0.          1.79751556  3.14159265  3.14159265  3.14159265  3.14159265
  3.14159265 -3.14159265  3.14159265  3.14159265  3.14159265  3.14159265
  3.14159265  3.14159265  3.14159265  3.14159265  3.14159265  3.14159265
  3.14159265  3.14159265  3.14159265  3.14159265  3.14159265  3.14159265
  3.14159265  3.14159265  3.14159265  3.14159265  3.14159265  3.14159265
  3.14159265  3.14159265  3.14159265] 
 [0.00000000e+00 0.00000000e+00 0.00000000e+00 0.00000000e+00
 0.00000000e+00 0.00000000e+00 0.00000000e+00 3.36492366e-02
 0.00000000e+00 0.00000000e+00 0.00000000e+00 0.00000000e+00
 6.12048790e-16 3.44577120e-02 0.00000000e+00 0.00000000e+00
 0.00000000e+00 0.00000000e+00 0.00000000e+00 0.00000000e+00
 0.00000000e+00 0.00000000e+00 0.00000000e+00 0.00000000e+00
 0.00000000e+00 0.00000000e+00 0.00000000e+00 0.00000000e+00
 0.00000000e+00 0.00000000e+00 0.00000000e+00 0.00000000e+00
 0.00000000e+00 0.00000000e+00 0.00000000e+00 0.00000000e+00
 0.00000000e+00 0.00000000e+00 0.00000000e+00 0.00000000e+00
 0.00000000e+00 0.00000000e+00 0.00000000e+00 0.00000000e+00
 0.00000000e+00]
New op index: 7	$R_Y$[2]
Current grad: 48.50662139901897
[ 3.14159265  3.14159258  3.14159265  3.14159265 -3.14159265  3.14159265
  3.14159265 -1.57089811  3.14159265  3.14159265 -3.14157481  3.14159265
  3.14159265 -3.14159265  3.14159265  3.14159265 -3.14159256  3.14159265
  3.14159265  3.1415578   3.14159265  3.14159265  3.14159265  3.14159265
  3.14159265  3.14159265  3.14159265  3.14159265  3.14159265  3.14159265
  3.14159265  3.14159265  3.14159265  3.14159265  3.14159265  3.14159265
  3.14159265  3.14159265  3.14159265  3.14159265  3.14159265  3.14159265
  3.14159265  3.14159265  3.14159265] 
 [0.00000000e+00 2.98427949e-13 0.00000000e+00 0.00000000e+00
 0.00000000e+00 0.00000000e+00 0.00000000e+00 4.85015923e+01
 0.00000000e+00 0.00000000e+00 2.28051578e-10 0.00000000e+00
 0.00000000e+00 0.00000000e+00 0.00000000e+00 0.00000000e+00
 4.12114787e-13 0.00000000e+00 0.00000000e+00 8.68324967e-10
 0.00000000e+00 0.00000000e+00 0.00000000e+00 0.00000000e+00
 0.00000000e+00 0.00000000e+00 0.00000000e+00 0.00000000e+00
 0.00000000e+00 0.00000000e+00 0.00000000e+00 0.00000000e+00
 0.00000000e+00 0.00000000e+00 0.00000000e+00 0.00000000e+00
 0.00000000e+00 0.00000000e+00 0.00000000e+00 0.00000000e+00
 0.00000000e+00 0.00000000e+00 0.00000000e+00 0.00000000e+00
 0.00000000e+00]
New op index: 0	$R_X$[0]
Current grad: 6.990656923030178e-09
[ 3.14159265 -3.14159265  3.14159265  3.14159265 -3.14159265  3.14159265
  3.14159265  3.14159265  3.14159265  3.14159265 -3.14159265  3.14159265
  3.14159265 -3.14159265  3.14159265  3.14159265 -3.14159265  3.14159265
  3.14159265  3.14159265  3.14159265  3.14159265 -3.14159265  3.14159265
  3.14159265  3.14159265  3.14159265  3.14159265  3.14159265  3.14159265
  3.14159265  3.14159265  3.14159265  3.14159265  3.14159265  3.14159265
  3.14159265  3.14159265  3.14159265  3.14159265  3.14159265  3.14159265
  3.14159265  3.14159265  3.14159265] 
 [0. 0. 0. 0. 0. 0. 0. 0. 0. 0. 0. 0. 0. 0. 0. 0. 0. 0. 0. 0. 0. 0. 0. 0.
 0. 0. 0. 0. 0. 0. 0. 0. 0. 0. 0. 0. 0. 0. 0. 0. 0. 0. 0. 0. 0.]
Precision cutoff reached.
Calculating energies for FreeWilson2D(N_x=2, N_y=2, mass=-1.918, r=1.000)
h_im: 0.0
New op index: 10	$R_Y$[3]
Current grad: 1.9999999999999982
[ 3.14159265  1.57079633  3.14159265  3.14159265  1.57079633  3.14159265
  3.14159265 -1.57079633  3.14159265  3.14159265 -0.08145204  0.
  3.14159265 -0.08145204  0.          3.14159265 -1.57079633  3.14159265
  3.14159265  1.57079633  3.14159265  3.14159265  1.57079633  3.14159265
  3.14159265  3.14159265  3.14159265  3.14159265  3.14159265  3.14159265
  3.14159265  0.          0.          3.14159265  3.14159265  3.14159265
  3.14159265  0.          0.          3.14159265  3.14159265  3.14159265
  3.14159265  3.14159265  3.14159265] 
 [0.         0.04081633 0.         0.         0.45918367 0.
 0.         0.45918367 0.         0.         1.00166321 1.
 0.         1.00166321 1.         0.         0.45918367 0.
 0.         0.45918367 0.         0.         0.04081633 0.
 0.         0.         0.         0.         0.         0.
 0.         1.         1.         0.         0.         0.
 0.         1.         1.         0.         0.         0.
 0.         0.         0.        ]
New op index: 7	$R_Y$[2]
Current grad: 29.47518093890818
[3.14159265 1.57079633 3.14159265 3.14159265 1.57079633 3.14159265
 3.14159265 1.57079633 3.14159265 3.14159265 3.14159265 3.14159265
 3.14159265 1.6951555  3.14159265 3.14159265 1.57079633 3.14159265
 3.14159265 1.57079633 3.14159265 3.14159265 1.57079633 3.14159265
 3.14159265 3.14159265 3.14159265 3.14159265 3.14159265 3.14159265
 3.14159265 3.14159265 3.14159265 3.14159265 3.14159265 3.14159265
 3.14159265 3.14159265 3.14159265 3.14159265 3.14159265 3.14159265
 3.14159265 3.14159265 3.14159265] 
 [0.         4.1089168  0.         0.         4.52728415 0.
 0.         4.60725911 0.         0.         0.         0.
 0.         3.51928755 0.         0.         3.6089168  0.
 0.         4.52728415 0.         0.         4.1089168  0.
 0.         0.         0.         0.         0.         0.
 0.         0.         0.         0.         0.         0.
 0.         0.         0.         0.         0.         0.
 0.         0.         0.        ]
New op index: 16	$R_Y$[5]
Current grad: 1.0816326530613707
[ 3.14159265  1.57079633  3.14159265  3.14159265 -1.76498028  3.14159265
  3.14159265  3.14159265  3.14159265  3.14159265 -3.14159265  3.14159265
  0.         -1.76498028  3.14159265  0.         -1.57079633  0.
  0.          1.57079633  3.14159265  0.          1.57079633  0.
  3.14159265  3.14159265  3.14159265  3.14159265  3.14159265  3.14159265
  3.14159265  3.14159265  3.14159265  3.14159265  3.14159265  3.14159265
  0.          3.14159265  3.14159265  0.          0.          0.
  0.          0.          0.        ] 
 [0.00000000e+00 3.08356223e-02 0.00000000e+00 0.00000000e+00
 4.17801754e-02 0.00000000e+00 0.00000000e+00 0.00000000e+00
 0.00000000e+00 0.00000000e+00 0.00000000e+00 0.00000000e+00
 1.64193406e-29 4.17801754e-02 0.00000000e+00 5.66440319e-19
 4.69164378e-01 2.77555756e-17 5.57830426e-15 4.49202969e-01
 0.00000000e+00 2.79226755e-15 3.08356223e-02 2.77555756e-17
 0.00000000e+00 0.00000000e+00 0.00000000e+00 0.00000000e+00
 0.00000000e+00 0.00000000e+00 0.00000000e+00 0.00000000e+00
 0.00000000e+00 0.00000000e+00 0.00000000e+00 0.00000000e+00
 5.66440319e-19 0.00000000e+00 0.00000000e+00 4.16333634e-15
 4.17721413e-15 1.38777878e-17 6.95503745e-15 6.94115967e-15
 1.38777878e-17]
New op index: 22	$R_Y$[7]
Current grad: 10.134384867297655
[ 3.14159265  1.57079633  3.14159265  3.14159265  1.81577899  3.14159265
  3.14159265  3.14159265  3.14159265  3.14159265 -3.14159265  3.14159265
  0.          2.03873359  3.14159265  3.14159265 -3.14159265  0.
  0.          1.8159749   3.14159265  0.          1.57079633  0.
  3.14159265  3.14159265  3.14159265  3.14159265  3.14159265  3.14159265
  3.14159265  3.14159265  3.14159265  3.14159265  3.14159265  3.14159265
  3.14159265  3.14159265  3.14159265  3.14159265  3.14159265  3.14159265
  0.          3.14159265  3.14159265] 
 [0.00000000e+00 2.07993480e+00 0.00000000e+00 0.00000000e+00
 1.56022074e+00 0.00000000e+00 0.00000000e+00 0.00000000e+00
 0.00000000e+00 0.00000000e+00 0.00000000e+00 0.00000000e+00
 8.13378346e-29 1.21656128e+00 0.00000000e+00 0.00000000e+00
 0.00000000e+00 1.06739531e-46 2.77782332e-15 1.55990570e+00
 0.00000000e+00 2.77329180e-15 2.07993480e+00 1.12213354e-46
 0.00000000e+00 0.00000000e+00 0.00000000e+00 0.00000000e+00
 0.00000000e+00 0.00000000e+00 0.00000000e+00 0.00000000e+00
 0.00000000e+00 0.00000000e+00 0.00000000e+00 0.00000000e+00
 0.00000000e+00 0.00000000e+00 0.00000000e+00 0.00000000e+00
 0.00000000e+00 0.00000000e+00 1.31739771e-28 0.00000000e+00
 0.00000000e+00]
New op index: 13	$R_Y$[4]
Current grad: 0.6831269075005904
[ 3.14159265  1.57079633  3.14159265  3.14159265 -1.76498028  3.14159265
  3.14159265 -3.14159265  0.          3.14159265 -3.14159265  3.14159265
  0.         -2.31783501  3.14159265  3.14159265  3.14159265  0.
  3.14159265 -3.04034597  3.14159265  3.14159265 -3.14159265  0.
  3.14159265  3.14159265  3.14159265  3.14159265  3.14159265  3.14159265
  3.14159265  3.14159265  3.14159265  3.14159265  3.14159265  3.14159265
  3.14159265  3.14159265  3.14159265  3.14159265  3.14159265  3.14159265
  3.14159265  3.14159265  3.14159265] 
 [0.00000000e+00 3.08356223e-02 0.00000000e+00 0.00000000e+00
 4.17801754e-02 0.00000000e+00 0.00000000e+00 0.00000000e+00
 8.75811540e-47 0.00000000e+00 0.00000000e+00 0.00000000e+00
 1.01010993e-28 2.40581319e-01 0.00000000e+00 0.00000000e+00
 0.00000000e+00 9.30549761e-47 0.00000000e+00 2.57371433e-03
 0.00000000e+00 0.00000000e+00 0.00000000e+00 5.47382213e-48
 0.00000000e+00 0.00000000e+00 0.00000000e+00 0.00000000e+00
 0.00000000e+00 0.00000000e+00 0.00000000e+00 0.00000000e+00
 0.00000000e+00 0.00000000e+00 0.00000000e+00 0.00000000e+00
 0.00000000e+00 0.00000000e+00 0.00000000e+00 0.00000000e+00
 0.00000000e+00 0.00000000e+00 0.00000000e+00 0.00000000e+00
 0.00000000e+00]
New op index: 1	$R_Y$[0]
Current grad: 116.38444053617175
[ 3.14159265  1.57079633  3.14159265  3.14159265  1.581724    3.14159265
  3.14159265  3.14159265  0.          3.14159265 -3.14158524  3.14159265
  3.14159265  3.14159265  3.14159265  3.14159265  3.14159265  0.
  0.          1.58890436  3.14159265  3.14159265  3.14159265  3.14159265
  3.14159265  3.14159265  3.14159265  3.14159265  3.14159265  3.14159265
  3.14159265  3.14159265  3.14159265  3.14159265  3.14159265  3.14159265
  3.14159265  3.14159265  3.14159265  3.14159265  3.14159265  3.14159265
  3.14159265  3.14159265  3.14159265] 
 [0.00000000e+00 3.88492068e+01 0.00000000e+00 0.00000000e+00
 3.83462326e+01 0.00000000e+00 0.00000000e+00 0.00000000e+00
 3.98327665e-31 0.00000000e+00 3.16797255e-10 0.00000000e+00
 0.00000000e+00 0.00000000e+00 0.00000000e+00 0.00000000e+00
 0.00000000e+00 3.98327665e-31 5.55564665e-15 3.80718495e+01
 0.00000000e+00 0.00000000e+00 0.00000000e+00 0.00000000e+00
 0.00000000e+00 0.00000000e+00 0.00000000e+00 0.00000000e+00
 0.00000000e+00 0.00000000e+00 0.00000000e+00 0.00000000e+00
 0.00000000e+00 0.00000000e+00 0.00000000e+00 0.00000000e+00
 0.00000000e+00 0.00000000e+00 0.00000000e+00 0.00000000e+00
 0.00000000e+00 0.00000000e+00 0.00000000e+00 0.00000000e+00
 0.00000000e+00]
New op index: 19	$R_Y$[6]
Current grad: 0.09161460501009894
[ 3.14159265  3.14159265  3.14159265  3.14159265 -3.05112297  3.14159265
  3.14159265 -3.14159265  3.14159265  3.14159265  3.14159265  3.14159265
  3.14159265 -3.14159265  3.14159265  3.14159265  3.14159265  3.14159265
  0.         -3.05112297  3.14159265  3.14159265 -3.14159265  0.
  3.14159265  3.14159265  3.14159265  3.14159265  3.14159265  3.14159265
  3.14159265  3.14159265  3.14159265  3.14159265  3.14159265  3.14159265
  3.14159265  3.14159265  3.14159265  3.14159265  3.14159265  3.14159265
  3.14159265  3.14159265  3.14159265] 
 [0.00000000e+00 0.00000000e+00 0.00000000e+00 0.00000000e+00
 2.07350044e-03 0.00000000e+00 0.00000000e+00 0.00000000e+00
 0.00000000e+00 0.00000000e+00 0.00000000e+00 0.00000000e+00
 0.00000000e+00 0.00000000e+00 0.00000000e+00 0.00000000e+00
 0.00000000e+00 0.00000000e+00 2.74796952e-28 2.07350044e-03
 0.00000000e+00 0.00000000e+00 0.00000000e+00 2.18952885e-47
 0.00000000e+00 0.00000000e+00 0.00000000e+00 0.00000000e+00
 0.00000000e+00 0.00000000e+00 0.00000000e+00 0.00000000e+00
 0.00000000e+00 0.00000000e+00 0.00000000e+00 0.00000000e+00
 0.00000000e+00 0.00000000e+00 0.00000000e+00 0.00000000e+00
 0.00000000e+00 0.00000000e+00 0.00000000e+00 0.00000000e+00
 0.00000000e+00]
New op index: 4	$R_Y$[1]
Current grad: 4.567870796564217
[ 3.14159265  3.14159265  3.14159265  3.14159265  1.68053819  3.14159265
  3.14159265 -3.14159265  0.          3.14159265 -3.14159263  3.14159265
  3.14159265  3.14159264  3.14159265  3.14159265 -3.14159265  0.
  3.14159265 -3.14159265  3.14159265  3.14159265  3.14159265  0.
  3.14159265  3.14159265  3.14159265  3.14159265  3.14159265  3.14159265
  3.14159265  3.14159265  3.14159265  3.14159265  3.14159265  3.14159265
  3.14159265  3.14159265  3.14159265  3.14159265  3.14159265  3.14159265
  3.14159265  3.14159265  3.14159265] 
 [0.00000000e+00 0.00000000e+00 0.00000000e+00 0.00000000e+00
 4.09220502e+00 0.00000000e+00 0.00000000e+00 0.00000000e+00
 4.89408281e-31 0.00000000e+00 1.42108547e-14 0.00000000e+00
 0.00000000e+00 7.10542736e-15 0.00000000e+00 0.00000000e+00
 0.00000000e+00 5.57303273e-31 0.00000000e+00 0.00000000e+00
 0.00000000e+00 0.00000000e+00 0.00000000e+00 6.78949924e-32
 0.00000000e+00 0.00000000e+00 0.00000000e+00 0.00000000e+00
 0.00000000e+00 0.00000000e+00 0.00000000e+00 0.00000000e+00
 0.00000000e+00 0.00000000e+00 0.00000000e+00 0.00000000e+00
 0.00000000e+00 0.00000000e+00 0.00000000e+00 0.00000000e+00
 0.00000000e+00 0.00000000e+00 0.00000000e+00 0.00000000e+00
 0.00000000e+00]
New op index: 2	$R_Z$[0]
Current grad: 6.059550156949322e-09
[ 3.14159265 -3.14159265  0.          3.14159265  3.14159265  3.14159265
  3.14159265  3.14159265  0.          3.14159265  3.14159265  3.14159265
  3.14159265 -3.14159265  3.14159265  3.14159265 -3.14159265  0.
  3.14159265 -3.14159265  3.14159265  3.14159265  3.14159265  0.
  3.14159265  3.14159265  3.14159265  3.14159265  3.14159265  3.14159265
  3.14159265  3.14159265  3.14159265  3.14159265  3.14159265  3.14159265
  3.14159265  3.14159265  3.14159265  3.14159265  3.14159265  3.14159265
  3.14159265  3.14159265  3.14159265] 
 [0.00000000e+00 0.00000000e+00 1.94750139e-29 0.00000000e+00
 0.00000000e+00 0.00000000e+00 0.00000000e+00 0.00000000e+00
 8.24381892e-30 0.00000000e+00 0.00000000e+00 0.00000000e+00
 0.00000000e+00 0.00000000e+00 0.00000000e+00 0.00000000e+00
 0.00000000e+00 2.58624654e-34 0.00000000e+00 0.00000000e+00
 0.00000000e+00 0.00000000e+00 0.00000000e+00 1.12314536e-29
 0.00000000e+00 0.00000000e+00 0.00000000e+00 0.00000000e+00
 0.00000000e+00 0.00000000e+00 0.00000000e+00 0.00000000e+00
 0.00000000e+00 0.00000000e+00 0.00000000e+00 0.00000000e+00
 0.00000000e+00 0.00000000e+00 0.00000000e+00 0.00000000e+00
 0.00000000e+00 0.00000000e+00 0.00000000e+00 0.00000000e+00
 0.00000000e+00]
Precision cutoff reached.
Calculating energies for FreeWilson2D(N_x=2, N_y=2, mass=-1.755, r=1.000)
h_im: 0.0
New op index: 10	$R_Y$[3]
Current grad: 1.9999999999999982
[ 3.14159265  1.57079633  3.14159265  3.14159265  1.57079633  3.14159265
  3.14159265 -1.57079633  3.14159265  3.14159265 -0.24017101  0.
  3.14159265 -0.24017101  0.          3.14159265 -1.57079633  3.14159265
  3.14159265  1.57079633  3.14159265  3.14159265  1.57079633  3.14159265
  3.14159265  3.14159265  3.14159265  3.14159265  3.14159265  3.14159265
  3.14159265  0.          0.          3.14159265  3.14159265  3.14159265
  3.14159265  0.          0.          3.14159265  3.14159265  3.14159265
  3.14159265  3.14159265  3.14159265] 
 [0.         0.12244898 0.         0.         0.37755102 0.
 0.         0.37755102 0.         0.         1.01477544 1.
 0.         1.01477544 1.         0.         0.37755102 0.
 0.         0.37755102 0.         0.         0.12244898 0.
 0.         0.         0.         0.         0.         0.
 0.         1.         1.         0.         0.         0.
 0.         1.         1.         0.         0.         0.
 0.         0.         0.        ]
New op index: 7	$R_Y$[2]
Current grad: 84.24321855338208
[3.14159265 1.57079633 3.14159265 3.14159265 1.57079633 3.14159265
 3.14159265 1.57079633 3.14159265 3.14159265 3.14159265 3.14159265
 3.14159265 1.61245145 3.14159265 3.14159265 1.57079633 3.14159265
 0.         1.57079633 0.         3.14159265 1.57079633 3.14159265
 3.14159265 3.14159265 3.14159265 3.14159265 3.14159265 3.14159265
 3.14159265 3.14159265 3.14159265 3.14159265 3.14159265 0.
 3.14159265 3.14159265 3.14159265 0.         0.         0.
 0.         0.         0.        ] 
 [0.00000000e+00 1.20158854e+01 0.00000000e+00 0.00000000e+00
 1.22709875e+01 0.00000000e+00 0.00000000e+00 1.25015341e+01
 0.00000000e+00 0.00000000e+00 0.00000000e+00 0.00000000e+00
 0.00000000e+00 1.11765208e+01 0.00000000e+00 0.00000000e+00
 1.15158854e+01 0.00000000e+00 2.76337909e-15 1.22709875e+01
 5.55111512e-17 0.00000000e+00 1.20158854e+01 0.00000000e+00
 0.00000000e+00 0.00000000e+00 0.00000000e+00 0.00000000e+00
 0.00000000e+00 0.00000000e+00 0.00000000e+00 0.00000000e+00
 0.00000000e+00 0.00000000e+00 0.00000000e+00 5.55111512e-17
 0.00000000e+00 0.00000000e+00 0.00000000e+00 2.79311721e-15
 2.76536164e-15 2.77555756e-17 1.38777878e-15 1.41553436e-15
 2.77555756e-17]
New op index: 16	$R_Y$[5]
Current grad: 1.2448979591837692
[ 3.14159265  1.57079633  3.14159265  3.14159265 -1.6459851   3.14159265
  3.14159265 -3.14159265  3.14159265  3.14159265  3.14159265  3.14159265
  0.         -1.6459851   3.14159265  0.         -1.57079633  3.14159265
  0.          1.57079633  0.          0.          1.57079633  0.
  3.14159265  3.14159265  3.14159265  3.14159265  3.14159265  3.14159265
  3.14159265  3.14159265  3.14159265  3.14159265  3.14159265  3.14159265
  0.          3.14159265  3.14159265  0.          0.          0.
  0.          0.          0.        ] 
 [0.00000000e+00 1.12500750e-01 0.00000000e+00 0.00000000e+00
 1.22798752e-01 0.00000000e+00 0.00000000e+00 0.00000000e+00
 0.00000000e+00 0.00000000e+00 0.00000000e+00 0.00000000e+00
 1.87239491e-30 1.22798752e-01 0.00000000e+00 4.21544885e-15
 3.87499250e-01 0.00000000e+00 2.77895620e-15 3.67602790e-01
 2.77555756e-17 8.35102962e-15 1.12500750e-01 1.23259516e-32
 0.00000000e+00 0.00000000e+00 0.00000000e+00 0.00000000e+00
 0.00000000e+00 0.00000000e+00 0.00000000e+00 0.00000000e+00
 0.00000000e+00 0.00000000e+00 0.00000000e+00 0.00000000e+00
 4.21544885e-15 0.00000000e+00 0.00000000e+00 4.16333634e-15
 4.19109192e-15 2.77555756e-17 8.29891711e-15 8.38218384e-15
 2.77555756e-17]
New op index: 22	$R_Y$[7]
Current grad: 30.20207803831295
[ 3.14159265  1.57079633  3.14159265  3.14159265  1.65395018  3.14159265
  3.14159265 -3.14159265  3.14159265  3.14159265 -3.14159265  3.14159265
  0.          1.73825305  3.14159265  3.14159265 -3.14159265  0.
  0.          1.65456836  3.14159265  0.          1.57079633  0.
  3.14159265  3.14159265  3.14159265  3.14159265  3.14159265  3.14159265
  3.14159265  3.14159265  3.14159265  3.14159265  3.14159265  3.14159265
  3.14159265  3.14159265  3.14159265  3.14159265  3.14159265  3.14159265
  0.          3.14159265  3.14159265] 
 [0.00000000e+00 6.19950850e+00 0.00000000e+00 0.00000000e+00
 5.47896359e+00 0.00000000e+00 0.00000000e+00 0.00000000e+00
 0.00000000e+00 0.00000000e+00 0.00000000e+00 0.00000000e+00
 4.70337291e-29 4.98116023e+00 0.00000000e+00 0.00000000e+00
 0.00000000e+00 4.93038066e-32 4.70613137e-29 5.47556581e+00
 0.00000000e+00 2.77555756e-15 6.19950850e+00 4.93038066e-32
 0.00000000e+00 0.00000000e+00 0.00000000e+00 0.00000000e+00
 0.00000000e+00 0.00000000e+00 0.00000000e+00 0.00000000e+00
 0.00000000e+00 0.00000000e+00 0.00000000e+00 0.00000000e+00
 0.00000000e+00 0.00000000e+00 0.00000000e+00 0.00000000e+00
 0.00000000e+00 0.00000000e+00 2.77555756e-15 0.00000000e+00
 0.00000000e+00]
New op index: 13	$R_Y$[4]
Current grad: 1.0095928959506726
[ 3.14159265  1.57079633  3.14159265  3.14159265 -1.6459851   3.14159265
  3.14159265 -3.14159265  3.14159265  3.14159265  3.14159265  3.14159265
  0.         -2.24951254  3.14159265  3.14159265  3.14159265  0.
  0.         -2.88273902  3.14159265  3.14159265 -3.14159265  0.
  3.14159265  3.14159265  3.14159265  3.14159265  3.14159265  3.14159265
  3.14159265  3.14159265  3.14159265  3.14159265  3.14159265  3.14159265
  3.14159265  3.14159265  3.14159265  3.14159265  3.14159265  3.14159265
  3.14159265  3.14159265  3.14159265] 
 [0.00000000e+00 1.12500750e-01 0.00000000e+00 0.00000000e+00
 1.22798752e-01 0.00000000e+00 0.00000000e+00 0.00000000e+00
 0.00000000e+00 0.00000000e+00 0.00000000e+00 0.00000000e+00
 1.00956046e-28 3.02352380e-01 0.00000000e+00 0.00000000e+00
 0.00000000e+00 4.72759037e-62 5.56470969e-15 1.72320766e-02
 0.00000000e+00 0.00000000e+00 0.00000000e+00 4.72759037e-62
 0.00000000e+00 0.00000000e+00 0.00000000e+00 0.00000000e+00
 0.00000000e+00 0.00000000e+00 0.00000000e+00 0.00000000e+00
 0.00000000e+00 0.00000000e+00 0.00000000e+00 0.00000000e+00
 0.00000000e+00 0.00000000e+00 0.00000000e+00 0.00000000e+00
 0.00000000e+00 0.00000000e+00 0.00000000e+00 0.00000000e+00
 0.00000000e+00]
New op index: 1	$R_Y$[0]
Current grad: 123.60249457082017
[ 3.14159265  1.57079633  3.14159265  3.14159265  1.58187016  3.14159265
  3.14159265 -3.14159265  0.          3.14159265 -3.14158427  3.14159265
  3.14159265  3.14159265  3.14159265  3.14159265 -3.14159265  0.
  0.          1.5876419   3.14159265  3.14159265 -3.14159265  3.14159265
  3.14159265  3.14159265  3.14159265  3.14159265  3.14159265  3.14159265
  3.14159265  3.14159265  3.14159265  3.14159265  3.14159265  3.14159265
  3.14159265  3.14159265  3.14159265  3.14159265  3.14159265  3.14159265
  3.14159265  3.14159265  3.14159265] 
 [0.00000000e+00 4.13640713e+01 0.00000000e+00 0.00000000e+00
 4.06663292e+01 0.00000000e+00 0.00000000e+00 0.00000000e+00
 3.66421713e-31 0.00000000e+00 3.21136895e-10 0.00000000e+00
 0.00000000e+00 0.00000000e+00 0.00000000e+00 0.00000000e+00
 0.00000000e+00 3.66421713e-31 5.55111512e-15 4.04322666e+01
 0.00000000e+00 0.00000000e+00 0.00000000e+00 0.00000000e+00
 0.00000000e+00 0.00000000e+00 0.00000000e+00 0.00000000e+00
 0.00000000e+00 0.00000000e+00 0.00000000e+00 0.00000000e+00
 0.00000000e+00 0.00000000e+00 0.00000000e+00 0.00000000e+00
 0.00000000e+00 0.00000000e+00 0.00000000e+00 0.00000000e+00
 0.00000000e+00 0.00000000e+00 0.00000000e+00 0.00000000e+00
 0.00000000e+00]
New op index: 19	$R_Y$[6]
Current grad: 0.2548474303605246
[ 3.14159265  3.14159265  3.14159265  3.14159265 -2.89439838  3.14159265
  3.14159265  3.14159265  3.14159265  3.14159265  3.14159265  3.14159265
  3.14159265  3.14159265  3.14159265  3.14159265 -3.14159265  3.14159265
  0.         -2.89439838  3.14159265  3.14159265  3.14159265  3.14159265
  3.14159265  3.14159265  3.14159265  3.14159265  3.14159265  3.14159265
  3.14159265  3.14159265  3.14159265  3.14159265  3.14159265  3.14159265
  3.14159265  3.14159265  3.14159265  3.14159265  3.14159265  3.14159265
  3.14159265  3.14159265  3.14159265] 
 [0.00000000e+00 0.00000000e+00 0.00000000e+00 0.00000000e+00
 1.58298958e-02 0.00000000e+00 0.00000000e+00 0.00000000e+00
 0.00000000e+00 0.00000000e+00 0.00000000e+00 0.00000000e+00
 0.00000000e+00 0.00000000e+00 0.00000000e+00 0.00000000e+00
 0.00000000e+00 0.00000000e+00 1.11158248e-14 1.58298958e-02
 0.00000000e+00 0.00000000e+00 0.00000000e+00 0.00000000e+00
 0.00000000e+00 0.00000000e+00 0.00000000e+00 0.00000000e+00
 0.00000000e+00 0.00000000e+00 0.00000000e+00 0.00000000e+00
 0.00000000e+00 0.00000000e+00 0.00000000e+00 0.00000000e+00
 0.00000000e+00 0.00000000e+00 0.00000000e+00 0.00000000e+00
 0.00000000e+00 0.00000000e+00 0.00000000e+00 0.00000000e+00
 0.00000000e+00]
New op index: 4	$R_Y$[1]
Current grad: 12.393883564960609
[ 3.14159265  3.14159265  3.14159265  3.14159265  1.61036166  3.14159265
  3.14159265 -3.14159265  0.          3.14159265 -3.14159246  3.14159265
  3.14159265  3.14159253  3.14159265  3.14159265 -3.14159265  0.
  3.14159265  3.14159265  3.14159265  3.14159265 -3.14159265  3.14159265
  3.14159265  3.14159265  3.14159265  3.14159265  3.14159265  3.14159265
  3.14159265  3.14159265  3.14159265  3.14159265  3.14159265  3.14159265
  3.14159265  3.14159265  3.14159265  3.14159265  3.14159265  3.14159265
  3.14159265  3.14159265  3.14159265] 
 [0.00000000e+00 0.00000000e+00 0.00000000e+00 0.00000000e+00
 1.19129549e+01 0.00000000e+00 0.00000000e+00 0.00000000e+00
 1.65934752e-30 0.00000000e+00 7.38964445e-13 0.00000000e+00
 0.00000000e+00 2.77111667e-13 0.00000000e+00 0.00000000e+00
 0.00000000e+00 1.27997503e-30 0.00000000e+00 0.00000000e+00
 0.00000000e+00 0.00000000e+00 0.00000000e+00 0.00000000e+00
 0.00000000e+00 0.00000000e+00 0.00000000e+00 0.00000000e+00
 0.00000000e+00 0.00000000e+00 0.00000000e+00 0.00000000e+00
 0.00000000e+00 0.00000000e+00 0.00000000e+00 0.00000000e+00
 0.00000000e+00 0.00000000e+00 0.00000000e+00 0.00000000e+00
 0.00000000e+00 0.00000000e+00 0.00000000e+00 0.00000000e+00
 0.00000000e+00]
New op index: 8	$R_Z$[2]
Current grad: 4.263724000743207e-09
[ 3.14159265 -3.14159265  3.14159265  3.14159265  3.14159265  3.14159265
  3.14159265  3.14159265  0.          3.14159265  3.14159265  3.14159265
  3.14159265 -3.14159265  3.14159265  3.14159265 -3.14159265  3.14159265
  3.14159265 -3.14159265  3.14159265  3.14159265 -3.14159265  3.14159265
  3.14159265  3.14159265  3.14159265  3.14159265  3.14159265  3.14159265
  3.14159265  3.14159265  3.14159265  3.14159265  3.14159265  3.14159265
  3.14159265  3.14159265  3.14159265  3.14159265  3.14159265  3.14159265
  3.14159265  3.14159265  3.14159265] 
 [0.0000000e+00 0.0000000e+00 0.0000000e+00 0.0000000e+00 0.0000000e+00
 0.0000000e+00 0.0000000e+00 0.0000000e+00 9.7019233e-32 0.0000000e+00
 0.0000000e+00 0.0000000e+00 0.0000000e+00 0.0000000e+00 0.0000000e+00
 0.0000000e+00 0.0000000e+00 0.0000000e+00 0.0000000e+00 0.0000000e+00
 0.0000000e+00 0.0000000e+00 0.0000000e+00 0.0000000e+00 0.0000000e+00
 0.0000000e+00 0.0000000e+00 0.0000000e+00 0.0000000e+00 0.0000000e+00
 0.0000000e+00 0.0000000e+00 0.0000000e+00 0.0000000e+00 0.0000000e+00
 0.0000000e+00 0.0000000e+00 0.0000000e+00 0.0000000e+00 0.0000000e+00
 0.0000000e+00 0.0000000e+00 0.0000000e+00 0.0000000e+00 0.0000000e+00]
Precision cutoff reached.
Calculating energies for FreeWilson2D(N_x=2, N_y=2, mass=-1.592, r=1.000)
h_im: 0.0
New op index: 10	$R_Y$[3]
Current grad: 1.9999999999999984
[ 3.14159265  1.57079633  3.14159265  3.14159265  1.57079633  3.14159265
  3.14159265 -1.57079633  3.14159265  3.14159265 -0.38752381  0.
  3.14159265 -0.38752381  0.          3.14159265 -1.57079633  3.14159265
  3.14159265  1.57079633  3.14159265  3.14159265  1.57079633  3.14159265
  3.14159265  3.14159265  3.14159265  3.14159265  3.14159265  3.14159265
  3.14159265  0.          0.          3.14159265  3.14159265  3.14159265
  3.14159265  0.          0.          3.14159265  3.14159265  3.14159265
  3.14159265  3.14159265  3.14159265] 
 [0.         0.20408163 0.         0.         0.29591837 0.
 0.         0.29591837 0.         0.         1.04004566 1.
 0.         1.04004566 1.         0.         0.29591837 0.
 0.         0.29591837 0.         0.         0.20408163 0.
 0.         0.         0.         0.         0.         0.
 0.         1.         1.         0.         0.         0.
 0.         1.         1.         0.         0.         0.
 0.         0.         0.        ]
New op index: 7	$R_Y$[2]
Current grad: 133.24200605512976
[ 3.14159265  1.57079633  3.14159265  3.14159265  1.57079633  3.14159265
  3.14159265  1.57079633  3.14159265  3.14159265 -3.14159265  3.14159265
  3.14159265  1.59581156  3.14159265  3.14159265  1.57079633  0.
  3.14159265  1.57079633  3.14159265  0.          1.57079633  0.
  3.14159265  3.14159265  3.14159265  3.14159265  3.14159265  3.14159265
  3.14159265  3.14159265  3.14159265  3.14159265  3.14159265  3.14159265
  3.14159265  3.14159265  3.14159265  3.14159265  3.14159265  0.
  0.          3.14159265  0.        ] 
 [0.00000000e+00 1.90989315e+01 0.00000000e+00 0.00000000e+00
 1.91907682e+01 0.00000000e+00 0.00000000e+00 1.95618553e+01
 0.00000000e+00 0.00000000e+00 0.00000000e+00 0.00000000e+00
 0.00000000e+00 1.80446863e+01 0.00000000e+00 0.00000000e+00
 1.85989315e+01 8.32667268e-17 0.00000000e+00 1.91907682e+01
 0.00000000e+00 1.40477199e-15 1.90989315e+01 8.32667268e-17
 0.00000000e+00 0.00000000e+00 0.00000000e+00 0.00000000e+00
 0.00000000e+00 0.00000000e+00 0.00000000e+00 0.00000000e+00
 0.00000000e+00 0.00000000e+00 0.00000000e+00 0.00000000e+00
 0.00000000e+00 0.00000000e+00 0.00000000e+00 0.00000000e+00
 0.00000000e+00 2.77555756e-17 8.32667268e-17 0.00000000e+00
 2.77555756e-17]
New op index: 16	$R_Y$[5]
Current grad: 1.4081632653061713
[ 3.14159265  1.57079633  3.14159265  3.14159265 -1.61729311  3.14159265
  3.14159265 -3.14159265  3.14159265  3.14159265 -3.14159265  3.14159265
  0.         -1.61729311  3.14159265  3.14159265 -1.57079633  3.14159265
  0.          1.57079633  3.14159265  3.14159265  1.57079633  3.14159265
  3.14159265  3.14159265  3.14159265  3.14159265  3.14159265  3.14159265
  3.14159265  3.14159265  3.14159265  3.14159265  3.14159265  3.14159265
  3.14159265  3.14159265  3.14159265  0.          0.          3.14159265
  3.14159265  3.14159265  3.14159265] 
 [0.00000000e+00 1.94165719e-01 0.00000000e+00 0.00000000e+00
 2.04271707e-01 0.00000000e+00 0.00000000e+00 0.00000000e+00
 0.00000000e+00 0.00000000e+00 0.00000000e+00 0.00000000e+00
 9.52921883e-32 2.04271707e-01 0.00000000e+00 0.00000000e+00
 3.05834281e-01 0.00000000e+00 4.11632180e-15 2.86002453e-01
 0.00000000e+00 0.00000000e+00 1.94165719e-01 0.00000000e+00
 0.00000000e+00 0.00000000e+00 0.00000000e+00 0.00000000e+00
 0.00000000e+00 0.00000000e+00 0.00000000e+00 0.00000000e+00
 0.00000000e+00 0.00000000e+00 0.00000000e+00 0.00000000e+00
 0.00000000e+00 0.00000000e+00 0.00000000e+00 1.34359644e-15
 1.38522980e-15 0.00000000e+00 0.00000000e+00 0.00000000e+00
 0.00000000e+00]
New op index: 22	$R_Y$[7]
Current grad: 49.68594136035702
[ 3.14159265  1.57079633  3.14159265  3.14159265  1.62077571  3.14159265
  3.14159265  3.14159265  0.          3.14159265 -3.14159265  3.14159265
  3.14159265  1.67255915  3.14159265  3.14159265  3.14159265  0.
  3.14159265  1.62180413  3.14159265  3.14159265  1.57079633  0.
  3.14159265  3.14159265  3.14159265  3.14159265  3.14159265  3.14159265
  3.14159265  3.14159265  3.14159265  3.14159265  3.14159265  3.14159265
  3.14159265  3.14159265  3.14159265  3.14159265  3.14159265  3.14159265
  3.14159265  3.14159265  3.14159265] 
 [0.00000000e+00 1.02020822e+01 0.00000000e+00 0.00000000e+00
 9.31626199e+00 0.00000000e+00 0.00000000e+00 0.00000000e+00
 5.47382213e-48 0.00000000e+00 0.00000000e+00 0.00000000e+00
 0.00000000e+00 8.75444806e+00 0.00000000e+00 0.00000000e+00
 0.00000000e+00 3.69778549e-32 0.00000000e+00 9.30667368e+00
 0.00000000e+00 0.00000000e+00 1.02020822e+01 3.69778549e-32
 0.00000000e+00 0.00000000e+00 0.00000000e+00 0.00000000e+00
 0.00000000e+00 0.00000000e+00 0.00000000e+00 0.00000000e+00
 0.00000000e+00 0.00000000e+00 0.00000000e+00 0.00000000e+00
 0.00000000e+00 0.00000000e+00 0.00000000e+00 0.00000000e+00
 0.00000000e+00 0.00000000e+00 0.00000000e+00 0.00000000e+00
 0.00000000e+00]
New op index: 13	$R_Y$[4]
Current grad: 1.3360591992574
[ 3.14159265  1.57079633  3.14159265  3.14159265 -1.61729311  3.14159265
  3.14159265  3.14159265  3.14159265  3.14159265  3.14159265  3.14159265
  0.         -2.1910736   3.14159265  3.14159265  3.14159265  3.14159265
  0.         -2.73718787  3.14159265  3.14159265 -3.14159265  0.
  3.14159265  3.14159265  3.14159265  3.14159265  3.14159265  3.14159265
  3.14159265  3.14159265  3.14159265  3.14159265  3.14159265  3.14159265
  3.14159265  3.14159265  3.14159265  3.14159265  3.14159265  3.14159265
  3.14159265  3.14159265  3.14159265] 
 [0.00000000e+00 1.94165719e-01 0.00000000e+00 0.00000000e+00
 2.04271707e-01 0.00000000e+00 0.00000000e+00 0.00000000e+00
 0.00000000e+00 0.00000000e+00 0.00000000e+00 0.00000000e+00
 3.93582113e-29 3.67372342e-01 0.00000000e+00 0.00000000e+00
 0.00000000e+00 0.00000000e+00 3.90980649e-29 4.38703429e-02
 0.00000000e+00 0.00000000e+00 0.00000000e+00 8.35409787e-62
 0.00000000e+00 0.00000000e+00 0.00000000e+00 0.00000000e+00
 0.00000000e+00 0.00000000e+00 0.00000000e+00 0.00000000e+00
 0.00000000e+00 0.00000000e+00 0.00000000e+00 0.00000000e+00
 0.00000000e+00 0.00000000e+00 0.00000000e+00 0.00000000e+00
 0.00000000e+00 0.00000000e+00 0.00000000e+00 0.00000000e+00
 0.00000000e+00]
New op index: 1	$R_Y$[0]
Current grad: 129.3745560397433
[ 3.14159265  1.57079633  3.14159265  3.14159265  1.58205563  3.14159265
  3.14159265 -3.14159265  3.14159265  3.14159265 -3.14157244  3.14159265
  3.14159265  3.14159265  3.14159265  3.14159265  3.14159265  3.14159265
  0.          1.58660109  3.14159265  3.14159265 -3.14159265  3.14159265
  3.14159265  3.14159265  3.14159265  3.14159265  3.14159265  3.14159265
  3.14159265  3.14159265  3.14159265  3.14159265  3.14159265  3.14159265
  3.14159265  3.14159265  3.14159265  3.14159265  3.14159265  3.14159265
  3.14159265  3.14159265  3.14159265] 
 [0.00000000e+00 4.33969122e+01 0.00000000e+00 0.00000000e+00
 4.25074302e+01 0.00000000e+00 0.00000000e+00 0.00000000e+00
 0.00000000e+00 0.00000000e+00 1.47360701e-09 0.00000000e+00
 0.00000000e+00 0.00000000e+00 0.00000000e+00 0.00000000e+00
 0.00000000e+00 0.00000000e+00 5.56060982e-28 4.23146351e+01
 0.00000000e+00 0.00000000e+00 0.00000000e+00 0.00000000e+00
 0.00000000e+00 0.00000000e+00 0.00000000e+00 0.00000000e+00
 0.00000000e+00 0.00000000e+00 0.00000000e+00 0.00000000e+00
 0.00000000e+00 0.00000000e+00 0.00000000e+00 0.00000000e+00
 0.00000000e+00 0.00000000e+00 0.00000000e+00 0.00000000e+00
 0.00000000e+00 0.00000000e+00 0.00000000e+00 0.00000000e+00
 0.00000000e+00]
New op index: 19	$R_Y$[6]
Current grad: 0.41808041392743184
[ 3.14159265 -3.14159265  3.14159265  3.14159265 -2.74907697  3.14159265
  3.14159265  3.14159265  3.14159265  3.14159265  3.14159265  3.14159265
  3.14159265  3.14159265  3.14159265  3.14159265 -3.14159265  3.14159265
  0.         -2.74907697  3.14159265  3.14159265 -3.14159265  0.
  3.14159265  3.14159265  3.14159265  3.14159265  3.14159265  3.14159265
  3.14159265  3.14159265  3.14159265  3.14159265  3.14159265  3.14159265
  3.14159265  3.14159265  3.14159265  3.14159265  3.14159265  3.14159265
  3.14159265  3.14159265  3.14159265] 
 [0.00000000e+00 0.00000000e+00 0.00000000e+00 0.00000000e+00
 4.15607558e-02 0.00000000e+00 0.00000000e+00 0.00000000e+00
 0.00000000e+00 0.00000000e+00 0.00000000e+00 0.00000000e+00
 0.00000000e+00 0.00000000e+00 0.00000000e+00 0.00000000e+00
 0.00000000e+00 0.00000000e+00 2.19181186e-28 4.15607558e-02
 0.00000000e+00 0.00000000e+00 0.00000000e+00 1.64214664e-47
 0.00000000e+00 0.00000000e+00 0.00000000e+00 0.00000000e+00
 0.00000000e+00 0.00000000e+00 0.00000000e+00 0.00000000e+00
 0.00000000e+00 0.00000000e+00 0.00000000e+00 0.00000000e+00
 0.00000000e+00 0.00000000e+00 0.00000000e+00 0.00000000e+00
 0.00000000e+00 0.00000000e+00 0.00000000e+00 0.00000000e+00
 0.00000000e+00]
New op index: 4	$R_Y$[1]
Current grad: 19.401037447646928
[ 3.14159265  3.14159265  3.14159265  3.14159265  1.59491234  3.14159265
  3.14159265  3.14159265  3.14159265  3.14159265 -3.14159174  3.14159265
  3.14159265  3.14159215  3.14159265  3.14159265 -3.14159265  3.14159265
  3.14159265  3.14159265  3.14159265  3.14159265 -3.14159265  3.14159265
  3.14159265  3.14159265  3.14159265  3.14159265  3.14159265  3.14159265
  3.14159265  3.14159265  3.14159265  3.14159265  3.14159265  3.14159265
  3.14159265  3.14159265  3.14159265  3.14159265  3.14159265  3.14159265
  3.14159265  3.14159265  3.14159265] 
 [0.00000000e+00 0.00000000e+00 0.00000000e+00 0.00000000e+00
 1.89386709e+01 0.00000000e+00 0.00000000e+00 0.00000000e+00
 0.00000000e+00 0.00000000e+00 1.29922739e-11 0.00000000e+00
 0.00000000e+00 3.98259203e-12 0.00000000e+00 0.00000000e+00
 0.00000000e+00 0.00000000e+00 0.00000000e+00 0.00000000e+00
 0.00000000e+00 0.00000000e+00 0.00000000e+00 0.00000000e+00
 0.00000000e+00 0.00000000e+00 0.00000000e+00 0.00000000e+00
 0.00000000e+00 0.00000000e+00 0.00000000e+00 0.00000000e+00
 0.00000000e+00 0.00000000e+00 0.00000000e+00 0.00000000e+00
 0.00000000e+00 0.00000000e+00 0.00000000e+00 0.00000000e+00
 0.00000000e+00 0.00000000e+00 0.00000000e+00 0.00000000e+00
 0.00000000e+00]
New op index: 8	$R_Z$[2]
Current grad: 3.940364240445902e-09
[ 3.14159265 -3.14159265  0.          3.14159265 -3.14159265  3.14159265
  3.14159265  3.14159265  0.          3.14159265  3.14159265  3.14159265
  3.14159265 -3.14159265  3.14159265  3.14159265  3.14159265  3.14159265
  3.14159265 -3.14159265  3.14159265  3.14159265  3.14159265  3.14159265
  3.14159265  3.14159265  3.14159265  3.14159265  3.14159265  3.14159265
  3.14159265  3.14159265  3.14159265  3.14159265  3.14159265  3.14159265
  3.14159265  3.14159265  3.14159265  3.14159265  3.14159265  3.14159265
  3.14159265  3.14159265  3.14159265] 
 [0.00000000e+00 0.00000000e+00 1.50626182e-29 0.00000000e+00
 0.00000000e+00 0.00000000e+00 0.00000000e+00 0.00000000e+00
 2.65921913e-29 0.00000000e+00 0.00000000e+00 0.00000000e+00
 0.00000000e+00 0.00000000e+00 0.00000000e+00 0.00000000e+00
 0.00000000e+00 0.00000000e+00 0.00000000e+00 0.00000000e+00
 0.00000000e+00 0.00000000e+00 0.00000000e+00 0.00000000e+00
 0.00000000e+00 0.00000000e+00 0.00000000e+00 0.00000000e+00
 0.00000000e+00 0.00000000e+00 0.00000000e+00 0.00000000e+00
 0.00000000e+00 0.00000000e+00 0.00000000e+00 0.00000000e+00
 0.00000000e+00 0.00000000e+00 0.00000000e+00 0.00000000e+00
 0.00000000e+00 0.00000000e+00 0.00000000e+00 0.00000000e+00
 0.00000000e+00]
Precision cutoff reached.
Calculating energies for FreeWilson2D(N_x=2, N_y=2, mass=-1.429, r=1.000)
h_im: 0.0
New op index: 10	$R_Y$[3]
Current grad: 1.9999999999999982
[ 3.14159265  1.57079633  3.14159265  3.14159265  1.57079633  3.14159265
  3.14159265 -1.57079633  3.14159265  3.14159265 -0.51914611  0.
  3.14159265 -0.51914611  0.          3.14159265 -1.57079633  3.14159265
  3.14159265  1.57079633  3.14159265  3.14159265  1.57079633  3.14159265
  3.14159265  3.14159265  3.14159265  3.14159265  3.14159265  3.14159265
  3.14159265  0.          0.          3.14159265  3.14159265  3.14159265
  3.14159265  0.          0.          3.14159265  3.14159265  3.14159265
  3.14159265  3.14159265  3.14159265] 
 [0.         0.28571429 0.         0.         0.21428571 0.
 0.         0.21428571 0.         0.         1.07587555 1.
 0.         1.07587555 1.         0.         0.21428571 0.
 0.         0.21428571 0.         0.         0.28571429 0.
 0.         0.         0.         0.         0.         0.
 0.         1.         1.         0.         0.         0.
 0.         1.         1.         0.         0.         0.
 0.         0.         0.        ]
New op index: 7	$R_Y$[2]
Current grad: 174.62039481239415
[3.14159265 1.57079633 3.14159265 3.14159265 1.57079633 3.14159265
 3.14159265 1.57079633 3.14159265 3.14159265 3.14159265 3.14159265
 0.         1.58867926 3.14159265 0.         1.57079633 0.
 0.         1.57079633 3.14159265 0.         1.57079633 0.
 3.14159265 3.14159265 3.14159265 3.14159265 3.14159265 3.14159265
 3.14159265 3.14159265 3.14159265 3.14159265 3.14159265 3.14159265
 0.         3.14159265 3.14159265 0.         0.         0.
 0.         0.         0.        ] 
 [0.00000000e+00 2.50926612e+01 0.00000000e+00 0.00000000e+00
 2.50212326e+01 0.00000000e+00 0.00000000e+00 2.55267828e+01
 0.00000000e+00 0.00000000e+00 0.00000000e+00 0.00000000e+00
 2.07175547e-15 2.38429234e+01 0.00000000e+00 7.64269600e-15
 2.45926612e+01 2.77555756e-17 3.47935966e-15 2.50212326e+01
 0.00000000e+00 6.95871932e-16 2.50926612e+01 2.77555756e-17
 0.00000000e+00 0.00000000e+00 0.00000000e+00 0.00000000e+00
 0.00000000e+00 0.00000000e+00 0.00000000e+00 0.00000000e+00
 0.00000000e+00 0.00000000e+00 0.00000000e+00 0.00000000e+00
 8.35442826e-15 0.00000000e+00 0.00000000e+00 9.73427688e-15
 9.70652130e-15 2.77555756e-17 2.75969723e-15 2.78745281e-15
 2.77555756e-17]
New op index: 4	$R_Y$[1]
Current grad: 1.5714285714286822
[ 3.14159265  1.57079633  3.14159265  3.14159265 -1.60441452  3.14159265
  3.14159265 -3.14159265  3.14159265  3.14159265 -3.14159265  3.14159265
  0.         -1.60441452  3.14159265  3.14159265 -1.57079633  3.14159265
  3.14159265  1.57079633  3.14159265  3.14159265  1.57079633  0.
  3.14159265  3.14159265  3.14159265  3.14159265  3.14159265  3.14159265
  3.14159265  3.14159265  3.14159265  3.14159265  3.14159265  3.14159265
  3.14159265  3.14159265  3.14159265  3.14159265  3.14159265  3.14159265
  3.14159265  3.14159265  3.14159265] 
 [0.00000000e+00 2.75830531e-01 0.00000000e+00 0.00000000e+00
 2.85823943e-01 0.00000000e+00 0.00000000e+00 0.00000000e+00
 0.00000000e+00 0.00000000e+00 0.00000000e+00 0.00000000e+00
 1.87116488e-30 2.85823943e-01 0.00000000e+00 0.00000000e+00
 2.24169469e-01 0.00000000e+00 0.00000000e+00 2.04401959e-01
 0.00000000e+00 0.00000000e+00 2.75830531e-01 1.23259516e-32
 0.00000000e+00 0.00000000e+00 0.00000000e+00 0.00000000e+00
 0.00000000e+00 0.00000000e+00 0.00000000e+00 0.00000000e+00
 0.00000000e+00 0.00000000e+00 0.00000000e+00 0.00000000e+00
 0.00000000e+00 0.00000000e+00 0.00000000e+00 0.00000000e+00
 0.00000000e+00 0.00000000e+00 0.00000000e+00 0.00000000e+00
 0.00000000e+00]
New op index: 22	$R_Y$[7]
Current grad: 124.70994141786483
[ 3.14159265  1.57092841  3.14159265  3.14159265  3.14159265  3.14159265
  3.14159265  3.14159265  3.14159265  3.14159265 -3.1415925   3.14159265
  0.          1.5884219   3.14159265  0.          1.57079633  0.
  3.14159265  1.57079633  3.14159265  3.14159265  1.57079633  0.
  3.14159265  3.14159265  3.14159265  3.14159265  3.14159265  3.14159265
  3.14159265  3.14159265  3.14159265  3.14159265  3.14159265  3.14159265
  0.          3.14159265  3.14159265  0.          0.          3.14159265
  3.14159265  3.14159265  3.14159265] 
 [0.00000000e+00 2.51669044e+01 0.00000000e+00 0.00000000e+00
 0.00000000e+00 0.00000000e+00 0.00000000e+00 0.00000000e+00
 0.00000000e+00 0.00000000e+00 6.66133815e-15 0.00000000e+00
 3.14885828e-15 2.41706350e+01 0.00000000e+00 5.18952086e-15
 2.46702287e+01 4.47347746e-17 0.00000000e+00 2.50988001e+01
 0.00000000e+00 0.00000000e+00 2.51702287e+01 3.78740194e-17
 0.00000000e+00 0.00000000e+00 0.00000000e+00 0.00000000e+00
 0.00000000e+00 0.00000000e+00 0.00000000e+00 0.00000000e+00
 0.00000000e+00 0.00000000e+00 0.00000000e+00 0.00000000e+00
 6.15476550e-15 0.00000000e+00 0.00000000e+00 5.50233787e-15
 5.47435615e-15 0.00000000e+00 0.00000000e+00 0.00000000e+00
 0.00000000e+00]
New op index: 19	$R_Y$[6]
Current grad: 1.066458693822567
[ 3.14159265  1.58819518  3.14159265  3.14159265 -3.14159265  3.14159265
  3.14159265 -3.14159265  3.14159265  3.14159265  3.14159265  3.14159265
  0.         -1.58850487  3.14159265  3.14159265 -1.57079633  0.
  3.14159265 -1.57079633  0.          3.14159265 -3.14159265  0.
  3.14159265  3.14159265  3.14159265  3.14159265  3.14159265  3.14159265
  3.14159265  3.14159265  3.14159265  3.14159265  3.14159265  3.14159265
  3.14159265  3.14159265  3.14159265  3.14159265  3.14159265  0.
  3.14159265  3.14159265  0.        ] 
 [0.00000000e+00 2.80785214e-01 0.00000000e+00 0.00000000e+00
 0.00000000e+00 0.00000000e+00 0.00000000e+00 0.00000000e+00
 0.00000000e+00 0.00000000e+00 0.00000000e+00 0.00000000e+00
 7.76027709e-15 2.75815619e-01 0.00000000e+00 0.00000000e+00
 2.14286447e-01 4.33680869e-19 0.00000000e+00 2.85715019e-01
 3.40702685e-17 0.00000000e+00 0.00000000e+00 1.04754884e-32
 0.00000000e+00 0.00000000e+00 0.00000000e+00 0.00000000e+00
 0.00000000e+00 0.00000000e+00 0.00000000e+00 0.00000000e+00
 0.00000000e+00 0.00000000e+00 0.00000000e+00 0.00000000e+00
 0.00000000e+00 0.00000000e+00 0.00000000e+00 0.00000000e+00
 0.00000000e+00 3.45039494e-17 0.00000000e+00 0.00000000e+00
 3.40702685e-17]
New op index: 1	$R_Y$[0]
Current grad: 74.72669560340537
[ 3.14159265  1.57092891  3.14159265  3.14159265 -3.14159265  3.14159265
  3.14159265 -3.14159265  3.14159265  3.14159265  3.14159106  3.14159265
  0.          1.58849013  3.14159265  0.          1.57092896  3.14159265
  3.14159265 -3.14159265  3.14159265  3.14159265  3.14159265  3.14159265
  3.14159265  3.14159265  3.14159265  3.14159265  3.14159265  3.14159265
  3.14159265  3.14159265  3.14159265  3.14159265  3.14159265  3.14159265
  0.          3.14159265  3.14159265  3.14159265  3.14159265  3.14159265
  3.14159265  3.14159265  3.14159265] 
 [0.00000000e+00 2.50954964e+01 0.00000000e+00 0.00000000e+00
 0.00000000e+00 0.00000000e+00 0.00000000e+00 0.00000000e+00
 0.00000000e+00 0.00000000e+00 7.44959650e-13 0.00000000e+00
 4.36315788e-15 2.40988298e+01 0.00000000e+00 7.14869353e-15
 2.50954951e+01 0.00000000e+00 0.00000000e+00 0.00000000e+00
 0.00000000e+00 0.00000000e+00 0.00000000e+00 0.00000000e+00
 0.00000000e+00 0.00000000e+00 0.00000000e+00 0.00000000e+00
 0.00000000e+00 0.00000000e+00 0.00000000e+00 0.00000000e+00
 0.00000000e+00 0.00000000e+00 0.00000000e+00 0.00000000e+00
 9.49630967e-15 0.00000000e+00 0.00000000e+00 0.00000000e+00
 0.00000000e+00 0.00000000e+00 0.00000000e+00 0.00000000e+00
 0.00000000e+00]
New op index: 13	$R_Y$[4]
Current grad: 0.5714285715111975
[ 3.14159265  3.14159265  3.14159265  3.14159265 -3.14159265  3.14159265
  3.14159265 -3.14159265  3.14159265  3.14159265  3.14159265  3.14159265
  0.         -1.58819681  3.14159265  0.          1.58819518  3.14159265
  3.14159265  3.14159265  0.          3.14159265 -3.14159265  3.14159265
  3.14159265  3.14159265  3.14159265  3.14159265  3.14159265  3.14159265
  3.14159265  3.14159265  3.14159265  3.14159265  3.14159265  3.14159265
  0.          3.14159265  3.14159265  3.14159265  3.14159265  3.14159265
  3.14159265  3.14159265  3.14159265] 
 [0.00000000e+00 0.00000000e+00 0.00000000e+00 0.00000000e+00
 0.00000000e+00 0.00000000e+00 0.00000000e+00 0.00000000e+00
 0.00000000e+00 0.00000000e+00 0.00000000e+00 0.00000000e+00
 8.84725177e-31 2.80786197e-01 0.00000000e+00 8.31098128e-15
 2.80785214e-01 0.00000000e+00 0.00000000e+00 0.00000000e+00
 4.01453941e-49 0.00000000e+00 0.00000000e+00 0.00000000e+00
 0.00000000e+00 0.00000000e+00 0.00000000e+00 0.00000000e+00
 0.00000000e+00 0.00000000e+00 0.00000000e+00 0.00000000e+00
 0.00000000e+00 0.00000000e+00 0.00000000e+00 0.00000000e+00
 8.31098128e-15 0.00000000e+00 0.00000000e+00 0.00000000e+00
 0.00000000e+00 0.00000000e+00 0.00000000e+00 0.00000000e+00
 0.00000000e+00]
New op index: 16	$R_Y$[5]
Current grad: 49.569263843360865
[ 3.14159265  3.14159265  3.14159265  3.14159265 -3.14159063  3.14159265
  3.14159265  3.14159265  3.14159265  3.14159265 -3.14159256  3.14159265
  3.14159265 -3.14159265  3.14159265  0.          1.57089648  3.14159265
  3.14159265 -3.14159265  0.          3.14159265  3.14159265  3.14159265
  3.14159265  3.14159265  3.14159265  3.14159265  3.14159265  3.14159265
  3.14159265  3.14159265  3.14159265  3.14159265  3.14159265  3.14159265
  3.14159265  3.14159265  3.14159265  3.14159265  3.14159265  3.14159265
  3.14159265  3.14159265  3.14159265] 
 [0.00000000e+00 0.00000000e+00 0.00000000e+00 0.00000000e+00
 1.76425541e-12 0.00000000e+00 0.00000000e+00 0.00000000e+00
 0.00000000e+00 0.00000000e+00 2.33146835e-15 0.00000000e+00
 0.00000000e+00 0.00000000e+00 0.00000000e+00 1.39389138e-14
 4.95642973e+01 0.00000000e+00 0.00000000e+00 0.00000000e+00
 8.41697187e-32 0.00000000e+00 0.00000000e+00 0.00000000e+00
 0.00000000e+00 0.00000000e+00 0.00000000e+00 0.00000000e+00
 0.00000000e+00 0.00000000e+00 0.00000000e+00 0.00000000e+00
 0.00000000e+00 0.00000000e+00 0.00000000e+00 0.00000000e+00
 0.00000000e+00 0.00000000e+00 0.00000000e+00 0.00000000e+00
 0.00000000e+00 0.00000000e+00 0.00000000e+00 0.00000000e+00
 0.00000000e+00]
New op index: 10	$R_Y$[3]
Current grad: 3.88730818072143e-06
[ 3.14159265  3.14159265  3.14159265  3.14159265 -3.14159265  3.14159265
  3.14159265  3.14159265  3.14159265  3.14159265  3.14159258  3.14159265
  3.14159265 -3.14159265  3.14159265  3.14159265  3.14159265  3.14159265
  3.14159265  3.14159265  3.14159265  3.14159265 -3.14159265  3.14159265
  3.14159265  3.14159265  3.14159265  3.14159265  3.14159265  3.14159265
  3.14159265  3.14159265  3.14159265  3.14159265  3.14159265  3.14159265
  3.14159265  3.14159265  3.14159265  3.14159265  3.14159265  3.14159265
  3.14159265  3.14159265  3.14159265] 
 [0.00000000e+00 0.00000000e+00 0.00000000e+00 0.00000000e+00
 0.00000000e+00 0.00000000e+00 0.00000000e+00 0.00000000e+00
 0.00000000e+00 0.00000000e+00 1.42108547e-13 0.00000000e+00
 0.00000000e+00 0.00000000e+00 0.00000000e+00 0.00000000e+00
 0.00000000e+00 0.00000000e+00 0.00000000e+00 0.00000000e+00
 0.00000000e+00 0.00000000e+00 0.00000000e+00 0.00000000e+00
 0.00000000e+00 0.00000000e+00 0.00000000e+00 0.00000000e+00
 0.00000000e+00 0.00000000e+00 0.00000000e+00 0.00000000e+00
 0.00000000e+00 0.00000000e+00 0.00000000e+00 0.00000000e+00
 0.00000000e+00 0.00000000e+00 0.00000000e+00 0.00000000e+00
 0.00000000e+00 0.00000000e+00 0.00000000e+00 0.00000000e+00
 0.00000000e+00]
Precision cutoff reached.
Calculating energies for FreeWilson2D(N_x=2, N_y=2, mass=-1.265, r=1.000)
h_im: 0.0
New op index: 10	$R_Y$[3]
Current grad: 1.9999999999999982
[ 3.14159265  1.57079633  3.14159265  3.14159265  1.57079633  3.14159265
  3.14159265 -1.57079633  3.14159265  3.14159265 -0.63363301  0.
  3.14159265 -0.63363301  0.          3.14159265 -1.57079633  3.14159265
  3.14159265  1.57079633  3.14159265  3.14159265  1.57079633  3.14159265
  3.14159265  3.14159265  3.14159265  3.14159265  3.14159265  3.14159265
  3.14159265  0.          0.          3.14159265  3.14159265  3.14159265
  3.14159265  0.          0.          3.14159265  3.14159265  3.14159265
  3.14159265  3.14159265  3.14159265] 
 [0.         0.36734694 0.         0.         0.13265306 0.
 0.         0.13265306 0.         0.         1.12043837 1.
 0.         1.12043837 1.         0.         0.13265306 0.
 0.         0.13265306 0.         0.         0.36734694 0.
 0.         0.         0.         0.         0.         0.
 0.         1.         1.         0.         0.         0.
 0.         1.         1.         0.         0.         0.
 0.         0.         0.        ]
New op index: 7	$R_Y$[2]
Current grad: 208.20100151440792
[3.14159265 1.57079633 3.14159265 3.14159265 1.57079633 3.14159265
 3.14159265 1.57079633 3.14159265 3.14159265 3.14159265 3.14159265
 3.14159265 1.58471854 3.14159265 3.14159265 1.57079633 3.14159265
 3.14159265 1.57079633 3.14159265 3.14159265 1.57079633 3.14159265
 3.14159265 3.14159265 3.14159265 3.14159265 3.14159265 3.14159265
 3.14159265 3.14159265 3.14159265 3.14159265 3.14159265 3.14159265
 3.14159265 3.14159265 3.14159265 0.         0.         3.14159265
 0.         0.         3.14159265] 
 [0.00000000e+00 2.99711686e+01 0.00000000e+00 0.00000000e+00
 2.97364748e+01 0.00000000e+00 0.00000000e+00 3.03741095e+01
 0.00000000e+00 0.00000000e+00 0.00000000e+00 0.00000000e+00
 0.00000000e+00 2.85403006e+01 0.00000000e+00 0.00000000e+00
 2.94711686e+01 0.00000000e+00 0.00000000e+00 2.97364748e+01
 0.00000000e+00 0.00000000e+00 2.99711686e+01 0.00000000e+00
 0.00000000e+00 0.00000000e+00 0.00000000e+00 0.00000000e+00
 0.00000000e+00 0.00000000e+00 0.00000000e+00 0.00000000e+00
 0.00000000e+00 0.00000000e+00 0.00000000e+00 0.00000000e+00
 0.00000000e+00 0.00000000e+00 0.00000000e+00 1.38777878e-15
 1.34614542e-15 0.00000000e+00 1.38126472e-15 1.31187578e-15
 0.00000000e+00]
New op index: 4	$R_Y$[1]
Current grad: 1.7346938775511491
[ 3.14159265  1.57079633  3.14159265  3.14159265 -1.59710294  3.14159265
  3.14159265  3.14159265  3.14159265  3.14159265  3.14159265  3.14159265
  0.         -1.59710294  3.14159265  0.         -1.57079633  0.
  3.14159265  1.57079633  3.14159265  3.14159265  1.57079633  0.
  3.14159265  3.14159265  3.14159265  3.14159265  3.14159265  3.14159265
  3.14159265  3.14159265  3.14159265  3.14159265  3.14159265  3.14159265
  0.          3.14159265  3.14159265  3.14159265  3.14159265  0.
  3.14159265  3.14159265  0.        ] 
 [0.00000000e+00 3.57495186e-01 0.00000000e+00 0.00000000e+00
 3.67404136e-01 0.00000000e+00 0.00000000e+00 0.00000000e+00
 0.00000000e+00 0.00000000e+00 0.00000000e+00 0.00000000e+00
 1.63979159e-29 3.67404136e-01 0.00000000e+00 1.64468306e-29
 1.42504814e-01 1.31381594e-31 0.00000000e+00 1.22801309e-01
 0.00000000e+00 0.00000000e+00 3.57495186e-01 1.31381594e-31
 0.00000000e+00 0.00000000e+00 0.00000000e+00 0.00000000e+00
 0.00000000e+00 0.00000000e+00 0.00000000e+00 0.00000000e+00
 0.00000000e+00 0.00000000e+00 0.00000000e+00 0.00000000e+00
 2.62756668e-29 0.00000000e+00 0.00000000e+00 0.00000000e+00
 0.00000000e+00 6.56907972e-32 0.00000000e+00 0.00000000e+00
 6.56907972e-32]
New op index: 22	$R_Y$[7]
Current grad: 148.68790659717934
[ 3.14159265  1.57090029  3.14159265  3.14159265 -3.14159265  3.14159265
  3.14159265  3.14159265  3.14159265  3.14159265 -3.14158974  3.14159265
  0.          1.58453135  3.14159265  3.14159265  1.57079633  0.
  0.          1.57079633  3.14159265  0.          1.57079633  0.
  3.14159265  3.14159265  3.14159265  3.14159265  3.14159265  3.14159265
  3.14159265  3.14159265  3.14159265  3.14159265  3.14159265  3.14159265
  0.          3.14159265  3.14159265  0.          0.          0.
  0.          0.          0.        ] 
 [0.00000000e+00 3.00279657e+01 0.00000000e+00 0.00000000e+00
 0.00000000e+00 0.00000000e+00 0.00000000e+00 0.00000000e+00
 0.00000000e+00 0.00000000e+00 2.69562150e-12 0.00000000e+00
 4.96455504e-16 2.88985735e+01 0.00000000e+00 0.00000000e+00
 2.95310878e+01 5.96501777e-17 5.37077344e-15 2.97963940e+01
 0.00000000e+00 2.60294510e-15 3.00310878e+01 5.85128242e-17
 0.00000000e+00 0.00000000e+00 0.00000000e+00 0.00000000e+00
 0.00000000e+00 0.00000000e+00 0.00000000e+00 0.00000000e+00
 0.00000000e+00 0.00000000e+00 0.00000000e+00 0.00000000e+00
 1.18887639e-16 0.00000000e+00 0.00000000e+00 4.98950013e-15
 4.93442271e-15 5.59447792e-17 7.78474592e-15 7.72993839e-15
 5.48074257e-17]
New op index: 19	$R_Y$[6]
Current grad: 1.22973204735376
[ 3.14159265  1.58430737  3.14159265  3.14159265  3.14159265  3.14159265
  3.14159265  3.14159265  3.14159265  3.14159265  3.14159265  3.14159265
  0.         -1.58449369  3.14159265  0.         -1.57079633  3.14159265
  0.         -1.57079633  0.          3.14159265 -3.14159265  0.
  3.14159265  3.14159265  3.14159265  3.14159265  3.14159265  3.14159265
  3.14159265  3.14159265  3.14159265  3.14159265  3.14159265  3.14159265
  0.          3.14159265  3.14159265  0.          0.          0.
  3.14159265  3.14159265  0.        ] 
 [0.00000000e+00 3.62416211e-01 0.00000000e+00 0.00000000e+00
 0.00000000e+00 0.00000000e+00 0.00000000e+00 0.00000000e+00
 0.00000000e+00 0.00000000e+00 0.00000000e+00 0.00000000e+00
 4.70741499e-16 3.57454357e-01 0.00000000e+00 8.83337170e-15
 1.32653789e-01 0.00000000e+00 1.16345258e-14 3.67347667e-01
 5.89800837e-17 0.00000000e+00 0.00000000e+00 1.58385168e-31
 0.00000000e+00 0.00000000e+00 0.00000000e+00 0.00000000e+00
 0.00000000e+00 0.00000000e+00 0.00000000e+00 0.00000000e+00
 0.00000000e+00 0.00000000e+00 0.00000000e+00 0.00000000e+00
 9.47411713e-15 0.00000000e+00 0.00000000e+00 1.50867853e-14
 1.50308410e-14 5.85464028e-17 0.00000000e+00 0.00000000e+00
 5.89800837e-17]
New op index: 1	$R_Y$[0]
Current grad: 89.20990973729141
[ 3.14159265  1.57090053  3.14159265  3.14159265 -3.14159265  3.14159265
  3.14159265 -3.14159265  3.14159265  3.14159265  3.14159113  3.14159265
  3.14159265  1.58456779  3.14159265  3.14159265  1.57090058  3.14159265
  3.14159265  3.14159265  3.14159265  3.14159265  3.14159265  3.14159265
  3.14159265  3.14159265  3.14159265  3.14159265  3.14159265  3.14159265
  3.14159265  3.14159265  3.14159265  3.14159265  3.14159265  3.14159265
  3.14159265  3.14159265  3.14159265  3.14159265  3.14159265  3.14159265
  3.14159265  3.14159265  3.14159265] 
 [0.00000000e+00 2.99777931e+01 0.00000000e+00 0.00000000e+00
 0.00000000e+00 0.00000000e+00 0.00000000e+00 0.00000000e+00
 0.00000000e+00 0.00000000e+00 7.37743200e-13 0.00000000e+00
 0.00000000e+00 2.88480338e+01 0.00000000e+00 0.00000000e+00
 2.99777916e+01 0.00000000e+00 0.00000000e+00 0.00000000e+00
 0.00000000e+00 0.00000000e+00 0.00000000e+00 0.00000000e+00
 0.00000000e+00 0.00000000e+00 0.00000000e+00 0.00000000e+00
 0.00000000e+00 0.00000000e+00 0.00000000e+00 0.00000000e+00
 0.00000000e+00 0.00000000e+00 0.00000000e+00 0.00000000e+00
 0.00000000e+00 0.00000000e+00 0.00000000e+00 0.00000000e+00
 0.00000000e+00 0.00000000e+00 0.00000000e+00 0.00000000e+00
 0.00000000e+00]
New op index: 13	$R_Y$[4]
Current grad: 0.7346938776442288
[ 3.14159265 -3.14159265  0.          3.14159265  3.14159265  3.14159265
  3.14159265 -3.14159265  0.          3.14159265  3.14159265  3.14159265
  3.14159265 -1.58430864  3.14159265  0.          1.58430737  3.14159265
  3.14159265  3.14159265  3.14159265  3.14159265  3.14159265  3.14159265
  3.14159265  3.14159265  3.14159265  3.14159265  3.14159265  3.14159265
  3.14159265  3.14159265  3.14159265  3.14159265  3.14159265  3.14159265
  0.          3.14159265  3.14159265  3.14159265  3.14159265  3.14159265
  3.14159265  3.14159265  3.14159265] 
 [0.00000000e+00 0.00000000e+00 2.98562264e-29 0.00000000e+00
 0.00000000e+00 0.00000000e+00 0.00000000e+00 0.00000000e+00
 2.90673655e-29 0.00000000e+00 0.00000000e+00 0.00000000e+00
 0.00000000e+00 3.62417185e-01 0.00000000e+00 5.53028959e-15
 3.62416211e-01 0.00000000e+00 0.00000000e+00 0.00000000e+00
 0.00000000e+00 0.00000000e+00 0.00000000e+00 0.00000000e+00
 0.00000000e+00 0.00000000e+00 0.00000000e+00 0.00000000e+00
 0.00000000e+00 0.00000000e+00 0.00000000e+00 0.00000000e+00
 0.00000000e+00 0.00000000e+00 0.00000000e+00 0.00000000e+00
 5.53028959e-15 0.00000000e+00 0.00000000e+00 0.00000000e+00
 0.00000000e+00 0.00000000e+00 0.00000000e+00 0.00000000e+00
 0.00000000e+00]
New op index: 16	$R_Y$[5]
Current grad: 49.804124585387896
[ 3.14159265  3.14159265  3.14159265  3.14159265 -3.14159031  3.14159265
  3.14159265  3.14159264  3.14159265  3.14159265  3.14158526  3.14159265
  3.14159265 -3.14159265  3.14159265  0.          1.57089603  3.14159265
  3.14159265 -3.14159265  0.          3.14159265  3.14159265  3.14159265
  3.14159265  3.14159265  3.14159265  3.14159265  3.14159265  3.14159265
  3.14159265  3.14159265  3.14159265  3.14159265  3.14159265  3.14159265
  3.14159265  3.14159265  3.14159265  3.14159265  3.14159265  3.14159265
  3.14159265  3.14159265  3.14159265] 
 [0.00000000e+00 0.00000000e+00 0.00000000e+00 0.00000000e+00
 2.22977192e-12 0.00000000e+00 0.00000000e+00 1.42108547e-14
 0.00000000e+00 0.00000000e+00 1.68055569e-11 0.00000000e+00
 0.00000000e+00 0.00000000e+00 0.00000000e+00 1.39580339e-14
 4.97991515e+01 0.00000000e+00 0.00000000e+00 0.00000000e+00
 5.79411186e-32 0.00000000e+00 0.00000000e+00 0.00000000e+00
 0.00000000e+00 0.00000000e+00 0.00000000e+00 0.00000000e+00
 0.00000000e+00 0.00000000e+00 0.00000000e+00 0.00000000e+00
 0.00000000e+00 0.00000000e+00 0.00000000e+00 0.00000000e+00
 0.00000000e+00 0.00000000e+00 0.00000000e+00 0.00000000e+00
 0.00000000e+00 0.00000000e+00 0.00000000e+00 0.00000000e+00
 0.00000000e+00]
New op index: 10	$R_Y$[3]
Current grad: 3.559645198415312e-06
[ 3.14159265  3.14159265  3.14159265  3.14159265 -3.14159265  3.14159265
  3.14159265  3.14159265  3.14159265  3.14159265  3.14159259  3.14159265
  3.14159265 -3.14159265  3.14159265  3.14159265  3.14159265  3.14159265
  3.14159265  3.14159265  3.14159265  3.14159265 -3.14159265  3.14159265
  3.14159265  3.14159265  3.14159265  3.14159265  3.14159265  3.14159265
  3.14159265  3.14159265  3.14159265  3.14159265  3.14159265  3.14159265
  3.14159265  3.14159265  3.14159265  3.14159265  3.14159265  3.14159265
  3.14159265  3.14159265  3.14159265] 
 [0.00000000e+00 0.00000000e+00 0.00000000e+00 0.00000000e+00
 0.00000000e+00 0.00000000e+00 0.00000000e+00 0.00000000e+00
 0.00000000e+00 0.00000000e+00 1.20792265e-13 0.00000000e+00
 0.00000000e+00 0.00000000e+00 0.00000000e+00 0.00000000e+00
 0.00000000e+00 0.00000000e+00 0.00000000e+00 0.00000000e+00
 0.00000000e+00 0.00000000e+00 0.00000000e+00 0.00000000e+00
 0.00000000e+00 0.00000000e+00 0.00000000e+00 0.00000000e+00
 0.00000000e+00 0.00000000e+00 0.00000000e+00 0.00000000e+00
 0.00000000e+00 0.00000000e+00 0.00000000e+00 0.00000000e+00
 0.00000000e+00 0.00000000e+00 0.00000000e+00 0.00000000e+00
 0.00000000e+00 0.00000000e+00 0.00000000e+00 0.00000000e+00
 0.00000000e+00]
Precision cutoff reached.
Calculating energies for FreeWilson2D(N_x=2, N_y=2, mass=-1.102, r=1.000)
h_im: 0.0
New op index: 10	$R_Y$[3]
Current grad: 1.9999999999999982
[ 3.14159265  1.57079633  3.14159265  3.14159265  1.57079633  3.14159265
  3.14159265 -1.57079633  3.14159265  3.14159265 -0.73168643  0.
  3.14159265 -0.73168643  0.          3.14159265 -1.57079633  3.14159265
  3.14159265  1.57079633  3.14159265  3.14159265  1.57079633  3.14159265
  3.14159265  3.14159265  3.14159265  3.14159265  3.14159265  3.14159265
  3.14159265  0.          0.          3.14159265  3.14159265  3.14159265
  3.14159265  0.          0.          3.14159265  3.14159265  3.14159265
  3.14159265  3.14159265  3.14159265] 
 [0.         0.44897959 0.         0.         0.05102041 0.
 0.         0.05102041 0.         0.         1.17199901 1.
 0.         1.17199901 1.         0.         0.05102041 0.
 0.         0.05102041 0.         0.         0.44897959 0.
 0.         0.         0.         0.         0.         0.
 0.         1.         1.         0.         0.         0.
 0.         1.         1.         0.         0.         0.
 0.         0.         0.        ]
New op index: 7	$R_Y$[2]
Current grad: 234.83082202712544
[ 3.14159265  1.57079633  3.14159265  3.14159265  1.57079633  3.14159265
  3.14159265  1.57079633  0.          3.14159265 -3.14159265  3.14159265
  3.14159265  1.5821995   3.14159265  3.14159265  1.57079633  0.
  3.14159265  1.57079633  3.14159265  3.14159265  1.57079633  0.
  3.14159265  3.14159265  3.14159265  3.14159265  0.          0.
  3.14159265  3.14159265  3.14159265  3.14159265  3.14159265  3.14159265
  3.14159265  3.14159265  3.14159265  3.14159265  3.14159265  0.
  3.14159265  3.14159265  0.        ] 
 [0.00000000e+00 3.38552483e+01 0.00000000e+00 0.00000000e+00
 3.34572891e+01 0.00000000e+00 0.00000000e+00 3.42272726e+01
 1.38777878e-17 0.00000000e+00 0.00000000e+00 0.00000000e+00
 0.00000000e+00 3.22533232e+01 0.00000000e+00 0.00000000e+00
 3.33552483e+01 6.93889390e-17 0.00000000e+00 3.34572891e+01
 0.00000000e+00 0.00000000e+00 3.38552483e+01 5.55111512e-17
 0.00000000e+00 0.00000000e+00 0.00000000e+00 0.00000000e+00
 1.38777878e-17 1.38777878e-17 0.00000000e+00 0.00000000e+00
 0.00000000e+00 0.00000000e+00 0.00000000e+00 0.00000000e+00
 0.00000000e+00 0.00000000e+00 0.00000000e+00 0.00000000e+00
 0.00000000e+00 6.93889390e-17 0.00000000e+00 0.00000000e+00
 5.55111512e-17]
New op index: 4	$R_Y$[1]
Current grad: 1.8979591836736278
[ 3.14159265  1.57079633  3.14159265  3.14159265 -1.59239076  3.14159265
  3.14159265  3.14159265  3.14159265  3.14159265 -3.14159265  3.14159265
  0.         -1.59239076  3.14159265  0.         -1.57079633  0.
  0.          1.57079633  0.          0.          1.57079633  0.
  3.14159265  3.14159265  3.14159265  3.14159265  3.14159265  3.14159265
  3.14159265  3.14159265  3.14159265  3.14159265  3.14159265  3.14159265
  0.          3.14159265  3.14159265  0.          0.          0.
  0.          0.          0.        ] 
 [0.00000000e+00 4.39159687e-01 0.00000000e+00 0.00000000e+00
 4.48997434e-01 0.00000000e+00 0.00000000e+00 0.00000000e+00
 0.00000000e+00 0.00000000e+00 0.00000000e+00 0.00000000e+00
 1.63925597e-29 4.48997434e-01 0.00000000e+00 4.20638581e-15
 6.08403130e-02 1.32503980e-31 1.24616870e-17 4.12005033e-02
 2.77555756e-17 8.31704320e-15 4.39159687e-01 1.32503980e-31
 0.00000000e+00 0.00000000e+00 0.00000000e+00 0.00000000e+00
 0.00000000e+00 0.00000000e+00 0.00000000e+00 0.00000000e+00
 0.00000000e+00 0.00000000e+00 0.00000000e+00 0.00000000e+00
 4.20638581e-15 0.00000000e+00 0.00000000e+00 1.38777878e-15
 1.41553436e-15 2.77555756e-17 5.49843617e-15 5.58170290e-15
 2.77555756e-17]
New op index: 22	$R_Y$[7]
Current grad: 167.67756048972836
[ 3.14159265  1.57088419  3.14159265  3.14159265  3.14159265  3.14159265
  3.14159265  3.14159265  3.14159265  3.14159265 -3.14159234  3.14159265
  0.          1.58205623  3.14159265  0.          1.57079633  0.
  0.          1.57079633  0.          0.          1.57079633  0.
  3.14159265  3.14159265  3.14159265  3.14159265  3.14159265  3.14159265
  3.14159265  3.14159265  3.14159265  3.14159265  3.14159265  3.14159265
  0.          3.14159265  3.14159265  0.          0.          0.
  0.          0.          0.        ] 
 [0.00000000e+00 3.38913190e+01 0.00000000e+00 0.00000000e+00
 0.00000000e+00 0.00000000e+00 0.00000000e+00 0.00000000e+00
 0.00000000e+00 0.00000000e+00 3.44169138e-14 0.00000000e+00
 1.93491986e-15 3.26288493e+01 0.00000000e+00 4.71893944e-15
 3.33942971e+01 8.16878574e-18 5.54803261e-16 3.34963379e+01
 4.67842502e-17 8.82482061e-15 3.38942971e+01 1.92733877e-17
 0.00000000e+00 0.00000000e+00 0.00000000e+00 0.00000000e+00
 0.00000000e+00 0.00000000e+00 0.00000000e+00 0.00000000e+00
 0.00000000e+00 0.00000000e+00 0.00000000e+00 0.00000000e+00
 6.21124546e-15 0.00000000e+00 0.00000000e+00 4.82227753e-15
 4.76645713e-15 5.49530359e-17 8.94089807e-15 8.98561387e-15
 6.60576379e-17]
New op index: 19	$R_Y$[6]
Current grad: 1.3930053748867395
[ 3.14159265  1.58183315  3.14159265  3.14159265  3.14159265  3.14159265
  3.14159265 -3.14159265  3.14159265  3.14159265  3.14159265  3.14159265
  0.         -1.58195736  3.14159265  3.14159265 -1.57079633  3.14159265
  0.         -1.57079633  3.14159265  3.14159265  3.14159265  0.
  3.14159265  3.14159265  3.14159265  3.14159265  3.14159265  3.14159265
  3.14159265  3.14159265  3.14159265  3.14159265  3.14159265  3.14159265
  0.          3.14159265  3.14159265  0.          0.          3.14159265
  3.14159265  3.14159265  3.14159265] 
 [0.00000000e+00 4.44050716e-01 0.00000000e+00 0.00000000e+00
 0.00000000e+00 0.00000000e+00 0.00000000e+00 0.00000000e+00
 0.00000000e+00 0.00000000e+00 0.00000000e+00 0.00000000e+00
 6.33750981e-15 4.39096731e-01 0.00000000e+00 0.00000000e+00
 5.10211317e-02 0.00000000e+00 2.13722444e-15 4.48980315e-01
 0.00000000e+00 0.00000000e+00 0.00000000e+00 5.88405452e-32
 0.00000000e+00 0.00000000e+00 0.00000000e+00 0.00000000e+00
 0.00000000e+00 0.00000000e+00 0.00000000e+00 0.00000000e+00
 0.00000000e+00 0.00000000e+00 0.00000000e+00 0.00000000e+00
 3.22143021e-15 0.00000000e+00 0.00000000e+00 1.79670668e-15
 1.82402644e-15 0.00000000e+00 0.00000000e+00 0.00000000e+00
 0.00000000e+00]
New op index: 1	$R_Y$[0]
Current grad: 100.68011676340743
[ 3.14159265  1.57088432  3.14159265  3.14159265 -3.14159265  3.14159265
  3.14159265 -3.14159265  3.14159265  3.14159265  3.14159125  3.14159265
  3.14159265  1.58207836  3.14159265  0.          1.57088437  3.14159265
  3.14159265 -3.14159265  0.          3.14159265 -3.14159265  3.14159265
  3.14159265  3.14159265  3.14159265  3.14159265  3.14159265  3.14159265
  3.14159265  3.14159265  3.14159265  3.14159265  3.14159265  3.14159265
  3.14159265  3.14159265  3.14159265  3.14159265  3.14159265  3.14159265
  3.14159265  3.14159265  3.14159265] 
 [0.00000000e+00 3.38557150e+01 0.00000000e+00 0.00000000e+00
 0.00000000e+00 0.00000000e+00 0.00000000e+00 0.00000000e+00
 0.00000000e+00 0.00000000e+00 6.73572309e-13 0.00000000e+00
 0.00000000e+00 3.25929227e+01 0.00000000e+00 5.45364506e-15
 3.38557133e+01 0.00000000e+00 0.00000000e+00 0.00000000e+00
 5.73920443e-33 0.00000000e+00 0.00000000e+00 0.00000000e+00
 0.00000000e+00 0.00000000e+00 0.00000000e+00 0.00000000e+00
 0.00000000e+00 0.00000000e+00 0.00000000e+00 0.00000000e+00
 0.00000000e+00 0.00000000e+00 0.00000000e+00 0.00000000e+00
 0.00000000e+00 0.00000000e+00 0.00000000e+00 0.00000000e+00
 0.00000000e+00 0.00000000e+00 0.00000000e+00 0.00000000e+00
 0.00000000e+00]
New op index: 13	$R_Y$[4]
Current grad: 0.8979591837778305
[ 3.14159265  3.14159265  3.14159265  3.14159265 -3.14159265  3.14159265
  3.14159265 -3.14159265  3.14159265  3.14159265  3.14159265  3.14159265
  3.14159265 -1.58183419  3.14159265  3.14159265  1.58183315  3.14159265
  3.14159265 -3.14159265  0.          3.14159265 -3.14159265  3.14159265
  3.14159265  3.14159265  3.14159265  3.14159265  3.14159265  3.14159265
  3.14159265  3.14159265  3.14159265  3.14159265  3.14159265  3.14159265
  3.14159265  3.14159265  3.14159265  3.14159265  3.14159265  3.14159265
  3.14159265  3.14159265  3.14159265] 
 [0.00000000e+00 0.00000000e+00 0.00000000e+00 0.00000000e+00
 0.00000000e+00 0.00000000e+00 0.00000000e+00 0.00000000e+00
 0.00000000e+00 0.00000000e+00 0.00000000e+00 0.00000000e+00
 0.00000000e+00 4.44051681e-01 0.00000000e+00 0.00000000e+00
 4.44050715e-01 0.00000000e+00 0.00000000e+00 0.00000000e+00
 2.46519033e-32 0.00000000e+00 0.00000000e+00 0.00000000e+00
 0.00000000e+00 0.00000000e+00 0.00000000e+00 0.00000000e+00
 0.00000000e+00 0.00000000e+00 0.00000000e+00 0.00000000e+00
 0.00000000e+00 0.00000000e+00 0.00000000e+00 0.00000000e+00
 0.00000000e+00 0.00000000e+00 0.00000000e+00 0.00000000e+00
 0.00000000e+00 0.00000000e+00 0.00000000e+00 0.00000000e+00
 0.00000000e+00]
New op index: 16	$R_Y$[5]
Current grad: 50.028810047991506
[ 3.14159265  3.14159265  3.14159265  3.14159265 -3.14159055  3.14159265
  3.14159265  3.14159264  3.14159265  3.14159265  3.14157398  3.14159265
  3.14159265  3.14159265  3.14159265  0.          1.57089559  3.14159265
  3.14159265  3.14159265  3.14159265  3.14159265  3.14159265  3.14159265
  3.14159265  3.14159265  3.14159265  3.14159265  3.14159265  3.14159265
  3.14159265  3.14159265  3.14159265  3.14159265  3.14159265  3.14159265
  3.14159265  3.14159265  3.14159265  3.14159265  3.14159265  3.14159265
  3.14159265  3.14159265  3.14159265] 
 [0.00000000e+00 0.00000000e+00 0.00000000e+00 0.00000000e+00
 1.71651582e-12 0.00000000e+00 0.00000000e+00 1.42108547e-14
 0.00000000e+00 0.00000000e+00 1.12246212e-10 0.00000000e+00
 0.00000000e+00 0.00000000e+00 0.00000000e+00 8.98529395e-16
 5.00238292e+01 0.00000000e+00 0.00000000e+00 0.00000000e+00
 0.00000000e+00 0.00000000e+00 0.00000000e+00 0.00000000e+00
 0.00000000e+00 0.00000000e+00 0.00000000e+00 0.00000000e+00
 0.00000000e+00 0.00000000e+00 0.00000000e+00 0.00000000e+00
 0.00000000e+00 0.00000000e+00 0.00000000e+00 0.00000000e+00
 0.00000000e+00 0.00000000e+00 0.00000000e+00 0.00000000e+00
 0.00000000e+00 0.00000000e+00 0.00000000e+00 0.00000000e+00
 0.00000000e+00]
New op index: 10	$R_Y$[3]
Current grad: 3.14653212698931e-06
[ 3.14159265  3.14159265  3.14159265  3.14159265 -3.14159265  3.14159265
  3.14159265  3.14159265  3.14159265  3.14159265  3.14159259  3.14159265
  3.14159265 -3.14159265  3.14159265  3.14159265  3.14159265  3.14159265
  3.14159265  3.14159265  3.14159265  3.14159265 -3.14159265  3.14159265
  3.14159265  3.14159265  3.14159265  3.14159265  3.14159265  3.14159265
  3.14159265  3.14159265  3.14159265  3.14159265  3.14159265  3.14159265
  3.14159265  3.14159265  3.14159265  3.14159265  3.14159265  3.14159265
  3.14159265  3.14159265  3.14159265] 
 [0.00000000e+00 0.00000000e+00 0.00000000e+00 0.00000000e+00
 0.00000000e+00 0.00000000e+00 0.00000000e+00 0.00000000e+00
 0.00000000e+00 0.00000000e+00 9.23705556e-14 0.00000000e+00
 0.00000000e+00 0.00000000e+00 0.00000000e+00 0.00000000e+00
 0.00000000e+00 0.00000000e+00 0.00000000e+00 0.00000000e+00
 0.00000000e+00 0.00000000e+00 0.00000000e+00 0.00000000e+00
 0.00000000e+00 0.00000000e+00 0.00000000e+00 0.00000000e+00
 0.00000000e+00 0.00000000e+00 0.00000000e+00 0.00000000e+00
 0.00000000e+00 0.00000000e+00 0.00000000e+00 0.00000000e+00
 0.00000000e+00 0.00000000e+00 0.00000000e+00 0.00000000e+00
 0.00000000e+00 0.00000000e+00 0.00000000e+00 0.00000000e+00
 0.00000000e+00]
Precision cutoff reached.
Calculating energies for FreeWilson2D(N_x=2, N_y=2, mass=-0.939, r=1.000)
h_im: 0.0
New op index: 10	$R_Y$[3]
Current grad: 2.2448979591836693
[ 3.14159265  1.57079633  3.14159265  3.14159265 -1.57079633  3.14159265
  3.14159265  1.57079633  3.14159265  3.14159265 -0.8150924   0.
  3.14159265 -0.8150924   0.          3.14159265  1.57079633  3.14159265
  3.14159265 -1.57079633  3.14159265  3.14159265  1.57079633  3.14159265
  3.14159265  3.14159265  3.14159265  3.14159265  3.14159265  3.14159265
  3.14159265  0.          0.          3.14159265  3.14159265  3.14159265
  3.14159265  0.          0.          3.14159265  3.14159265  3.14159265
  3.14159265  3.14159265  3.14159265] 
 [0.         0.53061224 0.         0.         0.03061224 0.
 0.         0.03061224 0.         0.         1.22907431 1.
 0.         1.22907431 1.         0.         0.03061224 0.
 0.         0.03061224 0.         0.         0.53061224 0.
 0.         0.         0.         0.         0.         0.
 0.         1.         1.         0.         0.         0.
 0.         1.         1.         0.         0.         0.
 0.         0.         0.        ]
New op index: 7	$R_Y$[2]
Current grad: 255.73575845974165
[ 3.14159265  1.57079633  3.14159265  3.14159265  1.57079633  3.14159265
  3.14159265  1.57079633  0.          3.14159265 -3.14159265  3.14159265
  3.14159265  1.58045657  3.14159265  3.14159265  1.57079633  0.
  0.          1.57079633  3.14159265  3.14159265  1.57079633  3.14159265
  3.14159265  3.14159265  3.14159265  3.14159265  0.          0.
  3.14159265  3.14159265  3.14159265  3.14159265  3.14159265  3.14159265
  3.14159265  3.14159265  3.14159265  3.14159265  3.14159265  0.
  3.14159265  3.14159265  3.14159265] 
 [0.00000000e+00 3.69200608e+01 0.00000000e+00 0.00000000e+00
 3.63588363e+01 0.00000000e+00 0.00000000e+00 3.72629614e+01
 1.38777878e-17 0.00000000e+00 0.00000000e+00 0.00000000e+00
 0.00000000e+00 3.51536976e+01 0.00000000e+00 0.00000000e+00
 3.64200608e+01 1.38777878e-17 6.51406366e-18 3.63588363e+01
 0.00000000e+00 0.00000000e+00 3.69200608e+01 0.00000000e+00
 0.00000000e+00 0.00000000e+00 0.00000000e+00 0.00000000e+00
 1.38777878e-17 1.38777878e-17 0.00000000e+00 0.00000000e+00
 0.00000000e+00 0.00000000e+00 0.00000000e+00 0.00000000e+00
 0.00000000e+00 0.00000000e+00 0.00000000e+00 0.00000000e+00
 0.00000000e+00 1.38777878e-17 0.00000000e+00 0.00000000e+00
 0.00000000e+00]
New op index: 4	$R_Y$[1]
Current grad: 2.1836734693877955
[ 3.14159265  1.57079633  3.14159265  3.14159265 -1.58910118  3.14159265
  3.14159265 -3.14159265  3.14159265  3.14159265 -3.14159265  3.14159265
  0.         -1.58910118  3.14159265  0.          1.57079633  3.14159265
  0.         -1.57079633  3.14159265  0.          1.57079633  0.
  3.14159265  3.14159265  3.14159265  3.14159265  3.14159265  3.14159265
  3.14159265  3.14159265  3.14159265  3.14159265  3.14159265  3.14159265
  0.          3.14159265  3.14159265  0.          0.          3.14159265
  0.          0.          0.        ] 
 [0.00000000e+00 5.20824033e-01 0.00000000e+00 0.00000000e+00
 5.30597950e-01 0.00000000e+00 0.00000000e+00 0.00000000e+00
 0.00000000e+00 0.00000000e+00 0.00000000e+00 0.00000000e+00
 8.59192772e-32 5.30597950e-01 0.00000000e+00 9.86670700e-32
 2.08240334e-02 0.00000000e+00 9.86429578e-32 4.04004564e-02
 0.00000000e+00 9.90609024e-32 5.20824033e-01 7.87664782e-34
 0.00000000e+00 0.00000000e+00 0.00000000e+00 0.00000000e+00
 0.00000000e+00 0.00000000e+00 0.00000000e+00 0.00000000e+00
 0.00000000e+00 0.00000000e+00 0.00000000e+00 0.00000000e+00
 1.45203108e-31 0.00000000e+00 0.00000000e+00 1.57926789e-31
 1.45207005e-31 0.00000000e+00 1.57532956e-31 1.57926789e-31
 3.93832391e-34]
New op index: 22	$R_Y$[7]
Current grad: 182.57109807826694
[ 3.14159265  1.57087412  3.14159265  3.14159265 -3.14159265  3.14159265
  3.14159265 -3.14159265  3.14159265  3.14159265  3.14159169  3.14159265
  3.14159265  1.58034362  3.14159265  3.14159265  1.57079633  3.14159265
  3.14159265  1.57079633  3.14159265  3.14159265  1.57079633  3.14159265
  3.14159265  3.14159265  3.14159265  3.14159265  3.14159265  3.14159265
  3.14159265  3.14159265  3.14159265  3.14159265  3.14159265  3.14159265
  3.14159265  3.14159265  3.14159265  3.14159265  3.14159265  3.14159265
  3.14159265  3.14159265  3.14159265] 
 [0.00000000e+00 3.69354170e+01 0.00000000e+00 0.00000000e+00
 0.00000000e+00 0.00000000e+00 0.00000000e+00 0.00000000e+00
 0.00000000e+00 0.00000000e+00 3.46944695e-13 0.00000000e+00
 0.00000000e+00 3.55382358e+01 0.00000000e+00 0.00000000e+00
 3.64382905e+01 0.00000000e+00 0.00000000e+00 3.63770660e+01
 0.00000000e+00 0.00000000e+00 3.69382905e+01 0.00000000e+00
 0.00000000e+00 0.00000000e+00 0.00000000e+00 0.00000000e+00
 0.00000000e+00 0.00000000e+00 0.00000000e+00 0.00000000e+00
 0.00000000e+00 0.00000000e+00 0.00000000e+00 0.00000000e+00
 0.00000000e+00 0.00000000e+00 0.00000000e+00 0.00000000e+00
 0.00000000e+00 0.00000000e+00 0.00000000e+00 0.00000000e+00
 0.00000000e+00]
New op index: 19	$R_Y$[6]
Current grad: 1.6175017285489997
[ 3.14159265  1.58012019  3.14159265  3.14159265 -3.14159265  3.14159265
  3.14159265 -3.14159265  3.14159265  3.14159265  3.14159265  3.14159265
  3.14159265 -1.58020883  3.14159265  0.          1.57079633  0.
  3.14159265 -1.57079633  0.          3.14159265  3.14159265  0.
  3.14159265  3.14159265  3.14159265  3.14159265  3.14159265  3.14159265
  3.14159265  3.14159265  3.14159265  3.14159265  3.14159265  3.14159265
  0.          3.14159265  3.14159265  0.          0.          0.
  3.14159265  3.14159265  0.        ] 
 [0.00000000e+00 5.25687098e-01 0.00000000e+00 0.00000000e+00
 0.00000000e+00 0.00000000e+00 0.00000000e+00 0.00000000e+00
 0.00000000e+00 0.00000000e+00 0.00000000e+00 0.00000000e+00
 0.00000000e+00 5.20741022e-01 0.00000000e+00 1.20289430e-14
 3.06115260e-02 2.32826875e-32 0.00000000e+00 5.30612964e-01
 5.07997732e-17 0.00000000e+00 0.00000000e+00 1.11854400e-32
 0.00000000e+00 0.00000000e+00 0.00000000e+00 0.00000000e+00
 0.00000000e+00 0.00000000e+00 0.00000000e+00 0.00000000e+00
 0.00000000e+00 0.00000000e+00 0.00000000e+00 0.00000000e+00
 1.26845774e-14 0.00000000e+00 0.00000000e+00 8.50658044e-15
 8.47882335e-15 5.07997732e-17 0.00000000e+00 0.00000000e+00
 5.07997732e-17]
New op index: 1	$R_Y$[0]
Current grad: 109.67865642296319
[ 3.14159265  1.5708742   3.14159265  3.14159265 -3.14159265  3.14159265
  3.14159265 -3.14159265  3.14159265  3.14159265  3.14159145  3.14159265
  0.          1.58035833  3.14159265  0.          1.57087425  3.14159265
  3.14159265 -3.14159265  0.          3.14159265  3.14159265  3.14159265
  3.14159265  3.14159265  3.14159265  3.14159265  3.14159265  3.14159265
  3.14159265  3.14159265  3.14159265  3.14159265  3.14159265  3.14159265
  0.          3.14159265  3.14159265  3.14159265  3.14159265  3.14159265
  3.14159265  3.14159265  3.14159265] 
 [0.00000000e+00 3.69097213e+01 0.00000000e+00 0.00000000e+00
 0.00000000e+00 0.00000000e+00 0.00000000e+00 0.00000000e+00
 0.00000000e+00 0.00000000e+00 5.37792033e-13 0.00000000e+00
 8.72144909e-16 3.55122619e+01 0.00000000e+00 8.71842838e-16
 3.69097194e+01 0.00000000e+00 0.00000000e+00 0.00000000e+00
 1.51146785e-32 0.00000000e+00 0.00000000e+00 0.00000000e+00
 0.00000000e+00 0.00000000e+00 0.00000000e+00 0.00000000e+00
 0.00000000e+00 0.00000000e+00 0.00000000e+00 0.00000000e+00
 0.00000000e+00 0.00000000e+00 0.00000000e+00 0.00000000e+00
 7.84520849e-16 0.00000000e+00 0.00000000e+00 0.00000000e+00
 0.00000000e+00 0.00000000e+00 0.00000000e+00 0.00000000e+00
 0.00000000e+00]
New op index: 13	$R_Y$[4]
Current grad: 1.061224489910959
[ 3.14159265  3.14159265  3.14159265  3.14159265 -3.14159265  3.14159265
  3.14159265 -3.14159265  3.14159265  3.14159265  3.14159265  3.14159265
  0.         -1.58012108  3.14159265  3.14159265  1.58012019  3.14159265
  3.14159265  3.14159265  3.14159265  3.14159265  3.14159265  3.14159265
  3.14159265  3.14159265  3.14159265  3.14159265  3.14159265  3.14159265
  3.14159265  3.14159265  3.14159265  3.14159265  3.14159265  3.14159265
  3.14159265  3.14159265  3.14159265  3.14159265  3.14159265  3.14159265
  3.14159265  3.14159265  3.14159265] 
 [0.00000000e+00 0.00000000e+00 0.00000000e+00 0.00000000e+00
 0.00000000e+00 0.00000000e+00 0.00000000e+00 0.00000000e+00
 0.00000000e+00 0.00000000e+00 0.00000000e+00 0.00000000e+00
 7.67875377e-32 5.25688056e-01 0.00000000e+00 0.00000000e+00
 5.25687097e-01 0.00000000e+00 0.00000000e+00 0.00000000e+00
 0.00000000e+00 0.00000000e+00 0.00000000e+00 0.00000000e+00
 0.00000000e+00 0.00000000e+00 0.00000000e+00 0.00000000e+00
 0.00000000e+00 0.00000000e+00 0.00000000e+00 0.00000000e+00
 0.00000000e+00 0.00000000e+00 0.00000000e+00 0.00000000e+00
 0.00000000e+00 0.00000000e+00 0.00000000e+00 0.00000000e+00
 0.00000000e+00 0.00000000e+00 0.00000000e+00 0.00000000e+00
 0.00000000e+00]
New op index: 16	$R_Y$[5]
Current grad: 50.24785850051609
[ 3.14159265  3.14159265  3.14159265  3.14159265 -3.14158717  3.14159265
  3.14159265  3.14159265  3.14159265  3.14159265 -3.14157527  3.14159265
  3.14159265 -3.14159265  3.14159265  3.14159265  1.57089516  3.14159265
  3.14159265 -3.14159265  0.          3.14159265  3.14159265  3.14159265
  3.14159265  3.14159265  3.14159265  3.14159265  3.14159265  3.14159265
  3.14159265  3.14159265  3.14159265  3.14159265  3.14159265  3.14159265
  3.14159265  3.14159265  3.14159265  3.14159265  3.14159265  3.14159265
  3.14159265  3.14159265  3.14159265] 
 [0.00000000e+00 0.00000000e+00 0.00000000e+00 0.00000000e+00
 1.12220233e-11 0.00000000e+00 0.00000000e+00 0.00000000e+00
 0.00000000e+00 0.00000000e+00 1.00920383e-10 0.00000000e+00
 0.00000000e+00 0.00000000e+00 0.00000000e+00 0.00000000e+00
 5.02428763e+01 0.00000000e+00 0.00000000e+00 0.00000000e+00
 2.85269956e-32 0.00000000e+00 0.00000000e+00 0.00000000e+00
 0.00000000e+00 0.00000000e+00 0.00000000e+00 0.00000000e+00
 0.00000000e+00 0.00000000e+00 0.00000000e+00 0.00000000e+00
 0.00000000e+00 0.00000000e+00 0.00000000e+00 0.00000000e+00
 0.00000000e+00 0.00000000e+00 0.00000000e+00 0.00000000e+00
 0.00000000e+00 0.00000000e+00 0.00000000e+00 0.00000000e+00
 0.00000000e+00]
New op index: 10	$R_Y$[3]
Current grad: 2.6278486247259808e-06
[ 3.14159265 -3.14159265  3.14159265  3.14159265 -3.14159265  3.14159265
  3.14159265  3.14159265  3.14159265  3.14159265  3.1415926   3.14159265
  3.14159265  3.14159265  3.14159265  3.14159265  3.14159265  3.14159265
  3.14159265  3.14159265  3.14159265  3.14159265 -3.14159265  3.14159265
  3.14159265  3.14159265  3.14159265  3.14159265  3.14159265  3.14159265
  3.14159265  3.14159265  3.14159265  3.14159265  3.14159265  3.14159265
  3.14159265  3.14159265  3.14159265  3.14159265  3.14159265  3.14159265
  3.14159265  3.14159265  3.14159265] 
 [0.00000000e+00 0.00000000e+00 0.00000000e+00 0.00000000e+00
 0.00000000e+00 0.00000000e+00 0.00000000e+00 0.00000000e+00
 0.00000000e+00 0.00000000e+00 6.39488462e-14 0.00000000e+00
 0.00000000e+00 0.00000000e+00 0.00000000e+00 0.00000000e+00
 0.00000000e+00 0.00000000e+00 0.00000000e+00 0.00000000e+00
 0.00000000e+00 0.00000000e+00 0.00000000e+00 0.00000000e+00
 0.00000000e+00 0.00000000e+00 0.00000000e+00 0.00000000e+00
 0.00000000e+00 0.00000000e+00 0.00000000e+00 0.00000000e+00
 0.00000000e+00 0.00000000e+00 0.00000000e+00 0.00000000e+00
 0.00000000e+00 0.00000000e+00 0.00000000e+00 0.00000000e+00
 0.00000000e+00 0.00000000e+00 0.00000000e+00 0.00000000e+00
 0.00000000e+00]
Precision cutoff reached.
Calculating energies for FreeWilson2D(N_x=2, N_y=2, mass=-0.776, r=1.000)
h_im: 0.0
New op index: 10	$R_Y$[3]
Current grad: 2.897959183673465
[ 3.14159265  1.57079633  3.14159265  3.14159265 -1.57079633  3.14159265
  3.14159265  1.57079633  3.14159265  3.14159265 -0.88597508  0.
  3.14159265 -0.88597508  0.          3.14159265  1.57079633  3.14159265
  3.14159265 -1.57079633  3.14159265  3.14159265  1.57079633  3.14159265
  3.14159265  3.14159265  3.14159265  3.14159265  3.14159265  3.14159265
  3.14159265  0.          0.          3.14159265  3.14159265  3.14159265
  3.14159265  0.          0.          3.14159265  3.14159265  3.14159265
  3.14159265  3.14159265  3.14159265] 
 [0.         0.6122449  0.         0.         0.1122449  0.
 0.         0.1122449  0.         0.         1.29047063 1.
 0.         1.29047063 1.         0.         0.1122449  0.
 0.         0.1122449  0.         0.         0.6122449  0.
 0.         0.         0.         0.         0.         0.
 0.         1.         1.         0.         0.         0.
 0.         1.         1.         0.         0.         0.
 0.         0.         0.        ]
New op index: 7	$R_Y$[2]
Current grad: 272.127490774921
[3.14159265 1.57079633 3.14159265 3.14159265 1.57079633 3.14159265
 3.14159265 1.57079633 0.         3.14159265 3.14159265 3.14159265
 3.14159265 1.57917916 3.14159265 3.14159265 1.57079633 3.14159265
 3.14159265 1.57079633 3.14159265 0.         1.57079633 3.14159265
 3.14159265 3.14159265 3.14159265 3.14159265 0.         0.
 3.14159265 3.14159265 3.14159265 3.14159265 3.14159265 3.14159265
 3.14159265 3.14159265 3.14159265 3.14159265 3.14159265 3.14159265
 3.14159265 3.14159265 3.14159265] 
 [0.00000000e+00 3.93388513e+01 0.00000000e+00 0.00000000e+00
 3.86143615e+01 0.00000000e+00 0.00000000e+00 3.96551186e+01
 1.38777878e-17 0.00000000e+00 0.00000000e+00 0.00000000e+00
 0.00000000e+00 3.74121537e+01 0.00000000e+00 0.00000000e+00
 3.88388513e+01 0.00000000e+00 0.00000000e+00 3.86143615e+01
 0.00000000e+00 1.36540439e-15 3.93388513e+01 0.00000000e+00
 0.00000000e+00 0.00000000e+00 0.00000000e+00 0.00000000e+00
 1.38777878e-17 1.38777878e-17 0.00000000e+00 0.00000000e+00
 0.00000000e+00 0.00000000e+00 0.00000000e+00 0.00000000e+00
 0.00000000e+00 0.00000000e+00 0.00000000e+00 0.00000000e+00
 0.00000000e+00 0.00000000e+00 0.00000000e+00 0.00000000e+00
 0.00000000e+00]
New op index: 13	$R_Y$[4]
Current grad: 2.6734693877552744
[ 3.14159265  1.57079633  3.14159265  3.14159265 -1.58667454  3.14159265
  3.14159265  3.14159265  0.          3.14159265  3.14159265  3.14159265
  0.         -1.58667454  3.14159265  0.          1.57079633  0.
  3.14159265 -1.57079633  0.          3.14159265  1.57079633  0.
  3.14159265  3.14159265  3.14159265  3.14159265  3.14159265  3.14159265
  3.14159265  3.14159265  3.14159265  3.14159265  3.14159265  3.14159265
  0.          3.14159265  3.14159265  0.          3.14159265  0.
  3.14159265  3.14159265  0.        ] 
 [0.00000000e+00 6.02488227e-01 0.00000000e+00 0.00000000e+00
 6.12202882e-01 0.00000000e+00 0.00000000e+00 0.00000000e+00
 4.93038066e-32 0.00000000e+00 0.00000000e+00 0.00000000e+00
 7.83111941e-29 6.12202882e-01 0.00000000e+00 4.18259531e-15
 1.02488227e-01 2.77555756e-17 0.00000000e+00 1.22001569e-01
 1.38777878e-17 0.00000000e+00 6.02488227e-01 2.77555756e-17
 0.00000000e+00 0.00000000e+00 0.00000000e+00 0.00000000e+00
 0.00000000e+00 0.00000000e+00 0.00000000e+00 0.00000000e+00
 0.00000000e+00 0.00000000e+00 0.00000000e+00 0.00000000e+00
 4.18259531e-15 0.00000000e+00 0.00000000e+00 1.07623661e-17
 0.00000000e+00 4.16333634e-17 0.00000000e+00 0.00000000e+00
 4.16333634e-17]
New op index: 22	$R_Y$[7]
Current grad: 194.648226055239
[ 3.14159265  1.57079633  3.14159265  3.14159265  1.57905531  3.14159265
  3.14159265  3.14159265  3.14159265  3.14159265  3.14159028  3.14159265
  3.14159265 -3.14159265  3.14159265  0.          1.57083933  3.14159265
  3.14159265  1.57079633  0.          0.          1.57079633  3.14159265
  3.14159265  3.14159265  3.14159265  3.14159265  3.14159265  3.14159265
  3.14159265  3.14159265  3.14159265  3.14159265  3.14159265  3.14159265
  3.14159265  3.14159265  3.14159265  3.14159265  3.14159265  3.14159265
  3.14159265  3.14159265  3.14159265] 
 [0.00000000e+00 3.93992578e+01 0.00000000e+00 0.00000000e+00
 3.78629221e+01 0.00000000e+00 0.00000000e+00 0.00000000e+00
 0.00000000e+00 0.00000000e+00 2.30160335e-12 0.00000000e+00
 0.00000000e+00 0.00000000e+00 0.00000000e+00 8.80333561e-16
 3.89963333e+01 0.00000000e+00 0.00000000e+00 3.86747680e+01
 4.60761439e-18 1.05561910e-14 3.93992578e+01 0.00000000e+00
 0.00000000e+00 0.00000000e+00 0.00000000e+00 0.00000000e+00
 0.00000000e+00 0.00000000e+00 0.00000000e+00 0.00000000e+00
 0.00000000e+00 0.00000000e+00 0.00000000e+00 0.00000000e+00
 0.00000000e+00 0.00000000e+00 0.00000000e+00 0.00000000e+00
 0.00000000e+00 0.00000000e+00 0.00000000e+00 0.00000000e+00
 0.00000000e+00]
New op index: 19	$R_Y$[6]
Current grad: 1.9440408016939
[ 3.14159265  1.57079633  3.14159265  3.14159265 -1.57892883  3.14159265
  3.14159265 -3.14159265  3.14159265  3.14159265  3.14159265  3.14159265
  3.14159265 -3.14159265  3.14159265  3.14159265  1.61476623  3.14159265
  3.14159265 -1.57079633  3.14159265  3.14159265 -3.14159265  0.
  3.14159265  3.14159265  3.14159265  3.14159265  3.14159265  3.14159265
  3.14159265  3.14159265  3.14159265  3.14159265  3.14159265  3.14159265
  3.14159265  3.14159265  3.14159265  3.14159265  3.14159265  3.14159265
  3.14159265  3.14159265  3.14159265] 
 [0.00000000e+00 6.12244184e-01 0.00000000e+00 0.00000000e+00
 6.02387874e-01 0.00000000e+00 0.00000000e+00 0.00000000e+00
 0.00000000e+00 0.00000000e+00 0.00000000e+00 0.00000000e+00
 0.00000000e+00 0.00000000e+00 0.00000000e+00 0.00000000e+00
 1.07414226e-01 0.00000000e+00 0.00000000e+00 6.12245612e-01
 0.00000000e+00 0.00000000e+00 0.00000000e+00 1.17072466e-31
 0.00000000e+00 0.00000000e+00 0.00000000e+00 0.00000000e+00
 0.00000000e+00 0.00000000e+00 0.00000000e+00 0.00000000e+00
 0.00000000e+00 0.00000000e+00 0.00000000e+00 0.00000000e+00
 0.00000000e+00 0.00000000e+00 0.00000000e+00 0.00000000e+00
 0.00000000e+00 0.00000000e+00 0.00000000e+00 0.00000000e+00
 0.00000000e+00]
New op index: 1	$R_Y$[0]
Current grad: 116.91971346420438
[ 3.14159265  1.57079633  3.14159265  3.14159265  1.57906558  3.14159265
  3.14159265 -3.14159265  3.14159265  3.14159265 -3.14159071  3.14159265
  3.14159265  3.14159265  3.14159265  0.          1.57090991  3.14159265
  3.14159265 -3.14159265  3.14159265  3.14159265 -3.14159265  3.14159265
  3.14159265  3.14159265  3.14159265  3.14159265  3.14159265  3.14159265
  3.14159265  3.14159265  3.14159265  3.14159265  3.14159265  3.14159265
  3.14159265  3.14159265  3.14159265  3.14159265  3.14159265  3.14159265
  3.14159265  3.14159265  3.14159265] 
 [0.00000000e+00 3.93806801e+01 0.00000000e+00 0.00000000e+00
 3.78441079e+01 0.00000000e+00 0.00000000e+00 0.00000000e+00
 0.00000000e+00 0.00000000e+00 1.52977631e-12 0.00000000e+00
 0.00000000e+00 0.00000000e+00 0.00000000e+00 8.15120344e-17
 3.93762075e+01 0.00000000e+00 0.00000000e+00 0.00000000e+00
 0.00000000e+00 0.00000000e+00 0.00000000e+00 0.00000000e+00
 0.00000000e+00 0.00000000e+00 0.00000000e+00 0.00000000e+00
 0.00000000e+00 0.00000000e+00 0.00000000e+00 0.00000000e+00
 0.00000000e+00 0.00000000e+00 0.00000000e+00 0.00000000e+00
 0.00000000e+00 0.00000000e+00 0.00000000e+00 0.00000000e+00
 0.00000000e+00 0.00000000e+00 0.00000000e+00 0.00000000e+00
 0.00000000e+00]
New op index: 4	$R_Y$[1]
Current grad: 1.2244897960433003
[ 3.14159265  3.14159265  3.14159265  3.14159265 -1.57889588  3.14159265
  3.14159265  3.14159265  3.14159265  3.14159265  3.14159265  3.14159265
  3.14159265  3.14159265  3.14159265  0.          1.58686433  3.14159265
  3.14159265 -3.14159265  0.          3.14159265  3.14159265  3.14159265
  3.14159265  3.14159265  3.14159265  3.14159265  3.14159265  3.14159265
  3.14159265  3.14159265  3.14159265  3.14159265  3.14159265  3.14159265
  3.14159265  3.14159265  3.14159265  3.14159265  3.14159265  3.14159265
  3.14159265  3.14159265  3.14159265] 
 [0.00000000e+00 0.00000000e+00 0.00000000e+00 0.00000000e+00
 6.04887113e-01 0.00000000e+00 0.00000000e+00 0.00000000e+00
 0.00000000e+00 0.00000000e+00 0.00000000e+00 0.00000000e+00
 0.00000000e+00 0.00000000e+00 0.00000000e+00 4.93227404e-16
 6.04885189e-01 0.00000000e+00 0.00000000e+00 0.00000000e+00
 5.30567217e-32 0.00000000e+00 0.00000000e+00 0.00000000e+00
 0.00000000e+00 0.00000000e+00 0.00000000e+00 0.00000000e+00
 0.00000000e+00 0.00000000e+00 0.00000000e+00 0.00000000e+00
 0.00000000e+00 0.00000000e+00 0.00000000e+00 0.00000000e+00
 0.00000000e+00 0.00000000e+00 0.00000000e+00 0.00000000e+00
 0.00000000e+00 0.00000000e+00 0.00000000e+00 0.00000000e+00
 0.00000000e+00]
New op index: 16	$R_Y$[5]
Current grad: 50.463388937197365
[ 3.14159265 -3.14159265  3.14159265  3.14159265 -3.14159265  3.14159265
  3.14159265 -3.14159265  3.14159265  3.14159265 -3.14152957  3.14159265
  3.14159265 -3.14158684  3.14159265  3.14159265  1.57089473  3.14159265
  3.14159265  3.14159265  3.14159265  3.14159265  3.14159265  3.14159265
  3.14159265  3.14159265  3.14159265  3.14159265  3.14159265  3.14159265
  3.14159265  3.14159265  3.14159265  3.14159265  3.14159265  3.14159265
  3.14159265  3.14159265  3.14159265  3.14159265  3.14159265  3.14159265
  3.14159265  3.14159265  3.14159265] 
 [0.00000000e+00 0.00000000e+00 0.00000000e+00 0.00000000e+00
 0.00000000e+00 0.00000000e+00 0.00000000e+00 0.00000000e+00
 0.00000000e+00 0.00000000e+00 1.36797629e-09 0.00000000e+00
 0.00000000e+00 1.22999388e-11 0.00000000e+00 0.00000000e+00
 5.04583753e+01 0.00000000e+00 0.00000000e+00 0.00000000e+00
 0.00000000e+00 0.00000000e+00 0.00000000e+00 0.00000000e+00
 0.00000000e+00 0.00000000e+00 0.00000000e+00 0.00000000e+00
 0.00000000e+00 0.00000000e+00 0.00000000e+00 0.00000000e+00
 0.00000000e+00 0.00000000e+00 0.00000000e+00 0.00000000e+00
 0.00000000e+00 0.00000000e+00 0.00000000e+00 0.00000000e+00
 0.00000000e+00 0.00000000e+00 0.00000000e+00 0.00000000e+00
 0.00000000e+00]
New op index: 10	$R_Y$[3]
Current grad: 1.943689557631216e-06
[ 3.14159265 -3.14159265  3.14159265  3.14159265  3.14159265  3.14159265
  3.14159265  3.14159265  3.14159265  3.14159265  3.14159262  3.14159265
  3.14159265 -3.14159265  3.14159265  3.14159265  3.14159265  3.14159265
  3.14159265  3.14159265  3.14159265  3.14159265 -3.14159265  3.14159265
  3.14159265  3.14159265  3.14159265  3.14159265  3.14159265  3.14159265
  3.14159265  3.14159265  3.14159265  3.14159265  3.14159265  3.14159265
  3.14159265  3.14159265  3.14159265  3.14159265  3.14159265  3.14159265
  3.14159265  3.14159265  3.14159265] 
 [0.00000000e+00 0.00000000e+00 0.00000000e+00 0.00000000e+00
 0.00000000e+00 0.00000000e+00 0.00000000e+00 0.00000000e+00
 0.00000000e+00 0.00000000e+00 3.55271368e-14 0.00000000e+00
 0.00000000e+00 0.00000000e+00 0.00000000e+00 0.00000000e+00
 0.00000000e+00 0.00000000e+00 0.00000000e+00 0.00000000e+00
 0.00000000e+00 0.00000000e+00 0.00000000e+00 0.00000000e+00
 0.00000000e+00 0.00000000e+00 0.00000000e+00 0.00000000e+00
 0.00000000e+00 0.00000000e+00 0.00000000e+00 0.00000000e+00
 0.00000000e+00 0.00000000e+00 0.00000000e+00 0.00000000e+00
 0.00000000e+00 0.00000000e+00 0.00000000e+00 0.00000000e+00
 0.00000000e+00 0.00000000e+00 0.00000000e+00 0.00000000e+00
 0.00000000e+00]
Precision cutoff reached.
Calculating energies for FreeWilson2D(N_x=2, N_y=2, mass=-0.612, r=1.000)
h_im: 0.0
New op index: 10	$R_Y$[3]
Current grad: 3.551020408163261
[ 3.14159265  1.57079633  3.14159265  3.14159265 -1.57079633  3.14159265
  3.14159265  1.57079633  3.14159265  3.14159265 -0.94638598  0.
  3.14159265 -0.94638598  0.          3.14159265  1.57079633  3.14159265
  3.14159265 -1.57079633  3.14159265  3.14159265  1.57079633  3.14159265
  3.14159265  3.14159265  3.14159265  3.14159265  3.14159265  3.14159265
  3.14159265  0.          0.          3.14159265  3.14159265  3.14159265
  3.14159265  0.          0.          3.14159265  3.14159265  3.14159265
  3.14159265  3.14159265  3.14159265] 
 [0.         0.69387755 0.         0.         0.19387755 0.
 0.         0.19387755 0.         0.         1.35525789 1.
 0.         1.35525789 1.         0.         0.19387755 0.
 0.         0.19387755 0.         0.         0.69387755 0.
 0.         0.         0.         0.         0.         0.
 0.         1.         1.         0.         0.         0.
 0.         1.         1.         0.         0.         0.
 0.         0.         0.        ]
New op index: 7	$R_Y$[2]
Current grad: 285.0383265190458
[3.14159265 1.57079633 3.14159265 3.14159265 1.57079633 3.14159265
 3.14159265 1.57079633 0.         3.14159265 3.14159265 3.14159265
 3.14159265 1.57820283 3.14159265 0.         1.57079633 0.
 3.14159265 1.57079633 3.14159265 0.         1.57079633 3.14159265
 3.14159265 3.14159265 3.14159265 3.14159265 0.         0.
 3.14159265 3.14159265 3.14159265 3.14159265 3.14159265 3.14159265
 0.         3.14159265 3.14159265 0.         0.         0.
 0.         0.         3.14159265] 
 [0.00000000e+00 4.12592766e+01 0.00000000e+00 0.00000000e+00
 4.03715215e+01 0.00000000e+00 0.00000000e+00 4.15515861e+01
 1.38777878e-17 0.00000000e+00 0.00000000e+00 0.00000000e+00
 0.00000000e+00 3.91746405e+01 0.00000000e+00 2.77130926e-15
 4.07592766e+01 1.38777878e-17 0.00000000e+00 4.03715215e+01
 0.00000000e+00 8.32242438e-15 4.12592766e+01 0.00000000e+00
 0.00000000e+00 0.00000000e+00 0.00000000e+00 0.00000000e+00
 1.38777878e-17 1.38777878e-17 0.00000000e+00 0.00000000e+00
 0.00000000e+00 0.00000000e+00 0.00000000e+00 0.00000000e+00
 1.37390099e-15 0.00000000e+00 0.00000000e+00 1.38777878e-15
 1.40165657e-15 1.38777878e-17 4.19109192e-15 4.13558077e-15
 0.00000000e+00]
New op index: 13	$R_Y$[4]
Current grad: 3.1632653061224505
[ 3.14159265  1.57079633  3.14159265  3.14159265 -1.58481071  3.14159265
  3.14159265 -3.14159265  0.          3.14159265 -3.14159265  3.14159265
  0.         -1.58481071  3.14159265  3.14159265  1.57079633  3.14159265
  0.         -1.57079633  3.14159265  3.14159265  1.57079633  3.14159265
  3.14159265  3.14159265  3.14159265  3.14159265  3.14159265  3.14159265
  3.14159265  3.14159265  3.14159265  3.14159265  3.14159265  3.14159265
  3.14159265  3.14159265  3.14159265  0.          0.          3.14159265
  3.14159265  3.14159265  3.14159265] 
 [0.00000000e+00 6.84152268e-01 0.00000000e+00 0.00000000e+00
 6.93810729e-01 0.00000000e+00 0.00000000e+00 0.00000000e+00
 3.08148791e-33 0.00000000e+00 0.00000000e+00 0.00000000e+00
 1.01262492e-31 6.93810729e-01 0.00000000e+00 0.00000000e+00
 1.84152268e-01 0.00000000e+00 4.13671365e-15 2.03602834e-01
 0.00000000e+00 0.00000000e+00 6.84152268e-01 0.00000000e+00
 0.00000000e+00 0.00000000e+00 0.00000000e+00 0.00000000e+00
 0.00000000e+00 0.00000000e+00 0.00000000e+00 0.00000000e+00
 0.00000000e+00 0.00000000e+00 0.00000000e+00 0.00000000e+00
 0.00000000e+00 0.00000000e+00 0.00000000e+00 1.37078557e-15
 1.41241893e-15 0.00000000e+00 0.00000000e+00 0.00000000e+00
 0.00000000e+00]
New op index: 22	$R_Y$[7]
Current grad: 203.74949415459304
[ 3.14159265  1.57079633  3.14159265  3.14159265  1.57810426  3.14159265
  3.14159265  3.14159265  3.14159265  3.14159265  3.14159037  3.14159265
  3.14159265 -3.14159265  3.14159265  3.14159265  1.57084036  3.14159265
  0.          1.57079633  0.          0.          1.57079633  0.
  3.14159265  3.14159265  3.14159265  3.14159265  3.14159265  3.14159265
  3.14159265  3.14159265  3.14159265  3.14159265  3.14159265  3.14159265
  3.14159265  3.14159265  3.14159265  3.14159265  3.14159265  3.14159265
  0.          0.          0.        ] 
 [0.00000000e+00 4.12886446e+01 0.00000000e+00 0.00000000e+00
 3.96125571e+01 0.00000000e+00 0.00000000e+00 0.00000000e+00
 0.00000000e+00 0.00000000e+00 2.29527508e-12 0.00000000e+00
 0.00000000e+00 0.00000000e+00 0.00000000e+00 0.00000000e+00
 4.08664078e+01 0.00000000e+00 9.47325284e-15 4.04008895e+01
 4.39130600e-17 1.18492344e-15 4.12886446e+01 8.73553549e-17
 0.00000000e+00 0.00000000e+00 0.00000000e+00 0.00000000e+00
 0.00000000e+00 0.00000000e+00 0.00000000e+00 0.00000000e+00
 0.00000000e+00 0.00000000e+00 0.00000000e+00 0.00000000e+00
 0.00000000e+00 0.00000000e+00 0.00000000e+00 0.00000000e+00
 0.00000000e+00 0.00000000e+00 1.18651906e-14 1.17978460e-14
 1.31268415e-16]
New op index: 19	$R_Y$[6]
Current grad: 2.2705793649575
[ 3.14159265  1.57079633  3.14159265  3.14159265 -1.57795361  3.14159265
  3.14159265  3.14159265  3.14159265  3.14159265  3.14159265  3.14159265
  3.14159265 -3.14159265  3.14159265  3.14159265  1.59622245  3.14159265
  0.         -1.57079633  0.          3.14159265 -3.14159265  0.
  3.14159265  3.14159265  3.14159265  3.14159265  3.14159265  3.14159265
  3.14159265  3.14159265  3.14159265  3.14159265  3.14159265  3.14159265
  3.14159265  3.14159265  3.14159265  0.          3.14159265  3.14159265
  3.14159265  3.14159265  0.        ] 
 [0.00000000e+00 6.93876841e-01 0.00000000e+00 0.00000000e+00
 6.84033989e-01 0.00000000e+00 0.00000000e+00 0.00000000e+00
 0.00000000e+00 0.00000000e+00 0.00000000e+00 0.00000000e+00
 0.00000000e+00 0.00000000e+00 0.00000000e+00 0.00000000e+00
 1.89008928e-01 0.00000000e+00 1.22237384e-14 6.93878261e-01
 6.30199132e-17 0.00000000e+00 0.00000000e+00 2.04554825e-33
 0.00000000e+00 0.00000000e+00 0.00000000e+00 0.00000000e+00
 0.00000000e+00 0.00000000e+00 0.00000000e+00 0.00000000e+00
 0.00000000e+00 0.00000000e+00 0.00000000e+00 0.00000000e+00
 0.00000000e+00 0.00000000e+00 0.00000000e+00 1.64235649e-15
 0.00000000e+00 0.00000000e+00 0.00000000e+00 0.00000000e+00
 6.30199132e-17]
New op index: 1	$R_Y$[0]
Current grad: 122.43863632258947
[ 3.14159265  1.57079633  3.14159265  3.14159265  1.57811194  3.14159265
  3.14159265 -3.14159265  3.14159265  3.14159265 -3.14159244  3.14159265
  3.14159265  3.14159265  3.14159265  0.          1.57090627  3.14159265
  3.14159265 -3.14159265  0.          3.14159265  3.14159265  3.14159265
  3.14159265  3.14159265  3.14159265  3.14159265  3.14159265  3.14159265
  3.14159265  3.14159265  3.14159265  3.14159265  3.14159265  3.14159265
  3.14159265  3.14159265  3.14159265  3.14159265  3.14159265  3.14159265
  3.14159265  3.14159265  3.14159265] 
 [0.00000000e+00 4.12747251e+01 0.00000000e+00 0.00000000e+00
 3.95984344e+01 0.00000000e+00 0.00000000e+00 0.00000000e+00
 0.00000000e+00 0.00000000e+00 1.95399252e-14 0.00000000e+00
 0.00000000e+00 0.00000000e+00 0.00000000e+00 4.18229890e-15
 4.12701876e+01 0.00000000e+00 0.00000000e+00 0.00000000e+00
 3.36292136e-32 0.00000000e+00 0.00000000e+00 0.00000000e+00
 0.00000000e+00 0.00000000e+00 0.00000000e+00 0.00000000e+00
 0.00000000e+00 0.00000000e+00 0.00000000e+00 0.00000000e+00
 0.00000000e+00 0.00000000e+00 0.00000000e+00 0.00000000e+00
 0.00000000e+00 0.00000000e+00 0.00000000e+00 0.00000000e+00
 0.00000000e+00 0.00000000e+00 0.00000000e+00 0.00000000e+00
 0.00000000e+00]
New op index: 4	$R_Y$[1]
Current grad: 1.3877551021751326
[ 3.14159265  3.14159265  3.14159265  3.14159265 -1.57792809  3.14159265
  3.14159265 -3.14159265  3.14159265  3.14159265  3.14159265  3.14159265
  3.14159265  3.14159265  3.14159265  0.          1.5849582   3.14159265
  3.14159265  3.14159265  0.          3.14159265  3.14159265  3.14159265
  3.14159265  3.14159265  3.14159265  3.14159265  3.14159265  3.14159265
  3.14159265  3.14159265  3.14159265  3.14159265  3.14159265  3.14159265
  3.14159265  3.14159265  3.14159265  3.14159265  3.14159265  3.14159265
  3.14159265  3.14159265  3.14159265] 
 [0.00000000e+00 0.00000000e+00 0.00000000e+00 0.00000000e+00
 6.86533143e-01 0.00000000e+00 0.00000000e+00 0.00000000e+00
 0.00000000e+00 0.00000000e+00 0.00000000e+00 0.00000000e+00
 0.00000000e+00 0.00000000e+00 0.00000000e+00 9.02911711e-15
 6.86516374e-01 0.00000000e+00 0.00000000e+00 0.00000000e+00
 4.90024484e-32 0.00000000e+00 0.00000000e+00 0.00000000e+00
 0.00000000e+00 0.00000000e+00 0.00000000e+00 0.00000000e+00
 0.00000000e+00 0.00000000e+00 0.00000000e+00 0.00000000e+00
 0.00000000e+00 0.00000000e+00 0.00000000e+00 0.00000000e+00
 0.00000000e+00 0.00000000e+00 0.00000000e+00 0.00000000e+00
 0.00000000e+00 0.00000000e+00 0.00000000e+00 0.00000000e+00
 0.00000000e+00]
New op index: 16	$R_Y$[5]
Current grad: 50.67860864817528
[ 3.14159265 -3.14159265  3.14159265  3.14159265 -3.14159265  3.14159265
  3.14159265  3.14159265  3.14159265  3.14159265 -3.14148105  3.14159265
  3.14159265 -3.14159171  3.14159265  3.14159265  1.5708943   3.14159265
  3.14159265 -3.14159265  3.14159265  3.14159265  3.14159265  3.14159265
  3.14159265  3.14159265  3.14159265  3.14159265  3.14159265  3.14159265
  3.14159265  3.14159265  3.14159265  3.14159265  3.14159265  3.14159265
  3.14159265  3.14159265  3.14159265  3.14159265  3.14159265  3.14159265
  3.14159265  3.14159265  3.14159265] 
 [0.00000000e+00 0.00000000e+00 0.00000000e+00 0.00000000e+00
 0.00000000e+00 0.00000000e+00 0.00000000e+00 0.00000000e+00
 0.00000000e+00 0.00000000e+00 4.38139336e-09 0.00000000e+00
 0.00000000e+00 3.13860049e-13 0.00000000e+00 0.00000000e+00
 5.06735643e+01 0.00000000e+00 0.00000000e+00 0.00000000e+00
 0.00000000e+00 0.00000000e+00 0.00000000e+00 0.00000000e+00
 0.00000000e+00 0.00000000e+00 0.00000000e+00 0.00000000e+00
 0.00000000e+00 0.00000000e+00 0.00000000e+00 0.00000000e+00
 0.00000000e+00 0.00000000e+00 0.00000000e+00 0.00000000e+00
 0.00000000e+00 0.00000000e+00 0.00000000e+00 0.00000000e+00
 0.00000000e+00 0.00000000e+00 0.00000000e+00 0.00000000e+00
 0.00000000e+00]
New op index: 10	$R_Y$[3]
Current grad: 6.535442953813969e-07
[ 3.14159265  3.14159265  3.14159265  3.14159265 -3.14159265  3.14159265
  3.14159265  3.14159265  3.14159265  3.14159265  3.14159264  3.14159265
  3.14159265 -3.14159265  3.14159265  3.14159265  3.14159265  3.14159265
  3.14159265  3.14159265  3.14159265  3.14159265 -3.14159265  3.14159265
  3.14159265  3.14159265  3.14159265  3.14159265  3.14159265  3.14159265
  3.14159265  3.14159265  3.14159265  3.14159265  3.14159265  3.14159265
  3.14159265  3.14159265  3.14159265  3.14159265  3.14159265  3.14159265
  3.14159265  3.14159265  3.14159265] 
 [0.00000000e+00 0.00000000e+00 0.00000000e+00 0.00000000e+00
 0.00000000e+00 0.00000000e+00 0.00000000e+00 0.00000000e+00
 0.00000000e+00 0.00000000e+00 7.10542736e-15 0.00000000e+00
 0.00000000e+00 0.00000000e+00 0.00000000e+00 0.00000000e+00
 0.00000000e+00 0.00000000e+00 0.00000000e+00 0.00000000e+00
 0.00000000e+00 0.00000000e+00 0.00000000e+00 0.00000000e+00
 0.00000000e+00 0.00000000e+00 0.00000000e+00 0.00000000e+00
 0.00000000e+00 0.00000000e+00 0.00000000e+00 0.00000000e+00
 0.00000000e+00 0.00000000e+00 0.00000000e+00 0.00000000e+00
 0.00000000e+00 0.00000000e+00 0.00000000e+00 0.00000000e+00
 0.00000000e+00 0.00000000e+00 0.00000000e+00 0.00000000e+00
 0.00000000e+00]
Precision cutoff reached.
Calculating energies for FreeWilson2D(N_x=2, N_y=2, mass=-0.449, r=1.000)
h_im: 0.0
New op index: 10	$R_Y$[3]
Current grad: 4.2040816326530575
[ 3.14159265  1.57079633  3.14159265  3.14159265 -1.57079633  3.14159265
  3.14159265  1.57079633  3.14159265  3.14159265 -0.99812994  0.
  3.14159265 -0.99812994  0.          3.14159265  1.57079633  3.14159265
  3.14159265 -1.57079633  3.14159265  3.14159265  1.57079633  3.14159265
  3.14159265  3.14159265  3.14159265  3.14159265  3.14159265  3.14159265
  3.14159265  0.          0.          3.14159265  3.14159265  3.14159265
  3.14159265  0.          0.          3.14159265  3.14159265  3.14159265
  3.14159265  3.14159265  3.14159265] 
 [0.        0.7755102 0.        0.        0.2755102 0.        0.
 0.2755102 0.        0.        1.4227221 1.        0.        1.4227221
 1.        0.        0.2755102 0.        0.        0.2755102 0.
 0.        0.7755102 0.        0.        0.        0.        0.
 0.        0.        0.        1.        1.        0.        0.
 0.        0.        1.        1.        0.        0.        0.
 0.        0.        0.       ]
New op index: 7	$R_Y$[2]
Current grad: 295.2869096052559
[3.14159265 1.57079633 3.14159265 3.14159265 1.57079633 3.14159265
 3.14159265 1.57079633 3.14159265 3.14159265 3.14159265 3.14159265
 3.14159265 1.57743243 3.14159265 3.14159265 1.57079633 3.14159265
 0.         1.57079633 3.14159265 3.14159265 1.57079633 3.14159265
 3.14159265 3.14159265 3.14159265 3.14159265 3.14159265 3.14159265
 3.14159265 3.14159265 3.14159265 3.14159265 3.14159265 3.14159265
 3.14159265 3.14159265 3.14159265 0.         0.         3.14159265
 0.         0.         3.14159265] 
 [0.00000000e+00 4.27984661e+01 0.00000000e+00 0.00000000e+00
 4.17474457e+01 0.00000000e+00 0.00000000e+00 4.30694036e+01
 0.00000000e+00 0.00000000e+00 0.00000000e+00 0.00000000e+00
 0.00000000e+00 4.05571777e+01 0.00000000e+00 0.00000000e+00
 4.22984661e+01 0.00000000e+00 5.54799970e-15 4.17474457e+01
 0.00000000e+00 0.00000000e+00 4.27984661e+01 0.00000000e+00
 0.00000000e+00 0.00000000e+00 0.00000000e+00 0.00000000e+00
 0.00000000e+00 0.00000000e+00 0.00000000e+00 0.00000000e+00
 0.00000000e+00 0.00000000e+00 0.00000000e+00 0.00000000e+00
 0.00000000e+00 0.00000000e+00 0.00000000e+00 5.54488428e-15
 5.57263986e-15 0.00000000e+00 4.20638581e-15 4.17863023e-15
 0.00000000e+00]
New op index: 4	$R_Y$[1]
Current grad: 3.653061224489807
[ 3.14159265  1.57079633  3.14159265  3.14159265 -1.58333426  3.14159265
  3.14159265 -3.14159265  3.14159265  3.14159265 -3.14159265  3.14159265
  0.         -1.58333426  3.14159265  0.          1.57079633  3.14159265
  0.         -1.57079633  0.          0.          1.57079633  3.14159265
  3.14159265  3.14159265  3.14159265  3.14159265  3.14159265  3.14159265
  3.14159265  3.14159265  3.14159265  3.14159265  3.14159265  3.14159265
  0.          3.14159265  3.14159265  0.          0.          0.
  0.          0.          0.        ] 
 [0.00000000e+00 7.65816158e-01 0.00000000e+00 0.00000000e+00
 7.75420614e-01 0.00000000e+00 0.00000000e+00 0.00000000e+00
 0.00000000e+00 0.00000000e+00 0.00000000e+00 0.00000000e+00
 9.81488913e-32 7.75420614e-01 0.00000000e+00 4.19732276e-15
 2.65816158e-01 0.00000000e+00 2.79708229e-15 2.85204251e-01
 2.77555756e-17 8.24680460e-15 7.65816158e-01 0.00000000e+00
 0.00000000e+00 0.00000000e+00 0.00000000e+00 0.00000000e+00
 0.00000000e+00 0.00000000e+00 0.00000000e+00 0.00000000e+00
 0.00000000e+00 0.00000000e+00 0.00000000e+00 0.00000000e+00
 4.19732276e-15 0.00000000e+00 0.00000000e+00 4.16333634e-15
 4.19109192e-15 2.77555756e-17 8.21281818e-15 8.29608491e-15
 2.77555756e-17]
New op index: 22	$R_Y$[7]
Current grad: 210.71443948972802
[ 3.14159265  1.57085928  3.14159265  3.14159265  3.14159265  3.14159265
  3.14159265 -3.14159265  3.14159265  3.14159265  3.14159137  3.14159265
  3.14159265  1.57737482  3.14159265  3.14159265  1.57079633  0.
  3.14159265  1.57079633  3.14159265  3.14159265  1.57079633  0.
  3.14159265  3.14159265  3.14159265  3.14159265  3.14159265  3.14159265
  3.14159265  3.14159265  3.14159265  3.14159265  3.14159265  3.14159265
  3.14159265  3.14159265  3.14159265  3.14159265  3.14159265  0.
  3.14159265  3.14159265  0.        ] 
 [0.00000000e+00 4.27601511e+01 0.00000000e+00 0.00000000e+00
 0.00000000e+00 0.00000000e+00 0.00000000e+00 0.00000000e+00
 0.00000000e+00 0.00000000e+00 7.81597009e-13 0.00000000e+00
 0.00000000e+00 4.09438471e+01 0.00000000e+00 0.00000000e+00
 4.22628432e+01 4.70531037e-17 0.00000000e+00 4.17118228e+01
 0.00000000e+00 0.00000000e+00 4.27628432e+01 6.45822388e-17
 0.00000000e+00 0.00000000e+00 0.00000000e+00 0.00000000e+00
 0.00000000e+00 0.00000000e+00 0.00000000e+00 0.00000000e+00
 0.00000000e+00 0.00000000e+00 0.00000000e+00 0.00000000e+00
 0.00000000e+00 0.00000000e+00 0.00000000e+00 0.00000000e+00
 0.00000000e+00 2.72174384e-17 0.00000000e+00 0.00000000e+00
 4.47465735e-17]
New op index: 19	$R_Y$[6]
Current grad: 2.5971174254464118
[ 3.14159265  1.57714514  3.14159265  3.14159265  3.14159265  3.14159265
  3.14159265  3.14159265  3.14159265  3.14159265  3.14159265  3.14159265
  0.         -1.57718631  3.14159265  3.14159265  1.57079633  3.14159265
  3.14159265 -1.57079633  0.          3.14159265 -3.14159265  3.14159265
  3.14159265  3.14159265  3.14159265  3.14159265  3.14159265  3.14159265
  3.14159265  3.14159265  3.14159265  3.14159265  3.14159265  3.14159265
  3.14159265  3.14159265  3.14159265  3.14159265  3.14159265  0.
  3.14159265  3.14159265  0.        ] 
 [0.00000000e+00 7.70601499e-01 0.00000000e+00 0.00000000e+00
 0.00000000e+00 0.00000000e+00 0.00000000e+00 0.00000000e+00
 0.00000000e+00 0.00000000e+00 0.00000000e+00 0.00000000e+00
 3.33704175e-16 7.65679144e-01 0.00000000e+00 0.00000000e+00
 2.75509499e-01 0.00000000e+00 0.00000000e+00 7.75510909e-01
 3.90992745e-18 0.00000000e+00 0.00000000e+00 0.00000000e+00
 0.00000000e+00 0.00000000e+00 0.00000000e+00 0.00000000e+00
 0.00000000e+00 0.00000000e+00 0.00000000e+00 0.00000000e+00
 0.00000000e+00 0.00000000e+00 0.00000000e+00 0.00000000e+00
 0.00000000e+00 0.00000000e+00 0.00000000e+00 0.00000000e+00
 0.00000000e+00 3.90992745e-18 0.00000000e+00 0.00000000e+00
 3.90992745e-18]
New op index: 1	$R_Y$[0]
Current grad: 126.7077351061655
[ 3.14159265  1.57085931  3.14159265  3.14159265 -3.14159265  3.14159265
  3.14159265 -3.14159265  3.14159265  3.14159265  3.14159236  3.14159265
  3.14159265  1.57738082  3.14159265  0.          1.57085937  3.14159265
  3.14159265  3.14159265  0.          3.14159265  3.14159265  3.14159265
  3.14159265  3.14159265  3.14159265  3.14159265  3.14159265  3.14159265
  3.14159265  3.14159265  3.14159265  3.14159265  3.14159265  3.14159265
  0.          3.14159265  3.14159265  3.14159265  3.14159265  3.14159265
  3.14159265  3.14159265  3.14159265] 
 [0.00000000e+00 4.27494717e+01 0.00000000e+00 0.00000000e+00
 0.00000000e+00 0.00000000e+00 0.00000000e+00 0.00000000e+00
 0.00000000e+00 0.00000000e+00 4.13002965e-14 0.00000000e+00
 0.00000000e+00 4.09329921e+01 0.00000000e+00 1.61060534e-14
 4.27494689e+01 0.00000000e+00 0.00000000e+00 0.00000000e+00
 1.25664986e-34 0.00000000e+00 0.00000000e+00 0.00000000e+00
 0.00000000e+00 0.00000000e+00 0.00000000e+00 0.00000000e+00
 0.00000000e+00 0.00000000e+00 0.00000000e+00 0.00000000e+00
 0.00000000e+00 0.00000000e+00 0.00000000e+00 0.00000000e+00
 1.22132334e-14 0.00000000e+00 0.00000000e+00 0.00000000e+00
 0.00000000e+00 0.00000000e+00 0.00000000e+00 0.00000000e+00
 0.00000000e+00]
New op index: 13	$R_Y$[4]
Current grad: 1.5510204083064483
[ 3.14159265  3.14159265  3.14159265  3.14159265 -3.14159265  3.14159265
  3.14159265 -3.14159265  3.14159265  3.14159265  3.14159265  3.14159265
  3.14159265 -1.57714574  3.14159265  3.14159265  1.57714514  3.14159265
  3.14159265 -3.14159265  3.14159265  3.14159265  3.14159265  3.14159265
  3.14159265  3.14159265  3.14159265  3.14159265  3.14159265  3.14159265
  3.14159265  3.14159265  3.14159265  3.14159265  3.14159265  3.14159265
  3.14159265  3.14159265  3.14159265  3.14159265  3.14159265  3.14159265
  3.14159265  3.14159265  3.14159265] 
 [0.         0.         0.         0.         0.         0.
 0.         0.         0.         0.         0.         0.
 0.         0.77060243 0.         0.         0.7706015  0.
 0.         0.         0.         0.         0.         0.
 0.         0.         0.         0.         0.         0.
 0.         0.         0.         0.         0.         0.
 0.         0.         0.         0.         0.         0.
 0.         0.         0.        ]
New op index: 16	$R_Y$[5]
Current grad: 50.77679861589033
[ 3.14159265 -3.14159265  3.14159265  3.14159265  3.14159265  3.14159265
  3.14159265 -3.14159265  3.14159265  3.14159265  3.14150179  3.14159265
  3.14159265  3.14159265  3.14159265  3.14159265  1.57089404  3.14159265
  3.14159265 -3.14159265  0.          3.14159265 -3.14159265  3.14159265
  3.14159265  3.14159265  3.14159265  3.14159265  3.14159265  3.14159265
  3.14159265  3.14159265  3.14159265  3.14159265  3.14159265  3.14159265
  3.14159265  3.14159265  3.14159265  3.14159265  3.14159265  3.14159265
  3.14159265  3.14159265  3.14159265] 
 [0.00000000e+00 0.00000000e+00 0.00000000e+00 0.00000000e+00
 0.00000000e+00 0.00000000e+00 0.00000000e+00 0.00000000e+00
 0.00000000e+00 0.00000000e+00 3.20647486e-09 0.00000000e+00
 0.00000000e+00 0.00000000e+00 0.00000000e+00 0.00000000e+00
 5.07717668e+01 0.00000000e+00 0.00000000e+00 0.00000000e+00
 8.38583114e-34 0.00000000e+00 0.00000000e+00 0.00000000e+00
 0.00000000e+00 0.00000000e+00 0.00000000e+00 0.00000000e+00
 0.00000000e+00 0.00000000e+00 0.00000000e+00 0.00000000e+00
 0.00000000e+00 0.00000000e+00 0.00000000e+00 0.00000000e+00
 0.00000000e+00 0.00000000e+00 0.00000000e+00 0.00000000e+00
 0.00000000e+00 0.00000000e+00 0.00000000e+00 0.00000000e+00
 0.00000000e+00]
New op index: 4	$R_Y$[1]
Current grad: 1.8579018962895274e-06
[ 3.14159265 -3.14159265  3.14159265  3.14159265 -3.14159262  3.14159265
  3.14159265  3.14159265  3.14159265  3.14159265  3.14159265  3.14159265
  3.14159265  3.14159265  3.14159265  3.14159265  3.14159265  3.14159265
  3.14159265  3.14159265  3.14159265  3.14159265 -3.14159265  3.14159265
  3.14159265  3.14159265  3.14159265  3.14159265  3.14159265  3.14159265
  3.14159265  3.14159265  3.14159265  3.14159265  3.14159265  3.14159265
  3.14159265  3.14159265  3.14159265  3.14159265  3.14159265  3.14159265
  3.14159265  3.14159265  3.14159265] 
 [0.00000000e+00 0.00000000e+00 0.00000000e+00 0.00000000e+00
 2.13162821e-14 0.00000000e+00 0.00000000e+00 0.00000000e+00
 0.00000000e+00 0.00000000e+00 0.00000000e+00 0.00000000e+00
 0.00000000e+00 0.00000000e+00 0.00000000e+00 0.00000000e+00
 0.00000000e+00 0.00000000e+00 0.00000000e+00 0.00000000e+00
 0.00000000e+00 0.00000000e+00 0.00000000e+00 0.00000000e+00
 0.00000000e+00 0.00000000e+00 0.00000000e+00 0.00000000e+00
 0.00000000e+00 0.00000000e+00 0.00000000e+00 0.00000000e+00
 0.00000000e+00 0.00000000e+00 0.00000000e+00 0.00000000e+00
 0.00000000e+00 0.00000000e+00 0.00000000e+00 0.00000000e+00
 0.00000000e+00 0.00000000e+00 0.00000000e+00 0.00000000e+00
 0.00000000e+00]
Precision cutoff reached.
Calculating energies for FreeWilson2D(N_x=2, N_y=2, mass=-0.286, r=1.000)
h_im: 0.0
New op index: 10	$R_Y$[3]
Current grad: 4.8571428571428505
[ 3.14159265  1.57079633  3.14159265  3.14159265 -1.57079633  3.14159265
  3.14159265  1.57079633  3.14159265  3.14159265 -1.04272188  0.
  3.14159265 -1.04272188  0.          3.14159265  1.57079633  3.14159265
  3.14159265 -1.57079633  3.14159265  3.14159265  1.57079633  3.14159265
  3.14159265  3.14159265  3.14159265  3.14159265  3.14159265  3.14159265
  3.14159265  0.          0.          3.14159265  3.14159265  3.14159265
  3.14159265  0.          0.          3.14159265  3.14159265  3.14159265
  3.14159265  3.14159265  3.14159265] 
 [0.         0.85714286 0.         0.         0.35714286 0.
 0.         0.35714286 0.         0.         1.49231743 1.
 0.         1.49231743 1.         0.         0.35714286 0.
 0.         0.35714286 0.         0.         0.85714286 0.
 0.         0.         0.         0.         0.         0.
 0.         1.         1.         0.         0.         0.
 0.         1.         1.         0.         0.         0.
 0.         0.         0.        ]
New op index: 7	$R_Y$[2]
Current grad: 303.49980423391287
[ 3.14159265  1.57079633  3.14159265  3.14159265  1.57079633  3.14159265
  3.14159265  1.57079633  0.          3.14159265 -3.14159265  3.14159265
  3.14159265  1.57680905  3.14159265  3.14159265  1.57079633  0.
  0.          1.57079633  3.14159265  3.14159265  1.57079633  3.14159265
  3.14159265  3.14159265  3.14159265  3.14159265  0.          0.
  3.14159265  3.14159265  3.14159265  3.14159265  3.14159265  3.14159265
  3.14159265  3.14159265  3.14159265  3.14159265  3.14159265  0.
  3.14159265  3.14159265  3.14159265] 
 [0.00000000e+00 4.40460879e+01 0.00000000e+00 0.00000000e+00
 4.28318022e+01 0.00000000e+00 0.00000000e+00 4.42980234e+01
 1.38777878e-17 0.00000000e+00 0.00000000e+00 0.00000000e+00
 0.00000000e+00 4.16487346e+01 0.00000000e+00 0.00000000e+00
 4.35460879e+01 1.38777878e-17 1.98254112e-18 4.28318022e+01
 0.00000000e+00 0.00000000e+00 4.40460879e+01 0.00000000e+00
 0.00000000e+00 0.00000000e+00 0.00000000e+00 0.00000000e+00
 1.38777878e-17 1.38777878e-17 0.00000000e+00 0.00000000e+00
 0.00000000e+00 0.00000000e+00 0.00000000e+00 0.00000000e+00
 0.00000000e+00 0.00000000e+00 0.00000000e+00 0.00000000e+00
 0.00000000e+00 1.38777878e-17 0.00000000e+00 0.00000000e+00
 0.00000000e+00]
New op index: 13	$R_Y$[4]
Current grad: 4.142857142857256
[ 3.14159265  1.57079633  3.14159265  3.14159265 -1.58213582  3.14159265
  3.14159265 -3.14159265  0.          3.14159265  3.14159265  3.14159265
  0.         -1.58213582  3.14159265  0.          1.57079633  0.
  0.         -1.57079633  3.14159265  0.          1.57079633  0.
  3.14159265  3.14159265  3.14159265  3.14159265  3.14159265  3.14159265
  3.14159265  3.14159265  3.14159265  3.14159265  3.14159265  3.14159265
  0.          3.14159265  3.14159265  0.          0.          0.
  0.          0.          0.        ] 
 [0.00000000e+00 8.47479897e-01 0.00000000e+00 0.00000000e+00
 8.57031988e-01 0.00000000e+00 0.00000000e+00 0.00000000e+00
 4.93038066e-32 0.00000000e+00 0.00000000e+00 0.00000000e+00
 4.20056057e-29 8.57031988e-01 0.00000000e+00 4.22466590e-29
 3.47479897e-01 3.86122272e-31 4.21263667e-29 3.66805817e-01
 0.00000000e+00 5.45595315e-15 8.47479897e-01 3.36818466e-31
 0.00000000e+00 0.00000000e+00 0.00000000e+00 0.00000000e+00
 0.00000000e+00 0.00000000e+00 0.00000000e+00 0.00000000e+00
 0.00000000e+00 0.00000000e+00 0.00000000e+00 0.00000000e+00
 6.74113414e-29 0.00000000e+00 0.00000000e+00 6.75321024e-29
 6.74129970e-29 2.17713039e-31 5.45595315e-15 5.45595315e-15
 1.68409233e-31]
New op index: 22	$R_Y$[7]
Current grad: 216.7605694415858
[3.14159265 1.57079633 3.14159265 3.14159265 1.57674702 3.14159265
 3.14159265 3.14159265 3.14159265 3.14159265 3.14159126 3.14159265
 3.14159265 3.14159265 3.14159265 3.14159265 1.57084169 3.14159265
 3.14159265 1.57079633 3.14159265 0.         1.57079633 0.
 3.14159265 3.14159265 3.14159265 3.14159265 3.14159265 3.14159265
 3.14159265 3.14159265 3.14159265 3.14159265 3.14159265 3.14159265
 3.14159265 3.14159265 3.14159265 3.14159265 3.14159265 3.14159265
 3.14159265 3.14159265 3.14159265] 
 [0.00000000e+00 4.40269996e+01 0.00000000e+00 0.00000000e+00
 4.20639462e+01 0.00000000e+00 0.00000000e+00 0.00000000e+00
 0.00000000e+00 0.00000000e+00 9.97868455e-13 0.00000000e+00
 0.00000000e+00 0.00000000e+00 0.00000000e+00 0.00000000e+00
 4.35768743e+01 0.00000000e+00 0.00000000e+00 4.28127139e+01
 0.00000000e+00 9.85243289e-15 4.40269996e+01 1.76420022e-17
 0.00000000e+00 0.00000000e+00 0.00000000e+00 0.00000000e+00
 0.00000000e+00 0.00000000e+00 0.00000000e+00 0.00000000e+00
 0.00000000e+00 0.00000000e+00 0.00000000e+00 0.00000000e+00
 0.00000000e+00 0.00000000e+00 0.00000000e+00 0.00000000e+00
 0.00000000e+00 0.00000000e+00 0.00000000e+00 0.00000000e+00
 0.00000000e+00]
New op index: 19	$R_Y$[6]
Current grad: 2.9236564149303446
[ 3.14159265  1.57079633  3.14159265  3.14159265 -1.57656379  3.14159265
  3.14159265 -3.14159265  3.14159265  3.14159265  3.14159265  3.14159265
  3.14159265 -3.14159265  3.14159265  0.          1.58455686  3.14159265
  0.         -1.57079633  3.14159265  3.14159265 -3.14159265  0.
  3.14159265  3.14159265  3.14159265  3.14159265  3.14159265  3.14159265
  3.14159265  3.14159265  3.14159265  3.14159265  3.14159265  3.14159265
  3.14159265  3.14159265  3.14159265  0.          3.14159265  3.14159265
  3.14159265  3.14159265  3.14159265] 
 [0.00000000e+00 8.57142157e-01 0.00000000e+00 0.00000000e+00
 8.47327467e-01 0.00000000e+00 0.00000000e+00 0.00000000e+00
 0.00000000e+00 0.00000000e+00 0.00000000e+00 0.00000000e+00
 0.00000000e+00 0.00000000e+00 0.00000000e+00 5.49194486e-15
 3.52261196e-01 0.00000000e+00 5.49300313e-15 8.57143558e-01
 0.00000000e+00 0.00000000e+00 0.00000000e+00 4.11968452e-33
 0.00000000e+00 0.00000000e+00 0.00000000e+00 0.00000000e+00
 0.00000000e+00 0.00000000e+00 0.00000000e+00 0.00000000e+00
 0.00000000e+00 0.00000000e+00 0.00000000e+00 0.00000000e+00
 0.00000000e+00 0.00000000e+00 0.00000000e+00 1.10239129e-14
 0.00000000e+00 0.00000000e+00 0.00000000e+00 0.00000000e+00
 0.00000000e+00]
New op index: 1	$R_Y$[0]
Current grad: 130.34463979119317
[ 3.14159265  1.57079633  3.14159265  3.14159265  1.57675175  3.14159265
  3.14159265 -3.14159265  3.14159265  3.14159265 -3.14159215  3.14159265
  3.14159265  3.14159265  3.14159265  0.          1.57090163  3.14159265
  3.14159265 -3.14159265  3.14159265  3.14159265 -3.14159265  3.14159265
  3.14159265  3.14159265  3.14159265  3.14159265  3.14159265  3.14159265
  3.14159265  3.14159265  3.14159265  3.14159265  3.14159265  3.14159265
  3.14159265  3.14159265  3.14159265  3.14159265  3.14159265  3.14159265
  3.14159265  3.14159265  3.14159265] 
 [0.00000000e+00 4.40188785e+01 0.00000000e+00 0.00000000e+00
 4.20556741e+01 0.00000000e+00 0.00000000e+00 0.00000000e+00
 0.00000000e+00 0.00000000e+00 1.31006317e-13 0.00000000e+00
 0.00000000e+00 0.00000000e+00 0.00000000e+00 2.88904598e-16
 4.40142434e+01 0.00000000e+00 0.00000000e+00 0.00000000e+00
 0.00000000e+00 0.00000000e+00 0.00000000e+00 0.00000000e+00
 0.00000000e+00 0.00000000e+00 0.00000000e+00 0.00000000e+00
 0.00000000e+00 0.00000000e+00 0.00000000e+00 0.00000000e+00
 0.00000000e+00 0.00000000e+00 0.00000000e+00 0.00000000e+00
 0.00000000e+00 0.00000000e+00 0.00000000e+00 0.00000000e+00
 0.00000000e+00 0.00000000e+00 0.00000000e+00 0.00000000e+00
 0.00000000e+00]
New op index: 4	$R_Y$[1]
Current grad: 1.7142857144361958
[ 3.14159265 -3.14159265  3.14159265  3.14159265 -1.5765472   3.14159265
  3.14159265 -3.14159265  3.14159265  3.14159265  3.14159265  3.14159265
  3.14159265 -3.14159265  3.14159265  0.          1.58223198  3.14159265
  3.14159265  3.14159265  0.          3.14159265  3.14159265  3.14159265
  3.14159265  3.14159265  3.14159265  3.14159265  3.14159265  3.14159265
  3.14159265  3.14159265  3.14159265  3.14159265  3.14159265  3.14159265
  3.14159265  3.14159265  3.14159265  3.14159265  3.14159265  3.14159265
  3.14159265  3.14159265  3.14159265] 
 [0.00000000e+00 0.00000000e+00 0.00000000e+00 0.00000000e+00
 8.49826401e-01 0.00000000e+00 0.00000000e+00 0.00000000e+00
 0.00000000e+00 0.00000000e+00 0.00000000e+00 0.00000000e+00
 0.00000000e+00 0.00000000e+00 0.00000000e+00 3.08667745e-15
 8.49784134e-01 0.00000000e+00 0.00000000e+00 0.00000000e+00
 1.60926822e-32 0.00000000e+00 0.00000000e+00 0.00000000e+00
 0.00000000e+00 0.00000000e+00 0.00000000e+00 0.00000000e+00
 0.00000000e+00 0.00000000e+00 0.00000000e+00 0.00000000e+00
 0.00000000e+00 0.00000000e+00 0.00000000e+00 0.00000000e+00
 0.00000000e+00 0.00000000e+00 0.00000000e+00 0.00000000e+00
 0.00000000e+00 0.00000000e+00 0.00000000e+00 0.00000000e+00
 0.00000000e+00]
New op index: 16	$R_Y$[5]
Current grad: 50.85843226614014
[ 3.14159265  3.14159265  3.14159265  3.14159265  3.14159265  3.14159265
  3.14159265 -3.14159265  3.14159265  3.14159265  3.14151964  3.14159265
  3.14159265  3.14159265  3.14159265  3.14159265  1.5708938   3.14159265
  3.14159265 -3.14159265  0.          3.14159265 -3.14159265  3.14159265
  3.14159265  3.14159265  3.14159265  3.14159265  3.14159265  3.14159265
  3.14159265  3.14159265  3.14159265  3.14159265  3.14159265  3.14159265
  3.14159265  3.14159265  3.14159265  3.14159265  3.14159265  3.14159265
  3.14159265  3.14159265  3.14159265] 
 [0.00000000e+00 0.00000000e+00 0.00000000e+00 0.00000000e+00
 0.00000000e+00 0.00000000e+00 0.00000000e+00 0.00000000e+00
 0.00000000e+00 0.00000000e+00 2.28808095e-09 0.00000000e+00
 0.00000000e+00 0.00000000e+00 0.00000000e+00 0.00000000e+00
 5.08534124e+01 0.00000000e+00 0.00000000e+00 0.00000000e+00
 4.70793088e-34 0.00000000e+00 0.00000000e+00 0.00000000e+00
 0.00000000e+00 0.00000000e+00 0.00000000e+00 0.00000000e+00
 0.00000000e+00 0.00000000e+00 0.00000000e+00 0.00000000e+00
 0.00000000e+00 0.00000000e+00 0.00000000e+00 0.00000000e+00
 0.00000000e+00 0.00000000e+00 0.00000000e+00 0.00000000e+00
 0.00000000e+00 0.00000000e+00 0.00000000e+00 0.00000000e+00
 0.00000000e+00]
New op index: 0	$R_X$[0]
Current grad: 7.4628605209096e-07
[ 3.14159265  3.14159265  3.14159265  3.14159265 -3.14159265  3.14159265
  3.14159265  3.14159265  3.14159265  3.14159265  3.14159265  3.14159265
  3.14159265 -3.14159264  3.14159265  3.14159265 -3.14159265  3.14159265
  3.14159265  3.14159265  3.14159265  3.14159265 -3.14159265  3.14159265
  3.14159265  3.14159265  3.14159265  3.14159265  3.14159265  3.14159265
  3.14159265  3.14159265  3.14159265  3.14159265  3.14159265  3.14159265
  3.14159265  3.14159265  3.14159265  3.14159265  3.14159265  3.14159265
  3.14159265  3.14159265  3.14159265] 
 [0. 0. 0. 0. 0. 0. 0. 0. 0. 0. 0. 0. 0. 0. 0. 0. 0. 0. 0. 0. 0. 0. 0. 0.
 0. 0. 0. 0. 0. 0. 0. 0. 0. 0. 0. 0. 0. 0. 0. 0. 0. 0. 0. 0. 0.]
Precision cutoff reached.
Calculating energies for FreeWilson2D(N_x=2, N_y=2, mass=-0.122, r=1.000)
h_im: 0.0
New op index: 10	$R_Y$[3]
Current grad: 5.510204081632645
[ 3.14159265  1.57079633  3.14159265  3.14159265 -1.57079633  3.14159265
  3.14159265  1.57079633  3.14159265  3.14159265 -1.08140333  0.
  3.14159265 -1.08140333  0.          3.14159265  1.57079633  3.14159265
  3.14159265 -1.57079633  3.14159265  3.14159265  1.57079633  3.14159265
  3.14159265  3.14159265  3.14159265  3.14159265  3.14159265  3.14159265
  3.14159265  0.          0.          3.14159265  3.14159265  3.14159265
  3.14159265  0.          0.          3.14159265  3.14159265  3.14159265
  3.14159265  3.14159265  3.14159265] 
 [0.         0.93877551 0.         0.         0.43877551 0.
 0.         0.43877551 0.         0.         1.56362562 1.
 0.         1.56362562 1.         0.         0.43877551 0.
 0.         0.43877551 0.         0.         0.93877551 0.
 0.         0.         0.         0.         0.         0.
 0.         1.         1.         0.         0.         0.
 0.         1.         1.         0.         0.         0.
 0.         0.         0.        ]
New op index: 7	$R_Y$[2]
Current grad: 310.148940799273
[ 3.14159265  1.57079633  3.14159265  3.14159265  1.57079633  3.14159265
  3.14159265  1.57079633  3.14159265  3.14159265 -3.14159265  3.14159265
  3.14159265  1.5762943   3.14159265  3.14159265  1.57079633  3.14159265
  0.          1.57079633  3.14159265  0.          1.57079633  3.14159265
  3.14159265  3.14159265  3.14159265  3.14159265  3.14159265  3.14159265
  3.14159265  3.14159265  3.14159265  3.14159265  3.14159265  3.14159265
  3.14159265  3.14159265  3.14159265  0.          0.          3.14159265
  0.          0.          3.14159265] 
 [0.00000000e+00 4.50696940e+01 0.00000000e+00 0.00000000e+00
 4.36921430e+01 0.00000000e+00 0.00000000e+00 4.53047391e+01
 0.00000000e+00 0.00000000e+00 0.00000000e+00 0.00000000e+00
 0.00000000e+00 4.25164348e+01 0.00000000e+00 0.00000000e+00
 4.45696940e+01 0.00000000e+00 5.55111512e-15 4.36921430e+01
 0.00000000e+00 5.55111512e-15 4.50696940e+01 0.00000000e+00
 0.00000000e+00 0.00000000e+00 0.00000000e+00 0.00000000e+00
 0.00000000e+00 0.00000000e+00 0.00000000e+00 0.00000000e+00
 0.00000000e+00 0.00000000e+00 0.00000000e+00 0.00000000e+00
 0.00000000e+00 0.00000000e+00 0.00000000e+00 5.55111512e-15
 5.55111512e-15 0.00000000e+00 1.11022302e-14 1.11022302e-14
 0.00000000e+00]
New op index: 4	$R_Y$[1]
Current grad: 4.632653061224618
[ 3.14159265  1.57079633  3.14159265  3.14159265 -1.58114363  3.14159265
  3.14159265 -3.14159265  3.14159265  3.14159265  3.14159265  3.14159265
  0.         -1.58114363  3.14159265  3.14159265  1.57079633  3.14159265
  3.14159265 -1.57079633  0.          0.          1.57079633  3.14159265
  3.14159265  3.14159265  3.14159265  3.14159265  3.14159265  3.14159265
  3.14159265  3.14159265  3.14159265  3.14159265  3.14159265  3.14159265
  3.14159265  3.14159265  3.14159265  0.          0.          3.14159265
  0.          0.          3.14159265] 
 [0.00000000e+00 9.29143487e-01 0.00000000e+00 0.00000000e+00
 9.38644492e-01 0.00000000e+00 0.00000000e+00 0.00000000e+00
 0.00000000e+00 0.00000000e+00 0.00000000e+00 0.00000000e+00
 9.80846654e-32 9.38644492e-01 0.00000000e+00 0.00000000e+00
 4.29143487e-01 0.00000000e+00 0.00000000e+00 4.48407533e-01
 1.38777878e-17 2.64442663e-15 9.29143487e-01 0.00000000e+00
 0.00000000e+00 0.00000000e+00 0.00000000e+00 0.00000000e+00
 0.00000000e+00 0.00000000e+00 0.00000000e+00 0.00000000e+00
 0.00000000e+00 0.00000000e+00 0.00000000e+00 0.00000000e+00
 0.00000000e+00 0.00000000e+00 0.00000000e+00 1.38777878e-15
 1.37390099e-15 0.00000000e+00 4.04523354e-15 4.05911132e-15
 0.00000000e+00]
New op index: 22	$R_Y$[7]
Current grad: 221.280593066542
[ 3.14159265  1.57085472  3.14159265  3.14159265 -3.14159265  3.14159265
  3.14159265 -3.14159265  3.14159265  3.14159265  3.1415921   3.14159265
  3.14159265  1.57626059  3.14159265  3.14159265  1.57079633  0.
  0.          1.57079633  3.14159265  0.          1.57079633  0.
  3.14159265  3.14159265  3.14159265  3.14159265  3.14159265  3.14159265
  3.14159265  3.14159265  3.14159265  3.14159265  3.14159265  3.14159265
  3.14159265  3.14159265  3.14159265  0.          0.          0.
  0.          0.          0.        ] 
 [0.00000000e+00 4.50040471e+01 0.00000000e+00 0.00000000e+00
 0.00000000e+00 0.00000000e+00 0.00000000e+00 0.00000000e+00
 0.00000000e+00 0.00000000e+00 1.66089364e-13 0.00000000e+00
 0.00000000e+00 4.28964031e+01 0.00000000e+00 0.00000000e+00
 4.45066751e+01 1.88702000e-17 7.30219701e-16 4.36291241e+01
 0.00000000e+00 7.54436144e-16 4.50066751e+01 2.20069748e-17
 0.00000000e+00 0.00000000e+00 0.00000000e+00 0.00000000e+00
 0.00000000e+00 0.00000000e+00 0.00000000e+00 0.00000000e+00
 0.00000000e+00 0.00000000e+00 0.00000000e+00 0.00000000e+00
 0.00000000e+00 0.00000000e+00 0.00000000e+00 1.94466885e-15
 1.90297912e-15 1.48015203e-17 8.92657721e-15 8.85410786e-15
 1.79382950e-17]
New op index: 19	$R_Y$[6]
Current grad: 3.2501944292491785
[ 3.14159265  1.57602421  3.14159265  3.14159265 -3.14159265  3.14159265
  3.14159265  3.14159265  3.14159265  3.14159265  3.14159265  3.14159265
  0.         -1.57605218  3.14159265  0.          1.57079633  3.14159265
  0.         -1.57079633  0.          3.14159265 -3.14159265  3.14159265
  3.14159265  3.14159265  3.14159265  3.14159265  3.14159265  3.14159265
  3.14159265  3.14159265  3.14159265  3.14159265  3.14159265  3.14159265
  0.          3.14159265  3.14159265  0.          0.          0.
  3.14159265  3.14159265  0.        ] 
 [0.00000000e+00 9.33879795e-01 0.00000000e+00 0.00000000e+00
 0.00000000e+00 0.00000000e+00 0.00000000e+00 0.00000000e+00
 0.00000000e+00 0.00000000e+00 0.00000000e+00 0.00000000e+00
 1.03781525e-14 9.28973172e-01 0.00000000e+00 4.67591461e-15
 4.38774814e-01 0.00000000e+00 7.49833747e-15 9.38776206e-01
 5.12930759e-17 0.00000000e+00 0.00000000e+00 0.00000000e+00
 0.00000000e+00 0.00000000e+00 0.00000000e+00 0.00000000e+00
 0.00000000e+00 0.00000000e+00 0.00000000e+00 0.00000000e+00
 0.00000000e+00 0.00000000e+00 0.00000000e+00 0.00000000e+00
 1.48474603e-14 0.00000000e+00 0.00000000e+00 1.19676421e-14
 1.19121325e-14 5.12930759e-17 0.00000000e+00 0.00000000e+00
 5.12930759e-17]
New op index: 1	$R_Y$[0]
Current grad: 133.12562826264968
[ 3.14159265  1.57085473  3.14159265  3.14159265  3.14159265  3.14159265
  3.14159265  3.14159265  3.14159265  3.14159265 -3.14159246  3.14159265
  0.          1.57626448  3.14159265  0.          1.57085481  3.14159265
  3.14159265 -3.14159265  3.14159265  3.14159265 -3.14159265  3.14159265
  3.14159265  3.14159265  3.14159265  3.14159265  3.14159265  3.14159265
  3.14159265  3.14159265  3.14159265  3.14159265  3.14159265  3.14159265
  0.          3.14159265  3.14159265  3.14159265  3.14159265  3.14159265
  3.14159265  3.14159265  3.14159265] 
 [0.00000000e+00 4.49976586e+01 0.00000000e+00 0.00000000e+00
 0.00000000e+00 0.00000000e+00 0.00000000e+00 0.00000000e+00
 0.00000000e+00 0.00000000e+00 2.02060590e-14 0.00000000e+00
 6.01197382e-15 4.28898825e+01 0.00000000e+00 5.27313055e-16
 4.49976552e+01 0.00000000e+00 0.00000000e+00 0.00000000e+00
 0.00000000e+00 0.00000000e+00 0.00000000e+00 0.00000000e+00
 0.00000000e+00 0.00000000e+00 0.00000000e+00 0.00000000e+00
 0.00000000e+00 0.00000000e+00 0.00000000e+00 0.00000000e+00
 0.00000000e+00 0.00000000e+00 0.00000000e+00 0.00000000e+00
 5.69017947e-15 0.00000000e+00 0.00000000e+00 0.00000000e+00
 0.00000000e+00 0.00000000e+00 0.00000000e+00 0.00000000e+00
 0.00000000e+00]
New op index: 13	$R_Y$[4]
Current grad: 1.8775510205653485
[ 3.14159265 -3.14159265  0.          3.14159265 -3.14159265  3.14159265
  3.14159265 -3.14159265  0.          3.14159265  3.14159265  3.14159265
  3.14159265 -1.5760247   3.14159265  3.14159265  1.57602421  3.14159265
  3.14159265  3.14159265  0.          3.14159265  3.14159265  3.14159265
  3.14159265  3.14159265  3.14159265  3.14159265  3.14159265  3.14159265
  3.14159265  3.14159265  3.14159265  3.14159265  3.14159265  3.14159265
  3.14159265  3.14159265  3.14159265  3.14159265  3.14159265  3.14159265
  3.14159265  3.14159265  3.14159265] 
 [0.00000000e+00 0.00000000e+00 2.82266936e-29 0.00000000e+00
 0.00000000e+00 0.00000000e+00 0.00000000e+00 0.00000000e+00
 2.74378087e-29 0.00000000e+00 0.00000000e+00 0.00000000e+00
 0.00000000e+00 9.33880717e-01 0.00000000e+00 0.00000000e+00
 9.33879795e-01 0.00000000e+00 0.00000000e+00 0.00000000e+00
 4.93038066e-32 0.00000000e+00 0.00000000e+00 0.00000000e+00
 0.00000000e+00 0.00000000e+00 0.00000000e+00 0.00000000e+00
 0.00000000e+00 0.00000000e+00 0.00000000e+00 0.00000000e+00
 0.00000000e+00 0.00000000e+00 0.00000000e+00 0.00000000e+00
 0.00000000e+00 0.00000000e+00 0.00000000e+00 0.00000000e+00
 0.00000000e+00 0.00000000e+00 0.00000000e+00 0.00000000e+00
 0.00000000e+00]
New op index: 16	$R_Y$[5]
Current grad: 50.94004038225424
[ 3.14159265 -3.14159265  3.14159265  3.14159265  3.14159265  3.14159265
  3.14159265 -3.14159265  3.14159265  3.14159265  3.14155192  3.14159265
  3.14159265 -3.14159265  3.14159265  0.          1.57089357  3.14159265
  3.14159265  3.14159265  3.14159265  3.14159265 -3.14159265  3.14159265
  3.14159265  3.14159265  3.14159265  3.14159265  3.14159265  3.14159265
  3.14159265  3.14159265  3.14159265  3.14159265  3.14159265  3.14159265
  3.14159265  3.14159265  3.14159265  3.14159265  3.14159265  3.14159265
  3.14159265  3.14159265  3.14159265] 
 [0.00000000e+00 0.00000000e+00 0.00000000e+00 0.00000000e+00
 0.00000000e+00 0.00000000e+00 0.00000000e+00 0.00000000e+00
 0.00000000e+00 0.00000000e+00 7.79914577e-10 0.00000000e+00
 0.00000000e+00 0.00000000e+00 0.00000000e+00 1.45892828e-14
 5.09350489e+01 0.00000000e+00 0.00000000e+00 0.00000000e+00
 0.00000000e+00 0.00000000e+00 0.00000000e+00 0.00000000e+00
 0.00000000e+00 0.00000000e+00 0.00000000e+00 0.00000000e+00
 0.00000000e+00 0.00000000e+00 0.00000000e+00 0.00000000e+00
 0.00000000e+00 0.00000000e+00 0.00000000e+00 0.00000000e+00
 0.00000000e+00 0.00000000e+00 0.00000000e+00 0.00000000e+00
 0.00000000e+00 0.00000000e+00 0.00000000e+00 0.00000000e+00
 0.00000000e+00]
New op index: 0	$R_X$[0]
Current grad: 3.090852170361293e-07
[ 3.14159265  3.14159265  3.14159265  3.14159265 -3.14159265  3.14159265
  3.14159265  3.14159265  3.14159265  3.14159265  3.14159265  3.14159265
  3.14159265  3.14159265  3.14159265  3.14159265 -3.14159265  3.14159265
  3.14159265  3.14159265  3.14159265  3.14159265 -3.14159265  3.14159265
  3.14159265  3.14159265  3.14159265  3.14159265  3.14159265  3.14159265
  3.14159265  3.14159265  3.14159265  3.14159265  3.14159265  3.14159265
  3.14159265  3.14159265  3.14159265  3.14159265  3.14159265  3.14159265
  3.14159265  3.14159265  3.14159265] 
 [0. 0. 0. 0. 0. 0. 0. 0. 0. 0. 0. 0. 0. 0. 0. 0. 0. 0. 0. 0. 0. 0. 0. 0.
 0. 0. 0. 0. 0. 0. 0. 0. 0. 0. 0. 0. 0. 0. 0. 0. 0. 0. 0. 0. 0.]
Precision cutoff reached.
Calculating energies for FreeWilson2D(N_x=2, N_y=2, mass=0.041, r=1.000)
h_im: 0.0
New op index: 10	$R_Y$[3]
Current grad: 6.163265306122442
[ 3.14159265  1.57079633  3.14159265  3.14159265 -1.57079633  3.14159265
  3.14159265  1.57079633  3.14159265  3.14159265 -1.11518067  0.
  3.14159265 -1.11518067  0.          3.14159265  1.57079633  3.14159265
  3.14159265 -1.57079633  3.14159265  3.14159265  1.57079633  3.14159265
  3.14159265  3.14159265  3.14159265  3.14159265  3.14159265  3.14159265
  3.14159265  0.          0.          3.14159265  3.14159265  3.14159265
  3.14159265  0.          0.          3.14159265  3.14159265  3.14159265
  3.14159265  3.14159265  3.14159265] 
 [0.         1.02040816 0.         0.         0.52040816 0.
 0.         0.52040816 0.         0.         1.63632426 1.
 0.         1.63632426 1.         0.         0.52040816 0.
 0.         0.52040816 0.         0.         1.02040816 0.
 0.         0.         0.         0.         0.         0.
 0.         1.         1.         0.         0.         0.
 0.         1.         1.         0.         0.         0.
 0.         0.         0.        ]
New op index: 7	$R_Y$[2]
Current grad: 315.5880261885001
[ 3.14159265  1.57079633  3.14159265  3.14159265  1.57079633  3.14159265
  3.14159265  1.57079633  0.          3.14159265 -3.14159265  3.14159265
  3.14159265  1.57586207  3.14159265  0.          1.57079633  0.
  0.          1.57079633  3.14159265  3.14159265  1.57079633  3.14159265
  3.14159265  3.14159265  3.14159265  3.14159265  0.          0.
  3.14159265  3.14159265  3.14159265  3.14159265  3.14159265  3.14159265
  3.14159265  3.14159265  3.14159265  0.          0.          3.14159265
  0.          0.          3.14159265] 
 [0.00000000e+00 4.59199232e+01 0.00000000e+00 0.00000000e+00
 4.43791069e+01 0.00000000e+00 0.00000000e+00 4.61399309e+01
 5.55111512e-17 0.00000000e+00 0.00000000e+00 0.00000000e+00
 0.00000000e+00 4.32106614e+01 0.00000000e+00 5.77769125e-17
 4.54199232e+01 5.55111512e-17 5.55111512e-15 4.43791069e+01
 0.00000000e+00 0.00000000e+00 4.59199232e+01 0.00000000e+00
 0.00000000e+00 0.00000000e+00 0.00000000e+00 0.00000000e+00
 5.55111512e-17 5.55111512e-17 0.00000000e+00 0.00000000e+00
 0.00000000e+00 0.00000000e+00 0.00000000e+00 0.00000000e+00
 0.00000000e+00 0.00000000e+00 0.00000000e+00 5.60889204e-15
 5.71991434e-15 0.00000000e+00 5.55111512e-15 5.49560397e-15
 0.00000000e+00]
New op index: 13	$R_Y$[4]
Current grad: 5.122448979591858
[ 3.14159265  1.57079633  3.14159265  3.14159265 -1.58030869  3.14159265
  3.14159265 -3.14159265  3.14159265  3.14159265 -3.14159265  3.14159265
  0.         -1.58030869  3.14159265  0.          1.57079633  0.
  3.14159265 -1.57079633  3.14159265  3.14159265  1.57079633  0.
  3.14159265  3.14159265  3.14159265  3.14159265  3.14159265  3.14159265
  3.14159265  3.14159265  3.14159265  3.14159265  3.14159265  3.14159265
  0.          3.14159265  3.14159265  3.14159265  3.14159265  0.
  0.          0.          0.        ] 
 [0.00000000e+00 1.01080693e+00 0.00000000e+00 0.00000000e+00
 1.02025788e+00 0.00000000e+00 0.00000000e+00 0.00000000e+00
 0.00000000e+00 0.00000000e+00 0.00000000e+00 0.00000000e+00
 1.87795551e-30 1.02025788e+00 0.00000000e+00 1.89342310e-30
 5.10806929e-01 2.77555756e-17 0.00000000e+00 5.30009397e-01
 0.00000000e+00 0.00000000e+00 1.01080693e+00 2.77555756e-17
 0.00000000e+00 0.00000000e+00 0.00000000e+00 0.00000000e+00
 0.00000000e+00 0.00000000e+00 0.00000000e+00 0.00000000e+00
 0.00000000e+00 0.00000000e+00 0.00000000e+00 0.00000000e+00
 3.01708811e-30 0.00000000e+00 0.00000000e+00 0.00000000e+00
 0.00000000e+00 2.77555756e-17 2.77555756e-17 3.08765089e-30
 2.77555756e-17]
New op index: 1	$R_Y$[0]
Current grad: 225.28704388577404
[ 3.14159265  1.57079633  3.14159265  3.14159265  1.57582614  3.14159265
  3.14159265  3.14159265  3.14159265  3.14159265  3.14159217  3.14159265
  3.14159265 -3.14159265  3.14159265  3.14159265  1.57084244  3.14159265
  0.          1.57079633  3.14159265  3.14159265  1.57079633  0.
  3.14159265  3.14159265  3.14159265  3.14159265  3.14159265  3.14159265
  3.14159265  3.14159265  3.14159265  3.14159265  3.14159265  3.14159265
  3.14159265  3.14159265  3.14159265  3.14159265  3.14159265  3.14159265
  3.14159265  3.14159265  0.        ] 
 [0.00000000e+00 4.58665509e+01 0.00000000e+00 0.00000000e+00
 4.36081739e+01 0.00000000e+00 0.00000000e+00 0.00000000e+00
 0.00000000e+00 0.00000000e+00 1.39888101e-13 0.00000000e+00
 0.00000000e+00 0.00000000e+00 0.00000000e+00 0.00000000e+00
 4.53980454e+01 0.00000000e+00 3.26377346e-15 4.43257346e+01
 0.00000000e+00 0.00000000e+00 4.58665509e+01 3.70657383e-17
 0.00000000e+00 0.00000000e+00 0.00000000e+00 0.00000000e+00
 0.00000000e+00 0.00000000e+00 0.00000000e+00 0.00000000e+00
 0.00000000e+00 0.00000000e+00 0.00000000e+00 0.00000000e+00
 0.00000000e+00 0.00000000e+00 0.00000000e+00 0.00000000e+00
 0.00000000e+00 0.00000000e+00 0.00000000e+00 0.00000000e+00
 4.48087047e-19]
New op index: 22	$R_Y$[7]
Current grad: 3.081632653177557
[ 3.14159265  3.14159265  3.14159265  3.14159265 -1.57559782  3.14159265
  3.14159265 -3.14159265  3.14159265  3.14159265  3.14159265  3.14159265
  3.14159265  3.14159265  3.14159265  0.          1.58020993  3.14159265
  0.         -1.57079633  0.          3.14159265  1.57079633  0.
  3.14159265  3.14159265  3.14159265  3.14159265  3.14159265  3.14159265
  3.14159265  3.14159265  3.14159265  3.14159265  3.14159265  3.14159265
  3.14159265  3.14159265  3.14159265  0.          3.14159265  3.14159265
  0.          0.          0.        ] 
 [0.00000000e+00 0.00000000e+00 0.00000000e+00 0.00000000e+00
 1.01552109e+00 0.00000000e+00 0.00000000e+00 0.00000000e+00
 0.00000000e+00 0.00000000e+00 0.00000000e+00 0.00000000e+00
 0.00000000e+00 0.00000000e+00 0.00000000e+00 1.31342215e-14
 5.15531476e-01 0.00000000e+00 1.19080432e-14 5.20408855e-01
 4.57169069e-17 0.00000000e+00 1.02040747e+00 3.59209732e-17
 0.00000000e+00 0.00000000e+00 0.00000000e+00 0.00000000e+00
 0.00000000e+00 0.00000000e+00 0.00000000e+00 0.00000000e+00
 0.00000000e+00 0.00000000e+00 0.00000000e+00 0.00000000e+00
 0.00000000e+00 0.00000000e+00 0.00000000e+00 2.60413613e-14
 0.00000000e+00 0.00000000e+00 1.09849784e-14 1.09751817e-14
 8.16378801e-17]
New op index: 19	$R_Y$[6]
Current grad: 136.21568273118436
[ 3.14159265  3.14159265  3.14159265  3.14159265 -1.570842    3.14159265
  3.14159265  3.14159265  3.14159265  3.14159265  3.14159265  3.14159265
  3.14159265  3.14159265  3.14159265  0.         -1.57575055  3.14159265
  0.         -1.57079633  3.14159265  3.14159265  3.14159265  3.14159265
  3.14159265  3.14159265  3.14159265  3.14159265  3.14159265  3.14159265
  3.14159265  3.14159265  3.14159265  3.14159265  3.14159265  3.14159265
  3.14159265  3.14159265  3.14159265  0.          3.14159265  3.14159265
  3.14159265  3.14159265  3.14159265] 
 [0.00000000e+00 0.00000000e+00 0.00000000e+00 0.00000000e+00
 4.59336832e+01 0.00000000e+00 0.00000000e+00 0.00000000e+00
 0.00000000e+00 0.00000000e+00 0.00000000e+00 0.00000000e+00
 0.00000000e+00 0.00000000e+00 0.00000000e+00 2.01213826e-15
 4.41249721e+01 0.00000000e+00 1.87420944e-14 4.59357812e+01
 0.00000000e+00 0.00000000e+00 0.00000000e+00 0.00000000e+00
 0.00000000e+00 0.00000000e+00 0.00000000e+00 0.00000000e+00
 0.00000000e+00 0.00000000e+00 0.00000000e+00 0.00000000e+00
 0.00000000e+00 0.00000000e+00 0.00000000e+00 0.00000000e+00
 0.00000000e+00 0.00000000e+00 0.00000000e+00 1.58970063e-14
 0.00000000e+00 0.00000000e+00 0.00000000e+00 0.00000000e+00
 0.00000000e+00]
New op index: 4	$R_Y$[1]
Current grad: 2.0408163265636876
[ 3.14159265 -3.14159265  3.14159265  3.14159265 -1.57560937  3.14159265
  3.14159265 -3.14159265  3.14159265  3.14159265 -3.14159265  3.14159265
  3.14159265  3.14159265  3.14159265  3.14159265  1.58037612  3.14159265
  3.14159265  3.14159265  0.          3.14159265  3.14159265  3.14159265
  3.14159265  3.14159265  3.14159265  3.14159265  3.14159265  3.14159265
  3.14159265  3.14159265  3.14159265  3.14159265  3.14159265  3.14159265
  3.14159265  3.14159265  3.14159265  3.14159265  3.14159265  3.14159265
  3.14159265  3.14159265  3.14159265] 
 [0.00000000e+00 0.00000000e+00 0.00000000e+00 0.00000000e+00
 1.01312052e+00 0.00000000e+00 0.00000000e+00 0.00000000e+00
 0.00000000e+00 0.00000000e+00 0.00000000e+00 0.00000000e+00
 0.00000000e+00 0.00000000e+00 0.00000000e+00 0.00000000e+00
 1.01305619e+00 0.00000000e+00 0.00000000e+00 0.00000000e+00
 2.18432328e-32 0.00000000e+00 0.00000000e+00 0.00000000e+00
 0.00000000e+00 0.00000000e+00 0.00000000e+00 0.00000000e+00
 0.00000000e+00 0.00000000e+00 0.00000000e+00 0.00000000e+00
 0.00000000e+00 0.00000000e+00 0.00000000e+00 0.00000000e+00
 0.00000000e+00 0.00000000e+00 0.00000000e+00 0.00000000e+00
 0.00000000e+00 0.00000000e+00 0.00000000e+00 0.00000000e+00
 0.00000000e+00]
New op index: 16	$R_Y$[5]
Current grad: 51.02166540670884
[ 3.14159265  3.14159265  3.14159265  3.14159265  3.14159265  3.14159265
  3.14159265 -3.14159265  3.14159265  3.14159265  3.1415609   3.14159265
  3.14159265  3.14159265  3.14159265  0.          1.57089333  3.14159265
  3.14159265 -3.14159265  0.          3.14159265 -3.14159265  3.14159265
  3.14159265  3.14159265  3.14159265  3.14159265  3.14159265  3.14159265
  3.14159265  3.14159265  3.14159265  3.14159265  3.14159265  3.14159265
  3.14159265  3.14159265  3.14159265  3.14159265  3.14159265  3.14159265
  3.14159265  3.14159265  3.14159265] 
 [0.00000000e+00 0.00000000e+00 0.00000000e+00 0.00000000e+00
 0.00000000e+00 0.00000000e+00 0.00000000e+00 0.00000000e+00
 0.00000000e+00 0.00000000e+00 5.14943421e-10 0.00000000e+00
 0.00000000e+00 0.00000000e+00 0.00000000e+00 8.07242938e-16
 5.10166837e+01 0.00000000e+00 0.00000000e+00 0.00000000e+00
 1.64448139e-35 0.00000000e+00 0.00000000e+00 0.00000000e+00
 0.00000000e+00 0.00000000e+00 0.00000000e+00 0.00000000e+00
 0.00000000e+00 0.00000000e+00 0.00000000e+00 0.00000000e+00
 0.00000000e+00 0.00000000e+00 0.00000000e+00 0.00000000e+00
 0.00000000e+00 0.00000000e+00 0.00000000e+00 0.00000000e+00
 0.00000000e+00 0.00000000e+00 0.00000000e+00 0.00000000e+00
 0.00000000e+00]
New op index: 0	$R_X$[0]
Current grad: 1.5668832512554875e-08
[ 3.14159265 -3.14159265  3.14159265  3.14159265 -3.14159265  3.14159265
  3.14159265  3.14159265  3.14159265  3.14159265  3.14159265  3.14159265
  3.14159265 -3.14159265  3.14159265  3.14159265 -3.14159265  3.14159265
  3.14159265  3.14159265  3.14159265  3.14159265 -3.14159265  3.14159265
  3.14159265  3.14159265  3.14159265  3.14159265  3.14159265  3.14159265
  3.14159265  3.14159265  3.14159265  3.14159265  3.14159265  3.14159265
  3.14159265  3.14159265  3.14159265  3.14159265  3.14159265  3.14159265
  3.14159265  3.14159265  3.14159265] 
 [0. 0. 0. 0. 0. 0. 0. 0. 0. 0. 0. 0. 0. 0. 0. 0. 0. 0. 0. 0. 0. 0. 0. 0.
 0. 0. 0. 0. 0. 0. 0. 0. 0. 0. 0. 0. 0. 0. 0. 0. 0. 0. 0. 0. 0.]
Precision cutoff reached.
Calculating energies for FreeWilson2D(N_x=2, N_y=2, mass=0.204, r=1.000)
h_im: 0.0
New op index: 10	$R_Y$[3]
Current grad: 6.816326530612239
[ 3.14159265  1.57079633  3.14159265  3.14159265 -1.57079633  3.14159265
  3.14159265  1.57079633  3.14159265  3.14159265 -1.14486667  0.
  3.14159265 -1.14486667  0.          3.14159265  1.57079633  3.14159265
  3.14159265 -1.57079633  3.14159265  3.14159265  1.57079633  3.14159265
  3.14159265  3.14159265  3.14159265  3.14159265  3.14159265  3.14159265
  3.14159265  0.          0.          3.14159265  3.14159265  3.14159265
  3.14159265  0.          0.          3.14159265  3.14159265  3.14159265
  3.14159265  3.14159265  3.14159265] 
 [0.         1.10204082 0.         0.         0.60204082 0.
 0.         0.60204082 0.         0.         1.71016278 1.
 0.         1.71016278 1.         0.         0.60204082 0.
 0.         0.60204082 0.         0.         1.10204082 0.
 0.         0.         0.         0.         0.         0.
 0.         1.         1.         0.         0.         0.
 0.         1.         1.         0.         0.         0.
 0.         0.         0.        ]
New op index: 7	$R_Y$[2]
Current grad: 320.08255499774725
[ 3.14159265  1.57079633  3.14159265  3.14159265  1.57079633  3.14159265
  3.14159265  1.57079633  3.14159265  3.14159265 -3.14159265  3.14159265
  0.          1.57549401  3.14159265  3.14159265  1.57079633  3.14159265
  3.14159265  1.57079633  3.14159265  3.14159265  1.57079633  3.14159265
  3.14159265  3.14159265  3.14159265  3.14159265  3.14159265  3.14159265
  3.14159265  3.14159265  3.14159265  3.14159265  3.14159265  3.14159265
  3.14159265  3.14159265  3.14159265  3.14159265  3.14159265  3.14159265
  3.14159265  3.14159265  3.14159265] 
 [0.00000000e+00 4.66347919e+01 0.00000000e+00 0.00000000e+00
 4.49307103e+01 0.00000000e+00 0.00000000e+00 4.68413757e+01
 0.00000000e+00 0.00000000e+00 0.00000000e+00 0.00000000e+00
 1.22351109e-16 4.37692843e+01 0.00000000e+00 0.00000000e+00
 4.61347919e+01 0.00000000e+00 0.00000000e+00 4.49307103e+01
 0.00000000e+00 0.00000000e+00 4.66347919e+01 0.00000000e+00
 0.00000000e+00 0.00000000e+00 0.00000000e+00 0.00000000e+00
 0.00000000e+00 0.00000000e+00 0.00000000e+00 0.00000000e+00
 0.00000000e+00 0.00000000e+00 0.00000000e+00 0.00000000e+00
 0.00000000e+00 0.00000000e+00 0.00000000e+00 0.00000000e+00
 0.00000000e+00 0.00000000e+00 0.00000000e+00 0.00000000e+00
 0.00000000e+00]
New op index: 13	$R_Y$[4]
Current grad: 5.612244897959265
[ 3.14159265  1.57079633  3.14159265  3.14159265 -1.57959636  3.14159265
  3.14159265  3.14159265  3.14159265  3.14159265  3.14159265  3.14159265
  0.         -1.57959636  3.14159265  3.14159265  1.57079633  3.14159265
  0.         -1.57079633  3.14159265  0.          1.57079633  3.14159265
  3.14159265  3.14159265  3.14159265  3.14159265  3.14159265  3.14159265
  3.14159265  3.14159265  3.14159265  3.14159265  3.14159265  3.14159265
  3.14159265  3.14159265  3.14159265  0.          0.          3.14159265
  0.          0.          3.14159265] 
 [0.00000000e+00 1.09247022e+00 0.00000000e+00 0.00000000e+00
 1.10187198e+00 0.00000000e+00 0.00000000e+00 0.00000000e+00
 0.00000000e+00 0.00000000e+00 0.00000000e+00 0.00000000e+00
 1.63250568e-29 1.10187198e+00 0.00000000e+00 0.00000000e+00
 5.92470224e-01 0.00000000e+00 4.15370686e-15 6.11611409e-01
 0.00000000e+00 4.10357689e-15 1.09247022e+00 0.00000000e+00
 0.00000000e+00 0.00000000e+00 0.00000000e+00 0.00000000e+00
 0.00000000e+00 0.00000000e+00 0.00000000e+00 0.00000000e+00
 0.00000000e+00 0.00000000e+00 0.00000000e+00 0.00000000e+00
 0.00000000e+00 0.00000000e+00 0.00000000e+00 1.39344318e-15
 1.43507655e-15 0.00000000e+00 1.34614542e-15 1.36002321e-15
 0.00000000e+00]
New op index: 1	$R_Y$[0]
Current grad: 228.46431197611355
[ 3.14159265  1.57079633  3.14159265  3.14159265  1.57546861  3.14159265
  3.14159265  3.14159265  3.14159265  3.14159265  3.14159245  3.14159265
  3.14159265 -3.14159265  3.14159265  0.          1.57084267  3.14159265
  3.14159265  1.57079633  0.          0.          1.57079633  0.
  3.14159265  3.14159265  3.14159265  3.14159265  3.14159265  3.14159265
  3.14159265  3.14159265  3.14159265  3.14159265  3.14159265  3.14159265
  3.14159265  3.14159265  3.14159265  0.          3.14159265  3.14159265
  0.          0.          0.        ] 
 [0.00000000e+00 4.65686594e+01 0.00000000e+00 0.00000000e+00
 4.41601149e+01 0.00000000e+00 0.00000000e+00 0.00000000e+00
 0.00000000e+00 0.00000000e+00 2.57571742e-14 0.00000000e+00
 0.00000000e+00 0.00000000e+00 0.00000000e+00 2.49494631e-15
 4.60933518e+01 0.00000000e+00 0.00000000e+00 4.48645778e+01
 1.04252617e-17 6.70903295e-15 4.65686594e+01 4.67155611e-17
 0.00000000e+00 0.00000000e+00 0.00000000e+00 0.00000000e+00
 0.00000000e+00 0.00000000e+00 0.00000000e+00 0.00000000e+00
 0.00000000e+00 0.00000000e+00 0.00000000e+00 0.00000000e+00
 0.00000000e+00 0.00000000e+00 0.00000000e+00 2.48002945e-15
 0.00000000e+00 0.00000000e+00 9.46888419e-15 9.39683218e-15
 5.71408228e-17]
New op index: 22	$R_Y$[7]
Current grad: 3.4081632654229663
[ 3.14159265 -3.14159265  3.14159265  3.14159265 -1.57523506  3.14159265
  3.14159265  3.14159265  3.14159265  3.14159265  3.14159265  3.14159265
  3.14159265  3.14159265  3.14159265  0.          1.57892057  3.14159265
  3.14159265 -1.57079633  3.14159265  3.14159265  1.57079633  0.
  3.14159265  3.14159265  3.14159265  3.14159265  3.14159265  3.14159265
  3.14159265  3.14159265  3.14159265  3.14159265  3.14159265  3.14159265
  3.14159265  3.14159265  3.14159265  3.14159265  3.14159265  3.14159265
  3.14159265  3.14159265  3.14159265] 
 [0.00000000e+00 0.00000000e+00 0.00000000e+00 0.00000000e+00
 1.09716066e+00 0.00000000e+00 0.00000000e+00 0.00000000e+00
 0.00000000e+00 0.00000000e+00 0.00000000e+00 0.00000000e+00
 0.00000000e+00 0.00000000e+00 0.00000000e+00 3.29632585e-15
 5.97168767e-01 0.00000000e+00 0.00000000e+00 6.02041503e-01
 0.00000000e+00 0.00000000e+00 1.10204013e+00 1.96138949e-17
 0.00000000e+00 0.00000000e+00 0.00000000e+00 0.00000000e+00
 0.00000000e+00 0.00000000e+00 0.00000000e+00 0.00000000e+00
 0.00000000e+00 0.00000000e+00 0.00000000e+00 0.00000000e+00
 0.00000000e+00 0.00000000e+00 0.00000000e+00 0.00000000e+00
 0.00000000e+00 0.00000000e+00 0.00000000e+00 0.00000000e+00
 0.00000000e+00]
New op index: 19	$R_Y$[6]
Current grad: 138.19564802766058
[ 3.14159265  3.14159265  3.14159265  3.14159265 -1.57084224  3.14159265
  3.14159265  3.14159265  3.14159265  3.14159265  3.14159265  3.14159265
  3.14159265  3.14159265  3.14159265  0.         -1.57539101  3.14159265
  3.14159265 -1.57079633  3.14159265  3.14159265 -3.14159265  0.
  3.14159265  3.14159265  3.14159265  3.14159265  3.14159265  3.14159265
  3.14159265  3.14159265  3.14159265  3.14159265  3.14159265  3.14159265
  3.14159265  3.14159265  3.14159265  3.14159265  3.14159265  3.14159265
  3.14159265  3.14159265  3.14159265] 
 [0.00000000e+00 0.00000000e+00 0.00000000e+00 0.00000000e+00
 4.66459474e+01 0.00000000e+00 0.00000000e+00 0.00000000e+00
 0.00000000e+00 0.00000000e+00 0.00000000e+00 0.00000000e+00
 0.00000000e+00 0.00000000e+00 0.00000000e+00 1.65733399e-15
 4.46936432e+01 0.00000000e+00 0.00000000e+00 4.66480892e+01
 0.00000000e+00 0.00000000e+00 0.00000000e+00 1.66400347e-31
 0.00000000e+00 0.00000000e+00 0.00000000e+00 0.00000000e+00
 0.00000000e+00 0.00000000e+00 0.00000000e+00 0.00000000e+00
 0.00000000e+00 0.00000000e+00 0.00000000e+00 0.00000000e+00
 0.00000000e+00 0.00000000e+00 0.00000000e+00 0.00000000e+00
 0.00000000e+00 0.00000000e+00 0.00000000e+00 0.00000000e+00
 0.00000000e+00]
New op index: 4	$R_Y$[1]
Current grad: 2.2040816326832426
[ 3.14159265 -3.14159265  3.14159265  3.14159265 -1.57524493  3.14159265
  3.14159265 -3.14159265  3.14159265  3.14159265 -3.14159265  3.14159265
  3.14159265  3.14159265  3.14159265  3.14159265  1.57965398  3.14159265
  3.14159265 -3.14159265  0.          3.14159265 -3.14159265  3.14159265
  3.14159265  3.14159265  3.14159265  3.14159265  3.14159265  3.14159265
  3.14159265  3.14159265  3.14159265  3.14159265  3.14159265  3.14159265
  3.14159265  3.14159265  3.14159265  3.14159265  3.14159265  3.14159265
  3.14159265  3.14159265  3.14159265] 
 [0.00000000e+00 0.00000000e+00 0.00000000e+00 0.00000000e+00
 1.09476774e+00 0.00000000e+00 0.00000000e+00 0.00000000e+00
 0.00000000e+00 0.00000000e+00 0.00000000e+00 0.00000000e+00
 0.00000000e+00 0.00000000e+00 0.00000000e+00 0.00000000e+00
 1.09469323e+00 0.00000000e+00 0.00000000e+00 0.00000000e+00
 5.09100295e-32 0.00000000e+00 0.00000000e+00 0.00000000e+00
 0.00000000e+00 0.00000000e+00 0.00000000e+00 0.00000000e+00
 0.00000000e+00 0.00000000e+00 0.00000000e+00 0.00000000e+00
 0.00000000e+00 0.00000000e+00 0.00000000e+00 0.00000000e+00
 0.00000000e+00 0.00000000e+00 0.00000000e+00 0.00000000e+00
 0.00000000e+00 0.00000000e+00 0.00000000e+00 0.00000000e+00
 0.00000000e+00]
New op index: 16	$R_Y$[5]
Current grad: 51.10330195029321
[ 3.14159265  3.14159265  3.14159265  3.14159265  3.14159265  3.14159265
  3.14159265 -3.14159265  3.14159265  3.14159265  3.14155795  3.14159265
  3.14159265  3.14159265  3.14159265  0.          1.5708931   3.14159265
  3.14159265 -3.14159265  3.14159265  3.14159265 -3.14159265  3.14159265
  3.14159265  3.14159265  3.14159265  3.14159265  3.14159265  3.14159265
  3.14159265  3.14159265  3.14159265  3.14159265  3.14159265  3.14159265
  3.14159265  3.14159265  3.14159265  3.14159265  3.14159265  3.14159265
  3.14159265  3.14159265  3.14159265] 
 [0.00000000e+00 0.00000000e+00 0.00000000e+00 0.00000000e+00
 0.00000000e+00 0.00000000e+00 0.00000000e+00 0.00000000e+00
 0.00000000e+00 0.00000000e+00 6.64439392e-10 0.00000000e+00
 0.00000000e+00 0.00000000e+00 0.00000000e+00 6.15432126e-15
 5.10983184e+01 0.00000000e+00 0.00000000e+00 0.00000000e+00
 0.00000000e+00 0.00000000e+00 0.00000000e+00 0.00000000e+00
 0.00000000e+00 0.00000000e+00 0.00000000e+00 0.00000000e+00
 0.00000000e+00 0.00000000e+00 0.00000000e+00 0.00000000e+00
 0.00000000e+00 0.00000000e+00 0.00000000e+00 0.00000000e+00
 0.00000000e+00 0.00000000e+00 0.00000000e+00 0.00000000e+00
 0.00000000e+00 0.00000000e+00 0.00000000e+00 0.00000000e+00
 0.00000000e+00]
New op index: 0	$R_X$[0]
Current grad: 1.5428107329867074e-08
[ 3.14159265 -3.14159265  3.14159265  3.14159265 -3.14159265  3.14159265
  3.14159265  3.14159265  3.14159265  3.14159265  3.14159265  3.14159265
  3.14159265 -3.14159265  3.14159265  3.14159265 -3.14159265  3.14159265
  3.14159265  3.14159265  3.14159265  3.14159265 -3.14159265  3.14159265
  3.14159265  3.14159265  3.14159265  3.14159265  3.14159265  3.14159265
  3.14159265  3.14159265  3.14159265  3.14159265  3.14159265  3.14159265
  3.14159265  3.14159265  3.14159265  3.14159265  3.14159265  3.14159265
  3.14159265  3.14159265  3.14159265] 
 [0. 0. 0. 0. 0. 0. 0. 0. 0. 0. 0. 0. 0. 0. 0. 0. 0. 0. 0. 0. 0. 0. 0. 0.
 0. 0. 0. 0. 0. 0. 0. 0. 0. 0. 0. 0. 0. 0. 0. 0. 0. 0. 0. 0. 0.]
Precision cutoff reached.
Calculating energies for FreeWilson2D(N_x=2, N_y=2, mass=0.367, r=1.000)
h_im: 0.0
New op index: 10	$R_Y$[3]
Current grad: 7.46938775510203
[ 3.14159265  1.57079633  3.14159265  3.14159265 -1.57079633  3.14159265
  3.14159265  1.57079633  3.14159265  3.14159265 -1.17111826  0.
  3.14159265 -1.17111826  0.          3.14159265  1.57079633  3.14159265
  3.14159265 -1.57079633  3.14159265  3.14159265  1.57079633  3.14159265
  3.14159265  3.14159265  3.14159265  3.14159265  3.14159265  3.14159265
  3.14159265  0.          0.          3.14159265  3.14159265  3.14159265
  3.14159265  0.          0.          3.14159265  3.14159265  3.14159265
  3.14159265  3.14159265  3.14159265] 
 [0.         1.18367347 0.         0.         0.68367347 0.
 0.         0.68367347 0.         0.         1.7849447  1.
 0.         1.7849447  1.         0.         0.68367347 0.
 0.         0.68367347 0.         0.         1.18367347 0.
 0.         0.         0.         0.         0.         0.
 0.         1.         1.         0.         0.         0.
 0.         1.         1.         0.         0.         0.
 0.         0.         0.        ]
New op index: 7	$R_Y$[2]
Current grad: 323.8328504275098
[ 3.14159265  1.57079633  3.14159265  3.14159265  1.57079633  3.14159265
  3.14159265  1.57079633  0.          3.14159265 -3.14159265  3.14159265
  3.14159265  1.57517682  3.14159265  3.14159265  1.57079633  3.14159265
  3.14159265  1.57079633  3.14159265  0.          1.57079633  3.14159265
  3.14159265  3.14159265  3.14159265  3.14159265  0.          0.
  3.14159265  3.14159265  3.14159265  3.14159265  3.14159265  3.14159265
  3.14159265  3.14159265  3.14159265  3.14159265  3.14159265  3.14159265
  3.14159265  3.14159265  3.14159265] 
 [0.00000000e+00 4.72429891e+01 0.00000000e+00 0.00000000e+00
 4.53756421e+01 0.00000000e+00 0.00000000e+00 4.74375500e+01
 1.38777878e-17 0.00000000e+00 0.00000000e+00 0.00000000e+00
 0.00000000e+00 4.42209142e+01 0.00000000e+00 0.00000000e+00
 4.67429891e+01 0.00000000e+00 0.00000000e+00 4.53756421e+01
 0.00000000e+00 3.54025199e-17 4.72429891e+01 0.00000000e+00
 0.00000000e+00 0.00000000e+00 0.00000000e+00 0.00000000e+00
 1.38777878e-17 1.38777878e-17 0.00000000e+00 0.00000000e+00
 0.00000000e+00 0.00000000e+00 0.00000000e+00 0.00000000e+00
 0.00000000e+00 0.00000000e+00 0.00000000e+00 0.00000000e+00
 0.00000000e+00 0.00000000e+00 0.00000000e+00 0.00000000e+00
 0.00000000e+00]
New op index: 4	$R_Y$[1]
Current grad: 6.102040816326584
[ 3.14159265  1.57079633  3.14159265  3.14159265 -1.5789815   3.14159265
  3.14159265 -3.14159265  0.          3.14159265 -3.14159265  3.14159265
  0.         -1.5789815   3.14159265  3.14159265  1.57079633  3.14159265
  3.14159265 -1.57079633  0.          0.          1.57079633  3.14159265
  3.14159265  3.14159265  3.14159265  3.14159265  3.14159265  3.14159265
  3.14159265  3.14159265  3.14159265  3.14159265  3.14159265  3.14159265
  3.14159265  3.14159265  3.14159265  0.          0.          3.14159265
  0.          0.          3.14159265] 
 [0.00000000e+00 1.17413337e+00 0.00000000e+00 0.00000000e+00
 1.18348666e+00 0.00000000e+00 0.00000000e+00 0.00000000e+00
 4.93038066e-32 0.00000000e+00 0.00000000e+00 0.00000000e+00
 1.92602920e-30 1.18348666e+00 0.00000000e+00 0.00000000e+00
 6.74133372e-01 0.00000000e+00 0.00000000e+00 6.93213566e-01
 1.38777878e-17 2.61383885e-15 1.17413337e+00 0.00000000e+00
 0.00000000e+00 0.00000000e+00 0.00000000e+00 0.00000000e+00
 0.00000000e+00 0.00000000e+00 0.00000000e+00 0.00000000e+00
 0.00000000e+00 0.00000000e+00 0.00000000e+00 0.00000000e+00
 0.00000000e+00 0.00000000e+00 0.00000000e+00 1.38777878e-15
 1.37390099e-15 0.00000000e+00 4.01804440e-15 4.03192219e-15
 0.00000000e+00]
New op index: 22	$R_Y$[7]
Current grad: 231.0296828211279
[ 3.14159265  1.57085082  3.14159265  3.14159265 -3.14159265  3.14159265
  3.14159265  3.14159265  3.14159265  3.14159265 -3.1415926   3.14159265
  0.          1.57516965  3.14159265  3.14159265  1.57079633  0.
  3.14159265  1.57079633  3.14159265  3.14159265  1.57079633  0.
  3.14159265  3.14159265  3.14159265  3.14159265  3.14159265  3.14159265
  3.14159265  3.14159265  3.14159265  3.14159265  3.14159265  3.14159265
  0.          3.14159265  3.14159265  3.14159265  3.14159265  0.
  0.          0.          0.        ] 
 [0.00000000e+00 4.71498329e+01 0.00000000e+00 0.00000000e+00
 0.00000000e+00 0.00000000e+00 0.00000000e+00 0.00000000e+00
 0.00000000e+00 0.00000000e+00 1.99840144e-15 0.00000000e+00
 1.09019874e-14 4.45919781e+01 0.00000000e+00 0.00000000e+00
 4.66524022e+01 5.64403464e-17 0.00000000e+00 4.52850552e+01
 0.00000000e+00 0.00000000e+00 4.71524022e+01 5.14104530e-17
 0.00000000e+00 0.00000000e+00 0.00000000e+00 0.00000000e+00
 0.00000000e+00 0.00000000e+00 0.00000000e+00 0.00000000e+00
 0.00000000e+00 0.00000000e+00 0.00000000e+00 0.00000000e+00
 9.84213637e-15 0.00000000e+00 0.00000000e+00 0.00000000e+00
 0.00000000e+00 5.48121439e-17 7.39309626e-16 6.88129361e-16
 4.97822505e-17]
New op index: 19	$R_Y$[6]
Current grad: 4.229809746197296
[ 3.14159265  1.57492275  3.14159265  3.14159265 -3.14159265  3.14159265
  3.14159265  3.14159265  3.14159265  3.14159265  3.14159265  3.14159265
  3.14159265 -1.57494024  3.14159265  3.14159265  1.57079633  3.14159265
  0.         -1.57079633  0.          3.14159265 -3.14159265  3.14159265
  3.14159265  3.14159265  3.14159265  3.14159265  3.14159265  3.14159265
  3.14159265  3.14159265  3.14159265  3.14159265  3.14159265  3.14159265
  3.14159265  3.14159265  3.14159265  0.          0.          0.
  3.14159265  3.14159265  0.        ] 
 [0.00000000e+00 1.17879850e+00 0.00000000e+00 0.00000000e+00
 0.00000000e+00 0.00000000e+00 0.00000000e+00 0.00000000e+00
 0.00000000e+00 0.00000000e+00 0.00000000e+00 0.00000000e+00
 0.00000000e+00 1.17391531e+00 0.00000000e+00 0.00000000e+00
 6.83672786e-01 0.00000000e+00 1.73063926e-14 1.18367415e+00
 2.05944429e-18 0.00000000e+00 0.00000000e+00 0.00000000e+00
 0.00000000e+00 0.00000000e+00 0.00000000e+00 0.00000000e+00
 0.00000000e+00 0.00000000e+00 0.00000000e+00 0.00000000e+00
 0.00000000e+00 0.00000000e+00 0.00000000e+00 0.00000000e+00
 0.00000000e+00 0.00000000e+00 0.00000000e+00 1.53491197e-14
 1.53491203e-14 2.05944429e-18 0.00000000e+00 0.00000000e+00
 2.05944429e-18]
New op index: 1	$R_Y$[0]
Current grad: 139.0826696070426
[ 3.14159265  1.57085082  3.14159265  3.14159265  3.14159265  3.14159265
  3.14159265  3.14159265  3.14159265  3.14159265 -3.14159236  3.14159265
  3.14159265  1.57517199  3.14159265  3.14159265  1.57085091  3.14159265
  3.14159265  3.14159265  3.14159265  3.14159265  3.14159265  3.14159265
  3.14159265  3.14159265  3.14159265  3.14159265  3.14159265  3.14159265
  3.14159265  3.14159265  3.14159265  3.14159265  3.14159265  3.14159265
  3.14159265  3.14159265  3.14159265  3.14159265  3.14159265  3.14159265
  3.14159265  3.14159265  3.14159265] 
 [0.00000000e+00 4.71466474e+01 0.00000000e+00 0.00000000e+00
 0.00000000e+00 0.00000000e+00 0.00000000e+00 0.00000000e+00
 0.00000000e+00 0.00000000e+00 5.63993297e-14 0.00000000e+00
 0.00000000e+00 4.45887025e+01 0.00000000e+00 0.00000000e+00
 4.71466436e+01 0.00000000e+00 0.00000000e+00 0.00000000e+00
 0.00000000e+00 0.00000000e+00 0.00000000e+00 0.00000000e+00
 0.00000000e+00 0.00000000e+00 0.00000000e+00 0.00000000e+00
 0.00000000e+00 0.00000000e+00 0.00000000e+00 0.00000000e+00
 0.00000000e+00 0.00000000e+00 0.00000000e+00 0.00000000e+00
 0.00000000e+00 0.00000000e+00 0.00000000e+00 0.00000000e+00
 0.00000000e+00 0.00000000e+00 0.00000000e+00 0.00000000e+00
 0.00000000e+00]
New op index: 13	$R_Y$[4]
Current grad: 2.3673469389437027
[ 3.14159265 -3.14159265  0.          3.14159265 -3.14159265  3.14159265
  3.14159265 -3.14159265  0.          3.14159265  3.14159265  3.14159265
  3.14159265 -1.57492314  3.14159265  3.14159265  1.57492275  3.14159265
  3.14159265  3.14159265  3.14159265  3.14159265 -3.14159265  3.14159265
  3.14159265  3.14159265  3.14159265  3.14159265  3.14159265  3.14159265
  3.14159265  3.14159265  3.14159265  3.14159265  3.14159265  3.14159265
  3.14159265  3.14159265  3.14159265  3.14159265  3.14159265  3.14159265
  3.14159265  3.14159265  3.14159265] 
 [0.00000000e+00 0.00000000e+00 1.07450772e-29 0.00000000e+00
 0.00000000e+00 0.00000000e+00 0.00000000e+00 0.00000000e+00
 1.03506407e-29 0.00000000e+00 0.00000000e+00 0.00000000e+00
 0.00000000e+00 1.17879940e+00 0.00000000e+00 0.00000000e+00
 1.17879850e+00 0.00000000e+00 0.00000000e+00 0.00000000e+00
 0.00000000e+00 0.00000000e+00 0.00000000e+00 0.00000000e+00
 0.00000000e+00 0.00000000e+00 0.00000000e+00 0.00000000e+00
 0.00000000e+00 0.00000000e+00 0.00000000e+00 0.00000000e+00
 0.00000000e+00 0.00000000e+00 0.00000000e+00 0.00000000e+00
 0.00000000e+00 0.00000000e+00 0.00000000e+00 0.00000000e+00
 0.00000000e+00 0.00000000e+00 0.00000000e+00 0.00000000e+00
 0.00000000e+00]
New op index: 16	$R_Y$[5]
Current grad: 51.184916443507696
[ 3.14159265 -3.14159265  3.14159265  3.14159265  3.14159265  3.14159265
  3.14159265 -3.14159265  3.14159265  3.14159265  3.14157408  3.14159265
  3.14159265  3.14159265  3.14159265  3.14159265  1.57089287  3.14159265
  3.14159265  3.14159265  0.          3.14159265 -3.14159265  3.14159265
  3.14159265  3.14159265  3.14159265  3.14159265  3.14159265  3.14159265
  3.14159265  3.14159265  3.14159265  3.14159265  3.14159265  3.14159265
  3.14159265  3.14159265  3.14159265  3.14159265  3.14159265  3.14159265
  3.14159265  3.14159265  3.14159265] 
 [0.00000000e+00 0.00000000e+00 0.00000000e+00 0.00000000e+00
 0.00000000e+00 0.00000000e+00 0.00000000e+00 0.00000000e+00
 0.00000000e+00 0.00000000e+00 2.04397832e-10 0.00000000e+00
 0.00000000e+00 0.00000000e+00 0.00000000e+00 0.00000000e+00
 5.11799532e+01 0.00000000e+00 0.00000000e+00 0.00000000e+00
 9.44180003e-36 0.00000000e+00 0.00000000e+00 0.00000000e+00
 0.00000000e+00 0.00000000e+00 0.00000000e+00 0.00000000e+00
 0.00000000e+00 0.00000000e+00 0.00000000e+00 0.00000000e+00
 0.00000000e+00 0.00000000e+00 0.00000000e+00 0.00000000e+00
 0.00000000e+00 0.00000000e+00 0.00000000e+00 0.00000000e+00
 0.00000000e+00 0.00000000e+00 0.00000000e+00 0.00000000e+00
 0.00000000e+00]
New op index: 0	$R_X$[0]
Current grad: 1.0970213513902529e-07
[ 3.14159265 -3.14159265  3.14159265  3.14159265 -3.14159265  3.14159265
  3.14159265  3.14159265  3.14159265  3.14159265  3.14159265  3.14159265
  3.14159265  3.14159265  3.14159265  3.14159265  3.14159265  3.14159265
  3.14159265  3.14159265  3.14159265  3.14159265 -3.14159265  3.14159265
  3.14159265  3.14159265  3.14159265  3.14159265  3.14159265  3.14159265
  3.14159265  3.14159265  3.14159265  3.14159265  3.14159265  3.14159265
  3.14159265  3.14159265  3.14159265  3.14159265  3.14159265  3.14159265
  3.14159265  3.14159265  3.14159265] 
 [0. 0. 0. 0. 0. 0. 0. 0. 0. 0. 0. 0. 0. 0. 0. 0. 0. 0. 0. 0. 0. 0. 0. 0.
 0. 0. 0. 0. 0. 0. 0. 0. 0. 0. 0. 0. 0. 0. 0. 0. 0. 0. 0. 0. 0.]
Precision cutoff reached.
Calculating energies for FreeWilson2D(N_x=2, N_y=2, mass=0.531, r=1.000)
h_im: 0.0
New op index: 10	$R_Y$[3]
Current grad: 8.122448979591827
[ 3.14159265  1.57079633  3.14159265  3.14159265 -1.57079633  3.14159265
  3.14159265  1.57079633  3.14159265  3.14159265 -1.1944682   0.
  3.14159265 -1.1944682   0.          3.14159265  1.57079633  3.14159265
  3.14159265 -1.57079633  3.14159265  3.14159265  1.57079633  3.14159265
  3.14159265  3.14159265  3.14159265  3.14159265  3.14159265  3.14159265
  3.14159265  0.          0.          3.14159265  3.14159265  3.14159265
  3.14159265  0.          0.          3.14159265  3.14159265  3.14159265
  3.14159265  3.14159265  3.14159265] 
 [0.         1.26530612 0.         0.         0.76530612 0.
 0.         0.76530612 0.         0.         1.86051446 1.
 0.         1.86051446 1.         0.         0.76530612 0.
 0.         0.76530612 0.         0.         1.26530612 0.
 0.         0.         0.         0.         0.         0.
 0.         1.         1.         0.         0.         0.
 0.         1.         1.         0.         0.         0.
 0.         0.         0.        ]
New op index: 7	$R_Y$[2]
Current grad: 326.9911705160299
[3.14159265 1.57079633 3.14159265 3.14159265 1.57079633 3.14159265
 3.14159265 1.57079633 3.14159265 3.14159265 3.14159265 3.14159265
 3.14159265 1.57490064 3.14159265 3.14159265 1.57079633 3.14159265
 3.14159265 1.57079633 3.14159265 3.14159265 1.57079633 3.14159265
 3.14159265 3.14159265 3.14159265 3.14159265 3.14159265 3.14159265
 3.14159265 3.14159265 3.14159265 3.14159265 3.14159265 3.14159265
 3.14159265 3.14159265 3.14159265 3.14159265 3.14159265 3.14159265
 3.14159265 3.14159265 3.14159265] 
 [ 0.         47.76632334  0.          0.         45.7357111   0.
  0.         47.95007736  0.          0.          0.          0.
  0.         44.587324    0.          0.         47.26632334  0.
  0.         45.7357111   0.          0.         47.76632334  0.
  0.          0.          0.          0.          0.          0.
  0.          0.          0.          0.          0.          0.
  0.          0.          0.          0.          0.          0.
  0.          0.          0.        ]
New op index: 4	$R_Y$[1]
Current grad: 6.591836734693877
[ 3.14159265  1.57079633  3.14159265  3.14159265 -1.57844538  3.14159265
  3.14159265 -3.14159265  0.          3.14159265 -3.14159265  3.14159265
  0.         -1.57844538  3.14159265  3.14159265  1.57079633  3.14159265
  3.14159265 -1.57079633  0.          3.14159265  1.57079633  3.14159265
  3.14159265  3.14159265  3.14159265  3.14159265  3.14159265  3.14159265
  3.14159265  3.14159265  3.14159265  3.14159265  3.14159265  3.14159265
  3.14159265  3.14159265  3.14159265  3.14159265  3.14159265  3.14159265
  3.14159265  3.14159265  3.14159265] 
 [0.00000000e+00 1.25579637e+00 0.00000000e+00 0.00000000e+00
 1.26510183e+00 0.00000000e+00 0.00000000e+00 0.00000000e+00
 1.23259516e-32 0.00000000e+00 0.00000000e+00 0.00000000e+00
 1.10282163e-31 1.26510183e+00 0.00000000e+00 0.00000000e+00
 7.55796375e-01 0.00000000e+00 0.00000000e+00 7.74815870e-01
 1.38777878e-17 0.00000000e+00 1.25579637e+00 0.00000000e+00
 0.00000000e+00 0.00000000e+00 0.00000000e+00 0.00000000e+00
 0.00000000e+00 0.00000000e+00 0.00000000e+00 0.00000000e+00
 0.00000000e+00 0.00000000e+00 0.00000000e+00 0.00000000e+00
 0.00000000e+00 0.00000000e+00 0.00000000e+00 0.00000000e+00
 0.00000000e+00 0.00000000e+00 0.00000000e+00 0.00000000e+00
 0.00000000e+00]
New op index: 22	$R_Y$[7]
Current grad: 233.29223873561804
[ 3.14159265  1.57084994  3.14159265  3.14159265 -3.14159265  3.14159265
  3.14159265  3.14159265  3.14159265  3.14159265 -3.14159257  3.14159265
  3.14159265  1.57490034  3.14159265  0.          1.57079633  3.14159265
  3.14159265  1.57079633  3.14159265  0.          1.57079633  3.14159265
  3.14159265  3.14159265  3.14159265  3.14159265  3.14159265  3.14159265
  3.14159265  3.14159265  3.14159265  3.14159265  3.14159265  3.14159265
  0.          3.14159265  3.14159265  3.14159265  3.14159265  3.14159265
  0.          0.          3.14159265] 
 [0.00000000e+00 4.76676619e+01 0.00000000e+00 0.00000000e+00
 0.00000000e+00 0.00000000e+00 0.00000000e+00 0.00000000e+00
 0.00000000e+00 0.00000000e+00 4.88498131e-15 0.00000000e+00
 0.00000000e+00 4.49570967e+01 0.00000000e+00 7.40177605e-16
 4.71702175e+01 0.00000000e+00 0.00000000e+00 4.56396053e+01
 0.00000000e+00 1.17605453e-14 4.76702175e+01 0.00000000e+00
 0.00000000e+00 0.00000000e+00 0.00000000e+00 0.00000000e+00
 0.00000000e+00 0.00000000e+00 0.00000000e+00 0.00000000e+00
 0.00000000e+00 0.00000000e+00 0.00000000e+00 0.00000000e+00
 7.02914288e-16 0.00000000e+00 0.00000000e+00 0.00000000e+00
 0.00000000e+00 0.00000000e+00 6.99860761e-15 6.94915447e-15
 0.00000000e+00]
New op index: 19	$R_Y$[6]
Current grad: 4.556348135326355
[ 3.14159265  1.57465039  3.14159265  3.14159265  3.14159265  3.14159265
  3.14159265 -3.14159265  3.14159265  3.14159265  3.14159265  3.14159265
  0.         -1.57466566  3.14159265  3.14159265  1.57079633  0.
  3.14159265 -1.57079633  3.14159265  3.14159265  3.14159265  0.
  3.14159265  3.14159265  3.14159265  3.14159265  3.14159265  3.14159265
  3.14159265  3.14159265  3.14159265  3.14159265  3.14159265  3.14159265
  3.14159265  3.14159265  3.14159265  0.          0.          3.14159265
  3.14159265  3.14159265  3.14159265] 
 [0.00000000e+00 1.26043825e+00 0.00000000e+00 0.00000000e+00
 0.00000000e+00 0.00000000e+00 0.00000000e+00 0.00000000e+00
 0.00000000e+00 0.00000000e+00 0.00000000e+00 0.00000000e+00
 2.52494551e-15 1.25556283e+00 0.00000000e+00 0.00000000e+00
 7.65305444e-01 1.43642777e-31 0.00000000e+00 1.26530680e+00
 0.00000000e+00 0.00000000e+00 0.00000000e+00 1.36755320e-31
 0.00000000e+00 0.00000000e+00 0.00000000e+00 0.00000000e+00
 0.00000000e+00 0.00000000e+00 0.00000000e+00 0.00000000e+00
 0.00000000e+00 0.00000000e+00 0.00000000e+00 0.00000000e+00
 0.00000000e+00 0.00000000e+00 0.00000000e+00 1.15697787e-15
 1.18473312e-15 0.00000000e+00 0.00000000e+00 0.00000000e+00
 0.00000000e+00]
New op index: 1	$R_Y$[0]
Current grad: 140.47473784848134
[ 3.14159265  1.57084994  3.14159265  3.14159265  3.14159265  3.14159265
  3.14159265  3.14159265  3.14159265  3.14159265 -3.14159244  3.14159265
  0.          1.57490236  3.14159265  3.14159265  1.57085003  3.14159265
  3.14159265  3.14159265  0.          3.14159265  3.14159265  3.14159265
  3.14159265  3.14159265  3.14159265  3.14159265  3.14159265  3.14159265
  3.14159265  3.14159265  3.14159265  3.14159265  3.14159265  3.14159265
  3.14159265  3.14159265  3.14159265  3.14159265  3.14159265  3.14159265
  3.14159265  3.14159265  3.14159265] 
 [0.00000000e+00 4.76651025e+01 0.00000000e+00 0.00000000e+00
 0.00000000e+00 0.00000000e+00 0.00000000e+00 0.00000000e+00
 0.00000000e+00 0.00000000e+00 3.33066907e-14 0.00000000e+00
 3.36469926e-15 4.49544568e+01 0.00000000e+00 0.00000000e+00
 4.76650985e+01 0.00000000e+00 0.00000000e+00 0.00000000e+00
 9.91132678e-32 0.00000000e+00 0.00000000e+00 0.00000000e+00
 0.00000000e+00 0.00000000e+00 0.00000000e+00 0.00000000e+00
 0.00000000e+00 0.00000000e+00 0.00000000e+00 0.00000000e+00
 0.00000000e+00 0.00000000e+00 0.00000000e+00 0.00000000e+00
 0.00000000e+00 0.00000000e+00 0.00000000e+00 0.00000000e+00
 0.00000000e+00 0.00000000e+00 0.00000000e+00 0.00000000e+00
 0.00000000e+00]
New op index: 13	$R_Y$[4]
Current grad: 2.530612245067709
[ 3.14159265  3.14159265  3.14159265  3.14159265  3.14159265  3.14159265
  3.14159265 -3.14159265  3.14159265  3.14159265  3.14159265  3.14159265
  0.         -1.57465075  3.14159265  3.14159265  1.57465039  3.14159265
  3.14159265  3.14159265  3.14159265  3.14159265  3.14159265  3.14159265
  3.14159265  3.14159265  3.14159265  3.14159265  3.14159265  3.14159265
  3.14159265  3.14159265  3.14159265  3.14159265  3.14159265  3.14159265
  3.14159265  3.14159265  3.14159265  3.14159265  3.14159265  3.14159265
  3.14159265  3.14159265  3.14159265] 
 [0.00000000e+00 0.00000000e+00 0.00000000e+00 0.00000000e+00
 0.00000000e+00 0.00000000e+00 0.00000000e+00 0.00000000e+00
 0.00000000e+00 0.00000000e+00 0.00000000e+00 0.00000000e+00
 4.04223936e-31 1.26043915e+00 0.00000000e+00 0.00000000e+00
 1.26043825e+00 0.00000000e+00 0.00000000e+00 0.00000000e+00
 0.00000000e+00 0.00000000e+00 0.00000000e+00 0.00000000e+00
 0.00000000e+00 0.00000000e+00 0.00000000e+00 0.00000000e+00
 0.00000000e+00 0.00000000e+00 0.00000000e+00 0.00000000e+00
 0.00000000e+00 0.00000000e+00 0.00000000e+00 0.00000000e+00
 0.00000000e+00 0.00000000e+00 0.00000000e+00 0.00000000e+00
 0.00000000e+00 0.00000000e+00 0.00000000e+00 0.00000000e+00
 0.00000000e+00]
New op index: 16	$R_Y$[5]
Current grad: 51.26656646061943
[ 3.14159265 -3.14159265  3.14159265  3.14159265  3.14159265  3.14159265
  3.14159265 -3.14159265  3.14159265  3.14159265  3.14155998  3.14159265
  3.14159265 -3.14159265  3.14159265  3.14159265  1.57089264  3.14159265
  3.14159265  3.14159265  3.14159265  3.14159265 -3.14159265  3.14159265
  3.14159265  3.14159265  3.14159265  3.14159265  3.14159265  3.14159265
  3.14159265  3.14159265  3.14159265  3.14159265  3.14159265  3.14159265
  3.14159265  3.14159265  3.14159265  3.14159265  3.14159265  3.14159265
  3.14159265  3.14159265  3.14159265] 
 [0.00000000e+00 0.00000000e+00 0.00000000e+00 0.00000000e+00
 0.00000000e+00 0.00000000e+00 0.00000000e+00 0.00000000e+00
 0.00000000e+00 0.00000000e+00 6.76171341e-10 0.00000000e+00
 0.00000000e+00 0.00000000e+00 0.00000000e+00 0.00000000e+00
 5.12615878e+01 0.00000000e+00 0.00000000e+00 0.00000000e+00
 0.00000000e+00 0.00000000e+00 0.00000000e+00 0.00000000e+00
 0.00000000e+00 0.00000000e+00 0.00000000e+00 0.00000000e+00
 0.00000000e+00 0.00000000e+00 0.00000000e+00 0.00000000e+00
 0.00000000e+00 0.00000000e+00 0.00000000e+00 0.00000000e+00
 0.00000000e+00 0.00000000e+00 0.00000000e+00 0.00000000e+00
 0.00000000e+00 0.00000000e+00 0.00000000e+00 0.00000000e+00
 0.00000000e+00]
New op index: 0	$R_X$[0]
Current grad: 1.4356491079159098e-07
[ 3.14159265  3.14159265  3.14159265  3.14159265 -3.14159265  3.14159265
  3.14159265  3.14159265  3.14159265  3.14159265  3.14159265  3.14159265
  3.14159265 -3.14159265  3.14159265  3.14159265  3.14159265  3.14159265
  3.14159265  3.14159265  3.14159265  3.14159265 -3.14159265  3.14159265
  3.14159265  3.14159265  3.14159265  3.14159265  3.14159265  3.14159265
  3.14159265  3.14159265  3.14159265  3.14159265  3.14159265  3.14159265
  3.14159265  3.14159265  3.14159265  3.14159265  3.14159265  3.14159265
  3.14159265  3.14159265  3.14159265] 
 [0. 0. 0. 0. 0. 0. 0. 0. 0. 0. 0. 0. 0. 0. 0. 0. 0. 0. 0. 0. 0. 0. 0. 0.
 0. 0. 0. 0. 0. 0. 0. 0. 0. 0. 0. 0. 0. 0. 0. 0. 0. 0. 0. 0. 0.]
Precision cutoff reached.
Calculating energies for FreeWilson2D(N_x=2, N_y=2, mass=0.694, r=1.000)
h_im: 0.0
New op index: 10	$R_Y$[3]
Current grad: 8.775510204081623
[ 3.14159265  1.57079633  3.14159265  3.14159265 -1.57079633  3.14159265
  3.14159265  1.57079633  3.14159265  3.14159265 -1.21535067  0.
  3.14159265 -1.21535067  0.          3.14159265  1.57079633  3.14159265
  3.14159265 -1.57079633  3.14159265  3.14159265  1.57079633  3.14159265
  3.14159265  3.14159265  3.14159265  3.14159265  3.14159265  3.14159265
  3.14159265  0.          0.          3.14159265  3.14159265  3.14159265
  3.14159265  0.          0.          3.14159265  3.14159265  3.14159265
  3.14159265  3.14159265  3.14159265] 
 [0.         1.34693878 0.         0.         0.84693878 0.
 0.         0.84693878 0.         0.         1.93674774 1.
 0.         1.93674774 1.         0.         0.84693878 0.
 0.         0.84693878 0.         0.         1.34693878 0.
 0.         0.         0.         0.         0.         0.
 0.         1.         1.         0.         0.         0.
 0.         1.         1.         0.         0.         0.
 0.         0.         0.        ]
New op index: 7	$R_Y$[2]
Current grad: 329.6742179269921
[3.14159265 1.57079633 3.14159265 3.14159265 1.57079633 3.14159265
 3.14159265 1.57079633 0.         3.14159265 3.14159265 3.14159265
 3.14159265 1.57465801 3.14159265 3.14159265 1.57079633 0.
 3.14159265 1.57079633 3.14159265 0.         1.57079633 0.
 3.14159265 3.14159265 3.14159265 3.14159265 0.         0.
 3.14159265 3.14159265 3.14159265 3.14159265 3.14159265 3.14159265
 3.14159265 3.14159265 3.14159265 3.14159265 3.14159265 0.
 0.         0.         0.        ] 
 [0.00000000e+00 4.82215132e+01 0.00000000e+00 0.00000000e+00
 4.60276356e+01 0.00000000e+00 0.00000000e+00 4.83955173e+01
 1.38777878e-17 0.00000000e+00 0.00000000e+00 0.00000000e+00
 0.00000000e+00 4.48852218e+01 0.00000000e+00 0.00000000e+00
 4.77215132e+01 4.16333634e-17 0.00000000e+00 4.60276356e+01
 0.00000000e+00 2.74298724e-15 4.82215132e+01 2.77555756e-17
 0.00000000e+00 0.00000000e+00 0.00000000e+00 0.00000000e+00
 1.38777878e-17 1.38777878e-17 0.00000000e+00 0.00000000e+00
 0.00000000e+00 0.00000000e+00 0.00000000e+00 0.00000000e+00
 0.00000000e+00 0.00000000e+00 0.00000000e+00 0.00000000e+00
 0.00000000e+00 4.16333634e-17 1.36851981e-15 1.28525308e-15
 2.77555756e-17]
New op index: 13	$R_Y$[4]
Current grad: 7.081632653061391
[ 3.14159265  1.57079633  3.14159265  3.14159265 -1.57797381  3.14159265
  3.14159265  3.14159265  3.14159265  3.14159265 -3.14159265  3.14159265
  0.         -1.57797381  3.14159265  0.          1.57079633  0.
  0.         -1.57079633  0.          0.          1.57079633  0.
  3.14159265  3.14159265  3.14159265  3.14159265  3.14159265  3.14159265
  3.14159265  3.14159265  3.14159265  3.14159265  3.14159265  3.14159265
  0.          3.14159265  3.14159265  0.          0.          0.
  0.          0.          0.        ] 
 [0.00000000e+00 1.33745923e+00 0.00000000e+00 0.00000000e+00
 1.34671742e+00 0.00000000e+00 0.00000000e+00 0.00000000e+00
 0.00000000e+00 0.00000000e+00 0.00000000e+00 0.00000000e+00
 1.63336390e-29 1.34671742e+00 0.00000000e+00 4.18146243e-15
 8.37459233e-01 1.32503980e-31 5.58850018e-15 8.56418318e-01
 2.77555756e-17 8.31704320e-15 1.33745923e+00 1.32503980e-31
 0.00000000e+00 0.00000000e+00 0.00000000e+00 0.00000000e+00
 0.00000000e+00 0.00000000e+00 0.00000000e+00 0.00000000e+00
 0.00000000e+00 0.00000000e+00 0.00000000e+00 0.00000000e+00
 4.18146243e-15 0.00000000e+00 0.00000000e+00 6.93889390e-15
 6.96664948e-15 2.77555756e-17 1.10744747e-14 1.11577414e-14
 2.77555756e-17]
New op index: 1	$R_Y$[0]
Current grad: 235.28682179704893
[ 3.14159265  1.57079633  3.14159265  3.14159265  1.57465664  3.14159265
  3.14159265 -3.14159265  3.14159265  3.14159265 -3.14159261  3.14159265
  3.14159265  3.14159265  3.14159265  0.          1.57084306  3.14159265
  0.          1.57079633  0.          3.14159265  1.57079633  3.14159265
  3.14159265  3.14159265  3.14159265  3.14159265  3.14159265  3.14159265
  3.14159265  3.14159265  3.14159265  3.14159265  3.14159265  3.14159265
  3.14159265  3.14159265  3.14159265  0.          3.14159265  3.14159265
  0.          0.          0.        ] 
 [0.00000000e+00 4.81318842e+01 0.00000000e+00 0.00000000e+00
 4.52653096e+01 0.00000000e+00 0.00000000e+00 0.00000000e+00
 0.00000000e+00 0.00000000e+00 1.55431223e-15 0.00000000e+00
 0.00000000e+00 0.00000000e+00 0.00000000e+00 5.09366401e-15
 4.76424340e+01 0.00000000e+00 7.82589327e-15 4.59380066e+01
 5.58603141e-17 0.00000000e+00 4.81318842e+01 0.00000000e+00
 0.00000000e+00 0.00000000e+00 0.00000000e+00 0.00000000e+00
 0.00000000e+00 0.00000000e+00 0.00000000e+00 0.00000000e+00
 0.00000000e+00 0.00000000e+00 0.00000000e+00 0.00000000e+00
 0.00000000e+00 0.00000000e+00 0.00000000e+00 1.31281267e-14
 0.00000000e+00 0.00000000e+00 1.85679480e-15 1.94149682e-15
 2.40364392e-17]
New op index: 22	$R_Y$[7]
Current grad: 4.387755102152426
[ 3.14159265  3.14159265  3.14159265  3.14159265 -1.57441071  3.14159265
  3.14159265  3.14159265  3.14159265  3.14159265  3.14159265  3.14159265
  3.14159265 -3.14159265  3.14159265  3.14159265  1.57654392  3.14159265
  3.14159265 -1.57079633  0.          3.14159265  1.57079633  3.14159265
  3.14159265  3.14159265  3.14159265  3.14159265  3.14159265  3.14159265
  3.14159265  3.14159265  3.14159265  3.14159265  3.14159265  3.14159265
  3.14159265  3.14159265  3.14159265  3.14159265  3.14159265  3.14159265
  3.14159265  3.14159265  3.14159265] 
 [0.00000000e+00 0.00000000e+00 0.00000000e+00 0.00000000e+00
 1.34207988e+00 0.00000000e+00 0.00000000e+00 0.00000000e+00
 0.00000000e+00 0.00000000e+00 0.00000000e+00 0.00000000e+00
 0.00000000e+00 0.00000000e+00 0.00000000e+00 0.00000000e+00
 8.42084181e-01 0.00000000e+00 0.00000000e+00 8.46939450e-01
 5.37300999e-18 0.00000000e+00 1.34693810e+00 0.00000000e+00
 0.00000000e+00 0.00000000e+00 0.00000000e+00 0.00000000e+00
 0.00000000e+00 0.00000000e+00 0.00000000e+00 0.00000000e+00
 0.00000000e+00 0.00000000e+00 0.00000000e+00 0.00000000e+00
 0.00000000e+00 0.00000000e+00 0.00000000e+00 0.00000000e+00
 0.00000000e+00 0.00000000e+00 0.00000000e+00 0.00000000e+00
 0.00000000e+00]
New op index: 19	$R_Y$[6]
Current grad: 142.4642913898398
[ 3.14159265  3.14159265  3.14159265  3.14159265 -1.57084264  3.14159265
  3.14159265  3.14159265  3.14159265  3.14159265  3.14159265  3.14159265
  3.14159265  3.14159265  3.14159265  0.         -1.57457406  3.14159265
  0.         -1.57079633  3.14159265  3.14159265  3.14159265  0.
  3.14159265  3.14159265  3.14159265  3.14159265  3.14159265  3.14159265
  3.14159265  3.14159265  3.14159265  3.14159265  3.14159265  3.14159265
  3.14159265  3.14159265  3.14159265  0.          3.14159265  3.14159265
  3.14159265  3.14159265  3.14159265] 
 [0.00000000e+00 0.00000000e+00 0.00000000e+00 0.00000000e+00
 4.82275462e+01 0.00000000e+00 0.00000000e+00 0.00000000e+00
 0.00000000e+00 0.00000000e+00 0.00000000e+00 0.00000000e+00
 0.00000000e+00 0.00000000e+00 0.00000000e+00 1.61487180e-14
 4.58312655e+01 0.00000000e+00 2.43328648e-15 4.82297798e+01
 0.00000000e+00 0.00000000e+00 0.00000000e+00 9.55261252e-32
 0.00000000e+00 0.00000000e+00 0.00000000e+00 0.00000000e+00
 0.00000000e+00 0.00000000e+00 0.00000000e+00 0.00000000e+00
 0.00000000e+00 0.00000000e+00 0.00000000e+00 0.00000000e+00
 0.00000000e+00 0.00000000e+00 0.00000000e+00 1.89289482e-14
 0.00000000e+00 0.00000000e+00 0.00000000e+00 0.00000000e+00
 0.00000000e+00]
New op index: 4	$R_Y$[1]
Current grad: 2.6938775510452726
[ 3.14159265  3.14159265  3.14159265  3.14159265 -1.57441724  3.14159265
  3.14159265 -3.14159265  3.14159265  3.14159265 -3.14159265  3.14159265
  3.14159265  3.14159265  3.14159265  3.14159265  1.57801197  3.14159265
  3.14159265 -3.14159265  3.14159265  3.14159265  3.14159265  3.14159265
  3.14159265  3.14159265  3.14159265  3.14159265  3.14159265  3.14159265
  3.14159265  3.14159265  3.14159265  3.14159265  3.14159265  3.14159265
  3.14159265  3.14159265  3.14159265  3.14159265  3.14159265  3.14159265
  3.14159265  3.14159265  3.14159265] 
 [0.         0.         0.         0.         1.33970971 0.
 0.         0.         0.         0.         0.         0.
 0.         0.         0.         0.         1.33960689 0.
 0.         0.         0.         0.         0.         0.
 0.         0.         0.         0.         0.         0.
 0.         0.         0.         0.         0.         0.
 0.         0.         0.         0.         0.         0.
 0.         0.         0.        ]
New op index: 16	$R_Y$[5]
Current grad: 51.34818394227575
[ 3.14159265  3.14159265  3.14159265  3.14159265 -3.14159265  3.14159265
  3.14159265 -3.14159265  3.14159265  3.14159265  3.14157179  3.14159265
  3.14159265  3.14159265  3.14159265  0.          1.57089241  3.14159265
  3.14159265 -3.14159265  3.14159265  3.14159265 -3.14159265  3.14159265
  3.14159265  3.14159265  3.14159265  3.14159265  3.14159265  3.14159265
  3.14159265  3.14159265  3.14159265  3.14159265  3.14159265  3.14159265
  3.14159265  3.14159265  3.14159265  3.14159265  3.14159265  3.14159265
  3.14159265  3.14159265  3.14159265] 
 [0.00000000e+00 0.00000000e+00 0.00000000e+00 0.00000000e+00
 0.00000000e+00 0.00000000e+00 0.00000000e+00 0.00000000e+00
 0.00000000e+00 0.00000000e+00 2.93477687e-10 0.00000000e+00
 0.00000000e+00 0.00000000e+00 0.00000000e+00 8.70566873e-15
 5.13432225e+01 0.00000000e+00 0.00000000e+00 0.00000000e+00
 0.00000000e+00 0.00000000e+00 0.00000000e+00 0.00000000e+00
 0.00000000e+00 0.00000000e+00 0.00000000e+00 0.00000000e+00
 0.00000000e+00 0.00000000e+00 0.00000000e+00 0.00000000e+00
 0.00000000e+00 0.00000000e+00 0.00000000e+00 0.00000000e+00
 0.00000000e+00 0.00000000e+00 0.00000000e+00 0.00000000e+00
 0.00000000e+00 0.00000000e+00 0.00000000e+00 0.00000000e+00
 0.00000000e+00]
New op index: 0	$R_X$[0]
Current grad: 1.4387201849216073e-08
[ 3.14159265 -3.14159265  3.14159265  3.14159265  3.14159265  3.14159265
  3.14159265  3.14159265  3.14159265  3.14159265  3.14159265  3.14159265
  3.14159265 -3.14159265  3.14159265  3.14159265  3.14159265  3.14159265
  3.14159265  3.14159265  3.14159265  3.14159265 -3.14159265  3.14159265
  3.14159265  3.14159265  3.14159265  3.14159265  3.14159265  3.14159265
  3.14159265  3.14159265  3.14159265  3.14159265  3.14159265  3.14159265
  3.14159265  3.14159265  3.14159265  3.14159265  3.14159265  3.14159265
  3.14159265  3.14159265  3.14159265] 
 [0. 0. 0. 0. 0. 0. 0. 0. 0. 0. 0. 0. 0. 0. 0. 0. 0. 0. 0. 0. 0. 0. 0. 0.
 0. 0. 0. 0. 0. 0. 0. 0. 0. 0. 0. 0. 0. 0. 0. 0. 0. 0. 0. 0. 0.]
Precision cutoff reached.
Calculating energies for FreeWilson2D(N_x=2, N_y=2, mass=0.857, r=1.000)
h_im: 0.0
New op index: 10	$R_Y$[3]
Current grad: 9.428571428571418
[ 3.14159265  1.57079633  3.14159265  3.14159265 -1.57079633  3.14159265
  3.14159265  1.57079633  3.14159265  3.14159265 -1.23412151  0.
  3.14159265 -1.23412151  0.          3.14159265  1.57079633  3.14159265
  3.14159265 -1.57079633  3.14159265  3.14159265  1.57079633  3.14159265
  3.14159265  3.14159265  3.14159265  3.14159265  3.14159265  3.14159265
  3.14159265  0.          0.          3.14159265  3.14159265  3.14159265
  3.14159265  0.          0.          3.14159265  3.14159265  3.14159265
  3.14159265  3.14159265  3.14159265] 
 [0.         1.42857143 0.         0.         0.92857143 0.
 0.         0.92857143 0.         0.         2.01354429 1.
 0.         2.01354429 1.         0.         0.92857143 0.
 0.         0.92857143 0.         0.         1.42857143 0.
 0.         0.         0.         0.         0.         0.
 0.         1.         1.         0.         0.         0.
 0.         1.         1.         0.         0.         0.
 0.         0.         0.        ]
New op index: 7	$R_Y$[2]
Current grad: 331.97224219087195
[ 3.14159265  1.57079633  3.14159265  3.14159265  1.57079633  3.14159265
  3.14159265  1.57079633  3.14159265  3.14159265 -3.14159265  3.14159265
  0.          1.57444317  3.14159265  3.14159265  1.57079633  3.14159265
  0.          1.57079633  3.14159265  0.          1.57079633  3.14159265
  3.14159265  3.14159265  3.14159265  3.14159265  3.14159265  3.14159265
  3.14159265  3.14159265  3.14159265  3.14159265  3.14159265  3.14159265
  3.14159265  3.14159265  3.14159265  0.          0.          3.14159265
  0.          0.          3.14159265] 
 [0.00000000e+00 4.86214892e+01 0.00000000e+00 0.00000000e+00
 4.62643464e+01 0.00000000e+00 0.00000000e+00 4.87866645e+01
 0.00000000e+00 0.00000000e+00 0.00000000e+00 0.00000000e+00
 2.08761579e-15 4.51275432e+01 0.00000000e+00 0.00000000e+00
 4.81214892e+01 0.00000000e+00 8.33262031e-15 4.62643464e+01
 0.00000000e+00 5.54516750e-15 4.86214892e+01 0.00000000e+00
 0.00000000e+00 0.00000000e+00 0.00000000e+00 0.00000000e+00
 0.00000000e+00 0.00000000e+00 0.00000000e+00 0.00000000e+00
 0.00000000e+00 0.00000000e+00 0.00000000e+00 0.00000000e+00
 0.00000000e+00 0.00000000e+00 0.00000000e+00 4.16333634e-15
 4.16333634e-15 0.00000000e+00 9.68669589e-15 9.74220704e-15
 0.00000000e+00]
New op index: 13	$R_Y$[4]
Current grad: 7.571428571428568
[ 3.14159265  1.57079633  3.14159265  3.14159265 -1.57755578  3.14159265
  3.14159265 -3.14159265  3.14159265  3.14159265  3.14159265  3.14159265
  0.         -1.57755578  3.14159265  0.          1.57079633  3.14159265
  0.         -1.57079633  0.          0.          1.57079633  3.14159265
  3.14159265  3.14159265  3.14159265  3.14159265  3.14159265  3.14159265
  3.14159265  3.14159265  3.14159265  3.14159265  3.14159265  3.14159265
  0.          3.14159265  3.14159265  0.          0.          0.
  0.          0.          0.        ] 
 [0.00000000e+00 1.41912195e+00 0.00000000e+00 0.00000000e+00
 1.42833338e+00 0.00000000e+00 0.00000000e+00 0.00000000e+00
 0.00000000e+00 0.00000000e+00 0.00000000e+00 0.00000000e+00
 9.48104952e-32 1.42833338e+00 0.00000000e+00 4.17919667e-15
 9.19121948e-01 0.00000000e+00 2.81520838e-15 9.38020910e-01
 2.77555756e-17 2.84296396e-15 1.41912195e+00 0.00000000e+00
 0.00000000e+00 0.00000000e+00 0.00000000e+00 0.00000000e+00
 0.00000000e+00 0.00000000e+00 0.00000000e+00 0.00000000e+00
 0.00000000e+00 0.00000000e+00 0.00000000e+00 0.00000000e+00
 4.17919667e-15 0.00000000e+00 0.00000000e+00 4.16333634e-15
 4.19109192e-15 2.77555756e-17 2.82710363e-15 2.91037036e-15
 2.77555756e-17]
New op index: 1	$R_Y$[0]
Current grad: 236.93897829900186
[ 3.14159265  1.57079633  3.14159265  3.14159265  1.57444762  3.14159265
  3.14159265 -3.14159265  3.14159265  3.14159265 -3.14159262  3.14159265
  3.14159265 -3.14159265  3.14159265  3.14159265  1.57084312  3.14159265
  0.          1.57079633  0.          0.          1.57079633  3.14159265
  3.14159265  3.14159265  3.14159265  3.14159265  3.14159265  3.14159265
  3.14159265  3.14159265  3.14159265  3.14159265  3.14159265  3.14159265
  3.14159265  3.14159265  3.14159265  3.14159265  3.14159265  3.14159265
  0.          0.          3.14159265] 
 [0.00000000e+00 4.85282584e+01 0.00000000e+00 0.00000000e+00
 4.55070380e+01 0.00000000e+00 0.00000000e+00 0.00000000e+00
 0.00000000e+00 0.00000000e+00 8.88178420e-16 0.00000000e+00
 0.00000000e+00 0.00000000e+00 0.00000000e+00 0.00000000e+00
 4.80355964e+01 0.00000000e+00 2.30878763e-15 4.61711155e+01
 4.09123531e-19 5.00131287e-15 4.85282584e+01 0.00000000e+00
 0.00000000e+00 0.00000000e+00 0.00000000e+00 0.00000000e+00
 0.00000000e+00 0.00000000e+00 0.00000000e+00 0.00000000e+00
 0.00000000e+00 0.00000000e+00 0.00000000e+00 0.00000000e+00
 0.00000000e+00 0.00000000e+00 0.00000000e+00 0.00000000e+00
 0.00000000e+00 0.00000000e+00 7.50021789e-15 7.50008872e-15
 0.00000000e+00]
New op index: 22	$R_Y$[7]
Current grad: 4.714285714393775
[ 3.14159265  3.14159265  3.14159265  3.14159265 -1.57419876  3.14159265
  3.14159265 -3.14159265  3.14159265  3.14159265  3.14159265  3.14159265
  3.14159265  3.14159265  3.14159265  3.14159265  1.57603033  3.14159265
  0.         -1.57079633  3.14159265  3.14159265  1.57079633  0.
  3.14159265  3.14159265  3.14159265  3.14159265  3.14159265  3.14159265
  3.14159265  3.14159265  3.14159265  3.14159265  3.14159265  3.14159265
  3.14159265  3.14159265  3.14159265  3.14159265  3.14159265  3.14159265
  3.14159265  3.14159265  0.        ] 
 [0.00000000e+00 0.00000000e+00 0.00000000e+00 0.00000000e+00
 1.42371972e+00 0.00000000e+00 0.00000000e+00 0.00000000e+00
 0.00000000e+00 0.00000000e+00 0.00000000e+00 0.00000000e+00
 0.00000000e+00 0.00000000e+00 0.00000000e+00 0.00000000e+00
 9.23723292e-01 0.00000000e+00 6.74891962e-16 9.28572098e-01
 0.00000000e+00 0.00000000e+00 1.42857076e+00 3.55923244e-17
 0.00000000e+00 0.00000000e+00 0.00000000e+00 0.00000000e+00
 0.00000000e+00 0.00000000e+00 0.00000000e+00 0.00000000e+00
 0.00000000e+00 0.00000000e+00 0.00000000e+00 0.00000000e+00
 0.00000000e+00 0.00000000e+00 0.00000000e+00 0.00000000e+00
 0.00000000e+00 0.00000000e+00 0.00000000e+00 0.00000000e+00
 2.56335315e-17]
New op index: 19	$R_Y$[6]
Current grad: 143.5008457369329
[ 3.14159265  3.14159265  3.14159265  3.14159265 -1.5708427   3.14159265
  3.14159265  3.14159265  3.14159265  3.14159265  3.14159265  3.14159265
  3.14159265  3.14159265  3.14159265  0.         -1.57436405  3.14159265
  0.         -1.57079633  0.          3.14159265  3.14159265  3.14159265
  3.14159265  3.14159265  3.14159265  3.14159265  3.14159265  3.14159265
  3.14159265  3.14159265  3.14159265  3.14159265  3.14159265  3.14159265
  3.14159265  3.14159265  3.14159265  0.          3.14159265  3.14159265
  3.14159265  3.14159265  0.        ] 
 [0.00000000e+00 0.00000000e+00 0.00000000e+00 0.00000000e+00
 4.86264072e+01 0.00000000e+00 0.00000000e+00 0.00000000e+00
 0.00000000e+00 0.00000000e+00 0.00000000e+00 0.00000000e+00
 0.00000000e+00 0.00000000e+00 0.00000000e+00 1.70833080e-14
 4.60788310e+01 0.00000000e+00 5.92283655e-16 4.86286622e+01
 6.07143158e-17 0.00000000e+00 0.00000000e+00 0.00000000e+00
 0.00000000e+00 0.00000000e+00 0.00000000e+00 0.00000000e+00
 0.00000000e+00 0.00000000e+00 0.00000000e+00 0.00000000e+00
 0.00000000e+00 0.00000000e+00 0.00000000e+00 0.00000000e+00
 0.00000000e+00 0.00000000e+00 0.00000000e+00 1.71551756e-14
 0.00000000e+00 0.00000000e+00 0.00000000e+00 0.00000000e+00
 6.07143158e-17]
New op index: 4	$R_Y$[1]
Current grad: 2.857142857166035
[ 3.14159265 -3.14159265  3.14159265  3.14159265 -1.57420456  3.14159265
  3.14159265 -3.14159265  3.14159265  3.14159265 -3.14159265  3.14159265
  3.14159265  3.14159265  3.14159265  0.          1.57758958  3.14159265
  3.14159265  3.14159265  3.14159265  3.14159265 -3.14159265  3.14159265
  3.14159265  3.14159265  3.14159265  3.14159265  3.14159265  3.14159265
  3.14159265  3.14159265  3.14159265  3.14159265  3.14159265  3.14159265
  3.14159265  3.14159265  3.14159265  3.14159265  3.14159265  3.14159265
  3.14159265  3.14159265  3.14159265] 
 [0.00000000e+00 0.00000000e+00 0.00000000e+00 0.00000000e+00
 1.42135707e+00 0.00000000e+00 0.00000000e+00 0.00000000e+00
 0.00000000e+00 0.00000000e+00 0.00000000e+00 0.00000000e+00
 0.00000000e+00 0.00000000e+00 0.00000000e+00 1.49729790e-14
 1.42124537e+00 0.00000000e+00 0.00000000e+00 0.00000000e+00
 0.00000000e+00 0.00000000e+00 0.00000000e+00 0.00000000e+00
 0.00000000e+00 0.00000000e+00 0.00000000e+00 0.00000000e+00
 0.00000000e+00 0.00000000e+00 0.00000000e+00 0.00000000e+00
 0.00000000e+00 0.00000000e+00 0.00000000e+00 0.00000000e+00
 0.00000000e+00 0.00000000e+00 0.00000000e+00 0.00000000e+00
 0.00000000e+00 0.00000000e+00 0.00000000e+00 0.00000000e+00
 0.00000000e+00]
New op index: 16	$R_Y$[5]
Current grad: 51.42980594125599
[ 3.14159265  3.14159265  3.14159265  3.14159265  3.14159265  3.14159265
  3.14159265 -3.14159265  3.14159265  3.14159265  3.14157907  3.14159265
  3.14159265  3.14159265  3.14159265  0.          1.57089218  3.14159265
  3.14159265  3.14159265  3.14159265  3.14159265 -3.14159265  3.14159265
  3.14159265  3.14159265  3.14159265  3.14159265  3.14159265  3.14159265
  3.14159265  3.14159265  3.14159265  3.14159265  3.14159265  3.14159265
  3.14159265  3.14159265  3.14159265  3.14159265  3.14159265  3.14159265
  3.14159265  3.14159265  3.14159265] 
 [0.00000000e+00 0.00000000e+00 0.00000000e+00 0.00000000e+00
 0.00000000e+00 0.00000000e+00 0.00000000e+00 0.00000000e+00
 0.00000000e+00 0.00000000e+00 1.31861855e-10 0.00000000e+00
 0.00000000e+00 0.00000000e+00 0.00000000e+00 4.60887847e-15
 5.14248572e+01 0.00000000e+00 0.00000000e+00 0.00000000e+00
 0.00000000e+00 0.00000000e+00 0.00000000e+00 0.00000000e+00
 0.00000000e+00 0.00000000e+00 0.00000000e+00 0.00000000e+00
 0.00000000e+00 0.00000000e+00 0.00000000e+00 0.00000000e+00
 0.00000000e+00 0.00000000e+00 0.00000000e+00 0.00000000e+00
 0.00000000e+00 0.00000000e+00 0.00000000e+00 0.00000000e+00
 0.00000000e+00 0.00000000e+00 0.00000000e+00 0.00000000e+00
 0.00000000e+00]
New op index: 0	$R_X$[0]
Current grad: 1.4091278624338264e-08
[ 3.14159265 -3.14159265  3.14159265  3.14159265 -3.14159265  3.14159265
  3.14159265  3.14159265  3.14159265  3.14159265  3.14159265  3.14159265
  3.14159265 -3.14159265  3.14159265  3.14159265 -3.14159265  3.14159265
  3.14159265  3.14159265  3.14159265  3.14159265 -3.14159265  3.14159265
  3.14159265  3.14159265  3.14159265  3.14159265  3.14159265  3.14159265
  3.14159265  3.14159265  3.14159265  3.14159265  3.14159265  3.14159265
  3.14159265  3.14159265  3.14159265  3.14159265  3.14159265  3.14159265
  3.14159265  3.14159265  3.14159265] 
 [0. 0. 0. 0. 0. 0. 0. 0. 0. 0. 0. 0. 0. 0. 0. 0. 0. 0. 0. 0. 0. 0. 0. 0.
 0. 0. 0. 0. 0. 0. 0. 0. 0. 0. 0. 0. 0. 0. 0. 0. 0. 0. 0. 0. 0.]
Precision cutoff reached.
Calculating energies for FreeWilson2D(N_x=2, N_y=2, mass=1.020, r=1.000)
h_im: 0.0
New op index: 10	$R_Y$[3]
Current grad: 10.081632653061215
[ 3.14159265  1.57079633  3.14159265  3.14159265 -1.57079633  3.14159265
  3.14159265  1.57079633  3.14159265  3.14159265 -1.25107417  0.
  3.14159265 -1.25107417  0.          3.14159265  1.57079633  3.14159265
  3.14159265 -1.57079633  3.14159265  3.14159265  1.57079633  3.14159265
  3.14159265  3.14159265  3.14159265  3.14159265  3.14159265  3.14159265
  3.14159265  0.          0.          3.14159265  3.14159265  3.14159265
  3.14159265  0.          0.          3.14159265  3.14159265  3.14159265
  3.14159265  3.14159265  3.14159265] 
 [0.         1.51020408 0.         0.         1.01020408 0.
 0.         1.01020408 0.         0.         2.09082254 1.
 0.         2.09082254 1.         0.         1.01020408 0.
 0.         1.01020408 0.         0.         1.51020408 0.
 0.         0.         0.         0.         0.         0.
 0.         1.         1.         0.         0.         0.
 0.         1.         1.         0.         0.         0.
 0.         0.         0.        ]
New op index: 7	$R_Y$[2]
Current grad: 333.95566735588204
[ 3.14159265  1.57079633  3.14159265  3.14159265  1.57079633  3.14159265
  3.14159265  1.57079633  3.14159265  3.14159265 -3.14159265  3.14159265
  0.          1.57425161  3.14159265  3.14159265  1.57079633  3.14159265
  0.          1.57079633  3.14159265  3.14159265  1.57079633  3.14159265
  3.14159265  3.14159265  3.14159265  3.14159265  3.14159265  3.14159265
  3.14159265  3.14159265  3.14159265  3.14159265  3.14159265  3.14159265
  3.14159265  3.14159265  3.14159265  3.14159265  3.14159265  3.14159265
  3.14159265  3.14159265  3.14159265] 
 [0.00000000e+00 4.89763431e+01 0.00000000e+00 0.00000000e+00
 4.64559350e+01 0.00000000e+00 0.00000000e+00 4.91334945e+01
 0.00000000e+00 0.00000000e+00 0.00000000e+00 0.00000000e+00
 1.67666334e-16 4.53243937e+01 0.00000000e+00 0.00000000e+00
 4.84763431e+01 0.00000000e+00 2.80387958e-15 4.64559350e+01
 0.00000000e+00 0.00000000e+00 4.89763431e+01 0.00000000e+00
 0.00000000e+00 0.00000000e+00 0.00000000e+00 0.00000000e+00
 0.00000000e+00 0.00000000e+00 0.00000000e+00 0.00000000e+00
 0.00000000e+00 0.00000000e+00 0.00000000e+00 0.00000000e+00
 0.00000000e+00 0.00000000e+00 0.00000000e+00 0.00000000e+00
 0.00000000e+00 0.00000000e+00 0.00000000e+00 0.00000000e+00
 0.00000000e+00]
New op index: 13	$R_Y$[4]
Current grad: 8.06122448979593
[ 3.14159265  1.57079633  3.14159265  3.14159265 -1.57718268  3.14159265
  3.14159265 -3.14159265  3.14159265  3.14159265 -3.14159265  3.14159265
  0.         -1.57718268  3.14159265  0.          1.57079633  0.
  0.         -1.57079633  3.14159265  3.14159265  1.57079633  0.
  3.14159265  3.14159265  3.14159265  3.14159265  3.14159265  3.14159265
  3.14159265  3.14159265  3.14159265  3.14159265  3.14159265  3.14159265
  0.          3.14159265  3.14159265  0.          0.          0.
  3.14159265  3.14159265  0.        ] 
 [0.00000000e+00 1.50078452e+00 0.00000000e+00 0.00000000e+00
 1.50994965e+00 0.00000000e+00 0.00000000e+00 0.00000000e+00
 0.00000000e+00 0.00000000e+00 0.00000000e+00 0.00000000e+00
 9.78598687e-32 1.50994965e+00 0.00000000e+00 9.90532302e-32
 1.00078452e+00 7.87667686e-34 9.82575251e-32 1.01962364e+00
 0.00000000e+00 0.00000000e+00 1.50078452e+00 7.87667686e-34
 0.00000000e+00 0.00000000e+00 0.00000000e+00 0.00000000e+00
 0.00000000e+00 0.00000000e+00 0.00000000e+00 0.00000000e+00
 0.00000000e+00 0.00000000e+00 0.00000000e+00 0.00000000e+00
 1.57529715e-31 0.00000000e+00 0.00000000e+00 1.57927371e-31
 1.57533537e-31 3.93833843e-34 0.00000000e+00 0.00000000e+00
 3.93833843e-34]
New op index: 22	$R_Y$[7]
Current grad: 238.37477226156085
[ 3.14159265  1.57079633  3.14159265  3.14159265  1.57426091  3.14159265
  3.14159265 -3.14159265  3.14159265  3.14159265 -3.14159264  3.14159265
  3.14159265  3.14159265  3.14159265  0.          1.57084315  3.14159265
  0.          1.57079633  3.14159265  0.          1.57079633  0.
  3.14159265  3.14159265  3.14159265  3.14159265  3.14159265  3.14159265
  3.14159265  3.14159265  3.14159265  3.14159265  3.14159265  3.14159265
  3.14159265  3.14159265  3.14159265  0.          3.14159265  3.14159265
  0.          0.          3.14159265] 
 [0.00000000e+00 4.88812521e+01 0.00000000e+00 0.00000000e+00
 4.57046132e+01 0.00000000e+00 0.00000000e+00 0.00000000e+00
 0.00000000e+00 0.00000000e+00 2.22044605e-16 0.00000000e+00
 0.00000000e+00 0.00000000e+00 0.00000000e+00 1.35601170e-14
 4.83859229e+01 0.00000000e+00 3.85739875e-15 4.63608439e+01
 0.00000000e+00 1.24180536e-15 4.88812521e+01 2.00513874e-17
 0.00000000e+00 0.00000000e+00 0.00000000e+00 0.00000000e+00
 0.00000000e+00 0.00000000e+00 0.00000000e+00 0.00000000e+00
 0.00000000e+00 0.00000000e+00 0.00000000e+00 0.00000000e+00
 0.00000000e+00 0.00000000e+00 0.00000000e+00 1.92255585e-14
 0.00000000e+00 0.00000000e+00 6.90765206e-15 6.80578809e-15
 0.00000000e+00]
New op index: 19	$R_Y$[6]
Current grad: 5.535963611869597
[ 3.14159265  1.57079633  3.14159265  3.14159265 -1.57402011  3.14159265
  3.14159265  3.14159265  3.14159265  3.14159265  3.14159265  3.14159265
  3.14159265 -3.14159265  3.14159265  3.14159265  1.57559976  3.14159265
  0.         -1.57079633  3.14159265  3.14159265 -3.14159265  0.
  3.14159265  3.14159265  3.14159265  3.14159265  3.14159265  3.14159265
  3.14159265  3.14159265  3.14159265  3.14159265  3.14159265  3.14159265
  3.14159265  3.14159265  3.14159265  3.14159265  3.14159265  3.14159265
  3.14159265  3.14159265  3.14159265] 
 [0.00000000e+00 1.51020342e+00 0.00000000e+00 0.00000000e+00
 1.50050691e+00 0.00000000e+00 0.00000000e+00 0.00000000e+00
 0.00000000e+00 0.00000000e+00 0.00000000e+00 0.00000000e+00
 0.00000000e+00 0.00000000e+00 0.00000000e+00 0.00000000e+00
 1.00536258e+00 0.00000000e+00 5.79002842e-15 1.51020475e+00
 0.00000000e+00 0.00000000e+00 0.00000000e+00 2.60790475e-33
 0.00000000e+00 0.00000000e+00 0.00000000e+00 0.00000000e+00
 0.00000000e+00 0.00000000e+00 0.00000000e+00 0.00000000e+00
 0.00000000e+00 0.00000000e+00 0.00000000e+00 0.00000000e+00
 0.00000000e+00 0.00000000e+00 0.00000000e+00 0.00000000e+00
 0.00000000e+00 0.00000000e+00 0.00000000e+00 0.00000000e+00
 0.00000000e+00]
New op index: 1	$R_Y$[0]
Current grad: 143.6217256213609
[ 3.14159265  1.57079633  3.14159265  3.14159265  1.57426229  3.14159265
  3.14159265 -3.14159265  3.14159265  3.14159265 -3.14159262  3.14159265
  3.14159265  3.14159265  3.14159265  0.          1.5708944   3.14159265
  3.14159265 -3.14159265  3.14159265  3.14159265 -3.14159265  3.14159265
  3.14159265  3.14159265  3.14159265  3.14159265  3.14159265  3.14159265
  3.14159265  3.14159265  3.14159265  3.14159265  3.14159265  3.14159265
  3.14159265  3.14159265  3.14159265  3.14159265  3.14159265  3.14159265
  3.14159265  3.14159265  3.14159265] 
 [0.00000000e+00 4.88799141e+01 0.00000000e+00 0.00000000e+00
 4.57032165e+01 0.00000000e+00 0.00000000e+00 0.00000000e+00
 0.00000000e+00 0.00000000e+00 1.11022302e-15 0.00000000e+00
 0.00000000e+00 0.00000000e+00 0.00000000e+00 1.01009029e-14
 4.88751203e+01 0.00000000e+00 0.00000000e+00 0.00000000e+00
 0.00000000e+00 0.00000000e+00 0.00000000e+00 0.00000000e+00
 0.00000000e+00 0.00000000e+00 0.00000000e+00 0.00000000e+00
 0.00000000e+00 0.00000000e+00 0.00000000e+00 0.00000000e+00
 0.00000000e+00 0.00000000e+00 0.00000000e+00 0.00000000e+00
 0.00000000e+00 0.00000000e+00 0.00000000e+00 0.00000000e+00
 0.00000000e+00 0.00000000e+00 0.00000000e+00 0.00000000e+00
 0.00000000e+00]
New op index: 4	$R_Y$[1]
Current grad: 3.0204081634332995
[ 3.14159265  3.14159265  3.14159265  3.14159265 -1.57401492  3.14159265
  3.14159265 -3.14159265  3.14159265  3.14159265  3.14159265  3.14159265
  3.14159265  3.14159265  3.14159265  3.14159265  1.57721281  3.14159265
  3.14159265  3.14159265  0.          3.14159265 -3.14159265  3.14159265
  3.14159265  3.14159265  3.14159265  3.14159265  3.14159265  3.14159265
  3.14159265  3.14159265  3.14159265  3.14159265  3.14159265  3.14159265
  3.14159265  3.14159265  3.14159265  3.14159265  3.14159265  3.14159265
  3.14159265  3.14159265  3.14159265] 
 [0.00000000e+00 0.00000000e+00 0.00000000e+00 0.00000000e+00
 1.50300443e+00 0.00000000e+00 0.00000000e+00 0.00000000e+00
 0.00000000e+00 0.00000000e+00 0.00000000e+00 0.00000000e+00
 0.00000000e+00 0.00000000e+00 0.00000000e+00 0.00000000e+00
 1.50288407e+00 0.00000000e+00 0.00000000e+00 0.00000000e+00
 3.07075814e-32 0.00000000e+00 0.00000000e+00 0.00000000e+00
 0.00000000e+00 0.00000000e+00 0.00000000e+00 0.00000000e+00
 0.00000000e+00 0.00000000e+00 0.00000000e+00 0.00000000e+00
 0.00000000e+00 0.00000000e+00 0.00000000e+00 0.00000000e+00
 0.00000000e+00 0.00000000e+00 0.00000000e+00 0.00000000e+00
 0.00000000e+00 0.00000000e+00 0.00000000e+00 0.00000000e+00
 0.00000000e+00]
New op index: 16	$R_Y$[5]
Current grad: 51.51143083656719
[ 3.14159265  3.14159265  3.14159265  3.14159265  3.14159265  3.14159265
  3.14159265 -3.14159265  3.14159265  3.14159265  3.14158365  3.14159265
  3.14159265  3.14159265  3.14159265  3.14159265  1.57089195  3.14159265
  3.14159265  3.14159265  0.          3.14159265 -3.14159265  3.14159265
  3.14159265  3.14159265  3.14159265  3.14159265  3.14159265  3.14159265
  3.14159265  3.14159265  3.14159265  3.14159265  3.14159265  3.14159265
  3.14159265  3.14159265  3.14159265  3.14159265  3.14159265  3.14159265
  3.14159265  3.14159265  3.14159265] 
 [0.00000000e+00 0.00000000e+00 0.00000000e+00 0.00000000e+00
 0.00000000e+00 0.00000000e+00 0.00000000e+00 0.00000000e+00
 0.00000000e+00 0.00000000e+00 6.12614404e-11 0.00000000e+00
 0.00000000e+00 0.00000000e+00 0.00000000e+00 0.00000000e+00
 5.15064919e+01 0.00000000e+00 0.00000000e+00 0.00000000e+00
 8.30723571e-36 0.00000000e+00 0.00000000e+00 0.00000000e+00
 0.00000000e+00 0.00000000e+00 0.00000000e+00 0.00000000e+00
 0.00000000e+00 0.00000000e+00 0.00000000e+00 0.00000000e+00
 0.00000000e+00 0.00000000e+00 0.00000000e+00 0.00000000e+00
 0.00000000e+00 0.00000000e+00 0.00000000e+00 0.00000000e+00
 0.00000000e+00 0.00000000e+00 0.00000000e+00 0.00000000e+00
 0.00000000e+00]
New op index: 0	$R_X$[0]
Current grad: 6.496072750814325e-08
[ 3.14159265 -3.14159265  3.14159265  3.14159265  3.14159265  3.14159265
  3.14159265  3.14159265  3.14159265  3.14159265  3.14159265  3.14159265
  3.14159265 -3.14159265  3.14159265  3.14159265  3.14159265  3.14159265
  3.14159265  3.14159265  3.14159265  3.14159265 -3.14159265  3.14159265
  3.14159265  3.14159265  3.14159265  3.14159265  3.14159265  3.14159265
  3.14159265  3.14159265  3.14159265  3.14159265  3.14159265  3.14159265
  3.14159265  3.14159265  3.14159265  3.14159265  3.14159265  3.14159265
  3.14159265  3.14159265  3.14159265] 
 [0. 0. 0. 0. 0. 0. 0. 0. 0. 0. 0. 0. 0. 0. 0. 0. 0. 0. 0. 0. 0. 0. 0. 0.
 0. 0. 0. 0. 0. 0. 0. 0. 0. 0. 0. 0. 0. 0. 0. 0. 0. 0. 0. 0. 0.]
Precision cutoff reached.
Calculating energies for FreeWilson2D(N_x=2, N_y=2, mass=1.184, r=1.000)
h_im: 0.0
New op index: 10	$R_Y$[3]
Current grad: 10.734693877551008
[ 3.14159265  1.57079633  3.14159265  3.14159265 -1.57079633  3.14159265
  3.14159265  1.57079633  3.14159265  3.14159265 -1.26645214  0.
  3.14159265 -1.26645214  0.          3.14159265  1.57079633  3.14159265
  3.14159265 -1.57079633  3.14159265  3.14159265  1.57079633  3.14159265
  3.14159265  3.14159265  3.14159265  3.14159265  3.14159265  3.14159265
  3.14159265  0.          0.          3.14159265  3.14159265  3.14159265
  3.14159265  0.          0.          3.14159265  3.14159265  3.14159265
  3.14159265  3.14159265  3.14159265] 
 [0.         1.59183673 0.         0.         1.09183673 0.
 0.         1.09183673 0.         0.         2.16851556 1.
 0.         2.16851556 1.         0.         1.09183673 0.
 0.         1.09183673 0.         0.         1.59183673 0.
 0.         0.         0.         0.         0.         0.
 0.         1.         1.         0.         0.         0.
 0.         1.         1.         0.         0.         0.
 0.         0.         0.        ]
New op index: 7	$R_Y$[2]
Current grad: 335.6799377531691
[3.14159265 1.57079633 3.14159265 3.14159265 1.57079633 3.14159265
 3.14159265 1.57079633 3.14159265 3.14159265 3.14159265 3.14159265
 0.         1.57407974 3.14159265 3.14159265 1.57079633 3.14159265
 3.14159265 1.57079633 3.14159265 0.         1.57079633 3.14159265
 3.14159265 3.14159265 3.14159265 3.14159265 3.14159265 3.14159265
 3.14159265 3.14159265 3.14159265 3.14159265 3.14159265 3.14159265
 3.14159265 3.14159265 3.14159265 3.14159265 3.14159265 3.14159265
 0.         0.         3.14159265] 
 [0.00000000e+00 4.92940209e+01 0.00000000e+00 0.00000000e+00
 4.66103474e+01 0.00000000e+00 0.00000000e+00 4.94438547e+01
 0.00000000e+00 0.00000000e+00 0.00000000e+00 0.00000000e+00
 2.76989316e-15 4.54837378e+01 0.00000000e+00 0.00000000e+00
 4.87940209e+01 0.00000000e+00 0.00000000e+00 4.66103474e+01
 0.00000000e+00 8.27427696e-15 4.92940209e+01 0.00000000e+00
 0.00000000e+00 0.00000000e+00 0.00000000e+00 0.00000000e+00
 0.00000000e+00 0.00000000e+00 0.00000000e+00 0.00000000e+00
 0.00000000e+00 0.00000000e+00 0.00000000e+00 0.00000000e+00
 0.00000000e+00 0.00000000e+00 0.00000000e+00 0.00000000e+00
 0.00000000e+00 0.00000000e+00 4.10782519e-15 4.19109192e-15
 0.00000000e+00]
New op index: 13	$R_Y$[4]
Current grad: 8.551020408163366
[ 3.14159265  1.57079633  3.14159265  3.14159265 -1.57684764  3.14159265
  3.14159265 -3.14159265  0.          3.14159265 -3.14159265  3.14159265
  0.         -1.57684764  3.14159265  0.          1.57079633  3.14159265
  0.         -1.57079633  0.          0.          1.57079633  3.14159265
  3.14159265  3.14159265  3.14159265  3.14159265  3.14159265  3.14159265
  3.14159265  3.14159265  3.14159265  3.14159265  3.14159265  3.14159265
  0.          3.14159265  3.14159265  0.          0.          3.14159265
  0.          0.          3.14159265] 
 [0.00000000e+00 1.58244695e+00 0.00000000e+00 0.00000000e+00
 1.59156620e+00 0.00000000e+00 0.00000000e+00 0.00000000e+00
 1.23259516e-32 0.00000000e+00 0.00000000e+00 0.00000000e+00
 1.88597601e-30 1.59156620e+00 0.00000000e+00 4.16900075e-15
 1.08244695e+00 0.00000000e+00 5.58963306e-15 1.10122652e+00
 1.38777878e-17 1.08731051e-14 1.58244695e+00 0.00000000e+00
 0.00000000e+00 0.00000000e+00 0.00000000e+00 0.00000000e+00
 0.00000000e+00 0.00000000e+00 0.00000000e+00 0.00000000e+00
 0.00000000e+00 0.00000000e+00 0.00000000e+00 0.00000000e+00
 4.16900075e-15 0.00000000e+00 0.00000000e+00 8.34309945e-15
 8.38473282e-15 0.00000000e+00 1.50472038e-14 1.51165928e-14
 0.00000000e+00]
New op index: 22	$R_Y$[7]
Current grad: 239.6326568184139
[ 3.14159265  1.57079633  3.14159265  3.14159265  1.57409298  3.14159265
  3.14159265 -3.14159265  3.14159265  3.14159265 -3.14159265  3.14159265
  3.14159265 -3.14159265  3.14159265  0.          1.57084317  3.14159265
  3.14159265  1.57079633  3.14159265  0.          1.57079633  0.
  3.14159265  3.14159265  3.14159265  3.14159265  3.14159265  3.14159265
  3.14159265  3.14159265  3.14159265  3.14159265  3.14159265  3.14159265
  3.14159265  3.14159265  3.14159265  3.14159265  3.14159265  3.14159265
  0.          0.          3.14159265] 
 [0.00000000e+00 4.91985735e+01 0.00000000e+00 0.00000000e+00
 4.58658423e+01 0.00000000e+00 0.00000000e+00 0.00000000e+00
 0.00000000e+00 0.00000000e+00 0.00000000e+00 0.00000000e+00
 0.00000000e+00 0.00000000e+00 0.00000000e+00 4.92314655e-16
 4.87010324e+01 0.00000000e+00 0.00000000e+00 4.65149001e+01
 0.00000000e+00 1.56337807e-14 4.91985735e+01 2.91548740e-18
 0.00000000e+00 0.00000000e+00 0.00000000e+00 0.00000000e+00
 0.00000000e+00 0.00000000e+00 0.00000000e+00 0.00000000e+00
 0.00000000e+00 0.00000000e+00 0.00000000e+00 0.00000000e+00
 0.00000000e+00 0.00000000e+00 0.00000000e+00 0.00000000e+00
 0.00000000e+00 0.00000000e+00 1.44621879e-14 1.44098692e-14
 0.00000000e+00]
New op index: 19	$R_Y$[6]
Current grad: 5.862501900618845
[ 3.14159265  1.57079633  3.14159265  3.14159265 -1.57384943  3.14159265
  3.14159265  3.14159265  3.14159265  3.14159265  3.14159265  3.14159265
  3.14159265  3.14159265  3.14159265  3.14159265  1.5752336   3.14159265
  3.14159265 -1.57079633  3.14159265  3.14159265 -3.14159265  3.14159265
  3.14159265  3.14159265  3.14159265  3.14159265  3.14159265  3.14159265
  3.14159265  3.14159265  3.14159265  3.14159265  3.14159265  3.14159265
  3.14159265  3.14159265  3.14159265  3.14159265  3.14159265  3.14159265
  3.14159265  3.14159265  3.14159265] 
 [0.         1.59183607 0.         0.         1.58215449 0.
 0.         0.         0.         0.         0.         0.
 0.         0.         0.         0.         1.08700201 0.
 0.         1.5918374  0.         0.         0.         0.
 0.         0.         0.         0.         0.         0.
 0.         0.         0.         0.         0.         0.
 0.         0.         0.         0.         0.         0.
 0.         0.         0.        ]
New op index: 1	$R_Y$[0]
Current grad: 144.4112108824459
[ 3.14159265  1.57079633  3.14159265  3.14159265  1.57409423  3.14159265
  3.14159265 -3.14159265  3.14159265  3.14159265 -3.14159264  3.14159265
  3.14159265  3.14159265  3.14159265  3.14159265  1.57089392  3.14159265
  3.14159265 -3.14159265  3.14159265  3.14159265  3.14159265  3.14159265
  3.14159265  3.14159265  3.14159265  3.14159265  3.14159265  3.14159265
  3.14159265  3.14159265  3.14159265  3.14159265  3.14159265  3.14159265
  3.14159265  3.14159265  3.14159265  3.14159265  3.14159265  3.14159265
  3.14159265  3.14159265  3.14159265] 
 [0.00000000e+00 4.91974961e+01 0.00000000e+00 0.00000000e+00
 4.58647114e+01 0.00000000e+00 0.00000000e+00 0.00000000e+00
 0.00000000e+00 0.00000000e+00 2.22044605e-16 0.00000000e+00
 0.00000000e+00 0.00000000e+00 0.00000000e+00 0.00000000e+00
 4.91926950e+01 0.00000000e+00 0.00000000e+00 0.00000000e+00
 0.00000000e+00 0.00000000e+00 0.00000000e+00 0.00000000e+00
 0.00000000e+00 0.00000000e+00 0.00000000e+00 0.00000000e+00
 0.00000000e+00 0.00000000e+00 0.00000000e+00 0.00000000e+00
 0.00000000e+00 0.00000000e+00 0.00000000e+00 0.00000000e+00
 0.00000000e+00 0.00000000e+00 0.00000000e+00 0.00000000e+00
 0.00000000e+00 0.00000000e+00 0.00000000e+00 0.00000000e+00
 0.00000000e+00]
New op index: 4	$R_Y$[1]
Current grad: 3.1836734695533453
[ 3.14159265  3.14159265  3.14159265  3.14159265 -1.57384477  3.14159265
  3.14159265  3.14159265  3.14159265  3.14159265  3.14159265  3.14159265
  3.14159265  3.14159265  3.14159265  0.          1.57687466  3.14159265
  3.14159265  3.14159265  3.14159265  3.14159265  3.14159265  3.14159265
  3.14159265  3.14159265  3.14159265  3.14159265  3.14159265  3.14159265
  3.14159265  3.14159265  3.14159265  3.14159265  3.14159265  3.14159265
  3.14159265  3.14159265  3.14159265  3.14159265  3.14159265  3.14159265
  3.14159265  3.14159265  3.14159265] 
 [0.00000000e+00 0.00000000e+00 0.00000000e+00 0.00000000e+00
 1.58465178e+00 0.00000000e+00 0.00000000e+00 0.00000000e+00
 0.00000000e+00 0.00000000e+00 0.00000000e+00 0.00000000e+00
 0.00000000e+00 0.00000000e+00 0.00000000e+00 7.04083116e-15
 1.58452295e+00 0.00000000e+00 0.00000000e+00 0.00000000e+00
 0.00000000e+00 0.00000000e+00 0.00000000e+00 0.00000000e+00
 0.00000000e+00 0.00000000e+00 0.00000000e+00 0.00000000e+00
 0.00000000e+00 0.00000000e+00 0.00000000e+00 0.00000000e+00
 0.00000000e+00 0.00000000e+00 0.00000000e+00 0.00000000e+00
 0.00000000e+00 0.00000000e+00 0.00000000e+00 0.00000000e+00
 0.00000000e+00 0.00000000e+00 0.00000000e+00 0.00000000e+00
 0.00000000e+00]
New op index: 16	$R_Y$[5]
Current grad: 51.593057611533894
[ 3.14159265  3.14159265  3.14159265  3.14159265 -3.14159265  3.14159265
  3.14159265 -3.14159265  3.14159265  3.14159265  3.14158658  3.14159265
  3.14159265  3.14159265  3.14159265  0.          1.57089172  3.14159265
  3.14159265 -3.14159265  0.          3.14159265 -3.14159265  3.14159265
  3.14159265  3.14159265  3.14159265  3.14159265  3.14159265  3.14159265
  3.14159265  3.14159265  3.14159265  3.14159265  3.14159265  3.14159265
  3.14159265  3.14159265  3.14159265  3.14159265  3.14159265  3.14159265
  3.14159265  3.14159265  3.14159265] 
 [0.00000000e+00 0.00000000e+00 0.00000000e+00 0.00000000e+00
 0.00000000e+00 0.00000000e+00 0.00000000e+00 0.00000000e+00
 0.00000000e+00 0.00000000e+00 2.93898239e-11 0.00000000e+00
 0.00000000e+00 0.00000000e+00 0.00000000e+00 6.45138737e-16
 5.15881265e+01 0.00000000e+00 0.00000000e+00 0.00000000e+00
 6.74681314e-36 0.00000000e+00 0.00000000e+00 0.00000000e+00
 0.00000000e+00 0.00000000e+00 0.00000000e+00 0.00000000e+00
 0.00000000e+00 0.00000000e+00 0.00000000e+00 0.00000000e+00
 0.00000000e+00 0.00000000e+00 0.00000000e+00 0.00000000e+00
 0.00000000e+00 0.00000000e+00 0.00000000e+00 0.00000000e+00
 0.00000000e+00 0.00000000e+00 0.00000000e+00 0.00000000e+00
 0.00000000e+00]
New op index: 0	$R_X$[0]
Current grad: 5.722616581990018e-08
[ 3.14159265  3.14159265  3.14159265  3.14159265 -3.14159265  3.14159265
  3.14159265  3.14159265  3.14159265  3.14159265  3.14159265  3.14159265
  3.14159265 -3.14159265  3.14159265  3.14159265  3.14159265  3.14159265
  3.14159265  3.14159265  3.14159265  3.14159265 -3.14159265  3.14159265
  3.14159265  3.14159265  3.14159265  3.14159265  3.14159265  3.14159265
  3.14159265  3.14159265  3.14159265  3.14159265  3.14159265  3.14159265
  3.14159265  3.14159265  3.14159265  3.14159265  3.14159265  3.14159265
  3.14159265  3.14159265  3.14159265] 
 [0. 0. 0. 0. 0. 0. 0. 0. 0. 0. 0. 0. 0. 0. 0. 0. 0. 0. 0. 0. 0. 0. 0. 0.
 0. 0. 0. 0. 0. 0. 0. 0. 0. 0. 0. 0. 0. 0. 0. 0. 0. 0. 0. 0. 0.]
Precision cutoff reached.
Calculating energies for FreeWilson2D(N_x=2, N_y=2, mass=1.347, r=1.000)
h_im: 0.0
New op index: 10	$R_Y$[3]
Current grad: 11.387755102040803
[ 3.14159265  1.57079633  3.14159265  3.14159265 -1.57079633  3.14159265
  3.14159265  1.57079633  3.14159265  3.14159265 -1.28045873  0.
  3.14159265 -1.28045873  0.          3.14159265  1.57079633  3.14159265
  3.14159265 -1.57079633  3.14159265  3.14159265  1.57079633  3.14159265
  3.14159265  3.14159265  3.14159265  3.14159265  3.14159265  3.14159265
  3.14159265  0.          0.          3.14159265  3.14159265  3.14159265
  3.14159265  0.          0.          3.14159265  3.14159265  3.14159265
  3.14159265  3.14159265  3.14159265] 
 [0.         1.67346939 0.         0.         1.17346939 0.
 0.         1.17346939 0.         0.         2.246568   1.
 0.         2.246568   1.         0.         1.17346939 0.
 0.         1.17346939 0.         0.         1.67346939 0.
 0.         0.         0.         0.         0.         0.
 0.         1.         1.         0.         0.         0.
 0.         1.         1.         0.         0.         0.
 0.         0.         0.        ]
New op index: 7	$R_Y$[2]
Current grad: 337.1890827284484
[ 3.14159265  1.57079633  3.14159265  3.14159265  1.57079633  3.14159265
  3.14159265  1.57079633  3.14159265  3.14159265 -3.14159265  3.14159265
  3.14159265  1.57392468  3.14159265  3.14159265  1.57079633  3.14159265
  3.14159265  1.57079633  0.          0.          1.57079633  3.14159265
  3.14159265  3.14159265  3.14159265  3.14159265  3.14159265  3.14159265
  3.14159265  3.14159265  3.14159265  3.14159265  3.14159265  0.
  3.14159265  3.14159265  3.14159265  3.14159265  3.14159265  3.14159265
  3.14159265  3.14159265  3.14159265] 
 [0.00000000e+00 4.95808335e+01 0.00000000e+00 0.00000000e+00
 4.67338948e+01 0.00000000e+00 0.00000000e+00 4.97239714e+01
 0.00000000e+00 0.00000000e+00 0.00000000e+00 0.00000000e+00
 0.00000000e+00 4.56119072e+01 0.00000000e+00 0.00000000e+00
 4.90808335e+01 0.00000000e+00 0.00000000e+00 4.67338948e+01
 1.38777878e-17 5.63891337e-16 4.95808335e+01 0.00000000e+00
 0.00000000e+00 0.00000000e+00 0.00000000e+00 0.00000000e+00
 0.00000000e+00 0.00000000e+00 0.00000000e+00 0.00000000e+00
 0.00000000e+00 0.00000000e+00 0.00000000e+00 1.38777878e-17
 0.00000000e+00 0.00000000e+00 0.00000000e+00 0.00000000e+00
 0.00000000e+00 0.00000000e+00 0.00000000e+00 0.00000000e+00
 0.00000000e+00]
New op index: 4	$R_Y$[1]
Current grad: 9.040816326530788
[ 3.14159265  1.57079633  3.14159265  3.14159265 -1.57654511  3.14159265
  3.14159265  3.14159265  0.          3.14159265 -3.14159265  3.14159265
  0.         -1.57654511  3.14159265  0.          1.57079633  0.
  0.         -1.57079633  3.14159265  0.          1.57079633  0.
  3.14159265  3.14159265  3.14159265  3.14159265  3.14159265  3.14159265
  3.14159265  3.14159265  3.14159265  3.14159265  3.14159265  3.14159265
  0.          3.14159265  3.14159265  3.14159265  3.14159265  0.
  0.          0.          0.        ] 
 [0.00000000e+00 1.66410924e+00 0.00000000e+00 0.00000000e+00
 1.67318301e+00 0.00000000e+00 0.00000000e+00 0.00000000e+00
 9.86076132e-32 0.00000000e+00 0.00000000e+00 0.00000000e+00
 1.64108200e-29 1.67318301e+00 0.00000000e+00 2.32240531e-17
 1.16410924e+00 2.77555756e-17 4.53152255e-18 1.18282954e+00
 0.00000000e+00 2.62686698e-15 1.66410924e+00 2.77555756e-17
 0.00000000e+00 0.00000000e+00 0.00000000e+00 0.00000000e+00
 0.00000000e+00 0.00000000e+00 0.00000000e+00 0.00000000e+00
 0.00000000e+00 0.00000000e+00 0.00000000e+00 0.00000000e+00
 2.32240531e-17 0.00000000e+00 0.00000000e+00 0.00000000e+00
 0.00000000e+00 1.38777878e-17 1.21586414e-15 1.20198636e-15
 1.38777878e-17]
New op index: 22	$R_Y$[7]
Current grad: 240.71118957012476
[ 3.14159265  1.57084704  3.14159265  3.14159265  3.14159265  3.14159265
  3.14159265  3.14159265  3.14159265  3.14159265 -3.14159265  3.14159265
  0.          1.57394564  3.14159265  3.14159265  1.57079633  0.
  3.14159265  1.57079633  3.14159265  0.          1.57079633  0.
  3.14159265  3.14159265  3.14159265  3.14159265  3.14159265  3.14159265
  3.14159265  3.14159265  3.14159265  3.14159265  3.14159265  3.14159265
  3.14159265  3.14159265  3.14159265  3.14159265  3.14159265  3.14159265
  3.14159265  3.14159265  3.14159265] 
 [0.00000000e+00 4.94780236e+01 0.00000000e+00 0.00000000e+00
 0.00000000e+00 0.00000000e+00 0.00000000e+00 0.00000000e+00
 0.00000000e+00 0.00000000e+00 0.00000000e+00 0.00000000e+00
 5.84137276e-16 4.59909284e+01 0.00000000e+00 0.00000000e+00
 4.89805329e+01 6.22886854e-18 0.00000000e+00 4.66335941e+01
 0.00000000e+00 1.99528278e-15 4.94805329e+01 1.00044120e-17
 0.00000000e+00 0.00000000e+00 0.00000000e+00 0.00000000e+00
 0.00000000e+00 0.00000000e+00 0.00000000e+00 0.00000000e+00
 0.00000000e+00 0.00000000e+00 0.00000000e+00 0.00000000e+00
 0.00000000e+00 0.00000000e+00 0.00000000e+00 0.00000000e+00
 0.00000000e+00 0.00000000e+00 0.00000000e+00 0.00000000e+00
 0.00000000e+00]
New op index: 19	$R_Y$[6]
Current grad: 6.18903971238623
[ 3.14159265  1.57368736  3.14159265  3.14159265 -3.14159265  3.14159265
  3.14159265 -3.14159265  3.14159265  3.14159265  3.14159265  3.14159265
  3.14159265 -1.57369601  3.14159265  0.          1.57079633  3.14159265
  3.14159265 -1.57079633  3.14159265  3.14159265 -3.14159265  3.14159265
  3.14159265  3.14159265  3.14159265  3.14159265  3.14159265  3.14159265
  3.14159265  3.14159265  3.14159265  3.14159265  3.14159265  3.14159265
  0.          3.14159265  3.14159265  0.          0.          3.14159265
  3.14159265  3.14159265  3.14159265] 
 [0.00000000e+00 1.66863766e+00 0.00000000e+00 0.00000000e+00
 0.00000000e+00 0.00000000e+00 0.00000000e+00 0.00000000e+00
 0.00000000e+00 0.00000000e+00 0.00000000e+00 0.00000000e+00
 0.00000000e+00 1.66380070e+00 0.00000000e+00 1.17175166e-14
 1.17346873e+00 0.00000000e+00 0.00000000e+00 1.67347005e+00
 0.00000000e+00 0.00000000e+00 0.00000000e+00 0.00000000e+00
 0.00000000e+00 0.00000000e+00 0.00000000e+00 0.00000000e+00
 0.00000000e+00 0.00000000e+00 0.00000000e+00 0.00000000e+00
 0.00000000e+00 0.00000000e+00 0.00000000e+00 0.00000000e+00
 1.13252892e-14 0.00000000e+00 0.00000000e+00 4.52618430e-15
 4.55350681e-15 0.00000000e+00 0.00000000e+00 0.00000000e+00
 0.00000000e+00]
New op index: 1	$R_Y$[0]
Current grad: 145.0944584206253
[ 3.14159265  1.57084704  3.14159265  3.14159265  3.14159265  3.14159265
  3.14159265  3.14159265  3.14159265  3.14159265 -3.14159265  3.14159265
  0.          1.57394676  3.14159265  0.          1.57084712  3.14159265
  3.14159265 -3.14159265  3.14159265  3.14159265  3.14159265  3.14159265
  3.14159265  3.14159265  3.14159265  3.14159265  3.14159265  3.14159265
  3.14159265  3.14159265  3.14159265  3.14159265  3.14159265  3.14159265
  0.          3.14159265  3.14159265  3.14159265  3.14159265  3.14159265
  3.14159265  3.14159265  3.14159265] 
 [0.00000000e+00 4.94771556e+01 0.00000000e+00 0.00000000e+00
 0.00000000e+00 0.00000000e+00 0.00000000e+00 0.00000000e+00
 0.00000000e+00 0.00000000e+00 0.00000000e+00 0.00000000e+00
 3.30638128e-15 4.59900114e+01 0.00000000e+00 3.13275736e-15
 4.94771518e+01 0.00000000e+00 0.00000000e+00 0.00000000e+00
 0.00000000e+00 0.00000000e+00 0.00000000e+00 0.00000000e+00
 0.00000000e+00 0.00000000e+00 0.00000000e+00 0.00000000e+00
 0.00000000e+00 0.00000000e+00 0.00000000e+00 0.00000000e+00
 0.00000000e+00 0.00000000e+00 0.00000000e+00 0.00000000e+00
 8.62275594e-15 0.00000000e+00 0.00000000e+00 0.00000000e+00
 0.00000000e+00 0.00000000e+00 0.00000000e+00 0.00000000e+00
 0.00000000e+00]
New op index: 13	$R_Y$[4]
Current grad: 3.3469387756726405
[ 3.14159265  3.14159265  3.14159265  3.14159265  3.14159265  3.14159265
  3.14159265 -3.14159265  3.14159265  3.14159265  3.14159265  3.14159265
  0.         -1.57368763  3.14159265  0.          1.57368736  3.14159265
  3.14159265  3.14159265  0.          3.14159265 -3.14159265  3.14159265
  3.14159265  3.14159265  3.14159265  3.14159265  3.14159265  3.14159265
  3.14159265  3.14159265  3.14159265  3.14159265  3.14159265  3.14159265
  0.          3.14159265  3.14159265  3.14159265  3.14159265  3.14159265
  3.14159265  3.14159265  3.14159265] 
 [0.00000000e+00 0.00000000e+00 0.00000000e+00 0.00000000e+00
 0.00000000e+00 0.00000000e+00 0.00000000e+00 0.00000000e+00
 0.00000000e+00 0.00000000e+00 0.00000000e+00 0.00000000e+00
 1.29196435e-32 1.66863852e+00 0.00000000e+00 2.34117928e-33
 1.66863766e+00 0.00000000e+00 0.00000000e+00 0.00000000e+00
 7.52316385e-37 0.00000000e+00 0.00000000e+00 0.00000000e+00
 0.00000000e+00 0.00000000e+00 0.00000000e+00 0.00000000e+00
 0.00000000e+00 0.00000000e+00 0.00000000e+00 0.00000000e+00
 0.00000000e+00 0.00000000e+00 0.00000000e+00 0.00000000e+00
 1.00580379e-32 0.00000000e+00 0.00000000e+00 0.00000000e+00
 0.00000000e+00 0.00000000e+00 0.00000000e+00 0.00000000e+00
 0.00000000e+00]
New op index: 16	$R_Y$[5]
Current grad: 51.67468562416236
[ 3.14159265  3.14159265  3.14159265  3.14159265 -3.14159265  3.14159265
  3.14159265  3.14159265  3.14159265  3.14159265  3.14158849  3.14159265
  3.14159265  3.14159265  3.14159265  0.          1.57089149  3.14159265
  3.14159265  3.14159265  0.          3.14159265 -3.14159265  3.14159265
  3.14159265  3.14159265  3.14159265  3.14159265  3.14159265  3.14159265
  3.14159265  3.14159265  3.14159265  3.14159265  3.14159265  3.14159265
  3.14159265  3.14159265  3.14159265  3.14159265  3.14159265  3.14159265
  3.14159265  3.14159265  3.14159265] 
 [0.00000000e+00 0.00000000e+00 0.00000000e+00 0.00000000e+00
 0.00000000e+00 0.00000000e+00 0.00000000e+00 0.00000000e+00
 0.00000000e+00 0.00000000e+00 1.45443657e-11 0.00000000e+00
 0.00000000e+00 0.00000000e+00 0.00000000e+00 6.21562780e-15
 5.16697612e+01 0.00000000e+00 0.00000000e+00 0.00000000e+00
 2.22879314e-36 0.00000000e+00 0.00000000e+00 0.00000000e+00
 0.00000000e+00 0.00000000e+00 0.00000000e+00 0.00000000e+00
 0.00000000e+00 0.00000000e+00 0.00000000e+00 0.00000000e+00
 0.00000000e+00 0.00000000e+00 0.00000000e+00 0.00000000e+00
 0.00000000e+00 0.00000000e+00 0.00000000e+00 0.00000000e+00
 0.00000000e+00 0.00000000e+00 0.00000000e+00 0.00000000e+00
 0.00000000e+00]
New op index: 0	$R_X$[0]
Current grad: 5.250270141735407e-08
[ 3.14159265  3.14159265  3.14159265  3.14159265 -3.14159265  3.14159265
  3.14159265  3.14159265  3.14159265  3.14159265  3.14159265  3.14159265
  3.14159265  3.14159265  3.14159265  3.14159265  3.14159265  3.14159265
  3.14159265  3.14159265  3.14159265  3.14159265 -3.14159265  3.14159265
  3.14159265  3.14159265  3.14159265  3.14159265  3.14159265  3.14159265
  3.14159265  3.14159265  3.14159265  3.14159265  3.14159265  3.14159265
  3.14159265  3.14159265  3.14159265  3.14159265  3.14159265  3.14159265
  3.14159265  3.14159265  3.14159265] 
 [0. 0. 0. 0. 0. 0. 0. 0. 0. 0. 0. 0. 0. 0. 0. 0. 0. 0. 0. 0. 0. 0. 0. 0.
 0. 0. 0. 0. 0. 0. 0. 0. 0. 0. 0. 0. 0. 0. 0. 0. 0. 0. 0. 0. 0.]
Precision cutoff reached.
Calculating energies for FreeWilson2D(N_x=2, N_y=2, mass=1.510, r=1.000)
h_im: 0.0
New op index: 10	$R_Y$[3]
Current grad: 12.0408163265306
[ 3.14159265  1.57079633  3.14159265  3.14159265 -1.57079633  3.14159265
  3.14159265  1.57079633  3.14159265  3.14159265 -1.29326472  0.
  3.14159265 -1.29326472  0.          3.14159265  1.57079633  3.14159265
  3.14159265 -1.57079633  3.14159265  3.14159265  1.57079633  3.14159265
  3.14159265  3.14159265  3.14159265  3.14159265  3.14159265  3.14159265
  3.14159265  0.          0.          3.14159265  3.14159265  3.14159265
  3.14159265  0.          0.          3.14159265  3.14159265  3.14159265
  3.14159265  3.14159265  3.14159265] 
 [0.         1.75510204 0.         0.         1.25510204 0.
 0.         1.25510204 0.         0.         2.32493375 1.
 0.         2.32493375 1.         0.         1.25510204 0.
 0.         1.25510204 0.         0.         1.75510204 0.
 0.         0.         0.         0.         0.         0.
 0.         1.         1.         0.         0.         0.
 0.         1.         1.         0.         0.         0.
 0.         0.         0.        ]
New op index: 7	$R_Y$[2]
Current grad: 338.5183581415513
[3.14159265 1.57079633 3.14159265 3.14159265 1.57079633 3.14159265
 3.14159265 1.57079633 3.14159265 3.14159265 3.14159265 3.14159265
 0.         1.57378408 3.14159265 3.14159265 1.57079633 3.14159265
 0.         1.57079633 3.14159265 3.14159265 1.57079633 3.14159265
 3.14159265 3.14159265 3.14159265 3.14159265 3.14159265 3.14159265
 3.14159265 3.14159265 3.14159265 3.14159265 3.14159265 3.14159265
 3.14159265 3.14159265 3.14159265 3.14159265 3.14159265 3.14159265
 3.14159265 3.14159265 3.14159265] 
 [0.00000000e+00 4.98418352e+01 0.00000000e+00 0.00000000e+00
 4.68316311e+01 0.00000000e+00 0.00000000e+00 4.99788265e+01
 0.00000000e+00 0.00000000e+00 0.00000000e+00 0.00000000e+00
 1.94855470e-16 4.57139772e+01 0.00000000e+00 0.00000000e+00
 4.93418352e+01 0.00000000e+00 2.81747415e-15 4.68316311e+01
 0.00000000e+00 0.00000000e+00 4.98418352e+01 0.00000000e+00
 0.00000000e+00 0.00000000e+00 0.00000000e+00 0.00000000e+00
 0.00000000e+00 0.00000000e+00 0.00000000e+00 0.00000000e+00
 0.00000000e+00 0.00000000e+00 0.00000000e+00 0.00000000e+00
 0.00000000e+00 0.00000000e+00 0.00000000e+00 0.00000000e+00
 0.00000000e+00 0.00000000e+00 0.00000000e+00 0.00000000e+00
 0.00000000e+00]
New op index: 4	$R_Y$[1]
Current grad: 9.53061224489803
[ 3.14159265  1.57079633  3.14159265  3.14159265 -1.5762706   3.14159265
  3.14159265  3.14159265  3.14159265  3.14159265 -3.14159265  3.14159265
  0.         -1.5762706   3.14159265  0.          1.57079633  0.
  0.         -1.57079633  3.14159265  3.14159265  1.57079633  0.
  3.14159265  3.14159265  3.14159265  3.14159265  3.14159265  3.14159265
  3.14159265  3.14159265  3.14159265  3.14159265  3.14159265  3.14159265
  0.          3.14159265  3.14159265  3.14159265  3.14159265  0.
  3.14159265  3.14159265  0.        ] 
 [0.00000000e+00 1.74577139e+00 0.00000000e+00 0.00000000e+00
 1.75480005e+00 0.00000000e+00 0.00000000e+00 0.00000000e+00
 0.00000000e+00 0.00000000e+00 0.00000000e+00 0.00000000e+00
 1.63068557e-29 1.75480005e+00 0.00000000e+00 2.43569337e-17
 1.24577139e+00 2.77555756e-17 3.39864191e-18 1.26443269e+00
 0.00000000e+00 0.00000000e+00 1.74577139e+00 2.77555756e-17
 0.00000000e+00 0.00000000e+00 0.00000000e+00 0.00000000e+00
 0.00000000e+00 0.00000000e+00 0.00000000e+00 0.00000000e+00
 0.00000000e+00 0.00000000e+00 0.00000000e+00 0.00000000e+00
 2.43569337e-17 0.00000000e+00 0.00000000e+00 0.00000000e+00
 0.00000000e+00 1.38777878e-17 0.00000000e+00 0.00000000e+00
 1.38777878e-17]
New op index: 22	$R_Y$[7]
Current grad: 241.70285942993982
[ 3.14159265  1.57084664  3.14159265  3.14159265  3.14159265  3.14159265
  3.14159265  3.14159265  3.14159265  3.14159265 -3.14159265  3.14159265
  3.14159265  1.57380701  3.14159265  3.14159265  1.57079633  3.14159265
  0.          1.57079633  3.14159265  3.14159265  1.57079633  3.14159265
  3.14159265  3.14159265  3.14159265  3.14159265  3.14159265  3.14159265
  3.14159265  3.14159265  3.14159265  3.14159265  3.14159265  3.14159265
  3.14159265  3.14159265  3.14159265  3.14159265  3.14159265  3.14159265
  3.14159265  3.14159265  3.14159265] 
 [0.00000000e+00 4.97416697e+01 0.00000000e+00 0.00000000e+00
 0.00000000e+00 0.00000000e+00 0.00000000e+00 0.00000000e+00
 0.00000000e+00 0.00000000e+00 0.00000000e+00 0.00000000e+00
 0.00000000e+00 4.60973797e+01 0.00000000e+00 0.00000000e+00
 4.92441724e+01 0.00000000e+00 1.79017025e-15 4.67339683e+01
 0.00000000e+00 0.00000000e+00 4.97441724e+01 0.00000000e+00
 0.00000000e+00 0.00000000e+00 0.00000000e+00 0.00000000e+00
 0.00000000e+00 0.00000000e+00 0.00000000e+00 0.00000000e+00
 0.00000000e+00 0.00000000e+00 0.00000000e+00 0.00000000e+00
 0.00000000e+00 0.00000000e+00 0.00000000e+00 0.00000000e+00
 0.00000000e+00 0.00000000e+00 0.00000000e+00 0.00000000e+00
 0.00000000e+00]
New op index: 19	$R_Y$[6]
Current grad: 6.515577954895904
[ 3.14159265  1.57354854  3.14159265  3.14159265  3.14159265  3.14159265
  3.14159265  3.14159265  3.14159265  3.14159265  3.14159265  3.14159265
  0.         -1.5735564   3.14159265  0.          1.57079633  0.
  0.         -1.57079633  0.          3.14159265 -3.14159265  0.
  3.14159265  3.14159265  3.14159265  3.14159265  3.14159265  3.14159265
  3.14159265  3.14159265  3.14159265  3.14159265  3.14159265  3.14159265
  0.          3.14159265  3.14159265  0.          0.          0.
  3.14159265  3.14159265  0.        ] 
 [0.00000000e+00 1.75027760e+00 0.00000000e+00 0.00000000e+00
 0.00000000e+00 0.00000000e+00 0.00000000e+00 0.00000000e+00
 0.00000000e+00 0.00000000e+00 0.00000000e+00 0.00000000e+00
 5.82280612e-15 1.74544827e+00 0.00000000e+00 1.54969181e-15
 1.25510139e+00 2.31593076e-32 1.70825556e-15 1.75510269e+00
 2.09570637e-17 0.00000000e+00 0.00000000e+00 2.71939804e-32
 0.00000000e+00 0.00000000e+00 0.00000000e+00 0.00000000e+00
 0.00000000e+00 0.00000000e+00 0.00000000e+00 0.00000000e+00
 0.00000000e+00 0.00000000e+00 0.00000000e+00 0.00000000e+00
 7.03929595e-15 0.00000000e+00 0.00000000e+00 5.70030589e-15
 5.67254884e-15 2.09570637e-17 0.00000000e+00 0.00000000e+00
 2.09570637e-17]
New op index: 1	$R_Y$[0]
Current grad: 145.72265549600775
[ 3.14159265  1.57084664  3.14159265  3.14159265  3.14159265  3.14159265
  3.14159265  3.14159265  3.14159265  3.14159265 -3.14159265  3.14159265
  0.          1.57380803  3.14159265  3.14159265  1.57084671  3.14159265
  3.14159265  3.14159265  0.          3.14159265  3.14159265  3.14159265
  3.14159265  3.14159265  3.14159265  3.14159265  3.14159265  3.14159265
  3.14159265  3.14159265  3.14159265  3.14159265  3.14159265  3.14159265
  3.14159265  3.14159265  3.14159265  3.14159265  3.14159265  3.14159265
  3.14159265  3.14159265  3.14159265] 
 [0.00000000e+00 4.97409820e+01 0.00000000e+00 0.00000000e+00
 0.00000000e+00 0.00000000e+00 0.00000000e+00 0.00000000e+00
 0.00000000e+00 0.00000000e+00 0.00000000e+00 0.00000000e+00
 2.07267771e-16 4.60966470e+01 0.00000000e+00 0.00000000e+00
 4.97409784e+01 0.00000000e+00 0.00000000e+00 0.00000000e+00
 4.00652417e-31 0.00000000e+00 0.00000000e+00 0.00000000e+00
 0.00000000e+00 0.00000000e+00 0.00000000e+00 0.00000000e+00
 0.00000000e+00 0.00000000e+00 0.00000000e+00 0.00000000e+00
 0.00000000e+00 0.00000000e+00 0.00000000e+00 0.00000000e+00
 0.00000000e+00 0.00000000e+00 0.00000000e+00 0.00000000e+00
 0.00000000e+00 0.00000000e+00 0.00000000e+00 0.00000000e+00
 0.00000000e+00]
New op index: 13	$R_Y$[4]
Current grad: 3.510204081791687
[ 3.14159265 -3.14159265  0.          3.14159265 -3.14159265  3.14159265
  3.14159265 -3.14159265  0.          3.14159265  3.14159265  3.14159265
  0.         -1.5735488   3.14159265  0.          1.57354854  3.14159265
  3.14159265  3.14159265  0.          3.14159265  3.14159265  3.14159265
  3.14159265  3.14159265  3.14159265  3.14159265  3.14159265  3.14159265
  3.14159265  3.14159265  3.14159265  3.14159265  3.14159265  3.14159265
  0.          3.14159265  3.14159265  3.14159265  3.14159265  3.14159265
  3.14159265  3.14159265  3.14159265] 
 [0.00000000e+00 0.00000000e+00 1.18024225e-29 0.00000000e+00
 0.00000000e+00 0.00000000e+00 0.00000000e+00 0.00000000e+00
 1.18024225e-29 0.00000000e+00 0.00000000e+00 0.00000000e+00
 1.31857245e-32 1.75027846e+00 0.00000000e+00 5.18384164e-19
 1.75027760e+00 0.00000000e+00 0.00000000e+00 0.00000000e+00
 7.52316385e-37 0.00000000e+00 0.00000000e+00 0.00000000e+00
 0.00000000e+00 0.00000000e+00 0.00000000e+00 0.00000000e+00
 0.00000000e+00 0.00000000e+00 0.00000000e+00 0.00000000e+00
 0.00000000e+00 0.00000000e+00 0.00000000e+00 0.00000000e+00
 5.18384164e-19 0.00000000e+00 0.00000000e+00 0.00000000e+00
 0.00000000e+00 0.00000000e+00 0.00000000e+00 0.00000000e+00
 0.00000000e+00]
New op index: 16	$R_Y$[5]
Current grad: 51.756314457417346
[ 3.14159265  3.14159265  3.14159265  3.14159265  3.14159265  3.14159265
  3.14159265 -3.14159265  3.14159265  3.14159265  3.14158975  3.14159265
  3.14159265  3.14159265  3.14159265  0.          1.57089127  3.14159265
  3.14159265 -3.14159265  0.          3.14159265 -3.14159265  3.14159265
  3.14159265  3.14159265  3.14159265  3.14159265  3.14159265  3.14159265
  3.14159265  3.14159265  3.14159265  3.14159265  3.14159265  3.14159265
  3.14159265  3.14159265  3.14159265  3.14159265  3.14159265  3.14159265
  3.14159265  3.14159265  3.14159265] 
 [0.00000000e+00 0.00000000e+00 0.00000000e+00 0.00000000e+00
 0.00000000e+00 0.00000000e+00 0.00000000e+00 0.00000000e+00
 0.00000000e+00 0.00000000e+00 7.40141282e-12 0.00000000e+00
 0.00000000e+00 0.00000000e+00 0.00000000e+00 4.58437835e-15
 5.17513959e+01 0.00000000e+00 0.00000000e+00 0.00000000e+00
 1.20227858e-36 0.00000000e+00 0.00000000e+00 0.00000000e+00
 0.00000000e+00 0.00000000e+00 0.00000000e+00 0.00000000e+00
 0.00000000e+00 0.00000000e+00 0.00000000e+00 0.00000000e+00
 0.00000000e+00 0.00000000e+00 0.00000000e+00 0.00000000e+00
 0.00000000e+00 0.00000000e+00 0.00000000e+00 0.00000000e+00
 0.00000000e+00 0.00000000e+00 0.00000000e+00 0.00000000e+00
 0.00000000e+00]
New op index: 0	$R_X$[0]
Current grad: 4.952792520169031e-08
[ 3.14159265 -3.14159265  3.14159265  3.14159265 -3.14159265  3.14159265
  3.14159265  3.14159265  3.14159265  3.14159265  3.14159265  3.14159265
  3.14159265  3.14159265  3.14159265  3.14159265  3.14159265  3.14159265
  3.14159265  3.14159265  3.14159265  3.14159265 -3.14159265  3.14159265
  3.14159265  3.14159265  3.14159265  3.14159265  3.14159265  3.14159265
  3.14159265  3.14159265  3.14159265  3.14159265  3.14159265  3.14159265
  3.14159265  3.14159265  3.14159265  3.14159265  3.14159265  3.14159265
  3.14159265  3.14159265  3.14159265] 
 [0. 0. 0. 0. 0. 0. 0. 0. 0. 0. 0. 0. 0. 0. 0. 0. 0. 0. 0. 0. 0. 0. 0. 0.
 0. 0. 0. 0. 0. 0. 0. 0. 0. 0. 0. 0. 0. 0. 0. 0. 0. 0. 0. 0. 0.]
Precision cutoff reached.
Calculating energies for FreeWilson2D(N_x=2, N_y=2, mass=1.673, r=1.000)
h_im: 0.0
New op index: 10	$R_Y$[3]
Current grad: 12.693877551020396
[ 3.14159265  1.57079633  3.14159265  3.14159265 -1.57079633  3.14159265
  3.14159265  1.57079633  3.14159265  3.14159265 -1.30501442  0.
  3.14159265 -1.30501442  0.          3.14159265  1.57079633  3.14159265
  3.14159265 -1.57079633  3.14159265  3.14159265  1.57079633  3.14159265
  3.14159265  3.14159265  3.14159265  3.14159265  3.14159265  3.14159265
  3.14159265  0.          0.          3.14159265  3.14159265  3.14159265
  3.14159265  0.          0.          3.14159265  3.14159265  3.14159265
  3.14159265  3.14159265  3.14159265] 
 [0.         1.83673469 0.         0.         1.33673469 0.
 0.         1.33673469 0.         0.         2.4035741  1.
 0.         2.4035741  1.         0.         1.33673469 0.
 0.         1.33673469 0.         0.         1.83673469 0.
 0.         0.         0.         0.         0.         0.
 0.         1.         1.         0.         0.         0.
 0.         1.         1.         0.         0.         0.
 0.         0.         0.        ]
New op index: 7	$R_Y$[2]
Current grad: 339.69621922841407
[ 3.14159265  1.57079633  3.14159265  3.14159265  1.57079633  3.14159265
  3.14159265  1.57079633  3.14159265  3.14159265 -3.14159265  3.14159265
  3.14159265  1.57365601  3.14159265  3.14159265  1.57079633  0.
  0.          1.57079633  3.14159265  3.14159265  1.57079633  0.
  3.14159265  3.14159265  3.14159265  3.14159265  3.14159265  3.14159265
  3.14159265  3.14159265  3.14159265  3.14159265  3.14159265  3.14159265
  3.14159265  3.14159265  3.14159265  0.          0.          0.
  0.          0.          0.        ] 
 [0.00000000e+00 5.00811056e+01 0.00000000e+00 0.00000000e+00
 4.69076362e+01 0.00000000e+00 0.00000000e+00 5.02124375e+01
 0.00000000e+00 0.00000000e+00 0.00000000e+00 0.00000000e+00
 0.00000000e+00 4.57940484e+01 0.00000000e+00 0.00000000e+00
 4.95811056e+01 2.77555756e-17 4.85949149e-15 4.69076362e+01
 0.00000000e+00 0.00000000e+00 5.00811056e+01 2.77555756e-17
 0.00000000e+00 0.00000000e+00 0.00000000e+00 0.00000000e+00
 0.00000000e+00 0.00000000e+00 0.00000000e+00 0.00000000e+00
 0.00000000e+00 0.00000000e+00 0.00000000e+00 0.00000000e+00
 0.00000000e+00 0.00000000e+00 0.00000000e+00 2.77555756e-15
 2.78943535e-15 1.38777878e-17 2.78943535e-15 2.77555756e-15
 1.38777878e-17]
New op index: 4	$R_Y$[1]
Current grad: 10.020408163265415
[ 3.14159265  1.57079633  3.14159265  3.14159265 -1.57602038  3.14159265
  3.14159265 -3.14159265  3.14159265  3.14159265  3.14159265  3.14159265
  0.         -1.57602038  3.14159265  0.          1.57079633  0.
  3.14159265 -1.57079633  0.          3.14159265  1.57079633  0.
  3.14159265  3.14159265  3.14159265  3.14159265  3.14159265  3.14159265
  3.14159265  3.14159265  3.14159265  3.14159265  3.14159265  3.14159265
  0.          3.14159265  3.14159265  3.14159265  3.14159265  0.
  3.14159265  3.14159265  0.        ] 
 [0.00000000e+00 1.82743340e+00 0.00000000e+00 0.00000000e+00
 1.83641731e+00 0.00000000e+00 0.00000000e+00 0.00000000e+00
 0.00000000e+00 0.00000000e+00 0.00000000e+00 0.00000000e+00
 9.77314096e-32 1.83641731e+00 0.00000000e+00 4.16560210e-15
 1.32743340e+00 2.77555756e-17 0.00000000e+00 1.34603599e+00
 1.38777878e-17 0.00000000e+00 1.82743340e+00 2.77555756e-17
 0.00000000e+00 0.00000000e+00 0.00000000e+00 0.00000000e+00
 0.00000000e+00 0.00000000e+00 0.00000000e+00 0.00000000e+00
 0.00000000e+00 0.00000000e+00 0.00000000e+00 0.00000000e+00
 4.16560210e-15 0.00000000e+00 0.00000000e+00 0.00000000e+00
 0.00000000e+00 4.16333634e-17 0.00000000e+00 0.00000000e+00
 4.16333634e-17]
New op index: 22	$R_Y$[7]
Current grad: 242.58943205112814
[ 3.14159265  1.57084628  3.14159265  3.14159265 -3.14159265  3.14159265
  3.14159265  3.14159265  3.14159265  3.14159265 -3.14159265  3.14159265
  0.          1.57368031  3.14159265  3.14159265  1.57079633  3.14159265
  0.          1.57079633  3.14159265  0.          1.57079633  3.14159265
  3.14159265  3.14159265  3.14159265  3.14159265  3.14159265  3.14159265
  3.14159265  3.14159265  3.14159265  3.14159265  3.14159265  3.14159265
  0.          3.14159265  3.14159265  0.          0.          3.14159265
  0.          0.          3.14159265] 
 [0.00000000e+00 4.99842958e+01 0.00000000e+00 0.00000000e+00
 0.00000000e+00 0.00000000e+00 0.00000000e+00 0.00000000e+00
 0.00000000e+00 0.00000000e+00 0.00000000e+00 0.00000000e+00
 7.21181023e-15 4.61823495e+01 0.00000000e+00 0.00000000e+00
 4.94867926e+01 0.00000000e+00 4.30667153e-15 4.68133232e+01
 0.00000000e+00 4.08266063e-15 4.99867926e+01 0.00000000e+00
 0.00000000e+00 0.00000000e+00 0.00000000e+00 0.00000000e+00
 0.00000000e+00 0.00000000e+00 0.00000000e+00 0.00000000e+00
 0.00000000e+00 0.00000000e+00 0.00000000e+00 0.00000000e+00
 5.68102558e-15 0.00000000e+00 0.00000000e+00 2.77303887e-15
 2.85523911e-15 0.00000000e+00 5.40398021e-15 5.47892427e-15
 0.00000000e+00]
New op index: 19	$R_Y$[6]
Current grad: 6.842116173373157
[ 3.14159265  1.57342208  3.14159265  3.14159265  3.14159265  3.14159265
  3.14159265 -3.14159265  3.14159265  3.14159265  3.14159265  3.14159265
  0.         -1.57342924  3.14159265  0.          1.57079633  0.
  0.         -1.57079633  0.          3.14159265 -3.14159265  0.
  3.14159265  3.14159265  3.14159265  3.14159265  3.14159265  3.14159265
  3.14159265  3.14159265  3.14159265  3.14159265  3.14159265  3.14159265
  0.          3.14159265  3.14159265  0.          0.          0.
  3.14159265  3.14159265  0.        ] 
 [0.00000000e+00 1.83191755e+00 0.00000000e+00 0.00000000e+00
 0.00000000e+00 0.00000000e+00 0.00000000e+00 0.00000000e+00
 0.00000000e+00 0.00000000e+00 0.00000000e+00 0.00000000e+00
 7.94943002e-15 1.82709582e+00 0.00000000e+00 7.66652608e-15
 1.33673404e+00 1.78395280e-31 2.29629434e-15 1.83673534e+00
 5.20495899e-17 0.00000000e+00 0.00000000e+00 2.04443482e-31
 0.00000000e+00 0.00000000e+00 0.00000000e+00 0.00000000e+00
 0.00000000e+00 0.00000000e+00 0.00000000e+00 0.00000000e+00
 0.00000000e+00 0.00000000e+00 0.00000000e+00 0.00000000e+00
 1.40863462e-14 0.00000000e+00 0.00000000e+00 5.65765180e-15
 5.57438566e-15 5.20495899e-17 0.00000000e+00 0.00000000e+00
 5.20495899e-17]
New op index: 1	$R_Y$[0]
Current grad: 146.2877076268305
[ 3.14159265  1.57084628  3.14159265  3.14159265  3.14159265  3.14159265
  3.14159265 -3.14159265  3.14159265  3.14159265  3.14159265  3.14159265
  3.14159265  1.57368124  3.14159265  0.          1.57084635  3.14159265
  3.14159265 -3.14159265  0.          3.14159265 -3.14159265  3.14159265
  3.14159265  3.14159265  3.14159265  3.14159265  3.14159265  3.14159265
  3.14159265  3.14159265  3.14159265  3.14159265  3.14159265  3.14159265
  0.          3.14159265  3.14159265  3.14159265  3.14159265  3.14159265
  3.14159265  3.14159265  3.14159265] 
 [0.00000000e+00 4.99837596e+01 0.00000000e+00 0.00000000e+00
 0.00000000e+00 0.00000000e+00 0.00000000e+00 0.00000000e+00
 0.00000000e+00 0.00000000e+00 0.00000000e+00 0.00000000e+00
 0.00000000e+00 4.61817719e+01 0.00000000e+00 8.02102708e-15
 4.99837562e+01 0.00000000e+00 0.00000000e+00 0.00000000e+00
 2.39043986e-31 0.00000000e+00 0.00000000e+00 0.00000000e+00
 0.00000000e+00 0.00000000e+00 0.00000000e+00 0.00000000e+00
 0.00000000e+00 0.00000000e+00 0.00000000e+00 0.00000000e+00
 0.00000000e+00 0.00000000e+00 0.00000000e+00 0.00000000e+00
 8.70917163e-15 0.00000000e+00 0.00000000e+00 0.00000000e+00
 0.00000000e+00 0.00000000e+00 0.00000000e+00 0.00000000e+00
 0.00000000e+00]
New op index: 13	$R_Y$[4]
Current grad: 3.6734693879101608
[ 3.14159265 -3.14159265  0.          3.14159265 -3.14159265  3.14159265
  3.14159265 -3.14159265  0.          3.14159265  3.14159265  3.14159265
  0.         -1.57342233  3.14159265  3.14159265  1.57342208  3.14159265
  3.14159265  3.14159265  0.          3.14159265  3.14159265  3.14159265
  3.14159265  3.14159265  3.14159265  3.14159265  3.14159265  3.14159265
  3.14159265  3.14159265  3.14159265  3.14159265  3.14159265  3.14159265
  3.14159265  3.14159265  3.14159265  3.14159265  3.14159265  3.14159265
  3.14159265  3.14159265  3.14159265] 
 [0.00000000e+00 0.00000000e+00 9.99609124e-30 0.00000000e+00
 0.00000000e+00 0.00000000e+00 0.00000000e+00 0.00000000e+00
 9.99608522e-30 0.00000000e+00 0.00000000e+00 0.00000000e+00
 9.41960933e-33 1.83191840e+00 0.00000000e+00 0.00000000e+00
 1.83191755e+00 0.00000000e+00 0.00000000e+00 0.00000000e+00
 4.93038066e-32 0.00000000e+00 0.00000000e+00 0.00000000e+00
 0.00000000e+00 0.00000000e+00 0.00000000e+00 0.00000000e+00
 0.00000000e+00 0.00000000e+00 0.00000000e+00 0.00000000e+00
 0.00000000e+00 0.00000000e+00 0.00000000e+00 0.00000000e+00
 0.00000000e+00 0.00000000e+00 0.00000000e+00 0.00000000e+00
 0.00000000e+00 0.00000000e+00 0.00000000e+00 0.00000000e+00
 0.00000000e+00]
New op index: 16	$R_Y$[5]
Current grad: 51.8379655319378
[ 3.14159265 -3.14159265  3.14159265  3.14159265  3.14159265  3.14159265
  3.14159265 -3.14159265  3.14159265  3.14159265  3.1415788   3.14159265
  3.14159265  3.14159265  3.14159265  3.14159265  1.57089104  3.14159265
  3.14159265  3.14159265  3.14159265  3.14159265 -3.14159265  3.14159265
  3.14159265  3.14159265  3.14159265  3.14159265  3.14159265  3.14159265
  3.14159265  3.14159265  3.14159265  3.14159265  3.14159265  3.14159265
  3.14159265  3.14159265  3.14159265  3.14159265  3.14159265  3.14159265
  3.14159265  3.14159265  3.14159265] 
 [0.00000000e+00 0.00000000e+00 0.00000000e+00 0.00000000e+00
 0.00000000e+00 0.00000000e+00 0.00000000e+00 0.00000000e+00
 0.00000000e+00 0.00000000e+00 1.76370918e-10 0.00000000e+00
 0.00000000e+00 0.00000000e+00 0.00000000e+00 0.00000000e+00
 5.18330305e+01 0.00000000e+00 0.00000000e+00 0.00000000e+00
 0.00000000e+00 0.00000000e+00 0.00000000e+00 0.00000000e+00
 0.00000000e+00 0.00000000e+00 0.00000000e+00 0.00000000e+00
 0.00000000e+00 0.00000000e+00 0.00000000e+00 0.00000000e+00
 0.00000000e+00 0.00000000e+00 0.00000000e+00 0.00000000e+00
 0.00000000e+00 0.00000000e+00 0.00000000e+00 0.00000000e+00
 0.00000000e+00 0.00000000e+00 0.00000000e+00 0.00000000e+00
 0.00000000e+00]
New op index: 0	$R_X$[0]
Current grad: 6.697615776432881e-08
[ 3.14159265 -3.14159265  3.14159265  3.14159265 -3.14159265  3.14159265
  3.14159265  3.14159265  3.14159265  3.14159265  3.14159265  3.14159265
  3.14159265  3.14159265  3.14159265  3.14159265 -3.14159265  3.14159265
  3.14159265  3.14159265  3.14159265  3.14159265 -3.14159265  3.14159265
  3.14159265  3.14159265  3.14159265  3.14159265  3.14159265  3.14159265
  3.14159265  3.14159265  3.14159265  3.14159265  3.14159265  3.14159265
  3.14159265  3.14159265  3.14159265  3.14159265  3.14159265  3.14159265
  3.14159265  3.14159265  3.14159265] 
 [0. 0. 0. 0. 0. 0. 0. 0. 0. 0. 0. 0. 0. 0. 0. 0. 0. 0. 0. 0. 0. 0. 0. 0.
 0. 0. 0. 0. 0. 0. 0. 0. 0. 0. 0. 0. 0. 0. 0. 0. 0. 0. 0. 0. 0.]
Precision cutoff reached.
Calculating energies for FreeWilson2D(N_x=2, N_y=2, mass=1.837, r=1.000)
h_im: 0.0
New op index: 10	$R_Y$[3]
Current grad: 13.346938775510191
[ 3.14159265  1.57079633  3.14159265  3.14159265 -1.57079633  3.14159265
  3.14159265  1.57079633  3.14159265  3.14159265 -1.31583048  0.
  3.14159265 -1.31583048  0.          3.14159265  1.57079633  3.14159265
  3.14159265 -1.57079633  3.14159265  3.14159265  1.57079633  3.14159265
  3.14159265  3.14159265  3.14159265  3.14159265  3.14159265  3.14159265
  3.14159265  0.          0.          3.14159265  3.14159265  3.14159265
  3.14159265  0.          0.          3.14159265  3.14159265  3.14159265
  3.14159265  3.14159265  3.14159265] 
 [0.         1.91836735 0.         0.         1.41836735 0.
 0.         1.41836735 0.         0.         2.48245637 1.
 0.         2.48245637 1.         0.         1.41836735 0.
 0.         1.41836735 0.         0.         1.91836735 0.
 0.         0.         0.         0.         0.         0.
 0.         1.         1.         0.         0.         0.
 0.         1.         1.         0.         0.         0.
 0.         0.         0.        ]
New op index: 7	$R_Y$[2]
Current grad: 340.74580612272655
[3.14159265 1.57079633 3.14159265 3.14159265 1.57079633 3.14159265
 3.14159265 1.57079633 3.14159265 3.14159265 3.14159265 3.14159265
 0.         1.57353887 3.14159265 3.14159265 1.57079633 3.14159265
 0.         1.57079633 3.14159265 3.14159265 1.57079633 3.14159265
 3.14159265 3.14159265 3.14159265 3.14159265 3.14159265 3.14159265
 3.14159265 3.14159265 3.14159265 3.14159265 3.14159265 3.14159265
 3.14159265 3.14159265 3.14159265 3.14159265 3.14159265 3.14159265
 3.14159265 3.14159265 3.14159265] 
 [0.00000000e+00 5.03019629e+01 0.00000000e+00 0.00000000e+00
 4.69652282e+01 0.00000000e+00 0.00000000e+00 5.04280690e+01
 0.00000000e+00 0.00000000e+00 0.00000000e+00 0.00000000e+00
 2.09441308e-15 4.58554590e+01 0.00000000e+00 0.00000000e+00
 4.98019629e+01 0.00000000e+00 2.92028306e-15 4.69652282e+01
 0.00000000e+00 0.00000000e+00 5.03019629e+01 0.00000000e+00
 0.00000000e+00 0.00000000e+00 0.00000000e+00 0.00000000e+00
 0.00000000e+00 0.00000000e+00 0.00000000e+00 0.00000000e+00
 0.00000000e+00 0.00000000e+00 0.00000000e+00 0.00000000e+00
 0.00000000e+00 0.00000000e+00 0.00000000e+00 0.00000000e+00
 0.00000000e+00 0.00000000e+00 0.00000000e+00 0.00000000e+00
 0.00000000e+00]
New op index: 13	$R_Y$[4]
Current grad: 10.510204081632828
[ 3.14159265  1.57079633  3.14159265  3.14159265 -1.57579137  3.14159265
  3.14159265  3.14159265  3.14159265  3.14159265 -3.14159265  3.14159265
  0.         -1.57579137  3.14159265  0.          1.57079633  0.
  3.14159265 -1.57079633  0.          3.14159265  1.57079633  0.
  3.14159265  3.14159265  3.14159265  3.14159265  3.14159265  3.14159265
  3.14159265  3.14159265  3.14159265  3.14159265  3.14159265  3.14159265
  0.          3.14159265  3.14159265  0.          0.          0.
  3.14159265  3.14159265  0.        ] 
 [0.00000000e+00 1.90909527e+00 0.00000000e+00 0.00000000e+00
 1.91803476e+00 0.00000000e+00 0.00000000e+00 0.00000000e+00
 0.00000000e+00 0.00000000e+00 0.00000000e+00 0.00000000e+00
 1.61975345e-29 1.91803476e+00 0.00000000e+00 4.16446922e-15
 1.40909527e+00 3.38963670e-32 0.00000000e+00 1.42763943e+00
 1.38777878e-17 0.00000000e+00 1.90909527e+00 1.30963236e-31
 0.00000000e+00 0.00000000e+00 0.00000000e+00 0.00000000e+00
 0.00000000e+00 0.00000000e+00 0.00000000e+00 0.00000000e+00
 0.00000000e+00 0.00000000e+00 0.00000000e+00 0.00000000e+00
 4.16446922e-15 0.00000000e+00 0.00000000e+00 1.38777878e-15
 1.40165657e-15 1.38777878e-17 0.00000000e+00 0.00000000e+00
 1.38777878e-17]
New op index: 22	$R_Y$[7]
Current grad: 243.4057204310119
[ 3.14159265  1.57079633  3.14159265  3.14159265  1.57356046  3.14159265
  3.14159265  3.14159265  3.14159265  3.14159265 -3.14159265  3.14159265
  3.14159265  3.14159265  3.14159265  0.          1.57084309  3.14159265
  3.14159265  1.57079633  0.          3.14159265  1.57079633  0.
  3.14159265  3.14159265  3.14159265  3.14159265  3.14159265  3.14159265
  3.14159265  3.14159265  3.14159265  3.14159265  3.14159265  3.14159265
  3.14159265  3.14159265  3.14159265  3.14159265  3.14159265  3.14159265
  3.14159265  3.14159265  0.        ] 
 [0.00000000e+00 5.02155180e+01 0.00000000e+00 0.00000000e+00
 4.62531631e+01 0.00000000e+00 0.00000000e+00 0.00000000e+00
 0.00000000e+00 0.00000000e+00 0.00000000e+00 0.00000000e+00
 0.00000000e+00 0.00000000e+00 0.00000000e+00 5.69300090e-15
 4.97123866e+01 0.00000000e+00 0.00000000e+00 4.68787833e+01
 5.62472626e-17 0.00000000e+00 5.02155180e+01 6.77202841e-19
 0.00000000e+00 0.00000000e+00 0.00000000e+00 0.00000000e+00
 0.00000000e+00 0.00000000e+00 0.00000000e+00 0.00000000e+00
 0.00000000e+00 0.00000000e+00 0.00000000e+00 0.00000000e+00
 0.00000000e+00 0.00000000e+00 0.00000000e+00 0.00000000e+00
 0.00000000e+00 0.00000000e+00 0.00000000e+00 0.00000000e+00
 5.69244654e-17]
New op index: 19	$R_Y$[6]
Current grad: 7.168654814280376
[ 3.14159265  1.57079633  3.14159265  3.14159265 -1.57331248  3.14159265
  3.14159265  3.14159265  3.14159265  3.14159265  3.14159265  3.14159265
  3.14159265  3.14159265  3.14159265  3.14159265  1.57419061  3.14159265
  0.         -1.57079633  0.          3.14159265 -3.14159265  0.
  3.14159265  3.14159265  3.14159265  3.14159265  3.14159265  3.14159265
  3.14159265  3.14159265  3.14159265  3.14159265  3.14159265  3.14159265
  3.14159265  3.14159265  3.14159265  0.          3.14159265  3.14159265
  3.14159265  3.14159265  0.        ] 
 [0.00000000e+00 1.91836670e+00 0.00000000e+00 0.00000000e+00
 1.90874468e+00 0.00000000e+00 0.00000000e+00 0.00000000e+00
 0.00000000e+00 0.00000000e+00 0.00000000e+00 0.00000000e+00
 0.00000000e+00 0.00000000e+00 0.00000000e+00 0.00000000e+00
 1.41356052e+00 0.00000000e+00 1.45561982e-14 1.91836799e+00
 7.81181880e-17 0.00000000e+00 0.00000000e+00 5.30533514e-33
 0.00000000e+00 0.00000000e+00 0.00000000e+00 0.00000000e+00
 0.00000000e+00 0.00000000e+00 0.00000000e+00 0.00000000e+00
 0.00000000e+00 0.00000000e+00 0.00000000e+00 0.00000000e+00
 0.00000000e+00 0.00000000e+00 0.00000000e+00 1.03633372e-14
 0.00000000e+00 0.00000000e+00 0.00000000e+00 0.00000000e+00
 7.81181880e-17]
New op index: 1	$R_Y$[0]
Current grad: 146.81101298336722
[ 3.14159265  1.57079633  3.14159265  3.14159265  1.57356131  3.14159265
  3.14159265  3.14159265  3.14159265  3.14159265 -3.14159265  3.14159265
  3.14159265  3.14159265  3.14159265  3.14159265  1.5708923   3.14159265
  3.14159265  3.14159265  3.14159265  3.14159265  3.14159265  3.14159265
  3.14159265  3.14159265  3.14159265  3.14159265  3.14159265  3.14159265
  3.14159265  3.14159265  3.14159265  3.14159265  3.14159265  3.14159265
  3.14159265  3.14159265  3.14159265  3.14159265  3.14159265  3.14159265
  3.14159265  3.14159265  3.14159265] 
 [ 0.         50.21511371  0.          0.         46.25272067  0.
  0.          0.          0.          0.          0.          0.
  0.          0.          0.          0.         50.21029475  0.
  0.          0.          0.          0.          0.          0.
  0.          0.          0.          0.          0.          0.
  0.          0.          0.          0.          0.          0.
  0.          0.          0.          0.          0.          0.
  0.          0.          0.        ]
New op index: 4	$R_Y$[1]
Current grad: 3.8367346940278777
[ 3.14159265  3.14159265  3.14159265  3.14159265 -1.57330931  3.14159265
  3.14159265  3.14159265  3.14159265  3.14159265  3.14159265  3.14159265
  3.14159265 -3.14159265  3.14159265  0.          1.57580969  3.14159265
  3.14159265  3.14159265  0.          3.14159265  3.14159265  3.14159265
  3.14159265  3.14159265  3.14159265  3.14159265  3.14159265  3.14159265
  3.14159265  3.14159265  3.14159265  3.14159265  3.14159265  3.14159265
  3.14159265  3.14159265  3.14159265  3.14159265  3.14159265  3.14159265
  3.14159265  3.14159265  3.14159265] 
 [0.00000000e+00 0.00000000e+00 0.00000000e+00 0.00000000e+00
 1.91124094e+00 0.00000000e+00 0.00000000e+00 0.00000000e+00
 0.00000000e+00 0.00000000e+00 0.00000000e+00 0.00000000e+00
 0.00000000e+00 0.00000000e+00 0.00000000e+00 1.55582360e-14
 1.91107977e+00 0.00000000e+00 0.00000000e+00 0.00000000e+00
 3.08542709e-32 0.00000000e+00 0.00000000e+00 0.00000000e+00
 0.00000000e+00 0.00000000e+00 0.00000000e+00 0.00000000e+00
 0.00000000e+00 0.00000000e+00 0.00000000e+00 0.00000000e+00
 0.00000000e+00 0.00000000e+00 0.00000000e+00 0.00000000e+00
 0.00000000e+00 0.00000000e+00 0.00000000e+00 0.00000000e+00
 0.00000000e+00 0.00000000e+00 0.00000000e+00 0.00000000e+00
 0.00000000e+00]
New op index: 16	$R_Y$[5]
Current grad: 51.91959156916725
[ 3.14159265  3.14159265  3.14159265  3.14159265  3.14159265  3.14159265
  3.14159265 -3.14159265  3.14159265  3.14159265  3.14158183  3.14159265
  3.14159265  3.14159265  3.14159265  3.14159265  1.57089082  3.14159265
  3.14159265  3.14159265  3.14159265  3.14159265 -3.14159265  3.14159265
  3.14159265  3.14159265  3.14159265  3.14159265  3.14159265  3.14159265
  3.14159265  3.14159265  3.14159265  3.14159265  3.14159265  3.14159265
  3.14159265  3.14159265  3.14159265  3.14159265  3.14159265  3.14159265
  3.14159265  3.14159265  3.14159265] 
 [0.00000000e+00 0.00000000e+00 0.00000000e+00 0.00000000e+00
 0.00000000e+00 0.00000000e+00 0.00000000e+00 0.00000000e+00
 0.00000000e+00 0.00000000e+00 1.12403864e-10 0.00000000e+00
 0.00000000e+00 0.00000000e+00 0.00000000e+00 0.00000000e+00
 5.19146652e+01 0.00000000e+00 0.00000000e+00 0.00000000e+00
 0.00000000e+00 0.00000000e+00 0.00000000e+00 0.00000000e+00
 0.00000000e+00 0.00000000e+00 0.00000000e+00 0.00000000e+00
 0.00000000e+00 0.00000000e+00 0.00000000e+00 0.00000000e+00
 0.00000000e+00 0.00000000e+00 0.00000000e+00 0.00000000e+00
 0.00000000e+00 0.00000000e+00 0.00000000e+00 0.00000000e+00
 0.00000000e+00 0.00000000e+00 0.00000000e+00 0.00000000e+00
 0.00000000e+00]
New op index: 0	$R_X$[0]
Current grad: 6.074874590878599e-08
[ 3.14159265 -3.14159265  3.14159265  3.14159265  3.14159265  3.14159265
  3.14159265  3.14159265  3.14159265  3.14159265  3.14159265  3.14159265
  3.14159265 -3.14159265  3.14159265  3.14159265  3.14159265  3.14159265
  3.14159265  3.14159265  3.14159265  3.14159265 -3.14159265  3.14159265
  3.14159265  3.14159265  3.14159265  3.14159265  3.14159265  3.14159265
  3.14159265  3.14159265  3.14159265  3.14159265  3.14159265  3.14159265
  3.14159265  3.14159265  3.14159265  3.14159265  3.14159265  3.14159265
  3.14159265  3.14159265  3.14159265] 
 [0. 0. 0. 0. 0. 0. 0. 0. 0. 0. 0. 0. 0. 0. 0. 0. 0. 0. 0. 0. 0. 0. 0. 0.
 0. 0. 0. 0. 0. 0. 0. 0. 0. 0. 0. 0. 0. 0. 0. 0. 0. 0. 0. 0. 0.]
Precision cutoff reached.
Calculating energies for FreeWilson2D(N_x=2, N_y=2, mass=2.000, r=1.000)
h_im: 0.0
New op index: 10	$R_Y$[3]
Current grad: 13.999999999999988
[ 3.14159265  1.57079633  3.14159265  3.14159265 -1.57079633  3.14159265
  3.14159265  1.57079633  3.14159265  3.14159265 -1.32581766  0.
  3.14159265 -1.32581766  0.          3.14159265  1.57079633  3.14159265
  3.14159265 -1.57079633  3.14159265  3.14159265  1.57079633  3.14159265
  3.14159265  3.14159265  3.14159265  3.14159265  3.14159265  3.14159265
  3.14159265  0.          0.          3.14159265  3.14159265  3.14159265
  3.14159265  0.          0.          3.14159265  3.14159265  3.14159265
  3.14159265  3.14159265  3.14159265] 
 [0.         2.         0.         0.         1.5        0.
 0.         1.5        0.         0.         2.56155281 1.
 0.         2.56155281 1.         0.         1.5        0.
 0.         1.5        0.         0.         2.         0.
 0.         0.         0.         0.         0.         0.
 0.         1.         1.         0.         0.         0.
 0.         1.         1.         0.         0.         0.
 0.         0.         0.        ]
New op index: 7	$R_Y$[2]
Current grad: 341.6860716133062
[3.14159265 1.57079633 3.14159265 3.14159265 1.57079633 3.14159265
 3.14159265 1.57079633 0.         3.14159265 3.14159265 3.14159265
 3.14159265 1.57343131 3.14159265 0.         1.57079633 0.
 0.         1.57079633 3.14159265 0.         1.57079633 0.
 3.14159265 3.14159265 3.14159265 3.14159265 0.         0.
 3.14159265 3.14159265 3.14159265 3.14159265 3.14159265 3.14159265
 3.14159265 3.14159265 3.14159265 0.         0.         0.
 0.         0.         0.        ] 
 [0.00000000e+00 5.05071250e+01 0.00000000e+00 0.00000000e+00
 4.70071250e+01 0.00000000e+00 0.00000000e+00 5.06283928e+01
 5.55111512e-17 0.00000000e+00 0.00000000e+00 0.00000000e+00
 0.00000000e+00 4.59009457e+01 0.00000000e+00 2.10942375e-15
 5.00071250e+01 8.32667268e-17 2.08166817e-15 4.70071250e+01
 0.00000000e+00 1.03389519e-14 5.05071250e+01 2.77555756e-17
 0.00000000e+00 0.00000000e+00 0.00000000e+00 0.00000000e+00
 5.55111512e-17 5.55111512e-17 0.00000000e+00 0.00000000e+00
 0.00000000e+00 0.00000000e+00 0.00000000e+00 0.00000000e+00
 0.00000000e+00 0.00000000e+00 0.00000000e+00 2.77555756e-15
 2.84494650e-15 6.93889390e-17 1.10050857e-14 1.09912079e-14
 1.38777878e-17]
New op index: 4	$R_Y$[1]
Current grad: 11.000000000000174
[ 3.14159265  1.57079633  3.14159265  3.14159265 -1.57558098  3.14159265
  3.14159265  3.14159265  3.14159265  3.14159265  3.14159265  3.14159265
  0.         -1.57558098  3.14159265  0.          1.57079633  0.
  0.         -1.57079633  0.          0.          1.57079633  0.
  3.14159265  3.14159265  3.14159265  3.14159265  3.14159265  3.14159265
  3.14159265  3.14159265  3.14159265  3.14159265  3.14159265  3.14159265
  0.          3.14159265  3.14159265  0.          0.          0.
  3.14159265  0.          0.        ] 
 [0.00000000e+00 1.99075700e+00 0.00000000e+00 0.00000000e+00
 1.99965239e+00 0.00000000e+00 0.00000000e+00 0.00000000e+00
 0.00000000e+00 0.00000000e+00 0.00000000e+00 0.00000000e+00
 7.78268557e-29 1.99965239e+00 0.00000000e+00 4.16333634e-15
 1.49075700e+00 6.28623534e-31 5.55111512e-17 1.50924300e+00
 2.77555756e-17 2.74780199e-15 1.99075700e+00 6.28623534e-31
 0.00000000e+00 0.00000000e+00 0.00000000e+00 0.00000000e+00
 0.00000000e+00 0.00000000e+00 0.00000000e+00 0.00000000e+00
 0.00000000e+00 0.00000000e+00 0.00000000e+00 0.00000000e+00
 4.16333634e-15 0.00000000e+00 0.00000000e+00 1.38777878e-15
 1.41553436e-15 2.77555756e-17 0.00000000e+00 5.55111512e-17
 2.77555756e-17]
New op index: 22	$R_Y$[7]
Current grad: 244.10719048241495
[ 3.14159265  1.57084564  3.14159265  3.14159265  3.14159265  3.14159265
  3.14159265 -3.14159265  3.14159265  3.14159265 -3.14159265  3.14159265
  3.14159265  1.57345681  3.14159265  3.14159265  1.57079633  0.
  0.          1.57079633  3.14159265  0.          1.57079633  0.
  3.14159265  3.14159265  3.14159265  3.14159265  3.14159265  3.14159265
  3.14159265  3.14159265  3.14159265  3.14159265  3.14159265  3.14159265
  3.14159265  3.14159265  3.14159265  0.          0.          0.
  0.          0.          0.        ] 
 [0.00000000e+00 5.04184696e+01 0.00000000e+00 0.00000000e+00
 0.00000000e+00 0.00000000e+00 0.00000000e+00 0.00000000e+00
 0.00000000e+00 0.00000000e+00 0.00000000e+00 0.00000000e+00
 0.00000000e+00 4.63000221e+01 0.00000000e+00 0.00000000e+00
 4.99209559e+01 2.40995697e-17 1.38164844e-14 4.69209559e+01
 0.00000000e+00 5.60240985e-15 5.04209559e+01 2.90895466e-17
 0.00000000e+00 0.00000000e+00 0.00000000e+00 0.00000000e+00
 0.00000000e+00 0.00000000e+00 0.00000000e+00 0.00000000e+00
 0.00000000e+00 0.00000000e+00 0.00000000e+00 0.00000000e+00
 0.00000000e+00 0.00000000e+00 0.00000000e+00 1.40078287e-14
 1.39659788e-14 1.40943569e-17 2.10208849e-14 2.09467226e-14
 1.90843339e-17]
New op index: 19	$R_Y$[6]
Current grad: 7.495192538682568
[ 3.14159265  1.57320016  3.14159265  3.14159265 -3.14159265  3.14159265
  3.14159265 -3.14159265  3.14159265  3.14159265  3.14159265  3.14159265
  0.         -1.57320618  3.14159265  3.14159265  1.57079633  0.
  0.         -1.57079633  0.          3.14159265 -3.14159265  0.
  3.14159265  3.14159265  3.14159265  3.14159265  3.14159265  3.14159265
  3.14159265  3.14159265  3.14159265  3.14159265  3.14159265  3.14159265
  0.          3.14159265  3.14159265  0.          0.          0.
  3.14159265  3.14159265  0.        ] 
 [0.00000000e+00 1.99519745e+00 0.00000000e+00 0.00000000e+00
 0.00000000e+00 0.00000000e+00 0.00000000e+00 0.00000000e+00
 0.00000000e+00 0.00000000e+00 0.00000000e+00 0.00000000e+00
 5.39612772e-15 1.99039084e+00 0.00000000e+00 0.00000000e+00
 1.49999936e+00 8.67361738e-19 5.56177673e-15 2.00000064e+00
 7.46153371e-17 0.00000000e+00 0.00000000e+00 1.94485070e-32
 0.00000000e+00 0.00000000e+00 0.00000000e+00 0.00000000e+00
 0.00000000e+00 0.00000000e+00 0.00000000e+00 0.00000000e+00
 0.00000000e+00 0.00000000e+00 0.00000000e+00 0.00000000e+00
 4.52399360e-15 0.00000000e+00 0.00000000e+00 1.91408545e-15
 1.83168588e-15 7.54826988e-17 0.00000000e+00 0.00000000e+00
 7.46153371e-17]
New op index: 1	$R_Y$[0]
Current grad: 147.26438393820473
[ 3.14159265  1.57084564  3.14159265  3.14159265  3.14159265  3.14159265
  3.14159265 -3.14159265  3.14159265  3.14159265 -3.14159265  3.14159265
  3.14159265  1.57345759  3.14159265  0.          1.5708457   3.14159265
  3.14159265  3.14159265  3.14159265  3.14159265 -3.14159265  3.14159265
  3.14159265  3.14159265  3.14159265  3.14159265  3.14159265  3.14159265
  3.14159265  3.14159265  3.14159265  3.14159265  3.14159265  3.14159265
  0.          3.14159265  3.14159265  3.14159265  3.14159265  3.14159265
  3.14159265  3.14159265  3.14159265] 
 [0.00000000e+00 5.04181714e+01 0.00000000e+00 0.00000000e+00
 0.00000000e+00 0.00000000e+00 0.00000000e+00 0.00000000e+00
 0.00000000e+00 0.00000000e+00 0.00000000e+00 0.00000000e+00
 0.00000000e+00 4.62996885e+01 0.00000000e+00 1.00633765e-14
 5.04181683e+01 0.00000000e+00 0.00000000e+00 0.00000000e+00
 0.00000000e+00 0.00000000e+00 0.00000000e+00 0.00000000e+00
 0.00000000e+00 0.00000000e+00 0.00000000e+00 0.00000000e+00
 0.00000000e+00 0.00000000e+00 0.00000000e+00 0.00000000e+00
 0.00000000e+00 0.00000000e+00 0.00000000e+00 0.00000000e+00
 4.65759989e-15 0.00000000e+00 0.00000000e+00 0.00000000e+00
 0.00000000e+00 0.00000000e+00 0.00000000e+00 0.00000000e+00
 0.00000000e+00]
New op index: 13	$R_Y$[4]
Current grad: 4.000000000145847
[ 3.14159265  3.14159265  3.14159265  3.14159265 -3.14159265  3.14159265
  3.14159265 -3.14159265  3.14159265  3.14159265  3.14159265  3.14159265
  0.         -1.57320039  3.14159265  0.          1.57320016  3.14159265
  3.14159265 -3.14159265  0.          3.14159265  3.14159265  3.14159265
  3.14159265  3.14159265  3.14159265  3.14159265  3.14159265  3.14159265
  3.14159265  3.14159265  3.14159265  3.14159265  3.14159265  3.14159265
  0.          3.14159265  3.14159265  3.14159265  3.14159265  3.14159265
  3.14159265  3.14159265  3.14159265] 
 [0.00000000e+00 0.00000000e+00 0.00000000e+00 0.00000000e+00
 0.00000000e+00 0.00000000e+00 0.00000000e+00 0.00000000e+00
 0.00000000e+00 0.00000000e+00 0.00000000e+00 0.00000000e+00
 4.03811134e-31 1.99519829e+00 0.00000000e+00 2.77556095e-15
 1.99519745e+00 0.00000000e+00 0.00000000e+00 0.00000000e+00
 2.46515271e-32 0.00000000e+00 0.00000000e+00 0.00000000e+00
 0.00000000e+00 0.00000000e+00 0.00000000e+00 0.00000000e+00
 0.00000000e+00 0.00000000e+00 0.00000000e+00 0.00000000e+00
 0.00000000e+00 0.00000000e+00 0.00000000e+00 0.00000000e+00
 2.77556095e-15 0.00000000e+00 0.00000000e+00 0.00000000e+00
 0.00000000e+00 0.00000000e+00 0.00000000e+00 0.00000000e+00
 0.00000000e+00]
New op index: 16	$R_Y$[5]
Current grad: 52.00121860600941
[ 3.14159265 -3.14159265  3.14159265  3.14159265  3.14159265  3.14159265
  3.14159265 -3.14159265  3.14159265  3.14159265  3.14158412  3.14159265
  3.14159265 -3.14159265  3.14159265  0.          1.57089059  3.14159265
  3.14159265 -3.14159265  0.          3.14159265 -3.14159265  3.14159265
  3.14159265  3.14159265  3.14159265  3.14159265  3.14159265  3.14159265
  3.14159265  3.14159265  3.14159265  3.14159265  3.14159265  3.14159265
  3.14159265  3.14159265  3.14159265  3.14159265  3.14159265  3.14159265
  3.14159265  3.14159265  3.14159265] 
 [0.00000000e+00 0.00000000e+00 0.00000000e+00 0.00000000e+00
 0.00000000e+00 0.00000000e+00 0.00000000e+00 0.00000000e+00
 0.00000000e+00 0.00000000e+00 7.28967997e-11 0.00000000e+00
 0.00000000e+00 0.00000000e+00 0.00000000e+00 1.02035960e-14
 5.19962998e+01 0.00000000e+00 0.00000000e+00 0.00000000e+00
 2.17152421e-36 0.00000000e+00 0.00000000e+00 0.00000000e+00
 0.00000000e+00 0.00000000e+00 0.00000000e+00 0.00000000e+00
 0.00000000e+00 0.00000000e+00 0.00000000e+00 0.00000000e+00
 0.00000000e+00 0.00000000e+00 0.00000000e+00 0.00000000e+00
 0.00000000e+00 0.00000000e+00 0.00000000e+00 0.00000000e+00
 0.00000000e+00 0.00000000e+00 0.00000000e+00 0.00000000e+00
 0.00000000e+00]
New op index: 0	$R_X$[0]
Current grad: 5.6234583259653235e-08
[ 3.14159265  3.14159265  3.14159265  3.14159265 -3.14159265  3.14159265
  3.14159265  3.14159265  3.14159265  3.14159265  3.14159265  3.14159265
  3.14159265  3.14159265  3.14159265  3.14159265  3.14159265  3.14159265
  3.14159265  3.14159265  3.14159265  3.14159265 -3.14159265  3.14159265
  3.14159265  3.14159265  3.14159265  3.14159265  3.14159265  3.14159265
  3.14159265  3.14159265  3.14159265  3.14159265  3.14159265  3.14159265
  3.14159265  3.14159265  3.14159265  3.14159265  3.14159265  3.14159265
  3.14159265  3.14159265  3.14159265] 
 [0. 0. 0. 0. 0. 0. 0. 0. 0. 0. 0. 0. 0. 0. 0. 0. 0. 0. 0. 0. 0. 0. 0. 0.
 0. 0. 0. 0. 0. 0. 0. 0. 0. 0. 0. 0. 0. 0. 0. 0. 0. 0. 0. 0. 0.]
Precision cutoff reached.
-----Beginning pprint-----
/:
	Attributes:
		ProcessId: 26631186
	2026-07-24_13-18-43-26631186:
		Attributes:
			HamiltonianType: ZeroChargePenalty
			Last-Modified: 2026-07-24_13-18-43
			ProcessId: 26631186
			SimulatorType: Statevector
			SolverName: AdaptVQE
			SystemName: FreeWilson2D
			n_x: 2
			n_y: 2
			r: 1.0
		AdaptOptions:
			Attributes:
				SelSeed: 26631186
				allow_duplicate_gates: False
				gradient_hamiltonian_type: HamiltonianType.ZeroChargePenalty
				max_depth: 50
				parameter_prec_cutoff: 0.001
				prec_cutoff: 0.001
				precision: 0
		AnsatzOperatorDerivatives: Dataset (dtype=float64, shape=(50, 9, 45), maxshape=(50, None, 45))
			Attributes:
				DIMENSION_LABELS: ['mass' 'AnsatzOperatorAxis' 'AnsatzPoolOperatorAxis']
				NDataDims: 2
		AnsatzOperatorSecondDerivatives: Dataset (dtype=float64, shape=(50, 9, 45), maxshape=(50, None, 45))
			Attributes:
				DIMENSION_LABELS: ['mass' 'AnsatzOperatorAxis' 'AnsatzPoolOperatorAxis']
				NDataDims: 2
		AnsatzOperators: Dataset (dtype=int64, shape=(50, 8), maxshape=(50, None))
			Attributes:
				DIMENSION_LABELS: ['mass' 'AnsatzOperatorAxis']
				NDataDims: 1
		Circuit:
			Attributes:
				Ansatz: HardwareAdaptAnsatz22
			AnsatzOptions:
				Attributes:
					num_qubits: 8
		CircuitParameters: Dataset (dtype=float64, shape=(50, 1900, 8), maxshape=(50, None, None))
			Attributes:
				DIMENSION_LABELS: ['mass' 'IterationAxis' 'CircuitParameterAxis']
				NDataDims: 2
		Data:
			Attributes:
			evs:
				Attributes:
				Hamiltonian: Dataset (dtype=float64, shape=(50, 1900), maxshape=(50, None))
					Attributes:
						DIMENSION_LABELS: ['mass' 'IterationAxis']
						NDataDims: 1
			stds:
				Attributes:
				Hamiltonian: Dataset (dtype=float64, shape=(50, 1900), maxshape=(50, None))
					Attributes:
						DIMENSION_LABELS: ['mass' 'IterationAxis']
						NDataDims: 1
		EstimatorOptions:
			Attributes:
				_VERSION: 2
				default_precision: Unset
				default_shots: Unset
				experimental: Unset
				max_execution_time: Unset
				resilience_level: Unset
				seed_estimator: 26631186
			dynamical_decoupling:
				Attributes:
					enable: Unset
					extra_slack_distribution: Unset
					scheduling_method: Unset
					sequence_type: Unset
					skip_reset_qubits: Unset
			environment:
				Attributes:
					callback: None
					job_tags: None
					log_level: WARNING
					private: False
			execution:
				Attributes:
					init_qubits: Unset
					rep_delay: Unset
			resilience:
				Attributes:
					layer_noise_model: Unset
					measure_mitigation: Unset
					pec_mitigation: Unset
					zne_mitigation: Unset
				layer_noise_learning:
					Attributes:
						layer_pair_depths: Unset
						max_layers_to_learn: Unset
						num_randomizations: Unset
						shots_per_randomization: Unset
				measure_noise_learning:
					Attributes:
						num_randomizations: Unset
						shots_per_randomization: Unset
				pec:
					Attributes:
						max_overhead: Unset
						noise_gain: Unset
				zne:
					Attributes:
						amplifier: Unset
						extrapolated_noise_factors: Unset
						extrapolator: Unset
						noise_factors: Unset
			simulator:
				Attributes:
					basis_gates: Unset
					coupling_map: Unset
					noise_model: Unset
					seed_simulator: Unset
			twirling:
				Attributes:
					enable_gates: Unset
					enable_measure: Unset
					num_randomizations: Unset
					shots_per_randomization: Unset
					strategy: Unset
		MetaData:
			Attributes:
			circuit_metadata: Dataset (dtype=object, shape=(50, 1900), maxshape=(50, None))
				Attributes:
					DIMENSION_LABELS: ['mass' 'IterationAxis']
					NDataDims: 1
			target_precision: Dataset (dtype=float64, shape=(50, 1900), maxshape=(50, None))
				Attributes:
					DIMENSION_LABELS: ['mass' 'IterationAxis']
					NDataDims: 1
			version: Dataset (dtype=int64, shape=(50, 1900), maxshape=(50, None))
				Attributes:
					DIMENSION_LABELS: ['mass' 'IterationAxis']
					NDataDims: 1
		NIterations: Dataset (dtype=int64, shape=(50,), maxshape=(50,))
			Attributes:
				DIMENSION_LABELS: ['mass']
				NDataDims: 0
		OptimizerOptions:
			Attributes:
				bounds: None
				callback: None
				constraints: []
				method: <function sequential_minimal_optimization at 0x14b575bab600>
				tol: None
				x0Seed: 26631186
			options:
				Attributes:
					disp: 1
					maxiter: 100
					subset_size: 1
		PresetPassManagerOptions:
			Attributes:
		SimulatorOptions:
			Attributes:
		StartIterations: Dataset (dtype=int64, shape=(50, 8), maxshape=(50, None))
			Attributes:
				DIMENSION_LABELS: ['mass' 'AnsatzOperatorAxis']
				NDataDims: 1
		VersionInfo:
			Attributes:
				QiskitAerVersion: 0.17.1
				QiskitIBMRuntimeVersion: 0.41.1
				QiskitVersion: 2.1.2
		mass: Dataset (dtype=float64, shape=(50,), maxshape=(50,))
			Attributes:
-----Ending pprint-----
End 2026-07-24 13:20:52 | 26631186 MyPyJob | lmnode193 | /home/s6nidich_hpc/PycharmProjects/QC-MasterThesis 

