Start 2025-09-06 15:50:11 | 23147805 MyPyJob | node001 | /home/s6nidich_hpc/PycharmProjects/QC-MasterThesis 

Used python interpreter:
/home/s6nidich_hpc/PycharmProjects/QC-MasterThesis/.venv_intel_3_12_3/bin/python
Python version:
Python 3.12.3

Currently Loaded Modules:
  1) GCCcore/13.3.0                   7) Tcl/8.6.14-GCCcore-13.3.0
  2) zlib/1.3.1-GCCcore-13.3.0        8) SQLite/3.45.3-GCCcore-13.3.0
  3) binutils/2.42-GCCcore-13.3.0     9) XZ/5.4.5-GCCcore-13.3.0
  4) bzip2/1.0.8-GCCcore-13.3.0      10) libffi/3.4.5-GCCcore-13.3.0
  5) ncurses/6.5-GCCcore-13.3.0      11) OpenSSL/3
  6) libreadline/8.2-GCCcore-13.3.0  12) Python/3.12.3-GCCcore-13.3.0

 

Start of Program:

-----Beginning pprint-----
/:
	Attributes:
-----Ending pprint-----
Calculating energies for FreeWilson2D(N_x=2, N_y=2, mass=-6.000, r=1.000)
Return from COBYLA because the trust region radius reaches its lower bound.
Number of function values = 2429   Least value of F = -15.999999880799205
The corresponding X is:
[2.61606107 5.97687031 4.29777283 0.69180147 0.66140035 6.28303538
 0.46367183 2.45187779 3.73870612 5.33633993 2.15930002 6.85317114
 4.29270299 2.97961861 5.74175433 1.04079591 3.82298524 4.02608957
 1.91528404 3.53427673 3.14166613 0.17929894 4.30608589 5.8508191
 6.60165192 2.84038331 5.79723976 5.01793691 1.40288261 4.1864095
 3.1917206  1.44807707 1.16007475 5.16692059 2.69467626 3.14121249
 1.40049873 1.80696936 4.01944201 4.81256515 1.06587047 7.67166753
 0.39756935 1.58621841 3.61036309 1.00105784 3.60547401 3.36001121
 1.33181557 5.4570047  0.35464658 2.36360252 1.67974973 3.60874498
 2.72577369 5.23381271 5.2647136  1.9834486  1.21972946 4.6901582 ]

Calculating energies for FreeWilson2D(N_x=2, N_y=2, mass=-5.920, r=1.000)
Return from COBYLA because the trust region radius reaches its lower bound.
Number of function values = 5665   Least value of F = -15.679999532293625
The corresponding X is:
[2.79103486 5.84668911 4.45185393 0.74603762 0.55267305 6.2822517
 0.47019078 2.24581814 3.95395362 5.24834791 1.95148697 6.85331778
 4.27507254 2.88418233 5.70779104 0.98016369 3.72382282 4.19625824
 2.04278847 3.37107883 3.14179584 0.12313144 4.27083433 5.6698276
 6.42750896 2.90800046 5.6737381  5.05753835 1.36473738 4.09978335
 3.35667776 1.41347367 1.23088461 5.24983021 2.8441145  3.14022526
 1.33218845 1.75228046 4.11343335 4.83154615 1.07999606 7.51344101
 0.3368809  1.4803479  3.52867124 0.91614489 3.53576194 3.28328712
 1.32075256 5.66076318 0.33751741 2.34108548 1.6919017  3.69862337
 2.786987   5.331807   5.42744059 2.13711061 1.24460421 4.72871711]

Calculating energies for FreeWilson2D(N_x=2, N_y=2, mass=-5.840, r=1.000)
Return from COBYLA because the trust region radius reaches its lower bound.
Number of function values = 10975   Least value of F = -15.3599960712431
The corresponding X is:
[2.49554799e+00 5.78254434e+00 4.47506688e+00 8.58283317e-01
 9.16349801e-01 6.28146777e+00 6.11980066e-03 2.45978488e+00
 3.88867234e+00 5.32862907e+00 2.03142457e+00 6.99206294e+00
 4.46990643e+00 2.59376577e+00 5.74125600e+00 1.17604491e+00
 3.86554306e+00 4.32198557e+00 2.23368226e+00 3.54554761e+00
 3.14191447e+00 3.61981954e-03 4.10223640e+00 5.81700213e+00
 6.52101385e+00 2.88451155e+00 5.74077410e+00 5.10763169e+00
 1.39351250e+00 4.44883913e+00 3.40902115e+00 1.41822256e+00
 1.33830182e+00 5.14411445e+00 2.68485787e+00 2.42228562e+00
 1.36578016e+00 1.76877996e+00 4.23803484e+00 4.82110391e+00
 6.91726208e-01 7.23780517e+00 5.85057764e-01 5.76089332e-01
 3.68571895e+00 8.97502363e-01 3.14389576e+00 3.14251219e+00
 1.71249881e+00 5.31369883e+00 6.55343220e-01 2.52941061e+00
 1.80474107e+00 4.32387489e+00 2.72186991e+00 5.12407182e+00
 5.25990593e+00 2.12640800e+00 1.27165349e+00 5.35017282e+00]

Calculating energies for FreeWilson2D(N_x=2, N_y=2, mass=-5.760, r=1.000)
Return from COBYLA because the trust region radius reaches its lower bound.
Number of function values = 15803   Least value of F = -15.039975985731301
The corresponding X is:
[ 2.83109327e+00  5.79968325e+00  4.71282508e+00  4.76560940e-01
  1.08083849e+00  6.03099793e+00  3.19147413e-01  2.43324076e+00
  3.48774527e+00  5.45536248e+00  1.72909485e+00  6.88805950e+00
  4.34154412e+00  2.88602944e+00  5.72383768e+00  9.65503554e-01
  3.42115307e+00  4.71261996e+00  1.94899598e+00  3.46191994e+00
  3.14153545e+00 -6.65132459e-05  4.18645670e+00  5.99214581e+00
  6.42452762e+00  2.94951740e+00  5.48557977e+00  4.93123936e+00
  1.61261310e+00  4.23441611e+00  3.38433861e+00  1.43132917e+00
  1.57089354e+00  5.09246977e+00  3.04552611e+00  2.55308166e+00
  1.46241854e+00  2.13675121e+00  3.84527510e+00  4.86849992e+00
  9.42210357e-01  7.44213502e+00  2.16660563e-01  1.36915477e+00
  3.50330329e+00  8.82576910e-01  3.51738116e+00  3.14150187e+00
  1.43882768e+00  5.31962091e+00  2.90182153e-01  2.63851097e+00
  1.74809688e+00  3.76339910e+00  2.72370233e+00  5.76254208e+00
  5.32608689e+00  2.01990565e+00  1.34573878e+00  5.21543618e+00]

Calculating energies for FreeWilson2D(N_x=2, N_y=2, mass=-5.680, r=1.000)
Return from COBYLA because the trust region radius reaches its lower bound.
Number of function values = 15144   Least value of F = -14.7199946750917
The corresponding X is:
[2.82973258e+00 5.87252566e+00 4.56578256e+00 6.53718628e-01
 7.76582701e-01 6.28283730e+00 1.23927510e-02 2.58659897e+00
 3.57579673e+00 5.39147251e+00 1.98858516e+00 6.81596153e+00
 4.26861648e+00 2.80444309e+00 5.71253056e+00 6.55970600e-01
 3.93355888e+00 4.44262978e+00 2.00772770e+00 3.37104675e+00
 3.14163037e+00 2.30386844e-03 4.29541314e+00 5.58488805e+00
 6.43761238e+00 3.13053166e+00 5.82186860e+00 5.30772091e+00
 1.40486240e+00 4.53167977e+00 2.93495082e+00 1.36128445e+00
 1.40316634e+00 5.31232687e+00 2.66554310e+00 2.52574871e+00
 1.56352040e+00 1.81285951e+00 3.94797873e+00 4.82647785e+00
 9.88097671e-01 7.48289210e+00 2.70366690e-01 1.40923325e+00
 3.63145328e+00 1.00577930e+00 3.14189734e+00 3.14338714e+00
 1.56597128e+00 5.34354370e+00 2.98549785e-01 2.32763361e+00
 1.76908637e+00 3.99784013e+00 2.68472066e+00 5.29176582e+00
 5.38046373e+00 2.04063896e+00 1.11295564e+00 4.84035144e+00]

Calculating energies for FreeWilson2D(N_x=2, N_y=2, mass=-5.600, r=1.000)
Return from COBYLA because the trust region radius reaches its lower bound.
Number of function values = 10724   Least value of F = -14.399996395431321
The corresponding X is:
[2.64772879 5.91400179 4.66495906 0.65716287 0.51338216 6.28245678
 0.23658561 2.53987629 3.80794202 5.19313036 1.99012984 6.80767706
 4.20181485 2.74440904 5.94903326 0.83529883 4.01668031 4.40116608
 2.18578518 3.29388954 3.14158602 0.20302666 4.40436377 5.75302413
 6.49690964 3.25592059 5.54444576 5.34044825 1.40254875 4.81234966
 3.16249967 1.28459651 1.30468529 5.35467476 2.55079839 2.40113185
 1.54848659 1.69110482 4.18389511 4.75526576 1.10860049 7.44407099
 0.31353344 1.45077247 3.40529136 0.93186769 3.14211954 3.14259438
 1.38184856 5.49140636 0.29397474 2.47045847 1.61614041 4.14241843
 2.79963314 5.16611988 5.15882134 2.12233105 1.26854857 4.58411142]

Calculating energies for FreeWilson2D(N_x=2, N_y=2, mass=-5.520, r=1.000)
Return from COBYLA because the trust region radius reaches its lower bound.
Number of function values = 8208   Least value of F = -14.079999154212027
The corresponding X is:
[2.70520958 5.746629   4.57710907 0.76072645 0.65034103 6.28303031
 0.22767786 2.46933024 3.73400078 5.1625178  1.85766121 6.78989701
 4.08847653 2.69630477 5.96229093 0.74884357 3.95506003 4.31861157
 2.27071036 3.38960261 3.14160651 0.28341004 4.39040495 5.71071064
 6.51520171 3.14886596 5.69069024 5.30654391 1.31488004 4.71348527
 3.15981501 1.43162339 1.30357336 5.27921622 2.59547688 2.42426917
 1.54287273 1.68312946 4.01709478 4.83156658 1.04120028 7.56489489
 0.45776095 1.53175261 3.48956528 0.86226615 3.14178558 3.1421
 1.37054341 5.47885228 0.39942901 2.5163425  1.83386456 4.15064369
 2.75011465 5.09805671 5.33077984 1.95554688 1.23960679 4.64927429]

Calculating energies for FreeWilson2D(N_x=2, N_y=2, mass=-5.440, r=1.000)
Return from COBYLA because the objective function has been evaluated MAXFUN times.
Number of function values = 20000   Least value of F = -13.759930431416237
The corresponding X is:
[2.72491405 5.97325213 4.6645161  0.71082548 0.64419632 6.25483165
 0.21600878 2.49771115 3.67558195 5.36931018 1.93952875 6.70126069
 4.38777121 2.9505658  5.92817738 0.82159101 3.94779822 4.38761263
 2.19960506 3.31418158 3.14329201 0.07424665 4.36043682 5.84522543
 6.39855744 3.28083125 5.62324312 5.45982128 1.42815109 4.67132178
 3.2169487  1.22646544 1.27597144 5.19616475 2.77193826 2.89273518
 1.49982097 1.82025497 4.13556088 4.62780925 0.99606321 7.55936932
 0.37716624 1.4604015  3.70022541 0.79563576 3.19326464 3.15388287
 1.43159718 5.44250959 0.2006431  2.59317849 1.98073872 4.1965812
 2.57052312 5.27184444 5.26256914 2.0754895  1.16812792 4.76244317]

Calculating energies for FreeWilson2D(N_x=2, N_y=2, mass=-5.360, r=1.000)
Return from COBYLA because the trust region radius reaches its lower bound.
Number of function values = 7344   Least value of F = -13.439998627703767
The corresponding X is:
[2.55853991 5.95639181 4.5482122  0.82209938 0.39254169 6.2824325
 0.51183565 2.67883705 3.63971433 5.24578022 2.11156756 6.96641477
 4.1676817  2.7006862  5.99494862 0.90175831 4.00604871 4.11393697
 2.29955925 3.28514137 3.14200248 0.67282871 4.17319073 5.72591024
 6.32626095 3.07703978 5.71489582 4.93889365 0.98678723 4.6818918
 3.19322977 1.21916167 1.15802812 5.29357964 2.41907287 2.50262763
 1.48831456 1.92928883 4.28917255 4.65147522 1.19252893 7.55065563
 0.4940134  1.3811822  3.48774844 0.82154814 3.14251301 3.14147653
 1.11162721 5.40840092 0.18120744 2.50619434 1.69654199 3.93368357
 2.75921466 5.26183117 5.32557359 1.99714348 1.18733032 4.62021164]

Calculating energies for FreeWilson2D(N_x=2, N_y=2, mass=-5.280, r=1.000)
Return from COBYLA because the trust region radius reaches its lower bound.
Number of function values = 3822   Least value of F = -13.119999580862077
The corresponding X is:
[2.81334329 5.60075404 4.43931521 0.59455698 0.60589284 6.28304312
 0.41694068 2.5178577  3.66271293 5.34125628 2.11726591 7.02339717
 4.14280208 2.65991933 6.04694358 0.77035496 3.80867784 4.05476897
 2.09049777 3.35416588 3.14175247 0.71944047 4.51859362 5.81796545
 6.51770267 3.09239071 5.61078252 4.94587113 1.05200186 4.4303114
 3.08122956 1.44965871 1.24244291 5.16947724 2.56208218 2.37307006
 1.60457812 1.64510382 3.72644563 4.51935789 0.9839522  7.42522761
 0.13971101 1.25779363 3.01983454 0.9173428  3.14189671 3.14154044
 1.18693888 5.54313362 0.85817385 2.62418099 2.17649755 4.23456967
 2.93471239 5.7026233  5.51996667 1.94968689 1.1318689  5.22044232]

Calculating energies for FreeWilson2D(N_x=2, N_y=2, mass=-5.200, r=1.000)
Return from COBYLA because the trust region radius reaches its lower bound.
Number of function values = 5158   Least value of F = -12.799999617442356
The corresponding X is:
[2.86824224 5.81605347 4.44397952 0.81657175 0.75588586 6.28320623
 0.14041088 2.57643632 4.04169075 5.56208184 2.30715086 7.09384714
 4.04390751 2.92840985 6.11404095 0.9417533  3.817343   4.30255182
 2.36978264 3.28158585 3.14163554 0.78461581 4.36646177 5.87872635
 6.39420732 3.22346639 5.71151827 4.85185391 1.72363545 4.21851937
 3.31092394 1.27785246 1.46652763 5.4168884  2.76874782 2.53024906
 1.79623946 1.91713834 3.82048472 4.63824457 0.93659962 7.43381766
 0.49805805 1.47075115 3.61199685 0.99355317 3.1415589  3.14162338
 1.36293719 5.45697077 0.35415273 2.45436527 1.90297596 4.28474054
 2.91987615 5.85978967 5.2225587  1.31621784 1.29373442 5.14547288]

Calculating energies for FreeWilson2D(N_x=2, N_y=2, mass=-5.120, r=1.000)
Return from COBYLA because the trust region radius reaches its lower bound.
Number of function values = 2961   Least value of F = -12.479999798044451
The corresponding X is:
[ 2.74379033  5.61140624  4.26834466  0.58796     0.59506936  6.28307682
 -0.03876266  2.50503482  3.69547195  5.2767045   2.00950125  7.28877766
  4.14024847  2.75051522  5.84697679  0.78531122  3.59990471  4.28333282
  2.1616846   3.39912171  3.14166877  0.58750995  4.46098705  5.70727132
  6.19215377  2.98101844  5.83451964  4.96223835  1.30880961  4.59167471
  3.36672815  1.22844042  1.58759187  5.18311592  2.55011161  2.29241987
  1.51937653  1.90421023  4.10816966  4.72951492  0.97997416  7.5005973
  0.1969331   0.57425244  3.4003741   0.69843125  3.14166564  3.14172172
  1.61238059  5.4240417   0.83124866  2.6793183   1.68818909  3.49961441
  2.95463116  5.12487958  5.15187479  2.03875381  1.2501791   5.02073423]

Calculating energies for FreeWilson2D(N_x=2, N_y=2, mass=-5.040, r=1.000)
Return from COBYLA because the trust region radius reaches its lower bound.
Number of function values = 8564   Least value of F = -12.159998951189385
The corresponding X is:
[2.57037305 5.91526592 4.47361975 0.69167968 0.57887129 6.28117145
 0.26241505 2.61054894 3.66503579 5.44205022 1.91219436 7.35331196
 4.49632426 2.63484371 5.95880482 0.92154184 3.7257284  4.43321586
 2.24126799 3.38661075 3.14228593 0.49639112 4.45715851 5.91894578
 5.85604012 2.87019284 5.87702136 4.70648715 1.337981   4.6040853
 3.29071417 1.02358558 1.42704682 5.17270062 2.78690692 2.66995985
 1.30656935 1.65812506 4.12012391 4.8089625  0.9386152  7.48583486
 0.52924952 0.6201503  3.43036164 0.61485434 3.14392757 3.14187528
 1.58794361 5.52094237 0.80407713 2.64565785 1.69522403 3.71147266
 2.81066346 5.18344636 5.39648444 2.00810957 1.07832059 5.32347892]

Calculating energies for FreeWilson2D(N_x=2, N_y=2, mass=-4.960, r=1.000)
Return from COBYLA because the objective function has been evaluated MAXFUN times.
Number of function values = 20000   Least value of F = -11.839977502377891
The corresponding X is:
[2.75000867 5.81457043 4.70707232 0.5843491  1.12610292 6.24814675
 0.46784376 2.51278524 3.69557795 5.51255189 1.76221097 6.80616702
 4.31668045 2.80687682 5.95104333 0.92991892 3.59351481 4.65242316
 2.08690058 3.50988786 3.14226412 0.11586057 4.18500849 5.94523088
 6.16182423 2.90757812 5.54129676 4.99252144 1.38159614 4.73996871
 3.16973118 1.3481165  1.50781543 5.0685723  2.94416173 2.52253294
 1.40099258 1.77758362 3.50140757 4.96597636 1.02201907 7.43699565
 0.44539543 1.20825522 3.52800212 0.92069754 3.18978333 3.14296093
 1.35316428 5.30897165 0.77852618 2.74958847 1.62723515 4.2384496
 2.86712286 5.05017265 5.18640574 1.81435063 1.28379252 5.30281032]

Calculating energies for FreeWilson2D(N_x=2, N_y=2, mass=-4.880, r=1.000)
Return from COBYLA because the trust region radius reaches its lower bound.
Number of function values = 6778   Least value of F = -11.519999494263296
The corresponding X is:
[2.82863418 5.66309343 4.61156731 0.7243186  0.6809775  6.2825517
 0.38752822 2.58002436 3.65833236 5.35613447 2.28124795 7.21463595
 4.32762886 2.70513471 5.91927851 0.74403491 3.64327419 4.35695792
 2.2515448  3.37942005 3.1419172  0.69958465 4.34162779 5.62011425
 6.53669871 2.95924683 5.87357607 5.11521812 1.66028318 4.25686761
 2.9691065  1.2427276  1.29875746 5.42070758 2.7987872  2.75420456
 1.72546451 1.81099319 4.05010358 4.75503371 1.03287797 7.45546056
 0.38795979 1.31240165 3.49509255 0.89880993 3.14304181 3.1418479
 1.20756667 5.57525534 0.56331716 2.49669768 1.92579607 4.2213277
 2.93813832 5.84548182 5.25550772 1.94776552 1.10486754 5.27680697]

Calculating energies for FreeWilson2D(N_x=2, N_y=2, mass=-4.800, r=1.000)
Return from COBYLA because the trust region radius reaches its lower bound.
Number of function values = 9606   Least value of F = -11.199998728436478
The corresponding X is:
[2.78157781 5.78420709 4.61609109 0.59516358 0.88012894 6.28158098
 0.45950678 2.49479325 3.80442143 5.41361853 2.06376191 6.89471157
 4.17795061 2.67970641 5.95652764 0.91124154 3.819102   4.09043869
 2.08657365 3.38584657 3.14198677 0.56195228 4.25723242 5.75028667
 6.14690861 2.81302007 5.47545308 5.07765683 0.18624369 4.85033699
 3.42237672 1.38109681 1.09704337 5.47862081 2.88665784 2.79127013
 1.33417106 1.91789753 4.02310504 4.91395501 1.02254601 7.45271368
 0.42963811 1.2262057  3.59129744 0.71695438 3.14532529 3.14260156
 1.23927726 5.42994023 0.76448681 2.29471895 1.78366655 4.09387848
 2.81827994 5.09608704 5.21532699 1.99474383 1.21899346 5.10417319]

Calculating energies for FreeWilson2D(N_x=2, N_y=2, mass=-4.720, r=1.000)
Return from COBYLA because the trust region radius reaches its lower bound.
Number of function values = 8091   Least value of F = -10.879999168167346
The corresponding X is:
[2.70028452 6.10282281 4.55463452 0.79563795 0.8478447  6.28051715
 0.39751325 2.44303004 3.75012374 5.67213345 2.01109435 7.09382726
 4.74673842 2.57438509 5.8271998  1.10449453 3.92445264 4.28755656
 2.3195257  3.26746159 3.14213678 0.72601321 4.06235535 5.94977738
 6.0303258  3.06836378 5.42926508 4.75180437 0.70991404 4.91324451
 3.18270328 1.04297908 1.16734638 5.45119619 2.8898205  2.70351613
 1.52848977 1.84353895 4.05971798 4.40917297 1.17902159 7.83991828
 0.38266403 1.2418145  3.47535685 1.03373603 3.14348491 3.14160729
 1.39643939 5.35992321 0.59121075 2.34061675 1.83166746 4.1249049
 2.77176087 5.36537597 5.26182368 2.17079101 0.69132953 4.83930752]

Calculating energies for FreeWilson2D(N_x=2, N_y=2, mass=-4.640, r=1.000)
Return from COBYLA because the trust region radius reaches its lower bound.
Number of function values = 19368   Least value of F = -10.559995143972902
The corresponding X is:
[2.78878243 6.27682953 4.71190343 0.60341734 0.97390804 6.0088703
 0.4331122  2.56410766 3.99490802 5.80002645 2.15271099 7.09275564
 4.40223226 2.50817096 5.6509577  1.2112981  4.08344171 4.33553786
 2.12984891 3.14929793 3.14187136 0.58057352 4.22173604 5.97222905
 6.08454467 2.9465792  5.3204625  4.97064782 0.36008064 4.86808057
 3.37069417 0.96025488 1.18979613 5.34912558 2.79562257 2.78885757
 1.33080189 1.80746628 4.18817585 4.52203242 1.20422006 7.90019425
 0.48315547 1.289488   3.5922464  1.1238419  3.15193453 3.14138816
 1.43418642 5.17975514 0.87178131 2.48067281 1.84722135 4.31991938
 2.73282824 5.36968195 4.87801316 2.04715678 0.61911726 4.62728078]

Calculating energies for FreeWilson2D(N_x=2, N_y=2, mass=-4.560, r=1.000)
Return from COBYLA because the trust region radius reaches its lower bound.
Number of function values = 2752   Least value of F = -10.2399977801222
The corresponding X is:
[3.12649372 5.6623861  4.14786948 0.99256039 0.70545355 6.2835487
 0.27301965 2.85009819 3.29761379 5.92068055 2.12694837 7.02001993
 4.37625588 2.08243757 5.48614011 0.19092089 3.28533022 3.93800682
 2.59282061 3.19042006 3.14154077 0.61704306 4.85437155 5.8689816
 6.37939834 3.87850454 6.21915086 5.30244945 1.3757865  4.69963808
 3.00117035 0.88957276 1.2075558  5.78724155 2.35884226 2.27181997
 1.59146661 1.26983237 3.96618613 3.80551056 1.04381273 7.22341818
 0.5507881  1.39108452 3.35171984 0.90555107 3.13947247 3.14217567
 1.44975771 5.01201233 0.95587565 2.09074242 0.68112614 4.66986622
 2.08716255 5.64663472 5.91683284 1.91916715 3.5604355  5.18775989]

Calculating energies for FreeWilson2D(N_x=2, N_y=2, mass=-4.480, r=1.000)
Return from COBYLA because the trust region radius reaches its lower bound.
Number of function values = 11763   Least value of F = -9.91999372533506
The corresponding X is:
[3.14251096 5.57014421 4.67430693 0.90212554 0.89942263 6.28307953
 0.55512697 2.1621632  3.45059775 6.27596239 2.32729655 6.86999593
 4.4997739  2.61109702 5.80027685 0.06521496 2.9024253  4.34172846
 2.38320577 3.11379579 3.14186112 0.529721   4.79626902 5.73078467
 6.19948643 3.82541542 6.07465386 5.46952453 1.45149552 4.67062842
 3.09763574 0.76356169 1.14186225 5.8382763  2.27959256 2.09442664
 1.28583937 1.31974528 3.67367635 3.91112965 1.24515404 7.64098483
 0.54270791 1.3460092  3.59514869 0.7100926  3.14212829 3.14162808
 1.31390145 4.83443629 0.92113545 1.98976851 0.94173357 4.57397693
 2.06644554 6.1130494  5.59334569 1.41500866 2.63594116 5.20744884]

Calculating energies for FreeWilson2D(N_x=2, N_y=2, mass=-4.400, r=1.000)
Return from COBYLA because the trust region radius reaches its lower bound.
Number of function values = 10554   Least value of F = -9.599997951183774
The corresponding X is:
[3.13951526e+00 5.51332141e+00 4.11898989e+00 9.05750667e-01
 6.60268371e-01 6.28410929e+00 2.87682070e-03 2.79665743e+00
 3.37266052e+00 5.51102495e+00 1.72021235e+00 7.17610227e+00
 3.67222527e+00 2.32537969e+00 5.71165347e+00 3.93946255e-01
 3.31250404e+00 3.36450825e+00 1.81583075e+00 3.14396112e+00
 3.14106118e+00 1.38431341e-03 4.93365567e+00 5.78053319e+00
 6.40466443e+00 3.98706726e+00 5.27523299e+00 5.61012523e+00
 1.39452873e+00 4.65496320e+00 2.85147271e+00 1.01992982e+00
 8.02773624e-01 5.26348216e+00 2.43565562e+00 2.54810031e+00
 1.85804187e+00 1.29150208e+00 3.52885093e+00 3.97276765e+00
 8.12906517e-01 6.78568387e+00 5.88852296e-01 5.98137789e-01
 3.54449313e+00 1.04397510e+00 3.14030428e+00 3.14376309e+00
 9.20131780e-01 5.35456276e+00 9.78912126e-01 2.02584764e+00
 1.40517840e+00 5.20601160e+00 1.32019986e+00 5.93283307e+00
 6.08591963e+00 2.01472319e+00 2.35744148e+00 5.01438677e+00]

Calculating energies for FreeWilson2D(N_x=2, N_y=2, mass=-4.320, r=1.000)
Return from COBYLA because the objective function has been evaluated MAXFUN times.
Number of function values = 20000   Least value of F = -9.2799845718355
The corresponding X is:
[ 3.02844936e+00  5.73262027e+00  4.18609791e+00  9.08161233e-01
  5.16787836e-01  6.28393897e+00  1.40166231e-03  2.95898390e+00
  3.47837994e+00  6.04007816e+00  2.36144353e+00  7.22540791e+00
  3.41873170e+00  2.41146631e+00  5.66881079e+00  4.00006569e-01
  3.49249035e+00  3.64358321e+00  2.01381453e+00  3.27011665e+00
  3.14181485e+00 -2.00937994e-04  5.09743626e+00  5.94739934e+00
  6.47749748e+00  3.81875517e+00  5.01295587e+00  5.61206855e+00
  1.31680448e+00  4.44085085e+00  3.00425725e+00  9.64520252e-01
  9.43349961e-01  5.09660459e+00  2.34526486e+00  2.42120090e+00
  1.57112127e+00  1.03884666e+00  3.88300020e+00  3.64193834e+00
  6.58562391e-01  6.94233576e+00  5.81194618e-01  1.49941700e+00
  3.59532456e+00  1.02242107e+00  3.13659240e+00  3.14221691e+00
  1.56926104e+00  5.15498913e+00  8.25415863e-01  2.29265474e+00
  1.15063973e+00  5.06262629e+00  1.82370106e+00  5.41752013e+00
  5.45092293e+00  1.79821770e+00  2.18169238e+00  5.27508902e+00]

Calculating energies for FreeWilson2D(N_x=2, N_y=2, mass=-4.240, r=1.000)
Return from COBYLA because the objective function has been evaluated MAXFUN times.
Number of function values = 20000   Least value of F = -8.959953878795192
The corresponding X is:
[ 2.60108709  5.94342649  3.37692023  1.57204549  0.61911174  5.5117124
  1.15902998  2.12781278  3.42029573  5.10954601  2.83578824  5.98058296
  2.71114935  3.34977384  6.58882177  1.28464622  3.14709827  3.1770626
  3.14208165  3.49753467  5.51149793  0.5177841   4.79386084  5.87599382
  4.78848575  3.85125694  4.71852143  3.67288876  2.54675236  4.94024746
  3.68230922  0.44492449  1.49732185  5.40391072  2.41967299  2.32685094
  1.76861643  0.84157766  3.21125454  4.65101091  1.04155398  6.91789531
 -0.07396168  0.89478016  3.13492892  0.50038279  3.14999275  3.1417817
  1.23850913  5.57735432  0.55915047  2.49170841  1.9441027   3.6617285
  1.31779551  5.60996292  4.3613463   2.28929483  3.22485841  5.26182917]

Calculating energies for FreeWilson2D(N_x=2, N_y=2, mass=-4.160, r=1.000)
Return from COBYLA because the objective function has been evaluated MAXFUN times.
Number of function values = 20000   Least value of F = -8.639987854132249
The corresponding X is:
[2.47110972 5.5695176  3.36356311 1.56793486 0.46462823 5.345784
 1.04626395 2.2933655  3.26100369 5.013929   2.76239176 5.90904926
 3.04748512 3.10681432 6.60874979 1.04635724 3.14643884 3.15153491
 3.13415184 3.59630562 5.34292197 0.52994919 4.86334063 5.8909603
 4.90082489 3.88372071 4.61081301 3.9183863  2.54786185 5.20561925
 3.4497778  0.83807688 1.56214701 5.33902252 2.50338635 2.52337596
 1.92126077 0.97320035 3.60795872 4.63847075 1.06090391 6.9674534
 0.21278652 1.06343159 3.48424196 0.43438668 3.14859578 3.14300285
 1.20029957 5.60587461 0.53066943 2.57715882 1.7321989  3.42635578
 1.19499958 5.53763923 4.2687628  2.83026532 2.81263157 4.99951916]

Calculating energies for FreeWilson2D(N_x=2, N_y=2, mass=-4.080, r=1.000)
Return from COBYLA because the objective function has been evaluated MAXFUN times.
Number of function values = 20000   Least value of F = -8.319889910065278
The corresponding X is:
[2.56886499 5.65783965 3.37050957 1.56803015 0.49729444 5.62299415
 0.96488054 2.17189607 3.4646278  5.04412522 2.78283611 5.94307887
 2.92918338 3.26071554 6.7066723  1.16777075 3.16491612 3.1946312
 3.13507162 3.47420384 5.61286741 0.59437661 4.75406643 5.96929088
 4.89965285 3.94315803 4.60281877 3.79175085 2.73796633 5.17201402
 3.49464176 0.74020751 1.52672136 5.37089005 2.52925939 2.34783726
 2.10234453 0.92711618 3.44963527 4.55138318 1.23770544 6.88225021
 0.27621228 0.99342032 3.5935328  0.60796159 3.15731157 3.14296848
 1.16415615 5.70017305 0.71534247 2.57032525 1.85725656 3.63189269
 1.12743995 5.43049695 4.35563861 2.55248033 2.8629528  5.02842405]

Calculating energies for FreeWilson2D(N_x=2, N_y=2, mass=-4.000, r=1.000)
Return from COBYLA because the objective function has been evaluated MAXFUN times.
Number of function values = 20000   Least value of F = -7.9999079911302555
The corresponding X is:
[2.73820142 5.89017749 3.61300165 1.58667605 0.68906104 4.91913802
 0.84025674 2.42935193 3.2674559  5.29545207 2.5961378  6.41218288
 2.46917367 2.85360132 5.75382168 0.93278393 3.25976524 3.53976372
 3.1658766  3.50432061 4.89938556 0.66632379 4.88752895 5.53440587
 4.99446195 3.6863753  4.89287082 4.19500026 2.29207471 4.22181416
 3.24435415 0.62910614 1.38306382 5.41933425 2.3908109  2.19719421
 2.09205716 1.15499274 3.12857303 4.77840984 0.62909206 7.40950569
 0.28201828 0.69795242 3.64575267 0.72460618 3.18159063 3.13644022
 0.89560917 5.46151675 0.68148039 2.74765474 2.1132048  3.71596145
 1.16298785 6.14809461 4.31830406 2.16477309 2.8204047  5.02308667]

Calculating energies for FreeWilson2D(N_x=2, N_y=2, mass=-3.920, r=1.000)
Return from COBYLA because the objective function has been evaluated MAXFUN times.
Number of function values = 20000   Least value of F = -7.839887820426541
The corresponding X is:
[2.68909439 5.49004679 3.98961179 1.99931387 0.73541281 4.80175974
 0.64806226 2.40849794 3.43332858 5.33860685 2.1877956  6.32475642
 2.52326243 3.00997448 5.78971314 1.03982924 3.13154484 4.6923668
 3.13511707 3.53823457 4.61018992 0.61182902 4.83180192 5.69283854
 4.97089979 3.90082443 4.68158488 4.0084935  2.28576791 5.01104633
 3.33503758 1.23374126 0.75152015 5.1861632  2.12098393 2.96241855
 1.86663278 1.39427616 3.54875768 4.55342482 0.90080017 6.6874998
 0.51637522 1.38027477 3.31651997 0.88064008 3.14809711 3.20701735
 1.24304419 5.5772741  0.16482844 2.40639968 1.87528049 3.94823039
 1.34371677 5.59497006 4.336457   2.41074345 2.98922502 5.20478345]

Calculating energies for FreeWilson2D(N_x=2, N_y=2, mass=-3.840, r=1.000)
Return from COBYLA because the trust region radius reaches its lower bound.
Number of function values = 18608   Least value of F = -7.679987824853595
The corresponding X is:
[ 2.82201202  5.64975312  4.27853228  1.57125562  0.78197235  6.23153365
  0.74773697  2.23121747  3.37939493  5.04709402  2.07006157  6.97624824
  2.77173988  2.7502369   5.31115649  0.7777226   3.39036682  4.47986035
  3.13889902  3.44314258  4.69363084  0.3381297   5.24371857  5.54088585
  6.3372428   3.37020791  4.05606519  3.95396952  2.61775359  5.05719814
  3.24881273  1.0908836   1.00390816  5.54110905  2.35855706  2.71939155
  1.90294792  1.16277997  3.62444928  4.80979172  0.37184507  6.58099673
 -0.01802219  0.81207971  3.41498906  0.98840626  3.15305928  3.14309164
  0.64623503  5.29688522  0.47781325  2.69341733  1.86545837  4.11483395
  1.20590683  5.75022369  5.95973671  2.16964952  2.2794336   4.92045253]

Calculating energies for FreeWilson2D(N_x=2, N_y=2, mass=-3.760, r=1.000)
Return from COBYLA because the objective function has been evaluated MAXFUN times.
Number of function values = 20000   Least value of F = -7.51998394903156
The corresponding X is:
[2.72999945 5.47731222 4.05313094 1.67936605 0.81370591 5.54189138
 0.52667395 2.35337251 3.65716983 5.27565747 2.21999292 7.23556739
 2.39630803 2.42961522 6.04225682 0.99366848 3.17885998 4.66985969
 3.22717393 3.52664828 4.66936382 0.6350036  5.27922554 5.78952181
 6.17915721 3.64548678 4.38439845 4.00035728 3.03254967 4.43419735
 3.67017188 1.27635177 0.89143479 5.56108006 2.09588326 2.76003406
 1.91230782 1.19723483 3.61834808 4.58643432 0.59580286 6.84776339
 0.32613483 0.88967514 3.55555051 0.85416785 3.18946885 3.14208261
 0.81494479 5.20714092 0.26757198 2.50069953 1.94295238 4.5793566
 1.63914674 6.20409678 5.44462315 2.30584145 2.65746922 5.25148199]

Calculating energies for FreeWilson2D(N_x=2, N_y=2, mass=-3.680, r=1.000)
Return from COBYLA because the objective function has been evaluated MAXFUN times.
Number of function values = 20000   Least value of F = -7.359942754477565
The corresponding X is:
[2.79523507 6.28130701 4.16596596 1.59534467 0.66230069 5.64952529
 0.78107332 2.12937665 3.40534713 4.9407774  2.80807752 6.62896292
 2.46556899 2.4571406  5.04589471 0.62512327 4.18415334 4.25665733
 3.02899605 3.18218601 4.52917157 0.51942173 4.92758162 5.57934718
 6.47564239 4.02625866 4.27220269 4.22853399 2.83147917 4.88416158
 3.55867039 1.22697754 1.14303376 5.48529206 2.35870143 3.01585976
 1.91390001 0.7624738  3.54037023 4.68273306 0.07345047 7.02103479
 0.43399158 0.95034018 3.53206475 0.83683087 3.28449368 3.24571179
 0.74690262 4.90758291 0.42528168 2.67297033 1.60813549 4.10563699
 1.36768567 5.76557277 5.66113715 2.17816926 2.46464001 5.0712463 ]

Calculating energies for FreeWilson2D(N_x=2, N_y=2, mass=-3.600, r=1.000)
Return from COBYLA because the objective function has been evaluated MAXFUN times.
Number of function values = 20000   Least value of F = -7.199966969400433
The corresponding X is:
[2.70665327 6.27784607 4.25362933 1.57224813 0.78994976 5.9611737
 0.84471069 2.11467088 3.27027458 5.11907618 2.21816963 6.70618697
 2.54467892 2.9729023  5.53130283 1.06101442 4.36682969 4.07024628
 3.14430244 3.16306609 4.60637524 0.90062689 5.02156255 5.91089841
 6.23327331 3.96755128 4.85884022 5.16330017 3.32789036 4.95853271
 3.73206506 0.98535959 1.22756433 5.54495198 2.5943597  2.77153754
 2.01722349 0.8127329  3.29432931 4.44183864 0.50599187 6.72296716
 0.04649878 0.32074831 3.28472543 0.84184121 3.27878045 3.14004411
 0.84108975 4.83402668 0.03097409 2.60340268 2.02155831 4.23439592
 1.79864288 5.86000991 5.54888225 2.03645823 2.0702841  5.02808382]

Calculating energies for FreeWilson2D(N_x=2, N_y=2, mass=-3.520, r=1.000)
Return from COBYLA because the objective function has been evaluated MAXFUN times.
Number of function values = 20000   Least value of F = -7.039961873083464
The corresponding X is:
[3.09444073 5.7082087  3.86394208 1.5720218  0.76241799 6.2812726
 0.51892096 1.75578117 3.29161646 5.09291564 1.87426813 7.09593461
 2.82989652 2.61829946 5.63083697 0.38461448 3.44987526 4.28778667
 3.14330824 3.20980994 4.72883587 1.04878217 5.07310921 5.17408172
 6.37029364 3.02763765 4.85154698 4.3596492  3.30778035 5.12308648
 3.43828679 1.06229481 1.05348242 5.38068477 2.22413222 2.40666033
 2.05051597 1.25928132 3.47709494 4.54669735 1.02224259 6.63712594
 0.38387255 0.43531114 3.56115869 0.81105929 3.22247997 3.14093748
 0.70272301 4.81847778 1.51274524 2.96458959 2.11690582 4.4732945
 2.0298357  4.89107501 4.11790775 2.01937544 2.41160129 5.12032299]

Calculating energies for FreeWilson2D(N_x=2, N_y=2, mass=-3.440, r=1.000)
Return from COBYLA because the objective function has been evaluated MAXFUN times.
Number of function values = 20000   Least value of F = -6.879985344518098
The corresponding X is:
[2.90514742 6.03952865 4.10478034 1.52349114 0.71427182 6.32971748
 0.71965466 2.29691035 3.5505963  5.22805439 1.68803522 6.59832907
 3.09888027 2.9664301  6.17648456 0.49606256 3.89920112 3.92076081
 3.05938908 3.25936474 4.88024    0.37870163 4.67101692 5.02134249
 6.05676443 3.14645381 5.06325583 4.67905116 3.37796428 5.16782397
 3.35748185 0.7589445  1.44291003 5.65361283 2.52498902 2.83097129
 1.92986258 1.60310376 4.16192683 5.45387191 1.12694944 6.68338208
 0.32846405 1.00676206 3.55197028 0.88119933 3.14100065 3.12754549
 0.7741795  4.93792309 1.08741251 2.46351008 2.04732991 4.49376161
 1.64589429 5.75720339 4.2686071  1.82014118 1.8689015  4.69875128]

Calculating energies for FreeWilson2D(N_x=2, N_y=2, mass=-3.360, r=1.000)
Return from COBYLA because the trust region radius reaches its lower bound.
Number of function values = 8897   Least value of F = -6.719988600878717
The corresponding X is:
[ 2.86059159  5.36107716  3.87372986  1.79524334  0.73184667  5.9954019
  1.22242914  2.33223457  3.70806188  5.49429997  2.3747979   5.86343793
  3.25735737  3.57326561  5.80680372  1.61224981  3.05179756  3.92912624
  2.50756921  3.17611819  4.47669059  0.19508363  4.61911832  6.6718088
  5.25741346  2.81754832  4.27923157  4.66282319  1.29903631  4.1115266
  4.25520164  1.29000969  0.93966103  5.25816496  1.92586793  3.12105542
  1.29786852  1.61509747  3.40817823  4.48895438 -0.05996439  5.27775979
  0.47998493  0.89804275  3.32147235  0.74476479  3.66765838  3.6673915
  0.50292291  5.17102013  0.37427924  2.36038207  2.4730319   3.78252351
  2.26116817  5.51012937  6.03048296  1.65457128  1.27313145  4.21620839]

Calculating energies for FreeWilson2D(N_x=2, N_y=2, mass=-3.280, r=1.000)
Return from COBYLA because the trust region radius reaches its lower bound.
Number of function values = 18531   Least value of F = -6.559997465206981
The corresponding X is:
[2.68852889e+00 5.37834367e+00 4.27651775e+00 1.57315748e+00
 9.40678273e-01 6.28125935e+00 8.94709205e-01 2.75286886e+00
 3.40339210e+00 5.94125431e+00 2.26075141e+00 6.11459802e+00
 2.96231282e+00 3.34176799e+00 5.45202600e+00 1.60501454e+00
 3.31705767e+00 4.07859944e+00 1.50646608e+00 3.49580227e+00
 4.70976035e+00 1.49384025e-03 4.97478685e+00 6.92620585e+00
 4.94475825e+00 2.99345397e+00 4.45558844e+00 4.17780451e+00
 1.22631729e+00 4.49675998e+00 4.40645341e+00 1.56899333e+00
 5.30908457e-01 4.97631957e+00 1.86814607e+00 2.28398295e+00
 9.24434327e-03 1.84520582e+00 4.01328970e+00 4.02010333e+00
 1.35903172e-01 5.29880184e+00 5.89842806e-01 9.73997441e-01
 3.36240647e+00 8.32403857e-01 3.14192658e+00 3.69041937e+00
 1.03478557e+00 5.13471514e+00 4.76876395e-01 1.57045008e+00
 2.00601678e+00 4.45141797e+00 2.00477292e+00 6.34406155e+00
 5.72320854e+00 1.87488856e+00 1.29352326e+00 4.56739831e+00]

Calculating energies for FreeWilson2D(N_x=2, N_y=2, mass=-3.200, r=1.000)
Return from COBYLA because the objective function has been evaluated MAXFUN times.
Number of function values = 20000   Least value of F = -6.399919650845132
The corresponding X is:
[2.8722028  4.85589966 3.97237863 1.95844096 0.24072581 6.137548
 1.17789387 2.52502009 3.56767418 5.86517072 2.47398324 6.69967895
 3.26036272 2.95156404 5.05788721 1.92998841 2.74692956 3.9956569
 1.38427826 3.20109015 4.59717219 0.43451575 4.81448447 7.17533602
 5.17977254 2.776777   4.75618275 3.95223013 1.43431651 4.76436619
 4.3869882  1.26573216 0.6020599  4.99024554 1.6054798  2.68448017
 0.8939576  2.08633558 3.86373795 4.44192833 0.18834495 5.13943332
 1.09279633 1.04083753 3.50373899 0.77872628 3.82540594 3.67747668
 0.84067566 4.76393852 0.76422344 2.04941593 2.09102342 4.10079144
 2.08949132 6.58660639 6.20826995 2.18932384 1.58550455 3.726682  ]

Calculating energies for FreeWilson2D(N_x=2, N_y=2, mass=-3.120, r=1.000)
Return from COBYLA because the objective function has been evaluated MAXFUN times.
Number of function values = 20000   Least value of F = -6.239987667080898
The corresponding X is:
[2.63899759 5.08398424 3.88575341 1.53242639 1.12883319 6.29022911
 1.03144724 2.22269165 3.22502672 5.41342123 2.07305756 6.20744241
 2.76775304 3.37659231 5.88478745 1.80249777 3.2053665  4.40611899
 2.25052852 3.59764009 4.20668227 0.05975892 4.69991604 6.69075639
 5.30135845 2.69118443 4.45643404 4.2138188  1.43034475 4.31860917
 4.5124436  1.4376286  0.87542221 5.03259453 1.93393696 2.14592416
 1.50460954 2.11596664 4.0173271  4.48301905 0.40811167 5.48853944
 0.61460246 1.06847737 3.45120439 0.78522888 3.67516929 3.14151664
 0.66851    4.71263022 0.78534299 2.17435733 1.68141571 3.78824636
 1.68169308 5.79882773 5.59643874 1.25925212 1.36461912 4.44370828]

Calculating energies for FreeWilson2D(N_x=2, N_y=2, mass=-3.040, r=1.000)
Return from COBYLA because the objective function has been evaluated MAXFUN times.
Number of function values = 20000   Least value of F = -6.079940747996734
The corresponding X is:
[2.89550177 5.12212806 3.97111996 1.36849957 0.91077038 6.22325873
 1.23469599 2.28042684 3.47104055 5.43492423 2.14389567 6.66412686
 2.89218741 3.24298272 6.18209426 1.75333935 3.22296516 3.68803994
 2.03183268 3.32910567 4.52787308 0.22536536 4.36245361 6.65054716
 5.18143687 2.70156666 4.46758456 4.26166533 1.71457497 4.00574081
 4.510685   1.49670716 0.62190272 5.61842783 1.71559662 2.34477426
 0.42610751 1.87131189 3.24894636 4.66333582 0.43901216 5.74755749
 1.44809545 0.18346636 2.87728084 0.78575834 3.64510073 3.13787191
 0.83966263 4.74017064 0.78954893 1.85849757 1.65767236 3.8532275
 1.65233168 5.49809167 5.48193042 2.05051073 1.10162977 4.22499814]

Calculating energies for FreeWilson2D(N_x=2, N_y=2, mass=-2.960, r=1.000)
Return from COBYLA because the objective function has been evaluated MAXFUN times.
Number of function values = 20000   Least value of F = -5.919861561967964
The corresponding X is:
[ 3.08056864  5.63992491  4.03950805  1.63930811  0.34684159  5.97736576
  1.01390338  2.63393259  3.61497966  5.14738379  2.57561095  6.16677089
  2.79792436  3.20766996  5.51027359  1.75947324  3.66643688  4.11358081
  1.98255337  3.13278216  4.47323952  0.00877073  4.44275711  7.30138337
  5.72783418  3.03063115  4.02099789  4.18172026  1.02133962  4.10649956
  4.50680458  1.54705582  0.61164059  5.15713968  1.70239631  2.7948234
  0.44074762  1.49388761  4.15422628  4.47520147 -0.03589175  5.29509252
  0.78832576  1.37493072  3.21781588  0.78939975  3.66508633  3.74873015
  0.73700279  4.78753319  0.93424702  1.59701371  1.73474683  4.05180081
  1.72914101  5.59842399  5.80834498  1.66735348  1.4028669   4.56608258]

Calculating energies for FreeWilson2D(N_x=2, N_y=2, mass=-2.880, r=1.000)
Return from COBYLA because the objective function has been evaluated MAXFUN times.
Number of function values = 20000   Least value of F = -5.759926494324019
The corresponding X is:
[3.01421214 4.72649036 4.29988351 1.85038568 0.86559127 5.8435485
 0.91970798 2.4029463  3.33555753 5.55781546 2.70293856 6.19753889
 2.908101   3.6535259  5.93260131 1.73472618 2.96355143 4.06298338
 2.30974125 3.23491306 4.48585178 0.11914287 4.53217446 7.15168267
 5.33250126 2.88586906 4.16355795 3.95830294 1.30414804 4.365233
 4.57507636 1.50597564 0.86262398 5.77063738 1.57818686 2.34381834
 0.2635559  1.67045942 4.15812812 4.58436946 0.23278261 5.16258014
 0.6120662  0.64424975 3.15188571 0.78429939 3.95652878 3.38398883
 1.18332164 4.72663651 0.9823936  1.8304486  1.62825567 3.54387497
 1.6378442  5.57154562 5.72380782 2.02899651 1.58331473 4.07509997]

Calculating energies for FreeWilson2D(N_x=2, N_y=2, mass=-2.800, r=1.000)
Return from COBYLA because the objective function has been evaluated MAXFUN times.
Number of function values = 20000   Least value of F = -5.5999542321146585
The corresponding X is:
[ 3.06565680e+00  5.11795333e+00  4.19409899e+00  1.64087792e+00
  8.11342593e-01  5.78243797e+00  9.52173094e-01  1.88806312e+00
  3.15422402e+00  5.04998611e+00  2.98542432e+00  6.14780551e+00
  2.94596357e+00  3.68145212e+00  6.20919255e+00  2.26135782e+00
  2.94458292e+00  4.03436097e+00  2.08359137e+00  3.22180004e+00
  4.38317907e+00 -6.19036826e-03  4.49212912e+00  7.52183645e+00
  5.82510934e+00  2.78451410e+00  4.52029330e+00  4.14097609e+00
  1.24887226e+00  4.28768567e+00  4.04140609e+00  1.48458673e+00
  8.16852600e-01  5.56609895e+00  1.57163824e+00  2.67637549e+00
  6.64580458e-02  2.33725769e+00  4.24979092e+00  4.83169394e+00
  1.81862694e-01  5.48241227e+00  4.60563748e-01  8.44162306e-01
  2.87850927e+00  7.89178919e-01  4.02705079e+00  3.65719405e+00
  9.12061122e-01  4.69616578e+00  6.87751295e-01  1.59972807e+00
  1.71667849e+00  3.85527640e+00  1.71961049e+00  5.52238678e+00
  5.53472590e+00  1.74819015e+00  1.03121895e+00  4.07635982e+00]

Calculating energies for FreeWilson2D(N_x=2, N_y=2, mass=-2.720, r=1.000)
Return from COBYLA because the trust region radius reaches its lower bound.
Number of function values = 10111   Least value of F = -5.439983601412233
The corresponding X is:
[ 2.93428692e+00  5.52218412e+00  3.98685898e+00  1.56928340e+00
  7.52330334e-01  5.76653052e+00  1.23675456e+00  2.21641092e+00
  3.86640298e+00  5.44159154e+00  2.59411768e+00  5.73531357e+00
  2.63756540e+00  2.12336696e+00  5.66247143e+00  2.03859785e+00
  3.18528159e+00  3.57320432e+00  2.21240360e+00  3.30070427e+00
  4.23582908e+00 -1.82533524e-03  4.08873158e+00  6.58384487e+00
  4.54953464e+00  2.81500919e+00  4.47317117e+00  4.03028671e+00
  8.84747398e-01  4.09727150e+00  3.32595855e+00  1.59908232e+00
  1.26217316e+00  5.47693113e+00  2.23238333e+00  2.82964762e+00
  5.41616408e-02  6.86542327e-01  4.13566619e+00  4.01447560e+00
  1.46098220e-01  7.01757708e+00  7.41001650e-02  1.07217684e+00
  3.41738135e+00  1.11418966e+00  3.13727503e+00  3.57730073e+00
  8.95478598e-01  5.77289573e+00  1.78402541e-01  1.56051199e+00
  4.98086498e-01  4.20759376e+00  5.87359948e-01  5.86301443e+00
  4.03016333e+00  1.28178580e+00  1.05844707e+00  4.29751217e+00]

Calculating energies for FreeWilson2D(N_x=2, N_y=2, mass=-2.640, r=1.000)
Return from COBYLA because the trust region radius reaches its lower bound.
Number of function values = 17478   Least value of F = -5.279985066884203
The corresponding X is:
[ 3.00577846  5.62038389  3.96175538  1.60545183  0.69323366  5.45223902
  1.21735155  2.24285294  3.81543205  4.99307174  2.67036683  6.0155976
  2.92407993  2.97399139  5.97795344  1.66198927  2.79144278  3.59422681
  1.33829522  3.24621474  3.84025888 -0.06130349  4.12561593  6.15552606
  5.2697554   2.90880704  4.21475979  3.83101859  1.14267033  4.55642465
  3.05441806  1.58884598  1.59937546  5.1363249   2.3810861   3.03763516
 -0.23615828  1.23973903  4.30177846  3.56058733  0.10765959  6.74762974
 -0.18636701  0.57159012  3.1811688   1.42652622  3.2304501   2.95020729
  1.38835072  6.39722997  0.7467481   1.79410139  1.07959361  4.00152127
  1.86220936  5.74717078  4.28451873  1.89909034  1.45911283  4.39176508]

Calculating energies for FreeWilson2D(N_x=2, N_y=2, mass=-2.560, r=1.000)
Return from COBYLA because the objective function has been evaluated MAXFUN times.
Number of function values = 20000   Least value of F = -5.119987699728718
The corresponding X is:
[2.72528536 5.49834323 3.78361891 1.51627984 1.44453752 5.90869577
 1.18586264 2.00539901 2.66762656 5.34525849 3.29166927 6.44987864
 2.21539394 3.16772583 5.62931375 1.4646231  3.17209581 3.89337876
 2.14217209 3.51872306 4.42375181 0.09140362 6.27376712 6.05074457
 5.08847449 3.17969725 4.39084456 4.49138092 1.473088   4.54766592
 3.81836075 1.54863914 1.69300346 5.03970991 3.01462821 3.13729622
 1.73321646 0.70296001 5.42759566 3.61514577 0.22024433 6.8295424
 0.84085729 0.77820976 3.89230448 1.19348053 2.36829975 3.202271
 0.77305672 4.87784933 0.20293018 1.98059016 0.17820971 4.53565148
 1.63030551 7.83227982 4.39055678 1.67958049 1.1618707  4.81963328]

Calculating energies for FreeWilson2D(N_x=2, N_y=2, mass=-2.480, r=1.000)
Return from COBYLA because the trust region radius reaches its lower bound.
Number of function values = 8743   Least value of F = -4.959998660922662
The corresponding X is:
[ 3.14154883e+00  5.36088829e+00  4.02812549e+00  1.56740347e+00
  1.17189878e+00  5.79785070e+00  8.88326441e-01  2.14531468e+00
  2.64836682e+00  5.54038553e+00  2.54984615e+00  6.42804153e+00
  2.70890361e+00  2.69890174e+00  5.63336766e+00  1.97851916e+00
  3.36442255e+00  4.51070259e+00  1.96823774e+00  3.14136881e+00
  4.38512546e+00  2.84092606e-03  4.69601534e+00  6.59704166e+00
  4.67054597e+00  3.59120186e+00  4.64906334e+00  4.65182269e+00
  1.54371841e+00  4.55434841e+00  3.38276337e+00  1.56608872e+00
  1.22453629e+00  5.32033068e+00  2.21702981e+00  2.41778994e+00
  7.90757500e-01  7.11548620e-01  5.16326007e+00  3.77125960e+00
 -7.37359651e-01  6.91682350e+00 -7.32238166e-02  1.21700565e+00
  3.43034002e+00  8.82736725e-01  3.14144862e+00  3.13227373e+00
  8.35906220e-01  6.06825047e+00  1.01225229e+00  1.35517495e+00
  5.95160913e-01  4.83384249e+00  1.81420817e+00  7.16870262e+00
  4.09539653e+00  2.05138151e+00  1.42281378e+00  4.91872159e+00]

Calculating energies for FreeWilson2D(N_x=2, N_y=2, mass=-2.400, r=1.000)
Return from COBYLA because the trust region radius reaches its lower bound.
Number of function values = 18999   Least value of F = -4.799996621401066
The corresponding X is:
[ 2.56094384  5.34003085  3.88159983  1.92003332  1.04330159  5.67875048
  1.50164066  1.60905593  2.78781952  5.29272396  3.05742134  6.25949741
  2.4936398   3.10305038  5.72377616  1.79454149  3.15401944  3.74889987
  2.20365746  3.71176944  4.07426939 -0.32117368  4.802643    6.55469016
  4.98371139  3.70265416  4.50643766  4.51057499  1.63697921  4.70294624
  3.34182452  1.51433786  1.32355129  5.17119675  2.29168747  3.13867078
  0.55312841  1.16866412  4.72806023  3.62878752  0.10581868  6.98886563
  0.52884217  0.8386704   3.13991555  1.09869309  2.82984787  3.47984517
  0.84941295  5.99966423  1.02139646  1.72110945  0.52681324  4.57592905
  1.5114261   7.95896432  3.89854792  1.8989456   0.53015323  4.89596024]

Calculating energies for FreeWilson2D(N_x=2, N_y=2, mass=-2.320, r=1.000)
Return from COBYLA because the objective function has been evaluated MAXFUN times.
Number of function values = 20000   Least value of F = -4.639998186842526
The corresponding X is:
[ 2.70659939e+00  5.35299598e+00  4.25118105e+00  2.35029767e+00
 -7.43202629e-04  5.79001453e+00  2.09768316e-01  2.05899321e+00
  3.80377049e+00  5.24281065e+00  1.90802820e+00  6.51611519e+00
  3.33265175e+00  2.37729186e+00  5.81922238e+00  1.70196315e+00
  3.85172859e+00  5.33420636e+00  2.12904901e+00  3.13838661e+00
  4.19783427e+00  1.38985836e+00  4.92219306e+00  6.87361635e+00
  5.04882073e+00  3.38790113e+00  5.72199313e+00  4.69873425e+00
  1.12823768e+00  5.07004865e+00  4.23658535e+00  1.41201318e+00
  1.48297290e+00  4.98906826e+00  1.57565283e+00  2.24011666e+00
  1.45483673e+00  1.21983926e+00  3.78597885e+00  3.79293160e+00
 -4.96531721e-02  6.81760815e+00  3.52825862e-01  3.33951287e-01
  3.45604904e+00  7.85347941e-01  3.84462124e+00  2.63689535e+00
  1.40102366e+00  4.72217073e+00  2.69553514e-01  1.35507664e+00
  8.50514707e-01  3.66381513e+00  8.49979631e-01  6.95159199e+00
  4.68088126e+00  1.93475095e+00  1.70316285e+00  4.19608810e+00]

Calculating energies for FreeWilson2D(N_x=2, N_y=2, mass=-2.240, r=1.000)
Return from COBYLA because the objective function has been evaluated MAXFUN times.
Number of function values = 20000   Least value of F = -4.479995954827073
The corresponding X is:
[ 2.81481185e+00  6.26703258e+00  4.35385594e+00  1.56798668e+00
  5.55740474e-01  6.27854024e+00  8.55840668e-01  1.51521422e+00
  3.49984374e+00  5.17539186e+00  1.97943130e+00  6.29918839e+00
  3.15755234e+00  2.69873917e+00  5.40671669e+00  1.03474922e+00
  3.91134831e+00  4.19488157e+00  2.36540604e+00  3.14420822e+00
  4.71285363e+00  9.10567519e-04  4.73456323e+00  6.25225038e+00
  6.77456453e+00  3.23354867e+00  4.92145801e+00  4.07922242e+00
  9.52333634e-01  4.37106727e+00  3.37185998e+00  1.56843200e+00
  1.08487922e+00  5.83813820e+00  2.23882355e+00  2.58433885e+00
  5.75275004e-03  1.34624506e+00  3.98758899e+00  3.97757637e+00
 -5.69301769e-01  5.78270479e+00  2.50282936e-01  1.20462511e+00
  3.52661564e+00  1.12137721e+00  3.13896991e+00  3.74717525e+00
  1.11933218e+00  5.77563379e+00  5.90545580e-01  1.56846523e+00
  1.09918658e+00  4.72442642e+00  1.10691681e+00  5.88671392e+00
  5.89720156e+00  1.98520182e+00  1.96085086e+00  4.88554696e+00]

Calculating energies for FreeWilson2D(N_x=2, N_y=2, mass=-2.160, r=1.000)
Return from COBYLA because the objective function has been evaluated MAXFUN times.
Number of function values = 20000   Least value of F = -4.319889574426592
The corresponding X is:
[0.70468622 6.32478982 4.54402725 1.40177409 1.30399443 5.51086149
 0.599229   0.88857952 4.31550686 5.0911298  0.92712284 5.61319938
 2.72605237 2.46586718 6.05928126 0.74782779 4.39715738 4.03915306
 2.79900685 3.90697579 4.79762214 0.67275426 6.15081886 6.09533205
 5.44767819 3.27193643 4.58245184 4.77601908 1.32007953 4.74081897
 4.16055559 1.99212753 1.33568663 5.81134985 2.32919559 3.19325929
 0.6479691  2.22870702 3.75891842 2.78332035 0.30900129 5.99275449
 0.25706341 0.83610618 3.2037423  1.83051715 3.65738763 3.60859362
 0.55056744 5.9430376  0.20216346 1.90814089 0.88008378 3.5533415
 1.67563841 5.69856801 4.38757248 1.12656174 0.87422056 4.56173567]

Calculating energies for FreeWilson2D(N_x=2, N_y=2, mass=-2.080, r=1.000)
Return from COBYLA because the objective function has been evaluated MAXFUN times.
Number of function values = 20000   Least value of F = -4.159763753683008
The corresponding X is:
[ 6.85576545e-01  6.05977610e+00  3.82625026e+00  1.60368652e+00
  1.13877878e+00  5.27543244e+00  3.96511831e-01  1.44794535e+00
  4.28291958e+00  5.42868834e+00  2.13986253e+00  5.14508567e+00
  2.85513821e+00  2.85698001e+00  5.46574851e+00  1.10276709e+00
  4.44420058e+00  3.48181485e+00  2.33967543e+00  3.11604258e+00
  4.45851025e+00 -3.79230201e-03  5.17717379e+00  5.37467180e+00
  5.47561921e+00  3.42602238e+00  5.00430064e+00  4.89622601e+00
  1.44565837e+00  4.62205586e+00  3.92834085e+00  1.86133771e+00
  1.69717631e+00  5.47003535e+00  3.14141578e+00  3.03206993e+00
  1.53390331e+00  2.17228629e+00  3.41134131e+00  3.34333992e+00
  1.87158032e-01  5.77129473e+00  8.76623435e-01  3.45587168e-01
  3.18420866e+00  1.48690842e+00  3.78364781e+00  3.98063809e+00
  7.86655703e-01  5.01708136e+00  9.65932640e-01  1.59475938e+00
  4.89494318e-01  4.23065294e+00  1.46147986e+00  6.00373208e+00
  3.67652845e+00  1.40428333e+00  1.25558176e+00  4.54467253e+00]

Calculating energies for FreeWilson2D(N_x=2, N_y=2, mass=-2.000, r=1.000)
Return from COBYLA because the objective function has been evaluated MAXFUN times.
Number of function values = 20000   Least value of F = -3.9999657226889314
The corresponding X is:
[1.29734938 5.65233956 3.63553295 1.89386647 0.42074952 4.74739532
 0.39210782 1.28817305 4.52139571 5.1737462  1.38082832 5.3499282
 2.95543333 2.9392509  5.72631841 0.87352948 3.17819213 3.27232043
 2.2054934  3.01790687 4.67734238 0.37175853 5.26090671 5.96834799
 5.50481904 3.248784   4.8740426  4.42321158 1.39378756 4.28861134
 3.64244154 1.6239657  1.42110558 5.58871769 2.88189757 3.08095826
 0.38205359 2.65335098 3.45062474 3.95141133 0.02455505 5.94001306
 0.46281209 0.88042794 3.0464047  1.86953931 3.66401222 3.2759724
 1.2255103  5.2718693  0.15849304 2.34505398 0.51311387 4.03593118
 1.84835475 5.94916512 4.18454565 2.21605158 1.04352115 4.12880751]

Calculating energies for FreeWilson2D(N_x=2, N_y=2, mass=-1.920, r=1.000)
Return from COBYLA because the objective function has been evaluated MAXFUN times.
Number of function values = 20000   Least value of F = -4.159962873690075
The corresponding X is:
[1.45348591 5.44822189 3.87685718 1.46639351 0.80445071 4.94826476
 0.31042377 1.41784516 4.4509854  4.80424716 0.75694593 5.55812329
 3.076911   3.09478558 5.61426792 1.21796518 3.13568755 4.71870895
 1.53896325 3.23563045 4.84668676 0.89728807 5.16391475 6.3966015
 5.24936868 3.13219337 4.79955937 4.49456935 0.93530385 4.77579214
 3.18286715 1.86207428 1.70873983 5.21788241 2.39387832 2.83150136
 0.93771102 2.01956721 2.83930921 4.41492888 0.14438593 6.01982365
 0.40477991 0.84064519 3.31649763 1.4288725  3.12192997 3.10483805
 1.75802196 5.90162018 0.200986   2.59910454 0.09059552 4.13855416
 1.69782498 5.66581172 4.4079223  1.90341563 1.10689087 4.17419306]

Calculating energies for FreeWilson2D(N_x=2, N_y=2, mass=-1.840, r=1.000)
Return from COBYLA because the objective function has been evaluated MAXFUN times.
Number of function values = 20000   Least value of F = -4.319986629995719
The corresponding X is:
[ 1.58391955  5.38654519  3.84702223  1.76697075  0.70820685  4.91879244
  0.49421702  1.24599425  4.38473681  5.0467991   0.52742081  5.36413375
  3.00451609  2.86485484  6.293946    1.42135542  3.12232631  4.6990525
  1.7802639   3.13190273  4.93600469  0.99208488  4.64792769  5.64010659
  5.1254843   2.94388798  4.73600036  4.67474933  1.43705423  5.0332924
  3.18844053  1.7771447   1.61768051  5.57149758  2.37310208  2.51957766
  1.09885056  2.32720355  2.91119808  4.47116903 -0.05778027  5.99828332
  0.30465     0.91896809  3.25000306  1.62386037  3.14706615  3.10991152
  1.86277675  6.02053867  0.37218318  2.24025627  0.15663469  4.39163628
  1.72615356  5.70736919  4.40085016  2.17393924  0.75175496  4.24016391]

Calculating energies for FreeWilson2D(N_x=2, N_y=2, mass=-1.760, r=1.000)
Return from COBYLA because the objective function has been evaluated MAXFUN times.
Number of function values = 20000   Least value of F = -4.479971864410815
The corresponding X is:
[1.32842008 5.52861244 3.84101978 1.78423826 0.86413171 4.84836827
 0.39690549 1.490177   4.3043034  4.65524881 1.36487344 5.07469952
 3.4947682  2.61647945 5.86493412 1.27970823 3.20510638 4.75553054
 1.91344766 3.33254628 4.99324387 0.78950196 5.344598   6.42407222
 5.34171983 2.95148513 4.27348272 4.61935026 1.10470725 4.53608548
 3.08915566 1.7156887  1.53064269 5.12394382 2.37071662 2.87085529
 0.67526554 2.09642397 2.56447081 4.46437382 0.04946745 6.12809213
 0.32949588 0.98144151 3.54322068 1.52923357 3.13180409 3.03001944
 1.82998736 6.11419139 0.34544228 2.90604264 0.44591039 3.89822591
 1.71385981 5.73216309 4.59287823 2.24204642 1.15519641 4.10444443]

Calculating energies for FreeWilson2D(N_x=2, N_y=2, mass=-1.680, r=1.000)
Return from COBYLA because the trust region radius reaches its lower bound.
Number of function values = 18871   Least value of F = -4.639996629087297
The corresponding X is:
[1.40985408e+00 5.71175177e+00 4.10758611e+00 1.58844554e+00
 1.44549541e+00 4.34707631e+00 5.54928577e-04 1.23645528e+00
 4.23562079e+00 4.83599980e+00 8.75754197e-01 5.84499761e+00
 2.97721760e+00 2.88662968e+00 5.81463575e+00 1.05858813e+00
 2.43639249e+00 4.54831325e+00 1.58807557e+00 3.31864933e+00
 5.13551469e+00 6.88708530e-01 5.56093978e+00 5.78472921e+00
 4.58185711e+00 3.24484049e+00 4.44097123e+00 4.33569891e+00
 1.27650777e+00 4.44903873e+00 2.87693350e+00 6.71962500e-01
 1.80890819e+00 4.88269886e+00 2.25743330e+00 2.54433888e+00
 7.67122821e-01 2.01519914e+00 2.91384095e+00 4.31562515e+00
 1.10850480e+00 6.10092389e+00 2.96935720e-01 1.11784267e+00
 3.40620036e+00 1.73630689e+00 3.14145208e+00 3.14090999e+00
 1.55204342e+00 5.94458994e+00 4.37998999e-01 2.88603705e+00
 1.18411997e-01 4.11155445e+00 1.89049952e+00 6.66059960e+00
 4.45861606e+00 1.71360178e+00 7.55470169e-01 4.03178775e+00]

Calculating energies for FreeWilson2D(N_x=2, N_y=2, mass=-1.600, r=1.000)
Return from COBYLA because the trust region radius reaches its lower bound.
Number of function values = 16696   Least value of F = -4.799992642772536
The corresponding X is:
[1.60124137 5.74144733 4.02864649 1.80254847 1.45712193 4.94893595
 0.52848542 0.21788308 5.10421297 5.43735443 1.10634314 5.85359642
 2.91666814 3.0417207  5.63075841 0.96706937 3.14240413 4.59266182
 2.03644208 3.2092926  4.88517535 0.63738901 5.41832603 6.04135452
 5.01213401 2.96136063 4.51227121 4.454173   0.7646497  4.60777336
 3.40711199 1.59729348 1.48336499 5.335487   2.07964156 3.09872428
 0.9884352  1.09589265 3.4411866  3.78420061 1.2098704  6.15053234
 0.54777806 0.82372247 3.62188716 0.9110079  3.2244485  3.08292742
 1.85475219 5.70557026 0.78266664 2.92141739 0.05538306 4.53959513
 2.99555458 5.841218   4.32833996 2.19604343 1.0753234  3.96993937]

Calculating energies for FreeWilson2D(N_x=2, N_y=2, mass=-1.520, r=1.000)
Return from COBYLA because the objective function has been evaluated MAXFUN times.
Number of function values = 20000   Least value of F = -4.9599910238791045
The corresponding X is:
[1.57179113 5.73657106 4.12777374 1.53437874 1.54260299 4.93892645
 0.56877105 0.19319267 5.08786379 5.05343885 1.03840806 5.80655898
 2.92395868 3.04973034 5.19511849 0.79612072 3.14195802 4.56510065
 1.81404518 3.16402263 4.72894287 0.64623894 5.71182925 5.92538736
 5.30329503 3.12437621 4.66764624 4.45143662 0.72165054 4.46019529
 3.15697836 1.5842757  1.52002148 5.46071125 2.12163876 2.89334492
 1.023933   0.66379885 3.19757877 3.82103576 1.22024267 6.18884537
 0.86469437 0.75366809 3.47510174 0.92816569 3.16845779 3.14238547
 1.86275944 5.72323188 0.84858973 2.70713219 0.41460004 4.52093701
 3.165969   6.03746307 4.02837596 2.33275411 1.10412918 4.20548734]

Calculating energies for FreeWilson2D(N_x=2, N_y=2, mass=-1.440, r=1.000)
Return from COBYLA because the trust region radius reaches its lower bound.
Number of function values = 5247   Least value of F = -5.119994604652085
The corresponding X is:
[1.44654735 5.61951744 3.79025442 1.70350715 1.73447926 5.71914881
 0.42080714 2.14348281 5.05158187 5.18224981 1.53404387 6.49614995
 3.26078517 3.06005287 5.60273129 0.96688357 3.19653352 4.27475017
 2.02921376 3.30275286 4.60737647 0.61767595 5.76206246 5.8914774
 6.1265683  2.87483924 4.41100564 4.77193046 1.09262969 4.19235813
 3.45234849 1.62016716 1.86917918 5.55526839 2.15988471 3.29698114
 0.76394366 1.43043476 3.06235932 4.98290179 0.73671228 5.99854836
 0.17526863 0.8143214  3.81627695 0.65063904 3.17353377 3.24754645
 1.78888671 5.4920072  0.70184694 2.79005978 0.25149059 5.2586223
 2.57276307 6.10349904 4.67828252 2.20995347 1.21681282 4.31243227]

Calculating energies for FreeWilson2D(N_x=2, N_y=2, mass=-1.360, r=1.000)
Return from COBYLA because the objective function has been evaluated MAXFUN times.
Number of function values = 20000   Least value of F = -5.279986468892947
The corresponding X is:
[1.5873372  5.64145633 3.83791298 1.49308043 1.46886701 5.53020999
 0.27781527 1.34293702 4.5663993  5.19346749 1.40364012 6.21744151
 3.12944231 2.83374312 5.52851616 0.38254338 3.07083585 4.3417226
 1.82790115 3.12506075 4.59632662 0.67347116 5.84359869 5.59528405
 6.14061744 2.98075277 4.40342717 5.39590456 1.00060953 4.006325
 3.0521391  1.54266151 1.63140727 5.22744494 2.35592983 3.44612328
 0.70114992 1.08175255 3.20592379 4.75912919 0.12463946 6.20374169
 0.75265422 1.28401684 4.25891765 0.84737131 3.18330126 3.07865869
 1.63582864 5.18287087 0.45998386 3.00772898 0.4408537  5.93567928
 2.93846178 5.66440022 4.2467692  1.90320381 1.09515959 4.16745185]

Calculating energies for FreeWilson2D(N_x=2, N_y=2, mass=-1.280, r=1.000)
Return from COBYLA because the objective function has been evaluated MAXFUN times.
Number of function values = 20000   Least value of F = -5.439991283832401
The corresponding X is:
[1.5549573  5.63660632 3.79798801 1.48962492 1.61254001 5.52661084
 0.17812544 2.16611749 4.60417834 5.05635762 1.89444554 6.39461376
 3.48701416 3.38034729 4.88201438 1.04070539 3.16115483 4.33319047
 1.73948112 3.16114173 4.53898373 0.63267094 6.16986387 5.94205775
 6.02091522 3.12828351 4.33214297 5.14983546 1.19252039 4.2072072
 3.26361262 1.57265758 1.66114559 5.10147754 2.55038246 2.61980608
 0.78358351 0.8495972  2.91447215 4.58287464 0.08403866 6.21819548
 0.755451   1.44823511 3.78489599 1.23669251 3.15238304 3.13649691
 1.69109307 5.38979703 1.32534807 2.9720991  0.84907088 5.89037687
 2.59474277 5.96626905 4.2755601  2.0443306  1.28952697 4.27196036]

Calculating energies for FreeWilson2D(N_x=2, N_y=2, mass=-1.200, r=1.000)
Return from COBYLA because the objective function has been evaluated MAXFUN times.
Number of function values = 20000   Least value of F = -5.599934760739793
The corresponding X is:
[1.52633383 5.59271429 3.79647948 1.54711056 1.90039468 5.63361414
 0.27622364 1.0636867  4.57167883 4.72955757 2.02499409 6.48644879
 3.52543898 3.11540642 5.41565588 0.38884113 3.13825408 4.3035952
 1.86725856 3.24009058 4.56211101 0.66311652 6.05088628 5.7549308
 5.13810086 2.97803601 4.41441552 4.8961054  0.91355306 4.54186348
 3.14855795 1.24923211 1.66233884 5.18156465 2.51087656 2.70352533
 0.74937766 0.86996203 3.20583208 4.59334932 0.53972425 5.49527657
 0.73508642 1.30049816 3.15841914 0.91117386 3.04331278 3.14031191
 1.74554565 5.02004082 1.1612614  2.99524258 0.71214324 5.40329038
 3.31263693 6.19653453 4.15244859 1.99544159 1.40785961 4.26900391]

Calculating energies for FreeWilson2D(N_x=2, N_y=2, mass=-1.120, r=1.000)
Return from COBYLA because the objective function has been evaluated MAXFUN times.
Number of function values = 20000   Least value of F = -5.759982040081921
The corresponding X is:
[1.63253323 5.6842954  4.1172036  1.52836753 1.80436693 5.10115389
 0.41824922 1.54326203 4.57640698 5.07817242 1.31312946 6.18367459
 2.90468042 3.27260868 5.680808   1.08970634 3.1890197  4.5772166
 2.00693871 3.0377677  4.26317988 0.77758612 6.05852747 6.08716713
 4.89291693 2.27464193 4.54810492 5.07257316 1.60480468 4.45686257
 3.46700393 1.54160549 1.63400623 5.38583005 2.24469088 3.22363286
 1.15770987 1.22967875 3.52264699 4.7885657  0.24499948 5.68366197
 0.585044   1.13743674 3.32436036 0.94112419 3.22115356 2.76421652
 1.52802988 5.60709723 0.90561759 2.84957018 0.27077752 5.23287514
 2.59033547 6.09509491 4.82731987 1.75092602 1.05516256 3.74546408]

Calculating energies for FreeWilson2D(N_x=2, N_y=2, mass=-1.040, r=1.000)
Return from COBYLA because the trust region radius reaches its lower bound.
Number of function values = 5806   Least value of F = -5.91999204790493
The corresponding X is:
[1.59051442 5.57977035 3.59614535 1.61799445 1.70598551 5.85005678
 0.26242022 0.74611497 4.66546089 5.38632177 1.96289831 6.50174987
 3.00990453 2.82167202 4.81151462 0.58839361 3.25543509 4.147096
 1.95163655 3.11552577 4.56137901 0.73656613 6.60026897 5.96402292
 5.07306508 2.91105578 4.22263997 4.76806736 1.16697672 4.29410696
 3.17248354 1.57121653 1.76449225 5.30658746 2.55431592 3.07329563
 0.6786769  0.89939654 3.36540089 5.12819444 0.68293336 6.60377521
 0.49677042 1.36127671 4.06282642 0.87893745 3.22097588 2.96079578
 1.58468632 5.14594559 0.93281169 2.81259612 0.32783092 5.89439019
 2.532967   5.79028252 4.22200906 2.15311016 0.9930185  4.32236782]

Calculating energies for FreeWilson2D(N_x=2, N_y=2, mass=-0.960, r=1.000)
Return from COBYLA because the objective function has been evaluated MAXFUN times.
Number of function values = 20000   Least value of F = -6.079979303197222
The corresponding X is:
[1.57423954 5.56634097 3.67012574 1.56689045 1.6277188  5.86497319
 0.24049265 0.84358766 4.49461201 5.25331447 1.58147104 6.04783436
 3.10645754 2.64844167 4.76018452 0.65322008 3.11196049 4.20356715
 1.82352447 3.13323842 4.54877473 0.65970796 6.11177033 5.92693091
 4.91068369 3.1302209  4.53018165 5.2187568  1.31650296 4.54272349
 3.35694471 1.42953119 1.76734145 5.2713244  2.5775866  2.76005701
 0.75416313 1.32518382 3.20630309 5.08733462 0.58418471 6.32846339
 0.57832131 1.50436545 3.92384657 0.78432495 3.16348768 3.14394156
 1.70832639 5.0411514  1.16493257 2.89549873 0.47837436 5.70447663
 2.85971764 5.95643202 4.24393932 2.12339315 1.2511016  4.21644318]

Calculating energies for FreeWilson2D(N_x=2, N_y=2, mass=-0.880, r=1.000)
Return from COBYLA because the objective function has been evaluated MAXFUN times.
Number of function values = 20000   Least value of F = -6.239952524372373
The corresponding X is:
[1.31475956 5.64032095 4.06270712 1.42002751 1.9520398  5.35961816
 0.42597141 1.55435392 5.11387774 4.85686559 1.56278789 6.26208239
 3.40956856 2.85332474 5.56530263 0.89946721 3.14214402 4.44527335
 1.86931765 3.48622228 4.49571521 0.72666357 5.89739816 5.73121485
 5.1568056  3.18072831 4.51043301 5.71464346 1.29917981 4.44960794
 3.41978379 1.39231415 1.57555336 5.33113671 2.30146884 2.998661
 0.74432673 1.04878573 3.23776917 4.83928762 0.18575343 5.85345946
 1.22105608 1.51304578 3.5400143  0.84256973 3.02649246 3.1398975
 1.61287163 5.31843973 0.85184244 3.04726171 0.61996186 5.32013289
 3.01768777 5.76143117 4.45061232 2.14530249 1.53723475 4.14628538]

Calculating energies for FreeWilson2D(N_x=2, N_y=2, mass=-0.800, r=1.000)
Return from COBYLA because the trust region radius reaches its lower bound.
Number of function values = 17088   Least value of F = -6.3999889133699694
The corresponding X is:
[1.50660111 5.56778706 3.83219037 1.5051234  1.72331836 5.7649417
 0.386257   1.3021232  5.58358691 4.66186628 1.50795843 6.52126988
 3.44169939 3.3361658  5.33755782 1.04093603 3.14935152 4.29532554
 2.00220356 3.22286101 4.65817503 0.71319648 5.76169219 5.80453921
 5.29842198 3.06975834 4.2896728  4.91345105 0.84292926 4.52853103
 3.30729841 1.37080085 1.64373731 5.34170964 2.34653543 3.01702774
 0.88421436 0.72751141 2.67815123 5.00614855 0.29960131 6.06939188
 1.39972063 1.74244159 3.38108927 0.58860632 3.11251794 3.16368299
 1.79159035 5.59762362 0.94258441 2.91589112 0.89321495 5.09111787
 2.48421211 5.75456218 4.4048904  1.601362   1.37274198 4.04710207]

Calculating energies for FreeWilson2D(N_x=2, N_y=2, mass=-0.720, r=1.000)
Return from COBYLA because the trust region radius reaches its lower bound.
Number of function values = 3521   Least value of F = -6.559999311126147
The corresponding X is:
[1.46862299 5.56934558 3.83978004 1.59043261 1.74588534 5.8524738
 0.42474736 1.50327979 5.19080872 4.64067212 1.15993044 6.48533757
 3.39563675 3.30477508 5.17245402 0.8954398  3.09409845 4.29926919
 2.09684085 3.2726787  4.65544941 0.77160886 5.73093136 5.86019612
 4.96979559 2.6074078  4.52453345 5.29992974 0.97510565 5.04401693
 3.21135867 1.29929187 1.68724546 5.64870101 2.16634126 2.86127961
 0.96228252 0.96206875 2.85552784 5.09180934 0.02163401 5.91835389
 1.09365527 1.46594843 3.28569547 0.48449902 3.14048772 3.09313495
 1.91140004 5.73489808 0.90065899 2.712878   1.12351482 5.3443959
 2.91339639 5.59450229 4.15633287 1.84275502 1.20180417 4.38454882]

Calculating energies for FreeWilson2D(N_x=2, N_y=2, mass=-0.640, r=1.000)
Return from COBYLA because the trust region radius reaches its lower bound.
Number of function values = 16411   Least value of F = -6.719988836927758
The corresponding X is:
[1.45402889 5.53917965 3.97429139 1.84951751 1.81364828 5.84440251
 0.14377567 1.45700824 5.11746542 4.48479879 0.79421967 6.21303492
 3.2992789  2.93836782 5.69176805 0.86556742 3.20474759 4.47084365
 2.1250885  3.26818608 4.57853438 0.63970958 5.48589427 5.82793314
 5.22078056 2.72765983 4.71886308 5.45733106 1.08643028 4.9886032
 3.18458563 1.39449314 1.57331584 5.1253746  2.31334509 3.21007534
 0.8482942  1.27478559 2.80074801 5.22352209 0.15125036 5.82995623
 1.12041699 1.46446815 3.3715906  0.47296669 3.18147619 3.05356175
 1.6841026  5.56121129 0.70314568 2.99228987 0.84784315 5.24432512
 2.57309269 5.52091358 4.35581716 1.71912305 1.54497662 4.41786177]

Calculating energies for FreeWilson2D(N_x=2, N_y=2, mass=-0.560, r=1.000)
Return from COBYLA because the trust region radius reaches its lower bound.
Number of function values = 13359   Least value of F = -6.87999580240354
The corresponding X is:
[1.22207868 5.6434482  3.85509936 1.87465974 1.94715538 5.42292924
 0.36579942 1.65085759 5.04903669 5.08354577 1.9223557  6.02640478
 3.42539085 2.39478272 5.83428299 1.15551201 3.14156113 4.32895155
 2.23935187 3.45219171 4.31076796 0.63041558 5.76371106 5.83610989
 5.12842286 3.13516652 4.1835472  5.19351157 0.93885737 4.76816101
 3.46568874 1.26508753 1.71475525 5.42792091 2.43778019 3.12527048
 0.78338365 1.10801766 3.22594155 4.59179193 1.02556679 6.23484
 1.16779788 1.48800842 3.6248275  1.11183216 2.91266244 3.09433935
 2.00983028 5.34844422 0.95263465 2.8516725  0.4610117  5.27553877
 2.67042384 5.75829639 4.35107272 1.79428219 1.4927011  4.15415314]

Calculating energies for FreeWilson2D(N_x=2, N_y=2, mass=-0.480, r=1.000)
Return from COBYLA because the objective function has been evaluated MAXFUN times.
Number of function values = 20000   Least value of F = -7.039981944057966
The corresponding X is:
[1.51396386 5.64706056 4.07505759 1.55320757 1.77079634 5.37639763
 0.36037081 1.2114528  5.2546815  5.0568172  1.75548604 6.14282443
 3.55582284 2.39454965 5.09307382 0.90609538 3.14134585 4.41727712
 1.95686685 3.17433094 4.3725262  0.68439741 5.95031177 5.87316582
 5.16767933 3.1246312  4.22674798 5.19429467 1.44558074 4.85265575
 3.25609063 1.37937971 1.5705274  5.28760775 2.39336368 3.04854839
 0.84427069 0.96567547 3.0954546  4.72929279 1.14364093 6.41289892
 1.30251214 1.31612237 3.47064308 0.97533025 3.05915264 3.14215209
 1.66579813 5.45559698 0.98589032 3.03314046 0.58239947 5.13051609
 2.62260278 5.84617869 4.23196293 2.10886346 1.45916895 4.52332082]

Calculating energies for FreeWilson2D(N_x=2, N_y=2, mass=-0.400, r=1.000)
Return from COBYLA because the objective function has been evaluated MAXFUN times.
Number of function values = 20000   Least value of F = -7.1999696107202915
The corresponding X is:
[1.58826738 5.57026026 3.55924184 1.85231813 1.78145539 6.04812415
 0.62271335 1.04551526 4.66218515 5.42272881 1.76819475 6.34430861
 3.95103079 2.72603622 5.74960702 1.27823597 3.22408245 3.9668772
 2.2685267  3.11606677 4.5200855  0.66398609 5.79398062 6.05406425
 4.80762947 3.00716165 4.50930418 5.42946889 0.97473023 4.62772806
 3.64653142 1.42002266 1.91718235 5.26680757 2.68543352 2.98350735
 0.78139009 1.27172731 3.24681288 4.42796966 0.16188257 5.6075336
 1.34067761 2.07162191 3.71383674 1.36469136 3.21927892 3.1924405
 1.92385475 5.1699696  1.00634167 3.19272633 0.56721765 5.68463717
 2.68679875 5.65812994 4.13813877 1.83474355 1.2438401  4.06472823]

Calculating energies for FreeWilson2D(N_x=2, N_y=2, mass=-0.320, r=1.000)
Return from COBYLA because the objective function has been evaluated MAXFUN times.
Number of function values = 20000   Least value of F = -7.359898530597937
The corresponding X is:
[1.40705172 5.55345484 3.99682848 1.33852212 2.0528387  5.69192579
 0.29038031 1.64453308 4.59516749 5.08261864 1.77493644 6.34651548
 3.83813861 2.46118519 5.70283063 0.5856492  3.20273832 4.34738841
 1.73084453 3.44254139 4.50287235 0.69983312 6.11891126 5.99227626
 4.71582687 3.2567814  4.09804897 5.16424492 1.09630351 4.86120557
 3.18945878 1.21816729 1.53845973 5.23105489 2.63514834 2.92722368
 0.83085818 1.1199018  3.53970275 4.57383803 0.8765543  6.2392684
 1.88920583 1.76317931 3.64814518 1.09453639 2.97394723 3.21853918
 1.69944492 5.0285705  1.12026638 3.00122821 0.09367121 5.43839157
 2.6750701  5.90564118 4.26709874 1.72884052 1.40756907 4.59409046]

Calculating energies for FreeWilson2D(N_x=2, N_y=2, mass=-0.240, r=1.000)
Return from COBYLA because the objective function has been evaluated MAXFUN times.
Number of function values = 20000   Least value of F = -7.519977166894795
The corresponding X is:
[1.5540532  5.54474961 3.9637291  1.5852819  1.89049827 5.87297623
 0.53591198 1.35524481 4.65759819 5.07638772 1.61833863 6.38938253
 3.77019987 2.55880653 5.7331283  0.92331722 3.18334161 4.31140278
 2.18270652 3.15750471 4.62151229 0.79673756 5.87434093 5.79149229
 4.94198055 3.19157759 4.03788693 5.38044521 1.05385898 4.60069342
 3.45162319 1.18763    1.63170066 5.52504164 2.6497912  3.07200793
 0.80279266 1.07442683 3.24453585 4.61425252 0.83661333 6.00326987
 2.0748124  1.74627351 3.37411236 1.10991121 3.11065962 3.35768426
 1.74376809 5.10118634 1.13599889 3.18212245 0.40375453 5.34606066
 2.6508087  5.63564648 4.23330155 1.54639863 1.48270946 4.52217814]

Calculating energies for FreeWilson2D(N_x=2, N_y=2, mass=-0.160, r=1.000)
Return from COBYLA because the objective function has been evaluated MAXFUN times.
Number of function values = 20000   Least value of F = -7.679974734231926
The corresponding X is:
[1.56368932 5.55323421 4.01346797 1.46897271 1.79527948 5.84200296
 0.38091231 0.60452558 4.58720975 5.24077235 1.4582555  6.28116
 3.7697925  2.64970686 5.76217615 0.77387027 3.16206035 4.39568192
 1.91985499 3.14674942 4.57077783 0.72811812 5.95178097 5.99906792
 4.79487534 3.12538847 4.2581011  5.31268886 0.9589877  4.66067757
 3.37866366 1.24767893 1.65484926 5.36013672 2.65477429 3.08314171
 0.83847132 1.16183972 3.07043601 4.60916212 0.75440615 6.2806616
 1.58706684 1.6942325  3.44647608 0.99167072 3.11071647 3.25192957
 1.77346249 5.0549905  1.03913928 3.01952646 0.33845728 5.47415718
 2.61164377 5.53129093 4.23846    1.72665704 1.61515391 4.34501032]

Calculating energies for FreeWilson2D(N_x=2, N_y=2, mass=-0.080, r=1.000)
Return from COBYLA because the trust region radius reaches its lower bound.
Number of function values = 15744   Least value of F = -7.839976796126785
The corresponding X is:
[1.54542429 5.53101745 4.03801459 1.22171344 1.9132348  5.64183079
 0.44593201 0.7593037  4.53209394 4.93684186 1.51022104 6.56324332
 3.94404892 3.05096127 5.51603113 0.70929704 3.27424958 4.385963
 1.94261362 3.1658607  4.64413778 0.70134794 5.81365722 5.70919387
 4.8440242  3.18381645 4.41771171 5.19353074 0.64973758 4.76277048
 3.22398649 1.28652247 1.37827696 5.29890922 2.70419461 2.8907895
 0.94122717 1.09293397 3.52585388 4.56899311 0.55957495 6.04407392
 1.83237197 1.68649359 3.16261385 1.23324689 3.05894013 3.42894859
 1.92791733 5.06844019 1.13963809 2.68317363 0.27009899 5.46862195
 2.67208007 5.78772386 4.30132558 1.72120858 1.45965907 4.38525594]

Calculating energies for FreeWilson2D(N_x=2, N_y=2, mass=0.000, r=1.000)
Return from COBYLA because the objective function has been evaluated MAXFUN times.
Number of function values = 20000   Least value of F = -7.999961537808134
The corresponding X is:
[1.67468125 6.26875347 3.78585049 1.56627154 2.41586673 5.64672152
 0.78140702 0.79102752 4.92973404 4.86505044 0.92917514 6.57225305
 4.36646836 3.13475484 5.60512848 1.03242833 3.15450753 4.36630929
 2.32591207 3.12181697 3.85438807 0.77952745 5.72659784 5.87853177
 4.93075949 2.89532052 4.5297453  5.47748259 0.68218834 4.70097374
 3.34034555 1.64984797 0.81961405 5.46197751 2.39392882 3.08217717
 0.8455172  1.14670021 4.00832431 4.04027878 0.77145294 6.41447475
 1.89378295 1.0837633  3.00728502 1.0293579  3.25657846 3.21610022
 1.57013275 5.83254394 1.26698832 2.54855666 0.20163373 5.71041721
 2.58361826 5.65461306 4.23726824 1.62730636 1.38112563 4.30938613]

Calculating energies for FreeWilson2D(N_x=2, N_y=2, mass=0.080, r=1.000)
Return from COBYLA because the trust region radius reaches its lower bound.
Number of function values = 11388   Least value of F = -8.319998471725539
The corresponding X is:
[1.6637365  5.83766487 3.64136453 1.59189681 2.36534292 6.28150809
 0.86375362 0.92088276 5.06568815 5.13959981 0.89628699 6.38098951
 4.16160233 2.81736837 5.8202616  0.88955338 3.28499291 3.95645492
 2.1478898  3.06566194 3.14357332 0.84507873 6.00757066 6.01134064
 4.77339386 2.96857875 4.69431972 5.43326656 0.8698802  4.57306371
 3.48290156 1.34674233 0.81856635 5.37094708 2.33828856 3.13478668
 0.44744286 1.29854333 3.92573922 4.51692561 0.67134649 6.36253617
 1.87598817 1.17903888 3.01569655 0.86001132 3.28328315 3.24146696
 1.59788257 5.48807364 0.9329481  2.56374282 0.24701798 5.50537797
 3.18678032 5.86148609 4.3425837  1.83443155 1.82457329 4.33136042]

Calculating energies for FreeWilson2D(N_x=2, N_y=2, mass=0.160, r=1.000)
Return from COBYLA because the trust region radius reaches its lower bound.
Number of function values = 16037   Least value of F = -8.63999715453741
The corresponding X is:
[1.57710344 6.2821061  3.76834247 1.57217345 2.46113475 5.88132455
 0.72615255 0.73166021 4.93086286 4.81668579 0.91475944 6.41810445
 4.41082881 3.10243929 5.42940905 0.82767121 3.14271124 4.42377256
 2.35617819 3.13900016 3.66756979 0.68644434 5.79740218 6.05346544
 4.79951419 2.957322   4.35733499 5.30354671 0.59032415 4.76062719
 3.1463898  1.57542234 0.94299331 5.34024146 2.43453052 2.88892182
 1.05690619 1.21404877 4.09007235 4.0921491  0.81388259 6.30191976
 2.18779332 1.41285117 3.30397045 0.95898828 3.14846186 3.14332243
 1.59239432 5.82656514 1.17368092 2.50210607 0.079269   5.5486554
 2.84780222 5.669159   4.23044222 1.93454626 1.10738481 4.21184345]

Calculating energies for FreeWilson2D(N_x=2, N_y=2, mass=0.240, r=1.000)
Return from COBYLA because the objective function has been evaluated MAXFUN times.
Number of function values = 20000   Least value of F = -8.959966760800114
The corresponding X is:
[1.65588045 6.27370169 3.78790473 1.57505437 2.39310409 6.07203855
 0.66335729 0.78572658 4.97323384 5.13438578 0.65764531 6.38829951
 4.19557747 2.81446092 5.46668808 1.00770154 3.158497   4.26622359
 2.2372549  3.14688452 3.38194181 0.73053876 5.79513131 5.95242197
 5.03122296 2.92152296 4.38520434 5.30281168 0.69956211 4.69942497
 3.29116299 1.68421105 0.8604814  5.23527049 2.53873505 3.12391116
 0.90359659 1.21084778 4.09461678 4.11587081 0.81779897 6.39672945
 2.05360848 1.49281834 3.13149354 0.9862616  3.2780115  3.21579343
 1.54281072 5.9201525  1.21352868 2.53204209 0.10824872 5.31033391
 2.64593136 5.66597714 4.46777804 1.82003938 1.16110656 4.27783458]

Calculating energies for FreeWilson2D(N_x=2, N_y=2, mass=0.320, r=1.000)
Return from COBYLA because the trust region radius reaches its lower bound.
Number of function values = 4457   Least value of F = -9.27999963297399
The corresponding X is:
[1.57077591 5.9842376  2.92973924 1.65875354 2.17670745 6.28321944
 0.47692523 0.18861993 4.24542655 5.39884335 1.19904031 5.21742898
 2.60389623 2.98979794 6.67555931 0.75239437 3.12812535 5.05964146
 1.66462888 3.14157878 3.1414254  1.98583407 6.24755818 6.84112332
 5.01223521 2.86658637 4.04180198 4.43609469 1.24204176 5.24031365
 3.26906194 1.39002676 1.35985037 5.24643415 2.33334153 3.73372476
 0.86101307 0.98182353 3.23535726 3.65567373 1.00945093 5.94613605
 0.10568537 1.19157786 3.35168417 0.95598819 3.14156973 3.14205803
 1.40525882 5.51100884 0.30046401 2.47430362 1.58156964 4.25266485
 3.40528511 5.70812623 5.05262088 2.40979436 0.98338931 3.87062276]

Calculating energies for FreeWilson2D(N_x=2, N_y=2, mass=0.400, r=1.000)
Return from COBYLA because the trust region radius reaches its lower bound.
Number of function values = 4609   Least value of F = -9.599999848874113
The corresponding X is:
[1.57065081 5.67803373 2.96059805 1.66805204 2.14610634 6.28321646
 0.53493876 0.39412696 4.06844096 5.45069726 1.34395319 5.1962174
 2.63411544 3.36780305 6.9793461  0.59224357 3.15275881 5.4011583
 1.64816363 3.14152847 3.1415768  1.85243851 6.28736575 6.69237934
 5.01503887 2.85975022 4.0693555  4.47305887 1.19400505 4.95629306
 3.27446622 1.21701496 1.29153205 5.32931123 2.31243279 3.7511588
 0.54467249 0.92992471 3.18611318 3.68879138 1.01096175 5.86053608
 0.19420759 1.33879553 3.382183   1.09767774 3.14129699 3.14191495
 1.38613958 5.17736726 0.76025759 2.22983527 1.52931803 4.1256106
 2.63954253 5.14767623 5.25773797 1.41221326 1.3120887  4.26835865]

Calculating energies for FreeWilson2D(N_x=2, N_y=2, mass=0.480, r=1.000)
Return from COBYLA because the trust region radius reaches its lower bound.
Number of function values = 6367   Least value of F = -9.919999531692808
The corresponding X is:
[1.57054098 5.77211294 2.80272046 1.57103242 2.28879784 6.28324084
 0.47025102 0.07668309 4.5496381  5.78026386 1.41665585 5.28994218
 2.31905671 3.79823194 6.59338423 0.66330417 3.09795705 5.19064417
 1.57094071 3.14129218 3.14159346 1.57236554 6.22320109 6.75282098
 4.97672727 2.96537998 4.01586844 4.30224753 1.25084964 5.06604516
 3.27339073 1.20042747 1.5690408  5.33309173 2.41835613 3.71417716
 0.5739276  1.06013662 3.28174996 3.82618527 1.12726558 5.81728634
 0.29202187 1.22991373 3.37749004 0.86264331 3.14129432 3.14112698
 1.26774795 5.40799277 0.61649574 2.30167811 1.65429228 4.13640802
 2.72505276 5.23168757 5.37620638 1.56248551 1.18534745 3.48929469]

Calculating energies for FreeWilson2D(N_x=2, N_y=2, mass=0.560, r=1.000)
Return from COBYLA because the trust region radius reaches its lower bound.
Number of function values = 11899   Least value of F = -10.239998527370116
The corresponding X is:
[ 1.4372073   5.79787278  2.76435852  1.57104958  2.27692544  6.28325264
  0.54660203 -0.07179234  4.33180034  6.04919576  1.42710593  5.13708368
  2.32842131  3.76643913  6.5438629   0.57524348  3.08122995  5.23732193
  1.57098324  2.94837019  3.14155839  1.57173225  6.2709414   6.99259482
  4.99248157  2.99453153  3.80985086  4.27020193  1.15965028  5.12153435
  3.23284899  1.22942456  1.5695499   5.62717385  2.34463049  3.5521486
  0.64242797  0.93979759  3.20085368  3.60739079  0.99507324  5.90465861
  0.33244165  1.27057113  3.43612764  0.8735217   3.13927703  3.14108379
  1.23670707  5.31185276  0.84024559  2.18004744  1.70351926  4.1797084
  2.800675    5.27767537  5.24378751  1.31169306  1.09742     3.37895726]

Calculating energies for FreeWilson2D(N_x=2, N_y=2, mass=0.640, r=1.000)
Return from COBYLA because the trust region radius reaches its lower bound.
Number of function values = 5789   Least value of F = -10.559999647201685
The corresponding X is:
[1.57070046 5.72129942 2.81592714 1.57148204 2.29381605 6.28324257
 0.48797822 0.0854458  4.42784393 5.517861   1.17321221 5.42208465
 2.59844954 3.91134791 6.57919178 0.70965824 3.14621915 5.29149687
 1.57131448 3.14148253 3.14157095 1.57173022 6.38436322 6.87652074
 5.00809179 3.0778382  3.98974277 4.56172107 1.32775555 5.12573925
 3.35090808 1.17770248 1.56950866 5.4314146  2.41302605 3.59519387
 0.59224713 1.02414229 3.18474627 3.84645325 1.11983365 5.79756314
 0.32142685 1.19061738 3.40744668 0.8303867  3.14144796 3.1407743
 1.19650876 5.38857801 0.81227572 2.21915467 1.51669118 4.12824121
 2.83437197 5.27228158 5.30229329 1.46638738 1.29810861 3.61799164]

Calculating energies for FreeWilson2D(N_x=2, N_y=2, mass=0.720, r=1.000)
Return from COBYLA because the trust region radius reaches its lower bound.
Number of function values = 10240   Least value of F = -10.879998805730374
The corresponding X is:
[1.57077267 5.57001991 2.98773028 1.57173677 2.58526334 6.28333087
 0.48406573 0.15314697 4.95808856 5.47462843 1.90151833 5.27025019
 2.49376431 3.9292325  6.79720913 0.64358478 3.54368744 5.23452912
 1.57157795 3.14155372 3.14149196 1.5751881  6.12298741 6.70355708
 5.27141037 2.93179697 4.07558707 4.39006422 1.36544756 5.04606454
 3.17218575 1.27646811 1.56738353 5.49974389 2.38897762 3.90189177
 0.83060491 1.01187818 3.28249986 3.70153266 0.95480928 5.8984952
 0.34621802 1.40281446 3.40963242 0.98907959 3.14141922 3.14093732
 1.27563557 5.42107892 0.82473226 2.24520106 1.76719936 3.98534377
 2.58851986 5.1810411  5.29789837 1.63622943 1.26628246 3.88074436]

Calculating energies for FreeWilson2D(N_x=2, N_y=2, mass=0.800, r=1.000)
Return from COBYLA because the trust region radius reaches its lower bound.
Number of function values = 8113   Least value of F = -11.199999287253808
The corresponding X is:
[1.5707485  5.61019968 3.06818012 1.56942431 1.92425171 6.28306941
 0.75321232 0.90774252 4.409875   5.19001574 0.69028575 6.24652599
 3.25356495 3.08794486 5.8012232  0.39355467 3.19422922 4.29290752
 1.51672021 3.14155241 3.14170709 0.79021684 5.62955629 5.77371893
 4.38751307 2.78192183 5.85245381 5.82996752 1.57409051 4.31713259
 3.12048901 1.30810379 1.30654995 5.26282224 1.95543531 2.32333264
 0.96824344 0.96964448 4.76112854 4.07200562 1.57100971 6.8906386
 0.29675758 2.68163834 3.06094655 2.32745648 3.14137645 3.14190226
 1.05556053 5.17824964 0.6849695  2.70147154 0.51114136 4.23686276
 1.85356026 6.66506984 3.68267841 1.47719947 2.23874396 4.22836988]

Calculating energies for FreeWilson2D(N_x=2, N_y=2, mass=0.880, r=1.000)
Return from COBYLA because the trust region radius reaches its lower bound.
Number of function values = 4158   Least value of F = -11.519999778034576
The corresponding X is:
[1.57083399 5.49268469 2.94481104 1.59197276 2.00127111 6.28312257
 0.59008935 0.8191525  4.41783054 5.19344716 0.58462435 6.18296089
 3.0984722  3.12954481 5.66726931 0.8379919  3.11437786 4.09947132
 1.46353974 3.14160191 3.14166813 0.78106986 5.60572607 5.81729935
 4.55170166 2.82508114 5.74423364 5.70559915 1.38473647 4.4088761
 3.17268501 1.16828874 1.24781242 5.21733435 1.98059267 2.28112716
 0.92339464 0.95703023 4.69350405 4.07583626 1.53217702 6.86885938
 0.41726635 2.67829463 3.1460792  2.22945678 3.14161196 3.141734
 0.97659795 5.48450653 0.80796967 2.67880703 0.51297413 4.10478488
 1.82422119 6.74992795 3.78079204 1.31851388 2.23307778 4.34193019]

Calculating energies for FreeWilson2D(N_x=2, N_y=2, mass=0.960, r=1.000)
Return from COBYLA because the trust region radius reaches its lower bound.
Number of function values = 4848   Least value of F = -11.839999335707091
The corresponding X is:
[1.57258842 6.44088233 2.879557   1.43361984 0.59375475 6.28319988
 0.03922004 1.39560141 2.98065979 5.31955883 1.22145255 6.64428488
 3.46583786 2.95625366 5.61435101 0.90087895 3.25682551 4.4671442
 1.82975438 3.1394821  3.14397135 0.49023185 5.54987714 5.46488502
 5.30878013 4.05437195 6.03455885 5.51735243 1.5608175  5.14072618
 3.41592199 1.45421589 1.58759921 5.81041288 2.71664553 3.14117038
 1.56529523 0.78668415 4.0100861  4.01954045 1.61046393 6.26378732
 0.46263861 1.75483717 3.22463161 0.69699954 3.13680714 2.87778777
 1.58526432 5.85814632 0.57939968 2.35238758 0.41731995 3.96001447
 2.73196781 5.69851844 4.29540915 1.97452287 2.1745356  4.68138952]

Calculating energies for FreeWilson2D(N_x=2, N_y=2, mass=1.040, r=1.000)
Return from COBYLA because the trust region radius reaches its lower bound.
Number of function values = 19579   Least value of F = -12.159980367255047
The corresponding X is:
[1.5709646  6.28317575 2.90087923 1.60919127 0.43362642 6.28258138
 0.34947153 1.65323445 2.81074044 5.47301064 1.03243803 6.37904849
 3.22392423 3.04576295 5.36047731 0.80842627 3.14189272 4.48250123
 1.9745821  3.14144614 3.29007094 0.46904327 5.34155312 5.3644906
 5.49260248 3.9563425  5.98903642 5.43463636 1.54743542 5.02156668
 3.33505375 1.57034552 1.56836729 5.78129971 2.7814268  3.14149181
 1.56396871 0.96765224 4.08451689 4.08523061 1.67956668 6.22858467
 0.57273349 1.7369823  3.55990364 0.64654629 3.14116541 2.81029169
 1.55610446 5.99141882 0.69010963 2.39878449 0.1093642  3.84384747
 2.6237717  5.62280833 4.00581505 1.95483639 2.09681523 4.23178914]

Calculating energies for FreeWilson2D(N_x=2, N_y=2, mass=1.120, r=1.000)
Return from COBYLA because the objective function has been evaluated MAXFUN times.
Number of function values = 20000   Least value of F = -12.479967197760134
The corresponding X is:
[ 1.43052107  6.28315539  2.9580399   1.62475932  0.54036792  6.27777194
  0.07641094  2.15813902  3.02871014  5.22007232  1.25731208  6.50539079
  3.32555449  2.91285246  5.46895938  0.87725677  3.1414016   4.52546176
  1.65330774  3.24244167  3.72464943  1.13878631  5.4188871   5.6495691
  5.4700482   4.17885321  6.13256643  4.97258678  1.57331049  4.78282378
  3.40929973  1.57121037  1.57086955  5.52103582  2.33989465  3.1387036
  1.55453906  0.73462389  3.82245839  3.82274093  1.38310739  5.66792194
  0.21219709  2.34272736  3.36696852  0.70418379  3.14256862  3.07037377
  1.5598554   5.61617959 -0.13670378  2.33911639  0.66426599  4.03597428
  2.54134063  5.23989178  4.73642789  2.33160377  1.82290673  4.1061095 ]

Calculating energies for FreeWilson2D(N_x=2, N_y=2, mass=1.200, r=1.000)
Return from COBYLA because the trust region radius reaches its lower bound.
Number of function values = 12704   Least value of F = -12.799982803840235
The corresponding X is:
[1.57105674 6.283137   3.18171636 1.57699631 0.66540018 6.28121826
 0.46102523 1.82067012 3.21616533 5.41113783 1.24220556 6.55700059
 3.58115305 3.13535927 5.38587962 0.79770898 3.14167696 4.74728357
 1.8238739  3.14129417 3.54559971 0.88331879 5.55545666 5.49063001
 5.30371894 4.15238326 5.97414993 5.01359829 1.76226514 4.53636177
 3.40477227 1.57061816 1.56953417 5.35026126 2.37967492 3.14144919
 1.55439379 0.67708266 3.8918643  3.89224009 1.67718885 5.92516676
 0.07537117 2.24965052 3.38168926 0.68650917 3.14143041 2.93811244
 1.56446727 5.64730516 0.07916354 2.66978159 0.39770467 4.2907667
 2.84330911 5.28078057 4.7193855  2.50279904 2.00415161 4.03439242]

Calculating energies for FreeWilson2D(N_x=2, N_y=2, mass=1.280, r=1.000)
Return from COBYLA because the trust region radius reaches its lower bound.
Number of function values = 9064   Least value of F = -13.119998353383838
The corresponding X is:
[1.58254168 6.62420808 3.17547944 1.78257239 1.13285721 6.28306068
 0.84240203 2.26592769 2.96930378 4.90530767 1.15108525 6.64660058
 3.40600444 2.9885031  5.49245711 0.78168675 3.21899876 4.61047075
 1.83115684 3.14461798 3.14166121 0.60285645 5.51047463 5.69050906
 5.72798609 3.81689585 5.78780392 4.81142255 1.47132266 4.7978721
 3.50142325 1.49449838 1.44871187 5.4369356  2.38005321 3.13544465
 1.29489357 1.01066018 3.68389025 4.03737208 1.3943056  6.09672885
 0.31881454 2.39662453 3.4813779  0.7236441  3.1844945  3.05050128
 1.33454563 5.36215508 0.23913998 2.5816056  0.62330516 4.28696891
 2.61564785 6.03916345 5.08407279 2.49553684 1.77485857 4.07046609]

Calculating energies for FreeWilson2D(N_x=2, N_y=2, mass=1.360, r=1.000)
Return from COBYLA because the trust region radius reaches its lower bound.
Number of function values = 15684   Least value of F = -13.439994854730996
The corresponding X is:
[ 1.57076256  6.73554115  2.95115852  1.83037004  1.01903289  6.28325939
  0.18298742  1.76777336  3.20860969  5.76961615  1.18323247  6.124578
  2.96257276  3.82389767  5.90565164  0.76520927  3.24052222  4.5221301
  1.51219226  3.1416919   3.14152755  0.11512773  5.14513961  5.45995172
  5.3061563   3.97049051  5.89678701  5.06310829  1.56833703  4.82490073
  3.3391927   1.3159975   1.57430788  5.51776047  2.54881456  3.72535465
  1.48196337  1.1956626   3.85641634  4.11610823  1.68657243  6.00160519
 -0.21841534  2.47068563  3.43278737  0.84485153  3.14163334  3.13964777
  1.40298036  5.45749606  0.61489336  2.20100401  0.97329958  3.96971729
  2.19372662  5.69611125  4.97621587  2.0374435   2.23905726  4.53358029]

Calculating energies for FreeWilson2D(N_x=2, N_y=2, mass=1.440, r=1.000)
Return from COBYLA because the trust region radius reaches its lower bound.
Number of function values = 13076   Least value of F = -13.759991915548026
The corresponding X is:
[1.57095181 6.70682438 2.72068817 1.57013626 0.57526791 6.28306112
 1.0849749  1.19675272 3.29820405 5.09361937 1.23963884 6.58141785
 3.16487907 3.11499771 5.3467056  1.15949243 3.42200896 4.63918373
 1.57747763 3.14160198 3.14216793 1.59102277 4.75970408 5.56838649
 4.7075641  3.07785236 4.8310774  4.52591375 1.54576844 5.99229016
 3.66089937 1.34672581 1.56884498 5.23361133 2.39626651 3.50302476
 1.11760942 1.179218   3.49495959 3.96965189 1.19759906 7.01252941
 0.27978671 3.04653465 3.97099329 0.9726055  3.14187126 3.14487876
 1.27183258 5.63177751 0.40804965 2.41977403 0.20785886 4.04147156
 3.21285828 7.19546224 5.40654246 2.04059522 1.25310078 5.22274475]

Calculating energies for FreeWilson2D(N_x=2, N_y=2, mass=1.520, r=1.000)
Return from COBYLA because the trust region radius reaches its lower bound.
Number of function values = 8848   Least value of F = -14.07997744797348
The corresponding X is:
[1.57104606 6.67693192 2.74566348 1.57137655 0.57464525 6.28312063
 1.1100108  1.25111949 3.36337684 5.14715229 1.27325445 6.48357348
 3.25612766 3.12795922 5.38982121 1.08431139 3.39246801 4.70921788
 1.59456785 3.14164236 3.14236485 1.64060377 4.79149045 5.51015294
 4.74940799 3.10991473 4.74488005 4.57706627 1.54016638 5.90526444
 3.59804467 1.35604193 1.56054315 5.20507349 2.40063826 3.43608161
 1.10238832 1.19823731 3.51548897 3.96538596 1.23245358 7.02906677
 0.35472423 3.07034624 4.04366885 0.9276106  3.14212737 3.14860267
 1.34467928 5.63583127 0.43704687 2.43210431 0.22457716 4.14149111
 3.24509246 7.21640756 5.274838   2.04337283 1.20717705 5.2645489 ]

Calculating energies for FreeWilson2D(N_x=2, N_y=2, mass=1.600, r=1.000)
Return from COBYLA because the objective function has been evaluated MAXFUN times.
Number of function values = 20000   Least value of F = -14.399966085644733
The corresponding X is:
[1.57125918 6.47924318 2.85191746 1.58901704 0.37337701 6.28316803
 0.55904616 1.2094657  3.51502506 5.10450624 1.47377539 6.40663993
 3.23904414 2.97753119 5.93002552 1.00305282 3.29979395 4.54877759
 1.61290265 3.14158148 3.14322696 1.75544294 5.48518596 5.86367513
 4.86222771 3.2363606  5.0198189  4.43982739 1.8776805  6.00015048
 3.44835044 1.48636485 1.56234886 5.33732974 2.3597019  3.57594397
 1.44607358 1.01165895 3.71381259 3.89884725 1.1789859  6.92431077
 0.31955179 2.09679355 3.65649994 0.8916867  3.14222155 3.14740526
 1.55003691 5.71010568 0.13956504 2.3923653  0.26201654 4.16460386
 3.03061356 6.74973499 5.15897701 2.0272922  1.34678664 5.18817818]

Calculating energies for FreeWilson2D(N_x=2, N_y=2, mass=1.680, r=1.000)
Return from COBYLA because the trust region radius reaches its lower bound.
Number of function values = 6000   Least value of F = -14.719999124052048
The corresponding X is:
[1.57191384 6.59847895 2.80040403 1.57098954 0.51603061 6.2831493
 1.25226512 0.99925748 2.44819889 5.18084714 2.23124966 6.27343558
 3.2119449  2.63541028 5.74531503 0.70735227 3.43915231 4.75789644
 1.57114679 3.14162741 3.14174902 1.57294585 5.2494091  5.78539935
 4.90351171 2.86753719 5.10264448 4.6940985  1.89851884 5.74168292
 3.33353057 1.62751565 1.57064031 5.13931537 2.19299839 3.4819994
 1.36131139 1.36010538 3.91634517 3.88686398 0.84480155 7.33822609
 0.24137698 2.53080918 3.50924557 0.94778591 3.14280855 3.1421151
 1.5793389  5.39565563 0.97095986 2.38079703 0.76232689 4.31062537
 2.86266729 6.61310489 5.09397934 2.31324324 2.18835943 5.44293942]

Calculating energies for FreeWilson2D(N_x=2, N_y=2, mass=1.760, r=1.000)
Return from COBYLA because the trust region radius reaches its lower bound.
Number of function values = 5160   Least value of F = -15.03999919234294
The corresponding X is:
[1.57100267 6.60817702 2.828715   1.57086469 0.62221816 6.28314498
 1.3424213  1.10760387 2.60455004 5.26693933 2.20801427 6.44919055
 3.20565245 2.69127192 5.89837472 0.87861743 3.41565361 4.79116168
 1.57084786 3.14156375 3.1416374  1.56840598 5.27013723 5.72668934
 4.7618444  2.84570729 5.04306521 4.73938988 1.87672628 5.84020397
 3.43418042 1.59328799 1.5711373  5.26012257 2.27296658 3.48716767
 1.35563143 1.32468865 3.98047002 3.99224091 0.72977292 7.34641814
 0.23658424 2.74882305 3.49319837 0.98576361 3.14179724 3.14044816
 1.53579226 5.46125726 1.02274972 2.28285929 0.56486658 4.30650975
 2.89649351 6.77868748 5.02397973 2.38386012 2.27894835 5.57493399]

Calculating energies for FreeWilson2D(N_x=2, N_y=2, mass=1.840, r=1.000)
Return from COBYLA because the trust region radius reaches its lower bound.
Number of function values = 8111   Least value of F = -15.359998127447184
The corresponding X is:
[1.573867   6.73236525 2.7830585  1.57078382 0.64295091 6.28315524
 1.46949455 0.99607018 2.69318684 5.33154635 2.21200836 6.44776977
 3.16941625 2.68360288 5.74281417 0.88676678 3.51291315 4.89288251
 1.57077373 3.1410473  3.14154667 1.57180055 5.21891535 5.77256054
 4.78821707 2.86415137 5.09868224 4.7704305  1.97935258 5.90463075
 3.49932163 1.58059352 1.57063733 5.31089937 2.29065146 3.35888446
 1.29510684 1.40474855 3.89871352 3.96355517 0.59841381 7.41922744
 0.24844025 2.68511013 3.49623612 1.00656717 3.14533766 3.14224364
 1.51484533 5.3930311  1.0532201  2.16936439 0.62452989 4.4180462
 2.90687926 6.67061256 5.16222566 2.23425758 2.24059433 5.4779313 ]

Calculating energies for FreeWilson2D(N_x=2, N_y=2, mass=1.920, r=1.000)
Return from COBYLA because the trust region radius reaches its lower bound.
Number of function values = 4333   Least value of F = -15.679999226228825
The corresponding X is:
[1.57109823 6.60638611 2.75517555 1.5708956  0.71935847 6.283197
 1.3539153  1.04195227 2.52397598 5.10778515 2.21213831 6.58609883
 3.2830064  2.90841269 5.59348303 0.86145041 3.40060273 4.72464884
 1.5712475  3.14150628 3.14152637 1.57266684 5.0206848  5.54316654
 4.76006137 2.88150698 5.17153139 4.57968071 1.86612954 5.54253394
 3.5968143  1.6316207  1.57063214 5.28016617 2.11239122 3.68666354
 1.46049668 1.33316135 4.03261748 3.77889273 0.66579192 7.18291879
 0.24280916 2.74118348 3.38365197 1.001124   3.14196581 3.14204025
 1.57677547 5.27100738 1.10473635 2.19219476 0.61520828 4.29155419
 2.94181095 6.92286783 4.86234282 2.27768674 2.29142404 5.41263911]

Calculating energies for FreeWilson2D(N_x=2, N_y=2, mass=2.000, r=1.000)
Return from COBYLA because the trust region radius reaches its lower bound.
Number of function values = 8106   Least value of F = -15.999997457743214
The corresponding X is:
[1.57402742 6.74439331 2.63523032 1.57091249 0.77898348 6.28310053
 1.46395825 0.94059746 2.45868828 5.20297482 2.01964779 6.53427948
 3.28030152 2.96276161 5.62017254 0.77290677 3.47642509 4.84965821
 1.57115638 3.14130039 3.1416579  1.56989869 5.14829771 5.56990137
 4.78511257 2.83460511 5.14573715 4.60965917 1.9621913  5.80116412
 3.60040102 1.55835853 1.57088001 5.21003825 2.10393755 3.36306301
 1.32326496 1.32660436 3.96501902 3.78998232 0.61219979 7.37675124
 0.06196546 2.69349426 3.44600954 1.07843137 3.14809867 3.14012622
 1.48928921 5.11333698 1.11433458 2.13908167 0.72702571 4.40498897
 2.94282787 6.89195589 5.14679088 2.34467255 2.25104072 5.35521766]

-----Beginning pprint-----
/:
	Attributes:
		ProcessId: 23147805
	2025-09-06_15-50-13:
		Attributes:
			HamiltonianType: ZeroChargePenalty
			Last-Modified: 2025-09-06_15-50-13
			ProcessId: 23147805
			SimulatorType: Statevector
			SolverName: VQE
			SystemName: FreeWilson2D
			n_x: 2
			n_y: 2
			r: 1.0
		Circuit:
			Attributes:
				Ansatz: XXPlusYYRZAnsatz1
				NumParameters: 60
			AnsatzOptions:
				Attributes:
					num_layers: 4
					num_qubits: 8
		CircuitParameters: <HDF5 dataset "CircuitParameters": shape (101, 20000, 60), type "<f8">
			Attributes:
				DIMENSION_LABELS: ['mass' 'IterationAxis' 'CircuitParameterAxis']
				NDataDims: 2
		Data:
			Attributes:
			evs:
				Attributes:
				Hamiltonian: <HDF5 dataset "Hamiltonian": shape (101, 20000), type "<f8">
					Attributes:
						DIMENSION_LABELS: ['mass' 'IterationAxis']
						NDataDims: 1
			stds:
				Attributes:
				Hamiltonian: <HDF5 dataset "Hamiltonian": shape (101, 20000), type "<f8">
					Attributes:
						DIMENSION_LABELS: ['mass' 'IterationAxis']
						NDataDims: 1
		EstimatorOptions:
			Attributes:
				_VERSION: 2
				default_precision: Unset
				default_shots: Unset
				experimental: Unset
				max_execution_time: Unset
				resilience_level: Unset
				seed_estimator: 23147805
			dynamical_decoupling:
				Attributes:
					enable: Unset
					extra_slack_distribution: Unset
					scheduling_method: Unset
					sequence_type: Unset
					skip_reset_qubits: Unset
			environment:
				Attributes:
					callback: None
					job_tags: None
					log_level: WARNING
					private: False
			execution:
				Attributes:
					init_qubits: Unset
					rep_delay: Unset
			resilience:
				Attributes:
					layer_noise_model: Unset
					measure_mitigation: Unset
					pec_mitigation: Unset
					zne_mitigation: Unset
				layer_noise_learning:
					Attributes:
						layer_pair_depths: Unset
						max_layers_to_learn: Unset
						num_randomizations: Unset
						shots_per_randomization: Unset
				measure_noise_learning:
					Attributes:
						num_randomizations: Unset
						shots_per_randomization: Unset
				pec:
					Attributes:
						max_overhead: Unset
						noise_gain: Unset
				zne:
					Attributes:
						amplifier: Unset
						extrapolated_noise_factors: Unset
						extrapolator: Unset
						noise_factors: Unset
			simulator:
				Attributes:
					basis_gates: Unset
					coupling_map: Unset
					noise_model: Unset
					seed_simulator: 42
			twirling:
				Attributes:
					enable_gates: Unset
					enable_measure: Unset
					num_randomizations: Unset
					shots_per_randomization: Unset
					strategy: Unset
		MetaData:
			Attributes:
			circuit_metadata: <HDF5 dataset "circuit_metadata": shape (101, 20000), type "|O">
				Attributes:
					DIMENSION_LABELS: ['mass' 'IterationAxis']
					NDataDims: 1
			target_precision: <HDF5 dataset "target_precision": shape (101, 20000), type "<f8">
				Attributes:
					DIMENSION_LABELS: ['mass' 'IterationAxis']
					NDataDims: 1
			version: <HDF5 dataset "version": shape (101, 20000), type "<i8">
				Attributes:
					DIMENSION_LABELS: ['mass' 'IterationAxis']
					NDataDims: 1
		NIterations: <HDF5 dataset "NIterations": shape (101,), type "<i8">
			Attributes:
				DIMENSION_LABELS: ['mass']
				NDataDims: 0
		OptimizerOptions:
			Attributes:
				bounds: None
				callback: None
				constraints: []
				method: cobyla
				tol: None
				x0Seed: 23147805
			options:
				Attributes:
					disp: 1
					maxiter: 20000
		PresetPassManagerOptions:
			Attributes:
				approximation_degree: 1.0
				optimization_level: 3
				seed_transpiler: 42
		SimulatorOptions:
			Attributes:
		VersionInfo:
			Attributes:
				QiskitAerVersion: 0.17.1
				QiskitIBMRuntimeVersion: 0.41.1
				QiskitVersion: 2.1.2
		mass: <HDF5 dataset "mass": shape (101,), type "<f8">
			Attributes:
-----Ending pprint-----
End 2025-09-06 20:02:58 | 23147805 MyPyJob | node001 | /home/s6nidich_hpc/PycharmProjects/QC-MasterThesis 

