Start 2025-11-21 16:57:28 | 23972382 MyPyJob | lmnode193 | /home/s6nidich_hpc/PycharmProjects/QC-MasterThesis 

Used python interpreter:
/home/s6nidich_hpc/PycharmProjects/QC-MasterThesis/.venv_intel_3_12_3/bin/python
Python version:
Python 3.12.3

Currently Loaded Modules:
  1) GCCcore/13.3.0                   7) Tcl/8.6.14-GCCcore-13.3.0
  2) zlib/1.3.1-GCCcore-13.3.0        8) SQLite/3.45.3-GCCcore-13.3.0
  3) binutils/2.42-GCCcore-13.3.0     9) XZ/5.4.5-GCCcore-13.3.0
  4) bzip2/1.0.8-GCCcore-13.3.0      10) libffi/3.4.5-GCCcore-13.3.0
  5) ncurses/6.5-GCCcore-13.3.0      11) OpenSSL/3
  6) libreadline/8.2-GCCcore-13.3.0  12) Python/3.12.3-GCCcore-13.3.0

 

Start of Program:

-----Beginning pprint-----
/:
	Attributes:
-----Ending pprint-----
Calculating energies for FreeWilson2D(N_x=2, N_y=2, mass=-6.000, r=1.000)
Calculating energies for FreeWilson2D(N_x=2, N_y=2, mass=-5.837, r=1.000)
Calculating energies for FreeWilson2D(N_x=2, N_y=2, mass=-5.673, r=1.000)
Calculating energies for FreeWilson2D(N_x=2, N_y=2, mass=-5.510, r=1.000)
Calculating energies for FreeWilson2D(N_x=2, N_y=2, mass=-5.347, r=1.000)
Calculating energies for FreeWilson2D(N_x=2, N_y=2, mass=-5.184, r=1.000)
Calculating energies for FreeWilson2D(N_x=2, N_y=2, mass=-5.020, r=1.000)
Calculating energies for FreeWilson2D(N_x=2, N_y=2, mass=-4.857, r=1.000)
Calculating energies for FreeWilson2D(N_x=2, N_y=2, mass=-4.694, r=1.000)
Calculating energies for FreeWilson2D(N_x=2, N_y=2, mass=-4.531, r=1.000)
Calculating energies for FreeWilson2D(N_x=2, N_y=2, mass=-4.367, r=1.000)
Calculating energies for FreeWilson2D(N_x=2, N_y=2, mass=-4.204, r=1.000)
Calculating energies for FreeWilson2D(N_x=2, N_y=2, mass=-4.041, r=1.000)
Calculating energies for FreeWilson2D(N_x=2, N_y=2, mass=-3.878, r=1.000)
Calculating energies for FreeWilson2D(N_x=2, N_y=2, mass=-3.714, r=1.000)
Calculating energies for FreeWilson2D(N_x=2, N_y=2, mass=-3.551, r=1.000)
Calculating energies for FreeWilson2D(N_x=2, N_y=2, mass=-3.388, r=1.000)
Calculating energies for FreeWilson2D(N_x=2, N_y=2, mass=-3.224, r=1.000)
Calculating energies for FreeWilson2D(N_x=2, N_y=2, mass=-3.061, r=1.000)
Calculating energies for FreeWilson2D(N_x=2, N_y=2, mass=-2.898, r=1.000)
Calculating energies for FreeWilson2D(N_x=2, N_y=2, mass=-2.735, r=1.000)
Calculating energies for FreeWilson2D(N_x=2, N_y=2, mass=-2.571, r=1.000)
Calculating energies for FreeWilson2D(N_x=2, N_y=2, mass=-2.408, r=1.000)
Calculating energies for FreeWilson2D(N_x=2, N_y=2, mass=-2.245, r=1.000)
Calculating energies for FreeWilson2D(N_x=2, N_y=2, mass=-2.082, r=1.000)
Calculating energies for FreeWilson2D(N_x=2, N_y=2, mass=-1.918, r=1.000)
Calculating energies for FreeWilson2D(N_x=2, N_y=2, mass=-1.755, r=1.000)
Calculating energies for FreeWilson2D(N_x=2, N_y=2, mass=-1.592, r=1.000)
Calculating energies for FreeWilson2D(N_x=2, N_y=2, mass=-1.429, r=1.000)
Calculating energies for FreeWilson2D(N_x=2, N_y=2, mass=-1.265, r=1.000)
Calculating energies for FreeWilson2D(N_x=2, N_y=2, mass=-1.102, r=1.000)
Calculating energies for FreeWilson2D(N_x=2, N_y=2, mass=-0.939, r=1.000)
Calculating energies for FreeWilson2D(N_x=2, N_y=2, mass=-0.776, r=1.000)
Calculating energies for FreeWilson2D(N_x=2, N_y=2, mass=-0.612, r=1.000)
Calculating energies for FreeWilson2D(N_x=2, N_y=2, mass=-0.449, r=1.000)
Calculating energies for FreeWilson2D(N_x=2, N_y=2, mass=-0.286, r=1.000)
Calculating energies for FreeWilson2D(N_x=2, N_y=2, mass=-0.122, r=1.000)
Calculating energies for FreeWilson2D(N_x=2, N_y=2, mass=0.041, r=1.000)
Calculating energies for FreeWilson2D(N_x=2, N_y=2, mass=0.204, r=1.000)
Calculating energies for FreeWilson2D(N_x=2, N_y=2, mass=0.367, r=1.000)
Calculating energies for FreeWilson2D(N_x=2, N_y=2, mass=0.531, r=1.000)
Calculating energies for FreeWilson2D(N_x=2, N_y=2, mass=0.694, r=1.000)
Calculating energies for FreeWilson2D(N_x=2, N_y=2, mass=0.857, r=1.000)
Calculating energies for FreeWilson2D(N_x=2, N_y=2, mass=1.020, r=1.000)
Calculating energies for FreeWilson2D(N_x=2, N_y=2, mass=1.184, r=1.000)
Calculating energies for FreeWilson2D(N_x=2, N_y=2, mass=1.347, r=1.000)
Calculating energies for FreeWilson2D(N_x=2, N_y=2, mass=1.510, r=1.000)
Calculating energies for FreeWilson2D(N_x=2, N_y=2, mass=1.673, r=1.000)
Calculating energies for FreeWilson2D(N_x=2, N_y=2, mass=1.837, r=1.000)
Calculating energies for FreeWilson2D(N_x=2, N_y=2, mass=2.000, r=1.000)
-----Beginning pprint-----
/:
	Attributes:
		ProcessId: 23972382
	2025-11-20_18-55-43-23964375-rerun-23972382:
		Attributes:
		2025-11-21_16-57-29-23972382:
			Attributes:
				HamiltonianType: ZeroChargePenalty
				Last-Modified: 2025-11-21_16-57-29
				ProcessId: 23972382
				SimulatorType: Statevector
				SolverName: VQE
				SystemName: FreeWilson2D
				mass: -6.0
				n_x: 2
				n_y: 2
				r: 1.0
			Circuit:
				Attributes:
					Ansatz: HardwareAdaptAnsatz14
				AnsatzOptions:
					Attributes:
						num_qubits: 8
			CircuitParameters: Dataset (dtype=float64, shape=(24330, 50), maxshape=(None, None))
				Attributes:
					DIMENSION_LABELS: ['IterationAxis' 'CircuitParameterAxis']
					NDataDims: 2
			Data:
				Attributes:
				evs:
					Attributes:
					Hamiltonian: Dataset (dtype=float64, shape=(24330,), maxshape=(None,))
						Attributes:
							DIMENSION_LABELS: ['IterationAxis']
							NDataDims: 1
				stds:
					Attributes:
					Hamiltonian: Dataset (dtype=float64, shape=(24330,), maxshape=(None,))
						Attributes:
							DIMENSION_LABELS: ['IterationAxis']
							NDataDims: 1
			EstimatorOptions:
				Attributes:
					_VERSION: 2
					default_precision: Unset
					default_shots: Unset
					experimental: Unset
					max_execution_time: Unset
					resilience_level: Unset
					seed_estimator: 23972382
				dynamical_decoupling:
					Attributes:
						enable: Unset
						extra_slack_distribution: Unset
						scheduling_method: Unset
						sequence_type: Unset
						skip_reset_qubits: Unset
				environment:
					Attributes:
						callback: None
						job_tags: None
						log_level: WARNING
						private: False
				execution:
					Attributes:
						init_qubits: Unset
						rep_delay: Unset
				resilience:
					Attributes:
						layer_noise_model: Unset
						measure_mitigation: Unset
						pec_mitigation: Unset
						zne_mitigation: Unset
					layer_noise_learning:
						Attributes:
							layer_pair_depths: Unset
							max_layers_to_learn: Unset
							num_randomizations: Unset
							shots_per_randomization: Unset
					measure_noise_learning:
						Attributes:
							num_randomizations: Unset
							shots_per_randomization: Unset
					pec:
						Attributes:
							max_overhead: Unset
							noise_gain: Unset
					zne:
						Attributes:
							amplifier: Unset
							extrapolated_noise_factors: Unset
							extrapolator: Unset
							noise_factors: Unset
				simulator:
					Attributes:
						basis_gates: Unset
						coupling_map: Unset
						noise_model: Unset
						seed_simulator: Unset
				twirling:
					Attributes:
						enable_gates: Unset
						enable_measure: Unset
						num_randomizations: Unset
						shots_per_randomization: Unset
						strategy: Unset
			MetaData:
				Attributes:
				circuit_metadata: Dataset (dtype=object, shape=(24330,), maxshape=(None,))
					Attributes:
						DIMENSION_LABELS: ['IterationAxis']
						NDataDims: 1
				target_precision: Dataset (dtype=float64, shape=(24330,), maxshape=(None,))
					Attributes:
						DIMENSION_LABELS: ['IterationAxis']
						NDataDims: 1
				version: Dataset (dtype=int64, shape=(24330,), maxshape=(None,))
					Attributes:
						DIMENSION_LABELS: ['IterationAxis']
						NDataDims: 1
			NIterations: Dataset (dtype=int64, shape=(), maxshape=())
				Attributes:
					NDataDims: 0
			OptimizerOptions:
				Attributes:
					bounds: None
					callback: None
					constraints: []
					method: slsqp
					tol: None
					x0Seed: 23972382
				options:
					Attributes:
						disp: 0
						maxiter: 20000
			PresetPassManagerOptions:
				Attributes:
			SimulatorOptions:
				Attributes:
			VersionInfo:
				Attributes:
					QiskitAerVersion: 0.17.1
					QiskitIBMRuntimeVersion: 0.41.1
					QiskitVersion: 2.1.2
		2025-11-21_17-06-08-23972382:
			Attributes:
				HamiltonianType: ZeroChargePenalty
				Last-Modified: 2025-11-21_17-06-08
				ProcessId: 23972382
				SimulatorType: Statevector
				SolverName: VQE
				SystemName: FreeWilson2D
				mass: -5.836734693877551
				n_x: 2
				n_y: 2
				r: 1.0
			Circuit:
				Attributes:
					Ansatz: HardwareAdaptAnsatz14
				AnsatzOptions:
					Attributes:
						num_qubits: 8
			CircuitParameters: Dataset (dtype=float64, shape=(3350, 50), maxshape=(None, None))
				Attributes:
					DIMENSION_LABELS: ['IterationAxis' 'CircuitParameterAxis']
					NDataDims: 2
			Data:
				Attributes:
				evs:
					Attributes:
					Hamiltonian: Dataset (dtype=float64, shape=(3350,), maxshape=(None,))
						Attributes:
							DIMENSION_LABELS: ['IterationAxis']
							NDataDims: 1
				stds:
					Attributes:
					Hamiltonian: Dataset (dtype=float64, shape=(3350,), maxshape=(None,))
						Attributes:
							DIMENSION_LABELS: ['IterationAxis']
							NDataDims: 1
			EstimatorOptions:
				Attributes:
					_VERSION: 2
					default_precision: Unset
					default_shots: Unset
					experimental: Unset
					max_execution_time: Unset
					resilience_level: Unset
					seed_estimator: 23972382
				dynamical_decoupling:
					Attributes:
						enable: Unset
						extra_slack_distribution: Unset
						scheduling_method: Unset
						sequence_type: Unset
						skip_reset_qubits: Unset
				environment:
					Attributes:
						callback: None
						job_tags: None
						log_level: WARNING
						private: False
				execution:
					Attributes:
						init_qubits: Unset
						rep_delay: Unset
				resilience:
					Attributes:
						layer_noise_model: Unset
						measure_mitigation: Unset
						pec_mitigation: Unset
						zne_mitigation: Unset
					layer_noise_learning:
						Attributes:
							layer_pair_depths: Unset
							max_layers_to_learn: Unset
							num_randomizations: Unset
							shots_per_randomization: Unset
					measure_noise_learning:
						Attributes:
							num_randomizations: Unset
							shots_per_randomization: Unset
					pec:
						Attributes:
							max_overhead: Unset
							noise_gain: Unset
					zne:
						Attributes:
							amplifier: Unset
							extrapolated_noise_factors: Unset
							extrapolator: Unset
							noise_factors: Unset
				simulator:
					Attributes:
						basis_gates: Unset
						coupling_map: Unset
						noise_model: Unset
						seed_simulator: Unset
				twirling:
					Attributes:
						enable_gates: Unset
						enable_measure: Unset
						num_randomizations: Unset
						shots_per_randomization: Unset
						strategy: Unset
			MetaData:
				Attributes:
				circuit_metadata: Dataset (dtype=object, shape=(3350,), maxshape=(None,))
					Attributes:
						DIMENSION_LABELS: ['IterationAxis']
						NDataDims: 1
				target_precision: Dataset (dtype=float64, shape=(3350,), maxshape=(None,))
					Attributes:
						DIMENSION_LABELS: ['IterationAxis']
						NDataDims: 1
				version: Dataset (dtype=int64, shape=(3350,), maxshape=(None,))
					Attributes:
						DIMENSION_LABELS: ['IterationAxis']
						NDataDims: 1
			NIterations: Dataset (dtype=int64, shape=(), maxshape=())
				Attributes:
					NDataDims: 0
			OptimizerOptions:
				Attributes:
					bounds: None
					callback: None
					constraints: []
					method: slsqp
					tol: None
					x0Seed: 23972382
				options:
					Attributes:
						disp: 0
						maxiter: 20000
			PresetPassManagerOptions:
				Attributes:
			SimulatorOptions:
				Attributes:
			VersionInfo:
				Attributes:
					QiskitAerVersion: 0.17.1
					QiskitIBMRuntimeVersion: 0.41.1
					QiskitVersion: 2.1.2
		2025-11-21_17-07-21-23972382:
			Attributes:
				HamiltonianType: ZeroChargePenalty
				Last-Modified: 2025-11-21_17-07-21
				ProcessId: 23972382
				SimulatorType: Statevector
				SolverName: VQE
				SystemName: FreeWilson2D
				mass: -5.673469387755102
				n_x: 2
				n_y: 2
				r: 1.0
			Circuit:
				Attributes:
					Ansatz: HardwareAdaptAnsatz14
				AnsatzOptions:
					Attributes:
						num_qubits: 8
			CircuitParameters: Dataset (dtype=float64, shape=(8850, 50), maxshape=(None, None))
				Attributes:
					DIMENSION_LABELS: ['IterationAxis' 'CircuitParameterAxis']
					NDataDims: 2
			Data:
				Attributes:
				evs:
					Attributes:
					Hamiltonian: Dataset (dtype=float64, shape=(8850,), maxshape=(None,))
						Attributes:
							DIMENSION_LABELS: ['IterationAxis']
							NDataDims: 1
				stds:
					Attributes:
					Hamiltonian: Dataset (dtype=float64, shape=(8850,), maxshape=(None,))
						Attributes:
							DIMENSION_LABELS: ['IterationAxis']
							NDataDims: 1
			EstimatorOptions:
				Attributes:
					_VERSION: 2
					default_precision: Unset
					default_shots: Unset
					experimental: Unset
					max_execution_time: Unset
					resilience_level: Unset
					seed_estimator: 23972382
				dynamical_decoupling:
					Attributes:
						enable: Unset
						extra_slack_distribution: Unset
						scheduling_method: Unset
						sequence_type: Unset
						skip_reset_qubits: Unset
				environment:
					Attributes:
						callback: None
						job_tags: None
						log_level: WARNING
						private: False
				execution:
					Attributes:
						init_qubits: Unset
						rep_delay: Unset
				resilience:
					Attributes:
						layer_noise_model: Unset
						measure_mitigation: Unset
						pec_mitigation: Unset
						zne_mitigation: Unset
					layer_noise_learning:
						Attributes:
							layer_pair_depths: Unset
							max_layers_to_learn: Unset
							num_randomizations: Unset
							shots_per_randomization: Unset
					measure_noise_learning:
						Attributes:
							num_randomizations: Unset
							shots_per_randomization: Unset
					pec:
						Attributes:
							max_overhead: Unset
							noise_gain: Unset
					zne:
						Attributes:
							amplifier: Unset
							extrapolated_noise_factors: Unset
							extrapolator: Unset
							noise_factors: Unset
				simulator:
					Attributes:
						basis_gates: Unset
						coupling_map: Unset
						noise_model: Unset
						seed_simulator: Unset
				twirling:
					Attributes:
						enable_gates: Unset
						enable_measure: Unset
						num_randomizations: Unset
						shots_per_randomization: Unset
						strategy: Unset
			MetaData:
				Attributes:
				circuit_metadata: Dataset (dtype=object, shape=(8850,), maxshape=(None,))
					Attributes:
						DIMENSION_LABELS: ['IterationAxis']
						NDataDims: 1
				target_precision: Dataset (dtype=float64, shape=(8850,), maxshape=(None,))
					Attributes:
						DIMENSION_LABELS: ['IterationAxis']
						NDataDims: 1
				version: Dataset (dtype=int64, shape=(8850,), maxshape=(None,))
					Attributes:
						DIMENSION_LABELS: ['IterationAxis']
						NDataDims: 1
			NIterations: Dataset (dtype=int64, shape=(), maxshape=())
				Attributes:
					NDataDims: 0
			OptimizerOptions:
				Attributes:
					bounds: None
					callback: None
					constraints: []
					method: slsqp
					tol: None
					x0Seed: 23972382
				options:
					Attributes:
						disp: 0
						maxiter: 20000
			PresetPassManagerOptions:
				Attributes:
			SimulatorOptions:
				Attributes:
			VersionInfo:
				Attributes:
					QiskitAerVersion: 0.17.1
					QiskitIBMRuntimeVersion: 0.41.1
					QiskitVersion: 2.1.2
		2025-11-21_17-10-31-23972382:
			Attributes:
				HamiltonianType: ZeroChargePenalty
				Last-Modified: 2025-11-21_17-10-31
				ProcessId: 23972382
				SimulatorType: Statevector
				SolverName: VQE
				SystemName: FreeWilson2D
				mass: -5.510204081632653
				n_x: 2
				n_y: 2
				r: 1.0
			Circuit:
				Attributes:
					Ansatz: HardwareAdaptAnsatz14
				AnsatzOptions:
					Attributes:
						num_qubits: 8
			CircuitParameters: Dataset (dtype=float64, shape=(16700, 50), maxshape=(None, None))
				Attributes:
					DIMENSION_LABELS: ['IterationAxis' 'CircuitParameterAxis']
					NDataDims: 2
			Data:
				Attributes:
				evs:
					Attributes:
					Hamiltonian: Dataset (dtype=float64, shape=(16700,), maxshape=(None,))
						Attributes:
							DIMENSION_LABELS: ['IterationAxis']
							NDataDims: 1
				stds:
					Attributes:
					Hamiltonian: Dataset (dtype=float64, shape=(16700,), maxshape=(None,))
						Attributes:
							DIMENSION_LABELS: ['IterationAxis']
							NDataDims: 1
			EstimatorOptions:
				Attributes:
					_VERSION: 2
					default_precision: Unset
					default_shots: Unset
					experimental: Unset
					max_execution_time: Unset
					resilience_level: Unset
					seed_estimator: 23972382
				dynamical_decoupling:
					Attributes:
						enable: Unset
						extra_slack_distribution: Unset
						scheduling_method: Unset
						sequence_type: Unset
						skip_reset_qubits: Unset
				environment:
					Attributes:
						callback: None
						job_tags: None
						log_level: WARNING
						private: False
				execution:
					Attributes:
						init_qubits: Unset
						rep_delay: Unset
				resilience:
					Attributes:
						layer_noise_model: Unset
						measure_mitigation: Unset
						pec_mitigation: Unset
						zne_mitigation: Unset
					layer_noise_learning:
						Attributes:
							layer_pair_depths: Unset
							max_layers_to_learn: Unset
							num_randomizations: Unset
							shots_per_randomization: Unset
					measure_noise_learning:
						Attributes:
							num_randomizations: Unset
							shots_per_randomization: Unset
					pec:
						Attributes:
							max_overhead: Unset
							noise_gain: Unset
					zne:
						Attributes:
							amplifier: Unset
							extrapolated_noise_factors: Unset
							extrapolator: Unset
							noise_factors: Unset
				simulator:
					Attributes:
						basis_gates: Unset
						coupling_map: Unset
						noise_model: Unset
						seed_simulator: Unset
				twirling:
					Attributes:
						enable_gates: Unset
						enable_measure: Unset
						num_randomizations: Unset
						shots_per_randomization: Unset
						strategy: Unset
			MetaData:
				Attributes:
				circuit_metadata: Dataset (dtype=object, shape=(16700,), maxshape=(None,))
					Attributes:
						DIMENSION_LABELS: ['IterationAxis']
						NDataDims: 1
				target_precision: Dataset (dtype=float64, shape=(16700,), maxshape=(None,))
					Attributes:
						DIMENSION_LABELS: ['IterationAxis']
						NDataDims: 1
				version: Dataset (dtype=int64, shape=(16700,), maxshape=(None,))
					Attributes:
						DIMENSION_LABELS: ['IterationAxis']
						NDataDims: 1
			NIterations: Dataset (dtype=int64, shape=(), maxshape=())
				Attributes:
					NDataDims: 0
			OptimizerOptions:
				Attributes:
					bounds: None
					callback: None
					constraints: []
					method: slsqp
					tol: None
					x0Seed: 23972382
				options:
					Attributes:
						disp: 0
						maxiter: 20000
			PresetPassManagerOptions:
				Attributes:
			SimulatorOptions:
				Attributes:
			VersionInfo:
				Attributes:
					QiskitAerVersion: 0.17.1
					QiskitIBMRuntimeVersion: 0.41.1
					QiskitVersion: 2.1.2
		2025-11-21_17-16-29-23972382:
			Attributes:
				HamiltonianType: ZeroChargePenalty
				Last-Modified: 2025-11-21_17-16-29
				ProcessId: 23972382
				SimulatorType: Statevector
				SolverName: VQE
				SystemName: FreeWilson2D
				mass: -5.346938775510204
				n_x: 2
				n_y: 2
				r: 1.0
			Circuit:
				Attributes:
					Ansatz: HardwareAdaptAnsatz14
				AnsatzOptions:
					Attributes:
						num_qubits: 8
			CircuitParameters: Dataset (dtype=float64, shape=(4500, 50), maxshape=(None, None))
				Attributes:
					DIMENSION_LABELS: ['IterationAxis' 'CircuitParameterAxis']
					NDataDims: 2
			Data:
				Attributes:
				evs:
					Attributes:
					Hamiltonian: Dataset (dtype=float64, shape=(4500,), maxshape=(None,))
						Attributes:
							DIMENSION_LABELS: ['IterationAxis']
							NDataDims: 1
				stds:
					Attributes:
					Hamiltonian: Dataset (dtype=float64, shape=(4500,), maxshape=(None,))
						Attributes:
							DIMENSION_LABELS: ['IterationAxis']
							NDataDims: 1
			EstimatorOptions:
				Attributes:
					_VERSION: 2
					default_precision: Unset
					default_shots: Unset
					experimental: Unset
					max_execution_time: Unset
					resilience_level: Unset
					seed_estimator: 23972382
				dynamical_decoupling:
					Attributes:
						enable: Unset
						extra_slack_distribution: Unset
						scheduling_method: Unset
						sequence_type: Unset
						skip_reset_qubits: Unset
				environment:
					Attributes:
						callback: None
						job_tags: None
						log_level: WARNING
						private: False
				execution:
					Attributes:
						init_qubits: Unset
						rep_delay: Unset
				resilience:
					Attributes:
						layer_noise_model: Unset
						measure_mitigation: Unset
						pec_mitigation: Unset
						zne_mitigation: Unset
					layer_noise_learning:
						Attributes:
							layer_pair_depths: Unset
							max_layers_to_learn: Unset
							num_randomizations: Unset
							shots_per_randomization: Unset
					measure_noise_learning:
						Attributes:
							num_randomizations: Unset
							shots_per_randomization: Unset
					pec:
						Attributes:
							max_overhead: Unset
							noise_gain: Unset
					zne:
						Attributes:
							amplifier: Unset
							extrapolated_noise_factors: Unset
							extrapolator: Unset
							noise_factors: Unset
				simulator:
					Attributes:
						basis_gates: Unset
						coupling_map: Unset
						noise_model: Unset
						seed_simulator: Unset
				twirling:
					Attributes:
						enable_gates: Unset
						enable_measure: Unset
						num_randomizations: Unset
						shots_per_randomization: Unset
						strategy: Unset
			MetaData:
				Attributes:
				circuit_metadata: Dataset (dtype=object, shape=(4500,), maxshape=(None,))
					Attributes:
						DIMENSION_LABELS: ['IterationAxis']
						NDataDims: 1
				target_precision: Dataset (dtype=float64, shape=(4500,), maxshape=(None,))
					Attributes:
						DIMENSION_LABELS: ['IterationAxis']
						NDataDims: 1
				version: Dataset (dtype=int64, shape=(4500,), maxshape=(None,))
					Attributes:
						DIMENSION_LABELS: ['IterationAxis']
						NDataDims: 1
			NIterations: Dataset (dtype=int64, shape=(), maxshape=())
				Attributes:
					NDataDims: 0
			OptimizerOptions:
				Attributes:
					bounds: None
					callback: None
					constraints: []
					method: slsqp
					tol: None
					x0Seed: 23972382
				options:
					Attributes:
						disp: 0
						maxiter: 20000
			PresetPassManagerOptions:
				Attributes:
			SimulatorOptions:
				Attributes:
			VersionInfo:
				Attributes:
					QiskitAerVersion: 0.17.1
					QiskitIBMRuntimeVersion: 0.41.1
					QiskitVersion: 2.1.2
		2025-11-21_17-17-59-23972382:
			Attributes:
				HamiltonianType: ZeroChargePenalty
				Last-Modified: 2025-11-21_17-17-59
				ProcessId: 23972382
				SimulatorType: Statevector
				SolverName: VQE
				SystemName: FreeWilson2D
				mass: -5.183673469387755
				n_x: 2
				n_y: 2
				r: 1.0
			Circuit:
				Attributes:
					Ansatz: HardwareAdaptAnsatz14
				AnsatzOptions:
					Attributes:
						num_qubits: 8
			CircuitParameters: Dataset (dtype=float64, shape=(7120, 50), maxshape=(None, None))
				Attributes:
					DIMENSION_LABELS: ['IterationAxis' 'CircuitParameterAxis']
					NDataDims: 2
			Data:
				Attributes:
				evs:
					Attributes:
					Hamiltonian: Dataset (dtype=float64, shape=(7120,), maxshape=(None,))
						Attributes:
							DIMENSION_LABELS: ['IterationAxis']
							NDataDims: 1
				stds:
					Attributes:
					Hamiltonian: Dataset (dtype=float64, shape=(7120,), maxshape=(None,))
						Attributes:
							DIMENSION_LABELS: ['IterationAxis']
							NDataDims: 1
			EstimatorOptions:
				Attributes:
					_VERSION: 2
					default_precision: Unset
					default_shots: Unset
					experimental: Unset
					max_execution_time: Unset
					resilience_level: Unset
					seed_estimator: 23972382
				dynamical_decoupling:
					Attributes:
						enable: Unset
						extra_slack_distribution: Unset
						scheduling_method: Unset
						sequence_type: Unset
						skip_reset_qubits: Unset
				environment:
					Attributes:
						callback: None
						job_tags: None
						log_level: WARNING
						private: False
				execution:
					Attributes:
						init_qubits: Unset
						rep_delay: Unset
				resilience:
					Attributes:
						layer_noise_model: Unset
						measure_mitigation: Unset
						pec_mitigation: Unset
						zne_mitigation: Unset
					layer_noise_learning:
						Attributes:
							layer_pair_depths: Unset
							max_layers_to_learn: Unset
							num_randomizations: Unset
							shots_per_randomization: Unset
					measure_noise_learning:
						Attributes:
							num_randomizations: Unset
							shots_per_randomization: Unset
					pec:
						Attributes:
							max_overhead: Unset
							noise_gain: Unset
					zne:
						Attributes:
							amplifier: Unset
							extrapolated_noise_factors: Unset
							extrapolator: Unset
							noise_factors: Unset
				simulator:
					Attributes:
						basis_gates: Unset
						coupling_map: Unset
						noise_model: Unset
						seed_simulator: Unset
				twirling:
					Attributes:
						enable_gates: Unset
						enable_measure: Unset
						num_randomizations: Unset
						shots_per_randomization: Unset
						strategy: Unset
			MetaData:
				Attributes:
				circuit_metadata: Dataset (dtype=object, shape=(7120,), maxshape=(None,))
					Attributes:
						DIMENSION_LABELS: ['IterationAxis']
						NDataDims: 1
				target_precision: Dataset (dtype=float64, shape=(7120,), maxshape=(None,))
					Attributes:
						DIMENSION_LABELS: ['IterationAxis']
						NDataDims: 1
				version: Dataset (dtype=int64, shape=(7120,), maxshape=(None,))
					Attributes:
						DIMENSION_LABELS: ['IterationAxis']
						NDataDims: 1
			NIterations: Dataset (dtype=int64, shape=(), maxshape=())
				Attributes:
					NDataDims: 0
			OptimizerOptions:
				Attributes:
					bounds: None
					callback: None
					constraints: []
					method: slsqp
					tol: None
					x0Seed: 23972382
				options:
					Attributes:
						disp: 0
						maxiter: 20000
			PresetPassManagerOptions:
				Attributes:
			SimulatorOptions:
				Attributes:
			VersionInfo:
				Attributes:
					QiskitAerVersion: 0.17.1
					QiskitIBMRuntimeVersion: 0.41.1
					QiskitVersion: 2.1.2
		2025-11-21_17-20-33-23972382:
			Attributes:
				HamiltonianType: ZeroChargePenalty
				Last-Modified: 2025-11-21_17-20-33
				ProcessId: 23972382
				SimulatorType: Statevector
				SolverName: VQE
				SystemName: FreeWilson2D
				mass: -5.020408163265306
				n_x: 2
				n_y: 2
				r: 1.0
			Circuit:
				Attributes:
					Ansatz: HardwareAdaptAnsatz14
				AnsatzOptions:
					Attributes:
						num_qubits: 8
			CircuitParameters: Dataset (dtype=float64, shape=(9470, 50), maxshape=(None, None))
				Attributes:
					DIMENSION_LABELS: ['IterationAxis' 'CircuitParameterAxis']
					NDataDims: 2
			Data:
				Attributes:
				evs:
					Attributes:
					Hamiltonian: Dataset (dtype=float64, shape=(9470,), maxshape=(None,))
						Attributes:
							DIMENSION_LABELS: ['IterationAxis']
							NDataDims: 1
				stds:
					Attributes:
					Hamiltonian: Dataset (dtype=float64, shape=(9470,), maxshape=(None,))
						Attributes:
							DIMENSION_LABELS: ['IterationAxis']
							NDataDims: 1
			EstimatorOptions:
				Attributes:
					_VERSION: 2
					default_precision: Unset
					default_shots: Unset
					experimental: Unset
					max_execution_time: Unset
					resilience_level: Unset
					seed_estimator: 23972382
				dynamical_decoupling:
					Attributes:
						enable: Unset
						extra_slack_distribution: Unset
						scheduling_method: Unset
						sequence_type: Unset
						skip_reset_qubits: Unset
				environment:
					Attributes:
						callback: None
						job_tags: None
						log_level: WARNING
						private: False
				execution:
					Attributes:
						init_qubits: Unset
						rep_delay: Unset
				resilience:
					Attributes:
						layer_noise_model: Unset
						measure_mitigation: Unset
						pec_mitigation: Unset
						zne_mitigation: Unset
					layer_noise_learning:
						Attributes:
							layer_pair_depths: Unset
							max_layers_to_learn: Unset
							num_randomizations: Unset
							shots_per_randomization: Unset
					measure_noise_learning:
						Attributes:
							num_randomizations: Unset
							shots_per_randomization: Unset
					pec:
						Attributes:
							max_overhead: Unset
							noise_gain: Unset
					zne:
						Attributes:
							amplifier: Unset
							extrapolated_noise_factors: Unset
							extrapolator: Unset
							noise_factors: Unset
				simulator:
					Attributes:
						basis_gates: Unset
						coupling_map: Unset
						noise_model: Unset
						seed_simulator: Unset
				twirling:
					Attributes:
						enable_gates: Unset
						enable_measure: Unset
						num_randomizations: Unset
						shots_per_randomization: Unset
						strategy: Unset
			MetaData:
				Attributes:
				circuit_metadata: Dataset (dtype=object, shape=(9470,), maxshape=(None,))
					Attributes:
						DIMENSION_LABELS: ['IterationAxis']
						NDataDims: 1
				target_precision: Dataset (dtype=float64, shape=(9470,), maxshape=(None,))
					Attributes:
						DIMENSION_LABELS: ['IterationAxis']
						NDataDims: 1
				version: Dataset (dtype=int64, shape=(9470,), maxshape=(None,))
					Attributes:
						DIMENSION_LABELS: ['IterationAxis']
						NDataDims: 1
			NIterations: Dataset (dtype=int64, shape=(), maxshape=())
				Attributes:
					NDataDims: 0
			OptimizerOptions:
				Attributes:
					bounds: None
					callback: None
					constraints: []
					method: slsqp
					tol: None
					x0Seed: 23972382
				options:
					Attributes:
						disp: 0
						maxiter: 20000
			PresetPassManagerOptions:
				Attributes:
			SimulatorOptions:
				Attributes:
			VersionInfo:
				Attributes:
					QiskitAerVersion: 0.17.1
					QiskitIBMRuntimeVersion: 0.41.1
					QiskitVersion: 2.1.2
		2025-11-21_17-23-57-23972382:
			Attributes:
				HamiltonianType: ZeroChargePenalty
				Last-Modified: 2025-11-21_17-23-57
				ProcessId: 23972382
				SimulatorType: Statevector
				SolverName: VQE
				SystemName: FreeWilson2D
				mass: -4.857142857142858
				n_x: 2
				n_y: 2
				r: 1.0
			Circuit:
				Attributes:
					Ansatz: HardwareAdaptAnsatz14
				AnsatzOptions:
					Attributes:
						num_qubits: 8
			CircuitParameters: Dataset (dtype=float64, shape=(1540, 50), maxshape=(None, None))
				Attributes:
					DIMENSION_LABELS: ['IterationAxis' 'CircuitParameterAxis']
					NDataDims: 2
			Data:
				Attributes:
				evs:
					Attributes:
					Hamiltonian: Dataset (dtype=float64, shape=(1540,), maxshape=(None,))
						Attributes:
							DIMENSION_LABELS: ['IterationAxis']
							NDataDims: 1
				stds:
					Attributes:
					Hamiltonian: Dataset (dtype=float64, shape=(1540,), maxshape=(None,))
						Attributes:
							DIMENSION_LABELS: ['IterationAxis']
							NDataDims: 1
			EstimatorOptions:
				Attributes:
					_VERSION: 2
					default_precision: Unset
					default_shots: Unset
					experimental: Unset
					max_execution_time: Unset
					resilience_level: Unset
					seed_estimator: 23972382
				dynamical_decoupling:
					Attributes:
						enable: Unset
						extra_slack_distribution: Unset
						scheduling_method: Unset
						sequence_type: Unset
						skip_reset_qubits: Unset
				environment:
					Attributes:
						callback: None
						job_tags: None
						log_level: WARNING
						private: False
				execution:
					Attributes:
						init_qubits: Unset
						rep_delay: Unset
				resilience:
					Attributes:
						layer_noise_model: Unset
						measure_mitigation: Unset
						pec_mitigation: Unset
						zne_mitigation: Unset
					layer_noise_learning:
						Attributes:
							layer_pair_depths: Unset
							max_layers_to_learn: Unset
							num_randomizations: Unset
							shots_per_randomization: Unset
					measure_noise_learning:
						Attributes:
							num_randomizations: Unset
							shots_per_randomization: Unset
					pec:
						Attributes:
							max_overhead: Unset
							noise_gain: Unset
					zne:
						Attributes:
							amplifier: Unset
							extrapolated_noise_factors: Unset
							extrapolator: Unset
							noise_factors: Unset
				simulator:
					Attributes:
						basis_gates: Unset
						coupling_map: Unset
						noise_model: Unset
						seed_simulator: Unset
				twirling:
					Attributes:
						enable_gates: Unset
						enable_measure: Unset
						num_randomizations: Unset
						shots_per_randomization: Unset
						strategy: Unset
			MetaData:
				Attributes:
				circuit_metadata: Dataset (dtype=object, shape=(1540,), maxshape=(None,))
					Attributes:
						DIMENSION_LABELS: ['IterationAxis']
						NDataDims: 1
				target_precision: Dataset (dtype=float64, shape=(1540,), maxshape=(None,))
					Attributes:
						DIMENSION_LABELS: ['IterationAxis']
						NDataDims: 1
				version: Dataset (dtype=int64, shape=(1540,), maxshape=(None,))
					Attributes:
						DIMENSION_LABELS: ['IterationAxis']
						NDataDims: 1
			NIterations: Dataset (dtype=int64, shape=(), maxshape=())
				Attributes:
					NDataDims: 0
			OptimizerOptions:
				Attributes:
					bounds: None
					callback: None
					constraints: []
					method: slsqp
					tol: None
					x0Seed: 23972382
				options:
					Attributes:
						disp: 0
						maxiter: 20000
			PresetPassManagerOptions:
				Attributes:
			SimulatorOptions:
				Attributes:
			VersionInfo:
				Attributes:
					QiskitAerVersion: 0.17.1
					QiskitIBMRuntimeVersion: 0.41.1
					QiskitVersion: 2.1.2
		2025-11-21_17-24-30-23972382:
			Attributes:
				HamiltonianType: ZeroChargePenalty
				Last-Modified: 2025-11-21_17-24-30
				ProcessId: 23972382
				SimulatorType: Statevector
				SolverName: VQE
				SystemName: FreeWilson2D
				mass: -4.6938775510204085
				n_x: 2
				n_y: 2
				r: 1.0
			Circuit:
				Attributes:
					Ansatz: HardwareAdaptAnsatz14
				AnsatzOptions:
					Attributes:
						num_qubits: 8
			CircuitParameters: Dataset (dtype=float64, shape=(3130, 50), maxshape=(None, None))
				Attributes:
					DIMENSION_LABELS: ['IterationAxis' 'CircuitParameterAxis']
					NDataDims: 2
			Data:
				Attributes:
				evs:
					Attributes:
					Hamiltonian: Dataset (dtype=float64, shape=(3130,), maxshape=(None,))
						Attributes:
							DIMENSION_LABELS: ['IterationAxis']
							NDataDims: 1
				stds:
					Attributes:
					Hamiltonian: Dataset (dtype=float64, shape=(3130,), maxshape=(None,))
						Attributes:
							DIMENSION_LABELS: ['IterationAxis']
							NDataDims: 1
			EstimatorOptions:
				Attributes:
					_VERSION: 2
					default_precision: Unset
					default_shots: Unset
					experimental: Unset
					max_execution_time: Unset
					resilience_level: Unset
					seed_estimator: 23972382
				dynamical_decoupling:
					Attributes:
						enable: Unset
						extra_slack_distribution: Unset
						scheduling_method: Unset
						sequence_type: Unset
						skip_reset_qubits: Unset
				environment:
					Attributes:
						callback: None
						job_tags: None
						log_level: WARNING
						private: False
				execution:
					Attributes:
						init_qubits: Unset
						rep_delay: Unset
				resilience:
					Attributes:
						layer_noise_model: Unset
						measure_mitigation: Unset
						pec_mitigation: Unset
						zne_mitigation: Unset
					layer_noise_learning:
						Attributes:
							layer_pair_depths: Unset
							max_layers_to_learn: Unset
							num_randomizations: Unset
							shots_per_randomization: Unset
					measure_noise_learning:
						Attributes:
							num_randomizations: Unset
							shots_per_randomization: Unset
					pec:
						Attributes:
							max_overhead: Unset
							noise_gain: Unset
					zne:
						Attributes:
							amplifier: Unset
							extrapolated_noise_factors: Unset
							extrapolator: Unset
							noise_factors: Unset
				simulator:
					Attributes:
						basis_gates: Unset
						coupling_map: Unset
						noise_model: Unset
						seed_simulator: Unset
				twirling:
					Attributes:
						enable_gates: Unset
						enable_measure: Unset
						num_randomizations: Unset
						shots_per_randomization: Unset
						strategy: Unset
			MetaData:
				Attributes:
				circuit_metadata: Dataset (dtype=object, shape=(3130,), maxshape=(None,))
					Attributes:
						DIMENSION_LABELS: ['IterationAxis']
						NDataDims: 1
				target_precision: Dataset (dtype=float64, shape=(3130,), maxshape=(None,))
					Attributes:
						DIMENSION_LABELS: ['IterationAxis']
						NDataDims: 1
				version: Dataset (dtype=int64, shape=(3130,), maxshape=(None,))
					Attributes:
						DIMENSION_LABELS: ['IterationAxis']
						NDataDims: 1
			NIterations: Dataset (dtype=int64, shape=(), maxshape=())
				Attributes:
					NDataDims: 0
			OptimizerOptions:
				Attributes:
					bounds: None
					callback: None
					constraints: []
					method: slsqp
					tol: None
					x0Seed: 23972382
				options:
					Attributes:
						disp: 0
						maxiter: 20000
			PresetPassManagerOptions:
				Attributes:
			SimulatorOptions:
				Attributes:
			VersionInfo:
				Attributes:
					QiskitAerVersion: 0.17.1
					QiskitIBMRuntimeVersion: 0.41.1
					QiskitVersion: 2.1.2
		2025-11-21_17-25-38-23972382:
			Attributes:
				HamiltonianType: ZeroChargePenalty
				Last-Modified: 2025-11-21_17-25-38
				ProcessId: 23972382
				SimulatorType: Statevector
				SolverName: VQE
				SystemName: FreeWilson2D
				mass: -4.530612244897959
				n_x: 2
				n_y: 2
				r: 1.0
			Circuit:
				Attributes:
					Ansatz: HardwareAdaptAnsatz14
				AnsatzOptions:
					Attributes:
						num_qubits: 8
			CircuitParameters: Dataset (dtype=float64, shape=(4550, 50), maxshape=(None, None))
				Attributes:
					DIMENSION_LABELS: ['IterationAxis' 'CircuitParameterAxis']
					NDataDims: 2
			Data:
				Attributes:
				evs:
					Attributes:
					Hamiltonian: Dataset (dtype=float64, shape=(4550,), maxshape=(None,))
						Attributes:
							DIMENSION_LABELS: ['IterationAxis']
							NDataDims: 1
				stds:
					Attributes:
					Hamiltonian: Dataset (dtype=float64, shape=(4550,), maxshape=(None,))
						Attributes:
							DIMENSION_LABELS: ['IterationAxis']
							NDataDims: 1
			EstimatorOptions:
				Attributes:
					_VERSION: 2
					default_precision: Unset
					default_shots: Unset
					experimental: Unset
					max_execution_time: Unset
					resilience_level: Unset
					seed_estimator: 23972382
				dynamical_decoupling:
					Attributes:
						enable: Unset
						extra_slack_distribution: Unset
						scheduling_method: Unset
						sequence_type: Unset
						skip_reset_qubits: Unset
				environment:
					Attributes:
						callback: None
						job_tags: None
						log_level: WARNING
						private: False
				execution:
					Attributes:
						init_qubits: Unset
						rep_delay: Unset
				resilience:
					Attributes:
						layer_noise_model: Unset
						measure_mitigation: Unset
						pec_mitigation: Unset
						zne_mitigation: Unset
					layer_noise_learning:
						Attributes:
							layer_pair_depths: Unset
							max_layers_to_learn: Unset
							num_randomizations: Unset
							shots_per_randomization: Unset
					measure_noise_learning:
						Attributes:
							num_randomizations: Unset
							shots_per_randomization: Unset
					pec:
						Attributes:
							max_overhead: Unset
							noise_gain: Unset
					zne:
						Attributes:
							amplifier: Unset
							extrapolated_noise_factors: Unset
							extrapolator: Unset
							noise_factors: Unset
				simulator:
					Attributes:
						basis_gates: Unset
						coupling_map: Unset
						noise_model: Unset
						seed_simulator: Unset
				twirling:
					Attributes:
						enable_gates: Unset
						enable_measure: Unset
						num_randomizations: Unset
						shots_per_randomization: Unset
						strategy: Unset
			MetaData:
				Attributes:
				circuit_metadata: Dataset (dtype=object, shape=(4550,), maxshape=(None,))
					Attributes:
						DIMENSION_LABELS: ['IterationAxis']
						NDataDims: 1
				target_precision: Dataset (dtype=float64, shape=(4550,), maxshape=(None,))
					Attributes:
						DIMENSION_LABELS: ['IterationAxis']
						NDataDims: 1
				version: Dataset (dtype=int64, shape=(4550,), maxshape=(None,))
					Attributes:
						DIMENSION_LABELS: ['IterationAxis']
						NDataDims: 1
			NIterations: Dataset (dtype=int64, shape=(), maxshape=())
				Attributes:
					NDataDims: 0
			OptimizerOptions:
				Attributes:
					bounds: None
					callback: None
					constraints: []
					method: slsqp
					tol: None
					x0Seed: 23972382
				options:
					Attributes:
						disp: 0
						maxiter: 20000
			PresetPassManagerOptions:
				Attributes:
			SimulatorOptions:
				Attributes:
			VersionInfo:
				Attributes:
					QiskitAerVersion: 0.17.1
					QiskitIBMRuntimeVersion: 0.41.1
					QiskitVersion: 2.1.2
		2025-11-21_17-27-15-23972382:
			Attributes:
				HamiltonianType: ZeroChargePenalty
				Last-Modified: 2025-11-21_17-27-15
				ProcessId: 23972382
				SimulatorType: Statevector
				SolverName: VQE
				SystemName: FreeWilson2D
				mass: -4.36734693877551
				n_x: 2
				n_y: 2
				r: 1.0
			Circuit:
				Attributes:
					Ansatz: HardwareAdaptAnsatz14
				AnsatzOptions:
					Attributes:
						num_qubits: 8
			CircuitParameters: Dataset (dtype=float64, shape=(5390, 50), maxshape=(None, None))
				Attributes:
					DIMENSION_LABELS: ['IterationAxis' 'CircuitParameterAxis']
					NDataDims: 2
			Data:
				Attributes:
				evs:
					Attributes:
					Hamiltonian: Dataset (dtype=float64, shape=(5390,), maxshape=(None,))
						Attributes:
							DIMENSION_LABELS: ['IterationAxis']
							NDataDims: 1
				stds:
					Attributes:
					Hamiltonian: Dataset (dtype=float64, shape=(5390,), maxshape=(None,))
						Attributes:
							DIMENSION_LABELS: ['IterationAxis']
							NDataDims: 1
			EstimatorOptions:
				Attributes:
					_VERSION: 2
					default_precision: Unset
					default_shots: Unset
					experimental: Unset
					max_execution_time: Unset
					resilience_level: Unset
					seed_estimator: 23972382
				dynamical_decoupling:
					Attributes:
						enable: Unset
						extra_slack_distribution: Unset
						scheduling_method: Unset
						sequence_type: Unset
						skip_reset_qubits: Unset
				environment:
					Attributes:
						callback: None
						job_tags: None
						log_level: WARNING
						private: False
				execution:
					Attributes:
						init_qubits: Unset
						rep_delay: Unset
				resilience:
					Attributes:
						layer_noise_model: Unset
						measure_mitigation: Unset
						pec_mitigation: Unset
						zne_mitigation: Unset
					layer_noise_learning:
						Attributes:
							layer_pair_depths: Unset
							max_layers_to_learn: Unset
							num_randomizations: Unset
							shots_per_randomization: Unset
					measure_noise_learning:
						Attributes:
							num_randomizations: Unset
							shots_per_randomization: Unset
					pec:
						Attributes:
							max_overhead: Unset
							noise_gain: Unset
					zne:
						Attributes:
							amplifier: Unset
							extrapolated_noise_factors: Unset
							extrapolator: Unset
							noise_factors: Unset
				simulator:
					Attributes:
						basis_gates: Unset
						coupling_map: Unset
						noise_model: Unset
						seed_simulator: Unset
				twirling:
					Attributes:
						enable_gates: Unset
						enable_measure: Unset
						num_randomizations: Unset
						shots_per_randomization: Unset
						strategy: Unset
			MetaData:
				Attributes:
				circuit_metadata: Dataset (dtype=object, shape=(5390,), maxshape=(None,))
					Attributes:
						DIMENSION_LABELS: ['IterationAxis']
						NDataDims: 1
				target_precision: Dataset (dtype=float64, shape=(5390,), maxshape=(None,))
					Attributes:
						DIMENSION_LABELS: ['IterationAxis']
						NDataDims: 1
				version: Dataset (dtype=int64, shape=(5390,), maxshape=(None,))
					Attributes:
						DIMENSION_LABELS: ['IterationAxis']
						NDataDims: 1
			NIterations: Dataset (dtype=int64, shape=(), maxshape=())
				Attributes:
					NDataDims: 0
			OptimizerOptions:
				Attributes:
					bounds: None
					callback: None
					constraints: []
					method: slsqp
					tol: None
					x0Seed: 23972382
				options:
					Attributes:
						disp: 0
						maxiter: 20000
			PresetPassManagerOptions:
				Attributes:
			SimulatorOptions:
				Attributes:
			VersionInfo:
				Attributes:
					QiskitAerVersion: 0.17.1
					QiskitIBMRuntimeVersion: 0.41.1
					QiskitVersion: 2.1.2
		2025-11-21_17-29-07-23972382:
			Attributes:
				HamiltonianType: ZeroChargePenalty
				Last-Modified: 2025-11-21_17-29-07
				ProcessId: 23972382
				SimulatorType: Statevector
				SolverName: VQE
				SystemName: FreeWilson2D
				mass: -4.204081632653061
				n_x: 2
				n_y: 2
				r: 1.0
			Circuit:
				Attributes:
					Ansatz: HardwareAdaptAnsatz14
				AnsatzOptions:
					Attributes:
						num_qubits: 8
			CircuitParameters: Dataset (dtype=float64, shape=(7380, 50), maxshape=(None, None))
				Attributes:
					DIMENSION_LABELS: ['IterationAxis' 'CircuitParameterAxis']
					NDataDims: 2
			Data:
				Attributes:
				evs:
					Attributes:
					Hamiltonian: Dataset (dtype=float64, shape=(7380,), maxshape=(None,))
						Attributes:
							DIMENSION_LABELS: ['IterationAxis']
							NDataDims: 1
				stds:
					Attributes:
					Hamiltonian: Dataset (dtype=float64, shape=(7380,), maxshape=(None,))
						Attributes:
							DIMENSION_LABELS: ['IterationAxis']
							NDataDims: 1
			EstimatorOptions:
				Attributes:
					_VERSION: 2
					default_precision: Unset
					default_shots: Unset
					experimental: Unset
					max_execution_time: Unset
					resilience_level: Unset
					seed_estimator: 23972382
				dynamical_decoupling:
					Attributes:
						enable: Unset
						extra_slack_distribution: Unset
						scheduling_method: Unset
						sequence_type: Unset
						skip_reset_qubits: Unset
				environment:
					Attributes:
						callback: None
						job_tags: None
						log_level: WARNING
						private: False
				execution:
					Attributes:
						init_qubits: Unset
						rep_delay: Unset
				resilience:
					Attributes:
						layer_noise_model: Unset
						measure_mitigation: Unset
						pec_mitigation: Unset
						zne_mitigation: Unset
					layer_noise_learning:
						Attributes:
							layer_pair_depths: Unset
							max_layers_to_learn: Unset
							num_randomizations: Unset
							shots_per_randomization: Unset
					measure_noise_learning:
						Attributes:
							num_randomizations: Unset
							shots_per_randomization: Unset
					pec:
						Attributes:
							max_overhead: Unset
							noise_gain: Unset
					zne:
						Attributes:
							amplifier: Unset
							extrapolated_noise_factors: Unset
							extrapolator: Unset
							noise_factors: Unset
				simulator:
					Attributes:
						basis_gates: Unset
						coupling_map: Unset
						noise_model: Unset
						seed_simulator: Unset
				twirling:
					Attributes:
						enable_gates: Unset
						enable_measure: Unset
						num_randomizations: Unset
						shots_per_randomization: Unset
						strategy: Unset
			MetaData:
				Attributes:
				circuit_metadata: Dataset (dtype=object, shape=(7380,), maxshape=(None,))
					Attributes:
						DIMENSION_LABELS: ['IterationAxis']
						NDataDims: 1
				target_precision: Dataset (dtype=float64, shape=(7380,), maxshape=(None,))
					Attributes:
						DIMENSION_LABELS: ['IterationAxis']
						NDataDims: 1
				version: Dataset (dtype=int64, shape=(7380,), maxshape=(None,))
					Attributes:
						DIMENSION_LABELS: ['IterationAxis']
						NDataDims: 1
			NIterations: Dataset (dtype=int64, shape=(), maxshape=())
				Attributes:
					NDataDims: 0
			OptimizerOptions:
				Attributes:
					bounds: None
					callback: None
					constraints: []
					method: slsqp
					tol: None
					x0Seed: 23972382
				options:
					Attributes:
						disp: 0
						maxiter: 20000
			PresetPassManagerOptions:
				Attributes:
			SimulatorOptions:
				Attributes:
			VersionInfo:
				Attributes:
					QiskitAerVersion: 0.17.1
					QiskitIBMRuntimeVersion: 0.41.1
					QiskitVersion: 2.1.2
		2025-11-21_17-31-42-23972382:
			Attributes:
				HamiltonianType: ZeroChargePenalty
				Last-Modified: 2025-11-21_17-31-42
				ProcessId: 23972382
				SimulatorType: Statevector
				SolverName: VQE
				SystemName: FreeWilson2D
				mass: -4.040816326530612
				n_x: 2
				n_y: 2
				r: 1.0
			Circuit:
				Attributes:
					Ansatz: HardwareAdaptAnsatz14
				AnsatzOptions:
					Attributes:
						num_qubits: 8
			CircuitParameters: Dataset (dtype=float64, shape=(13140, 50), maxshape=(None, None))
				Attributes:
					DIMENSION_LABELS: ['IterationAxis' 'CircuitParameterAxis']
					NDataDims: 2
			Data:
				Attributes:
				evs:
					Attributes:
					Hamiltonian: Dataset (dtype=float64, shape=(13140,), maxshape=(None,))
						Attributes:
							DIMENSION_LABELS: ['IterationAxis']
							NDataDims: 1
				stds:
					Attributes:
					Hamiltonian: Dataset (dtype=float64, shape=(13140,), maxshape=(None,))
						Attributes:
							DIMENSION_LABELS: ['IterationAxis']
							NDataDims: 1
			EstimatorOptions:
				Attributes:
					_VERSION: 2
					default_precision: Unset
					default_shots: Unset
					experimental: Unset
					max_execution_time: Unset
					resilience_level: Unset
					seed_estimator: 23972382
				dynamical_decoupling:
					Attributes:
						enable: Unset
						extra_slack_distribution: Unset
						scheduling_method: Unset
						sequence_type: Unset
						skip_reset_qubits: Unset
				environment:
					Attributes:
						callback: None
						job_tags: None
						log_level: WARNING
						private: False
				execution:
					Attributes:
						init_qubits: Unset
						rep_delay: Unset
				resilience:
					Attributes:
						layer_noise_model: Unset
						measure_mitigation: Unset
						pec_mitigation: Unset
						zne_mitigation: Unset
					layer_noise_learning:
						Attributes:
							layer_pair_depths: Unset
							max_layers_to_learn: Unset
							num_randomizations: Unset
							shots_per_randomization: Unset
					measure_noise_learning:
						Attributes:
							num_randomizations: Unset
							shots_per_randomization: Unset
					pec:
						Attributes:
							max_overhead: Unset
							noise_gain: Unset
					zne:
						Attributes:
							amplifier: Unset
							extrapolated_noise_factors: Unset
							extrapolator: Unset
							noise_factors: Unset
				simulator:
					Attributes:
						basis_gates: Unset
						coupling_map: Unset
						noise_model: Unset
						seed_simulator: Unset
				twirling:
					Attributes:
						enable_gates: Unset
						enable_measure: Unset
						num_randomizations: Unset
						shots_per_randomization: Unset
						strategy: Unset
			MetaData:
				Attributes:
				circuit_metadata: Dataset (dtype=object, shape=(13140,), maxshape=(None,))
					Attributes:
						DIMENSION_LABELS: ['IterationAxis']
						NDataDims: 1
				target_precision: Dataset (dtype=float64, shape=(13140,), maxshape=(None,))
					Attributes:
						DIMENSION_LABELS: ['IterationAxis']
						NDataDims: 1
				version: Dataset (dtype=int64, shape=(13140,), maxshape=(None,))
					Attributes:
						DIMENSION_LABELS: ['IterationAxis']
						NDataDims: 1
			NIterations: Dataset (dtype=int64, shape=(), maxshape=())
				Attributes:
					NDataDims: 0
			OptimizerOptions:
				Attributes:
					bounds: None
					callback: None
					constraints: []
					method: slsqp
					tol: None
					x0Seed: 23972382
				options:
					Attributes:
						disp: 0
						maxiter: 20000
			PresetPassManagerOptions:
				Attributes:
			SimulatorOptions:
				Attributes:
			VersionInfo:
				Attributes:
					QiskitAerVersion: 0.17.1
					QiskitIBMRuntimeVersion: 0.41.1
					QiskitVersion: 2.1.2
		2025-11-21_17-36-23-23972382:
			Attributes:
				HamiltonianType: ZeroChargePenalty
				Last-Modified: 2025-11-21_17-36-23
				ProcessId: 23972382
				SimulatorType: Statevector
				SolverName: VQE
				SystemName: FreeWilson2D
				mass: -3.8775510204081636
				n_x: 2
				n_y: 2
				r: 1.0
			Circuit:
				Attributes:
					Ansatz: HardwareAdaptAnsatz14
				AnsatzOptions:
					Attributes:
						num_qubits: 8
			CircuitParameters: Dataset (dtype=float64, shape=(2470, 50), maxshape=(None, None))
				Attributes:
					DIMENSION_LABELS: ['IterationAxis' 'CircuitParameterAxis']
					NDataDims: 2
			Data:
				Attributes:
				evs:
					Attributes:
					Hamiltonian: Dataset (dtype=float64, shape=(2470,), maxshape=(None,))
						Attributes:
							DIMENSION_LABELS: ['IterationAxis']
							NDataDims: 1
				stds:
					Attributes:
					Hamiltonian: Dataset (dtype=float64, shape=(2470,), maxshape=(None,))
						Attributes:
							DIMENSION_LABELS: ['IterationAxis']
							NDataDims: 1
			EstimatorOptions:
				Attributes:
					_VERSION: 2
					default_precision: Unset
					default_shots: Unset
					experimental: Unset
					max_execution_time: Unset
					resilience_level: Unset
					seed_estimator: 23972382
				dynamical_decoupling:
					Attributes:
						enable: Unset
						extra_slack_distribution: Unset
						scheduling_method: Unset
						sequence_type: Unset
						skip_reset_qubits: Unset
				environment:
					Attributes:
						callback: None
						job_tags: None
						log_level: WARNING
						private: False
				execution:
					Attributes:
						init_qubits: Unset
						rep_delay: Unset
				resilience:
					Attributes:
						layer_noise_model: Unset
						measure_mitigation: Unset
						pec_mitigation: Unset
						zne_mitigation: Unset
					layer_noise_learning:
						Attributes:
							layer_pair_depths: Unset
							max_layers_to_learn: Unset
							num_randomizations: Unset
							shots_per_randomization: Unset
					measure_noise_learning:
						Attributes:
							num_randomizations: Unset
							shots_per_randomization: Unset
					pec:
						Attributes:
							max_overhead: Unset
							noise_gain: Unset
					zne:
						Attributes:
							amplifier: Unset
							extrapolated_noise_factors: Unset
							extrapolator: Unset
							noise_factors: Unset
				simulator:
					Attributes:
						basis_gates: Unset
						coupling_map: Unset
						noise_model: Unset
						seed_simulator: Unset
				twirling:
					Attributes:
						enable_gates: Unset
						enable_measure: Unset
						num_randomizations: Unset
						shots_per_randomization: Unset
						strategy: Unset
			MetaData:
				Attributes:
				circuit_metadata: Dataset (dtype=object, shape=(2470,), maxshape=(None,))
					Attributes:
						DIMENSION_LABELS: ['IterationAxis']
						NDataDims: 1
				target_precision: Dataset (dtype=float64, shape=(2470,), maxshape=(None,))
					Attributes:
						DIMENSION_LABELS: ['IterationAxis']
						NDataDims: 1
				version: Dataset (dtype=int64, shape=(2470,), maxshape=(None,))
					Attributes:
						DIMENSION_LABELS: ['IterationAxis']
						NDataDims: 1
			NIterations: Dataset (dtype=int64, shape=(), maxshape=())
				Attributes:
					NDataDims: 0
			OptimizerOptions:
				Attributes:
					bounds: None
					callback: None
					constraints: []
					method: slsqp
					tol: None
					x0Seed: 23972382
				options:
					Attributes:
						disp: 0
						maxiter: 20000
			PresetPassManagerOptions:
				Attributes:
			SimulatorOptions:
				Attributes:
			VersionInfo:
				Attributes:
					QiskitAerVersion: 0.17.1
					QiskitIBMRuntimeVersion: 0.41.1
					QiskitVersion: 2.1.2
		2025-11-21_17-37-15-23972382:
			Attributes:
				HamiltonianType: ZeroChargePenalty
				Last-Modified: 2025-11-21_17-37-15
				ProcessId: 23972382
				SimulatorType: Statevector
				SolverName: VQE
				SystemName: FreeWilson2D
				mass: -3.7142857142857144
				n_x: 2
				n_y: 2
				r: 1.0
			Circuit:
				Attributes:
					Ansatz: HardwareAdaptAnsatz14
				AnsatzOptions:
					Attributes:
						num_qubits: 8
			CircuitParameters: Dataset (dtype=float64, shape=(3280, 50), maxshape=(None, None))
				Attributes:
					DIMENSION_LABELS: ['IterationAxis' 'CircuitParameterAxis']
					NDataDims: 2
			Data:
				Attributes:
				evs:
					Attributes:
					Hamiltonian: Dataset (dtype=float64, shape=(3280,), maxshape=(None,))
						Attributes:
							DIMENSION_LABELS: ['IterationAxis']
							NDataDims: 1
				stds:
					Attributes:
					Hamiltonian: Dataset (dtype=float64, shape=(3280,), maxshape=(None,))
						Attributes:
							DIMENSION_LABELS: ['IterationAxis']
							NDataDims: 1
			EstimatorOptions:
				Attributes:
					_VERSION: 2
					default_precision: Unset
					default_shots: Unset
					experimental: Unset
					max_execution_time: Unset
					resilience_level: Unset
					seed_estimator: 23972382
				dynamical_decoupling:
					Attributes:
						enable: Unset
						extra_slack_distribution: Unset
						scheduling_method: Unset
						sequence_type: Unset
						skip_reset_qubits: Unset
				environment:
					Attributes:
						callback: None
						job_tags: None
						log_level: WARNING
						private: False
				execution:
					Attributes:
						init_qubits: Unset
						rep_delay: Unset
				resilience:
					Attributes:
						layer_noise_model: Unset
						measure_mitigation: Unset
						pec_mitigation: Unset
						zne_mitigation: Unset
					layer_noise_learning:
						Attributes:
							layer_pair_depths: Unset
							max_layers_to_learn: Unset
							num_randomizations: Unset
							shots_per_randomization: Unset
					measure_noise_learning:
						Attributes:
							num_randomizations: Unset
							shots_per_randomization: Unset
					pec:
						Attributes:
							max_overhead: Unset
							noise_gain: Unset
					zne:
						Attributes:
							amplifier: Unset
							extrapolated_noise_factors: Unset
							extrapolator: Unset
							noise_factors: Unset
				simulator:
					Attributes:
						basis_gates: Unset
						coupling_map: Unset
						noise_model: Unset
						seed_simulator: Unset
				twirling:
					Attributes:
						enable_gates: Unset
						enable_measure: Unset
						num_randomizations: Unset
						shots_per_randomization: Unset
						strategy: Unset
			MetaData:
				Attributes:
				circuit_metadata: Dataset (dtype=object, shape=(3280,), maxshape=(None,))
					Attributes:
						DIMENSION_LABELS: ['IterationAxis']
						NDataDims: 1
				target_precision: Dataset (dtype=float64, shape=(3280,), maxshape=(None,))
					Attributes:
						DIMENSION_LABELS: ['IterationAxis']
						NDataDims: 1
				version: Dataset (dtype=int64, shape=(3280,), maxshape=(None,))
					Attributes:
						DIMENSION_LABELS: ['IterationAxis']
						NDataDims: 1
			NIterations: Dataset (dtype=int64, shape=(), maxshape=())
				Attributes:
					NDataDims: 0
			OptimizerOptions:
				Attributes:
					bounds: None
					callback: None
					constraints: []
					method: slsqp
					tol: None
					x0Seed: 23972382
				options:
					Attributes:
						disp: 0
						maxiter: 20000
			PresetPassManagerOptions:
				Attributes:
			SimulatorOptions:
				Attributes:
			VersionInfo:
				Attributes:
					QiskitAerVersion: 0.17.1
					QiskitIBMRuntimeVersion: 0.41.1
					QiskitVersion: 2.1.2
		2025-11-21_17-38-25-23972382:
			Attributes:
				HamiltonianType: ZeroChargePenalty
				Last-Modified: 2025-11-21_17-38-25
				ProcessId: 23972382
				SimulatorType: Statevector
				SolverName: VQE
				SystemName: FreeWilson2D
				mass: -3.5510204081632657
				n_x: 2
				n_y: 2
				r: 1.0
			Circuit:
				Attributes:
					Ansatz: HardwareAdaptAnsatz14
				AnsatzOptions:
					Attributes:
						num_qubits: 8
			CircuitParameters: Dataset (dtype=float64, shape=(4590, 42), maxshape=(None, None))
				Attributes:
					DIMENSION_LABELS: ['IterationAxis' 'CircuitParameterAxis']
					NDataDims: 2
			Data:
				Attributes:
				evs:
					Attributes:
					Hamiltonian: Dataset (dtype=float64, shape=(4590,), maxshape=(None,))
						Attributes:
							DIMENSION_LABELS: ['IterationAxis']
							NDataDims: 1
				stds:
					Attributes:
					Hamiltonian: Dataset (dtype=float64, shape=(4590,), maxshape=(None,))
						Attributes:
							DIMENSION_LABELS: ['IterationAxis']
							NDataDims: 1
			EstimatorOptions:
				Attributes:
					_VERSION: 2
					default_precision: Unset
					default_shots: Unset
					experimental: Unset
					max_execution_time: Unset
					resilience_level: Unset
					seed_estimator: 23972382
				dynamical_decoupling:
					Attributes:
						enable: Unset
						extra_slack_distribution: Unset
						scheduling_method: Unset
						sequence_type: Unset
						skip_reset_qubits: Unset
				environment:
					Attributes:
						callback: None
						job_tags: None
						log_level: WARNING
						private: False
				execution:
					Attributes:
						init_qubits: Unset
						rep_delay: Unset
				resilience:
					Attributes:
						layer_noise_model: Unset
						measure_mitigation: Unset
						pec_mitigation: Unset
						zne_mitigation: Unset
					layer_noise_learning:
						Attributes:
							layer_pair_depths: Unset
							max_layers_to_learn: Unset
							num_randomizations: Unset
							shots_per_randomization: Unset
					measure_noise_learning:
						Attributes:
							num_randomizations: Unset
							shots_per_randomization: Unset
					pec:
						Attributes:
							max_overhead: Unset
							noise_gain: Unset
					zne:
						Attributes:
							amplifier: Unset
							extrapolated_noise_factors: Unset
							extrapolator: Unset
							noise_factors: Unset
				simulator:
					Attributes:
						basis_gates: Unset
						coupling_map: Unset
						noise_model: Unset
						seed_simulator: Unset
				twirling:
					Attributes:
						enable_gates: Unset
						enable_measure: Unset
						num_randomizations: Unset
						shots_per_randomization: Unset
						strategy: Unset
			MetaData:
				Attributes:
				circuit_metadata: Dataset (dtype=object, shape=(4590,), maxshape=(None,))
					Attributes:
						DIMENSION_LABELS: ['IterationAxis']
						NDataDims: 1
				target_precision: Dataset (dtype=float64, shape=(4590,), maxshape=(None,))
					Attributes:
						DIMENSION_LABELS: ['IterationAxis']
						NDataDims: 1
				version: Dataset (dtype=int64, shape=(4590,), maxshape=(None,))
					Attributes:
						DIMENSION_LABELS: ['IterationAxis']
						NDataDims: 1
			NIterations: Dataset (dtype=int64, shape=(), maxshape=())
				Attributes:
					NDataDims: 0
			OptimizerOptions:
				Attributes:
					bounds: None
					callback: None
					constraints: []
					method: slsqp
					tol: None
					x0Seed: 23972382
				options:
					Attributes:
						disp: 0
						maxiter: 20000
			PresetPassManagerOptions:
				Attributes:
			SimulatorOptions:
				Attributes:
			VersionInfo:
				Attributes:
					QiskitAerVersion: 0.17.1
					QiskitIBMRuntimeVersion: 0.41.1
					QiskitVersion: 2.1.2
		2025-11-21_17-39-50-23972382:
			Attributes:
				HamiltonianType: ZeroChargePenalty
				Last-Modified: 2025-11-21_17-39-50
				ProcessId: 23972382
				SimulatorType: Statevector
				SolverName: VQE
				SystemName: FreeWilson2D
				mass: -3.3877551020408165
				n_x: 2
				n_y: 2
				r: 1.0
			Circuit:
				Attributes:
					Ansatz: HardwareAdaptAnsatz14
				AnsatzOptions:
					Attributes:
						num_qubits: 8
			CircuitParameters: Dataset (dtype=float64, shape=(3930, 50), maxshape=(None, None))
				Attributes:
					DIMENSION_LABELS: ['IterationAxis' 'CircuitParameterAxis']
					NDataDims: 2
			Data:
				Attributes:
				evs:
					Attributes:
					Hamiltonian: Dataset (dtype=float64, shape=(3930,), maxshape=(None,))
						Attributes:
							DIMENSION_LABELS: ['IterationAxis']
							NDataDims: 1
				stds:
					Attributes:
					Hamiltonian: Dataset (dtype=float64, shape=(3930,), maxshape=(None,))
						Attributes:
							DIMENSION_LABELS: ['IterationAxis']
							NDataDims: 1
			EstimatorOptions:
				Attributes:
					_VERSION: 2
					default_precision: Unset
					default_shots: Unset
					experimental: Unset
					max_execution_time: Unset
					resilience_level: Unset
					seed_estimator: 23972382
				dynamical_decoupling:
					Attributes:
						enable: Unset
						extra_slack_distribution: Unset
						scheduling_method: Unset
						sequence_type: Unset
						skip_reset_qubits: Unset
				environment:
					Attributes:
						callback: None
						job_tags: None
						log_level: WARNING
						private: False
				execution:
					Attributes:
						init_qubits: Unset
						rep_delay: Unset
				resilience:
					Attributes:
						layer_noise_model: Unset
						measure_mitigation: Unset
						pec_mitigation: Unset
						zne_mitigation: Unset
					layer_noise_learning:
						Attributes:
							layer_pair_depths: Unset
							max_layers_to_learn: Unset
							num_randomizations: Unset
							shots_per_randomization: Unset
					measure_noise_learning:
						Attributes:
							num_randomizations: Unset
							shots_per_randomization: Unset
					pec:
						Attributes:
							max_overhead: Unset
							noise_gain: Unset
					zne:
						Attributes:
							amplifier: Unset
							extrapolated_noise_factors: Unset
							extrapolator: Unset
							noise_factors: Unset
				simulator:
					Attributes:
						basis_gates: Unset
						coupling_map: Unset
						noise_model: Unset
						seed_simulator: Unset
				twirling:
					Attributes:
						enable_gates: Unset
						enable_measure: Unset
						num_randomizations: Unset
						shots_per_randomization: Unset
						strategy: Unset
			MetaData:
				Attributes:
				circuit_metadata: Dataset (dtype=object, shape=(3930,), maxshape=(None,))
					Attributes:
						DIMENSION_LABELS: ['IterationAxis']
						NDataDims: 1
				target_precision: Dataset (dtype=float64, shape=(3930,), maxshape=(None,))
					Attributes:
						DIMENSION_LABELS: ['IterationAxis']
						NDataDims: 1
				version: Dataset (dtype=int64, shape=(3930,), maxshape=(None,))
					Attributes:
						DIMENSION_LABELS: ['IterationAxis']
						NDataDims: 1
			NIterations: Dataset (dtype=int64, shape=(), maxshape=())
				Attributes:
					NDataDims: 0
			OptimizerOptions:
				Attributes:
					bounds: None
					callback: None
					constraints: []
					method: slsqp
					tol: None
					x0Seed: 23972382
				options:
					Attributes:
						disp: 0
						maxiter: 20000
			PresetPassManagerOptions:
				Attributes:
			SimulatorOptions:
				Attributes:
			VersionInfo:
				Attributes:
					QiskitAerVersion: 0.17.1
					QiskitIBMRuntimeVersion: 0.41.1
					QiskitVersion: 2.1.2
		2025-11-21_17-41-14-23972382:
			Attributes:
				HamiltonianType: ZeroChargePenalty
				Last-Modified: 2025-11-21_17-41-14
				ProcessId: 23972382
				SimulatorType: Statevector
				SolverName: VQE
				SystemName: FreeWilson2D
				mass: -3.2244897959183674
				n_x: 2
				n_y: 2
				r: 1.0
			Circuit:
				Attributes:
					Ansatz: HardwareAdaptAnsatz14
				AnsatzOptions:
					Attributes:
						num_qubits: 8
			CircuitParameters: Dataset (dtype=float64, shape=(11250, 50), maxshape=(None, None))
				Attributes:
					DIMENSION_LABELS: ['IterationAxis' 'CircuitParameterAxis']
					NDataDims: 2
			Data:
				Attributes:
				evs:
					Attributes:
					Hamiltonian: Dataset (dtype=float64, shape=(11250,), maxshape=(None,))
						Attributes:
							DIMENSION_LABELS: ['IterationAxis']
							NDataDims: 1
				stds:
					Attributes:
					Hamiltonian: Dataset (dtype=float64, shape=(11250,), maxshape=(None,))
						Attributes:
							DIMENSION_LABELS: ['IterationAxis']
							NDataDims: 1
			EstimatorOptions:
				Attributes:
					_VERSION: 2
					default_precision: Unset
					default_shots: Unset
					experimental: Unset
					max_execution_time: Unset
					resilience_level: Unset
					seed_estimator: 23972382
				dynamical_decoupling:
					Attributes:
						enable: Unset
						extra_slack_distribution: Unset
						scheduling_method: Unset
						sequence_type: Unset
						skip_reset_qubits: Unset
				environment:
					Attributes:
						callback: None
						job_tags: None
						log_level: WARNING
						private: False
				execution:
					Attributes:
						init_qubits: Unset
						rep_delay: Unset
				resilience:
					Attributes:
						layer_noise_model: Unset
						measure_mitigation: Unset
						pec_mitigation: Unset
						zne_mitigation: Unset
					layer_noise_learning:
						Attributes:
							layer_pair_depths: Unset
							max_layers_to_learn: Unset
							num_randomizations: Unset
							shots_per_randomization: Unset
					measure_noise_learning:
						Attributes:
							num_randomizations: Unset
							shots_per_randomization: Unset
					pec:
						Attributes:
							max_overhead: Unset
							noise_gain: Unset
					zne:
						Attributes:
							amplifier: Unset
							extrapolated_noise_factors: Unset
							extrapolator: Unset
							noise_factors: Unset
				simulator:
					Attributes:
						basis_gates: Unset
						coupling_map: Unset
						noise_model: Unset
						seed_simulator: Unset
				twirling:
					Attributes:
						enable_gates: Unset
						enable_measure: Unset
						num_randomizations: Unset
						shots_per_randomization: Unset
						strategy: Unset
			MetaData:
				Attributes:
				circuit_metadata: Dataset (dtype=object, shape=(11250,), maxshape=(None,))
					Attributes:
						DIMENSION_LABELS: ['IterationAxis']
						NDataDims: 1
				target_precision: Dataset (dtype=float64, shape=(11250,), maxshape=(None,))
					Attributes:
						DIMENSION_LABELS: ['IterationAxis']
						NDataDims: 1
				version: Dataset (dtype=int64, shape=(11250,), maxshape=(None,))
					Attributes:
						DIMENSION_LABELS: ['IterationAxis']
						NDataDims: 1
			NIterations: Dataset (dtype=int64, shape=(), maxshape=())
				Attributes:
					NDataDims: 0
			OptimizerOptions:
				Attributes:
					bounds: None
					callback: None
					constraints: []
					method: slsqp
					tol: None
					x0Seed: 23972382
				options:
					Attributes:
						disp: 0
						maxiter: 20000
			PresetPassManagerOptions:
				Attributes:
			SimulatorOptions:
				Attributes:
			VersionInfo:
				Attributes:
					QiskitAerVersion: 0.17.1
					QiskitIBMRuntimeVersion: 0.41.1
					QiskitVersion: 2.1.2
		2025-11-21_17-45-11-23972382:
			Attributes:
				HamiltonianType: ZeroChargePenalty
				Last-Modified: 2025-11-21_17-45-11
				ProcessId: 23972382
				SimulatorType: Statevector
				SolverName: VQE
				SystemName: FreeWilson2D
				mass: -3.0612244897959187
				n_x: 2
				n_y: 2
				r: 1.0
			Circuit:
				Attributes:
					Ansatz: HardwareAdaptAnsatz14
				AnsatzOptions:
					Attributes:
						num_qubits: 8
			CircuitParameters: Dataset (dtype=float64, shape=(10510, 50), maxshape=(None, None))
				Attributes:
					DIMENSION_LABELS: ['IterationAxis' 'CircuitParameterAxis']
					NDataDims: 2
			Data:
				Attributes:
				evs:
					Attributes:
					Hamiltonian: Dataset (dtype=float64, shape=(10510,), maxshape=(None,))
						Attributes:
							DIMENSION_LABELS: ['IterationAxis']
							NDataDims: 1
				stds:
					Attributes:
					Hamiltonian: Dataset (dtype=float64, shape=(10510,), maxshape=(None,))
						Attributes:
							DIMENSION_LABELS: ['IterationAxis']
							NDataDims: 1
			EstimatorOptions:
				Attributes:
					_VERSION: 2
					default_precision: Unset
					default_shots: Unset
					experimental: Unset
					max_execution_time: Unset
					resilience_level: Unset
					seed_estimator: 23972382
				dynamical_decoupling:
					Attributes:
						enable: Unset
						extra_slack_distribution: Unset
						scheduling_method: Unset
						sequence_type: Unset
						skip_reset_qubits: Unset
				environment:
					Attributes:
						callback: None
						job_tags: None
						log_level: WARNING
						private: False
				execution:
					Attributes:
						init_qubits: Unset
						rep_delay: Unset
				resilience:
					Attributes:
						layer_noise_model: Unset
						measure_mitigation: Unset
						pec_mitigation: Unset
						zne_mitigation: Unset
					layer_noise_learning:
						Attributes:
							layer_pair_depths: Unset
							max_layers_to_learn: Unset
							num_randomizations: Unset
							shots_per_randomization: Unset
					measure_noise_learning:
						Attributes:
							num_randomizations: Unset
							shots_per_randomization: Unset
					pec:
						Attributes:
							max_overhead: Unset
							noise_gain: Unset
					zne:
						Attributes:
							amplifier: Unset
							extrapolated_noise_factors: Unset
							extrapolator: Unset
							noise_factors: Unset
				simulator:
					Attributes:
						basis_gates: Unset
						coupling_map: Unset
						noise_model: Unset
						seed_simulator: Unset
				twirling:
					Attributes:
						enable_gates: Unset
						enable_measure: Unset
						num_randomizations: Unset
						shots_per_randomization: Unset
						strategy: Unset
			MetaData:
				Attributes:
				circuit_metadata: Dataset (dtype=object, shape=(10510,), maxshape=(None,))
					Attributes:
						DIMENSION_LABELS: ['IterationAxis']
						NDataDims: 1
				target_precision: Dataset (dtype=float64, shape=(10510,), maxshape=(None,))
					Attributes:
						DIMENSION_LABELS: ['IterationAxis']
						NDataDims: 1
				version: Dataset (dtype=int64, shape=(10510,), maxshape=(None,))
					Attributes:
						DIMENSION_LABELS: ['IterationAxis']
						NDataDims: 1
			NIterations: Dataset (dtype=int64, shape=(), maxshape=())
				Attributes:
					NDataDims: 0
			OptimizerOptions:
				Attributes:
					bounds: None
					callback: None
					constraints: []
					method: slsqp
					tol: None
					x0Seed: 23972382
				options:
					Attributes:
						disp: 0
						maxiter: 20000
			PresetPassManagerOptions:
				Attributes:
			SimulatorOptions:
				Attributes:
			VersionInfo:
				Attributes:
					QiskitAerVersion: 0.17.1
					QiskitIBMRuntimeVersion: 0.41.1
					QiskitVersion: 2.1.2
		2025-11-21_17-48-54-23972382:
			Attributes:
				HamiltonianType: ZeroChargePenalty
				Last-Modified: 2025-11-21_17-48-54
				ProcessId: 23972382
				SimulatorType: Statevector
				SolverName: VQE
				SystemName: FreeWilson2D
				mass: -2.8979591836734695
				n_x: 2
				n_y: 2
				r: 1.0
			Circuit:
				Attributes:
					Ansatz: HardwareAdaptAnsatz14
				AnsatzOptions:
					Attributes:
						num_qubits: 8
			CircuitParameters: Dataset (dtype=float64, shape=(560, 16), maxshape=(None, None))
				Attributes:
					DIMENSION_LABELS: ['IterationAxis' 'CircuitParameterAxis']
					NDataDims: 2
			Data:
				Attributes:
				evs:
					Attributes:
					Hamiltonian: Dataset (dtype=float64, shape=(560,), maxshape=(None,))
						Attributes:
							DIMENSION_LABELS: ['IterationAxis']
							NDataDims: 1
				stds:
					Attributes:
					Hamiltonian: Dataset (dtype=float64, shape=(560,), maxshape=(None,))
						Attributes:
							DIMENSION_LABELS: ['IterationAxis']
							NDataDims: 1
			EstimatorOptions:
				Attributes:
					_VERSION: 2
					default_precision: Unset
					default_shots: Unset
					experimental: Unset
					max_execution_time: Unset
					resilience_level: Unset
					seed_estimator: 23972382
				dynamical_decoupling:
					Attributes:
						enable: Unset
						extra_slack_distribution: Unset
						scheduling_method: Unset
						sequence_type: Unset
						skip_reset_qubits: Unset
				environment:
					Attributes:
						callback: None
						job_tags: None
						log_level: WARNING
						private: False
				execution:
					Attributes:
						init_qubits: Unset
						rep_delay: Unset
				resilience:
					Attributes:
						layer_noise_model: Unset
						measure_mitigation: Unset
						pec_mitigation: Unset
						zne_mitigation: Unset
					layer_noise_learning:
						Attributes:
							layer_pair_depths: Unset
							max_layers_to_learn: Unset
							num_randomizations: Unset
							shots_per_randomization: Unset
					measure_noise_learning:
						Attributes:
							num_randomizations: Unset
							shots_per_randomization: Unset
					pec:
						Attributes:
							max_overhead: Unset
							noise_gain: Unset
					zne:
						Attributes:
							amplifier: Unset
							extrapolated_noise_factors: Unset
							extrapolator: Unset
							noise_factors: Unset
				simulator:
					Attributes:
						basis_gates: Unset
						coupling_map: Unset
						noise_model: Unset
						seed_simulator: Unset
				twirling:
					Attributes:
						enable_gates: Unset
						enable_measure: Unset
						num_randomizations: Unset
						shots_per_randomization: Unset
						strategy: Unset
			MetaData:
				Attributes:
				circuit_metadata: Dataset (dtype=object, shape=(560,), maxshape=(None,))
					Attributes:
						DIMENSION_LABELS: ['IterationAxis']
						NDataDims: 1
				target_precision: Dataset (dtype=float64, shape=(560,), maxshape=(None,))
					Attributes:
						DIMENSION_LABELS: ['IterationAxis']
						NDataDims: 1
				version: Dataset (dtype=int64, shape=(560,), maxshape=(None,))
					Attributes:
						DIMENSION_LABELS: ['IterationAxis']
						NDataDims: 1
			NIterations: Dataset (dtype=int64, shape=(), maxshape=())
				Attributes:
					NDataDims: 0
			OptimizerOptions:
				Attributes:
					bounds: None
					callback: None
					constraints: []
					method: slsqp
					tol: None
					x0Seed: 23972382
				options:
					Attributes:
						disp: 0
						maxiter: 20000
			PresetPassManagerOptions:
				Attributes:
			SimulatorOptions:
				Attributes:
			VersionInfo:
				Attributes:
					QiskitAerVersion: 0.17.1
					QiskitIBMRuntimeVersion: 0.41.1
					QiskitVersion: 2.1.2
		2025-11-21_17-49-00-23972382:
			Attributes:
				HamiltonianType: ZeroChargePenalty
				Last-Modified: 2025-11-21_17-49-00
				ProcessId: 23972382
				SimulatorType: Statevector
				SolverName: VQE
				SystemName: FreeWilson2D
				mass: -2.734693877551021
				n_x: 2
				n_y: 2
				r: 1.0
			Circuit:
				Attributes:
					Ansatz: HardwareAdaptAnsatz14
				AnsatzOptions:
					Attributes:
						num_qubits: 8
			CircuitParameters: Dataset (dtype=float64, shape=(5120, 50), maxshape=(None, None))
				Attributes:
					DIMENSION_LABELS: ['IterationAxis' 'CircuitParameterAxis']
					NDataDims: 2
			Data:
				Attributes:
				evs:
					Attributes:
					Hamiltonian: Dataset (dtype=float64, shape=(5120,), maxshape=(None,))
						Attributes:
							DIMENSION_LABELS: ['IterationAxis']
							NDataDims: 1
				stds:
					Attributes:
					Hamiltonian: Dataset (dtype=float64, shape=(5120,), maxshape=(None,))
						Attributes:
							DIMENSION_LABELS: ['IterationAxis']
							NDataDims: 1
			EstimatorOptions:
				Attributes:
					_VERSION: 2
					default_precision: Unset
					default_shots: Unset
					experimental: Unset
					max_execution_time: Unset
					resilience_level: Unset
					seed_estimator: 23972382
				dynamical_decoupling:
					Attributes:
						enable: Unset
						extra_slack_distribution: Unset
						scheduling_method: Unset
						sequence_type: Unset
						skip_reset_qubits: Unset
				environment:
					Attributes:
						callback: None
						job_tags: None
						log_level: WARNING
						private: False
				execution:
					Attributes:
						init_qubits: Unset
						rep_delay: Unset
				resilience:
					Attributes:
						layer_noise_model: Unset
						measure_mitigation: Unset
						pec_mitigation: Unset
						zne_mitigation: Unset
					layer_noise_learning:
						Attributes:
							layer_pair_depths: Unset
							max_layers_to_learn: Unset
							num_randomizations: Unset
							shots_per_randomization: Unset
					measure_noise_learning:
						Attributes:
							num_randomizations: Unset
							shots_per_randomization: Unset
					pec:
						Attributes:
							max_overhead: Unset
							noise_gain: Unset
					zne:
						Attributes:
							amplifier: Unset
							extrapolated_noise_factors: Unset
							extrapolator: Unset
							noise_factors: Unset
				simulator:
					Attributes:
						basis_gates: Unset
						coupling_map: Unset
						noise_model: Unset
						seed_simulator: Unset
				twirling:
					Attributes:
						enable_gates: Unset
						enable_measure: Unset
						num_randomizations: Unset
						shots_per_randomization: Unset
						strategy: Unset
			MetaData:
				Attributes:
				circuit_metadata: Dataset (dtype=object, shape=(5120,), maxshape=(None,))
					Attributes:
						DIMENSION_LABELS: ['IterationAxis']
						NDataDims: 1
				target_precision: Dataset (dtype=float64, shape=(5120,), maxshape=(None,))
					Attributes:
						DIMENSION_LABELS: ['IterationAxis']
						NDataDims: 1
				version: Dataset (dtype=int64, shape=(5120,), maxshape=(None,))
					Attributes:
						DIMENSION_LABELS: ['IterationAxis']
						NDataDims: 1
			NIterations: Dataset (dtype=int64, shape=(), maxshape=())
				Attributes:
					NDataDims: 0
			OptimizerOptions:
				Attributes:
					bounds: None
					callback: None
					constraints: []
					method: slsqp
					tol: None
					x0Seed: 23972382
				options:
					Attributes:
						disp: 0
						maxiter: 20000
			PresetPassManagerOptions:
				Attributes:
			SimulatorOptions:
				Attributes:
			VersionInfo:
				Attributes:
					QiskitAerVersion: 0.17.1
					QiskitIBMRuntimeVersion: 0.41.1
					QiskitVersion: 2.1.2
		2025-11-21_17-50-48-23972382:
			Attributes:
				HamiltonianType: ZeroChargePenalty
				Last-Modified: 2025-11-21_17-50-48
				ProcessId: 23972382
				SimulatorType: Statevector
				SolverName: VQE
				SystemName: FreeWilson2D
				mass: -2.5714285714285716
				n_x: 2
				n_y: 2
				r: 1.0
			Circuit:
				Attributes:
					Ansatz: HardwareAdaptAnsatz14
				AnsatzOptions:
					Attributes:
						num_qubits: 8
			CircuitParameters: Dataset (dtype=float64, shape=(4350, 50), maxshape=(None, None))
				Attributes:
					DIMENSION_LABELS: ['IterationAxis' 'CircuitParameterAxis']
					NDataDims: 2
			Data:
				Attributes:
				evs:
					Attributes:
					Hamiltonian: Dataset (dtype=float64, shape=(4350,), maxshape=(None,))
						Attributes:
							DIMENSION_LABELS: ['IterationAxis']
							NDataDims: 1
				stds:
					Attributes:
					Hamiltonian: Dataset (dtype=float64, shape=(4350,), maxshape=(None,))
						Attributes:
							DIMENSION_LABELS: ['IterationAxis']
							NDataDims: 1
			EstimatorOptions:
				Attributes:
					_VERSION: 2
					default_precision: Unset
					default_shots: Unset
					experimental: Unset
					max_execution_time: Unset
					resilience_level: Unset
					seed_estimator: 23972382
				dynamical_decoupling:
					Attributes:
						enable: Unset
						extra_slack_distribution: Unset
						scheduling_method: Unset
						sequence_type: Unset
						skip_reset_qubits: Unset
				environment:
					Attributes:
						callback: None
						job_tags: None
						log_level: WARNING
						private: False
				execution:
					Attributes:
						init_qubits: Unset
						rep_delay: Unset
				resilience:
					Attributes:
						layer_noise_model: Unset
						measure_mitigation: Unset
						pec_mitigation: Unset
						zne_mitigation: Unset
					layer_noise_learning:
						Attributes:
							layer_pair_depths: Unset
							max_layers_to_learn: Unset
							num_randomizations: Unset
							shots_per_randomization: Unset
					measure_noise_learning:
						Attributes:
							num_randomizations: Unset
							shots_per_randomization: Unset
					pec:
						Attributes:
							max_overhead: Unset
							noise_gain: Unset
					zne:
						Attributes:
							amplifier: Unset
							extrapolated_noise_factors: Unset
							extrapolator: Unset
							noise_factors: Unset
				simulator:
					Attributes:
						basis_gates: Unset
						coupling_map: Unset
						noise_model: Unset
						seed_simulator: Unset
				twirling:
					Attributes:
						enable_gates: Unset
						enable_measure: Unset
						num_randomizations: Unset
						shots_per_randomization: Unset
						strategy: Unset
			MetaData:
				Attributes:
				circuit_metadata: Dataset (dtype=object, shape=(4350,), maxshape=(None,))
					Attributes:
						DIMENSION_LABELS: ['IterationAxis']
						NDataDims: 1
				target_precision: Dataset (dtype=float64, shape=(4350,), maxshape=(None,))
					Attributes:
						DIMENSION_LABELS: ['IterationAxis']
						NDataDims: 1
				version: Dataset (dtype=int64, shape=(4350,), maxshape=(None,))
					Attributes:
						DIMENSION_LABELS: ['IterationAxis']
						NDataDims: 1
			NIterations: Dataset (dtype=int64, shape=(), maxshape=())
				Attributes:
					NDataDims: 0
			OptimizerOptions:
				Attributes:
					bounds: None
					callback: None
					constraints: []
					method: slsqp
					tol: None
					x0Seed: 23972382
				options:
					Attributes:
						disp: 0
						maxiter: 20000
			PresetPassManagerOptions:
				Attributes:
			SimulatorOptions:
				Attributes:
			VersionInfo:
				Attributes:
					QiskitAerVersion: 0.17.1
					QiskitIBMRuntimeVersion: 0.41.1
					QiskitVersion: 2.1.2
		2025-11-21_17-52-20-23972382:
			Attributes:
				HamiltonianType: ZeroChargePenalty
				Last-Modified: 2025-11-21_17-52-20
				ProcessId: 23972382
				SimulatorType: Statevector
				SolverName: VQE
				SystemName: FreeWilson2D
				mass: -2.408163265306123
				n_x: 2
				n_y: 2
				r: 1.0
			Circuit:
				Attributes:
					Ansatz: HardwareAdaptAnsatz14
				AnsatzOptions:
					Attributes:
						num_qubits: 8
			CircuitParameters: Dataset (dtype=float64, shape=(15280, 50), maxshape=(None, None))
				Attributes:
					DIMENSION_LABELS: ['IterationAxis' 'CircuitParameterAxis']
					NDataDims: 2
			Data:
				Attributes:
				evs:
					Attributes:
					Hamiltonian: Dataset (dtype=float64, shape=(15280,), maxshape=(None,))
						Attributes:
							DIMENSION_LABELS: ['IterationAxis']
							NDataDims: 1
				stds:
					Attributes:
					Hamiltonian: Dataset (dtype=float64, shape=(15280,), maxshape=(None,))
						Attributes:
							DIMENSION_LABELS: ['IterationAxis']
							NDataDims: 1
			EstimatorOptions:
				Attributes:
					_VERSION: 2
					default_precision: Unset
					default_shots: Unset
					experimental: Unset
					max_execution_time: Unset
					resilience_level: Unset
					seed_estimator: 23972382
				dynamical_decoupling:
					Attributes:
						enable: Unset
						extra_slack_distribution: Unset
						scheduling_method: Unset
						sequence_type: Unset
						skip_reset_qubits: Unset
				environment:
					Attributes:
						callback: None
						job_tags: None
						log_level: WARNING
						private: False
				execution:
					Attributes:
						init_qubits: Unset
						rep_delay: Unset
				resilience:
					Attributes:
						layer_noise_model: Unset
						measure_mitigation: Unset
						pec_mitigation: Unset
						zne_mitigation: Unset
					layer_noise_learning:
						Attributes:
							layer_pair_depths: Unset
							max_layers_to_learn: Unset
							num_randomizations: Unset
							shots_per_randomization: Unset
					measure_noise_learning:
						Attributes:
							num_randomizations: Unset
							shots_per_randomization: Unset
					pec:
						Attributes:
							max_overhead: Unset
							noise_gain: Unset
					zne:
						Attributes:
							amplifier: Unset
							extrapolated_noise_factors: Unset
							extrapolator: Unset
							noise_factors: Unset
				simulator:
					Attributes:
						basis_gates: Unset
						coupling_map: Unset
						noise_model: Unset
						seed_simulator: Unset
				twirling:
					Attributes:
						enable_gates: Unset
						enable_measure: Unset
						num_randomizations: Unset
						shots_per_randomization: Unset
						strategy: Unset
			MetaData:
				Attributes:
				circuit_metadata: Dataset (dtype=object, shape=(15280,), maxshape=(None,))
					Attributes:
						DIMENSION_LABELS: ['IterationAxis']
						NDataDims: 1
				target_precision: Dataset (dtype=float64, shape=(15280,), maxshape=(None,))
					Attributes:
						DIMENSION_LABELS: ['IterationAxis']
						NDataDims: 1
				version: Dataset (dtype=int64, shape=(15280,), maxshape=(None,))
					Attributes:
						DIMENSION_LABELS: ['IterationAxis']
						NDataDims: 1
			NIterations: Dataset (dtype=int64, shape=(), maxshape=())
				Attributes:
					NDataDims: 0
			OptimizerOptions:
				Attributes:
					bounds: None
					callback: None
					constraints: []
					method: slsqp
					tol: None
					x0Seed: 23972382
				options:
					Attributes:
						disp: 0
						maxiter: 20000
			PresetPassManagerOptions:
				Attributes:
			SimulatorOptions:
				Attributes:
			VersionInfo:
				Attributes:
					QiskitAerVersion: 0.17.1
					QiskitIBMRuntimeVersion: 0.41.1
					QiskitVersion: 2.1.2
		2025-11-21_17-57-43-23972382:
			Attributes:
				HamiltonianType: ZeroChargePenalty
				Last-Modified: 2025-11-21_17-57-43
				ProcessId: 23972382
				SimulatorType: Statevector
				SolverName: VQE
				SystemName: FreeWilson2D
				mass: -2.2448979591836737
				n_x: 2
				n_y: 2
				r: 1.0
			Circuit:
				Attributes:
					Ansatz: HardwareAdaptAnsatz14
				AnsatzOptions:
					Attributes:
						num_qubits: 8
			CircuitParameters: Dataset (dtype=float64, shape=(20960, 50), maxshape=(None, None))
				Attributes:
					DIMENSION_LABELS: ['IterationAxis' 'CircuitParameterAxis']
					NDataDims: 2
			Data:
				Attributes:
				evs:
					Attributes:
					Hamiltonian: Dataset (dtype=float64, shape=(20960,), maxshape=(None,))
						Attributes:
							DIMENSION_LABELS: ['IterationAxis']
							NDataDims: 1
				stds:
					Attributes:
					Hamiltonian: Dataset (dtype=float64, shape=(20960,), maxshape=(None,))
						Attributes:
							DIMENSION_LABELS: ['IterationAxis']
							NDataDims: 1
			EstimatorOptions:
				Attributes:
					_VERSION: 2
					default_precision: Unset
					default_shots: Unset
					experimental: Unset
					max_execution_time: Unset
					resilience_level: Unset
					seed_estimator: 23972382
				dynamical_decoupling:
					Attributes:
						enable: Unset
						extra_slack_distribution: Unset
						scheduling_method: Unset
						sequence_type: Unset
						skip_reset_qubits: Unset
				environment:
					Attributes:
						callback: None
						job_tags: None
						log_level: WARNING
						private: False
				execution:
					Attributes:
						init_qubits: Unset
						rep_delay: Unset
				resilience:
					Attributes:
						layer_noise_model: Unset
						measure_mitigation: Unset
						pec_mitigation: Unset
						zne_mitigation: Unset
					layer_noise_learning:
						Attributes:
							layer_pair_depths: Unset
							max_layers_to_learn: Unset
							num_randomizations: Unset
							shots_per_randomization: Unset
					measure_noise_learning:
						Attributes:
							num_randomizations: Unset
							shots_per_randomization: Unset
					pec:
						Attributes:
							max_overhead: Unset
							noise_gain: Unset
					zne:
						Attributes:
							amplifier: Unset
							extrapolated_noise_factors: Unset
							extrapolator: Unset
							noise_factors: Unset
				simulator:
					Attributes:
						basis_gates: Unset
						coupling_map: Unset
						noise_model: Unset
						seed_simulator: Unset
				twirling:
					Attributes:
						enable_gates: Unset
						enable_measure: Unset
						num_randomizations: Unset
						shots_per_randomization: Unset
						strategy: Unset
			MetaData:
				Attributes:
				circuit_metadata: Dataset (dtype=object, shape=(20960,), maxshape=(None,))
					Attributes:
						DIMENSION_LABELS: ['IterationAxis']
						NDataDims: 1
				target_precision: Dataset (dtype=float64, shape=(20960,), maxshape=(None,))
					Attributes:
						DIMENSION_LABELS: ['IterationAxis']
						NDataDims: 1
				version: Dataset (dtype=int64, shape=(20960,), maxshape=(None,))
					Attributes:
						DIMENSION_LABELS: ['IterationAxis']
						NDataDims: 1
			NIterations: Dataset (dtype=int64, shape=(), maxshape=())
				Attributes:
					NDataDims: 0
			OptimizerOptions:
				Attributes:
					bounds: None
					callback: None
					constraints: []
					method: slsqp
					tol: None
					x0Seed: 23972382
				options:
					Attributes:
						disp: 0
						maxiter: 20000
			PresetPassManagerOptions:
				Attributes:
			SimulatorOptions:
				Attributes:
			VersionInfo:
				Attributes:
					QiskitAerVersion: 0.17.1
					QiskitIBMRuntimeVersion: 0.41.1
					QiskitVersion: 2.1.2
		2025-11-21_18-05-04-23972382:
			Attributes:
				HamiltonianType: ZeroChargePenalty
				Last-Modified: 2025-11-21_18-05-04
				ProcessId: 23972382
				SimulatorType: Statevector
				SolverName: VQE
				SystemName: FreeWilson2D
				mass: -2.0816326530612246
				n_x: 2
				n_y: 2
				r: 1.0
			Circuit:
				Attributes:
					Ansatz: HardwareAdaptAnsatz14
				AnsatzOptions:
					Attributes:
						num_qubits: 8
			CircuitParameters: Dataset (dtype=float64, shape=(37780, 50), maxshape=(None, None))
				Attributes:
					DIMENSION_LABELS: ['IterationAxis' 'CircuitParameterAxis']
					NDataDims: 2
			Data:
				Attributes:
				evs:
					Attributes:
					Hamiltonian: Dataset (dtype=float64, shape=(37780,), maxshape=(None,))
						Attributes:
							DIMENSION_LABELS: ['IterationAxis']
							NDataDims: 1
				stds:
					Attributes:
					Hamiltonian: Dataset (dtype=float64, shape=(37780,), maxshape=(None,))
						Attributes:
							DIMENSION_LABELS: ['IterationAxis']
							NDataDims: 1
			EstimatorOptions:
				Attributes:
					_VERSION: 2
					default_precision: Unset
					default_shots: Unset
					experimental: Unset
					max_execution_time: Unset
					resilience_level: Unset
					seed_estimator: 23972382
				dynamical_decoupling:
					Attributes:
						enable: Unset
						extra_slack_distribution: Unset
						scheduling_method: Unset
						sequence_type: Unset
						skip_reset_qubits: Unset
				environment:
					Attributes:
						callback: None
						job_tags: None
						log_level: WARNING
						private: False
				execution:
					Attributes:
						init_qubits: Unset
						rep_delay: Unset
				resilience:
					Attributes:
						layer_noise_model: Unset
						measure_mitigation: Unset
						pec_mitigation: Unset
						zne_mitigation: Unset
					layer_noise_learning:
						Attributes:
							layer_pair_depths: Unset
							max_layers_to_learn: Unset
							num_randomizations: Unset
							shots_per_randomization: Unset
					measure_noise_learning:
						Attributes:
							num_randomizations: Unset
							shots_per_randomization: Unset
					pec:
						Attributes:
							max_overhead: Unset
							noise_gain: Unset
					zne:
						Attributes:
							amplifier: Unset
							extrapolated_noise_factors: Unset
							extrapolator: Unset
							noise_factors: Unset
				simulator:
					Attributes:
						basis_gates: Unset
						coupling_map: Unset
						noise_model: Unset
						seed_simulator: Unset
				twirling:
					Attributes:
						enable_gates: Unset
						enable_measure: Unset
						num_randomizations: Unset
						shots_per_randomization: Unset
						strategy: Unset
			MetaData:
				Attributes:
				circuit_metadata: Dataset (dtype=object, shape=(37780,), maxshape=(None,))
					Attributes:
						DIMENSION_LABELS: ['IterationAxis']
						NDataDims: 1
				target_precision: Dataset (dtype=float64, shape=(37780,), maxshape=(None,))
					Attributes:
						DIMENSION_LABELS: ['IterationAxis']
						NDataDims: 1
				version: Dataset (dtype=int64, shape=(37780,), maxshape=(None,))
					Attributes:
						DIMENSION_LABELS: ['IterationAxis']
						NDataDims: 1
			NIterations: Dataset (dtype=int64, shape=(), maxshape=())
				Attributes:
					NDataDims: 0
			OptimizerOptions:
				Attributes:
					bounds: None
					callback: None
					constraints: []
					method: slsqp
					tol: None
					x0Seed: 23972382
				options:
					Attributes:
						disp: 0
						maxiter: 20000
			PresetPassManagerOptions:
				Attributes:
			SimulatorOptions:
				Attributes:
			VersionInfo:
				Attributes:
					QiskitAerVersion: 0.17.1
					QiskitIBMRuntimeVersion: 0.41.1
					QiskitVersion: 2.1.2
		2025-11-21_18-18-23-23972382:
			Attributes:
				HamiltonianType: ZeroChargePenalty
				Last-Modified: 2025-11-21_18-18-23
				ProcessId: 23972382
				SimulatorType: Statevector
				SolverName: VQE
				SystemName: FreeWilson2D
				mass: -1.9183673469387754
				n_x: 2
				n_y: 2
				r: 1.0
			Circuit:
				Attributes:
					Ansatz: HardwareAdaptAnsatz14
				AnsatzOptions:
					Attributes:
						num_qubits: 8
			CircuitParameters: Dataset (dtype=float64, shape=(11840, 50), maxshape=(None, None))
				Attributes:
					DIMENSION_LABELS: ['IterationAxis' 'CircuitParameterAxis']
					NDataDims: 2
			Data:
				Attributes:
				evs:
					Attributes:
					Hamiltonian: Dataset (dtype=float64, shape=(11840,), maxshape=(None,))
						Attributes:
							DIMENSION_LABELS: ['IterationAxis']
							NDataDims: 1
				stds:
					Attributes:
					Hamiltonian: Dataset (dtype=float64, shape=(11840,), maxshape=(None,))
						Attributes:
							DIMENSION_LABELS: ['IterationAxis']
							NDataDims: 1
			EstimatorOptions:
				Attributes:
					_VERSION: 2
					default_precision: Unset
					default_shots: Unset
					experimental: Unset
					max_execution_time: Unset
					resilience_level: Unset
					seed_estimator: 23972382
				dynamical_decoupling:
					Attributes:
						enable: Unset
						extra_slack_distribution: Unset
						scheduling_method: Unset
						sequence_type: Unset
						skip_reset_qubits: Unset
				environment:
					Attributes:
						callback: None
						job_tags: None
						log_level: WARNING
						private: False
				execution:
					Attributes:
						init_qubits: Unset
						rep_delay: Unset
				resilience:
					Attributes:
						layer_noise_model: Unset
						measure_mitigation: Unset
						pec_mitigation: Unset
						zne_mitigation: Unset
					layer_noise_learning:
						Attributes:
							layer_pair_depths: Unset
							max_layers_to_learn: Unset
							num_randomizations: Unset
							shots_per_randomization: Unset
					measure_noise_learning:
						Attributes:
							num_randomizations: Unset
							shots_per_randomization: Unset
					pec:
						Attributes:
							max_overhead: Unset
							noise_gain: Unset
					zne:
						Attributes:
							amplifier: Unset
							extrapolated_noise_factors: Unset
							extrapolator: Unset
							noise_factors: Unset
				simulator:
					Attributes:
						basis_gates: Unset
						coupling_map: Unset
						noise_model: Unset
						seed_simulator: Unset
				twirling:
					Attributes:
						enable_gates: Unset
						enable_measure: Unset
						num_randomizations: Unset
						shots_per_randomization: Unset
						strategy: Unset
			MetaData:
				Attributes:
				circuit_metadata: Dataset (dtype=object, shape=(11840,), maxshape=(None,))
					Attributes:
						DIMENSION_LABELS: ['IterationAxis']
						NDataDims: 1
				target_precision: Dataset (dtype=float64, shape=(11840,), maxshape=(None,))
					Attributes:
						DIMENSION_LABELS: ['IterationAxis']
						NDataDims: 1
				version: Dataset (dtype=int64, shape=(11840,), maxshape=(None,))
					Attributes:
						DIMENSION_LABELS: ['IterationAxis']
						NDataDims: 1
			NIterations: Dataset (dtype=int64, shape=(), maxshape=())
				Attributes:
					NDataDims: 0
			OptimizerOptions:
				Attributes:
					bounds: None
					callback: None
					constraints: []
					method: slsqp
					tol: None
					x0Seed: 23972382
				options:
					Attributes:
						disp: 0
						maxiter: 20000
			PresetPassManagerOptions:
				Attributes:
			SimulatorOptions:
				Attributes:
			VersionInfo:
				Attributes:
					QiskitAerVersion: 0.17.1
					QiskitIBMRuntimeVersion: 0.41.1
					QiskitVersion: 2.1.2
		2025-11-21_18-22-31-23972382:
			Attributes:
				HamiltonianType: ZeroChargePenalty
				Last-Modified: 2025-11-21_18-22-31
				ProcessId: 23972382
				SimulatorType: Statevector
				SolverName: VQE
				SystemName: FreeWilson2D
				mass: -1.7551020408163271
				n_x: 2
				n_y: 2
				r: 1.0
			Circuit:
				Attributes:
					Ansatz: HardwareAdaptAnsatz14
				AnsatzOptions:
					Attributes:
						num_qubits: 8
			CircuitParameters: Dataset (dtype=float64, shape=(14780, 50), maxshape=(None, None))
				Attributes:
					DIMENSION_LABELS: ['IterationAxis' 'CircuitParameterAxis']
					NDataDims: 2
			Data:
				Attributes:
				evs:
					Attributes:
					Hamiltonian: Dataset (dtype=float64, shape=(14780,), maxshape=(None,))
						Attributes:
							DIMENSION_LABELS: ['IterationAxis']
							NDataDims: 1
				stds:
					Attributes:
					Hamiltonian: Dataset (dtype=float64, shape=(14780,), maxshape=(None,))
						Attributes:
							DIMENSION_LABELS: ['IterationAxis']
							NDataDims: 1
			EstimatorOptions:
				Attributes:
					_VERSION: 2
					default_precision: Unset
					default_shots: Unset
					experimental: Unset
					max_execution_time: Unset
					resilience_level: Unset
					seed_estimator: 23972382
				dynamical_decoupling:
					Attributes:
						enable: Unset
						extra_slack_distribution: Unset
						scheduling_method: Unset
						sequence_type: Unset
						skip_reset_qubits: Unset
				environment:
					Attributes:
						callback: None
						job_tags: None
						log_level: WARNING
						private: False
				execution:
					Attributes:
						init_qubits: Unset
						rep_delay: Unset
				resilience:
					Attributes:
						layer_noise_model: Unset
						measure_mitigation: Unset
						pec_mitigation: Unset
						zne_mitigation: Unset
					layer_noise_learning:
						Attributes:
							layer_pair_depths: Unset
							max_layers_to_learn: Unset
							num_randomizations: Unset
							shots_per_randomization: Unset
					measure_noise_learning:
						Attributes:
							num_randomizations: Unset
							shots_per_randomization: Unset
					pec:
						Attributes:
							max_overhead: Unset
							noise_gain: Unset
					zne:
						Attributes:
							amplifier: Unset
							extrapolated_noise_factors: Unset
							extrapolator: Unset
							noise_factors: Unset
				simulator:
					Attributes:
						basis_gates: Unset
						coupling_map: Unset
						noise_model: Unset
						seed_simulator: Unset
				twirling:
					Attributes:
						enable_gates: Unset
						enable_measure: Unset
						num_randomizations: Unset
						shots_per_randomization: Unset
						strategy: Unset
			MetaData:
				Attributes:
				circuit_metadata: Dataset (dtype=object, shape=(14780,), maxshape=(None,))
					Attributes:
						DIMENSION_LABELS: ['IterationAxis']
						NDataDims: 1
				target_precision: Dataset (dtype=float64, shape=(14780,), maxshape=(None,))
					Attributes:
						DIMENSION_LABELS: ['IterationAxis']
						NDataDims: 1
				version: Dataset (dtype=int64, shape=(14780,), maxshape=(None,))
					Attributes:
						DIMENSION_LABELS: ['IterationAxis']
						NDataDims: 1
			NIterations: Dataset (dtype=int64, shape=(), maxshape=())
				Attributes:
					NDataDims: 0
			OptimizerOptions:
				Attributes:
					bounds: None
					callback: None
					constraints: []
					method: slsqp
					tol: None
					x0Seed: 23972382
				options:
					Attributes:
						disp: 0
						maxiter: 20000
			PresetPassManagerOptions:
				Attributes:
			SimulatorOptions:
				Attributes:
			VersionInfo:
				Attributes:
					QiskitAerVersion: 0.17.1
					QiskitIBMRuntimeVersion: 0.41.1
					QiskitVersion: 2.1.2
		2025-11-21_18-27-41-23972382:
			Attributes:
				HamiltonianType: ZeroChargePenalty
				Last-Modified: 2025-11-21_18-27-41
				ProcessId: 23972382
				SimulatorType: Statevector
				SolverName: VQE
				SystemName: FreeWilson2D
				mass: -1.591836734693878
				n_x: 2
				n_y: 2
				r: 1.0
			Circuit:
				Attributes:
					Ansatz: HardwareAdaptAnsatz14
				AnsatzOptions:
					Attributes:
						num_qubits: 8
			CircuitParameters: Dataset (dtype=float64, shape=(10550, 50), maxshape=(None, None))
				Attributes:
					DIMENSION_LABELS: ['IterationAxis' 'CircuitParameterAxis']
					NDataDims: 2
			Data:
				Attributes:
				evs:
					Attributes:
					Hamiltonian: Dataset (dtype=float64, shape=(10550,), maxshape=(None,))
						Attributes:
							DIMENSION_LABELS: ['IterationAxis']
							NDataDims: 1
				stds:
					Attributes:
					Hamiltonian: Dataset (dtype=float64, shape=(10550,), maxshape=(None,))
						Attributes:
							DIMENSION_LABELS: ['IterationAxis']
							NDataDims: 1
			EstimatorOptions:
				Attributes:
					_VERSION: 2
					default_precision: Unset
					default_shots: Unset
					experimental: Unset
					max_execution_time: Unset
					resilience_level: Unset
					seed_estimator: 23972382
				dynamical_decoupling:
					Attributes:
						enable: Unset
						extra_slack_distribution: Unset
						scheduling_method: Unset
						sequence_type: Unset
						skip_reset_qubits: Unset
				environment:
					Attributes:
						callback: None
						job_tags: None
						log_level: WARNING
						private: False
				execution:
					Attributes:
						init_qubits: Unset
						rep_delay: Unset
				resilience:
					Attributes:
						layer_noise_model: Unset
						measure_mitigation: Unset
						pec_mitigation: Unset
						zne_mitigation: Unset
					layer_noise_learning:
						Attributes:
							layer_pair_depths: Unset
							max_layers_to_learn: Unset
							num_randomizations: Unset
							shots_per_randomization: Unset
					measure_noise_learning:
						Attributes:
							num_randomizations: Unset
							shots_per_randomization: Unset
					pec:
						Attributes:
							max_overhead: Unset
							noise_gain: Unset
					zne:
						Attributes:
							amplifier: Unset
							extrapolated_noise_factors: Unset
							extrapolator: Unset
							noise_factors: Unset
				simulator:
					Attributes:
						basis_gates: Unset
						coupling_map: Unset
						noise_model: Unset
						seed_simulator: Unset
				twirling:
					Attributes:
						enable_gates: Unset
						enable_measure: Unset
						num_randomizations: Unset
						shots_per_randomization: Unset
						strategy: Unset
			MetaData:
				Attributes:
				circuit_metadata: Dataset (dtype=object, shape=(10550,), maxshape=(None,))
					Attributes:
						DIMENSION_LABELS: ['IterationAxis']
						NDataDims: 1
				target_precision: Dataset (dtype=float64, shape=(10550,), maxshape=(None,))
					Attributes:
						DIMENSION_LABELS: ['IterationAxis']
						NDataDims: 1
				version: Dataset (dtype=int64, shape=(10550,), maxshape=(None,))
					Attributes:
						DIMENSION_LABELS: ['IterationAxis']
						NDataDims: 1
			NIterations: Dataset (dtype=int64, shape=(), maxshape=())
				Attributes:
					NDataDims: 0
			OptimizerOptions:
				Attributes:
					bounds: None
					callback: None
					constraints: []
					method: slsqp
					tol: None
					x0Seed: 23972382
				options:
					Attributes:
						disp: 0
						maxiter: 20000
			PresetPassManagerOptions:
				Attributes:
			SimulatorOptions:
				Attributes:
			VersionInfo:
				Attributes:
					QiskitAerVersion: 0.17.1
					QiskitIBMRuntimeVersion: 0.41.1
					QiskitVersion: 2.1.2
		2025-11-21_18-31-25-23972382:
			Attributes:
				HamiltonianType: ZeroChargePenalty
				Last-Modified: 2025-11-21_18-31-25
				ProcessId: 23972382
				SimulatorType: Statevector
				SolverName: VQE
				SystemName: FreeWilson2D
				mass: -1.4285714285714288
				n_x: 2
				n_y: 2
				r: 1.0
			Circuit:
				Attributes:
					Ansatz: HardwareAdaptAnsatz14
				AnsatzOptions:
					Attributes:
						num_qubits: 8
			CircuitParameters: Dataset (dtype=float64, shape=(8200, 50), maxshape=(None, None))
				Attributes:
					DIMENSION_LABELS: ['IterationAxis' 'CircuitParameterAxis']
					NDataDims: 2
			Data:
				Attributes:
				evs:
					Attributes:
					Hamiltonian: Dataset (dtype=float64, shape=(8200,), maxshape=(None,))
						Attributes:
							DIMENSION_LABELS: ['IterationAxis']
							NDataDims: 1
				stds:
					Attributes:
					Hamiltonian: Dataset (dtype=float64, shape=(8200,), maxshape=(None,))
						Attributes:
							DIMENSION_LABELS: ['IterationAxis']
							NDataDims: 1
			EstimatorOptions:
				Attributes:
					_VERSION: 2
					default_precision: Unset
					default_shots: Unset
					experimental: Unset
					max_execution_time: Unset
					resilience_level: Unset
					seed_estimator: 23972382
				dynamical_decoupling:
					Attributes:
						enable: Unset
						extra_slack_distribution: Unset
						scheduling_method: Unset
						sequence_type: Unset
						skip_reset_qubits: Unset
				environment:
					Attributes:
						callback: None
						job_tags: None
						log_level: WARNING
						private: False
				execution:
					Attributes:
						init_qubits: Unset
						rep_delay: Unset
				resilience:
					Attributes:
						layer_noise_model: Unset
						measure_mitigation: Unset
						pec_mitigation: Unset
						zne_mitigation: Unset
					layer_noise_learning:
						Attributes:
							layer_pair_depths: Unset
							max_layers_to_learn: Unset
							num_randomizations: Unset
							shots_per_randomization: Unset
					measure_noise_learning:
						Attributes:
							num_randomizations: Unset
							shots_per_randomization: Unset
					pec:
						Attributes:
							max_overhead: Unset
							noise_gain: Unset
					zne:
						Attributes:
							amplifier: Unset
							extrapolated_noise_factors: Unset
							extrapolator: Unset
							noise_factors: Unset
				simulator:
					Attributes:
						basis_gates: Unset
						coupling_map: Unset
						noise_model: Unset
						seed_simulator: Unset
				twirling:
					Attributes:
						enable_gates: Unset
						enable_measure: Unset
						num_randomizations: Unset
						shots_per_randomization: Unset
						strategy: Unset
			MetaData:
				Attributes:
				circuit_metadata: Dataset (dtype=object, shape=(8200,), maxshape=(None,))
					Attributes:
						DIMENSION_LABELS: ['IterationAxis']
						NDataDims: 1
				target_precision: Dataset (dtype=float64, shape=(8200,), maxshape=(None,))
					Attributes:
						DIMENSION_LABELS: ['IterationAxis']
						NDataDims: 1
				version: Dataset (dtype=int64, shape=(8200,), maxshape=(None,))
					Attributes:
						DIMENSION_LABELS: ['IterationAxis']
						NDataDims: 1
			NIterations: Dataset (dtype=int64, shape=(), maxshape=())
				Attributes:
					NDataDims: 0
			OptimizerOptions:
				Attributes:
					bounds: None
					callback: None
					constraints: []
					method: slsqp
					tol: None
					x0Seed: 23972382
				options:
					Attributes:
						disp: 0
						maxiter: 20000
			PresetPassManagerOptions:
				Attributes:
			SimulatorOptions:
				Attributes:
			VersionInfo:
				Attributes:
					QiskitAerVersion: 0.17.1
					QiskitIBMRuntimeVersion: 0.41.1
					QiskitVersion: 2.1.2
		2025-11-21_18-34-17-23972382:
			Attributes:
				HamiltonianType: ZeroChargePenalty
				Last-Modified: 2025-11-21_18-34-17
				ProcessId: 23972382
				SimulatorType: Statevector
				SolverName: VQE
				SystemName: FreeWilson2D
				mass: -1.2653061224489797
				n_x: 2
				n_y: 2
				r: 1.0
			Circuit:
				Attributes:
					Ansatz: HardwareAdaptAnsatz14
				AnsatzOptions:
					Attributes:
						num_qubits: 8
			CircuitParameters: Dataset (dtype=float64, shape=(4930, 50), maxshape=(None, None))
				Attributes:
					DIMENSION_LABELS: ['IterationAxis' 'CircuitParameterAxis']
					NDataDims: 2
			Data:
				Attributes:
				evs:
					Attributes:
					Hamiltonian: Dataset (dtype=float64, shape=(4930,), maxshape=(None,))
						Attributes:
							DIMENSION_LABELS: ['IterationAxis']
							NDataDims: 1
				stds:
					Attributes:
					Hamiltonian: Dataset (dtype=float64, shape=(4930,), maxshape=(None,))
						Attributes:
							DIMENSION_LABELS: ['IterationAxis']
							NDataDims: 1
			EstimatorOptions:
				Attributes:
					_VERSION: 2
					default_precision: Unset
					default_shots: Unset
					experimental: Unset
					max_execution_time: Unset
					resilience_level: Unset
					seed_estimator: 23972382
				dynamical_decoupling:
					Attributes:
						enable: Unset
						extra_slack_distribution: Unset
						scheduling_method: Unset
						sequence_type: Unset
						skip_reset_qubits: Unset
				environment:
					Attributes:
						callback: None
						job_tags: None
						log_level: WARNING
						private: False
				execution:
					Attributes:
						init_qubits: Unset
						rep_delay: Unset
				resilience:
					Attributes:
						layer_noise_model: Unset
						measure_mitigation: Unset
						pec_mitigation: Unset
						zne_mitigation: Unset
					layer_noise_learning:
						Attributes:
							layer_pair_depths: Unset
							max_layers_to_learn: Unset
							num_randomizations: Unset
							shots_per_randomization: Unset
					measure_noise_learning:
						Attributes:
							num_randomizations: Unset
							shots_per_randomization: Unset
					pec:
						Attributes:
							max_overhead: Unset
							noise_gain: Unset
					zne:
						Attributes:
							amplifier: Unset
							extrapolated_noise_factors: Unset
							extrapolator: Unset
							noise_factors: Unset
				simulator:
					Attributes:
						basis_gates: Unset
						coupling_map: Unset
						noise_model: Unset
						seed_simulator: Unset
				twirling:
					Attributes:
						enable_gates: Unset
						enable_measure: Unset
						num_randomizations: Unset
						shots_per_randomization: Unset
						strategy: Unset
			MetaData:
				Attributes:
				circuit_metadata: Dataset (dtype=object, shape=(4930,), maxshape=(None,))
					Attributes:
						DIMENSION_LABELS: ['IterationAxis']
						NDataDims: 1
				target_precision: Dataset (dtype=float64, shape=(4930,), maxshape=(None,))
					Attributes:
						DIMENSION_LABELS: ['IterationAxis']
						NDataDims: 1
				version: Dataset (dtype=int64, shape=(4930,), maxshape=(None,))
					Attributes:
						DIMENSION_LABELS: ['IterationAxis']
						NDataDims: 1
			NIterations: Dataset (dtype=int64, shape=(), maxshape=())
				Attributes:
					NDataDims: 0
			OptimizerOptions:
				Attributes:
					bounds: None
					callback: None
					constraints: []
					method: slsqp
					tol: None
					x0Seed: 23972382
				options:
					Attributes:
						disp: 0
						maxiter: 20000
			PresetPassManagerOptions:
				Attributes:
			SimulatorOptions:
				Attributes:
			VersionInfo:
				Attributes:
					QiskitAerVersion: 0.17.1
					QiskitIBMRuntimeVersion: 0.41.1
					QiskitVersion: 2.1.2
		2025-11-21_18-36-01-23972382:
			Attributes:
				HamiltonianType: ZeroChargePenalty
				Last-Modified: 2025-11-21_18-36-01
				ProcessId: 23972382
				SimulatorType: Statevector
				SolverName: VQE
				SystemName: FreeWilson2D
				mass: -1.1020408163265314
				n_x: 2
				n_y: 2
				r: 1.0
			Circuit:
				Attributes:
					Ansatz: HardwareAdaptAnsatz14
				AnsatzOptions:
					Attributes:
						num_qubits: 8
			CircuitParameters: Dataset (dtype=float64, shape=(9650, 50), maxshape=(None, None))
				Attributes:
					DIMENSION_LABELS: ['IterationAxis' 'CircuitParameterAxis']
					NDataDims: 2
			Data:
				Attributes:
				evs:
					Attributes:
					Hamiltonian: Dataset (dtype=float64, shape=(9650,), maxshape=(None,))
						Attributes:
							DIMENSION_LABELS: ['IterationAxis']
							NDataDims: 1
				stds:
					Attributes:
					Hamiltonian: Dataset (dtype=float64, shape=(9650,), maxshape=(None,))
						Attributes:
							DIMENSION_LABELS: ['IterationAxis']
							NDataDims: 1
			EstimatorOptions:
				Attributes:
					_VERSION: 2
					default_precision: Unset
					default_shots: Unset
					experimental: Unset
					max_execution_time: Unset
					resilience_level: Unset
					seed_estimator: 23972382
				dynamical_decoupling:
					Attributes:
						enable: Unset
						extra_slack_distribution: Unset
						scheduling_method: Unset
						sequence_type: Unset
						skip_reset_qubits: Unset
				environment:
					Attributes:
						callback: None
						job_tags: None
						log_level: WARNING
						private: False
				execution:
					Attributes:
						init_qubits: Unset
						rep_delay: Unset
				resilience:
					Attributes:
						layer_noise_model: Unset
						measure_mitigation: Unset
						pec_mitigation: Unset
						zne_mitigation: Unset
					layer_noise_learning:
						Attributes:
							layer_pair_depths: Unset
							max_layers_to_learn: Unset
							num_randomizations: Unset
							shots_per_randomization: Unset
					measure_noise_learning:
						Attributes:
							num_randomizations: Unset
							shots_per_randomization: Unset
					pec:
						Attributes:
							max_overhead: Unset
							noise_gain: Unset
					zne:
						Attributes:
							amplifier: Unset
							extrapolated_noise_factors: Unset
							extrapolator: Unset
							noise_factors: Unset
				simulator:
					Attributes:
						basis_gates: Unset
						coupling_map: Unset
						noise_model: Unset
						seed_simulator: Unset
				twirling:
					Attributes:
						enable_gates: Unset
						enable_measure: Unset
						num_randomizations: Unset
						shots_per_randomization: Unset
						strategy: Unset
			MetaData:
				Attributes:
				circuit_metadata: Dataset (dtype=object, shape=(9650,), maxshape=(None,))
					Attributes:
						DIMENSION_LABELS: ['IterationAxis']
						NDataDims: 1
				target_precision: Dataset (dtype=float64, shape=(9650,), maxshape=(None,))
					Attributes:
						DIMENSION_LABELS: ['IterationAxis']
						NDataDims: 1
				version: Dataset (dtype=int64, shape=(9650,), maxshape=(None,))
					Attributes:
						DIMENSION_LABELS: ['IterationAxis']
						NDataDims: 1
			NIterations: Dataset (dtype=int64, shape=(), maxshape=())
				Attributes:
					NDataDims: 0
			OptimizerOptions:
				Attributes:
					bounds: None
					callback: None
					constraints: []
					method: slsqp
					tol: None
					x0Seed: 23972382
				options:
					Attributes:
						disp: 0
						maxiter: 20000
			PresetPassManagerOptions:
				Attributes:
			SimulatorOptions:
				Attributes:
			VersionInfo:
				Attributes:
					QiskitAerVersion: 0.17.1
					QiskitIBMRuntimeVersion: 0.41.1
					QiskitVersion: 2.1.2
		2025-11-21_18-39-26-23972382:
			Attributes:
				HamiltonianType: ZeroChargePenalty
				Last-Modified: 2025-11-21_18-39-26
				ProcessId: 23972382
				SimulatorType: Statevector
				SolverName: VQE
				SystemName: FreeWilson2D
				mass: -0.9387755102040822
				n_x: 2
				n_y: 2
				r: 1.0
			Circuit:
				Attributes:
					Ansatz: HardwareAdaptAnsatz14
				AnsatzOptions:
					Attributes:
						num_qubits: 8
			CircuitParameters: Dataset (dtype=float64, shape=(2080, 50), maxshape=(None, None))
				Attributes:
					DIMENSION_LABELS: ['IterationAxis' 'CircuitParameterAxis']
					NDataDims: 2
			Data:
				Attributes:
				evs:
					Attributes:
					Hamiltonian: Dataset (dtype=float64, shape=(2080,), maxshape=(None,))
						Attributes:
							DIMENSION_LABELS: ['IterationAxis']
							NDataDims: 1
				stds:
					Attributes:
					Hamiltonian: Dataset (dtype=float64, shape=(2080,), maxshape=(None,))
						Attributes:
							DIMENSION_LABELS: ['IterationAxis']
							NDataDims: 1
			EstimatorOptions:
				Attributes:
					_VERSION: 2
					default_precision: Unset
					default_shots: Unset
					experimental: Unset
					max_execution_time: Unset
					resilience_level: Unset
					seed_estimator: 23972382
				dynamical_decoupling:
					Attributes:
						enable: Unset
						extra_slack_distribution: Unset
						scheduling_method: Unset
						sequence_type: Unset
						skip_reset_qubits: Unset
				environment:
					Attributes:
						callback: None
						job_tags: None
						log_level: WARNING
						private: False
				execution:
					Attributes:
						init_qubits: Unset
						rep_delay: Unset
				resilience:
					Attributes:
						layer_noise_model: Unset
						measure_mitigation: Unset
						pec_mitigation: Unset
						zne_mitigation: Unset
					layer_noise_learning:
						Attributes:
							layer_pair_depths: Unset
							max_layers_to_learn: Unset
							num_randomizations: Unset
							shots_per_randomization: Unset
					measure_noise_learning:
						Attributes:
							num_randomizations: Unset
							shots_per_randomization: Unset
					pec:
						Attributes:
							max_overhead: Unset
							noise_gain: Unset
					zne:
						Attributes:
							amplifier: Unset
							extrapolated_noise_factors: Unset
							extrapolator: Unset
							noise_factors: Unset
				simulator:
					Attributes:
						basis_gates: Unset
						coupling_map: Unset
						noise_model: Unset
						seed_simulator: Unset
				twirling:
					Attributes:
						enable_gates: Unset
						enable_measure: Unset
						num_randomizations: Unset
						shots_per_randomization: Unset
						strategy: Unset
			MetaData:
				Attributes:
				circuit_metadata: Dataset (dtype=object, shape=(2080,), maxshape=(None,))
					Attributes:
						DIMENSION_LABELS: ['IterationAxis']
						NDataDims: 1
				target_precision: Dataset (dtype=float64, shape=(2080,), maxshape=(None,))
					Attributes:
						DIMENSION_LABELS: ['IterationAxis']
						NDataDims: 1
				version: Dataset (dtype=int64, shape=(2080,), maxshape=(None,))
					Attributes:
						DIMENSION_LABELS: ['IterationAxis']
						NDataDims: 1
			NIterations: Dataset (dtype=int64, shape=(), maxshape=())
				Attributes:
					NDataDims: 0
			OptimizerOptions:
				Attributes:
					bounds: None
					callback: None
					constraints: []
					method: slsqp
					tol: None
					x0Seed: 23972382
				options:
					Attributes:
						disp: 0
						maxiter: 20000
			PresetPassManagerOptions:
				Attributes:
			SimulatorOptions:
				Attributes:
			VersionInfo:
				Attributes:
					QiskitAerVersion: 0.17.1
					QiskitIBMRuntimeVersion: 0.41.1
					QiskitVersion: 2.1.2
		2025-11-21_18-40-10-23972382:
			Attributes:
				HamiltonianType: ZeroChargePenalty
				Last-Modified: 2025-11-21_18-40-10
				ProcessId: 23972382
				SimulatorType: Statevector
				SolverName: VQE
				SystemName: FreeWilson2D
				mass: -0.7755102040816331
				n_x: 2
				n_y: 2
				r: 1.0
			Circuit:
				Attributes:
					Ansatz: HardwareAdaptAnsatz14
				AnsatzOptions:
					Attributes:
						num_qubits: 8
			CircuitParameters: Dataset (dtype=float64, shape=(1680, 50), maxshape=(None, None))
				Attributes:
					DIMENSION_LABELS: ['IterationAxis' 'CircuitParameterAxis']
					NDataDims: 2
			Data:
				Attributes:
				evs:
					Attributes:
					Hamiltonian: Dataset (dtype=float64, shape=(1680,), maxshape=(None,))
						Attributes:
							DIMENSION_LABELS: ['IterationAxis']
							NDataDims: 1
				stds:
					Attributes:
					Hamiltonian: Dataset (dtype=float64, shape=(1680,), maxshape=(None,))
						Attributes:
							DIMENSION_LABELS: ['IterationAxis']
							NDataDims: 1
			EstimatorOptions:
				Attributes:
					_VERSION: 2
					default_precision: Unset
					default_shots: Unset
					experimental: Unset
					max_execution_time: Unset
					resilience_level: Unset
					seed_estimator: 23972382
				dynamical_decoupling:
					Attributes:
						enable: Unset
						extra_slack_distribution: Unset
						scheduling_method: Unset
						sequence_type: Unset
						skip_reset_qubits: Unset
				environment:
					Attributes:
						callback: None
						job_tags: None
						log_level: WARNING
						private: False
				execution:
					Attributes:
						init_qubits: Unset
						rep_delay: Unset
				resilience:
					Attributes:
						layer_noise_model: Unset
						measure_mitigation: Unset
						pec_mitigation: Unset
						zne_mitigation: Unset
					layer_noise_learning:
						Attributes:
							layer_pair_depths: Unset
							max_layers_to_learn: Unset
							num_randomizations: Unset
							shots_per_randomization: Unset
					measure_noise_learning:
						Attributes:
							num_randomizations: Unset
							shots_per_randomization: Unset
					pec:
						Attributes:
							max_overhead: Unset
							noise_gain: Unset
					zne:
						Attributes:
							amplifier: Unset
							extrapolated_noise_factors: Unset
							extrapolator: Unset
							noise_factors: Unset
				simulator:
					Attributes:
						basis_gates: Unset
						coupling_map: Unset
						noise_model: Unset
						seed_simulator: Unset
				twirling:
					Attributes:
						enable_gates: Unset
						enable_measure: Unset
						num_randomizations: Unset
						shots_per_randomization: Unset
						strategy: Unset
			MetaData:
				Attributes:
				circuit_metadata: Dataset (dtype=object, shape=(1680,), maxshape=(None,))
					Attributes:
						DIMENSION_LABELS: ['IterationAxis']
						NDataDims: 1
				target_precision: Dataset (dtype=float64, shape=(1680,), maxshape=(None,))
					Attributes:
						DIMENSION_LABELS: ['IterationAxis']
						NDataDims: 1
				version: Dataset (dtype=int64, shape=(1680,), maxshape=(None,))
					Attributes:
						DIMENSION_LABELS: ['IterationAxis']
						NDataDims: 1
			NIterations: Dataset (dtype=int64, shape=(), maxshape=())
				Attributes:
					NDataDims: 0
			OptimizerOptions:
				Attributes:
					bounds: None
					callback: None
					constraints: []
					method: slsqp
					tol: None
					x0Seed: 23972382
				options:
					Attributes:
						disp: 0
						maxiter: 20000
			PresetPassManagerOptions:
				Attributes:
			SimulatorOptions:
				Attributes:
			VersionInfo:
				Attributes:
					QiskitAerVersion: 0.17.1
					QiskitIBMRuntimeVersion: 0.41.1
					QiskitVersion: 2.1.2
		2025-11-21_18-40-46-23972382:
			Attributes:
				HamiltonianType: ZeroChargePenalty
				Last-Modified: 2025-11-21_18-40-46
				ProcessId: 23972382
				SimulatorType: Statevector
				SolverName: VQE
				SystemName: FreeWilson2D
				mass: -0.6122448979591839
				n_x: 2
				n_y: 2
				r: 1.0
			Circuit:
				Attributes:
					Ansatz: HardwareAdaptAnsatz14
				AnsatzOptions:
					Attributes:
						num_qubits: 8
			CircuitParameters: Dataset (dtype=float64, shape=(8050, 50), maxshape=(None, None))
				Attributes:
					DIMENSION_LABELS: ['IterationAxis' 'CircuitParameterAxis']
					NDataDims: 2
			Data:
				Attributes:
				evs:
					Attributes:
					Hamiltonian: Dataset (dtype=float64, shape=(8050,), maxshape=(None,))
						Attributes:
							DIMENSION_LABELS: ['IterationAxis']
							NDataDims: 1
				stds:
					Attributes:
					Hamiltonian: Dataset (dtype=float64, shape=(8050,), maxshape=(None,))
						Attributes:
							DIMENSION_LABELS: ['IterationAxis']
							NDataDims: 1
			EstimatorOptions:
				Attributes:
					_VERSION: 2
					default_precision: Unset
					default_shots: Unset
					experimental: Unset
					max_execution_time: Unset
					resilience_level: Unset
					seed_estimator: 23972382
				dynamical_decoupling:
					Attributes:
						enable: Unset
						extra_slack_distribution: Unset
						scheduling_method: Unset
						sequence_type: Unset
						skip_reset_qubits: Unset
				environment:
					Attributes:
						callback: None
						job_tags: None
						log_level: WARNING
						private: False
				execution:
					Attributes:
						init_qubits: Unset
						rep_delay: Unset
				resilience:
					Attributes:
						layer_noise_model: Unset
						measure_mitigation: Unset
						pec_mitigation: Unset
						zne_mitigation: Unset
					layer_noise_learning:
						Attributes:
							layer_pair_depths: Unset
							max_layers_to_learn: Unset
							num_randomizations: Unset
							shots_per_randomization: Unset
					measure_noise_learning:
						Attributes:
							num_randomizations: Unset
							shots_per_randomization: Unset
					pec:
						Attributes:
							max_overhead: Unset
							noise_gain: Unset
					zne:
						Attributes:
							amplifier: Unset
							extrapolated_noise_factors: Unset
							extrapolator: Unset
							noise_factors: Unset
				simulator:
					Attributes:
						basis_gates: Unset
						coupling_map: Unset
						noise_model: Unset
						seed_simulator: Unset
				twirling:
					Attributes:
						enable_gates: Unset
						enable_measure: Unset
						num_randomizations: Unset
						shots_per_randomization: Unset
						strategy: Unset
			MetaData:
				Attributes:
				circuit_metadata: Dataset (dtype=object, shape=(8050,), maxshape=(None,))
					Attributes:
						DIMENSION_LABELS: ['IterationAxis']
						NDataDims: 1
				target_precision: Dataset (dtype=float64, shape=(8050,), maxshape=(None,))
					Attributes:
						DIMENSION_LABELS: ['IterationAxis']
						NDataDims: 1
				version: Dataset (dtype=int64, shape=(8050,), maxshape=(None,))
					Attributes:
						DIMENSION_LABELS: ['IterationAxis']
						NDataDims: 1
			NIterations: Dataset (dtype=int64, shape=(), maxshape=())
				Attributes:
					NDataDims: 0
			OptimizerOptions:
				Attributes:
					bounds: None
					callback: None
					constraints: []
					method: slsqp
					tol: None
					x0Seed: 23972382
				options:
					Attributes:
						disp: 0
						maxiter: 20000
			PresetPassManagerOptions:
				Attributes:
			SimulatorOptions:
				Attributes:
			VersionInfo:
				Attributes:
					QiskitAerVersion: 0.17.1
					QiskitIBMRuntimeVersion: 0.41.1
					QiskitVersion: 2.1.2
		2025-11-21_18-43-36-23972382:
			Attributes:
				HamiltonianType: ZeroChargePenalty
				Last-Modified: 2025-11-21_18-43-36
				ProcessId: 23972382
				SimulatorType: Statevector
				SolverName: VQE
				SystemName: FreeWilson2D
				mass: -0.44897959183673475
				n_x: 2
				n_y: 2
				r: 1.0
			Circuit:
				Attributes:
					Ansatz: HardwareAdaptAnsatz14
				AnsatzOptions:
					Attributes:
						num_qubits: 8
			CircuitParameters: Dataset (dtype=float64, shape=(1200, 50), maxshape=(None, None))
				Attributes:
					DIMENSION_LABELS: ['IterationAxis' 'CircuitParameterAxis']
					NDataDims: 2
			Data:
				Attributes:
				evs:
					Attributes:
					Hamiltonian: Dataset (dtype=float64, shape=(1200,), maxshape=(None,))
						Attributes:
							DIMENSION_LABELS: ['IterationAxis']
							NDataDims: 1
				stds:
					Attributes:
					Hamiltonian: Dataset (dtype=float64, shape=(1200,), maxshape=(None,))
						Attributes:
							DIMENSION_LABELS: ['IterationAxis']
							NDataDims: 1
			EstimatorOptions:
				Attributes:
					_VERSION: 2
					default_precision: Unset
					default_shots: Unset
					experimental: Unset
					max_execution_time: Unset
					resilience_level: Unset
					seed_estimator: 23972382
				dynamical_decoupling:
					Attributes:
						enable: Unset
						extra_slack_distribution: Unset
						scheduling_method: Unset
						sequence_type: Unset
						skip_reset_qubits: Unset
				environment:
					Attributes:
						callback: None
						job_tags: None
						log_level: WARNING
						private: False
				execution:
					Attributes:
						init_qubits: Unset
						rep_delay: Unset
				resilience:
					Attributes:
						layer_noise_model: Unset
						measure_mitigation: Unset
						pec_mitigation: Unset
						zne_mitigation: Unset
					layer_noise_learning:
						Attributes:
							layer_pair_depths: Unset
							max_layers_to_learn: Unset
							num_randomizations: Unset
							shots_per_randomization: Unset
					measure_noise_learning:
						Attributes:
							num_randomizations: Unset
							shots_per_randomization: Unset
					pec:
						Attributes:
							max_overhead: Unset
							noise_gain: Unset
					zne:
						Attributes:
							amplifier: Unset
							extrapolated_noise_factors: Unset
							extrapolator: Unset
							noise_factors: Unset
				simulator:
					Attributes:
						basis_gates: Unset
						coupling_map: Unset
						noise_model: Unset
						seed_simulator: Unset
				twirling:
					Attributes:
						enable_gates: Unset
						enable_measure: Unset
						num_randomizations: Unset
						shots_per_randomization: Unset
						strategy: Unset
			MetaData:
				Attributes:
				circuit_metadata: Dataset (dtype=object, shape=(1200,), maxshape=(None,))
					Attributes:
						DIMENSION_LABELS: ['IterationAxis']
						NDataDims: 1
				target_precision: Dataset (dtype=float64, shape=(1200,), maxshape=(None,))
					Attributes:
						DIMENSION_LABELS: ['IterationAxis']
						NDataDims: 1
				version: Dataset (dtype=int64, shape=(1200,), maxshape=(None,))
					Attributes:
						DIMENSION_LABELS: ['IterationAxis']
						NDataDims: 1
			NIterations: Dataset (dtype=int64, shape=(), maxshape=())
				Attributes:
					NDataDims: 0
			OptimizerOptions:
				Attributes:
					bounds: None
					callback: None
					constraints: []
					method: slsqp
					tol: None
					x0Seed: 23972382
				options:
					Attributes:
						disp: 0
						maxiter: 20000
			PresetPassManagerOptions:
				Attributes:
			SimulatorOptions:
				Attributes:
			VersionInfo:
				Attributes:
					QiskitAerVersion: 0.17.1
					QiskitIBMRuntimeVersion: 0.41.1
					QiskitVersion: 2.1.2
		2025-11-21_18-44-02-23972382:
			Attributes:
				HamiltonianType: ZeroChargePenalty
				Last-Modified: 2025-11-21_18-44-02
				ProcessId: 23972382
				SimulatorType: Statevector
				SolverName: VQE
				SystemName: FreeWilson2D
				mass: -0.2857142857142865
				n_x: 2
				n_y: 2
				r: 1.0
			Circuit:
				Attributes:
					Ansatz: HardwareAdaptAnsatz14
				AnsatzOptions:
					Attributes:
						num_qubits: 8
			CircuitParameters: Dataset (dtype=float64, shape=(3260, 50), maxshape=(None, None))
				Attributes:
					DIMENSION_LABELS: ['IterationAxis' 'CircuitParameterAxis']
					NDataDims: 2
			Data:
				Attributes:
				evs:
					Attributes:
					Hamiltonian: Dataset (dtype=float64, shape=(3260,), maxshape=(None,))
						Attributes:
							DIMENSION_LABELS: ['IterationAxis']
							NDataDims: 1
				stds:
					Attributes:
					Hamiltonian: Dataset (dtype=float64, shape=(3260,), maxshape=(None,))
						Attributes:
							DIMENSION_LABELS: ['IterationAxis']
							NDataDims: 1
			EstimatorOptions:
				Attributes:
					_VERSION: 2
					default_precision: Unset
					default_shots: Unset
					experimental: Unset
					max_execution_time: Unset
					resilience_level: Unset
					seed_estimator: 23972382
				dynamical_decoupling:
					Attributes:
						enable: Unset
						extra_slack_distribution: Unset
						scheduling_method: Unset
						sequence_type: Unset
						skip_reset_qubits: Unset
				environment:
					Attributes:
						callback: None
						job_tags: None
						log_level: WARNING
						private: False
				execution:
					Attributes:
						init_qubits: Unset
						rep_delay: Unset
				resilience:
					Attributes:
						layer_noise_model: Unset
						measure_mitigation: Unset
						pec_mitigation: Unset
						zne_mitigation: Unset
					layer_noise_learning:
						Attributes:
							layer_pair_depths: Unset
							max_layers_to_learn: Unset
							num_randomizations: Unset
							shots_per_randomization: Unset
					measure_noise_learning:
						Attributes:
							num_randomizations: Unset
							shots_per_randomization: Unset
					pec:
						Attributes:
							max_overhead: Unset
							noise_gain: Unset
					zne:
						Attributes:
							amplifier: Unset
							extrapolated_noise_factors: Unset
							extrapolator: Unset
							noise_factors: Unset
				simulator:
					Attributes:
						basis_gates: Unset
						coupling_map: Unset
						noise_model: Unset
						seed_simulator: Unset
				twirling:
					Attributes:
						enable_gates: Unset
						enable_measure: Unset
						num_randomizations: Unset
						shots_per_randomization: Unset
						strategy: Unset
			MetaData:
				Attributes:
				circuit_metadata: Dataset (dtype=object, shape=(3260,), maxshape=(None,))
					Attributes:
						DIMENSION_LABELS: ['IterationAxis']
						NDataDims: 1
				target_precision: Dataset (dtype=float64, shape=(3260,), maxshape=(None,))
					Attributes:
						DIMENSION_LABELS: ['IterationAxis']
						NDataDims: 1
				version: Dataset (dtype=int64, shape=(3260,), maxshape=(None,))
					Attributes:
						DIMENSION_LABELS: ['IterationAxis']
						NDataDims: 1
			NIterations: Dataset (dtype=int64, shape=(), maxshape=())
				Attributes:
					NDataDims: 0
			OptimizerOptions:
				Attributes:
					bounds: None
					callback: None
					constraints: []
					method: slsqp
					tol: None
					x0Seed: 23972382
				options:
					Attributes:
						disp: 0
						maxiter: 20000
			PresetPassManagerOptions:
				Attributes:
			SimulatorOptions:
				Attributes:
			VersionInfo:
				Attributes:
					QiskitAerVersion: 0.17.1
					QiskitIBMRuntimeVersion: 0.41.1
					QiskitVersion: 2.1.2
		2025-11-21_18-45-11-23972382:
			Attributes:
				HamiltonianType: ZeroChargePenalty
				Last-Modified: 2025-11-21_18-45-11
				ProcessId: 23972382
				SimulatorType: Statevector
				SolverName: VQE
				SystemName: FreeWilson2D
				mass: -0.12244897959183731
				n_x: 2
				n_y: 2
				r: 1.0
			Circuit:
				Attributes:
					Ansatz: HardwareAdaptAnsatz14
				AnsatzOptions:
					Attributes:
						num_qubits: 8
			CircuitParameters: Dataset (dtype=float64, shape=(350, 12), maxshape=(None, None))
				Attributes:
					DIMENSION_LABELS: ['IterationAxis' 'CircuitParameterAxis']
					NDataDims: 2
			Data:
				Attributes:
				evs:
					Attributes:
					Hamiltonian: Dataset (dtype=float64, shape=(350,), maxshape=(None,))
						Attributes:
							DIMENSION_LABELS: ['IterationAxis']
							NDataDims: 1
				stds:
					Attributes:
					Hamiltonian: Dataset (dtype=float64, shape=(350,), maxshape=(None,))
						Attributes:
							DIMENSION_LABELS: ['IterationAxis']
							NDataDims: 1
			EstimatorOptions:
				Attributes:
					_VERSION: 2
					default_precision: Unset
					default_shots: Unset
					experimental: Unset
					max_execution_time: Unset
					resilience_level: Unset
					seed_estimator: 23972382
				dynamical_decoupling:
					Attributes:
						enable: Unset
						extra_slack_distribution: Unset
						scheduling_method: Unset
						sequence_type: Unset
						skip_reset_qubits: Unset
				environment:
					Attributes:
						callback: None
						job_tags: None
						log_level: WARNING
						private: False
				execution:
					Attributes:
						init_qubits: Unset
						rep_delay: Unset
				resilience:
					Attributes:
						layer_noise_model: Unset
						measure_mitigation: Unset
						pec_mitigation: Unset
						zne_mitigation: Unset
					layer_noise_learning:
						Attributes:
							layer_pair_depths: Unset
							max_layers_to_learn: Unset
							num_randomizations: Unset
							shots_per_randomization: Unset
					measure_noise_learning:
						Attributes:
							num_randomizations: Unset
							shots_per_randomization: Unset
					pec:
						Attributes:
							max_overhead: Unset
							noise_gain: Unset
					zne:
						Attributes:
							amplifier: Unset
							extrapolated_noise_factors: Unset
							extrapolator: Unset
							noise_factors: Unset
				simulator:
					Attributes:
						basis_gates: Unset
						coupling_map: Unset
						noise_model: Unset
						seed_simulator: Unset
				twirling:
					Attributes:
						enable_gates: Unset
						enable_measure: Unset
						num_randomizations: Unset
						shots_per_randomization: Unset
						strategy: Unset
			MetaData:
				Attributes:
				circuit_metadata: Dataset (dtype=object, shape=(350,), maxshape=(None,))
					Attributes:
						DIMENSION_LABELS: ['IterationAxis']
						NDataDims: 1
				target_precision: Dataset (dtype=float64, shape=(350,), maxshape=(None,))
					Attributes:
						DIMENSION_LABELS: ['IterationAxis']
						NDataDims: 1
				version: Dataset (dtype=int64, shape=(350,), maxshape=(None,))
					Attributes:
						DIMENSION_LABELS: ['IterationAxis']
						NDataDims: 1
			NIterations: Dataset (dtype=int64, shape=(), maxshape=())
				Attributes:
					NDataDims: 0
			OptimizerOptions:
				Attributes:
					bounds: None
					callback: None
					constraints: []
					method: slsqp
					tol: None
					x0Seed: 23972382
				options:
					Attributes:
						disp: 0
						maxiter: 20000
			PresetPassManagerOptions:
				Attributes:
			SimulatorOptions:
				Attributes:
			VersionInfo:
				Attributes:
					QiskitAerVersion: 0.17.1
					QiskitIBMRuntimeVersion: 0.41.1
					QiskitVersion: 2.1.2
		2025-11-21_18-45-15-23972382:
			Attributes:
				HamiltonianType: ZeroChargePenalty
				Last-Modified: 2025-11-21_18-45-15
				ProcessId: 23972382
				SimulatorType: Statevector
				SolverName: VQE
				SystemName: FreeWilson2D
				mass: 0.040816326530611846
				n_x: 2
				n_y: 2
				r: 1.0
			Circuit:
				Attributes:
					Ansatz: HardwareAdaptAnsatz14
				AnsatzOptions:
					Attributes:
						num_qubits: 8
			CircuitParameters: Dataset (dtype=float64, shape=(1150, 44), maxshape=(None, None))
				Attributes:
					DIMENSION_LABELS: ['IterationAxis' 'CircuitParameterAxis']
					NDataDims: 2
			Data:
				Attributes:
				evs:
					Attributes:
					Hamiltonian: Dataset (dtype=float64, shape=(1150,), maxshape=(None,))
						Attributes:
							DIMENSION_LABELS: ['IterationAxis']
							NDataDims: 1
				stds:
					Attributes:
					Hamiltonian: Dataset (dtype=float64, shape=(1150,), maxshape=(None,))
						Attributes:
							DIMENSION_LABELS: ['IterationAxis']
							NDataDims: 1
			EstimatorOptions:
				Attributes:
					_VERSION: 2
					default_precision: Unset
					default_shots: Unset
					experimental: Unset
					max_execution_time: Unset
					resilience_level: Unset
					seed_estimator: 23972382
				dynamical_decoupling:
					Attributes:
						enable: Unset
						extra_slack_distribution: Unset
						scheduling_method: Unset
						sequence_type: Unset
						skip_reset_qubits: Unset
				environment:
					Attributes:
						callback: None
						job_tags: None
						log_level: WARNING
						private: False
				execution:
					Attributes:
						init_qubits: Unset
						rep_delay: Unset
				resilience:
					Attributes:
						layer_noise_model: Unset
						measure_mitigation: Unset
						pec_mitigation: Unset
						zne_mitigation: Unset
					layer_noise_learning:
						Attributes:
							layer_pair_depths: Unset
							max_layers_to_learn: Unset
							num_randomizations: Unset
							shots_per_randomization: Unset
					measure_noise_learning:
						Attributes:
							num_randomizations: Unset
							shots_per_randomization: Unset
					pec:
						Attributes:
							max_overhead: Unset
							noise_gain: Unset
					zne:
						Attributes:
							amplifier: Unset
							extrapolated_noise_factors: Unset
							extrapolator: Unset
							noise_factors: Unset
				simulator:
					Attributes:
						basis_gates: Unset
						coupling_map: Unset
						noise_model: Unset
						seed_simulator: Unset
				twirling:
					Attributes:
						enable_gates: Unset
						enable_measure: Unset
						num_randomizations: Unset
						shots_per_randomization: Unset
						strategy: Unset
			MetaData:
				Attributes:
				circuit_metadata: Dataset (dtype=object, shape=(1150,), maxshape=(None,))
					Attributes:
						DIMENSION_LABELS: ['IterationAxis']
						NDataDims: 1
				target_precision: Dataset (dtype=float64, shape=(1150,), maxshape=(None,))
					Attributes:
						DIMENSION_LABELS: ['IterationAxis']
						NDataDims: 1
				version: Dataset (dtype=int64, shape=(1150,), maxshape=(None,))
					Attributes:
						DIMENSION_LABELS: ['IterationAxis']
						NDataDims: 1
			NIterations: Dataset (dtype=int64, shape=(), maxshape=())
				Attributes:
					NDataDims: 0
			OptimizerOptions:
				Attributes:
					bounds: None
					callback: None
					constraints: []
					method: slsqp
					tol: None
					x0Seed: 23972382
				options:
					Attributes:
						disp: 0
						maxiter: 20000
			PresetPassManagerOptions:
				Attributes:
			SimulatorOptions:
				Attributes:
			VersionInfo:
				Attributes:
					QiskitAerVersion: 0.17.1
					QiskitIBMRuntimeVersion: 0.41.1
					QiskitVersion: 2.1.2
		2025-11-21_18-45-38-23972382:
			Attributes:
				HamiltonianType: ZeroChargePenalty
				Last-Modified: 2025-11-21_18-45-38
				ProcessId: 23972382
				SimulatorType: Statevector
				SolverName: VQE
				SystemName: FreeWilson2D
				mass: 0.204081632653061
				n_x: 2
				n_y: 2
				r: 1.0
			Circuit:
				Attributes:
					Ansatz: HardwareAdaptAnsatz14
				AnsatzOptions:
					Attributes:
						num_qubits: 8
			CircuitParameters: Dataset (dtype=float64, shape=(6000, 50), maxshape=(None, None))
				Attributes:
					DIMENSION_LABELS: ['IterationAxis' 'CircuitParameterAxis']
					NDataDims: 2
			Data:
				Attributes:
				evs:
					Attributes:
					Hamiltonian: Dataset (dtype=float64, shape=(6000,), maxshape=(None,))
						Attributes:
							DIMENSION_LABELS: ['IterationAxis']
							NDataDims: 1
				stds:
					Attributes:
					Hamiltonian: Dataset (dtype=float64, shape=(6000,), maxshape=(None,))
						Attributes:
							DIMENSION_LABELS: ['IterationAxis']
							NDataDims: 1
			EstimatorOptions:
				Attributes:
					_VERSION: 2
					default_precision: Unset
					default_shots: Unset
					experimental: Unset
					max_execution_time: Unset
					resilience_level: Unset
					seed_estimator: 23972382
				dynamical_decoupling:
					Attributes:
						enable: Unset
						extra_slack_distribution: Unset
						scheduling_method: Unset
						sequence_type: Unset
						skip_reset_qubits: Unset
				environment:
					Attributes:
						callback: None
						job_tags: None
						log_level: WARNING
						private: False
				execution:
					Attributes:
						init_qubits: Unset
						rep_delay: Unset
				resilience:
					Attributes:
						layer_noise_model: Unset
						measure_mitigation: Unset
						pec_mitigation: Unset
						zne_mitigation: Unset
					layer_noise_learning:
						Attributes:
							layer_pair_depths: Unset
							max_layers_to_learn: Unset
							num_randomizations: Unset
							shots_per_randomization: Unset
					measure_noise_learning:
						Attributes:
							num_randomizations: Unset
							shots_per_randomization: Unset
					pec:
						Attributes:
							max_overhead: Unset
							noise_gain: Unset
					zne:
						Attributes:
							amplifier: Unset
							extrapolated_noise_factors: Unset
							extrapolator: Unset
							noise_factors: Unset
				simulator:
					Attributes:
						basis_gates: Unset
						coupling_map: Unset
						noise_model: Unset
						seed_simulator: Unset
				twirling:
					Attributes:
						enable_gates: Unset
						enable_measure: Unset
						num_randomizations: Unset
						shots_per_randomization: Unset
						strategy: Unset
			MetaData:
				Attributes:
				circuit_metadata: Dataset (dtype=object, shape=(6000,), maxshape=(None,))
					Attributes:
						DIMENSION_LABELS: ['IterationAxis']
						NDataDims: 1
				target_precision: Dataset (dtype=float64, shape=(6000,), maxshape=(None,))
					Attributes:
						DIMENSION_LABELS: ['IterationAxis']
						NDataDims: 1
				version: Dataset (dtype=int64, shape=(6000,), maxshape=(None,))
					Attributes:
						DIMENSION_LABELS: ['IterationAxis']
						NDataDims: 1
			NIterations: Dataset (dtype=int64, shape=(), maxshape=())
				Attributes:
					NDataDims: 0
			OptimizerOptions:
				Attributes:
					bounds: None
					callback: None
					constraints: []
					method: slsqp
					tol: None
					x0Seed: 23972382
				options:
					Attributes:
						disp: 0
						maxiter: 20000
			PresetPassManagerOptions:
				Attributes:
			SimulatorOptions:
				Attributes:
			VersionInfo:
				Attributes:
					QiskitAerVersion: 0.17.1
					QiskitIBMRuntimeVersion: 0.41.1
					QiskitVersion: 2.1.2
		2025-11-21_18-47-45-23972382:
			Attributes:
				HamiltonianType: ZeroChargePenalty
				Last-Modified: 2025-11-21_18-47-45
				ProcessId: 23972382
				SimulatorType: Statevector
				SolverName: VQE
				SystemName: FreeWilson2D
				mass: 0.3673469387755093
				n_x: 2
				n_y: 2
				r: 1.0
			Circuit:
				Attributes:
					Ansatz: HardwareAdaptAnsatz14
				AnsatzOptions:
					Attributes:
						num_qubits: 8
			CircuitParameters: Dataset (dtype=float64, shape=(2870, 50), maxshape=(None, None))
				Attributes:
					DIMENSION_LABELS: ['IterationAxis' 'CircuitParameterAxis']
					NDataDims: 2
			Data:
				Attributes:
				evs:
					Attributes:
					Hamiltonian: Dataset (dtype=float64, shape=(2870,), maxshape=(None,))
						Attributes:
							DIMENSION_LABELS: ['IterationAxis']
							NDataDims: 1
				stds:
					Attributes:
					Hamiltonian: Dataset (dtype=float64, shape=(2870,), maxshape=(None,))
						Attributes:
							DIMENSION_LABELS: ['IterationAxis']
							NDataDims: 1
			EstimatorOptions:
				Attributes:
					_VERSION: 2
					default_precision: Unset
					default_shots: Unset
					experimental: Unset
					max_execution_time: Unset
					resilience_level: Unset
					seed_estimator: 23972382
				dynamical_decoupling:
					Attributes:
						enable: Unset
						extra_slack_distribution: Unset
						scheduling_method: Unset
						sequence_type: Unset
						skip_reset_qubits: Unset
				environment:
					Attributes:
						callback: None
						job_tags: None
						log_level: WARNING
						private: False
				execution:
					Attributes:
						init_qubits: Unset
						rep_delay: Unset
				resilience:
					Attributes:
						layer_noise_model: Unset
						measure_mitigation: Unset
						pec_mitigation: Unset
						zne_mitigation: Unset
					layer_noise_learning:
						Attributes:
							layer_pair_depths: Unset
							max_layers_to_learn: Unset
							num_randomizations: Unset
							shots_per_randomization: Unset
					measure_noise_learning:
						Attributes:
							num_randomizations: Unset
							shots_per_randomization: Unset
					pec:
						Attributes:
							max_overhead: Unset
							noise_gain: Unset
					zne:
						Attributes:
							amplifier: Unset
							extrapolated_noise_factors: Unset
							extrapolator: Unset
							noise_factors: Unset
				simulator:
					Attributes:
						basis_gates: Unset
						coupling_map: Unset
						noise_model: Unset
						seed_simulator: Unset
				twirling:
					Attributes:
						enable_gates: Unset
						enable_measure: Unset
						num_randomizations: Unset
						shots_per_randomization: Unset
						strategy: Unset
			MetaData:
				Attributes:
				circuit_metadata: Dataset (dtype=object, shape=(2870,), maxshape=(None,))
					Attributes:
						DIMENSION_LABELS: ['IterationAxis']
						NDataDims: 1
				target_precision: Dataset (dtype=float64, shape=(2870,), maxshape=(None,))
					Attributes:
						DIMENSION_LABELS: ['IterationAxis']
						NDataDims: 1
				version: Dataset (dtype=int64, shape=(2870,), maxshape=(None,))
					Attributes:
						DIMENSION_LABELS: ['IterationAxis']
						NDataDims: 1
			NIterations: Dataset (dtype=int64, shape=(), maxshape=())
				Attributes:
					NDataDims: 0
			OptimizerOptions:
				Attributes:
					bounds: None
					callback: None
					constraints: []
					method: slsqp
					tol: None
					x0Seed: 23972382
				options:
					Attributes:
						disp: 0
						maxiter: 20000
			PresetPassManagerOptions:
				Attributes:
			SimulatorOptions:
				Attributes:
			VersionInfo:
				Attributes:
					QiskitAerVersion: 0.17.1
					QiskitIBMRuntimeVersion: 0.41.1
					QiskitVersion: 2.1.2
		2025-11-21_18-48-45-23972382:
			Attributes:
				HamiltonianType: ZeroChargePenalty
				Last-Modified: 2025-11-21_18-48-45
				ProcessId: 23972382
				SimulatorType: Statevector
				SolverName: VQE
				SystemName: FreeWilson2D
				mass: 0.5306122448979584
				n_x: 2
				n_y: 2
				r: 1.0
			Circuit:
				Attributes:
					Ansatz: HardwareAdaptAnsatz14
				AnsatzOptions:
					Attributes:
						num_qubits: 8
			CircuitParameters: Dataset (dtype=float64, shape=(3390, 50), maxshape=(None, None))
				Attributes:
					DIMENSION_LABELS: ['IterationAxis' 'CircuitParameterAxis']
					NDataDims: 2
			Data:
				Attributes:
				evs:
					Attributes:
					Hamiltonian: Dataset (dtype=float64, shape=(3390,), maxshape=(None,))
						Attributes:
							DIMENSION_LABELS: ['IterationAxis']
							NDataDims: 1
				stds:
					Attributes:
					Hamiltonian: Dataset (dtype=float64, shape=(3390,), maxshape=(None,))
						Attributes:
							DIMENSION_LABELS: ['IterationAxis']
							NDataDims: 1
			EstimatorOptions:
				Attributes:
					_VERSION: 2
					default_precision: Unset
					default_shots: Unset
					experimental: Unset
					max_execution_time: Unset
					resilience_level: Unset
					seed_estimator: 23972382
				dynamical_decoupling:
					Attributes:
						enable: Unset
						extra_slack_distribution: Unset
						scheduling_method: Unset
						sequence_type: Unset
						skip_reset_qubits: Unset
				environment:
					Attributes:
						callback: None
						job_tags: None
						log_level: WARNING
						private: False
				execution:
					Attributes:
						init_qubits: Unset
						rep_delay: Unset
				resilience:
					Attributes:
						layer_noise_model: Unset
						measure_mitigation: Unset
						pec_mitigation: Unset
						zne_mitigation: Unset
					layer_noise_learning:
						Attributes:
							layer_pair_depths: Unset
							max_layers_to_learn: Unset
							num_randomizations: Unset
							shots_per_randomization: Unset
					measure_noise_learning:
						Attributes:
							num_randomizations: Unset
							shots_per_randomization: Unset
					pec:
						Attributes:
							max_overhead: Unset
							noise_gain: Unset
					zne:
						Attributes:
							amplifier: Unset
							extrapolated_noise_factors: Unset
							extrapolator: Unset
							noise_factors: Unset
				simulator:
					Attributes:
						basis_gates: Unset
						coupling_map: Unset
						noise_model: Unset
						seed_simulator: Unset
				twirling:
					Attributes:
						enable_gates: Unset
						enable_measure: Unset
						num_randomizations: Unset
						shots_per_randomization: Unset
						strategy: Unset
			MetaData:
				Attributes:
				circuit_metadata: Dataset (dtype=object, shape=(3390,), maxshape=(None,))
					Attributes:
						DIMENSION_LABELS: ['IterationAxis']
						NDataDims: 1
				target_precision: Dataset (dtype=float64, shape=(3390,), maxshape=(None,))
					Attributes:
						DIMENSION_LABELS: ['IterationAxis']
						NDataDims: 1
				version: Dataset (dtype=int64, shape=(3390,), maxshape=(None,))
					Attributes:
						DIMENSION_LABELS: ['IterationAxis']
						NDataDims: 1
			NIterations: Dataset (dtype=int64, shape=(), maxshape=())
				Attributes:
					NDataDims: 0
			OptimizerOptions:
				Attributes:
					bounds: None
					callback: None
					constraints: []
					method: slsqp
					tol: None
					x0Seed: 23972382
				options:
					Attributes:
						disp: 0
						maxiter: 20000
			PresetPassManagerOptions:
				Attributes:
			SimulatorOptions:
				Attributes:
			VersionInfo:
				Attributes:
					QiskitAerVersion: 0.17.1
					QiskitIBMRuntimeVersion: 0.41.1
					QiskitVersion: 2.1.2
		2025-11-21_18-49-58-23972382:
			Attributes:
				HamiltonianType: ZeroChargePenalty
				Last-Modified: 2025-11-21_18-49-58
				ProcessId: 23972382
				SimulatorType: Statevector
				SolverName: VQE
				SystemName: FreeWilson2D
				mass: 0.6938775510204076
				n_x: 2
				n_y: 2
				r: 1.0
			Circuit:
				Attributes:
					Ansatz: HardwareAdaptAnsatz14
				AnsatzOptions:
					Attributes:
						num_qubits: 8
			CircuitParameters: Dataset (dtype=float64, shape=(26870, 50), maxshape=(None, None))
				Attributes:
					DIMENSION_LABELS: ['IterationAxis' 'CircuitParameterAxis']
					NDataDims: 2
			Data:
				Attributes:
				evs:
					Attributes:
					Hamiltonian: Dataset (dtype=float64, shape=(26870,), maxshape=(None,))
						Attributes:
							DIMENSION_LABELS: ['IterationAxis']
							NDataDims: 1
				stds:
					Attributes:
					Hamiltonian: Dataset (dtype=float64, shape=(26870,), maxshape=(None,))
						Attributes:
							DIMENSION_LABELS: ['IterationAxis']
							NDataDims: 1
			EstimatorOptions:
				Attributes:
					_VERSION: 2
					default_precision: Unset
					default_shots: Unset
					experimental: Unset
					max_execution_time: Unset
					resilience_level: Unset
					seed_estimator: 23972382
				dynamical_decoupling:
					Attributes:
						enable: Unset
						extra_slack_distribution: Unset
						scheduling_method: Unset
						sequence_type: Unset
						skip_reset_qubits: Unset
				environment:
					Attributes:
						callback: None
						job_tags: None
						log_level: WARNING
						private: False
				execution:
					Attributes:
						init_qubits: Unset
						rep_delay: Unset
				resilience:
					Attributes:
						layer_noise_model: Unset
						measure_mitigation: Unset
						pec_mitigation: Unset
						zne_mitigation: Unset
					layer_noise_learning:
						Attributes:
							layer_pair_depths: Unset
							max_layers_to_learn: Unset
							num_randomizations: Unset
							shots_per_randomization: Unset
					measure_noise_learning:
						Attributes:
							num_randomizations: Unset
							shots_per_randomization: Unset
					pec:
						Attributes:
							max_overhead: Unset
							noise_gain: Unset
					zne:
						Attributes:
							amplifier: Unset
							extrapolated_noise_factors: Unset
							extrapolator: Unset
							noise_factors: Unset
				simulator:
					Attributes:
						basis_gates: Unset
						coupling_map: Unset
						noise_model: Unset
						seed_simulator: Unset
				twirling:
					Attributes:
						enable_gates: Unset
						enable_measure: Unset
						num_randomizations: Unset
						shots_per_randomization: Unset
						strategy: Unset
			MetaData:
				Attributes:
				circuit_metadata: Dataset (dtype=object, shape=(26870,), maxshape=(None,))
					Attributes:
						DIMENSION_LABELS: ['IterationAxis']
						NDataDims: 1
				target_precision: Dataset (dtype=float64, shape=(26870,), maxshape=(None,))
					Attributes:
						DIMENSION_LABELS: ['IterationAxis']
						NDataDims: 1
				version: Dataset (dtype=int64, shape=(26870,), maxshape=(None,))
					Attributes:
						DIMENSION_LABELS: ['IterationAxis']
						NDataDims: 1
			NIterations: Dataset (dtype=int64, shape=(), maxshape=())
				Attributes:
					NDataDims: 0
			OptimizerOptions:
				Attributes:
					bounds: None
					callback: None
					constraints: []
					method: slsqp
					tol: None
					x0Seed: 23972382
				options:
					Attributes:
						disp: 0
						maxiter: 20000
			PresetPassManagerOptions:
				Attributes:
			SimulatorOptions:
				Attributes:
			VersionInfo:
				Attributes:
					QiskitAerVersion: 0.17.1
					QiskitIBMRuntimeVersion: 0.41.1
					QiskitVersion: 2.1.2
		2025-11-21_18-59-25-23972382:
			Attributes:
				HamiltonianType: ZeroChargePenalty
				Last-Modified: 2025-11-21_18-59-25
				ProcessId: 23972382
				SimulatorType: Statevector
				SolverName: VQE
				SystemName: FreeWilson2D
				mass: 0.8571428571428568
				n_x: 2
				n_y: 2
				r: 1.0
			Circuit:
				Attributes:
					Ansatz: HardwareAdaptAnsatz14
				AnsatzOptions:
					Attributes:
						num_qubits: 8
			CircuitParameters: Dataset (dtype=float64, shape=(3240, 50), maxshape=(None, None))
				Attributes:
					DIMENSION_LABELS: ['IterationAxis' 'CircuitParameterAxis']
					NDataDims: 2
			Data:
				Attributes:
				evs:
					Attributes:
					Hamiltonian: Dataset (dtype=float64, shape=(3240,), maxshape=(None,))
						Attributes:
							DIMENSION_LABELS: ['IterationAxis']
							NDataDims: 1
				stds:
					Attributes:
					Hamiltonian: Dataset (dtype=float64, shape=(3240,), maxshape=(None,))
						Attributes:
							DIMENSION_LABELS: ['IterationAxis']
							NDataDims: 1
			EstimatorOptions:
				Attributes:
					_VERSION: 2
					default_precision: Unset
					default_shots: Unset
					experimental: Unset
					max_execution_time: Unset
					resilience_level: Unset
					seed_estimator: 23972382
				dynamical_decoupling:
					Attributes:
						enable: Unset
						extra_slack_distribution: Unset
						scheduling_method: Unset
						sequence_type: Unset
						skip_reset_qubits: Unset
				environment:
					Attributes:
						callback: None
						job_tags: None
						log_level: WARNING
						private: False
				execution:
					Attributes:
						init_qubits: Unset
						rep_delay: Unset
				resilience:
					Attributes:
						layer_noise_model: Unset
						measure_mitigation: Unset
						pec_mitigation: Unset
						zne_mitigation: Unset
					layer_noise_learning:
						Attributes:
							layer_pair_depths: Unset
							max_layers_to_learn: Unset
							num_randomizations: Unset
							shots_per_randomization: Unset
					measure_noise_learning:
						Attributes:
							num_randomizations: Unset
							shots_per_randomization: Unset
					pec:
						Attributes:
							max_overhead: Unset
							noise_gain: Unset
					zne:
						Attributes:
							amplifier: Unset
							extrapolated_noise_factors: Unset
							extrapolator: Unset
							noise_factors: Unset
				simulator:
					Attributes:
						basis_gates: Unset
						coupling_map: Unset
						noise_model: Unset
						seed_simulator: Unset
				twirling:
					Attributes:
						enable_gates: Unset
						enable_measure: Unset
						num_randomizations: Unset
						shots_per_randomization: Unset
						strategy: Unset
			MetaData:
				Attributes:
				circuit_metadata: Dataset (dtype=object, shape=(3240,), maxshape=(None,))
					Attributes:
						DIMENSION_LABELS: ['IterationAxis']
						NDataDims: 1
				target_precision: Dataset (dtype=float64, shape=(3240,), maxshape=(None,))
					Attributes:
						DIMENSION_LABELS: ['IterationAxis']
						NDataDims: 1
				version: Dataset (dtype=int64, shape=(3240,), maxshape=(None,))
					Attributes:
						DIMENSION_LABELS: ['IterationAxis']
						NDataDims: 1
			NIterations: Dataset (dtype=int64, shape=(), maxshape=())
				Attributes:
					NDataDims: 0
			OptimizerOptions:
				Attributes:
					bounds: None
					callback: None
					constraints: []
					method: slsqp
					tol: None
					x0Seed: 23972382
				options:
					Attributes:
						disp: 0
						maxiter: 20000
			PresetPassManagerOptions:
				Attributes:
			SimulatorOptions:
				Attributes:
			VersionInfo:
				Attributes:
					QiskitAerVersion: 0.17.1
					QiskitIBMRuntimeVersion: 0.41.1
					QiskitVersion: 2.1.2
		2025-11-21_19-00-33-23972382:
			Attributes:
				HamiltonianType: ZeroChargePenalty
				Last-Modified: 2025-11-21_19-00-33
				ProcessId: 23972382
				SimulatorType: Statevector
				SolverName: VQE
				SystemName: FreeWilson2D
				mass: 1.020408163265306
				n_x: 2
				n_y: 2
				r: 1.0
			Circuit:
				Attributes:
					Ansatz: HardwareAdaptAnsatz14
				AnsatzOptions:
					Attributes:
						num_qubits: 8
			CircuitParameters: Dataset (dtype=float64, shape=(6250, 50), maxshape=(None, None))
				Attributes:
					DIMENSION_LABELS: ['IterationAxis' 'CircuitParameterAxis']
					NDataDims: 2
			Data:
				Attributes:
				evs:
					Attributes:
					Hamiltonian: Dataset (dtype=float64, shape=(6250,), maxshape=(None,))
						Attributes:
							DIMENSION_LABELS: ['IterationAxis']
							NDataDims: 1
				stds:
					Attributes:
					Hamiltonian: Dataset (dtype=float64, shape=(6250,), maxshape=(None,))
						Attributes:
							DIMENSION_LABELS: ['IterationAxis']
							NDataDims: 1
			EstimatorOptions:
				Attributes:
					_VERSION: 2
					default_precision: Unset
					default_shots: Unset
					experimental: Unset
					max_execution_time: Unset
					resilience_level: Unset
					seed_estimator: 23972382
				dynamical_decoupling:
					Attributes:
						enable: Unset
						extra_slack_distribution: Unset
						scheduling_method: Unset
						sequence_type: Unset
						skip_reset_qubits: Unset
				environment:
					Attributes:
						callback: None
						job_tags: None
						log_level: WARNING
						private: False
				execution:
					Attributes:
						init_qubits: Unset
						rep_delay: Unset
				resilience:
					Attributes:
						layer_noise_model: Unset
						measure_mitigation: Unset
						pec_mitigation: Unset
						zne_mitigation: Unset
					layer_noise_learning:
						Attributes:
							layer_pair_depths: Unset
							max_layers_to_learn: Unset
							num_randomizations: Unset
							shots_per_randomization: Unset
					measure_noise_learning:
						Attributes:
							num_randomizations: Unset
							shots_per_randomization: Unset
					pec:
						Attributes:
							max_overhead: Unset
							noise_gain: Unset
					zne:
						Attributes:
							amplifier: Unset
							extrapolated_noise_factors: Unset
							extrapolator: Unset
							noise_factors: Unset
				simulator:
					Attributes:
						basis_gates: Unset
						coupling_map: Unset
						noise_model: Unset
						seed_simulator: Unset
				twirling:
					Attributes:
						enable_gates: Unset
						enable_measure: Unset
						num_randomizations: Unset
						shots_per_randomization: Unset
						strategy: Unset
			MetaData:
				Attributes:
				circuit_metadata: Dataset (dtype=object, shape=(6250,), maxshape=(None,))
					Attributes:
						DIMENSION_LABELS: ['IterationAxis']
						NDataDims: 1
				target_precision: Dataset (dtype=float64, shape=(6250,), maxshape=(None,))
					Attributes:
						DIMENSION_LABELS: ['IterationAxis']
						NDataDims: 1
				version: Dataset (dtype=int64, shape=(6250,), maxshape=(None,))
					Attributes:
						DIMENSION_LABELS: ['IterationAxis']
						NDataDims: 1
			NIterations: Dataset (dtype=int64, shape=(), maxshape=())
				Attributes:
					NDataDims: 0
			OptimizerOptions:
				Attributes:
					bounds: None
					callback: None
					constraints: []
					method: slsqp
					tol: None
					x0Seed: 23972382
				options:
					Attributes:
						disp: 0
						maxiter: 20000
			PresetPassManagerOptions:
				Attributes:
			SimulatorOptions:
				Attributes:
			VersionInfo:
				Attributes:
					QiskitAerVersion: 0.17.1
					QiskitIBMRuntimeVersion: 0.41.1
					QiskitVersion: 2.1.2
		2025-11-21_19-02-46-23972382:
			Attributes:
				HamiltonianType: ZeroChargePenalty
				Last-Modified: 2025-11-21_19-02-46
				ProcessId: 23972382
				SimulatorType: Statevector
				SolverName: VQE
				SystemName: FreeWilson2D
				mass: 1.1836734693877542
				n_x: 2
				n_y: 2
				r: 1.0
			Circuit:
				Attributes:
					Ansatz: HardwareAdaptAnsatz14
				AnsatzOptions:
					Attributes:
						num_qubits: 8
			CircuitParameters: Dataset (dtype=float64, shape=(1440, 31), maxshape=(None, None))
				Attributes:
					DIMENSION_LABELS: ['IterationAxis' 'CircuitParameterAxis']
					NDataDims: 2
			Data:
				Attributes:
				evs:
					Attributes:
					Hamiltonian: Dataset (dtype=float64, shape=(1440,), maxshape=(None,))
						Attributes:
							DIMENSION_LABELS: ['IterationAxis']
							NDataDims: 1
				stds:
					Attributes:
					Hamiltonian: Dataset (dtype=float64, shape=(1440,), maxshape=(None,))
						Attributes:
							DIMENSION_LABELS: ['IterationAxis']
							NDataDims: 1
			EstimatorOptions:
				Attributes:
					_VERSION: 2
					default_precision: Unset
					default_shots: Unset
					experimental: Unset
					max_execution_time: Unset
					resilience_level: Unset
					seed_estimator: 23972382
				dynamical_decoupling:
					Attributes:
						enable: Unset
						extra_slack_distribution: Unset
						scheduling_method: Unset
						sequence_type: Unset
						skip_reset_qubits: Unset
				environment:
					Attributes:
						callback: None
						job_tags: None
						log_level: WARNING
						private: False
				execution:
					Attributes:
						init_qubits: Unset
						rep_delay: Unset
				resilience:
					Attributes:
						layer_noise_model: Unset
						measure_mitigation: Unset
						pec_mitigation: Unset
						zne_mitigation: Unset
					layer_noise_learning:
						Attributes:
							layer_pair_depths: Unset
							max_layers_to_learn: Unset
							num_randomizations: Unset
							shots_per_randomization: Unset
					measure_noise_learning:
						Attributes:
							num_randomizations: Unset
							shots_per_randomization: Unset
					pec:
						Attributes:
							max_overhead: Unset
							noise_gain: Unset
					zne:
						Attributes:
							amplifier: Unset
							extrapolated_noise_factors: Unset
							extrapolator: Unset
							noise_factors: Unset
				simulator:
					Attributes:
						basis_gates: Unset
						coupling_map: Unset
						noise_model: Unset
						seed_simulator: Unset
				twirling:
					Attributes:
						enable_gates: Unset
						enable_measure: Unset
						num_randomizations: Unset
						shots_per_randomization: Unset
						strategy: Unset
			MetaData:
				Attributes:
				circuit_metadata: Dataset (dtype=object, shape=(1440,), maxshape=(None,))
					Attributes:
						DIMENSION_LABELS: ['IterationAxis']
						NDataDims: 1
				target_precision: Dataset (dtype=float64, shape=(1440,), maxshape=(None,))
					Attributes:
						DIMENSION_LABELS: ['IterationAxis']
						NDataDims: 1
				version: Dataset (dtype=int64, shape=(1440,), maxshape=(None,))
					Attributes:
						DIMENSION_LABELS: ['IterationAxis']
						NDataDims: 1
			NIterations: Dataset (dtype=int64, shape=(), maxshape=())
				Attributes:
					NDataDims: 0
			OptimizerOptions:
				Attributes:
					bounds: None
					callback: None
					constraints: []
					method: slsqp
					tol: None
					x0Seed: 23972382
				options:
					Attributes:
						disp: 0
						maxiter: 20000
			PresetPassManagerOptions:
				Attributes:
			SimulatorOptions:
				Attributes:
			VersionInfo:
				Attributes:
					QiskitAerVersion: 0.17.1
					QiskitIBMRuntimeVersion: 0.41.1
					QiskitVersion: 2.1.2
		2025-11-21_19-03-08-23972382:
			Attributes:
				HamiltonianType: ZeroChargePenalty
				Last-Modified: 2025-11-21_19-03-08
				ProcessId: 23972382
				SimulatorType: Statevector
				SolverName: VQE
				SystemName: FreeWilson2D
				mass: 1.3469387755102034
				n_x: 2
				n_y: 2
				r: 1.0
			Circuit:
				Attributes:
					Ansatz: HardwareAdaptAnsatz14
				AnsatzOptions:
					Attributes:
						num_qubits: 8
			CircuitParameters: Dataset (dtype=float64, shape=(1370, 50), maxshape=(None, None))
				Attributes:
					DIMENSION_LABELS: ['IterationAxis' 'CircuitParameterAxis']
					NDataDims: 2
			Data:
				Attributes:
				evs:
					Attributes:
					Hamiltonian: Dataset (dtype=float64, shape=(1370,), maxshape=(None,))
						Attributes:
							DIMENSION_LABELS: ['IterationAxis']
							NDataDims: 1
				stds:
					Attributes:
					Hamiltonian: Dataset (dtype=float64, shape=(1370,), maxshape=(None,))
						Attributes:
							DIMENSION_LABELS: ['IterationAxis']
							NDataDims: 1
			EstimatorOptions:
				Attributes:
					_VERSION: 2
					default_precision: Unset
					default_shots: Unset
					experimental: Unset
					max_execution_time: Unset
					resilience_level: Unset
					seed_estimator: 23972382
				dynamical_decoupling:
					Attributes:
						enable: Unset
						extra_slack_distribution: Unset
						scheduling_method: Unset
						sequence_type: Unset
						skip_reset_qubits: Unset
				environment:
					Attributes:
						callback: None
						job_tags: None
						log_level: WARNING
						private: False
				execution:
					Attributes:
						init_qubits: Unset
						rep_delay: Unset
				resilience:
					Attributes:
						layer_noise_model: Unset
						measure_mitigation: Unset
						pec_mitigation: Unset
						zne_mitigation: Unset
					layer_noise_learning:
						Attributes:
							layer_pair_depths: Unset
							max_layers_to_learn: Unset
							num_randomizations: Unset
							shots_per_randomization: Unset
					measure_noise_learning:
						Attributes:
							num_randomizations: Unset
							shots_per_randomization: Unset
					pec:
						Attributes:
							max_overhead: Unset
							noise_gain: Unset
					zne:
						Attributes:
							amplifier: Unset
							extrapolated_noise_factors: Unset
							extrapolator: Unset
							noise_factors: Unset
				simulator:
					Attributes:
						basis_gates: Unset
						coupling_map: Unset
						noise_model: Unset
						seed_simulator: Unset
				twirling:
					Attributes:
						enable_gates: Unset
						enable_measure: Unset
						num_randomizations: Unset
						shots_per_randomization: Unset
						strategy: Unset
			MetaData:
				Attributes:
				circuit_metadata: Dataset (dtype=object, shape=(1370,), maxshape=(None,))
					Attributes:
						DIMENSION_LABELS: ['IterationAxis']
						NDataDims: 1
				target_precision: Dataset (dtype=float64, shape=(1370,), maxshape=(None,))
					Attributes:
						DIMENSION_LABELS: ['IterationAxis']
						NDataDims: 1
				version: Dataset (dtype=int64, shape=(1370,), maxshape=(None,))
					Attributes:
						DIMENSION_LABELS: ['IterationAxis']
						NDataDims: 1
			NIterations: Dataset (dtype=int64, shape=(), maxshape=())
				Attributes:
					NDataDims: 0
			OptimizerOptions:
				Attributes:
					bounds: None
					callback: None
					constraints: []
					method: slsqp
					tol: None
					x0Seed: 23972382
				options:
					Attributes:
						disp: 0
						maxiter: 20000
			PresetPassManagerOptions:
				Attributes:
			SimulatorOptions:
				Attributes:
			VersionInfo:
				Attributes:
					QiskitAerVersion: 0.17.1
					QiskitIBMRuntimeVersion: 0.41.1
					QiskitVersion: 2.1.2
		2025-11-21_19-03-37-23972382:
			Attributes:
				HamiltonianType: ZeroChargePenalty
				Last-Modified: 2025-11-21_19-03-37
				ProcessId: 23972382
				SimulatorType: Statevector
				SolverName: VQE
				SystemName: FreeWilson2D
				mass: 1.5102040816326525
				n_x: 2
				n_y: 2
				r: 1.0
			Circuit:
				Attributes:
					Ansatz: HardwareAdaptAnsatz14
				AnsatzOptions:
					Attributes:
						num_qubits: 8
			CircuitParameters: Dataset (dtype=float64, shape=(15020, 50), maxshape=(None, None))
				Attributes:
					DIMENSION_LABELS: ['IterationAxis' 'CircuitParameterAxis']
					NDataDims: 2
			Data:
				Attributes:
				evs:
					Attributes:
					Hamiltonian: Dataset (dtype=float64, shape=(15020,), maxshape=(None,))
						Attributes:
							DIMENSION_LABELS: ['IterationAxis']
							NDataDims: 1
				stds:
					Attributes:
					Hamiltonian: Dataset (dtype=float64, shape=(15020,), maxshape=(None,))
						Attributes:
							DIMENSION_LABELS: ['IterationAxis']
							NDataDims: 1
			EstimatorOptions:
				Attributes:
					_VERSION: 2
					default_precision: Unset
					default_shots: Unset
					experimental: Unset
					max_execution_time: Unset
					resilience_level: Unset
					seed_estimator: 23972382
				dynamical_decoupling:
					Attributes:
						enable: Unset
						extra_slack_distribution: Unset
						scheduling_method: Unset
						sequence_type: Unset
						skip_reset_qubits: Unset
				environment:
					Attributes:
						callback: None
						job_tags: None
						log_level: WARNING
						private: False
				execution:
					Attributes:
						init_qubits: Unset
						rep_delay: Unset
				resilience:
					Attributes:
						layer_noise_model: Unset
						measure_mitigation: Unset
						pec_mitigation: Unset
						zne_mitigation: Unset
					layer_noise_learning:
						Attributes:
							layer_pair_depths: Unset
							max_layers_to_learn: Unset
							num_randomizations: Unset
							shots_per_randomization: Unset
					measure_noise_learning:
						Attributes:
							num_randomizations: Unset
							shots_per_randomization: Unset
					pec:
						Attributes:
							max_overhead: Unset
							noise_gain: Unset
					zne:
						Attributes:
							amplifier: Unset
							extrapolated_noise_factors: Unset
							extrapolator: Unset
							noise_factors: Unset
				simulator:
					Attributes:
						basis_gates: Unset
						coupling_map: Unset
						noise_model: Unset
						seed_simulator: Unset
				twirling:
					Attributes:
						enable_gates: Unset
						enable_measure: Unset
						num_randomizations: Unset
						shots_per_randomization: Unset
						strategy: Unset
			MetaData:
				Attributes:
				circuit_metadata: Dataset (dtype=object, shape=(15020,), maxshape=(None,))
					Attributes:
						DIMENSION_LABELS: ['IterationAxis']
						NDataDims: 1
				target_precision: Dataset (dtype=float64, shape=(15020,), maxshape=(None,))
					Attributes:
						DIMENSION_LABELS: ['IterationAxis']
						NDataDims: 1
				version: Dataset (dtype=int64, shape=(15020,), maxshape=(None,))
					Attributes:
						DIMENSION_LABELS: ['IterationAxis']
						NDataDims: 1
			NIterations: Dataset (dtype=int64, shape=(), maxshape=())
				Attributes:
					NDataDims: 0
			OptimizerOptions:
				Attributes:
					bounds: None
					callback: None
					constraints: []
					method: slsqp
					tol: None
					x0Seed: 23972382
				options:
					Attributes:
						disp: 0
						maxiter: 20000
			PresetPassManagerOptions:
				Attributes:
			SimulatorOptions:
				Attributes:
			VersionInfo:
				Attributes:
					QiskitAerVersion: 0.17.1
					QiskitIBMRuntimeVersion: 0.41.1
					QiskitVersion: 2.1.2
		2025-11-21_19-08-51-23972382:
			Attributes:
				HamiltonianType: ZeroChargePenalty
				Last-Modified: 2025-11-21_19-08-51
				ProcessId: 23972382
				SimulatorType: Statevector
				SolverName: VQE
				SystemName: FreeWilson2D
				mass: 1.6734693877551017
				n_x: 2
				n_y: 2
				r: 1.0
			Circuit:
				Attributes:
					Ansatz: HardwareAdaptAnsatz14
				AnsatzOptions:
					Attributes:
						num_qubits: 8
			CircuitParameters: Dataset (dtype=float64, shape=(14110, 50), maxshape=(None, None))
				Attributes:
					DIMENSION_LABELS: ['IterationAxis' 'CircuitParameterAxis']
					NDataDims: 2
			Data:
				Attributes:
				evs:
					Attributes:
					Hamiltonian: Dataset (dtype=float64, shape=(14110,), maxshape=(None,))
						Attributes:
							DIMENSION_LABELS: ['IterationAxis']
							NDataDims: 1
				stds:
					Attributes:
					Hamiltonian: Dataset (dtype=float64, shape=(14110,), maxshape=(None,))
						Attributes:
							DIMENSION_LABELS: ['IterationAxis']
							NDataDims: 1
			EstimatorOptions:
				Attributes:
					_VERSION: 2
					default_precision: Unset
					default_shots: Unset
					experimental: Unset
					max_execution_time: Unset
					resilience_level: Unset
					seed_estimator: 23972382
				dynamical_decoupling:
					Attributes:
						enable: Unset
						extra_slack_distribution: Unset
						scheduling_method: Unset
						sequence_type: Unset
						skip_reset_qubits: Unset
				environment:
					Attributes:
						callback: None
						job_tags: None
						log_level: WARNING
						private: False
				execution:
					Attributes:
						init_qubits: Unset
						rep_delay: Unset
				resilience:
					Attributes:
						layer_noise_model: Unset
						measure_mitigation: Unset
						pec_mitigation: Unset
						zne_mitigation: Unset
					layer_noise_learning:
						Attributes:
							layer_pair_depths: Unset
							max_layers_to_learn: Unset
							num_randomizations: Unset
							shots_per_randomization: Unset
					measure_noise_learning:
						Attributes:
							num_randomizations: Unset
							shots_per_randomization: Unset
					pec:
						Attributes:
							max_overhead: Unset
							noise_gain: Unset
					zne:
						Attributes:
							amplifier: Unset
							extrapolated_noise_factors: Unset
							extrapolator: Unset
							noise_factors: Unset
				simulator:
					Attributes:
						basis_gates: Unset
						coupling_map: Unset
						noise_model: Unset
						seed_simulator: Unset
				twirling:
					Attributes:
						enable_gates: Unset
						enable_measure: Unset
						num_randomizations: Unset
						shots_per_randomization: Unset
						strategy: Unset
			MetaData:
				Attributes:
				circuit_metadata: Dataset (dtype=object, shape=(14110,), maxshape=(None,))
					Attributes:
						DIMENSION_LABELS: ['IterationAxis']
						NDataDims: 1
				target_precision: Dataset (dtype=float64, shape=(14110,), maxshape=(None,))
					Attributes:
						DIMENSION_LABELS: ['IterationAxis']
						NDataDims: 1
				version: Dataset (dtype=int64, shape=(14110,), maxshape=(None,))
					Attributes:
						DIMENSION_LABELS: ['IterationAxis']
						NDataDims: 1
			NIterations: Dataset (dtype=int64, shape=(), maxshape=())
				Attributes:
					NDataDims: 0
			OptimizerOptions:
				Attributes:
					bounds: None
					callback: None
					constraints: []
					method: slsqp
					tol: None
					x0Seed: 23972382
				options:
					Attributes:
						disp: 0
						maxiter: 20000
			PresetPassManagerOptions:
				Attributes:
			SimulatorOptions:
				Attributes:
			VersionInfo:
				Attributes:
					QiskitAerVersion: 0.17.1
					QiskitIBMRuntimeVersion: 0.41.1
					QiskitVersion: 2.1.2
		2025-11-21_19-13-48-23972382:
			Attributes:
				HamiltonianType: ZeroChargePenalty
				Last-Modified: 2025-11-21_19-13-48
				ProcessId: 23972382
				SimulatorType: Statevector
				SolverName: VQE
				SystemName: FreeWilson2D
				mass: 1.8367346938775508
				n_x: 2
				n_y: 2
				r: 1.0
			Circuit:
				Attributes:
					Ansatz: HardwareAdaptAnsatz14
				AnsatzOptions:
					Attributes:
						num_qubits: 8
			CircuitParameters: Dataset (dtype=float64, shape=(6450, 50), maxshape=(None, None))
				Attributes:
					DIMENSION_LABELS: ['IterationAxis' 'CircuitParameterAxis']
					NDataDims: 2
			Data:
				Attributes:
				evs:
					Attributes:
					Hamiltonian: Dataset (dtype=float64, shape=(6450,), maxshape=(None,))
						Attributes:
							DIMENSION_LABELS: ['IterationAxis']
							NDataDims: 1
				stds:
					Attributes:
					Hamiltonian: Dataset (dtype=float64, shape=(6450,), maxshape=(None,))
						Attributes:
							DIMENSION_LABELS: ['IterationAxis']
							NDataDims: 1
			EstimatorOptions:
				Attributes:
					_VERSION: 2
					default_precision: Unset
					default_shots: Unset
					experimental: Unset
					max_execution_time: Unset
					resilience_level: Unset
					seed_estimator: 23972382
				dynamical_decoupling:
					Attributes:
						enable: Unset
						extra_slack_distribution: Unset
						scheduling_method: Unset
						sequence_type: Unset
						skip_reset_qubits: Unset
				environment:
					Attributes:
						callback: None
						job_tags: None
						log_level: WARNING
						private: False
				execution:
					Attributes:
						init_qubits: Unset
						rep_delay: Unset
				resilience:
					Attributes:
						layer_noise_model: Unset
						measure_mitigation: Unset
						pec_mitigation: Unset
						zne_mitigation: Unset
					layer_noise_learning:
						Attributes:
							layer_pair_depths: Unset
							max_layers_to_learn: Unset
							num_randomizations: Unset
							shots_per_randomization: Unset
					measure_noise_learning:
						Attributes:
							num_randomizations: Unset
							shots_per_randomization: Unset
					pec:
						Attributes:
							max_overhead: Unset
							noise_gain: Unset
					zne:
						Attributes:
							amplifier: Unset
							extrapolated_noise_factors: Unset
							extrapolator: Unset
							noise_factors: Unset
				simulator:
					Attributes:
						basis_gates: Unset
						coupling_map: Unset
						noise_model: Unset
						seed_simulator: Unset
				twirling:
					Attributes:
						enable_gates: Unset
						enable_measure: Unset
						num_randomizations: Unset
						shots_per_randomization: Unset
						strategy: Unset
			MetaData:
				Attributes:
				circuit_metadata: Dataset (dtype=object, shape=(6450,), maxshape=(None,))
					Attributes:
						DIMENSION_LABELS: ['IterationAxis']
						NDataDims: 1
				target_precision: Dataset (dtype=float64, shape=(6450,), maxshape=(None,))
					Attributes:
						DIMENSION_LABELS: ['IterationAxis']
						NDataDims: 1
				version: Dataset (dtype=int64, shape=(6450,), maxshape=(None,))
					Attributes:
						DIMENSION_LABELS: ['IterationAxis']
						NDataDims: 1
			NIterations: Dataset (dtype=int64, shape=(), maxshape=())
				Attributes:
					NDataDims: 0
			OptimizerOptions:
				Attributes:
					bounds: None
					callback: None
					constraints: []
					method: slsqp
					tol: None
					x0Seed: 23972382
				options:
					Attributes:
						disp: 0
						maxiter: 20000
			PresetPassManagerOptions:
				Attributes:
			SimulatorOptions:
				Attributes:
			VersionInfo:
				Attributes:
					QiskitAerVersion: 0.17.1
					QiskitIBMRuntimeVersion: 0.41.1
					QiskitVersion: 2.1.2
		2025-11-21_19-16-05-23972382:
			Attributes:
				HamiltonianType: ZeroChargePenalty
				Last-Modified: 2025-11-21_19-16-05
				ProcessId: 23972382
				SimulatorType: Statevector
				SolverName: VQE
				SystemName: FreeWilson2D
				mass: 2.0
				n_x: 2
				n_y: 2
				r: 1.0
			Circuit:
				Attributes:
					Ansatz: HardwareAdaptAnsatz14
				AnsatzOptions:
					Attributes:
						num_qubits: 8
			CircuitParameters: Dataset (dtype=float64, shape=(4730, 50), maxshape=(None, None))
				Attributes:
					DIMENSION_LABELS: ['IterationAxis' 'CircuitParameterAxis']
					NDataDims: 2
			Data:
				Attributes:
				evs:
					Attributes:
					Hamiltonian: Dataset (dtype=float64, shape=(4730,), maxshape=(None,))
						Attributes:
							DIMENSION_LABELS: ['IterationAxis']
							NDataDims: 1
				stds:
					Attributes:
					Hamiltonian: Dataset (dtype=float64, shape=(4730,), maxshape=(None,))
						Attributes:
							DIMENSION_LABELS: ['IterationAxis']
							NDataDims: 1
			EstimatorOptions:
				Attributes:
					_VERSION: 2
					default_precision: Unset
					default_shots: Unset
					experimental: Unset
					max_execution_time: Unset
					resilience_level: Unset
					seed_estimator: 23972382
				dynamical_decoupling:
					Attributes:
						enable: Unset
						extra_slack_distribution: Unset
						scheduling_method: Unset
						sequence_type: Unset
						skip_reset_qubits: Unset
				environment:
					Attributes:
						callback: None
						job_tags: None
						log_level: WARNING
						private: False
				execution:
					Attributes:
						init_qubits: Unset
						rep_delay: Unset
				resilience:
					Attributes:
						layer_noise_model: Unset
						measure_mitigation: Unset
						pec_mitigation: Unset
						zne_mitigation: Unset
					layer_noise_learning:
						Attributes:
							layer_pair_depths: Unset
							max_layers_to_learn: Unset
							num_randomizations: Unset
							shots_per_randomization: Unset
					measure_noise_learning:
						Attributes:
							num_randomizations: Unset
							shots_per_randomization: Unset
					pec:
						Attributes:
							max_overhead: Unset
							noise_gain: Unset
					zne:
						Attributes:
							amplifier: Unset
							extrapolated_noise_factors: Unset
							extrapolator: Unset
							noise_factors: Unset
				simulator:
					Attributes:
						basis_gates: Unset
						coupling_map: Unset
						noise_model: Unset
						seed_simulator: Unset
				twirling:
					Attributes:
						enable_gates: Unset
						enable_measure: Unset
						num_randomizations: Unset
						shots_per_randomization: Unset
						strategy: Unset
			MetaData:
				Attributes:
				circuit_metadata: Dataset (dtype=object, shape=(4730,), maxshape=(None,))
					Attributes:
						DIMENSION_LABELS: ['IterationAxis']
						NDataDims: 1
				target_precision: Dataset (dtype=float64, shape=(4730,), maxshape=(None,))
					Attributes:
						DIMENSION_LABELS: ['IterationAxis']
						NDataDims: 1
				version: Dataset (dtype=int64, shape=(4730,), maxshape=(None,))
					Attributes:
						DIMENSION_LABELS: ['IterationAxis']
						NDataDims: 1
			NIterations: Dataset (dtype=int64, shape=(), maxshape=())
				Attributes:
					NDataDims: 0
			OptimizerOptions:
				Attributes:
					bounds: None
					callback: None
					constraints: []
					method: slsqp
					tol: None
					x0Seed: 23972382
				options:
					Attributes:
						disp: 0
						maxiter: 20000
			PresetPassManagerOptions:
				Attributes:
			SimulatorOptions:
				Attributes:
			VersionInfo:
				Attributes:
					QiskitAerVersion: 0.17.1
					QiskitIBMRuntimeVersion: 0.41.1
					QiskitVersion: 2.1.2
-----Ending pprint-----
End 2025-11-21 19:17:46 | 23972382 MyPyJob | lmnode193 | /home/s6nidich_hpc/PycharmProjects/QC-MasterThesis 

