Start 2026-08-04 17:42:09 | 26833315 MyPyJob | node085 | /home/s6nidich_hpc/PycharmProjects/QC-MasterThesis 

Used python interpreter:
/home/s6nidich_hpc/PycharmProjects/QC-MasterThesis/.venv_intel_3_13_1/bin/python
Python version:
Python 3.13.1
Pip list:
Package                   Version
------------------------- -----------
annotated-types           0.7.0
anyio                     4.12.1
argon2-cffi               25.1.0
argon2-cffi-bindings      25.1.0
arrow                     1.4.0
asttokens                 3.0.1
async-lru                 2.1.0
attrs                     25.4.0
babel                     2.18.0
beautifulsoup4            4.14.3
bleach                    6.3.0
certifi                   2026.1.4
cffi                      2.0.0
charset-normalizer        3.4.4
comm                      0.2.3
contourpy                 1.3.3
cryptography              46.0.5
cycler                    0.12.1
debugpy                   1.8.20
decorator                 5.2.1
defusedxml                0.7.1
dill                      0.4.1
executing                 2.2.1
fastjsonschema            2.21.2
fonttools                 4.61.1
fqdn                      1.5.1
h11                       0.16.0
h5py                      3.15.1
httpcore                  1.0.9
httpx                     0.28.1
ibm-cloud-sdk-core        3.24.4
ibm-platform-services     0.73.2
idna                      3.11
ipykernel                 7.2.0
ipython                   9.10.0
ipython_pygments_lexers   1.1.1
isoduration               20.11.0
jedi                      0.19.2
Jinja2                    3.1.6
json5                     0.13.0
jsonpointer               3.0.0
jsonschema                4.26.0
jsonschema-specifications 2025.9.1
jupyter_client            8.8.0
jupyter_core              5.9.1
jupyter-events            0.12.0
jupyter-lsp               2.3.0
jupyter_server            2.17.0
jupyter_server_terminals  0.5.4
jupyterlab                4.5.4
jupyterlab_pygments       0.3.0
jupyterlab_server         2.28.0
kiwisolver                1.4.9
lark                      1.3.1
MarkupSafe                3.0.3
matplotlib                3.10.8
matplotlib-inline         0.2.1
mistune                   3.2.0
nbclient                  0.10.4
nbconvert                 7.17.0
nbformat                  5.10.4
nest-asyncio              1.6.0
notebook                  7.5.3
notebook_shim             0.2.4
numpy                     2.4.2
numpyencoder              0.3.2
packaging                 26.0
pandocfilters             1.5.1
parso                     0.8.6
pexpect                   4.9.0
pillow                    12.1.1
pip                       24.3.1
platformdirs              4.5.1
prometheus_client         0.24.1
prompt_toolkit            3.0.52
psutil                    7.2.2
ptyprocess                0.7.0
pure_eval                 0.2.3
pycparser                 3.0
pydantic                  2.12.5
pydantic_core             2.41.5
Pygments                  2.19.2
PyJWT                     2.11.0
pylatexenc                2.10
pyparsing                 3.3.2
pyspnego                  0.12.0
python-dateutil           2.9.0.post0
python-json-logger        4.0.0
PyYAML                    6.0.3
pyzmq                     27.1.0
qiskit                    2.5.1
qiskit-aer                0.17.2
qiskit-ibm-runtime        0.45.0
referencing               0.37.0
requests                  2.32.5
requests_ntlm             1.3.0
rfc3339-validator         0.1.4
rfc3986-validator         0.1.1
rfc3987-syntax            1.1.0
rpds-py                   0.30.0
rustworkx                 0.17.1
scipy                     1.17.0
Send2Trash                2.1.0
setuptools                82.0.0
six                       1.17.0
soupsieve                 2.8.3
stack-data                0.6.3
stevedore                 5.6.0
terminado                 0.18.1
tinycss2                  1.4.0
tornado                   6.5.4
traitlets                 5.14.3
typing_extensions         4.15.0
typing-inspection         0.4.2
tzdata                    2025.3
uri-template              1.3.0
urllib3                   2.6.3
wcwidth                   0.6.0
webcolors                 25.10.0
webencodings              0.5.1
websocket-client          1.9.0
Module list:

Currently Loaded Modules:
  1) GCCcore/14.2.0                   7) Tcl/8.6.16-GCCcore-14.2.0
  2) zlib/1.3.1-GCCcore-14.2.0        8) SQLite/3.47.2-GCCcore-14.2.0
  3) binutils/2.42-GCCcore-14.2.0     9) XZ/5.6.3-GCCcore-14.2.0
  4) bzip2/1.0.8-GCCcore-14.2.0      10) libffi/3.4.5-GCCcore-14.2.0
  5) ncurses/6.5-GCCcore-14.2.0      11) OpenSSL/3
  6) libreadline/8.2-GCCcore-14.2.0  12) Python/3.13.1-GCCcore-14.2.0

 

Start of Program:

-----Beginning pprint-----
/:
	Attributes:
-----Ending pprint-----
Calculating energies for FreeWilson2D(N_x=2, N_y=2, mass=-6.000, r=1.000)
h_im: 0.0
Lets GO!
Special HardwareAdaptAnsatz24 selection activated
Checking gate size 1 with block size 24.
Choose gate size 1
Current gradient magnitude: 21567.99999999998
New op index: 11	IIIIYIII	$R_{Y}$[3]
gradient: 1.9999999999999996
second_gradient: -0.49999999999999956
b: 1.3258176636680326
f: 2.5615528128088294
Optimization terminated successfully    (Exit mode 0)
            Current function value: 197.93844718719103
            Iterations: 1
            Function evaluations: 2
            Gradient evaluations: 1
Special HardwareAdaptAnsatz24 selection activated
Checking gate size 1 with block size 24.
Choose gate size 1
Current gradient magnitude: 22620.439777228
New op index: 13	IIYIIIII	$R_{Y}$[5]
gradient: -51.007125007266524
second_gradient: -2.791603753715677e-15
b: -1.5707963267948966
f: 51.007125007266524
Optimization terminated successfully    (Exit mode 0)
            Current function value: 145.49759620950533
            Iterations: 4
            Function evaluations: 15
            Gradient evaluations: 4
Special HardwareAdaptAnsatz24 selection activated
Checking gate size 1 with block size 24.
Choose gate size 1
Current gradient magnitude: 9349.59782897805
New op index: 9	IIIIIIYI	$R_{Y}$[1]
gradient: 2.502311015047213
second_gradient: 0.0
b: 1.5707963267948966
f: 2.502311015047213
Optimization terminated successfully    (Exit mode 0)
            Current function value: 142.93844718723895
            Iterations: 2
            Function evaluations: 12
            Gradient evaluations: 2
Special HardwareAdaptAnsatz24 selection activated
Checking gate size 1 with block size 24.
Choose gate size 1
Current gradient magnitude: 10789.828178106292
New op index: 15	YIIIIIII	$R_{Y}$[7]
gradient: -50.50710002253109
second_gradient: -8.896529351820332e-15
b: -1.5707963267948963
f: 50.5071000225311
Optimization terminated successfully    (Exit mode 0)
            Current function value: 90.99759621918848
            Iterations: 4
            Function evaluations: 26
            Gradient evaluations: 4
Special HardwareAdaptAnsatz24 selection activated
Checking gate size 1 with block size 24.
Choose gate size 1
Current gradient magnitude: 4315.623636142943
New op index: 14	IYIIIIII	$R_{Y}$[6]
gradient: 2.0023021115068147
second_gradient: 0.49999999999803996
b: 1.815504446372018
f: 1.563786264551341
Optimization terminated successfully    (Exit mode 0)
            Current function value: 89.39862088913765
            Iterations: 7
            Function evaluations: 48
            Gradient evaluations: 7
Special HardwareAdaptAnsatz24 selection activated
Checking gate size 1 with block size 24.
Choose gate size 1
Current gradient magnitude: 5702.106471024782
New op index: 8	IIIIIIIY	$R_{Y}$[0]
gradient: -50.42626411576634
second_gradient: 0.4999999999999993
b: -1.5807114697000892
f: 49.9287429218003
Optimization terminated successfully    (Exit mode 0)
            Current function value: 37.99278884681958
            Iterations: 5
            Function evaluations: 42
            Gradient evaluations: 5
Special HardwareAdaptAnsatz24 selection activated
Checking gate size 1 with block size 24.
Choose gate size 1
Current gradient magnitude: 1419.3069875358012
New op index: 10	IIIIIYII	$R_{Y}$[2]
gradient: -1.9976565768325685
second_gradient: 0.004838669284997216
b: -1.5732184947883594
f: 1.9928237675853726
Optimization terminated successfully    (Exit mode 0)
            Current function value: 35.99754904573443
            Iterations: 6
            Function evaluations: 56
            Gradient evaluations: 6
Special HardwareAdaptAnsatz24 selection activated
Checking gate size 1 with block size 24.
Choose gate size 1
Current gradient magnitude: 1085.513853166542
New op index: 12	IIIYIIII	$R_{Y}$[4]
gradient: 52.001192715322816
second_gradient: 0.004883968470863219
b: 1.5708902471109794
f: 51.996308976203885
Optimization terminated successfully    (Exit mode 0)
            Current function value: -15.99999999999783
            Iterations: 2
            Function evaluations: 23
            Gradient evaluations: 2
Special HardwareAdaptAnsatz24 selection activated
Checking gate size 1 with block size 24.
Checking gate size 2 with block size 63.
Checking gate size 3 with block size 162.
Checking gate size 4 with block size 405.
Checking gate size 5 with block size 972.
Checking gate size 6 with block size 2187.
Checking gate size 7 with block size 4374.
Checking gate size 8 with block size 6561.
Current gradient magnitude: 0.00047509023143467747
New op index: 11	IIIIYIII	$R_{Y}$[3]
gradient: -1.1103940161360608e-05
second_gradient: 51.99999999999959
b: -3.1415924400524826
f: 1.1866063687193673e-12
Precision cutoff reached.
Calculating energies for FreeWilson2D(N_x=2, N_y=2, mass=-5.837, r=1.000)
h_im: 0.0
Lets GO!
Special HardwareAdaptAnsatz24 selection activated
Checking gate size 1 with block size 24.
Choose gate size 1
Current gradient magnitude: 21558.204081632633
New op index: 11	IIIIYIII	$R_{Y}$[3]
gradient: 1.918367346938775
second_gradient: -0.49999999999999956
b: 1.3158304801291172
f: 2.482456374753531
Optimization terminated successfully    (Exit mode 0)
            Current function value: 198.01754362524633
            Iterations: 1
            Function evaluations: 2
            Gradient evaluations: 1
Special HardwareAdaptAnsatz24 selection activated
Checking gate size 1 with block size 24.
Choose gate size 1
Current gradient magnitude: 22738.444156463076
New op index: 13	IIYIIIII	$R_{Y}$[5]
gradient: -50.801962854236464
second_gradient: -8.21444669654895e-16
b: -1.5707963267948966
f: 50.801962854236464
Optimization terminated successfully    (Exit mode 0)
            Current function value: 145.6608577611925
            Iterations: 2
            Function evaluations: 10
            Gradient evaluations: 2
Special HardwareAdaptAnsatz24 selection activated
Checking gate size 1 with block size 24.
Choose gate size 1
Current gradient magnitude: 9342.732620504405
New op index: 9	IIIIIIYI	$R_{Y}$[1]
gradient: 2.4206709221579956
second_gradient: 0.0
b: 1.5707963267948966
f: 2.4206709221579956
Optimization terminated successfully    (Exit mode 0)
            Current function value: 143.18080893137204
            Iterations: 2
            Function evaluations: 9
            Gradient evaluations: 2
Special HardwareAdaptAnsatz24 selection activated
Checking gate size 1 with block size 24.
Choose gate size 1
Current gradient magnitude: 10847.042552600862
New op index: 15	YIIIIIII	$R_{Y}$[7]
gradient: -50.30193974975633
second_gradient: 2.0550454761939123e-15
b: -1.5707963267948966
f: 50.30193974975633
Optimization terminated successfully    (Exit mode 0)
            Current function value: 91.32412306728801
            Iterations: 2
            Function evaluations: 14
            Gradient evaluations: 2
Special HardwareAdaptAnsatz24 selection activated
Checking gate size 1 with block size 24.
Choose gate size 1
Current gradient magnitude: 4310.7357643065625
New op index: 14	IYIIIIII	$R_{Y}$[6]
gradient: 1.9206709302065192
second_gradient: 0.49999999999999545
b: 1.825469435816125
f: 1.4846855726135537
Optimization terminated successfully    (Exit mode 0)
            Current function value: 89.80417501092408
            Iterations: 5
            Function evaluations: 36
            Gradient evaluations: 5
Special HardwareAdaptAnsatz24 selection activated
Checking gate size 1 with block size 24.
Choose gate size 1
Current gradient magnitude: 5727.657385332952
New op index: 8	IIIIIIIY	$R_{Y}$[0]
gradient: -50.284812482874216
second_gradient: 0.49999999999999967
b: -1.5807393592511862
f: 49.787298261467804
Optimization terminated successfully    (Exit mode 0)
            Current function value: 38.48257405305422
            Iterations: 5
            Function evaluations: 42
            Gradient evaluations: 5
Special HardwareAdaptAnsatz24 selection activated
Checking gate size 1 with block size 24.
Choose gate size 1
Current gradient magnitude: 1416.841265013108
New op index: 10	IIIIIYII	$R_{Y}$[2]
gradient: -1.9159968566901853
second_gradient: 0.004869130609442118
b: -1.5733376253938471
f: 1.9111339130414708
Optimization terminated successfully    (Exit mode 0)
            Current function value: 36.56897564423535
            Iterations: 6
            Function evaluations: 56
            Gradient evaluations: 6
Special HardwareAdaptAnsatz24 selection activated
Checking gate size 1 with block size 24.
Choose gate size 1
Current gradient magnitude: 1083.8818105903097
New op index: 12	IIIYIIII	$R_{Y}$[4]
gradient: 51.9195633510997
second_gradient: 0.004890678260301615
b: 1.5708905240093987
f: 51.91467290318353
Optimization terminated successfully    (Exit mode 0)
            Current function value: -15.34693877550778
            Iterations: 2
            Function evaluations: 23
            Gradient evaluations: 2
Special HardwareAdaptAnsatz24 selection activated
Checking gate size 1 with block size 24.
Checking gate size 2 with block size 63.
Checking gate size 3 with block size 162.
Checking gate size 4 with block size 405.
Checking gate size 5 with block size 972.
Checking gate size 6 with block size 2187.
Checking gate size 7 with block size 4374.
Checking gate size 8 with block size 6561.
Current gradient magnitude: 0.0005507720051884551
New op index: 14	IYIIIIII	$R_{Y}$[6]
gradient: 1.255438624517749e-05
second_gradient: 51.9183673469371
b: 3.1415924117796807
f: 1.5205614545266144e-12
Precision cutoff reached.
Calculating energies for FreeWilson2D(N_x=2, N_y=2, mass=-5.673, r=1.000)
h_im: 0.0
Lets GO!
Special HardwareAdaptAnsatz24 selection activated
Checking gate size 1 with block size 24.
Choose gate size 1
Current gradient magnitude: 21548.408163265285
New op index: 11	IIIIYIII	$R_{Y}$[3]
gradient: 1.8367346938775506
second_gradient: -0.49999999999999956
b: 1.3050144233545127
f: 2.403574095141415
Optimization terminated successfully    (Exit mode 0)
            Current function value: 198.09642590485845
            Iterations: 1
            Function evaluations: 2
            Gradient evaluations: 1
Special HardwareAdaptAnsatz24 selection activated
Checking gate size 1 with block size 24.
Choose gate size 1
Current gradient magnitude: 22864.34810830392
New op index: 13	IIYIIIII	$R_{Y}$[5]
gradient: -50.58110560030914
second_gradient: -2.182795469317633e-15
b: -1.5707963267948966
f: 50.58110560030914
Optimization terminated successfully    (Exit mode 0)
            Current function value: 145.824119251195
            Iterations: 2
            Function evaluations: 10
            Gradient evaluations: 2
Special HardwareAdaptAnsatz24 selection activated
Checking gate size 1 with block size 24.
Choose gate size 1
Current gradient magnitude: 9336.50959943773
New op index: 9	IIIIIIYI	$R_{Y}$[1]
gradient: 2.3390592104085486
second_gradient: 0.0
b: 1.5707963267948966
f: 2.3390592104085486
Optimization terminated successfully    (Exit mode 0)
            Current function value: 143.42295651745198
            Iterations: 2
            Function evaluations: 9
            Gradient evaluations: 2
Special HardwareAdaptAnsatz24 selection activated
Checking gate size 1 with block size 24.
Choose gate size 1
Current gradient magnitude: 10908.255332247867
New op index: 15	YIIIIIII	$R_{Y}$[7]
gradient: -50.0808541911796
second_gradient: -2.3645343053161417e-15
b: -1.5707963267948966
f: 50.0808541911796
Optimization terminated successfully    (Exit mode 0)
            Current function value: 91.65064986344187
            Iterations: 2
            Function evaluations: 14
            Gradient evaluations: 2
Special HardwareAdaptAnsatz24 selection activated
Checking gate size 1 with block size 24.
Choose gate size 1
Current gradient magnitude: 4306.160804171005
New op index: 14	IYIIIIII	$R_{Y}$[6]
gradient: 1.8390592037071514
second_gradient: 0.5000000000000022
b: 1.8362578613005147
f: 1.4058170832322747
Optimization terminated successfully    (Exit mode 0)
            Current function value: 90.20961926173136
            Iterations: 8
            Function evaluations: 53
            Gradient evaluations: 8
Special HardwareAdaptAnsatz24 selection activated
Checking gate size 1 with block size 24.
Choose gate size 1
Current gradient magnitude: 5741.5671009164025
New op index: 8	IIIIIIIY	$R_{Y}$[0]
gradient: -50.14528421615343
second_gradient: 0.4999999999999994
b: -1.5807670237123206
f: 49.647776911033716
Optimization terminated successfully    (Exit mode 0)
            Current function value: 38.97235828847726
            Iterations: 5
            Function evaluations: 42
            Gradient evaluations: 5
Special HardwareAdaptAnsatz24 selection activated
Checking gate size 1 with block size 24.
Choose gate size 1
Current gradient magnitude: 1413.6326105290727
New op index: 10	IIIIIYII	$R_{Y}$[2]
gradient: -1.8343672893608343
second_gradient: 0.004869050234438613
b: -1.5734506691546053
f: 1.829504701193334
Optimization terminated successfully    (Exit mode 0)
            Current function value: 37.140402240732875
            Iterations: 6
            Function evaluations: 56
            Gradient evaluations: 6
Special HardwareAdaptAnsatz24 selection activated
Checking gate size 1 with block size 24.
Choose gate size 1
Current gradient magnitude: 1082.2544731182543
New op index: 12	IIIYIIII	$R_{Y}$[4]
gradient: 51.83793411899185
second_gradient: 0.004897649506964628
b: 1.570890806823386
f: 51.83303670084992
Optimization terminated successfully    (Exit mode 0)
            Current function value: -14.693877551018273
            Iterations: 2
            Function evaluations: 23
            Gradient evaluations: 2
Special HardwareAdaptAnsatz24 selection activated
Checking gate size 1 with block size 24.
Checking gate size 2 with block size 63.
Checking gate size 3 with block size 162.
Checking gate size 4 with block size 405.
Checking gate size 5 with block size 972.
Checking gate size 6 with block size 2187.
Checking gate size 7 with block size 4374.
Checking gate size 8 with block size 6561.
Current gradient magnitude: 0.0005426255284342324
New op index: 238	IIIIYZZI	$R_{ZZY}$[1, 2, 3]
gradient: 1.082597976478821e-05
second_gradient: 51.836734693876544
b: 3.141592444742152
f: 1.1368683772161603e-12
Precision cutoff reached.
Calculating energies for FreeWilson2D(N_x=2, N_y=2, mass=-5.510, r=1.000)
h_im: 0.0
Lets GO!
Special HardwareAdaptAnsatz24 selection activated
Checking gate size 1 with block size 24.
Choose gate size 1
Current gradient magnitude: 21538.61224489794
New op index: 11	IIIIYIII	$R_{Y}$[3]
gradient: 1.7551020408163265
second_gradient: -0.49999999999999956
b: 1.2932647167939075
f: 2.3249337450103855
Optimization terminated successfully    (Exit mode 0)
            Current function value: 198.17506625498953
            Iterations: 1
            Function evaluations: 2
            Gradient evaluations: 1
Special HardwareAdaptAnsatz24 selection activated
Checking gate size 1 with block size 24.
Choose gate size 1
Current gradient magnitude: 22998.867792118133
New op index: 13	IIYIIIII	$R_{Y}$[5]
gradient: -50.34183520619858
second_gradient: -1.7292714879094515e-15
b: -1.5707963267948966
f: 50.34183520619858
Optimization terminated successfully    (Exit mode 0)
            Current function value: 145.9873807543194
            Iterations: 4
            Function evaluations: 15
            Gradient evaluations: 4
Special HardwareAdaptAnsatz24 selection activated
Checking gate size 1 with block size 24.
Choose gate size 1
Current gradient magnitude: 9329.971240641731
New op index: 9	IIIIIIYI	$R_{Y}$[1]
gradient: 2.2574332477769596
second_gradient: 0.0
b: 1.5707963267948966
f: 2.2574332477769596
Optimization terminated successfully    (Exit mode 0)
            Current function value: 143.66486217689973
            Iterations: 2
            Function evaluations: 9
            Gradient evaluations: 2
Special HardwareAdaptAnsatz24 selection activated
Checking gate size 1 with block size 24.
Choose gate size 1
Current gradient magnitude: 10973.86673044649
New op index: 15	YIIIIIII	$R_{Y}$[7]
gradient: -49.84098147917352
second_gradient: 3.2777069040783e-15
b: -1.5707963267948968
f: 49.84098147917352
Optimization terminated successfully    (Exit mode 0)
            Current function value: 91.97717667444903
            Iterations: 4
            Function evaluations: 26
            Gradient evaluations: 4
Special HardwareAdaptAnsatz24 selection activated
Checking gate size 1 with block size 24.
Choose gate size 1
Current gradient magnitude: 4301.343580567854
New op index: 14	IYIIIIII	$R_{Y}$[6]
gradient: 1.7574307791487698
second_gradient: 0.4999999999998191
b: 1.847978745170825
f: 1.3271734847846093
Optimization terminated successfully    (Exit mode 0)
            Current function value: 90.61496826121792
            Iterations: 9
            Function evaluations: 59
            Gradient evaluations: 9
Special HardwareAdaptAnsatz24 selection activated
Checking gate size 1 with block size 24.
Choose gate size 1
Current gradient magnitude: 5761.221394161966
New op index: 8	IIIIIIIY	$R_{Y}$[0]
gradient: -50.00041704796958
second_gradient: 0.49999999999999906
b: -1.5807959100810036
f: 49.50291696462204
Optimization terminated successfully    (Exit mode 0)
            Current function value: 39.46214292334852
            Iterations: 5
            Function evaluations: 42
            Gradient evaluations: 5
Special HardwareAdaptAnsatz24 selection activated
Checking gate size 1 with block size 24.
Choose gate size 1
Current gradient magnitude: 1410.6151611913394
New op index: 10	IIIIIYII	$R_{Y}$[2]
gradient: -1.7527225411278593
second_gradient: 0.004878811891088769
b: -1.5735798816222963
f: 1.7478505194613505
Optimization terminated successfully    (Exit mode 0)
            Current function value: 37.71182883624129
            Iterations: 6
            Function evaluations: 56
            Gradient evaluations: 6
Special HardwareAdaptAnsatz24 selection activated
Checking gate size 1 with block size 24.
Choose gate size 1
Current gradient magnitude: 1080.625396269717
New op index: 12	IIIYIIII	$R_{Y}$[4]
gradient: 51.75630483984605
second_gradient: 0.004904533523576874
b: 1.5708910888441594
f: 51.751400538704296
Optimization terminated successfully    (Exit mode 0)
            Current function value: -14.040816326527944
            Iterations: 2
            Function evaluations: 23
            Gradient evaluations: 2
Special HardwareAdaptAnsatz24 selection activated
Checking gate size 1 with block size 24.
Checking gate size 2 with block size 63.
Checking gate size 3 with block size 162.
Checking gate size 4 with block size 405.
Checking gate size 5 with block size 972.
Checking gate size 6 with block size 2187.
Checking gate size 7 with block size 4374.
Checking gate size 8 with block size 6561.
Current gradient magnitude: 0.0004674788369856627
New op index: 11	IIIIYIII	$R_{Y}$[3]
gradient: -9.624826690504483e-06
second_gradient: 51.75510204081532
b: -3.141592467621139
f: 8.952838470577262e-13
Precision cutoff reached.
Calculating energies for FreeWilson2D(N_x=2, N_y=2, mass=-5.347, r=1.000)
h_im: 0.0
Lets GO!
Special HardwareAdaptAnsatz24 selection activated
Checking gate size 1 with block size 24.
Choose gate size 1
Current gradient magnitude: 21528.816326530592
New op index: 11	IIIIYIII	$R_{Y}$[3]
gradient: 1.673469387755102
second_gradient: -0.49999999999999956
b: 1.2804587260299212
f: 2.2465680037586377
Optimization terminated successfully    (Exit mode 0)
            Current function value: 198.2534319962409
            Iterations: 1
            Function evaluations: 2
            Gradient evaluations: 1
Special HardwareAdaptAnsatz24 selection activated
Checking gate size 1 with block size 24.
Choose gate size 1
Current gradient magnitude: 23142.78394334773
New op index: 13	IIYIIIII	$R_{Y}$[5]
gradient: -50.080833548605675
second_gradient: -2.817845871604816e-15
b: -1.5707963267948966
f: 50.080833548605675
Optimization terminated successfully    (Exit mode 0)
            Current function value: 146.15064225693754
            Iterations: 4
            Function evaluations: 18
            Gradient evaluations: 4
Special HardwareAdaptAnsatz24 selection activated
Checking gate size 1 with block size 24.
Choose gate size 1
Current gradient magnitude: 9323.285844662025
New op index: 9	IIIIIIYI	$R_{Y}$[1]
gradient: 2.1757995378506654
second_gradient: 0.0
b: 1.5707963267948966
f: 2.1757995378506654
Optimization terminated successfully    (Exit mode 0)
            Current function value: 143.90649357359874
            Iterations: 5
            Function evaluations: 22
            Gradient evaluations: 5
Special HardwareAdaptAnsatz24 selection activated
Checking gate size 1 with block size 24.
Choose gate size 1
Current gradient magnitude: 11047.141057611609
New op index: 15	YIIIIIII	$R_{Y}$[7]
gradient: -49.57175791851922
second_gradient: 1.0729052282142683e-14
b: -1.5707963267948968
f: 49.571757918519204
Optimization terminated successfully    (Exit mode 0)
            Current function value: 92.30370348107017
            Iterations: 4
            Function evaluations: 26
            Gradient evaluations: 4
Special HardwareAdaptAnsatz24 selection activated
Checking gate size 1 with block size 24.
Choose gate size 1
Current gradient magnitude: 4296.497722366665
New op index: 14	IYIIIIII	$R_{Y}$[6]
gradient: 1.6757996956177834
second_gradient: 0.4999999999977367
b: 1.8607524601446936
f: 1.248800909148411
Optimization terminated successfully    (Exit mode 0)
            Current function value: 91.02021166085723
            Iterations: 7
            Function evaluations: 48
            Gradient evaluations: 7
Special HardwareAdaptAnsatz24 selection activated
Checking gate size 1 with block size 24.
Choose gate size 1
Current gradient magnitude: 5783.614155426628
New op index: 8	IIIIIIIY	$R_{Y}$[0]
gradient: -49.8512961180007
second_gradient: 0.49999999999999933
b: -1.5808258199816299
f: 49.3538035123158
Optimization terminated successfully    (Exit mode 0)
            Current function value: 39.95192735224094
            Iterations: 5
            Function evaluations: 41
            Gradient evaluations: 5
Special HardwareAdaptAnsatz24 selection activated
Checking gate size 1 with block size 24.
Choose gate size 1
Current gradient magnitude: 1407.7269009057084
New op index: 10	IIIIIYII	$R_{Y}$[2]
gradient: -1.671086612771333
second_gradient: 0.004885145453258815
b: -1.5737196531503532
f: 1.6662086077603862
Optimization terminated successfully    (Exit mode 0)
            Current function value: 38.28325543029611
            Iterations: 6
            Function evaluations: 56
            Gradient evaluations: 6
Special HardwareAdaptAnsatz24 selection activated
Checking gate size 1 with block size 24.
Choose gate size 1
Current gradient magnitude: 1078.994573379245
New op index: 12	IIIYIIII	$R_{Y}$[4]
gradient: 51.674675583103394
second_gradient: 0.0049114471069255615
b: 1.5708913723280657
f: 51.669764369402024
Optimization terminated successfully    (Exit mode 0)
            Current function value: -13.387755102039286
            Iterations: 2
            Function evaluations: 23
            Gradient evaluations: 2
Special HardwareAdaptAnsatz24 selection activated
Checking gate size 1 with block size 24.
Checking gate size 2 with block size 63.
Checking gate size 3 with block size 162.
Checking gate size 4 with block size 405.
Checking gate size 5 with block size 972.
Checking gate size 6 with block size 2187.
Checking gate size 7 with block size 4374.
Checking gate size 8 with block size 6561.
Current gradient magnitude: 0.00039308934693607417
New op index: 14	IYIIIIII	$R_{Y}$[6]
gradient: 9.573037393073008e-06
second_gradient: 51.67346938775416
b: 3.141592468329591
f: 8.881784197001252e-13
Precision cutoff reached.
Calculating energies for FreeWilson2D(N_x=2, N_y=2, mass=-5.184, r=1.000)
h_im: 0.0
Lets GO!
Special HardwareAdaptAnsatz24 selection activated
Checking gate size 1 with block size 24.
Choose gate size 1
Current gradient magnitude: 21519.020408163247
New op index: 11	IIIIYIII	$R_{Y}$[3]
gradient: 1.5918367346938775
second_gradient: -0.49999999999999956
b: 1.2664521380403153
f: 2.1685155647823198
Optimization terminated successfully    (Exit mode 0)
            Current function value: 198.33148443521753
            Iterations: 1
            Function evaluations: 2
            Gradient evaluations: 1
Special HardwareAdaptAnsatz24 selection activated
Checking gate size 1 with block size 24.
Choose gate size 1
Current gradient magnitude: 23296.94043360755
New op index: 13	IIYIIIII	$R_{Y}$[5]
gradient: -49.79402088847343
second_gradient: -1.7800387014717115e-16
b: -1.5707963267948966
f: 49.79402088847343
Optimization terminated successfully    (Exit mode 0)
            Current function value: 146.31390372359195
            Iterations: 4
            Function evaluations: 15
            Gradient evaluations: 4
Special HardwareAdaptAnsatz24 selection activated
Checking gate size 1 with block size 24.
Choose gate size 1
Current gradient magnitude: 9316.959434224187
New op index: 9	IIIIIIYI	$R_{Y}$[1]
gradient: 2.0941843051813995
second_gradient: 0.0
b: 1.5707963267948966
f: 2.0941843051813995
Optimization terminated successfully    (Exit mode 0)
            Current function value: 144.14781096582988
            Iterations: 3
            Function evaluations: 13
            Gradient evaluations: 3
Special HardwareAdaptAnsatz24 selection activated
Checking gate size 1 with block size 24.
Choose gate size 1
Current gradient magnitude: 11118.668211905784
New op index: 15	YIIIIIII	$R_{Y}$[7]
gradient: -49.29401296131851
second_gradient: 6.466624288202522e-16
b: -1.5707963267948966
f: 49.29401296131851
Optimization terminated successfully    (Exit mode 0)
            Current function value: 92.63023028277702
            Iterations: 4
            Function evaluations: 26
            Gradient evaluations: 4
Special HardwareAdaptAnsatz24 selection activated
Checking gate size 1 with block size 24.
Choose gate size 1
Current gradient magnitude: 4291.664034421057
New op index: 14	IYIIIIII	$R_{Y}$[6]
gradient: 1.5941689002808346
second_gradient: 0.49999999999525463
b: 1.8747222134078139
f: 1.170740698802096
Optimization terminated successfully    (Exit mode 0)
            Current function value: 91.4253469519561
            Iterations: 8
            Function evaluations: 54
            Gradient evaluations: 8
Special HardwareAdaptAnsatz24 selection activated
Checking gate size 1 with block size 24.
Choose gate size 1
Current gradient magnitude: 5805.520165187976
New op index: 8	IIIIIIIY	$R_{Y}$[0]
gradient: -49.70438643083185
second_gradient: 0.4999999999999993
b: -1.5808554618415729
f: 49.20690123579885
Optimization terminated successfully    (Exit mode 0)
            Current function value: 40.44171169035958
            Iterations: 5
            Function evaluations: 41
            Gradient evaluations: 5
Special HardwareAdaptAnsatz24 selection activated
Checking gate size 1 with block size 24.
Choose gate size 1
Current gradient magnitude: 1404.7513792385512
New op index: 10	IIIIIYII	$R_{Y}$[2]
gradient: -1.5894474519088675
second_gradient: 0.004887927320472083
b: -1.5738715539162338
f: 1.58456704033765
Optimization terminated successfully    (Exit mode 0)
            Current function value: 38.85468202307819
            Iterations: 6
            Function evaluations: 56
            Gradient evaluations: 6
Special HardwareAdaptAnsatz24 selection activated
Checking gate size 1 with block size 24.
Choose gate size 1
Current gradient magnitude: 1077.368321316853
New op index: 12	IIIYIIII	$R_{Y}$[4]
gradient: 51.593046312970394
second_gradient: 0.004918327080986176
b: 1.5708916560576087
f: 51.58812822031965
Optimization terminated successfully    (Exit mode 0)
            Current function value: -12.734693877547759
            Iterations: 2
            Function evaluations: 23
            Gradient evaluations: 2
Special HardwareAdaptAnsatz24 selection activated
Checking gate size 1 with block size 24.
Checking gate size 2 with block size 63.
Checking gate size 3 with block size 162.
Checking gate size 4 with block size 405.
Checking gate size 5 with block size 972.
Checking gate size 6 with block size 2187.
Checking gate size 7 with block size 4374.
Checking gate size 8 with block size 6561.
Current gradient magnitude: 0.0006458726685884829
New op index: 11	IIIIYIII	$R_{Y}$[3]
gradient: -1.2291318302115236e-05
second_gradient: 51.59183673469359
b: -3.1415924153482595
f: 1.4637180356658064e-12
Precision cutoff reached.
Calculating energies for FreeWilson2D(N_x=2, N_y=2, mass=-5.020, r=1.000)
h_im: 0.0
Lets GO!
Special HardwareAdaptAnsatz24 selection activated
Checking gate size 1 with block size 24.
Choose gate size 1
Current gradient magnitude: 21509.2244897959
New op index: 11	IIIIYIII	$R_{Y}$[3]
gradient: 1.510204081632653
second_gradient: -0.49999999999999956
b: 1.2510741671823071
f: 2.0908225445284345
Optimization terminated successfully    (Exit mode 0)
            Current function value: 198.4091774554715
            Iterations: 1
            Function evaluations: 2
            Gradient evaluations: 1
Special HardwareAdaptAnsatz24 selection activated
Checking gate size 1 with block size 24.
Choose gate size 1
Current gradient magnitude: 23462.237359327526
New op index: 13	IIYIIIII	$R_{Y}$[5]
gradient: -49.47634311853945
second_gradient: -2.6218044175594775e-15
b: -1.5707963267948966
f: 49.47634311853945
Optimization terminated successfully    (Exit mode 0)
            Current function value: 146.47716519027279
            Iterations: 4
            Function evaluations: 15
            Gradient evaluations: 4
Special HardwareAdaptAnsatz24 selection activated
Checking gate size 1 with block size 24.
Choose gate size 1
Current gradient magnitude: 9310.434958550275
New op index: 9	IIIIIIYI	$R_{Y}$[1]
gradient: 2.0125590058765432
second_gradient: 0.0
b: 1.5707963267948966
f: 2.0125590058765432
Optimization terminated successfully    (Exit mode 0)
            Current function value: 144.3887701299315
            Iterations: 3
            Function evaluations: 14
            Gradient evaluations: 3
Special HardwareAdaptAnsatz24 selection activated
Checking gate size 1 with block size 24.
Choose gate size 1
Current gradient magnitude: 11195.71948273858
New op index: 15	YIIIIIII	$R_{Y}$[7]
gradient: -48.99000142707189
second_gradient: 8.261316827123604e-15
b: -1.5707963267948968
f: 48.99000142707188
Optimization terminated successfully    (Exit mode 0)
            Current function value: 92.9567570313318
            Iterations: 5
            Function evaluations: 30
            Gradient evaluations: 5
Special HardwareAdaptAnsatz24 selection activated
Checking gate size 1 with block size 24.
Choose gate size 1
Current gradient magnitude: 4287.131299012104
New op index: 14	IYIIIIII	$R_{Y}$[6]
gradient: 1.5125577146288407
second_gradient: 0.49999999996146965
b: 1.8900541254340024
f: 1.0930570737319656
Optimization terminated successfully    (Exit mode 0)
            Current function value: 91.83037029730403
            Iterations: 7
            Function evaluations: 48
            Gradient evaluations: 7
Special HardwareAdaptAnsatz24 selection activated
Checking gate size 1 with block size 24.
Choose gate size 1
Current gradient magnitude: 5826.489078434346
New op index: 8	IIIIIIIY	$R_{Y}$[0]
gradient: -49.55048902088673
second_gradient: 0.49999999999999917
b: -1.580886702096644
f: 49.053011636115684
Optimization terminated successfully    (Exit mode 0)
            Current function value: 40.93149603524606
            Iterations: 5
            Function evaluations: 42
            Gradient evaluations: 5
Special HardwareAdaptAnsatz24 selection activated
Checking gate size 1 with block size 24.
Choose gate size 1
Current gradient magnitude: 1401.578070393047
New op index: 10	IIIIIYII	$R_{Y}$[2]
gradient: -1.507805243414424
second_gradient: 0.0048947802114327294
b: -1.5740426101186138
f: 1.5029184081316551
Optimization terminated successfully    (Exit mode 0)
            Current function value: 39.42610861444207
            Iterations: 6
            Function evaluations: 56
            Gradient evaluations: 6
Special HardwareAdaptAnsatz24 selection activated
Checking gate size 1 with block size 24.
Choose gate size 1
Current gradient magnitude: 1075.7403315759025
New op index: 12	IIIYIIII	$R_{Y}$[4]
gradient: 51.511416992470984
second_gradient: 0.004925094121427335
b: 1.5708919384940883
f: 51.50649213379786
Optimization terminated successfully    (Exit mode 0)
            Current function value: -12.081632653057923
            Iterations: 2
            Function evaluations: 23
            Gradient evaluations: 2
Special HardwareAdaptAnsatz24 selection activated
Checking gate size 1 with block size 24.
Checking gate size 2 with block size 63.
Checking gate size 3 with block size 162.
Checking gate size 4 with block size 405.
Checking gate size 5 with block size 972.
Checking gate size 6 with block size 2187.
Checking gate size 7 with block size 4374.
Checking gate size 8 with block size 6561.
Current gradient magnitude: 0.0006419763535366558
New op index: 14	IYIIIIII	$R_{Y}$[6]
gradient: 1.1394938723150344e-05
second_gradient: 51.51020408163206
b: 3.1415924323726787
f: 1.2647660696529783e-12
Precision cutoff reached.
Calculating energies for FreeWilson2D(N_x=2, N_y=2, mass=-4.857, r=1.000)
h_im: 0.0
Lets GO!
Special HardwareAdaptAnsatz24 selection activated
Checking gate size 1 with block size 24.
Choose gate size 1
Current gradient magnitude: 21499.428571428554
New op index: 11	IIIIYIII	$R_{Y}$[3]
gradient: 1.4285714285714288
second_gradient: -0.49999999999999956
b: 1.2341215074081697
f: 2.0135442928869347
Optimization terminated successfully    (Exit mode 0)
            Current function value: 198.48645570711292
            Iterations: 1
            Function evaluations: 2
            Gradient evaluations: 1
Special HardwareAdaptAnsatz24 selection activated
Checking gate size 1 with block size 24.
Choose gate size 1
Current gradient magnitude: 23639.614961152958
New op index: 13	IIYIIIII	$R_{Y}$[5]
gradient: -49.12148924687224
second_gradient: -6.061619460341815e-16
b: -1.5707963267948966
f: 49.12148924687224
Optimization terminated successfully    (Exit mode 0)
            Current function value: 146.64042667849262
            Iterations: 5
            Function evaluations: 20
            Gradient evaluations: 5
Special HardwareAdaptAnsatz24 selection activated
Checking gate size 1 with block size 24.
Choose gate size 1
Current gradient magnitude: 9303.580291443603
New op index: 9	IIIIIIYI	$R_{Y}$[1]
gradient: 1.930916889882179
second_gradient: 0.0
b: 1.5707963267948966
f: 1.930916889882179
Optimization terminated successfully    (Exit mode 0)
            Current function value: 144.62931285039045
            Iterations: 5
            Function evaluations: 23
            Gradient evaluations: 5
Special HardwareAdaptAnsatz24 selection activated
Checking gate size 1 with block size 24.
Choose gate size 1
Current gradient magnitude: 11286.106111393992
New op index: 15	YIIIIIII	$R_{Y}$[7]
gradient: -48.62162950262574
second_gradient: -8.619097423937043e-15
b: -1.5707963267948963
f: 48.621629502625744
Optimization terminated successfully    (Exit mode 0)
            Current function value: 93.2832839037354
            Iterations: 5
            Function evaluations: 30
            Gradient evaluations: 5
Special HardwareAdaptAnsatz24 selection activated
Checking gate size 1 with block size 24.
Choose gate size 1
Current gradient magnitude: 4281.901387948805
New op index: 14	IYIIIIII	$R_{Y}$[6]
gradient: 1.4309023979214999
second_gradient: 0.4999999999552495
b: 1.9069631207573186
f: 1.0157445934155294
Optimization terminated successfully    (Exit mode 0)
            Current function value: 92.2352781664278
            Iterations: 9
            Function evaluations: 60
            Gradient evaluations: 9
Special HardwareAdaptAnsatz24 selection activated
Checking gate size 1 with block size 24.
Choose gate size 1
Current gradient magnitude: 5848.143611702314
New op index: 8	IIIIIIIY	$R_{Y}$[0]
gradient: -49.398299163474995
second_gradient: 0.4999999999999995
b: -1.580917787135779
f: 48.90082955016216
Optimization terminated successfully    (Exit mode 0)
            Current function value: 41.42128180665179
            Iterations: 5
            Function evaluations: 42
            Gradient evaluations: 5
Special HardwareAdaptAnsatz24 selection activated
Checking gate size 1 with block size 24.
Choose gate size 1
Current gradient magnitude: 1399.2587575762964
New op index: 10	IIIIIYII	$R_{Y}$[2]
gradient: -1.4261447015679138
second_gradient: 0.004945816534860515
b: -1.5742642755256078
f: 1.4212074609607355
Optimization terminated successfully    (Exit mode 0)
            Current function value: 39.997535204307916
            Iterations: 6
            Function evaluations: 56
            Gradient evaluations: 6
Special HardwareAdaptAnsatz24 selection activated
Checking gate size 1 with block size 24.
Choose gate size 1
Current gradient magnitude: 1074.1339484802688
New op index: 12	IIIYIIII	$R_{Y}$[4]
gradient: 51.42978769213815
second_gradient: 0.004931901335043587
b: 1.5708922226082227
f: 51.42485602727746
Optimization terminated successfully    (Exit mode 0)
            Current function value: -11.428571428568642
            Iterations: 2
            Function evaluations: 23
            Gradient evaluations: 2
Special HardwareAdaptAnsatz24 selection activated
Checking gate size 1 with block size 24.
Checking gate size 2 with block size 63.
Checking gate size 3 with block size 162.
Checking gate size 4 with block size 405.
Checking gate size 5 with block size 972.
Checking gate size 6 with block size 2187.
Checking gate size 7 with block size 4374.
Checking gate size 8 with block size 6561.
Current gradient magnitude: 0.0006230765137504924
New op index: 65	ZYIIIIII	$R_{YZ}$[6, 7]
gradient: -9.76480249350183e-06
second_gradient: 51.428571428569995
b: -3.1415924637186334
f: 9.308109838457312e-13
Precision cutoff reached.
Calculating energies for FreeWilson2D(N_x=2, N_y=2, mass=-4.694, r=1.000)
h_im: 0.0
Lets GO!
Special HardwareAdaptAnsatz24 selection activated
Checking gate size 1 with block size 24.
Choose gate size 1
Current gradient magnitude: 21489.632653061206
New op index: 11	IIIIYIII	$R_{Y}$[3]
gradient: 1.3469387755102045
second_gradient: -0.49999999999999956
b: 1.2153506650522385
f: 1.9367477388090533
Optimization terminated successfully    (Exit mode 0)
            Current function value: 198.5632522611908
            Iterations: 1
            Function evaluations: 2
            Gradient evaluations: 1
Special HardwareAdaptAnsatz24 selection activated
Checking gate size 1 with block size 24.
Choose gate size 1
Current gradient magnitude: 23830.022453319143
New op index: 13	IIYIIIII	$R_{Y}$[5]
gradient: -48.72151317458687
second_gradient: 2.736189959414193e-15
b: -1.5707963267948968
f: 48.72151317458687
Optimization terminated successfully    (Exit mode 0)
            Current function value: 146.8036881792374
            Iterations: 2
            Function evaluations: 10
            Gradient evaluations: 2
Special HardwareAdaptAnsatz24 selection activated
Checking gate size 1 with block size 24.
Choose gate size 1
Current gradient magnitude: 9296.765124784266
New op index: 9	IIIIIIYI	$R_{Y}$[1]
gradient: 1.8492800707766865
second_gradient: 0.0
b: 1.5707963267948966
f: 1.8492800707766865
Optimization terminated successfully    (Exit mode 0)
            Current function value: 144.86937471062063
            Iterations: 5
            Function evaluations: 22
            Gradient evaluations: 5
Special HardwareAdaptAnsatz24 selection activated
Checking gate size 1 with block size 24.
Choose gate size 1
Current gradient magnitude: 11379.629956598634
New op index: 15	YIIIIIII	$R_{Y}$[7]
gradient: -48.221096117310914
second_gradient: 6.97875715229492e-15
b: -1.5707963267948968
f: 48.22109611731091
Optimization terminated successfully    (Exit mode 0)
            Current function value: 93.6098106295208
            Iterations: 2
            Function evaluations: 14
            Gradient evaluations: 2
Special HardwareAdaptAnsatz24 selection activated
Checking gate size 1 with block size 24.
Choose gate size 1
Current gradient magnitude: 4277.094891151819
New op index: 14	IYIIIIII	$R_{Y}$[6]
gradient: 1.3492798665274037
second_gradient: 0.4999999999999978
b: 1.9256757957969608
f: 0.9389427223542335
Optimization terminated successfully    (Exit mode 0)
            Current function value: 92.6400671965367
            Iterations: 9
            Function evaluations: 59
            Gradient evaluations: 9
Special HardwareAdaptAnsatz24 selection activated
Checking gate size 1 with block size 24.
Choose gate size 1
Current gradient magnitude: 5869.7352137867665
New op index: 8	IIIIIIIY	$R_{Y}$[0]
gradient: -49.24496406131577
second_gradient: 0.49999999999999917
b: -1.5809493003818125
f: 48.74750232651684
Optimization terminated successfully    (Exit mode 0)
            Current function value: 41.91106414906056
            Iterations: 5
            Function evaluations: 42
            Gradient evaluations: 5
Special HardwareAdaptAnsatz24 selection activated
Checking gate size 1 with block size 24.
Choose gate size 1
Current gradient magnitude: 1394.7882864162857
New op index: 10	IIIIIYII	$R_{Y}$[2]
gradient: -1.3445650231445683
second_gradient: 0.004868007156950269
b: -1.5744168180342648
f: 1.3397058282858765
Optimization terminated successfully    (Exit mode 0)
            Current function value: 40.568961792321126
            Iterations: 6
            Function evaluations: 56
            Gradient evaluations: 6
Special HardwareAdaptAnsatz24 selection activated
Checking gate size 1 with block size 24.
Choose gate size 1
Current gradient magnitude: 1072.5231585890992
New op index: 12	IIIYIIII	$R_{Y}$[4]
gradient: 51.348158311620665
second_gradient: 0.004938530439035785
b: 1.5708925041571662
f: 51.343220018669044
Optimization terminated successfully    (Exit mode 0)
            Current function value: -10.77551020407962
            Iterations: 2
            Function evaluations: 23
            Gradient evaluations: 2
Special HardwareAdaptAnsatz24 selection activated
Checking gate size 1 with block size 24.
Checking gate size 2 with block size 63.
Checking gate size 3 with block size 162.
Checking gate size 4 with block size 405.
Checking gate size 5 with block size 972.
Checking gate size 6 with block size 2187.
Checking gate size 7 with block size 4374.
Checking gate size 8 with block size 6561.
Current gradient magnitude: 0.0005470238192598476
New op index: 11	IIIIYIII	$R_{Y}$[3]
gradient: -1.0697844837068036e-05
second_gradient: 51.34693877550905
b: -3.1415924452454385
f: 1.1155520951433573e-12
Precision cutoff reached.
Calculating energies for FreeWilson2D(N_x=2, N_y=2, mass=-4.531, r=1.000)
h_im: 0.0
Lets GO!
Special HardwareAdaptAnsatz24 selection activated
Checking gate size 1 with block size 24.
Choose gate size 1
Current gradient magnitude: 21479.83673469386
New op index: 11	IIIIYIII	$R_{Y}$[3]
gradient: 1.2653061224489799
second_gradient: -0.49999999999999956
b: 1.1944681983485737
f: 1.8605144554567847
Optimization terminated successfully    (Exit mode 0)
            Current function value: 198.63948554454274
            Iterations: 1
            Function evaluations: 2
            Gradient evaluations: 1
Special HardwareAdaptAnsatz24 selection activated
Checking gate size 1 with block size 24.
Choose gate size 1
Current gradient magnitude: 24034.362274534018
New op index: 13	IIYIIIII	$R_{Y}$[5]
gradient: -48.26632334332656
second_gradient: -1.37290972241593e-16
b: -1.5707963267948966
f: 48.26632334332656
Optimization terminated successfully    (Exit mode 0)
            Current function value: 146.96694952714523
            Iterations: 4
            Function evaluations: 18
            Gradient evaluations: 4
Special HardwareAdaptAnsatz24 selection activated
Checking gate size 1 with block size 24.
Choose gate size 1
Current gradient magnitude: 9290.67958848965
New op index: 9	IIIIIIYI	$R_{Y}$[1]
gradient: 1.7676743461478195
second_gradient: 0.0
b: 1.5707963267948966
f: 1.7676743461478195
Optimization terminated successfully    (Exit mode 0)
            Current function value: 145.10887335501718
            Iterations: 5
            Function evaluations: 22
            Gradient evaluations: 5
Special HardwareAdaptAnsatz24 selection activated
Checking gate size 1 with block size 24.
Choose gate size 1
Current gradient magnitude: 11481.38088465473
New op index: 15	YIIIIIII	$R_{Y}$[7]
gradient: -47.76108734032979
second_gradient: 2.970979384655702e-15
b: -1.5707963267948968
f: 47.76108734032979
Optimization terminated successfully    (Exit mode 0)
            Current function value: 93.93633727655659
            Iterations: 4
            Function evaluations: 26
            Gradient evaluations: 4
Special HardwareAdaptAnsatz24 selection activated
Checking gate size 1 with block size 24.
Choose gate size 1
Current gradient magnitude: 4272.657231995765
New op index: 14	IYIIIIII	$R_{Y}$[6]
gradient: 1.2676775780170217
second_gradient: 0.4999999999999947
b: 1.946484904273599
f: 0.8627202360745625
Optimization terminated successfully    (Exit mode 0)
            Current function value: 93.04473374120595
            Iterations: 9
            Function evaluations: 59
            Gradient evaluations: 9
Special HardwareAdaptAnsatz24 selection activated
Checking gate size 1 with block size 24.
Choose gate size 1
Current gradient magnitude: 5892.132163046324
New op index: 8	IIIIIIIY	$R_{Y}$[0]
gradient: -49.08658430243363
second_gradient: 0.49999999999999933
b: -1.580982057080854
f: 48.58913075702119
Optimization terminated successfully    (Exit mode 0)
            Current function value: 42.40084843783976
            Iterations: 5
            Function evaluations: 42
            Gradient evaluations: 5
Special HardwareAdaptAnsatz24 selection activated
Checking gate size 1 with block size 24.
Choose gate size 1
Current gradient magnitude: 1391.7742937201006
New op index: 10	IIIIIYII	$R_{Y}$[2]
gradient: -1.2629299044639666
second_gradient: 0.004876198198460384
b: -1.5746573280672826
f: 1.2580631197809247
Optimization terminated successfully    (Exit mode 0)
            Current function value: 41.1403883787462
            Iterations: 6
            Function evaluations: 56
            Gradient evaluations: 6
Special HardwareAdaptAnsatz24 selection activated
Checking gate size 1 with block size 24.
Choose gate size 1
Current gradient magnitude: 1070.9213111380761
New op index: 12	IIIYIIII	$R_{Y}$[4]
gradient: 51.266528948072164
second_gradient: 0.00494519860926549
b: 1.5708927873646952
f: 51.261583987971235
Optimization terminated successfully    (Exit mode 0)
            Current function value: -10.122448979589533
            Iterations: 2
            Function evaluations: 23
            Gradient evaluations: 2
Special HardwareAdaptAnsatz24 selection activated
Checking gate size 1 with block size 24.
Checking gate size 2 with block size 63.
Checking gate size 3 with block size 162.
Checking gate size 4 with block size 405.
Checking gate size 5 with block size 972.
Checking gate size 6 with block size 2187.
Checking gate size 7 with block size 4374.
Checking gate size 8 with block size 6561.
Current gradient magnitude: 0.00046107980754627874
New op index: 65	ZYIIIIII	$R_{YZ}$[6, 7]
gradient: -1.1197654048621497e-05
second_gradient: 51.26530612244754
b: -3.141592435164217
f: 1.2292389328649733e-12
Precision cutoff reached.
Calculating energies for FreeWilson2D(N_x=2, N_y=2, mass=-4.367, r=1.000)
h_im: 0.0
Lets GO!
Special HardwareAdaptAnsatz24 selection activated
Checking gate size 1 with block size 24.
Choose gate size 1
Current gradient magnitude: 21470.040816326513
New op index: 11	IIIIYIII	$R_{Y}$[3]
gradient: 1.1836734693877553
second_gradient: -0.49999999999999956
b: 1.171118257605929
f: 1.7849447000289327
Optimization terminated successfully    (Exit mode 0)
            Current function value: 198.71505529997089
            Iterations: 1
            Function evaluations: 2
            Gradient evaluations: 1
Special HardwareAdaptAnsatz24 selection activated
Checking gate size 1 with block size 24.
Choose gate size 1
Current gradient magnitude: 24253.394528336205
New op index: 13	IIYIIIII	$R_{Y}$[5]
gradient: -47.742989071105924
second_gradient: 1.7188631470535906e-15
b: -1.5707963267948966
f: 47.742989071105924
Optimization terminated successfully    (Exit mode 0)
            Current function value: 147.1302109485481
            Iterations: 4
            Function evaluations: 15
            Gradient evaluations: 4
Special HardwareAdaptAnsatz24 selection activated
Checking gate size 1 with block size 24.
Choose gate size 1
Current gradient magnitude: 9284.111458547986
New op index: 9	IIIIIIYI	$R_{Y}$[1]
gradient: 1.6860475672270705
second_gradient: 0.0
b: 1.5707963267948966
f: 1.6860475672270705
Optimization terminated successfully    (Exit mode 0)
            Current function value: 145.34770836138102
            Iterations: 4
            Function evaluations: 16
            Gradient evaluations: 4
Special HardwareAdaptAnsatz24 selection activated
Checking gate size 1 with block size 24.
Choose gate size 1
Current gradient magnitude: 11588.13298476165
New op index: 15	YIIIIIII	$R_{Y}$[7]
gradient: -47.2428960304567
second_gradient: 4.026045293174947e-15
b: -1.5707963267948968
f: 47.24289603045669
Optimization terminated successfully    (Exit mode 0)
            Current function value: 94.26286402609598
            Iterations: 4
            Function evaluations: 26
            Gradient evaluations: 4
Special HardwareAdaptAnsatz24 selection activated
Checking gate size 1 with block size 24.
Choose gate size 1
Current gradient magnitude: 4267.745706530588
New op index: 14	IYIIIIII	$R_{Y}$[6]
gradient: 1.1860422448929668
second_gradient: 0.49999999999959605
b: 1.9697582722477005
f: 0.7871271136416107
Optimization terminated successfully    (Exit mode 0)
            Current function value: 93.44927475199704
            Iterations: 10
            Function evaluations: 65
            Gradient evaluations: 10
Special HardwareAdaptAnsatz24 selection activated
Checking gate size 1 with block size 24.
Choose gate size 1
Current gradient magnitude: 5911.800591355719
New op index: 8	IIIIIIIY	$R_{Y}$[0]
gradient: -48.92834712068814
second_gradient: 0.4999999999999993
b: -1.5810149960483668
f: 48.43090181023186
Optimization terminated successfully    (Exit mode 0)
            Current function value: 42.890632811054836
            Iterations: 5
            Function evaluations: 42
            Gradient evaluations: 5
Special HardwareAdaptAnsatz24 selection activated
Checking gate size 1 with block size 24.
Choose gate size 1
Current gradient magnitude: 1388.643249048428
New op index: 10	IIIIIYII	$R_{Y}$[2]
gradient: -1.181345616707759
second_gradient: 0.0049009011495604075
b: -1.574944878213378
f: 1.1764548813929863
Optimization terminated successfully    (Exit mode 0)
            Current function value: 41.71181496389916
            Iterations: 6
            Function evaluations: 55
            Gradient evaluations: 6
Special HardwareAdaptAnsatz24 selection activated
Checking gate size 1 with block size 24.
Choose gate size 1
Current gradient magnitude: 1069.3467389785471
New op index: 12	IIIYIIII	$R_{Y}$[4]
gradient: 51.18489919120973
second_gradient: 0.0049512974886031765
b: 1.57089306035404
f: 51.17994813319944
Optimization terminated successfully    (Exit mode 0)
            Current function value: -9.46938775510002
            Iterations: 2
            Function evaluations: 23
            Gradient evaluations: 2
Special HardwareAdaptAnsatz24 selection activated
Checking gate size 1 with block size 24.
Checking gate size 2 with block size 63.
Checking gate size 3 with block size 162.
Checking gate size 4 with block size 405.
Checking gate size 5 with block size 972.
Checking gate size 6 with block size 2187.
Checking gate size 7 with block size 4374.
Checking gate size 8 with block size 6561.
Current gradient magnitude: 0.0005055533039024511
New op index: 635	IIIZYZZI	$R_{ZZYZ}$[1, 2, 3, 4]
gradient: 1.141861900227346e-05
second_gradient: 51.18367346938681
b: 3.141592430498752
f: 1.2789769243681803e-12
Precision cutoff reached.
Calculating energies for FreeWilson2D(N_x=2, N_y=2, mass=-4.204, r=1.000)
h_im: 0.0
Lets GO!
Special HardwareAdaptAnsatz24 selection activated
Checking gate size 1 with block size 24.
Choose gate size 1
Current gradient magnitude: 21460.244897959165
New op index: 11	IIIIYIII	$R_{Y}$[3]
gradient: 1.102040816326531
second_gradient: -0.49999999999999956
b: 1.1448666702609551
f: 1.7101627827898382
Optimization terminated successfully    (Exit mode 0)
            Current function value: 198.78983721721002
            Iterations: 1
            Function evaluations: 2
            Gradient evaluations: 1
Special HardwareAdaptAnsatz24 selection activated
Checking gate size 1 with block size 24.
Choose gate size 1
Current gradient magnitude: 24487.577122227143
New op index: 13	IIYIIIII	$R_{Y}$[5]
gradient: -47.13479194696152
second_gradient: 1.062642037855507e-15
b: -1.5707963267948966
f: 47.13479194696152
Optimization terminated successfully    (Exit mode 0)
            Current function value: 147.2934723928671
            Iterations: 5
            Function evaluations: 20
            Gradient evaluations: 5
Special HardwareAdaptAnsatz24 selection activated
Checking gate size 1 with block size 24.
Choose gate size 1
Current gradient magnitude: 9277.382761351662
New op index: 9	IIIIIIYI	$R_{Y}$[1]
gradient: 1.6044117615157705
second_gradient: 0.0
b: 1.5707963267948966
f: 1.6044117615157705
Optimization terminated successfully    (Exit mode 0)
            Current function value: 145.58575558467498
            Iterations: 5
            Function evaluations: 22
            Gradient evaluations: 5
Special HardwareAdaptAnsatz24 selection activated
Checking gate size 1 with block size 24.
Choose gate size 1
Current gradient magnitude: 11704.19284279743
New op index: 15	YIIIIIII	$R_{Y}$[7]
gradient: -46.634841085499694
second_gradient: 5.875118996994877e-15
b: -1.5707963267948968
f: 46.63484108549969
Optimization terminated successfully    (Exit mode 0)
            Current function value: 94.58939073763501
            Iterations: 4
            Function evaluations: 26
            Gradient evaluations: 4
Special HardwareAdaptAnsatz24 selection activated
Checking gate size 1 with block size 24.
Choose gate size 1
Current gradient magnitude: 4262.967583698332
New op index: 14	IYIIIIII	$R_{Y}$[6]
gradient: 1.1044170804166527
second_gradient: 0.4999999999996976
b: 1.9959161397599376
f: 0.7123271371690374
Optimization terminated successfully    (Exit mode 0)
            Current function value: 93.85368566551095
            Iterations: 12
            Function evaluations: 78
            Gradient evaluations: 12
Special HardwareAdaptAnsatz24 selection activated
Checking gate size 1 with block size 24.
Choose gate size 1
Current gradient magnitude: 5934.571684171227
New op index: 8	IIIIIIIY	$R_{Y}$[0]
gradient: -48.76452517584656
second_gradient: 0.4999999999999992
b: -1.581049322746768
f: 48.267088447289666
Optimization terminated successfully    (Exit mode 0)
            Current function value: 43.380416904865534
            Iterations: 5
            Function evaluations: 42
            Gradient evaluations: 5
Special HardwareAdaptAnsatz24 selection activated
Checking gate size 1 with block size 24.
Choose gate size 1
Current gradient magnitude: 1385.8106840079467
New op index: 10	IIIIIYII	$R_{Y}$[2]
gradient: -1.099651915606863
second_gradient: 0.004893228197515514
b: -1.5752460947914873
f: 1.0947695742924277
Optimization terminated successfully    (Exit mode 0)
            Current function value: 42.28324157114938
            Iterations: 6
            Function evaluations: 55
            Gradient evaluations: 6
Special HardwareAdaptAnsatz24 selection activated
Checking gate size 1 with block size 24.
Choose gate size 1
Current gradient magnitude: 1067.8345446658786
New op index: 12	IIIYIIII	$R_{Y}$[4]
gradient: 51.10326718060687
second_gradient: 0.004956464801182667
b: 1.570893315990678
f: 51.09831095616746
Optimization terminated successfully    (Exit mode 0)
            Current function value: -8.816326530608805
            Iterations: 2
            Function evaluations: 23
            Gradient evaluations: 2
Special HardwareAdaptAnsatz24 selection activated
Checking gate size 1 with block size 24.
Checking gate size 2 with block size 63.
Checking gate size 3 with block size 162.
Checking gate size 4 with block size 405.
Checking gate size 5 with block size 972.
Checking gate size 6 with block size 2187.
Checking gate size 7 with block size 4374.
Checking gate size 8 with block size 6561.
Current gradient magnitude: 0.0006459623837064702
New op index: 14	IYIIIIII	$R_{Y}$[6]
gradient: 1.2387409105433536e-05
second_gradient: 51.102040816324916
b: 3.1415924111844236
f: 1.4992451724538114e-12
Precision cutoff reached.
Calculating energies for FreeWilson2D(N_x=2, N_y=2, mass=-4.041, r=1.000)
h_im: 0.0
Lets GO!
Special HardwareAdaptAnsatz24 selection activated
Checking gate size 1 with block size 24.
Choose gate size 1
Current gradient magnitude: 21450.44897959182
New op index: 11	IIIIYIII	$R_{Y}$[3]
gradient: 1.0204081632653064
second_gradient: -0.49999999999999956
b: 1.1151806735836725
f: 1.6363242581492639
Optimization terminated successfully    (Exit mode 0)
            Current function value: 198.86367574185059
            Iterations: 1
            Function evaluations: 2
            Gradient evaluations: 1
Special HardwareAdaptAnsatz24 selection activated
Checking gate size 1 with block size 24.
Choose gate size 1
Current gradient magnitude: 24736.8022222617
New op index: 13	IIYIIIII	$R_{Y}$[5]
gradient: -46.419923242141124
second_gradient: -7.358413764934273e-16
b: -1.5707963267948966
f: 46.419923242141124
Optimization terminated successfully    (Exit mode 0)
            Current function value: 147.45673389314865
            Iterations: 5
            Function evaluations: 20
            Gradient evaluations: 5
Special HardwareAdaptAnsatz24 selection activated
Checking gate size 1 with block size 24.
Choose gate size 1
Current gradient magnitude: 9270.564954760372
New op index: 9	IIIIIIYI	$R_{Y}$[1]
gradient: 1.5227704488936273
second_gradient: 0.0
b: 1.5707963267948966
f: 1.5227704488936273
Optimization terminated successfully    (Exit mode 0)
            Current function value: 145.82285941548312
            Iterations: 5
            Function evaluations: 22
            Gradient evaluations: 5
Special HardwareAdaptAnsatz24 selection activated
Checking gate size 1 with block size 24.
Choose gate size 1
Current gradient magnitude: 11828.477067542231
New op index: 15	YIIIIIII	$R_{Y}$[7]
gradient: -45.919648101683826
second_gradient: 8.776284741412668e-15
b: -1.5707963267948968
f: 45.91964810168382
Optimization terminated successfully    (Exit mode 0)
            Current function value: 94.91591744481147
            Iterations: 4
            Function evaluations: 26
            Gradient evaluations: 4
Special HardwareAdaptAnsatz24 selection activated
Checking gate size 1 with block size 24.
Choose gate size 1
Current gradient magnitude: 4258.153944841071
New op index: 14	IYIIIIII	$R_{Y}$[6]
gradient: 1.022789860917122
second_gradient: 0.5000000000000028
b: 2.025491455591366
f: 0.6384634818890161
Optimization terminated successfully    (Exit mode 0)
            Current function value: 94.25752173876101
            Iterations: 9
            Function evaluations: 59
            Gradient evaluations: 9
Special HardwareAdaptAnsatz24 selection activated
Checking gate size 1 with block size 24.
Choose gate size 1
Current gradient magnitude: 5787.709795447964
New op index: 8	IIIIIIIY	$R_{Y}$[0]
gradient: -47.955298443273094
second_gradient: 0.4999999999999992
b: -1.5812223255727318
f: 47.45790496657867
Optimization terminated successfully    (Exit mode 0)
            Current function value: 43.870201082464355
            Iterations: 4
            Function evaluations: 33
            Gradient evaluations: 4
Special HardwareAdaptAnsatz24 selection activated
Checking gate size 1 with block size 24.
Choose gate size 1
Current gradient magnitude: 1382.856313176673
New op index: 10	IIIIIYII	$R_{Y}$[2]
gradient: -1.0180096445956224
second_gradient: 0.004901037325749815
b: -1.5756106225014304
f: 1.0131204048141365
Optimization terminated successfully    (Exit mode 0)
            Current function value: 42.85466810208479
            Iterations: 6
            Function evaluations: 55
            Gradient evaluations: 6
Special HardwareAdaptAnsatz24 selection activated
Checking gate size 1 with block size 24.
Choose gate size 1
Current gradient magnitude: 1065.9865311054916
New op index: 12	IIIYIIII	$R_{Y}$[4]
gradient: 51.02163312903116
second_gradient: 0.004949522961045457
b: 1.570893335115524
f: 51.01668384614257
Optimization terminated successfully    (Exit mode 0)
            Current function value: -8.16326530612038
            Iterations: 2
            Function evaluations: 23
            Gradient evaluations: 2
Special HardwareAdaptAnsatz24 selection activated
Checking gate size 1 with block size 24.
Checking gate size 2 with block size 63.
Checking gate size 3 with block size 162.
Checking gate size 4 with block size 405.
Checking gate size 5 with block size 972.
Checking gate size 6 with block size 2187.
Checking gate size 7 with block size 4374.
Checking gate size 8 with block size 6561.
Current gradient magnitude: 0.000485981472751259
New op index: 11	IIIIYIII	$R_{Y}$[3]
gradient: -1.0821179562359871e-05
second_gradient: 51.02040816326406
b: -3.141592441494674
f: 1.1510792319313623e-12
Precision cutoff reached.
Calculating energies for FreeWilson2D(N_x=2, N_y=2, mass=-3.878, r=1.000)
h_im: 0.0
Lets GO!
Special HardwareAdaptAnsatz24 selection activated
Checking gate size 1 with block size 24.
Choose gate size 1
Current gradient magnitude: 21440.65306122447
New op index: 11	IIIIYIII	$R_{Y}$[3]
gradient: 0.9387755102040822
second_gradient: -0.49999999999999956
b: 1.0814033345670393
f: 1.5636256195480314
Optimization terminated successfully    (Exit mode 0)
            Current function value: 198.93637438045153
            Iterations: 1
            Function evaluations: 2
            Gradient evaluations: 1
Special HardwareAdaptAnsatz24 selection activated
Checking gate size 1 with block size 24.
Choose gate size 1
Current gradient magnitude: 24999.965887656792
New op index: 13	IIYIIIII	$R_{Y}$[5]
gradient: -45.56969399085313
second_gradient: -2.873976566934637e-15
b: -1.5707963267948966
f: 45.56969399085313
Optimization terminated successfully    (Exit mode 0)
            Current function value: 147.61999518991215
            Iterations: 2
            Function evaluations: 10
            Gradient evaluations: 2
Special HardwareAdaptAnsatz24 selection activated
Checking gate size 1 with block size 24.
Choose gate size 1
Current gradient magnitude: 9264.218171684777
New op index: 9	IIIIIIYI	$R_{Y}$[1]
gradient: 1.4411570435814305
second_gradient: 0.0
b: 1.5707963267948966
f: 1.4411570435814305
Optimization terminated successfully    (Exit mode 0)
            Current function value: 146.05882336029322
            Iterations: 4
            Function evaluations: 19
            Gradient evaluations: 4
Special HardwareAdaptAnsatz24 selection activated
Checking gate size 1 with block size 24.
Choose gate size 1
Current gradient magnitude: 11960.610538003577
New op index: 15	YIIIIIII	$R_{Y}$[7]
gradient: -45.06918880390808
second_gradient: 5.025600097405434e-15
b: -1.5707963267948968
f: 45.06918880390807
Optimization terminated successfully    (Exit mode 0)
            Current function value: 95.24244416646442
            Iterations: 2
            Function evaluations: 14
            Gradient evaluations: 2
Special HardwareAdaptAnsatz24 selection activated
Checking gate size 1 with block size 24.
Choose gate size 1
Current gradient magnitude: 4253.272465834017
New op index: 14	IYIIIIII	$R_{Y}$[6]
gradient: 0.9411575767532554
second_gradient: 0.5000000000000007
b: 2.0591385952980623
f: 0.5657286635349821
Optimization terminated successfully    (Exit mode 0)
            Current function value: 94.6599611219232
            Iterations: 8
            Function evaluations: 55
            Gradient evaluations: 8
Special HardwareAdaptAnsatz24 selection activated
Checking gate size 1 with block size 24.
Choose gate size 1
Current gradient magnitude: 5729.9137094065445
New op index: 8	IIIIIIIY	$R_{Y}$[0]
gradient: -46.95756222600957
second_gradient: 0.4999999999999992
b: -1.5814438366153565
f: 46.46022412861294
Optimization terminated successfully    (Exit mode 0)
            Current function value: 44.35998522160947
            Iterations: 6
            Function evaluations: 50
            Gradient evaluations: 6
Special HardwareAdaptAnsatz24 selection activated
Checking gate size 1 with block size 24.
Choose gate size 1
Current gradient magnitude: 1379.8700060560577
New op index: 10	IIIIIYII	$R_{Y}$[2]
gradient: -0.9363681147293335
second_gradient: 0.004908710220962363
b: -1.5760385655876672
f: 0.9314722708534076
Optimization terminated successfully    (Exit mode 0)
            Current function value: 43.42609501184793
            Iterations: 6
            Function evaluations: 54
            Gradient evaluations: 6
Special HardwareAdaptAnsatz24 selection activated
Checking gate size 1 with block size 24.
Choose gate size 1
Current gradient magnitude: 1065.1332402099733
New op index: 12	IIIYIIII	$R_{Y}$[4]
gradient: 50.939995858140136
second_gradient: 0.004972088879402429
b: 1.5708939335728291
f: 50.935024011915516
Optimization terminated successfully    (Exit mode 0)
            Current function value: -7.51020408162811
            Iterations: 2
            Function evaluations: 23
            Gradient evaluations: 2
Special HardwareAdaptAnsatz24 selection activated
Checking gate size 1 with block size 24.
Checking gate size 2 with block size 63.
Checking gate size 3 with block size 162.
Checking gate size 4 with block size 405.
Checking gate size 5 with block size 972.
Checking gate size 6 with block size 2187.
Checking gate size 7 with block size 4374.
Checking gate size 8 with block size 6561.
Current gradient magnitude: 0.000677275526228797
New op index: 15	YIIIIIII	$R_{Y}$[7]
gradient: 1.3696650627227076e-05
second_gradient: 50.938775510200664
b: 3.1415923847052256
f: 1.8474111129762605e-12
Precision cutoff reached.
Calculating energies for FreeWilson2D(N_x=2, N_y=2, mass=-3.714, r=1.000)
h_im: 0.0
Lets GO!
Special HardwareAdaptAnsatz24 selection activated
Checking gate size 1 with block size 24.
Choose gate size 1
Current gradient magnitude: 21430.857142857127
New op index: 11	IIIIYIII	$R_{Y}$[3]
gradient: 0.8571428571428578
second_gradient: -0.49999999999999956
b: 1.0427218783685377
f: 1.492317427817843
Optimization terminated successfully    (Exit mode 0)
            Current function value: 199.00768257218203
            Iterations: 1
            Function evaluations: 2
            Gradient evaluations: 1
Special HardwareAdaptAnsatz24 selection activated
Checking gate size 1 with block size 24.
Choose gate size 1
Current gradient magnitude: 25274.270616732338
New op index: 13	IIYIIIII	$R_{Y}$[5]
gradient: -44.546087902064485
second_gradient: -1.7208456881689926e-15
b: -1.5707963267948966
f: 44.546087902064485
Optimization terminated successfully    (Exit mode 0)
            Current function value: 147.78325655544856
            Iterations: 4
            Function evaluations: 16
            Gradient evaluations: 4
Special HardwareAdaptAnsatz24 selection activated
Checking gate size 1 with block size 24.
Choose gate size 1
Current gradient magnitude: 9257.705635562059
New op index: 9	IIIIIIYI	$R_{Y}$[1]
gradient: 1.3595324107916062
second_gradient: 0.0
b: 1.5707963267948966
f: 1.3595324107916062
Optimization terminated successfully    (Exit mode 0)
            Current function value: 146.2933973792755
            Iterations: 3
            Function evaluations: 14
            Gradient evaluations: 3
Special HardwareAdaptAnsatz24 selection activated
Checking gate size 1 with block size 24.
Choose gate size 1
Current gradient magnitude: 12103.350468059962
New op index: 15	YIIIIIII	$R_{Y}$[7]
gradient: -44.02545073767986
second_gradient: -1.747213760289548e-14
b: -1.5707963267948961
f: 44.025450737679876
Optimization terminated successfully    (Exit mode 0)
            Current function value: 95.56897076591031
            Iterations: 6
            Function evaluations: 36
            Gradient evaluations: 6
Special HardwareAdaptAnsatz24 selection activated
Checking gate size 1 with block size 24.
Choose gate size 1
Current gradient magnitude: 4248.897734350564
New op index: 14	IYIIIIII	$R_{Y}$[6]
gradient: 0.8595591075782281
second_gradient: 0.5000000000000013
b: 2.0976464465553217
f: 0.49440527926026145
Optimization terminated successfully    (Exit mode 0)
            Current function value: 95.06074638813656
            Iterations: 7
            Function evaluations: 48
            Gradient evaluations: 7
Special HardwareAdaptAnsatz24 selection activated
Checking gate size 1 with block size 24.
Choose gate size 1
Current gradient magnitude: 5686.899104455529
New op index: 8	IIIIIIIY	$R_{Y}$[0]
gradient: -45.7627624081381
second_gradient: 0.49999999999999933
b: -1.5817218059220863
f: 45.26549380508963
Optimization terminated successfully    (Exit mode 0)
            Current function value: 44.849769524073466
            Iterations: 8
            Function evaluations: 65
            Gradient evaluations: 8
Special HardwareAdaptAnsatz24 selection activated
Checking gate size 1 with block size 24.
Choose gate size 1
Current gradient magnitude: 1377.4623938896525
New op index: 12	IIIYIIII	$R_{Y}$[4]
gradient: 0.8596236878104975
second_gradient: 0.009890283172873042
b: 1.5823011828665932
f: 0.8497902984073784
Optimization terminated successfully    (Exit mode 0)
            Current function value: 43.997548234450896
            Iterations: 2
            Function evaluations: 21
            Gradient evaluations: 2
Special HardwareAdaptAnsatz24 selection activated
Checking gate size 1 with block size 24.
Choose gate size 1
Current gradient magnitude: 961.2863410364268
New op index: 10	IIIIIYII	$R_{Y}$[2]
gradient: -50.85029440431784
second_gradient: 0.004957310381612047
b: -1.5708938151265568
f: 50.84533733557619
Optimization terminated successfully    (Exit mode 0)
            Current function value: -6.857142856761102
            Iterations: 3
            Function evaluations: 31
            Gradient evaluations: 3
Special HardwareAdaptAnsatz24 selection activated
Checking gate size 1 with block size 24.
Checking gate size 2 with block size 63.
Checking gate size 3 with block size 162.
Checking gate size 4 with block size 405.
Checking gate size 5 with block size 972.
Checking gate size 6 with block size 2187.
Checking gate size 7 with block size 4374.
Checking gate size 8 with block size 6561.
Current gradient magnitude: 0.007083172537676144
New op index: 11	IIIIYIII	$R_{Y}$[3]
gradient: -0.00011070664633227385
second_gradient: 50.857142857089244
b: -3.1415904767737137
f: 1.204938371301978e-10
Precision cutoff reached.
Calculating energies for FreeWilson2D(N_x=2, N_y=2, mass=-3.551, r=1.000)
h_im: 0.0
Lets GO!
Special HardwareAdaptAnsatz24 selection activated
Checking gate size 1 with block size 24.
Choose gate size 1
Current gradient magnitude: 21421.061224489782
New op index: 11	IIIIYIII	$R_{Y}$[3]
gradient: 0.7755102040816335
second_gradient: -0.49999999999999956
b: 0.9981299440890594
f: 1.4227221015206775
Optimization terminated successfully    (Exit mode 0)
            Current function value: 199.07727789847894
            Iterations: 1
            Function evaluations: 2
            Gradient evaluations: 1
Special HardwareAdaptAnsatz24 selection activated
Checking gate size 1 with block size 24.
Choose gate size 1
Current gradient magnitude: 25554.104865031324
New op index: 13	IIYIIIII	$R_{Y}$[5]
gradient: -43.29846613000802
second_gradient: -1.7106497624326392e-16
b: -1.5707963267948966
f: 43.29846613000802
Optimization terminated successfully    (Exit mode 0)
            Current function value: 147.94651816115493
            Iterations: 5
            Function evaluations: 21
            Gradient evaluations: 5
Special HardwareAdaptAnsatz24 selection activated
Checking gate size 1 with block size 24.
Choose gate size 1
Current gradient magnitude: 9250.582509960095
New op index: 9	IIIIIIYI	$R_{Y}$[1]
gradient: 1.2778787545851857
second_gradient: 0.0
b: 1.5707963267948966
f: 1.2778787545851857
Optimization terminated successfully    (Exit mode 0)
            Current function value: 146.52625749033086
            Iterations: 5
            Function evaluations: 22
            Gradient evaluations: 5
Special HardwareAdaptAnsatz24 selection activated
Checking gate size 1 with block size 24.
Choose gate size 1
Current gradient magnitude: 12243.380027564484
New op index: 15	YIIIIIII	$R_{Y}$[7]
gradient: -42.798359602022394
second_gradient: -4.7671617017980124e-15
b: -1.5707963267948966
f: 42.7983596020224
Optimization terminated successfully    (Exit mode 0)
            Current function value: 95.89549772409676
            Iterations: 4
            Function evaluations: 27
            Gradient evaluations: 4
Special HardwareAdaptAnsatz24 selection activated
Checking gate size 1 with block size 24.
Choose gate size 1
Current gradient magnitude: 4243.350026852792
New op index: 14	IYIIIIII	$R_{Y}$[6]
gradient: 0.7778812533627075
second_gradient: 0.49999999999911465
b: 2.1420732959169957
f: 0.42471576407774553
Optimization terminated successfully    (Exit mode 0)
            Current function value: 95.45955567940749
            Iterations: 7
            Function evaluations: 47
            Gradient evaluations: 7
Special HardwareAdaptAnsatz24 selection activated
Checking gate size 1 with block size 24.
Choose gate size 1
Current gradient magnitude: 5652.365741789856
New op index: 8	IIIIIIIY	$R_{Y}$[0]
gradient: -44.364498228988445
second_gradient: 0.49999999999999917
b: -1.582066122503864
f: 43.86731570773601
Optimization terminated successfully    (Exit mode 0)
            Current function value: 45.3395533868655
            Iterations: 7
            Function evaluations: 59
            Gradient evaluations: 7
Special HardwareAdaptAnsatz24 selection activated
Checking gate size 1 with block size 24.
Choose gate size 1
Current gradient magnitude: 1373.9084734838843
New op index: 10	IIIIIYII	$R_{Y}$[2]
gradient: -0.7730868136712132
second_gradient: 0.004924249178180081
b: -1.5771658347177093
f: 0.7681782470681313
Optimization terminated successfully    (Exit mode 0)
            Current function value: 44.56896918590527
            Iterations: 2
            Function evaluations: 21
            Gradient evaluations: 2
Special HardwareAdaptAnsatz24 selection activated
Checking gate size 1 with block size 24.
Choose gate size 1
Current gradient magnitude: 1067.5811581527737
New op index: 12	IIIYIIII	$R_{Y}$[4]
gradient: 50.773395450241885
second_gradient: 0.004924471085033662
b: 1.5708933159961491
f: 50.76847121796711
Optimization terminated successfully    (Exit mode 0)
            Current function value: -6.204081632466717
            Iterations: 2
            Function evaluations: 23
            Gradient evaluations: 2
Special HardwareAdaptAnsatz24 selection activated
Checking gate size 1 with block size 24.
Checking gate size 2 with block size 63.
Checking gate size 3 with block size 162.
Checking gate size 4 with block size 405.
Checking gate size 5 with block size 972.
Checking gate size 6 with block size 2187.
Checking gate size 7 with block size 4374.
Checking gate size 8 with block size 6561.
Current gradient magnitude: 0.004716148560980507
New op index: 13	IIYIIIII	$R_{Y}$[5]
gradient: -8.054683471783326e-05
second_gradient: 50.77551020411048
b: -3.1415910672574374
f: 6.389200279954821e-11
Precision cutoff reached.
Calculating energies for FreeWilson2D(N_x=2, N_y=2, mass=-3.388, r=1.000)
h_im: 0.0
Lets GO!
Special HardwareAdaptAnsatz24 selection activated
Checking gate size 1 with block size 24.
Choose gate size 1
Current gradient magnitude: 21411.265306122434
New op index: 11	IIIIYIII	$R_{Y}$[3]
gradient: 0.6938775510204089
second_gradient: -0.49999999999999956
b: 0.9463859771682568
f: 1.3552578884816433
Optimization terminated successfully    (Exit mode 0)
            Current function value: 199.1447421115182
            Iterations: 1
            Function evaluations: 2
            Gradient evaluations: 1
Special HardwareAdaptAnsatz24 selection activated
Checking gate size 1 with block size 24.
Choose gate size 1
Current gradient magnitude: 25829.267274247482
New op index: 13	IIYIIIII	$R_{Y}$[5]
gradient: -41.759276617509144
second_gradient: -1.2956614239550855e-15
b: -1.5707963267948966
f: 41.759276617509144
Optimization terminated successfully    (Exit mode 0)
            Current function value: 148.10977917702687
            Iterations: 5
            Function evaluations: 22
            Gradient evaluations: 5
Special HardwareAdaptAnsatz24 selection activated
Checking gate size 1 with block size 24.
Choose gate size 1
Current gradient magnitude: 9245.276709441794
New op index: 9	IIIIIIYI	$R_{Y}$[1]
gradient: 1.1963103865779912
second_gradient: 0.0
b: 1.5707963267948966
f: 1.1963103865779912
Optimization terminated successfully    (Exit mode 0)
            Current function value: 146.75698715593182
            Iterations: 5
            Function evaluations: 22
            Gradient evaluations: 5
Special HardwareAdaptAnsatz24 selection activated
Checking gate size 1 with block size 24.
Choose gate size 1
Current gradient magnitude: 12386.25285281743
New op index: 15	YIIIIIII	$R_{Y}$[7]
gradient: -41.27635477595108
second_gradient: 7.623153746014558e-15
b: -1.5707963267948968
f: 41.27635477595107
Optimization terminated successfully    (Exit mode 0)
            Current function value: 96.2220240756769
            Iterations: 6
            Function evaluations: 39
            Gradient evaluations: 6
Special HardwareAdaptAnsatz24 selection activated
Checking gate size 1 with block size 24.
Choose gate size 1
Current gradient magnitude: 4239.397269250129
New op index: 14	IYIIIIII	$R_{Y}$[6]
gradient: 0.6963121141689328
second_gradient: 0.49999999999999173
b: 2.193546345545144
f: 0.3572342505630621
Optimization terminated successfully    (Exit mode 0)
            Current function value: 95.85597219876263
            Iterations: 7
            Function evaluations: 47
            Gradient evaluations: 7
Special HardwareAdaptAnsatz24 selection activated
Checking gate size 1 with block size 24.
Choose gate size 1
Current gradient magnitude: 5618.162651859256
New op index: 8	IIIIIIIY	$R_{Y}$[0]
gradient: -42.66191133680034
second_gradient: 0.4999999999999994
b: -1.5825158464538516
f: 42.16484125024976
Optimization terminated successfully    (Exit mode 0)
            Current function value: 45.82933741292931
            Iterations: 7
            Function evaluations: 57
            Gradient evaluations: 7
Special HardwareAdaptAnsatz24 selection activated
Checking gate size 1 with block size 24.
Choose gate size 1
Current gradient magnitude: 1370.9129951773468
New op index: 10	IIIIIYII	$R_{Y}$[2]
gradient: -0.6914485275291113
second_gradient: 0.004931757866553117
b: -1.5779287076480462
f: 0.6865343573248065
Optimization terminated successfully    (Exit mode 0)
            Current function value: 45.14039037118993
            Iterations: 2
            Function evaluations: 21
            Gradient evaluations: 2
Special HardwareAdaptAnsatz24 selection activated
Checking gate size 1 with block size 24.
Choose gate size 1
Current gradient magnitude: 1066.4223577499117
New op index: 12	IIIYIIII	$R_{Y}$[4]
gradient: 50.691450169054
second_gradient: 0.004932031282682353
b: 1.5708936219255483
f: 50.686518377702626
Optimization terminated successfully    (Exit mode 0)
            Current function value: -5.551020407972411
            Iterations: 2
            Function evaluations: 23
            Gradient evaluations: 2
Special HardwareAdaptAnsatz24 selection activated
Checking gate size 1 with block size 24.
Checking gate size 2 with block size 63.
Checking gate size 3 with block size 162.
Checking gate size 4 with block size 405.
Checking gate size 5 with block size 972.
Checking gate size 6 with block size 2187.
Checking gate size 7 with block size 4374.
Checking gate size 8 with block size 6561.
Current gradient magnitude: 0.005127001157135129
New op index: 13	IIYIIIII	$R_{Y}$[5]
gradient: -7.71478939270644e-05
second_gradient: 50.69387755104576
b: -3.141591131751306
f: 5.870504082849948e-11
Precision cutoff reached.
Calculating energies for FreeWilson2D(N_x=2, N_y=2, mass=-3.224, r=1.000)
h_im: 0.0
Lets GO!
Special HardwareAdaptAnsatz24 selection activated
Checking gate size 1 with block size 24.
Choose gate size 1
Current gradient magnitude: 21401.469387755085
New op index: 11	IIIIYIII	$R_{Y}$[3]
gradient: 0.6122448979591845
second_gradient: -0.49999999999999956
b: 0.8859750808522974
f: 1.2904706288516046
Optimization terminated successfully    (Exit mode 0)
            Current function value: 199.2095293711479
            Iterations: 1
            Function evaluations: 2
            Gradient evaluations: 1
Special HardwareAdaptAnsatz24 selection activated
Checking gate size 1 with block size 24.
Choose gate size 1
Current gradient magnitude: 26082.219769401847
New op index: 13	IIYIIIII	$R_{Y}$[5]
gradient: -39.83885127729123
second_gradient: -3.292434352364145e-17
b: -1.5707963267948966
f: 39.83885127729123
Optimization terminated successfully    (Exit mode 0)
            Current function value: 148.2730405062741
            Iterations: 5
            Function evaluations: 19
            Gradient evaluations: 5
Special HardwareAdaptAnsatz24 selection activated
Checking gate size 1 with block size 24.
Choose gate size 1
Current gradient magnitude: 9238.737054394573
New op index: 9	IIIIIIYI	$R_{Y}$[1]
gradient: 1.1146846908477213
second_gradient: 0.0
b: 1.5707963267948966
f: 1.1146846908477213
Optimization terminated successfully    (Exit mode 0)
            Current function value: 146.98503957524557
            Iterations: 6
            Function evaluations: 26
            Gradient evaluations: 6
Special HardwareAdaptAnsatz24 selection activated
Checking gate size 1 with block size 24.
Choose gate size 1
Current gradient magnitude: 12525.188739923797
New op index: 15	YIIIIIII	$R_{Y}$[7]
gradient: -39.33890542418327
second_gradient: -6.634432248329771e-15
b: -1.5707963267948966
f: 39.338905424183274
Optimization terminated successfully    (Exit mode 0)
            Current function value: 96.54855071129623
            Iterations: 6
            Function evaluations: 39
            Gradient evaluations: 6
Special HardwareAdaptAnsatz24 selection activated
Checking gate size 1 with block size 24.
Choose gate size 1
Current gradient magnitude: 4234.6302352483035
New op index: 14	IYIIIIII	$R_{Y}$[6]
gradient: 0.6146875880883229
second_gradient: 0.49999999999998856
b: 2.25366760178843
f: 0.29236407727120384
Optimization terminated successfully    (Exit mode 0)
            Current function value: 96.24945191286336
            Iterations: 7
            Function evaluations: 47
            Gradient evaluations: 7
Special HardwareAdaptAnsatz24 selection activated
Checking gate size 1 with block size 24.
Choose gate size 1
Current gradient magnitude: 5581.065884891821
New op index: 8	IIIIIIIY	$R_{Y}$[0]
gradient: -40.58369695005529
second_gradient: 0.4999999999999989
b: -1.583115921654784
f: 40.0867768877245
Optimization terminated successfully    (Exit mode 0)
            Current function value: 46.31912169693693
            Iterations: 4
            Function evaluations: 37
            Gradient evaluations: 4
Special HardwareAdaptAnsatz24 selection activated
Checking gate size 1 with block size 24.
Choose gate size 1
Current gradient magnitude: 1368.3174808865476
New op index: 12	IIIYIIII	$R_{Y}$[4]
gradient: 0.6147445855334084
second_gradient: 0.009936977398140319
b: 1.5869593191940254
f: 0.6048879155286614
Optimization terminated successfully    (Exit mode 0)
            Current function value: 45.71178157374827
            Iterations: 2
            Function evaluations: 21
            Gradient evaluations: 2
Special HardwareAdaptAnsatz24 selection activated
Checking gate size 1 with block size 24.
Choose gate size 1
Current gradient magnitude: 960.1712944420573
New op index: 10	IIIIIYII	$R_{Y}$[2]
gradient: -50.60195225714413
second_gradient: 0.004969243662498292
b: -1.5708945294022045
f: 50.59698325747797
Optimization terminated successfully    (Exit mode 0)
            Current function value: -4.897959182866683
            Iterations: 3
            Function evaluations: 31
            Gradient evaluations: 3
Special HardwareAdaptAnsatz24 selection activated
Checking gate size 1 with block size 24.
Checking gate size 2 with block size 63.
Checking gate size 3 with block size 162.
Checking gate size 4 with block size 405.
Checking gate size 5 with block size 972.
Checking gate size 6 with block size 2187.
Checking gate size 7 with block size 4374.
Checking gate size 8 with block size 6561.
Current gradient magnitude: 0.011629462742947518
New op index: 14	IYIIIIII	$R_{Y}$[6]
gradient: 0.0001467415365155475
second_gradient: 50.61224489780687
b: 3.1415897542610476
f: 2.127293896592164e-10
Precision cutoff reached.
Calculating energies for FreeWilson2D(N_x=2, N_y=2, mass=-3.061, r=1.000)
h_im: 0.0
Lets GO!
Special HardwareAdaptAnsatz24 selection activated
Checking gate size 1 with block size 24.
Choose gate size 1
Current gradient magnitude: 21391.67346938774
New op index: 11	IIIIYIII	$R_{Y}$[3]
gradient: 0.5306122448979602
second_gradient: -0.49999999999999956
b: 0.8150924030043593
f: 1.2290743133835205
Optimization terminated successfully    (Exit mode 0)
            Current function value: 199.27092568661632
            Iterations: 1
            Function evaluations: 2
            Gradient evaluations: 1
Special HardwareAdaptAnsatz24 selection activated
Checking gate size 1 with block size 24.
Choose gate size 1
Current gradient magnitude: 26284.026278102156
New op index: 13	IIYIIIII	$R_{Y}$[5]
gradient: -37.42006083453968
second_gradient: -6.712317776432707e-16
b: -1.5707963267948966
f: 37.42006083453968
Optimization terminated successfully    (Exit mode 0)
            Current function value: 148.4363018227735
            Iterations: 5
            Function evaluations: 19
            Gradient evaluations: 5
Special HardwareAdaptAnsatz24 selection activated
Checking gate size 1 with block size 24.
Choose gate size 1
Current gradient magnitude: 9232.216523079138
New op index: 9	IIIIIIYI	$R_{Y}$[1]
gradient: 1.0330597211350367
second_gradient: 0.0
b: 1.5707963267948966
f: 1.0330597211350367
Optimization terminated successfully    (Exit mode 0)
            Current function value: 147.20970123316084
            Iterations: 4
            Function evaluations: 16
            Gradient evaluations: 4
Special HardwareAdaptAnsatz24 selection activated
Checking gate size 1 with block size 24.
Choose gate size 1
Current gradient magnitude: 12642.73855656215
New op index: 15	YIIIIIII	$R_{Y}$[7]
gradient: -36.930885620413854
second_gradient: -1.3840969187099847e-15
b: -1.5707963267948966
f: 36.930885620413854
Optimization terminated successfully    (Exit mode 0)
            Current function value: 96.8750773539011
            Iterations: 6
            Function evaluations: 39
            Gradient evaluations: 6
Special HardwareAdaptAnsatz24 selection activated
Checking gate size 1 with block size 24.
Choose gate size 1
Current gradient magnitude: 4230.089352491736
New op index: 14	IYIIIIII	$R_{Y}$[6]
gradient: 0.5330739175923469
second_gradient: 0.49999999999621797
b: 2.324190367232429
f: 0.23086784141799438
Optimization terminated successfully    (Exit mode 0)
            Current function value: 96.63928548305482
            Iterations: 5
            Function evaluations: 36
            Gradient evaluations: 5
Special HardwareAdaptAnsatz24 selection activated
Checking gate size 1 with block size 24.
Choose gate size 1
Current gradient magnitude: 5531.119415113106
New op index: 8	IIIIIIIY	$R_{Y}$[0]
gradient: -37.94080441529546
second_gradient: 0.4999999999999993
b: -1.583973987774375
f: 37.4440988782143
Optimization terminated successfully    (Exit mode 0)
            Current function value: 46.80890535035774
            Iterations: 7
            Function evaluations: 60
            Gradient evaluations: 7
Special HardwareAdaptAnsatz24 selection activated
Checking gate size 1 with block size 24.
Choose gate size 1
Current gradient magnitude: 1364.997701253181
New op index: 12	IIIYIIII	$R_{Y}$[4]
gradient: 0.533062966698111
second_gradient: 0.009898797564587412
b: 1.5893638518530981
f: 0.5232560698597062
Optimization terminated successfully    (Exit mode 0)
            Current function value: 46.28318763763557
            Iterations: 2
            Function evaluations: 20
            Gradient evaluations: 2
Special HardwareAdaptAnsatz24 selection activated
Checking gate size 1 with block size 24.
Choose gate size 1
Current gradient magnitude: 961.0704473790345
New op index: 10	IIIIIYII	$R_{Y}$[2]
gradient: -50.51790060844572
second_gradient: 0.004972544162810715
b: -1.5708947581249175
f: 50.51292830900998
Optimization terminated successfully    (Exit mode 0)
            Current function value: -4.244897958082647
            Iterations: 3
            Function evaluations: 31
            Gradient evaluations: 3
Special HardwareAdaptAnsatz24 selection activated
Checking gate size 1 with block size 24.
Checking gate size 2 with block size 63.
Checking gate size 3 with block size 162.
Checking gate size 4 with block size 405.
Checking gate size 5 with block size 972.
Checking gate size 6 with block size 2187.
Checking gate size 7 with block size 4374.
Checking gate size 8 with block size 6561.
Current gradient magnitude: 0.013765738597113403
New op index: 12	IIIYIIII	$R_{Y}$[4]
gradient: 0.0001593123467166799
second_gradient: 50.53061224480131
b: 3.1415895008010253
f: 2.511413299544074e-10
Precision cutoff reached.
Calculating energies for FreeWilson2D(N_x=2, N_y=2, mass=-2.898, r=1.000)
h_im: 0.0
Lets GO!
Special HardwareAdaptAnsatz24 selection activated
Checking gate size 1 with block size 24.
Choose gate size 1
Current gradient magnitude: 21381.877551020392
New op index: 11	IIIIYIII	$R_{Y}$[3]
gradient: 0.44897959183673575
second_gradient: -0.49999999999999956
b: 0.7316864340942173
f: 1.1719990133072227
Optimization terminated successfully    (Exit mode 0)
            Current function value: 199.3280009866924
            Iterations: 1
            Function evaluations: 2
            Gradient evaluations: 1
Special HardwareAdaptAnsatz24 selection activated
Checking gate size 1 with block size 24.
Choose gate size 1
Current gradient magnitude: 26388.855544736565
New op index: 13	IIYIIIII	$R_{Y}$[5]
gradient: -34.355248272730734
second_gradient: -8.80885500597039e-16
b: -1.5707963267948966
f: 34.355248272730734
Optimization terminated successfully    (Exit mode 0)
            Current function value: 148.5995631265408
            Iterations: 7
            Function evaluations: 27
            Gradient evaluations: 7
Special HardwareAdaptAnsatz24 selection activated
Checking gate size 1 with block size 24.
Choose gate size 1
Current gradient magnitude: 9225.692487708138
New op index: 9	IIIIIIYI	$R_{Y}$[1]
gradient: 0.9514339600820723
second_gradient: 0.0
b: 1.5707963267948966
f: 0.9514339600820723
Optimization terminated successfully    (Exit mode 0)
            Current function value: 147.43004185540445
            Iterations: 6
            Function evaluations: 26
            Gradient evaluations: 6
Special HardwareAdaptAnsatz24 selection activated
Checking gate size 1 with block size 24.
Choose gate size 1
Current gradient magnitude: 12721.750558830961
New op index: 15	YIIIIIII	$R_{Y}$[7]
gradient: -33.84122655812686
second_gradient: 9.558114466908291e-15
b: -1.570796326794897
f: 33.841226558126856
Optimization terminated successfully    (Exit mode 0)
            Current function value: 97.2016039510751
            Iterations: 6
            Function evaluations: 36
            Gradient evaluations: 6
Special HardwareAdaptAnsatz24 selection activated
Checking gate size 1 with block size 24.
Choose gate size 1
Current gradient magnitude: 4225.118309261284
New op index: 14	IYIIIIII	$R_{Y}$[6]
gradient: 0.45143644225926494
second_gradient: 0.49999999999998784
b: 2.4071925882467413
f: 0.1736429776964255
Optimization terminated successfully    (Exit mode 0)
            Current function value: 97.02454708647673
            Iterations: 4
            Function evaluations: 31
            Gradient evaluations: 4
Special HardwareAdaptAnsatz24 selection activated
Checking gate size 1 with block size 24.
Choose gate size 1
Current gradient magnitude: 5465.284053267756
New op index: 8	IIIIIIIY	$R_{Y}$[0]
gradient: -34.64326698296423
second_gradient: 0.4999999999999993
b: -1.5852281437154518
f: 34.14687499981693
Optimization terminated successfully    (Exit mode 0)
            Current function value: 47.29868927241467
            Iterations: 10
            Function evaluations: 83
            Gradient evaluations: 10
Special HardwareAdaptAnsatz24 selection activated
Checking gate size 1 with block size 24.
Choose gate size 1
Current gradient magnitude: 1362.0213655294256
New op index: 12	IIIYIIII	$R_{Y}$[4]
gradient: 0.4514366927626057
second_gradient: 0.009910688872758821
b: 1.5927464635378092
f: 0.4416347787452562
Optimization terminated successfully    (Exit mode 0)
            Current function value: 46.85358259511026
            Iterations: 11
            Function evaluations: 97
            Gradient evaluations: 11
Special HardwareAdaptAnsatz24 selection activated
Checking gate size 1 with block size 24.
Choose gate size 1
Current gradient magnitude: 1103.8907864239231
New op index: 10	IIIIIYII	$R_{Y}$[2]
gradient: -50.02855306447224
second_gradient: 0.004964085224657595
b: -1.5708955518354843
f: 50.02358922552836
Optimization terminated successfully    (Exit mode 0)
            Current function value: -3.5918367172192487
            Iterations: 6
            Function evaluations: 63
            Gradient evaluations: 6
Special HardwareAdaptAnsatz24 selection activated
Checking gate size 1 with block size 24.
Checking gate size 2 with block size 63.
Checking gate size 3 with block size 162.
Checking gate size 4 with block size 405.
Checking gate size 5 with block size 972.
Checking gate size 6 with block size 2187.
Checking gate size 7 with block size 4374.
Checking gate size 8 with block size 6561.
Current gradient magnitude: 0.050509045931864505
New op index: 11	IIIIYIII	$R_{Y}$[3]
gradient: -0.0007705982639700827
second_gradient: 50.44897959373898
b: -3.141577378786019
f: 5.885368636882049e-09
Precision cutoff reached.
Calculating energies for FreeWilson2D(N_x=2, N_y=2, mass=-2.735, r=1.000)
h_im: 0.0
Lets GO!
Special HardwareAdaptAnsatz24 selection activated
Checking gate size 1 with block size 24.
Choose gate size 1
Current gradient magnitude: 21372.08163265304
New op index: 11	IIIIYIII	$R_{Y}$[3]
gradient: 0.3673469387755114
second_gradient: -0.49999999999999956
b: 0.6336330080697472
f: 1.1204383719820514
Optimization terminated successfully    (Exit mode 0)
            Current function value: 199.3795616280178
            Iterations: 1
            Function evaluations: 2
            Gradient evaluations: 1
Special HardwareAdaptAnsatz24 selection activated
Checking gate size 1 with block size 24.
Choose gate size 1
Current gradient magnitude: 26327.852416281214
New op index: 13	IIYIIIII	$R_{Y}$[5]
gradient: -30.47116863681015
second_gradient: 1.5662782862074674e-15
b: -1.5707963267948968
f: 30.47116863681015
Optimization terminated successfully    (Exit mode 0)
            Current function value: 148.76282441697617
            Iterations: 6
            Function evaluations: 25
            Gradient evaluations: 6
Special HardwareAdaptAnsatz24 selection activated
Checking gate size 1 with block size 24.
Choose gate size 1
Current gradient magnitude: 9219.1878179624
New op index: 9	IIIIIIYI	$R_{Y}$[1]
gradient: 0.8698103528952442
second_gradient: 0.0
b: 1.5707963267948966
f: 0.8698103528952442
Optimization terminated successfully    (Exit mode 0)
            Current function value: 147.6448677504745
            Iterations: 5
            Function evaluations: 20
            Gradient evaluations: 5
Special HardwareAdaptAnsatz24 selection activated
Checking gate size 1 with block size 24.
Choose gate size 1
Current gradient magnitude: 12728.808425596899
New op index: 15	YIIIIIII	$R_{Y}$[7]
gradient: -29.970966264162147
second_gradient: 1.724527550602345e-15
b: -1.5707963267948968
f: 29.970966264162147
Optimization terminated successfully    (Exit mode 0)
            Current function value: 97.52813053942597
            Iterations: 6
            Function evaluations: 37
            Gradient evaluations: 6
Special HardwareAdaptAnsatz24 selection activated
Checking gate size 1 with block size 24.
Choose gate size 1
Current gradient magnitude: 4220.261722326188
New op index: 14	IYIIIIII	$R_{Y}$[6]
gradient: 0.3698104414195953
second_gradient: 0.49999999999999706
b: 2.5047673397518784
f: 0.12190012267482037
Optimization terminated successfully    (Exit mode 0)
            Current function value: 97.40403855548352
            Iterations: 5
            Function evaluations: 37
            Gradient evaluations: 5
Special HardwareAdaptAnsatz24 selection activated
Checking gate size 1 with block size 24.
Choose gate size 1
Current gradient magnitude: 5375.714551162666
New op index: 8	IIIIIIIY	$R_{Y}$[0]
gradient: -30.830750039931416
second_gradient: 0.4999999999999993
b: -1.5870124801908498
f: 30.33480416712146
Optimization terminated successfully    (Exit mode 0)
            Current function value: 47.78847347062464
            Iterations: 8
            Function evaluations: 67
            Gradient evaluations: 8
Special HardwareAdaptAnsatz24 selection activated
Checking gate size 1 with block size 24.
Choose gate size 1
Current gradient magnitude: 1359.7403219498387
New op index: 12	IIIYIIII	$R_{Y}$[4]
gradient: 0.36987929992724133
second_gradient: 0.009993701000212424
b: 1.5978085716310013
f: 0.3600205832839863
Optimization terminated successfully    (Exit mode 0)
            Current function value: 47.42420568254203
            Iterations: 9
            Function evaluations: 79
            Gradient evaluations: 9
Special HardwareAdaptAnsatz24 selection activated
Checking gate size 1 with block size 24.
Choose gate size 1
Current gradient magnitude: 1134.3957386536886
New op index: 10	IIIIIYII	$R_{Y}$[2]
gradient: -49.807378740141196
second_gradient: 0.004988671663910971
b: -1.5708964860840102
f: 49.80239031830819
Optimization terminated successfully    (Exit mode 0)
            Current function value: -2.938775491208946
            Iterations: 6
            Function evaluations: 63
            Gradient evaluations: 6
Special HardwareAdaptAnsatz24 selection activated
Checking gate size 1 with block size 24.
Checking gate size 2 with block size 63.
Checking gate size 3 with block size 162.
Checking gate size 4 with block size 405.
Checking gate size 5 with block size 972.
Checking gate size 6 with block size 2187.
Checking gate size 7 with block size 4374.
Checking gate size 8 with block size 6561.
Current gradient magnitude: 0.05191145735591062
New op index: 635	IIIZYZZI	$R_{ZZYZ}$[1, 2, 3, 4]
gradient: 0.0007856836157987044
second_gradient: 50.367346942744064
b: 3.1415770545228696
f: 6.12796924315262e-09
Precision cutoff reached.
Calculating energies for FreeWilson2D(N_x=2, N_y=2, mass=-2.571, r=1.000)
h_im: 0.0
Lets GO!
Special HardwareAdaptAnsatz24 selection activated
Checking gate size 1 with block size 24.
Choose gate size 1
Current gradient magnitude: 21362.285714285696
New op index: 11	IIIIYIII	$R_{Y}$[3]
gradient: 0.2857142857142869
second_gradient: -0.49999999999999956
b: 0.5191461142465251
f: 1.075875553449896
Optimization terminated successfully    (Exit mode 0)
            Current function value: 199.42412444654997
            Iterations: 1
            Function evaluations: 2
            Gradient evaluations: 1
Special HardwareAdaptAnsatz24 selection activated
Checking gate size 1 with block size 24.
Choose gate size 1
Current gradient magnitude: 26005.57095485558
New op index: 13	IIYIIIII	$R_{Y}$[5]
gradient: -25.592661203556045
second_gradient: -3.2513674292593873e-16
b: -1.5707963267948966
f: 25.592661203556045
Optimization terminated successfully    (Exit mode 0)
            Current function value: 148.9260856975691
            Iterations: 5
            Function evaluations: 19
            Gradient evaluations: 5
Special HardwareAdaptAnsatz24 selection activated
Checking gate size 1 with block size 24.
Choose gate size 1
Current gradient magnitude: 9212.79612097106
New op index: 9	IIIIIIYI	$R_{Y}$[1]
gradient: 0.7881862118348876
second_gradient: 0.0
b: 1.5707963267948966
f: 0.7881862118348876
Optimization terminated successfully    (Exit mode 0)
            Current function value: 147.85269606286806
            Iterations: 6
            Function evaluations: 27
            Gradient evaluations: 6
Special HardwareAdaptAnsatz24 selection activated
Checking gate size 1 with block size 24.
Choose gate size 1
Current gradient magnitude: 12622.756573969844
New op index: 15	YIIIIIII	$R_{Y}$[7]
gradient: -25.095080442217828
second_gradient: -5.18037569938086e-15
b: -1.5707963267948963
f: 25.09508044221783
Optimization terminated successfully    (Exit mode 0)
            Current function value: 97.85465991510944
            Iterations: 6
            Function evaluations: 38
            Gradient evaluations: 6
Special HardwareAdaptAnsatz24 selection activated
Checking gate size 1 with block size 24.
Choose gate size 1
Current gradient magnitude: 4219.391074025718
New op index: 14	IYIIIIII	$R_{Y}$[6]
gradient: 0.2883205037261547
second_gradient: 0.499999992714622
b: 2.6185259813600066
f: 0.077173036440003
Optimization terminated successfully    (Exit mode 0)
            Current function value: 97.77629844635635
            Iterations: 6
            Function evaluations: 42
            Gradient evaluations: 6
Special HardwareAdaptAnsatz24 selection activated
Checking gate size 1 with block size 24.
Choose gate size 1
Current gradient magnitude: 5234.302946484902
New op index: 8	IIIIIIIY	$R_{Y}$[0]
gradient: -25.742397831112214
second_gradient: 0.4999999999999993
b: -1.5902170948469114
f: 25.24725317573218
Optimization terminated successfully    (Exit mode 0)
            Current function value: 48.2782569712868
            Iterations: 8
            Function evaluations: 67
            Gradient evaluations: 8
Special HardwareAdaptAnsatz24 selection activated
Checking gate size 1 with block size 24.
Choose gate size 1
Current gradient magnitude: 1356.146454251741
New op index: 12	IIIYIIII	$R_{Y}$[4]
gradient: 0.28820094444611755
second_gradient: 0.009956244911105652
b: 1.6053287848311584
f: 0.27841662342494994
Optimization terminated successfully    (Exit mode 0)
            Current function value: 47.99458734422306
            Iterations: 10
            Function evaluations: 87
            Gradient evaluations: 10
Special HardwareAdaptAnsatz24 selection activated
Checking gate size 1 with block size 24.
Choose gate size 1
Current gradient magnitude: 1163.7161119800257
New op index: 10	IIIIIYII	$R_{Y}$[2]
gradient: -49.57331310111437
second_gradient: 0.004978971547263799
b: -1.5708967633245343
f: 49.56833437960241
Optimization terminated successfully    (Exit mode 0)
            Current function value: -2.2857142638806494
            Iterations: 6
            Function evaluations: 63
            Gradient evaluations: 6
Special HardwareAdaptAnsatz24 selection activated
Checking gate size 1 with block size 24.
Checking gate size 2 with block size 63.
Checking gate size 3 with block size 162.
Checking gate size 4 with block size 405.
Checking gate size 5 with block size 972.
Checking gate size 6 with block size 2187.
Checking gate size 7 with block size 4374.
Checking gate size 8 with block size 6561.
Current gradient magnitude: 0.05372482335433393
New op index: 12	IIIYIIII	$R_{Y}$[4]
gradient: 0.000904851394571182
second_gradient: 50.28571428938099
b: 3.141574659385927
f: 8.141043394971348e-09
Precision cutoff reached.
Calculating energies for FreeWilson2D(N_x=2, N_y=2, mass=-2.408, r=1.000)
h_im: 0.0
Lets GO!
Special HardwareAdaptAnsatz24 selection activated
Checking gate size 1 with block size 24.
Choose gate size 1
Current gradient magnitude: 21352.48979591835
New op index: 11	IIIIYIII	$R_{Y}$[3]
gradient: 0.20408163265306264
second_gradient: -0.49999999999999956
b: 0.3875238057802816
f: 1.0400456580571116
Optimization terminated successfully    (Exit mode 0)
            Current function value: 199.45995434194242
            Iterations: 1
            Function evaluations: 2
            Gradient evaluations: 1
Special HardwareAdaptAnsatz24 selection activated
Checking gate size 1 with block size 24.
Choose gate size 1
Current gradient magnitude: 25306.35386431253
New op index: 13	IIYIIIII	$R_{Y}$[5]
gradient: -19.59893150398372
second_gradient: -4.834568119987608e-16
b: -1.5707963267948966
f: 19.59893150398372
Optimization terminated successfully    (Exit mode 0)
            Current function value: 149.08934695903315
            Iterations: 6
            Function evaluations: 25
            Gradient evaluations: 6
Special HardwareAdaptAnsatz24 selection activated
Checking gate size 1 with block size 24.
Choose gate size 1
Current gradient magnitude: 9206.16272367926
New op index: 9	IIIIIIYI	$R_{Y}$[1]
gradient: 0.7065611996510213
second_gradient: 0.0
b: 1.5707963267948966
f: 0.7065611996510213
Optimization terminated successfully    (Exit mode 0)
            Current function value: 148.05179108084735
            Iterations: 7
            Function evaluations: 30
            Gradient evaluations: 7
Special HardwareAdaptAnsatz24 selection activated
Checking gate size 1 with block size 24.
Choose gate size 1
Current gradient magnitude: 12347.530945913697
New op index: 15	YIIIIIII	$R_{Y}$[7]
gradient: -19.103664900095048
second_gradient: 1.181736149270016e-14
b: -1.5707963267948972
f: 19.103664900095037
Optimization terminated successfully    (Exit mode 0)
            Current function value: 98.18118370943021
            Iterations: 7
            Function evaluations: 44
            Gradient evaluations: 7
Special HardwareAdaptAnsatz24 selection activated
Checking gate size 1 with block size 24.
Choose gate size 1
Current gradient magnitude: 4210.576660211211
New op index: 14	IYIIIIII	$R_{Y}$[6]
gradient: 0.20654925275469083
second_gradient: 0.49999999999997186
b: 2.7498457075326326
f: 0.040982988469622283
Optimization terminated successfully    (Exit mode 0)
            Current function value: 98.139602965706
            Iterations: 5
            Function evaluations: 37
            Gradient evaluations: 5
Special HardwareAdaptAnsatz24 selection activated
Checking gate size 1 with block size 24.
Choose gate size 1
Current gradient magnitude: 5033.477208759069
New op index: 8	IIIIIIIY	$R_{Y}$[0]
gradient: -19.566489804799836
second_gradient: 0.4999999999999996
b: -1.5963446604013818
f: 19.07287723563748
Optimization terminated successfully    (Exit mode 0)
            Current function value: 48.768040776727844
            Iterations: 8
            Function evaluations: 69
            Gradient evaluations: 8
Special HardwareAdaptAnsatz24 selection activated
Checking gate size 1 with block size 24.
Choose gate size 1
Current gradient magnitude: 1353.1622165082329
New op index: 12	IIIYIIII	$R_{Y}$[4]
gradient: 0.20657616387943278
second_gradient: 0.009974743085222055
b: 1.6190448834106042
f: 0.19684210096467264
Optimization terminated successfully    (Exit mode 0)
            Current function value: 48.56470501268287
            Iterations: 10
            Function evaluations: 87
            Gradient evaluations: 10
Special HardwareAdaptAnsatz24 selection activated
Checking gate size 1 with block size 24.
Choose gate size 1
Current gradient magnitude: 1193.415431461214
New op index: 10	IIIIIYII	$R_{Y}$[2]
gradient: -49.317908433573166
second_gradient: 0.004975635342577057
b: -1.5708972158123697
f: 49.31293304922407
Optimization terminated successfully    (Exit mode 0)
            Current function value: -1.6326529855959664
            Iterations: 6
            Function evaluations: 63
            Gradient evaluations: 6
Special HardwareAdaptAnsatz24 selection activated
Checking gate size 1 with block size 24.
Checking gate size 2 with block size 63.
Checking gate size 3 with block size 162.
Checking gate size 4 with block size 405.
Checking gate size 5 with block size 972.
Checking gate size 6 with block size 2187.
Checking gate size 7 with block size 4374.
Checking gate size 8 with block size 6561.
Current gradient magnitude: 0.09917340924481687
New op index: 12	IIIYIIII	$R_{Y}$[4]
gradient: 0.0018142518138535223
second_gradient: 50.20408163726414
b: 3.1415565160536825
f: 3.2781294123651605e-08
Precision cutoff reached.
Calculating energies for FreeWilson2D(N_x=2, N_y=2, mass=-2.245, r=1.000)
h_im: 0.0
Lets GO!
Special HardwareAdaptAnsatz24 selection activated
Checking gate size 1 with block size 24.
Choose gate size 1
Current gradient magnitude: 21342.693877551
New op index: 11	IIIIYIII	$R_{Y}$[3]
gradient: 0.12244897959183815
second_gradient: -0.49999999999999956
b: 0.24017100786017598
f: 1.0147754390052826
Optimization terminated successfully    (Exit mode 0)
            Current function value: 199.48522456099423
            Iterations: 1
            Function evaluations: 2
            Gradient evaluations: 1
Special HardwareAdaptAnsatz24 selection activated
Checking gate size 1 with block size 24.
Choose gate size 1
Current gradient magnitude: 24121.164014746555
New op index: 13	IIYIIIII	$R_{Y}$[5]
gradient: -12.515885448554885
second_gradient: 1.2355479451345013e-15
b: -1.5707963267948968
f: 12.515885448554883
Optimization terminated successfully    (Exit mode 0)
            Current function value: 149.25260821038012
            Iterations: 7
            Function evaluations: 27
            Gradient evaluations: 7
Special HardwareAdaptAnsatz24 selection activated
Checking gate size 1 with block size 24.
Choose gate size 1
Current gradient magnitude: 9199.639589757957
New op index: 9	IIIIIIYI	$R_{Y}$[1]
gradient: 0.6249360412571345
second_gradient: 0.0
b: 1.5707963267948966
f: 0.6249360412571345
Optimization terminated successfully    (Exit mode 0)
            Current function value: 148.24032663828902
            Iterations: 5
            Function evaluations: 23
            Gradient evaluations: 5
Special HardwareAdaptAnsatz24 selection activated
Checking gate size 1 with block size 24.
Choose gate size 1
Current gradient magnitude: 11854.136653645688
New op index: 15	YIIIIIII	$R_{Y}$[7]
gradient: -12.033399858986487
second_gradient: -8.329221480834305e-15
b: -1.570796326794896
f: 12.033399858986495
Optimization terminated successfully    (Exit mode 0)
            Current function value: 98.50772020206603
            Iterations: 6
            Function evaluations: 39
            Gradient evaluations: 6
Special HardwareAdaptAnsatz24 selection activated
Checking gate size 1 with block size 24.
Choose gate size 1
Current gradient magnitude: 4212.071208823718
New op index: 14	IYIIIIII	$R_{Y}$[6]
gradient: 0.12525681734290117
second_gradient: 0.49999999995495836
b: 2.8961306280154604
f: 0.015450550773073446
Optimization terminated successfully    (Exit mode 0)
            Current function value: 98.4921440728794
            Iterations: 2
            Function evaluations: 17
            Gradient evaluations: 2
Special HardwareAdaptAnsatz24 selection activated
Checking gate size 1 with block size 24.
Choose gate size 1
Current gradient magnitude: 4754.991315936699
New op index: 8	IIIIIIIY	$R_{Y}$[0]
gradient: -12.269678792931586
second_gradient: 0.49999999999999917
b: -1.6115246548740005
f: 11.779862282685222
Optimization terminated successfully    (Exit mode 0)
            Current function value: 49.257824508461454
            Iterations: 10
            Function evaluations: 84
            Gradient evaluations: 10
Special HardwareAdaptAnsatz24 selection activated
Checking gate size 1 with block size 24.
Choose gate size 1
Current gradient magnitude: 1350.0964672288696
New op index: 12	IIIYIIII	$R_{Y}$[4]
gradient: 0.12493520373500644
second_gradient: 0.009975134822088361
b: 1.65046977887657
f: 0.11535765596717956
Optimization terminated successfully    (Exit mode 0)
            Current function value: 49.13450740375863
            Iterations: 10
            Function evaluations: 87
            Gradient evaluations: 10
Special HardwareAdaptAnsatz24 selection activated
Checking gate size 1 with block size 24.
Choose gate size 1
Current gradient magnitude: 1222.9190881466268
New op index: 10	IIIIIYII	$R_{Y}$[2]
gradient: -49.01325582742765
second_gradient: 0.004956232525671176
b: -1.5708974470413506
f: 49.00829984548971
Optimization terminated successfully    (Exit mode 0)
            Current function value: -0.9795917278255527
            Iterations: 6
            Function evaluations: 63
            Gradient evaluations: 6
Special HardwareAdaptAnsatz24 selection activated
Checking gate size 1 with block size 24.
Checking gate size 2 with block size 63.
Checking gate size 3 with block size 162.
Checking gate size 4 with block size 405.
Checking gate size 5 with block size 972.
Checking gate size 6 with block size 2187.
Checking gate size 7 with block size 4374.
Checking gate size 8 with block size 6561.
Current gradient magnitude: 0.1177722095125086
New op index: 12	IIIYIIII	$R_{Y}$[4]
gradient: 0.0023206236394547495
second_gradient: 50.122448973559926
b: 3.1415463545025517
f: 5.3721379345006426e-08
Precision cutoff reached.
Calculating energies for FreeWilson2D(N_x=2, N_y=2, mass=-2.082, r=1.000)
h_im: 0.0
Lets GO!
Special HardwareAdaptAnsatz24 selection activated
Checking gate size 1 with block size 24.
Choose gate size 1
Current gradient magnitude: 21332.897959183654
New op index: 11	IIIIYIII	$R_{Y}$[3]
gradient: 0.04081632653061364
second_gradient: -0.49999999999999956
b: 0.08145204430587383
f: 1.0016632062564015
Optimization terminated successfully    (Exit mode 0)
            Current function value: 199.49833679374308
            Iterations: 1
            Function evaluations: 2
            Gradient evaluations: 1
Special HardwareAdaptAnsatz24 selection activated
Checking gate size 1 with block size 24.
Choose gate size 1
Current gradient magnitude: 22397.892911555078
New op index: 13	IIYIIIII	$R_{Y}$[5]
gradient: -4.608916799276063
second_gradient: -6.658505946157508e-16
b: -1.5707963267948966
f: 4.608916799276064
Optimization terminated successfully    (Exit mode 0)
            Current function value: 149.41586944843442
            Iterations: 4
            Function evaluations: 17
            Gradient evaluations: 4
Special HardwareAdaptAnsatz24 selection activated
Checking gate size 1 with block size 24.
Choose gate size 1
Current gradient magnitude: 9193.137541553875
New op index: 9	IIIIIIYI	$R_{Y}$[1]
gradient: 0.543312096363207
second_gradient: 0.0
b: 1.5707963267948966
f: 0.543312096363207
Optimization terminated successfully    (Exit mode 0)
            Current function value: 148.4167041543824
            Iterations: 3
            Function evaluations: 14
            Gradient evaluations: 3
Special HardwareAdaptAnsatz24 selection activated
Checking gate size 1 with block size 24.
Choose gate size 1
Current gradient magnitude: 11112.21891405035
New op index: 15	YIIIIIII	$R_{Y}$[7]
gradient: -4.120563283651613
second_gradient: -6.94172610550066e-16
b: -1.5707963267948966
f: 4.120563283651614
Optimization terminated successfully    (Exit mode 0)
            Current function value: 98.83423679625281
            Iterations: 4
            Function evaluations: 28
            Gradient evaluations: 4
Special HardwareAdaptAnsatz24 selection activated
Checking gate size 1 with block size 24.
Choose gate size 1
Current gradient magnitude: 4201.147485416574
New op index: 14	IYIIIIII	$R_{Y}$[6]
gradient: 0.043309128330825786
second_gradient: 0.499999999999924
b: 3.0551900512053236
f: 0.0018721755554657604
Optimization terminated successfully    (Exit mode 0)
            Current function value: 98.83234404576497
            Iterations: 2
            Function evaluations: 14
            Gradient evaluations: 2
Special HardwareAdaptAnsatz24 selection activated
Checking gate size 1 with block size 24.
Choose gate size 1
Current gradient magnitude: 4408.757620429587
New op index: 8	IIIIIIIY	$R_{Y}$[0]
gradient: -4.3525842936097945
second_gradient: 0.4999999999999994
b: -1.6851692757157823
f: 3.881208741087176
Optimization terminated successfully    (Exit mode 0)
            Current function value: 49.7476083486755
            Iterations: 9
            Function evaluations: 75
            Gradient evaluations: 9
Special HardwareAdaptAnsatz24 selection activated
Checking gate size 1 with block size 24.
Choose gate size 1
Current gradient magnitude: 1347.226689775246
New op index: 12	IIIYIIII	$R_{Y}$[4]
gradient: 0.04333205293288245
second_gradient: 0.010010669971193951
b: 1.7978354228253972
f: 0.034462696492907806
Optimization terminated successfully    (Exit mode 0)
            Current function value: 49.70383356751154
            Iterations: 11
            Function evaluations: 94
            Gradient evaluations: 11
Special HardwareAdaptAnsatz24 selection activated
Checking gate size 1 with block size 24.
Choose gate size 1
Current gradient magnitude: 1258.2327598201514
New op index: 10	IIIIIYII	$R_{Y}$[2]
gradient: -48.51194611759618
second_gradient: 0.004937947936067904
b: -1.570898115082405
f: 48.50700842097274
Optimization terminated successfully    (Exit mode 0)
            Current function value: -0.3265304586694209
            Iterations: 7
            Function evaluations: 71
            Gradient evaluations: 7
Special HardwareAdaptAnsatz24 selection activated
Checking gate size 1 with block size 24.
Checking gate size 2 with block size 63.
Checking gate size 3 with block size 162.
Checking gate size 4 with block size 405.
Checking gate size 5 with block size 972.
Checking gate size 6 with block size 2187.
Checking gate size 7 with block size 4374.
Checking gate size 8 with block size 6561.
Current gradient magnitude: 0.15109445923904394
New op index: 12	IIIYIIII	$R_{Y}$[4]
gradient: 0.0027878358317112648
second_gradient: 50.040816270304006
b: 3.1415369423517157
f: 7.765689247207774e-08
Precision cutoff reached.
Calculating energies for FreeWilson2D(N_x=2, N_y=2, mass=-1.918, r=1.000)
h_im: 0.0
Lets GO!
Special HardwareAdaptAnsatz24 selection activated
Checking gate size 1 with block size 24.
Choose gate size 1
Current gradient magnitude: 21327.673469387737
New op index: 11	IIIIYIII	$R_{Y}$[3]
gradient: -0.04081632653061087
second_gradient: -0.49999999999999956
b: -0.08145204430586832
f: 1.0016632062564013
Optimization terminated successfully    (Exit mode 0)
            Current function value: 199.49833679374345
            Iterations: 1
            Function evaluations: 2
            Gradient evaluations: 1
Special HardwareAdaptAnsatz24 selection activated
Checking gate size 1 with block size 24.
Choose gate size 1
Current gradient magnitude: 22384.623825048224
New op index: 10	IIIIIYII	$R_{Y}$[2]
gradient: 4.607259107187128
second_gradient: 0.0
b: 1.5707963267948966
f: 4.607259107187128
Optimization terminated successfully    (Exit mode 0)
            Current function value: 149.90837650090185
            Iterations: 4
            Function evaluations: 17
            Gradient evaluations: 4
Special HardwareAdaptAnsatz24 selection activated
Checking gate size 1 with block size 24.
Choose gate size 1
Current gradient magnitude: 9622.227489381929
New op index: 13	IIYIIIII	$R_{Y}$[5]
gradient: -0.4691642303288434
second_gradient: -2.0811017308534823e-15
b: -1.5707963267948921
f: 0.46916423032884547
Optimization terminated successfully    (Exit mode 0)
            Current function value: 148.4991673747777
            Iterations: 3
            Function evaluations: 13
            Gradient evaluations: 3
Special HardwareAdaptAnsatz24 selection activated
Checking gate size 1 with block size 24.
Choose gate size 1
Current gradient magnitude: 9699.579339482378
New op index: 15	YIIIIIII	$R_{Y}$[7]
gradient: 2.0714915798997007
second_gradient: 6.944559101187479e-16
b: 1.570796326794897
f: 2.0714915798997
Optimization terminated successfully    (Exit mode 0)
            Current function value: 99.40837650090288
            Iterations: 5
            Function evaluations: 32
            Gradient evaluations: 5
Special HardwareAdaptAnsatz24 selection activated
Checking gate size 1 with block size 24.
Choose gate size 1
Current gradient magnitude: 3797.0159563482725
New op index: 12	IIIYIIII	$R_{Y}$[4]
gradient: -0.5506971130067484
second_gradient: 0.5099897929291504
b: -2.317835053794714
f: 0.24058125578368472
Optimization terminated successfully    (Exit mode 0)
            Current function value: 99.15477217530757
            Iterations: 7
            Function evaluations: 47
            Gradient evaluations: 7
Special HardwareAdaptAnsatz24 selection activated
Checking gate size 1 with block size 24.
Choose gate size 1
Current gradient magnitude: 4586.302999651395
New op index: 8	IIIIIIIY	$R_{Y}$[0]
gradient: 38.85296777479722
second_gradient: 0.0
b: 1.5707963267948966
f: 38.85296777479722
Optimization terminated successfully    (Exit mode 0)
            Current function value: 49.33173906409124
            Iterations: 5
            Function evaluations: 44
            Gradient evaluations: 5
Special HardwareAdaptAnsatz24 selection activated
Checking gate size 1 with block size 24.
Choose gate size 1
Current gradient magnitude: 512.345457440163
New op index: 14	IYIIIIII	$R_{Y}$[6]
gradient: -0.045778798332385406
second_gradient: 0.5049285829726011
b: -3.0511759454855576
f: 0.002070995212111071
Optimization terminated successfully    (Exit mode 0)
            Current function value: 49.329622779758864
            Iterations: 2
            Function evaluations: 18
            Gradient evaluations: 2
Special HardwareAdaptAnsatz24 selection activated
Checking gate size 1 with block size 24.
Choose gate size 1
Current gradient magnitude: 560.9388476833176
New op index: 9	IIIIIIYI	$R_{Y}$[1]
gradient: 4.4678567718818485
second_gradient: 0.5033886257111806
b: 1.6829921012156916
f: 3.9927368443514464
Optimization terminated successfully    (Exit mode 0)
            Current function value: -0.16326530106726272
            Iterations: 10
            Function evaluations: 105
            Gradient evaluations: 10
Special HardwareAdaptAnsatz24 selection activated
Checking gate size 1 with block size 24.
Checking gate size 2 with block size 63.
Checking gate size 3 with block size 162.
Choose gate size 3
Current gradient magnitude: 58.016230996584866
New op index: 130	IIIIYZXI	$R_{XZY}$[1, 2, 3]
gradient: -1.0000000000002442
second_gradient: -2.7327473617333453e-11
b: -1.570796326767569
f: 1.0000000000275717
Optimization terminated successfully    (Exit mode 0)
            Current function value: -1.163265301094789
            Iterations: 1
            Function evaluations: 10
            Gradient evaluations: 1
Special HardwareAdaptAnsatz24 selection activated
Checking gate size 1 with block size 24.
Checking gate size 2 with block size 63.
Choose gate size 2
Current gradient magnitude: 82.0208584778375
New op index: 34	IIIYXIII	$R_{XY}$[3, 4]
gradient: -0.5000000002449386
second_gradient: 100.54081632742049
b: -3.1366195899465046
f: 0.001243268473743342
Optimization terminated successfully    (Exit mode 0)
            Current function value: -1.1645155762255912
            Iterations: 3
            Function evaluations: 39
            Gradient evaluations: 3
Special HardwareAdaptAnsatz24 selection activated
Checking gate size 1 with block size 24.
Checking gate size 2 with block size 63.
Choose gate size 2
Current gradient magnitude: 82.4693090279355
New op index: 48	IIIXYIII	$R_{YX}$[3, 4]
gradient: 1.0012185783573608
second_gradient: 100.16603522037846
b: 3.131597396877946
f: 0.005003760016194292
Optimization terminated successfully    (Exit mode 0)
            Current function value: -1.5774782084393446
            Iterations: 9
            Function evaluations: 119
            Gradient evaluations: 9
Special HardwareAdaptAnsatz24 selection activated
Checking gate size 1 with block size 24.
Checking gate size 2 with block size 63.
Checking gate size 3 with block size 162.
Choose gate size 3
Current gradient magnitude: 122.39177974275927
New op index: 134	YZXIIIII	$R_{XZY}$[5, 6, 7]
gradient: -0.999999999628538
second_gradient: 2.3596589959762326e-11
b: -1.5707963268184932
f: 0.9999999996049415
Optimization terminated successfully    (Exit mode 0)
            Current function value: -2.5774788134186424
            Iterations: 1
            Function evaluations: 16
            Gradient evaluations: 1
Special HardwareAdaptAnsatz24 selection activated
Checking gate size 1 with block size 24.
Checking gate size 2 with block size 63.
Checking gate size 3 with block size 162.
Checking gate size 4 with block size 405.
Choose gate size 4
Current gradient magnitude: 101.79289753231868
New op index: 377	IYZZXIII	$R_{XZZY}$[3, 4, 5, 6]
gradient: -0.7071067782675167
second_gradient: 100.74484579084188
b: -3.134573980211847
f: 0.002481485946873363
Optimization terminated successfully    (Exit mode 0)
            Current function value: -2.579960472634425
            Iterations: 1
            Function evaluations: 17
            Gradient evaluations: 1
Special HardwareAdaptAnsatz24 selection activated
Checking gate size 1 with block size 24.
Checking gate size 2 with block size 63.
Checking gate size 3 with block size 162.
Choose gate size 3
Current gradient magnitude: 118.89995510659317
New op index: 133	IYZXIIII	$R_{XZY}$[4, 5, 6]
gradient: -0.996515225326983
second_gradient: 150.41567259330947
b: -3.1349676747629758
f: 0.003300958207574922
Optimization terminated successfully    (Exit mode 0)
            Current function value: -2.585031425559018
            Iterations: 8
            Function evaluations: 132
            Gradient evaluations: 8
Special HardwareAdaptAnsatz24 selection activated
Checking gate size 1 with block size 24.
Checking gate size 2 with block size 63.
Checking gate size 3 with block size 162.
Checking gate size 4 with block size 405.
Choose gate size 4
Current gradient magnitude: 149.75842971045827
New op index: 376	IIYZZXII	$R_{XZZY}$[2, 3, 4, 5]
gradient: 0.49999961696037687
second_gradient: 100.53708897729948
b: 3.1366194093885746
f: 0.00124331266042077
Optimization terminated successfully    (Exit mode 0)
            Current function value: -2.5862752107300406
            Iterations: 1
            Function evaluations: 18
            Gradient evaluations: 1
Special HardwareAdaptAnsatz24 selection activated
Checking gate size 1 with block size 24.
Checking gate size 2 with block size 63.
Checking gate size 3 with block size 162.
Checking gate size 4 with block size 405.
Choose gate size 4
Current gradient magnitude: 150.91192377129317
New op index: 386	IIXXXYII	$R_{YXXX}$[2, 3, 4, 5]
gradient: -0.7151980823155661
second_gradient: 100.89287891136395
b: -3.1345040848925034
f: 0.002534875983670304
Optimization terminated successfully    (Exit mode 0)
            Current function value: -2.5916939728695794
            Iterations: 9
            Function evaluations: 169
            Gradient evaluations: 9
Special HardwareAdaptAnsatz24 selection activated
Checking gate size 1 with block size 24.
Checking gate size 2 with block size 63.
Checking gate size 3 with block size 162.
Checking gate size 4 with block size 405.
Choose gate size 4
Current gradient magnitude: 227.80556599627968
New op index: 266	IIXYXXII	$R_{XXYX}$[2, 3, 4, 5]
gradient: -0.7289402458263085
second_gradient: 100.76398876200751
b: -3.1343586452959866
f: 0.0026365913899297766
Optimization terminated successfully    (Exit mode 0)
            Current function value: -2.5969384553706862
            Iterations: 10
            Function evaluations: 200
            Gradient evaluations: 10
Special HardwareAdaptAnsatz24 selection activated
Checking gate size 1 with block size 24.
Checking gate size 2 with block size 63.
Checking gate size 3 with block size 162.
Checking gate size 4 with block size 405.
Choose gate size 4
Current gradient magnitude: 273.3699656825664
New op index: 296	IIXXYXII	$R_{XYXX}$[2, 3, 4, 5]
gradient: -0.7541897401534784
second_gradient: 99.90780929866861
b: -3.134043940230513
f: 0.002846594600782737
Optimization terminated successfully    (Exit mode 0)
            Current function value: -2.603503216924018
            Iterations: 13
            Function evaluations: 268
            Gradient evaluations: 13
Special HardwareAdaptAnsatz24 selection activated
Checking gate size 1 with block size 24.
Checking gate size 2 with block size 63.
Checking gate size 3 with block size 162.
Choose gate size 3
Current gradient magnitude: 332.968991033659
New op index: 134	YZXIIIII	$R_{XZY}$[5, 6, 7]
gradient: -0.044423279647096116
second_gradient: 1.1988226120396128
b: -3.104553843202003
f: 0.0008227867812571343
Optimization terminated successfully    (Exit mode 0)
            Current function value: -2.999245085563411
            Iterations: 40
            Function evaluations: 839
            Gradient evaluations: 40
Special HardwareAdaptAnsatz24 selection activated
Checking gate size 1 with block size 24.
Checking gate size 2 with block size 63.
Checking gate size 3 with block size 162.
Checking gate size 4 with block size 405.
Choose gate size 4
Current gradient magnitude: 216.40163718927948
New op index: 294	IIIIXXYX	$R_{XYXX}$[0, 1, 2, 3]
gradient: 0.34840653740064936
second_gradient: 125.10831363410985
b: 3.1388078215781126
f: 0.000485127152742848
Optimization terminated successfully    (Exit mode 0)
            Current function value: -2.999730249770106
            Iterations: 1
            Function evaluations: 24
            Gradient evaluations: 1
Special HardwareAdaptAnsatz24 selection activated
Checking gate size 1 with block size 24.
Checking gate size 2 with block size 63.
Checking gate size 3 with block size 162.
Checking gate size 4 with block size 405.
Choose gate size 4
Current gradient magnitude: 230.7022098059506
New op index: 404	IIIIYYXY	$R_{YXYY}$[0, 1, 2, 3]
gradient: -0.6945886567072844
second_gradient: 125.11544997338082
b: -3.136041128808224
f: 0.0019280180220562215
Optimization terminated successfully    (Exit mode 0)
            Current function value: -3.2990073923520846
            Iterations: 21
            Function evaluations: 496
            Gradient evaluations: 21
Special HardwareAdaptAnsatz24 selection activated
Checking gate size 1 with block size 24.
Checking gate size 2 with block size 63.
Checking gate size 3 with block size 162.
Checking gate size 4 with block size 405.
Choose gate size 4
Current gradient magnitude: 196.12094397299342
New op index: 375	IIIYZZXI	$R_{XZZY}$[1, 2, 3, 4]
gradient: -0.3125963791614669
second_gradient: 101.0850834485063
b: -3.13850025486932
f: 0.0004833367066368055
Optimization terminated successfully    (Exit mode 0)
            Current function value: -3.300269349133275
            Iterations: 6
            Function evaluations: 152
            Gradient evaluations: 6
Special HardwareAdaptAnsatz24 selection activated
Checking gate size 1 with block size 24.
Checking gate size 2 with block size 63.
Choose gate size 2
Current gradient magnitude: 201.53787689618002
New op index: 34	IIIYXIII	$R_{XY}$[3, 4]
gradient: -0.5748852006311044
second_gradient: 91.43995468727564
b: -3.1353057123030896
f: 0.001807140703846244
Optimization terminated successfully    (Exit mode 0)
            Current function value: -3.466812050694804
            Iterations: 31
            Function evaluations: 789
            Gradient evaluations: 31
Special HardwareAdaptAnsatz24 selection activated
Checking gate size 1 with block size 24.
Checking gate size 2 with block size 63.
Checking gate size 3 with block size 162.
Choose gate size 3
Current gradient magnitude: 243.1390448348377
New op index: 130	IIIIYZXI	$R_{XZY}$[1, 2, 3]
gradient: -0.36549530052409823
second_gradient: 26.582100825228473
b: -3.1278438429595496
f: 0.0025126024164237037
Optimization terminated successfully    (Exit mode 0)
            Current function value: -3.579258732155335
            Iterations: 33
            Function evaluations: 865
            Gradient evaluations: 33
Special HardwareAdaptAnsatz24 selection activated
Checking gate size 1 with block size 24.
Checking gate size 2 with block size 63.
Checking gate size 3 with block size 162.
Choose gate size 3
Current gradient magnitude: 134.8418512982224
New op index: 133	IYZXIIII	$R_{XZY}$[4, 5, 6]
gradient: -1.0016981361266981
second_gradient: 150.15766102163371
b: -3.1349217766558755
f: 0.003341114885671459
Optimization terminated successfully    (Exit mode 0)
            Current function value: -4.163265092653479
            Iterations: 35
            Function evaluations: 953
            Gradient evaluations: 35
Special HardwareAdaptAnsatz24 selection activated
Checking gate size 1 with block size 24.
Checking gate size 2 with block size 63.
Checking gate size 3 with block size 162.
Checking gate size 4 with block size 405.
Checking gate size 5 with block size 972.
Checking gate size 6 with block size 2187.
Checking gate size 7 with block size 4374.
Checking gate size 8 with block size 6561.
Current gradient magnitude: 1.5173293515319917
New op index: 181	IXZYIIII	$R_{YZX}$[4, 5, 6]
gradient: -0.004425423823420843
second_gradient: 101.02084417858205
b: -3.1415488465531705
f: 9.693235369923059e-08
Precision cutoff reached.
Calculating energies for FreeWilson2D(N_x=2, N_y=2, mass=-1.755, r=1.000)
h_im: 0.0
Lets GO!
Special HardwareAdaptAnsatz24 selection activated
Checking gate size 1 with block size 24.
Choose gate size 1
Current gradient magnitude: 21327.020408163247
New op index: 11	IIIIYIII	$R_{Y}$[3]
gradient: -0.12244897959183493
second_gradient: -0.49999999999999956
b: -0.2401710078601699
f: 1.0147754390052819
Optimization terminated successfully    (Exit mode 0)
            Current function value: 199.48522456099423
            Iterations: 1
            Function evaluations: 2
            Gradient evaluations: 1
Special HardwareAdaptAnsatz24 selection activated
Checking gate size 1 with block size 24.
Choose gate size 1
Current gradient magnitude: 24107.70048553123
New op index: 10	IIIIIYII	$R_{Y}$[2]
gradient: 12.50153410437059
second_gradient: 0.0
b: 1.5707963267948966
f: 12.50153410437059
Optimization terminated successfully    (Exit mode 0)
            Current function value: 149.7451274684655
            Iterations: 5
            Function evaluations: 19
            Gradient evaluations: 5
Special HardwareAdaptAnsatz24 selection activated
Checking gate size 1 with block size 24.
Choose gate size 1
Current gradient magnitude: 9623.499047901607
New op index: 13	IIYIIIII	$R_{Y}$[5]
gradient: -0.3875136074956404
second_gradient: -1.3877787807814506e-17
b: -1.5707963267948966
f: 0.3875136074956404
Optimization terminated successfully    (Exit mode 0)
            Current function value: 148.49253103394048
            Iterations: 6
            Function evaluations: 26
            Gradient evaluations: 6
Special HardwareAdaptAnsatz24 selection activated
Checking gate size 1 with block size 24.
Choose gate size 1
Current gradient magnitude: 10088.755093906082
New op index: 15	YIIIIIII	$R_{Y}$[7]
gradient: 6.194870508289816
second_gradient: -4.848729551471239e-15
b: 1.570796326794896
f: 6.194870508289821
Optimization terminated successfully    (Exit mode 0)
            Current function value: 99.2451274632768
            Iterations: 6
            Function evaluations: 37
            Gradient evaluations: 6
Special HardwareAdaptAnsatz24 selection activated
Checking gate size 1 with block size 24.
Choose gate size 1
Current gradient magnitude: 3801.4079382311616
New op index: 12	IIIYIIII	$R_{Y}$[4]
gradient: -0.6322979840740786
second_gradient: 0.5099737152813913
b: -2.2495124664066504
f: 0.30235253133510775
Optimization terminated successfully    (Exit mode 0)
            Current function value: 98.92608451441666
            Iterations: 7
            Function evaluations: 47
            Gradient evaluations: 7
Special HardwareAdaptAnsatz24 selection activated
Checking gate size 1 with block size 24.
Choose gate size 1
Current gradient magnitude: 4576.150777048692
New op index: 8	IIIIIIIY	$R_{Y}$[0]
gradient: 41.359756617727186
second_gradient: 0.0
b: 1.5707963267948966
f: 41.359756617727186
Optimization terminated successfully    (Exit mode 0)
            Current function value: 49.0052165799684
            Iterations: 6
            Function evaluations: 49
            Gradient evaluations: 6
Special HardwareAdaptAnsatz24 selection activated
Checking gate size 1 with block size 24.
Choose gate size 1
Current gradient magnitude: 514.6208647113028
New op index: 14	IYIIIIII	$R_{Y}$[6]
gradient: -0.12740365108253116
second_gradient: 0.5049191750289054
b: -2.8944271035989417
f: 0.01582554517575474
Optimization terminated successfully    (Exit mode 0)
            Current function value: 48.98902963184547
            Iterations: 4
            Function evaluations: 39
            Gradient evaluations: 4
Special HardwareAdaptAnsatz24 selection activated
Checking gate size 1 with block size 24.
Choose gate size 1
Current gradient magnitude: 644.1426253289465
New op index: 9	IIIIIIYI	$R_{Y}$[1]
gradient: 12.368283441921022
second_gradient: 0.4906959649389506
b: 1.6104492630709473
f: 11.887317519853555
Optimization terminated successfully    (Exit mode 0)
            Current function value: -0.48979455021837526
            Iterations: 8
            Function evaluations: 84
            Gradient evaluations: 8
Special HardwareAdaptAnsatz24 selection activated
Checking gate size 1 with block size 24.
Checking gate size 2 with block size 63.
Checking gate size 3 with block size 162.
Choose gate size 3
Current gradient magnitude: 58.33388894021925
New op index: 130	IIIIYZXI	$R_{XZY}$[1, 2, 3]
gradient: -0.999999998894964
second_gradient: -2.0190995542179735e-09
b: -1.570796324775797
f: 1.0000000009140635
Optimization terminated successfully    (Exit mode 0)
            Current function value: -1.4897959181119398
            Iterations: 2
            Function evaluations: 22
            Gradient evaluations: 2
Special HardwareAdaptAnsatz24 selection activated
Checking gate size 1 with block size 24.
Checking gate size 2 with block size 63.
Choose gate size 2
Current gradient magnitude: 82.00703838457036
New op index: 34	IIIYXIII	$R_{XY}$[3, 4]
gradient: -0.499999982361874
second_gradient: 100.62245256516096
b: -3.136623624765699
f: 0.0012422597182819572
Optimization terminated successfully    (Exit mode 0)
            Current function value: -1.4910450633599803
            Iterations: 2
            Function evaluations: 25
            Gradient evaluations: 2
Special HardwareAdaptAnsatz24 selection activated
Checking gate size 1 with block size 24.
Checking gate size 2 with block size 63.
Choose gate size 2
Current gradient magnitude: 82.67621350011416
New op index: 48	IIIXYIII	$R_{YX}$[3, 4]
gradient: 1.0038355245236088
second_gradient: 100.21782522076958
b: 3.1315764518573173
f: 0.00502735159047063
Optimization terminated successfully    (Exit mode 0)
            Current function value: -1.9040080742548593
            Iterations: 9
            Function evaluations: 122
            Gradient evaluations: 9
Special HardwareAdaptAnsatz24 selection activated
Checking gate size 1 with block size 24.
Checking gate size 2 with block size 63.
Checking gate size 3 with block size 162.
Choose gate size 3
Current gradient magnitude: 122.8604795807248
New op index: 134	YZXIIIII	$R_{XZY}$[5, 6, 7]
gradient: -0.9999999982123302
second_gradient: 1.4887984317590863e-09
b: -1.570796328283695
f: 0.9999999967235318
Optimization terminated successfully    (Exit mode 0)
            Current function value: -2.9040094622582115
            Iterations: 2
            Function evaluations: 31
            Gradient evaluations: 2
Special HardwareAdaptAnsatz24 selection activated
Checking gate size 1 with block size 24.
Checking gate size 2 with block size 63.
Checking gate size 3 with block size 162.
Checking gate size 4 with block size 405.
Choose gate size 4
Current gradient magnitude: 101.57728542364447
New op index: 377	IYZZXIII	$R_{XZZY}$[3, 4, 5, 6]
gradient: -0.7071067719463433
second_gradient: 100.81632905842416
b: -3.1345789566633147
f: 0.0024797264617717474
Optimization terminated successfully    (Exit mode 0)
            Current function value: -2.906491009491667
            Iterations: 2
            Function evaluations: 32
            Gradient evaluations: 2
Special HardwareAdaptAnsatz24 selection activated
Checking gate size 1 with block size 24.
Checking gate size 2 with block size 63.
Checking gate size 3 with block size 162.
Choose gate size 3
Current gradient magnitude: 118.91070850885313
New op index: 133	IYZXIIII	$R_{XZY}$[4, 5, 6]
gradient: -0.9965762569087999
second_gradient: 150.63960526007665
b: -3.1349771176777437
f: 0.0032964550308918206
Optimization terminated successfully    (Exit mode 0)
            Current function value: -2.9115548251923897
            Iterations: 8
            Function evaluations: 131
            Gradient evaluations: 8
Special HardwareAdaptAnsatz24 selection activated
Checking gate size 1 with block size 24.
Checking gate size 2 with block size 63.
Checking gate size 3 with block size 162.
Checking gate size 4 with block size 405.
Choose gate size 4
Current gradient magnitude: 150.1283104590202
New op index: 376	IIYZZXII	$R_{XZZY}$[2, 3, 4, 5]
gradient: 0.5000006891957405
second_gradient: 100.61850880590751
b: 3.136623422982275
f: 0.0012423119206630417
Optimization terminated successfully    (Exit mode 0)
            Current function value: -2.912797519158789
            Iterations: 1
            Function evaluations: 19
            Gradient evaluations: 1
Special HardwareAdaptAnsatz24 selection activated
Checking gate size 1 with block size 24.
Checking gate size 2 with block size 63.
Checking gate size 3 with block size 162.
Checking gate size 4 with block size 405.
Choose gate size 4
Current gradient magnitude: 150.486813839605
New op index: 386	IIXXXYII	$R_{YXXX}$[2, 3, 4, 5]
gradient: -0.7149762595281886
second_gradient: 101.03024515385323
b: -3.1345159180734306
f: 0.0025298595025731174
Optimization terminated successfully    (Exit mode 0)
            Current function value: -2.91820789006895
            Iterations: 8
            Function evaluations: 151
            Gradient evaluations: 8
Special HardwareAdaptAnsatz24 selection activated
Checking gate size 1 with block size 24.
Checking gate size 2 with block size 63.
Checking gate size 3 with block size 162.
Checking gate size 4 with block size 405.
Choose gate size 4
Current gradient magnitude: 226.9819195023896
New op index: 266	IIXYXXII	$R_{XXYX}$[2, 3, 4, 5]
gradient: -0.7283227585493524
second_gradient: 100.8782371382118
b: -3.134372958591125
f: 0.0026291455088056637
Optimization terminated successfully    (Exit mode 0)
            Current function value: -2.9234486618938385
            Iterations: 11
            Function evaluations: 216
            Gradient evaluations: 11
Special HardwareAdaptAnsatz24 selection activated
Checking gate size 1 with block size 24.
Checking gate size 2 with block size 63.
Checking gate size 3 with block size 162.
Checking gate size 4 with block size 405.
Choose gate size 4
Current gradient magnitude: 273.47739328272985
New op index: 296	IIXXYXII	$R_{XYXX}$[2, 3, 4, 5]
gradient: -0.7561937414145136
second_gradient: 100.06199697552643
b: -3.1340355453085613
f: 0.0028573325912333303
Optimization terminated successfully    (Exit mode 0)
            Current function value: -2.930010749912224
            Iterations: 13
            Function evaluations: 270
            Gradient evaluations: 13
Special HardwareAdaptAnsatz24 selection activated
Checking gate size 1 with block size 24.
Checking gate size 2 with block size 63.
Checking gate size 3 with block size 162.
Choose gate size 3
Current gradient magnitude: 332.27180917012873
New op index: 134	YZXIIIII	$R_{XZY}$[5, 6, 7]
gradient: -0.04422507154339479
second_gradient: 1.198518927523007
b: -3.1047096184298724
f: 0.0008156699033814441
Optimization terminated successfully    (Exit mode 0)
            Current function value: -3.3257694458248293
            Iterations: 37
            Function evaluations: 775
            Gradient evaluations: 37
Special HardwareAdaptAnsatz24 selection activated
Checking gate size 1 with block size 24.
Checking gate size 2 with block size 63.
Checking gate size 3 with block size 162.
Checking gate size 4 with block size 405.
Choose gate size 4
Current gradient magnitude: 216.50920564990307
New op index: 294	IIIIXXYX	$R_{XYXX}$[0, 1, 2, 3]
gradient: 0.3482537774770681
second_gradient: 125.2725484554333
b: 3.138812691940996
f: 0.00048406638447318073
Optimization terminated successfully    (Exit mode 0)
            Current function value: -3.3262535741158676
            Iterations: 1
            Function evaluations: 24
            Gradient evaluations: 1
Special HardwareAdaptAnsatz24 selection activated
Checking gate size 1 with block size 24.
Checking gate size 2 with block size 63.
Checking gate size 3 with block size 162.
Checking gate size 4 with block size 405.
Choose gate size 4
Current gradient magnitude: 230.79101656119263
New op index: 404	IIIIYYXY	$R_{YXYY}$[0, 1, 2, 3]
gradient: -0.6939644283603512
second_gradient: 125.27932003885546
b: -3.1360533728022886
f: 0.0019220368272101496
Optimization terminated successfully    (Exit mode 0)
            Current function value: -3.6167835565470936
            Iterations: 21
            Function evaluations: 495
            Gradient evaluations: 21
Special HardwareAdaptAnsatz24 selection activated
Checking gate size 1 with block size 24.
Checking gate size 2 with block size 63.
Choose gate size 2
Current gradient magnitude: 191.95622179540803
New op index: 34	IIIYXIII	$R_{XY}$[3, 4]
gradient: -0.32207999847445
second_gradient: 92.40160508710638
b: -3.1381070139866742
f: 0.0005613279673610805
Optimization terminated successfully    (Exit mode 0)
            Current function value: -3.618034157184269
            Iterations: 7
            Function evaluations: 177
            Gradient evaluations: 7
Special HardwareAdaptAnsatz24 selection activated
Checking gate size 1 with block size 24.
Checking gate size 2 with block size 63.
Choose gate size 2
Current gradient magnitude: 201.86962813653577
New op index: 48	IIIXYIII	$R_{YX}$[3, 4]
gradient: 0.613050384274543
second_gradient: 92.40643084212037
b: 3.1349584682336586
f: 0.0020335523994248206
Optimization terminated successfully    (Exit mode 0)
            Current function value: -3.8046108645485757
            Iterations: 22
            Function evaluations: 562
            Gradient evaluations: 22
Special HardwareAdaptAnsatz24 selection activated
Checking gate size 1 with block size 24.
Checking gate size 2 with block size 63.
Checking gate size 3 with block size 162.
Choose gate size 3
Current gradient magnitude: 165.12894252585647
New op index: 130	IIIIYZXI	$R_{XZY}$[1, 2, 3]
gradient: -0.320050625572757
second_gradient: 29.37052305626855
b: -3.130696083659329
f: 0.0017437442651129231
Optimization terminated successfully    (Exit mode 0)
            Current function value: -3.9048380280999666
            Iterations: 32
            Function evaluations: 842
            Gradient evaluations: 32
Special HardwareAdaptAnsatz24 selection activated
Checking gate size 1 with block size 24.
Checking gate size 2 with block size 63.
Checking gate size 3 with block size 162.
Checking gate size 4 with block size 405.
Choose gate size 4
Current gradient magnitude: 121.52154067868244
New op index: 377	IYZZXIII	$R_{XZZY}$[3, 4, 5, 6]
gradient: -0.7859061111170814
second_gradient: 100.94764747642733
b: -3.1338075268112306
f: 0.003059204806646676
Optimization terminated successfully    (Exit mode 0)
            Current function value: -4.336454326342103
            Iterations: 39
            Function evaluations: 1061
            Gradient evaluations: 39
Special HardwareAdaptAnsatz24 selection activated
Checking gate size 1 with block size 24.
Checking gate size 2 with block size 63.
Choose gate size 2
Current gradient magnitude: 315.87597322309347
New op index: 34	IIIYXIII	$R_{XY}$[3, 4]
gradient: 0.675986275625821
second_gradient: 64.1653692412614
b: 3.131057979253906
f: 0.0035606805648598083
Optimization terminated successfully    (Exit mode 0)
            Current function value: -4.48979489930778
            Iterations: 36
            Function evaluations: 1017
            Gradient evaluations: 36
Special HardwareAdaptAnsatz24 selection activated
Checking gate size 1 with block size 24.
Checking gate size 2 with block size 63.
Checking gate size 3 with block size 162.
Checking gate size 4 with block size 405.
Checking gate size 5 with block size 972.
Checking gate size 6 with block size 2187.
Checking gate size 7 with block size 4374.
Checking gate size 8 with block size 6561.
Current gradient magnitude: 1.8849334432375193
New op index: 8658	XYYZZYXX	$R_{XXYZZYYX}$[0, 1, 2, 3, 4, 5, 6, 7]
gradient: -0.005264168663527657
second_gradient: 101.25450355742966
b: -3.1415406641130406
f: 1.3684069699593238e-07
Precision cutoff reached.
Calculating energies for FreeWilson2D(N_x=2, N_y=2, mass=-1.592, r=1.000)
h_im: 0.0
Lets GO!
Special HardwareAdaptAnsatz24 selection activated
Checking gate size 1 with block size 24.
Choose gate size 1
Current gradient magnitude: 21326.367346938758
New op index: 11	IIIIYIII	$R_{Y}$[3]
gradient: -0.20408163265305942
second_gradient: -0.49999999999999956
b: -0.38752380578027606
f: 1.0400456580571102
Optimization terminated successfully    (Exit mode 0)
            Current function value: 199.45995434194276
            Iterations: 1
            Function evaluations: 2
            Gradient evaluations: 1
Special HardwareAdaptAnsatz24 selection activated
Checking gate size 1 with block size 24.
Choose gate size 1
Current gradient magnitude: 25293.10286637998
New op index: 10	IIIIIYII	$R_{Y}$[2]
gradient: 19.561855325831097
second_gradient: 0.0
b: 1.5707963267948966
f: 19.561855325831097
Optimization terminated successfully    (Exit mode 0)
            Current function value: 149.58187837308074
            Iterations: 5
            Function evaluations: 19
            Gradient evaluations: 5
Special HardwareAdaptAnsatz24 selection activated
Checking gate size 1 with block size 24.
Choose gate size 1
Current gradient magnitude: 9624.41854278212
New op index: 13	IIYIIIII	$R_{Y}$[5]
gradient: -0.3058378482808638
second_gradient: 1.4161007967157347e-18
b: -1.5707963267948966
f: 0.3058378482808638
Optimization terminated successfully    (Exit mode 0)
            Current function value: 148.47938941288604
            Iterations: 4
            Function evaluations: 19
            Gradient evaluations: 4
Special HardwareAdaptAnsatz24 selection activated
Checking gate size 1 with block size 24.
Choose gate size 1
Current gradient magnitude: 10431.737269425654
New op index: 15	YIIIIIII	$R_{Y}$[7]
gradient: 10.28956366275502
second_gradient: -1.382114695231938e-15
b: 1.5707963267948966
f: 10.289563662755022
Optimization terminated successfully    (Exit mode 0)
            Current function value: 99.08187837480322
            Iterations: 9
            Function evaluations: 53
            Gradient evaluations: 9
Special HardwareAdaptAnsatz24 selection activated
Checking gate size 1 with block size 24.
Choose gate size 1
Current gradient magnitude: 3805.891233268858
New op index: 12	IIIYIIII	$R_{Y}$[4]
gradient: -0.7139042745070299
second_gradient: 0.509960359627198
b: -2.191072464605546
f: 0.3673758823863813
Optimization terminated successfully    (Exit mode 0)
            Current function value: 98.69383375248076
            Iterations: 8
            Function evaluations: 53
            Gradient evaluations: 8
Special HardwareAdaptAnsatz24 selection activated
Checking gate size 1 with block size 24.
Choose gate size 1
Current gradient magnitude: 4562.760697725052
New op index: 8	IIIIIIIY	$R_{Y}$[0]
gradient: 43.40160314037434
second_gradient: 0.0
b: 1.5707963267948966
f: 43.40160314037434
Optimization terminated successfully    (Exit mode 0)
            Current function value: 48.67869406222762
            Iterations: 5
            Function evaluations: 43
            Gradient evaluations: 5
Special HardwareAdaptAnsatz24 selection activated
Checking gate size 1 with block size 24.
Choose gate size 1
Current gradient magnitude: 516.8528853105215
New op index: 14	IYIIIIII	$R_{Y}$[6]
gradient: -0.2090229888053372
second_gradient: 0.5049156315291872
b: -2.749096301359223
f: 0.04155523211464329
Optimization terminated successfully    (Exit mode 0)
            Current function value: 48.636144340709876
            Iterations: 4
            Function evaluations: 38
            Gradient evaluations: 4
Special HardwareAdaptAnsatz24 selection activated
Checking gate size 1 with block size 24.
Choose gate size 1
Current gradient magnitude: 715.1663218907179
New op index: 9	IIIIIIYI	$R_{Y}$[1]
gradient: 19.544975628293216
second_gradient: 0.4673976714340203
b: 1.5947057249363203
f: 19.083165821566322
Optimization terminated successfully    (Exit mode 0)
            Current function value: -0.8163255029723779
            Iterations: 10
            Function evaluations: 105
            Gradient evaluations: 10
Special HardwareAdaptAnsatz24 selection activated
Checking gate size 1 with block size 24.
Checking gate size 2 with block size 63.
Checking gate size 3 with block size 162.
Choose gate size 3
Current gradient magnitude: 58.41723717850324
New op index: 130	IIIIYZXI	$R_{XZY}$[1, 2, 3]
gradient: -0.999999999532632
second_gradient: -8.25870927201322e-09
b: -1.5707963185361873
f: 1.0000000077913413
Optimization terminated successfully    (Exit mode 0)
            Current function value: -1.8163265304406226
            Iterations: 2
            Function evaluations: 22
            Gradient evaluations: 2
Special HardwareAdaptAnsatz24 selection activated
Checking gate size 1 with block size 24.
Checking gate size 2 with block size 63.
Choose gate size 2
Current gradient magnitude: 82.0053069945973
New op index: 34	IIIYXIII	$R_{XY}$[3, 4]
gradient: -0.5000000184514223
second_gradient: 100.70407793664381
b: -3.136627651971697
f: 0.0012412530002023914
Optimization terminated successfully    (Exit mode 0)
            Current function value: -1.817574699920899
            Iterations: 2
            Function evaluations: 25
            Gradient evaluations: 2
Special HardwareAdaptAnsatz24 selection activated
Checking gate size 1 with block size 24.
Checking gate size 2 with block size 63.
Choose gate size 2
Current gradient magnitude: 82.63468250294581
New op index: 48	IIIXYIII	$R_{YX}$[3, 4]
gradient: 1.0034466357969367
second_gradient: 100.30973281236663
b: 3.1315895049605085
f: 0.005018854769915038
Optimization terminated successfully    (Exit mode 0)
            Current function value: -2.230537257356003
            Iterations: 9
            Function evaluations: 122
            Gradient evaluations: 9
Special HardwareAdaptAnsatz24 selection activated
Checking gate size 1 with block size 24.
Checking gate size 2 with block size 63.
Checking gate size 3 with block size 162.
Choose gate size 3
Current gradient magnitude: 123.35333234515103
New op index: 134	YZXIIIII	$R_{XZY}$[5, 6, 7]
gradient: -0.9999999896992667
second_gradient: 7.424025921798361e-09
b: -1.5707963342189226
f: 0.9999999822752408
Optimization terminated successfully    (Exit mode 0)
            Current function value: -3.230540027933515
            Iterations: 2
            Function evaluations: 31
            Gradient evaluations: 2
Special HardwareAdaptAnsatz24 selection activated
Checking gate size 1 with block size 24.
Checking gate size 2 with block size 63.
Checking gate size 3 with block size 162.
Checking gate size 4 with block size 405.
Choose gate size 4
Current gradient magnitude: 101.5852488551503
New op index: 377	IYZZXIII	$R_{XZZY}$[3, 4, 5, 6]
gradient: -0.707106748646317
second_gradient: 100.89909212731492
b: -3.1345847097316097
f: 0.002477692338359816
Optimization terminated successfully    (Exit mode 0)
            Current function value: -3.233019624504782
            Iterations: 2
            Function evaluations: 32
            Gradient evaluations: 2
Special HardwareAdaptAnsatz24 selection activated
Checking gate size 1 with block size 24.
Checking gate size 2 with block size 63.
Checking gate size 3 with block size 162.
Choose gate size 3
Current gradient magnitude: 118.92238458900056
New op index: 133	IYZXIIII	$R_{XZY}$[4, 5, 6]
gradient: -0.9967983239293952
second_gradient: 150.75257323982592
b: -3.1349806019607707
f: 0.0032954529970083968
Optimization terminated successfully    (Exit mode 0)
            Current function value: -3.238079866151381
            Iterations: 10
            Function evaluations: 163
            Gradient evaluations: 10
Special HardwareAdaptAnsatz24 selection activated
Checking gate size 1 with block size 24.
Checking gate size 2 with block size 63.
Checking gate size 3 with block size 162.
Checking gate size 4 with block size 405.
Choose gate size 4
Current gradient magnitude: 150.06586403393823
New op index: 376	IIYZZXII	$R_{XZZY}$[2, 3, 4, 5]
gradient: 0.500002579991424
second_gradient: 100.6997796812447
b: 3.1366274146129736
f: 0.001241318699598537
Optimization terminated successfully    (Exit mode 0)
            Current function value: -3.2393217146872106
            Iterations: 1
            Function evaluations: 19
            Gradient evaluations: 1
Special HardwareAdaptAnsatz24 selection activated
Checking gate size 1 with block size 24.
Checking gate size 2 with block size 63.
Checking gate size 3 with block size 162.
Checking gate size 4 with block size 405.
Choose gate size 4
Current gradient magnitude: 150.6050027354637
New op index: 386	IIXXXYII	$R_{YXXX}$[2, 3, 4, 5]
gradient: -0.7156591166851277
second_gradient: 101.14923444935502
b: -3.1345174920319785
f: 0.002531712496463001
Optimization terminated successfully    (Exit mode 0)
            Current function value: -3.2447228400439143
            Iterations: 9
            Function evaluations: 168
            Gradient evaluations: 9
Special HardwareAdaptAnsatz24 selection activated
Checking gate size 1 with block size 24.
Checking gate size 2 with block size 63.
Checking gate size 3 with block size 162.
Checking gate size 4 with block size 405.
Choose gate size 4
Current gradient magnitude: 227.86859403063147
New op index: 266	IIXYXXII	$R_{XXYX}$[2, 3, 4, 5]
gradient: -0.7302835935422266
second_gradient: 101.07014751135893
b: -3.134367267033694
f: 0.002638302107456525
Optimization terminated successfully    (Exit mode 0)
            Current function value: -3.2499562200251066
            Iterations: 10
            Function evaluations: 199
            Gradient evaluations: 10
Special HardwareAdaptAnsatz24 selection activated
Checking gate size 1 with block size 24.
Checking gate size 2 with block size 63.
Checking gate size 3 with block size 162.
Checking gate size 4 with block size 405.
Choose gate size 4
Current gradient magnitude: 274.7036986952938
New op index: 296	IIXXYXII	$R_{XYXX}$[2, 3, 4, 5]
gradient: -0.755496989997666
second_gradient: 100.11460500751248
b: -3.1340464753938795
f: 0.002850570983611078
Optimization terminated successfully    (Exit mode 0)
            Current function value: -3.256512086015243
            Iterations: 11
            Function evaluations: 228
            Gradient evaluations: 11
Special HardwareAdaptAnsatz24 selection activated
Checking gate size 1 with block size 24.
Checking gate size 2 with block size 63.
Checking gate size 3 with block size 162.
Choose gate size 3
Current gradient magnitude: 331.58625741231054
New op index: 134	YZXIIIII	$R_{XZY}$[5, 6, 7]
gradient: -0.04570622424911733
second_gradient: 1.1969971570675735
b: -3.1034271242796736
f: 0.0008723070072746975
Optimization terminated successfully    (Exit mode 0)
            Current function value: -3.6522930055945695
            Iterations: 40
            Function evaluations: 836
            Gradient evaluations: 40
Special HardwareAdaptAnsatz24 selection activated
Checking gate size 1 with block size 24.
Checking gate size 2 with block size 63.
Checking gate size 3 with block size 162.
Checking gate size 4 with block size 405.
Choose gate size 4
Current gradient magnitude: 217.45944777884944
New op index: 294	IIIIXXYX	$R_{XYXX}$[0, 1, 2, 3]
gradient: 0.3486568583059914
second_gradient: 125.46275223551633
b: 3.138813693662815
f: 0.000484452030519833
Optimization terminated successfully    (Exit mode 0)
            Current function value: -3.6527780807145653
            Iterations: 1
            Function evaluations: 24
            Gradient evaluations: 1
Special HardwareAdaptAnsatz24 selection activated
Checking gate size 1 with block size 24.
Checking gate size 2 with block size 63.
Checking gate size 3 with block size 162.
Checking gate size 4 with block size 405.
Choose gate size 4
Current gradient magnitude: 230.8962959217577
New op index: 404	IIIIYYXY	$R_{YXYY}$[0, 1, 2, 3]
gradient: -0.6944018819404463
second_gradient: 125.46958269453337
b: -3.136058285997667
f: 0.0019215425402734354
Optimization terminated successfully    (Exit mode 0)
            Current function value: -3.9355532321571878
            Iterations: 18
            Function evaluations: 426
            Gradient evaluations: 18
Special HardwareAdaptAnsatz24 selection activated
Checking gate size 1 with block size 24.
Checking gate size 2 with block size 63.
Choose gate size 2
Current gradient magnitude: 191.21212410621624
New op index: 48	IIIXYIII	$R_{YX}$[3, 4]
gradient: 0.327411981213441
second_gradient: 93.2231707876569
b: 3.138080537103718
f: 0.0005749550994806896
Optimization terminated successfully    (Exit mode 0)
            Current function value: -3.9368983060011873
            Iterations: 7
            Function evaluations: 177
            Gradient evaluations: 7
Special HardwareAdaptAnsatz24 selection activated
Checking gate size 1 with block size 24.
Checking gate size 2 with block size 63.
Choose gate size 2
Current gradient magnitude: 196.27258524926418
New op index: 34	IIIYXIII	$R_{XY}$[3, 4]
gradient: -0.6393809594505564
second_gradient: 93.19019854057618
b: -3.134731728974786
f: 0.0021933808855010284
Optimization terminated successfully    (Exit mode 0)
            Current function value: -4.131128934358174
            Iterations: 21
            Function evaluations: 539
            Gradient evaluations: 21
Special HardwareAdaptAnsatz24 selection activated
Checking gate size 1 with block size 24.
Checking gate size 2 with block size 63.
Checking gate size 3 with block size 162.
Choose gate size 3
Current gradient magnitude: 165.28449141520204
New op index: 130	IIIIYZXI	$R_{XZY}$[1, 2, 3]
gradient: -0.3210500481762171
second_gradient: 29.397677532884682
b: -3.1306721553566605
f: 0.0017530306637674187
Optimization terminated successfully    (Exit mode 0)
            Current function value: -4.23136740865537
            Iterations: 32
            Function evaluations: 841
            Gradient evaluations: 32
Special HardwareAdaptAnsatz24 selection activated
Checking gate size 1 with block size 24.
Checking gate size 2 with block size 63.
Checking gate size 3 with block size 162.
Checking gate size 4 with block size 405.
Choose gate size 4
Current gradient magnitude: 121.91361814801515
New op index: 377	IYZZXIII	$R_{XZZY}$[3, 4, 5, 6]
gradient: -0.7861026076860494
second_gradient: 101.04444571715865
b: -3.1338130399444606
f: 0.003057802708838153
Optimization terminated successfully    (Exit mode 0)
            Current function value: -4.662966002830456
            Iterations: 40
            Function evaluations: 1088
            Gradient evaluations: 40
Special HardwareAdaptAnsatz24 selection activated
Checking gate size 1 with block size 24.
Checking gate size 2 with block size 63.
Choose gate size 2
Current gradient magnitude: 315.07932595644854
New op index: 34	IIIYXIII	$R_{XY}$[3, 4]
gradient: 0.6744261010158925
second_gradient: 64.22650759768328
b: 3.13109229572806
f: 0.0035408902401883324
Optimization terminated successfully    (Exit mode 0)
            Current function value: -4.816324927502074
            Iterations: 35
            Function evaluations: 989
            Gradient evaluations: 35
Special HardwareAdaptAnsatz24 selection activated
Checking gate size 1 with block size 24.
Checking gate size 2 with block size 63.
Checking gate size 3 with block size 162.
Checking gate size 4 with block size 405.
Checking gate size 5 with block size 972.
Checking gate size 6 with block size 2187.
Checking gate size 7 with block size 4374.
Checking gate size 8 with block size 6561.
Current gradient magnitude: 1.8674762382532755
New op index: 12882	XZZZXYXZ	$R_{ZXYXZZZX}$[0, 1, 2, 3, 4, 5, 6, 7]
gradient: -0.004472814435839467
second_gradient: 102.41245552039129
b: -3.141548979073737
f: 9.767400399596227e-08
Precision cutoff reached.
Calculating energies for FreeWilson2D(N_x=2, N_y=2, mass=-1.429, r=1.000)
h_im: 0.0
Lets GO!
Special HardwareAdaptAnsatz24 selection activated
Checking gate size 1 with block size 24.
Choose gate size 1
Current gradient magnitude: 21325.714285714268
New op index: 11	IIIIYIII	$R_{Y}$[3]
gradient: -0.2857142857142839
second_gradient: -0.49999999999999956
b: -0.5191461142465207
f: 1.0758755534498947
Optimization terminated successfully    (Exit mode 0)
            Current function value: 199.4241244465496
            Iterations: 1
            Function evaluations: 2
            Gradient evaluations: 1
Special HardwareAdaptAnsatz24 selection activated
Checking gate size 1 with block size 24.
Choose gate size 1
Current gradient magnitude: 25992.826265686024
New op index: 10	IIIIIYII	$R_{Y}$[2]
gradient: 25.526782774618095
second_gradient: 0.0
b: 1.5707963267948966
f: 25.526782774618095
Optimization terminated successfully    (Exit mode 0)
            Current function value: 149.4186292296422
            Iterations: 5
            Function evaluations: 19
            Gradient evaluations: 5
Special HardwareAdaptAnsatz24 selection activated
Checking gate size 1 with block size 24.
Choose gate size 1
Current gradient magnitude: 9625.455907953405
New op index: 9	IIIIIIYI	$R_{Y}$[1]
gradient: -0.29559916421895793
second_gradient: 0.00994178122693054
b: -1.60441629737602
f: 0.2858245199314513
Optimization terminated successfully    (Exit mode 0)
            Current function value: 148.84733256622678
            Iterations: 6
            Function evaluations: 28
            Gradient evaluations: 6
Special HardwareAdaptAnsatz24 selection activated
Checking gate size 1 with block size 24.
Choose gate size 1
Current gradient magnitude: 13591.499848027772
New op index: 15	YIIIIIII	$R_{Y}$[7]
gradient: 25.168058283667243
second_gradient: -3.811710882580095e-16
b: 1.5707963267948966
f: 25.168058283667243
Optimization terminated successfully    (Exit mode 0)
            Current function value: 98.85217115433426
            Iterations: 7
            Function evaluations: 43
            Gradient evaluations: 7
Special HardwareAdaptAnsatz24 selection activated
Checking gate size 1 with block size 24.
Choose gate size 1
Current gradient magnitude: 4888.460405619832
New op index: 14	IYIIIIII	$R_{Y}$[6]
gradient: -0.2857587216729698
second_gradient: 7.350314808506962e-15
b: -1.5707963267949223
f: 0.28575872167296246
Optimization terminated successfully    (Exit mode 0)
            Current function value: 98.27424291974586
            Iterations: 7
            Function evaluations: 51
            Gradient evaluations: 7
Special HardwareAdaptAnsatz24 selection activated
Checking gate size 1 with block size 24.
Choose gate size 1
Current gradient magnitude: 6661.974740171903
New op index: 8	IIIIIIIY	$R_{Y}$[0]
gradient: 25.032314213891418
second_gradient: 0.0033245837786623957
b: 1.570929138477057
f: 25.02898985088454
Optimization terminated successfully    (Exit mode 0)
            Current function value: 48.28074262025974
            Iterations: 10
            Function evaluations: 82
            Gradient evaluations: 10
Special HardwareAdaptAnsatz24 selection activated
Checking gate size 1 with block size 24.
Choose gate size 1
Current gradient magnitude: 1651.5366424172148
New op index: 13	IIYIIIII	$R_{Y}$[5]
gradient: 0.28573458528993
second_gradient: 0.004960361555877526
b: 1.5881546152161752
f: 0.2808172765083582
Optimization terminated successfully    (Exit mode 0)
            Current function value: 47.9974774753976
            Iterations: 2
            Function evaluations: 20
            Gradient evaluations: 2
Special HardwareAdaptAnsatz24 selection activated
Checking gate size 1 with block size 24.
Choose gate size 1
Current gradient magnitude: 1069.1491117353328
New op index: 12	IIIYIIII	$R_{Y}$[4]
gradient: -50.27664204640539
second_gradient: 0.004984628088964717
b: -1.570895470808294
f: 50.27165766541445
Optimization terminated successfully    (Exit mode 0)
            Current function value: -2.2857142853613137
            Iterations: 3
            Function evaluations: 31
            Gradient evaluations: 3
Special HardwareAdaptAnsatz24 selection activated
Checking gate size 1 with block size 24.
Checking gate size 2 with block size 63.
Checking gate size 3 with block size 162.
Checking gate size 4 with block size 405.
Checking gate size 5 with block size 972.
Checking gate size 6 with block size 2187.
Checking gate size 7 with block size 4374.
Checking gate size 8 with block size 6561.
Current gradient magnitude: 0.006247764004756278
New op index: 8	IIIIIIIY	$R_{Y}$[0]
gradient: -0.00013650804708875849
second_gradient: 50.285714285514445
b: -3.1415899389411295
f: 1.8528822920416133e-10
Precision cutoff reached.
Calculating energies for FreeWilson2D(N_x=2, N_y=2, mass=-1.265, r=1.000)
h_im: 0.0
Lets GO!
Special HardwareAdaptAnsatz24 selection activated
Checking gate size 1 with block size 24.
Choose gate size 1
Current gradient magnitude: 21325.06122448978
New op index: 11	IIIIYIII	$R_{Y}$[3]
gradient: -0.3673469387755085
second_gradient: -0.49999999999999956
b: -0.6336330080697434
f: 1.1204383719820497
Optimization terminated successfully    (Exit mode 0)
            Current function value: 199.3795616280178
            Iterations: 1
            Function evaluations: 2
            Gradient evaluations: 1
Special HardwareAdaptAnsatz24 selection activated
Checking gate size 1 with block size 24.
Choose gate size 1
Current gradient magnitude: 26315.784119726224
New op index: 10	IIIIIYII	$R_{Y}$[2]
gradient: 30.37410954325548
second_gradient: -6.938893903907228e-18
b: 1.5707963267948966
f: 30.37410954325548
Optimization terminated successfully    (Exit mode 0)
            Current function value: 149.25538003408846
            Iterations: 5
            Function evaluations: 19
            Gradient evaluations: 5
Special HardwareAdaptAnsatz24 selection activated
Checking gate size 1 with block size 24.
Choose gate size 1
Current gradient magnitude: 9626.518385098998
New op index: 9	IIIIIIYI	$R_{Y}$[1]
gradient: -0.37719907425338883
second_gradient: 0.009925303437229836
b: -1.5971034265789652
f: 0.36740433131988093
Optimization terminated successfully    (Exit mode 0)
            Current function value: 148.63939497966942
            Iterations: 6
            Function evaluations: 29
            Gradient evaluations: 6
Special HardwareAdaptAnsatz24 selection activated
Checking gate size 1 with block size 24.
Choose gate size 1
Current gradient magnitude: 13733.209537622613
New op index: 15	YIIIIIII	$R_{Y}$[7]
gradient: 30.02803774876666
second_gradient: -1.2245999327940455e-14
b: 1.5707963267948961
f: 30.02803774876667
Optimization terminated successfully    (Exit mode 0)
            Current function value: 98.52564848831332
            Iterations: 7
            Function evaluations: 43
            Gradient evaluations: 7
Special HardwareAdaptAnsatz24 selection activated
Checking gate size 1 with block size 24.
Choose gate size 1
Current gradient magnitude: 4889.83080731938
New op index: 14	IYIIIIII	$R_{Y}$[6]
gradient: -0.3673644480013465
second_gradient: 1.100157007577733e-14
b: -1.5707963267949265
f: 0.3673644480013355
Optimization terminated successfully    (Exit mode 0)
            Current function value: 97.90314410859378
            Iterations: 8
            Function evaluations: 56
            Gradient evaluations: 8
Special HardwareAdaptAnsatz24 selection activated
Checking gate size 1 with block size 24.
Choose gate size 1
Current gradient magnitude: 6686.722832977328
New op index: 13	IIYIIIII	$R_{Y}$[5]
gradient: 30.09737838791888
second_gradient: 0.0031166908197252843
b: 1.570899880359211
f: 30.094261858471377
Optimization terminated successfully    (Exit mode 0)
            Current function value: 47.78847288508511
            Iterations: 8
            Function evaluations: 70
            Gradient evaluations: 8
Special HardwareAdaptAnsatz24 selection activated
Checking gate size 1 with block size 24.
Choose gate size 1
Current gradient magnitude: 511.4839897794926
New op index: 12	IIIYIIII	$R_{Y}$[4]
gradient: -0.3698114992311403
second_gradient: 0.009927901319892914
b: -1.5976357229762463
f: 0.36001683534789813
Optimization terminated successfully    (Exit mode 0)
            Current function value: 47.42084480731291
            Iterations: 13
            Function evaluations: 112
            Gradient evaluations: 13
Special HardwareAdaptAnsatz24 selection activated
Checking gate size 1 with block size 24.
Choose gate size 1
Current gradient magnitude: 582.9152019485823
New op index: 8	IIIIIIIY	$R_{Y}$[0]
gradient: 49.53685663003161
second_gradient: 0.004922384925847822
b: 1.5708956949269202
f: 49.53193448966986
Optimization terminated successfully    (Exit mode 0)
            Current function value: -2.938775510195703
            Iterations: 6
            Function evaluations: 61
            Gradient evaluations: 6
Special HardwareAdaptAnsatz24 selection activated
Checking gate size 1 with block size 24.
Checking gate size 2 with block size 63.
Checking gate size 3 with block size 162.
Checking gate size 4 with block size 405.
Checking gate size 5 with block size 972.
Checking gate size 6 with block size 2187.
Checking gate size 7 with block size 4374.
Checking gate size 8 with block size 6561.
Current gradient magnitude: 0.0010971580981226732
New op index: 13	IIYIIIII	$R_{Y}$[5]
gradient: 1.6854174199416978e-05
second_gradient: 50.367346938772734
b: 3.1415923189647788
f: 2.8208546609675977e-12
Precision cutoff reached.
Calculating energies for FreeWilson2D(N_x=2, N_y=2, mass=-1.102, r=1.000)
h_im: 0.0
Lets GO!
Special HardwareAdaptAnsatz24 selection activated
Checking gate size 1 with block size 24.
Choose gate size 1
Current gradient magnitude: 21324.40816326529
New op index: 11	IIIIYIII	$R_{Y}$[3]
gradient: -0.44897959183673253
second_gradient: -0.49999999999999956
b: -0.7316864340942137
f: 1.1719990133072204
Optimization terminated successfully    (Exit mode 0)
            Current function value: 199.32800098669262
            Iterations: 1
            Function evaluations: 2
            Gradient evaluations: 1
Special HardwareAdaptAnsatz24 selection activated
Checking gate size 1 with block size 24.
Choose gate size 1
Current gradient magnitude: 26377.534215146097
New op index: 10	IIIIIYII	$R_{Y}$[2]
gradient: 34.227272628495115
second_gradient: 0.0
b: 1.5707963267948966
f: 34.227272628495115
Optimization terminated successfully    (Exit mode 0)
            Current function value: 149.09213078643688
            Iterations: 5
            Function evaluations: 19
            Gradient evaluations: 5
Special HardwareAdaptAnsatz24 selection activated
Checking gate size 1 with block size 24.
Choose gate size 1
Current gradient magnitude: 9627.586996284648
New op index: 9	IIIIIIYI	$R_{Y}$[1]
gradient: -0.45879948535671466
second_gradient: 0.00990905102261017
b: -1.5923907510059765
f: 0.44899742861758285
Optimization terminated successfully    (Exit mode 0)
            Current function value: 148.42449122644877
            Iterations: 7
            Function evaluations: 32
            Gradient evaluations: 7
Special HardwareAdaptAnsatz24 selection activated
Checking gate size 1 with block size 24.
Choose gate size 1
Current gradient magnitude: 13756.780184485679
New op index: 15	YIIIIIII	$R_{Y}$[7]
gradient: 33.88846884362011
second_gradient: -2.032838733466208e-15
b: 1.5707963267948966
f: 33.88846884362011
Optimization terminated successfully    (Exit mode 0)
            Current function value: 98.19912590679789
            Iterations: 7
            Function evaluations: 43
            Gradient evaluations: 7
Special HardwareAdaptAnsatz24 selection activated
Checking gate size 1 with block size 24.
Choose gate size 1
Current gradient magnitude: 4891.595669059593
New op index: 14	IYIIIIII	$R_{Y}$[6]
gradient: -0.4489913948125661
second_gradient: 3.542607108466937e-16
b: -1.5707963267948974
f: 0.4489913948125658
Optimization terminated successfully    (Exit mode 0)
            Current function value: 97.5250418523916
            Iterations: 7
            Function evaluations: 50
            Gradient evaluations: 7
Special HardwareAdaptAnsatz24 selection activated
Checking gate size 1 with block size 24.
Choose gate size 1
Current gradient magnitude: 6666.256417551738
New op index: 8	IIIIIIIY	$R_{Y}$[0]
gradient: 33.860923936227564
second_gradient: 0.002972039922416332
b: 1.5708840987623829
f: 33.857952026736044
Optimization terminated successfully    (Exit mode 0)
            Current function value: 47.30116678632929
            Iterations: 10
            Function evaluations: 82
            Gradient evaluations: 10
Special HardwareAdaptAnsatz24 selection activated
Checking gate size 1 with block size 24.
Choose gate size 1
Current gradient magnitude: 1657.582455693833
New op index: 13	IIYIIIII	$R_{Y}$[5]
gradient: 0.44899094243682924
second_gradient: 0.004947229219383454
b: 1.5818144310695863
f: 0.44407096803687607
Optimization terminated successfully    (Exit mode 0)
            Current function value: 46.85464893438913
            Iterations: 2
            Function evaluations: 21
            Gradient evaluations: 2
Special HardwareAdaptAnsatz24 selection activated
Checking gate size 1 with block size 24.
Choose gate size 1
Current gradient magnitude: 1066.5450764686564
New op index: 12	IIIYIIII	$R_{Y}$[4]
gradient: -50.44472472649734
second_gradient: 0.004977802494300486
b: -1.5708950051503665
f: 50.43974716960372
Optimization terminated successfully    (Exit mode 0)
            Current function value: -3.591836734490068
            Iterations: 3
            Function evaluations: 31
            Gradient evaluations: 3
Special HardwareAdaptAnsatz24 selection activated
Checking gate size 1 with block size 24.
Checking gate size 2 with block size 63.
Checking gate size 3 with block size 162.
Checking gate size 4 with block size 405.
Checking gate size 5 with block size 972.
Checking gate size 6 with block size 2187.
Checking gate size 7 with block size 4374.
Checking gate size 8 with block size 6561.
Current gradient magnitude: 0.005815717605734625
New op index: 8	IIIIIIIY	$R_{Y}$[0]
gradient: -6.812770834612014e-05
second_gradient: 50.44897959180877
b: -3.1415913031619174
f: 4.600764214046649e-11
Precision cutoff reached.
Calculating energies for FreeWilson2D(N_x=2, N_y=2, mass=-0.939, r=1.000)
h_im: 0.0
Lets GO!
Special HardwareAdaptAnsatz24 selection activated
Checking gate size 1 with block size 24.
Choose gate size 1
Current gradient magnitude: 21327.67346938774
New op index: 11	IIIIYIII	$R_{Y}$[3]
gradient: -0.5306122448979571
second_gradient: -0.49999999999999956
b: -0.8150924030043564
f: 1.229074313383518
Optimization terminated successfully    (Exit mode 0)
            Current function value: 199.27092568661638
            Iterations: 1
            Function evaluations: 2
            Gradient evaluations: 1
Special HardwareAdaptAnsatz24 selection activated
Checking gate size 1 with block size 24.
Choose gate size 1
Current gradient magnitude: 26274.716137483425
New op index: 10	IIIIIYII	$R_{Y}$[2]
gradient: 37.26296140778816
second_gradient: -6.938893903907228e-18
b: 1.5707963267948966
f: 37.26296140778816
Optimization terminated successfully    (Exit mode 0)
            Current function value: 148.92888148691915
            Iterations: 5
            Function evaluations: 19
            Gradient evaluations: 5
Special HardwareAdaptAnsatz24 selection activated
Checking gate size 1 with block size 24.
Choose gate size 1
Current gradient magnitude: 9630.69906230613
New op index: 9	IIIIIIYI	$R_{Y}$[1]
gradient: -0.5404003963272136
second_gradient: 0.009893024487058612
b: -1.5891011237421957
f: 0.5305979192706616
Optimization terminated successfully    (Exit mode 0)
            Current function value: 148.20410680159534
            Iterations: 8
            Function evaluations: 36
            Gradient evaluations: 8
Special HardwareAdaptAnsatz24 selection activated
Checking gate size 1 with block size 24.
Choose gate size 1
Current gradient magnitude: 13706.644975735639
New op index: 15	YIIIIIII	$R_{Y}$[7]
gradient: 36.92469157860966
second_gradient: -4.154483283627535e-15
b: 1.5707963267948966
f: 36.92469157860967
Optimization terminated successfully    (Exit mode 0)
            Current function value: 97.87260328656242
            Iterations: 7
            Function evaluations: 43
            Gradient evaluations: 7
Special HardwareAdaptAnsatz24 selection activated
Checking gate size 1 with block size 24.
Choose gate size 1
Current gradient magnitude: 4894.291787095575
New op index: 14	IYIIIIII	$R_{Y}$[6]
gradient: -0.5306195674197696
second_gradient: 2.508268699465155e-15
b: -1.5707963267949014
f: 0.530619567419767
Optimization terminated successfully    (Exit mode 0)
            Current function value: 97.1414446442818
            Iterations: 6
            Function evaluations: 42
            Gradient evaluations: 6
Special HardwareAdaptAnsatz24 selection activated
Checking gate size 1 with block size 24.
Choose gate size 1
Current gradient magnitude: 6613.343378573951
New op index: 8	IIIIIIIY	$R_{Y}$[0]
gradient: 36.913142012275834
second_gradient: 0.0028400736361454365
b: 1.5708732661578366
f: 36.910302047896415
Optimization terminated successfully    (Exit mode 0)
            Current function value: 46.81137907906975
            Iterations: 10
            Function evaluations: 82
            Gradient evaluations: 10
Special HardwareAdaptAnsatz24 selection activated
Checking gate size 1 with block size 24.
Choose gate size 1
Current gradient magnitude: 1660.5835461208974
New op index: 13	IIYIIIII	$R_{Y}$[5]
gradient: 0.5306366206562458
second_gradient: 0.004936656526595203
b: 1.580099329863042
f: 0.5257229271606704
Optimization terminated successfully    (Exit mode 0)
            Current function value: 46.28323053040457
            Iterations: 2
            Function evaluations: 21
            Gradient evaluations: 2
Special HardwareAdaptAnsatz24 selection activated
Checking gate size 1 with block size 24.
Choose gate size 1
Current gradient magnitude: 1066.7812422505503
New op index: 12	IIIYIIII	$R_{Y}$[4]
gradient: -50.52725424783496
second_gradient: 0.004973964048932891
b: -1.5708947680046341
f: 50.52228052860754
Optimization terminated successfully    (Exit mode 0)
            Current function value: -4.244897958999138
            Iterations: 3
            Function evaluations: 31
            Gradient evaluations: 3
Special HardwareAdaptAnsatz24 selection activated
Checking gate size 1 with block size 24.
Checking gate size 2 with block size 63.
Checking gate size 3 with block size 162.
Checking gate size 4 with block size 405.
Checking gate size 5 with block size 972.
Checking gate size 6 with block size 2187.
Checking gate size 7 with block size 4374.
Checking gate size 8 with block size 6561.
Current gradient magnitude: 0.005463888176038715
New op index: 10	IIIIIYII	$R_{Y}$[2]
gradient: 6.8435845317071e-05
second_gradient: 50.53061224489128
b: 3.14159129924552
f: 4.6341597226273734e-11
Precision cutoff reached.
Calculating energies for FreeWilson2D(N_x=2, N_y=2, mass=-0.776, r=1.000)
h_im: 0.0
Lets GO!
Special HardwareAdaptAnsatz24 selection activated
Checking gate size 1 with block size 24.
Choose gate size 1
Current gradient magnitude: 21337.469387755085
New op index: 11	IIIIYIII	$R_{Y}$[3]
gradient: -0.6122448979591816
second_gradient: -0.49999999999999956
b: -0.885975080852295
f: 1.2904706288516024
Optimization terminated successfully    (Exit mode 0)
            Current function value: 199.20952937114825
            Iterations: 1
            Function evaluations: 2
            Gradient evaluations: 1
Special HardwareAdaptAnsatz24 selection activated
Checking gate size 1 with block size 24.
Choose gate size 1
Current gradient magnitude: 26076.628479888586
New op index: 10	IIIIIYII	$R_{Y}$[2]
gradient: 39.655118562722386
second_gradient: -6.938893903907228e-18
b: 1.5707963267948966
f: 39.655118562722386
Optimization terminated successfully    (Exit mode 0)
            Current function value: 148.76563213578237
            Iterations: 5
            Function evaluations: 19
            Gradient evaluations: 5
Special HardwareAdaptAnsatz24 selection activated
Checking gate size 1 with block size 24.
Choose gate size 1
Current gradient magnitude: 9636.999328014834
New op index: 9	IIIIIIYI	$R_{Y}$[1]
gradient: -0.6220015090394403
second_gradient: 0.009877074043261306
b: -1.5866744940163695
f: 0.6122028515603519
Optimization terminated successfully    (Exit mode 0)
            Current function value: 147.97943411069286
            Iterations: 8
            Function evaluations: 36
            Gradient evaluations: 8
Special HardwareAdaptAnsatz24 selection activated
Checking gate size 1 with block size 24.
Choose gate size 1
Current gradient magnitude: 13613.383625175267
New op index: 15	YIIIIIII	$R_{Y}$[7]
gradient: 39.341964789783205
second_gradient: -1.0083543306414312e-15
b: 1.5707963267948966
f: 39.341964789783205
Optimization terminated successfully    (Exit mode 0)
            Current function value: 97.54608065332145
            Iterations: 7
            Function evaluations: 43
            Gradient evaluations: 7
Special HardwareAdaptAnsatz24 selection activated
Checking gate size 1 with block size 24.
Choose gate size 1
Current gradient magnitude: 4898.968612473989
New op index: 14	IYIIIIII	$R_{Y}$[6]
gradient: -0.6122490610663363
second_gradient: -1.0086096291480069e-15
b: -1.570796326794895
f: 0.6122490610663373
Optimization terminated successfully    (Exit mode 0)
            Current function value: 96.75354514803543
            Iterations: 7
            Function evaluations: 48
            Gradient evaluations: 7
Special HardwareAdaptAnsatz24 selection activated
Checking gate size 1 with block size 24.
Choose gate size 1
Current gradient magnitude: 6545.229559005798
New op index: 13	IIYIIIII	$R_{Y}$[5]
gradient: 39.3161933044486
second_gradient: 0.002804168654416096
b: 1.5708676502983687
f: 39.31338923579575
Optimization terminated successfully    (Exit mode 0)
            Current function value: 46.31912116055234
            Iterations: 8
            Function evaluations: 67
            Gradient evaluations: 8
Special HardwareAdaptAnsatz24 selection activated
Checking gate size 1 with block size 24.
Choose gate size 1
Current gradient magnitude: 518.0806273408583
New op index: 8	IIIIIIIY	$R_{Y}$[0]
gradient: 0.6098082018055919
second_gradient: 0.004941016202839099
b: 1.5788987236858367
f: 0.6048872027494214
Optimization terminated successfully    (Exit mode 0)
            Current function value: 45.711810851621095
            Iterations: 2
            Function evaluations: 21
            Gradient evaluations: 2
Special HardwareAdaptAnsatz24 selection activated
Checking gate size 1 with block size 24.
Choose gate size 1
Current gradient magnitude: 1066.2333474424279
New op index: 12	IIIYIIII	$R_{Y}$[4]
gradient: -50.60940910790249
second_gradient: 0.004940500823730931
b: -1.5708939469982368
f: 50.60446884822512
Optimization terminated successfully    (Exit mode 0)
            Current function value: -4.897959183483738
            Iterations: 2
            Function evaluations: 23
            Gradient evaluations: 2
Special HardwareAdaptAnsatz24 selection activated
Checking gate size 1 with block size 24.
Checking gate size 2 with block size 63.
Checking gate size 3 with block size 162.
Checking gate size 4 with block size 405.
Checking gate size 5 with block size 972.
Checking gate size 6 with block size 2187.
Checking gate size 7 with block size 4374.
Checking gate size 8 with block size 6561.
Current gradient magnitude: 0.005086374274904104
New op index: 15	YIIIIIII	$R_{Y}$[7]
gradient: 7.565864007926689e-05
second_gradient: 50.61224489797052
b: 3.1415911587215013
f: 5.6552096339146374e-11
Precision cutoff reached.
Calculating energies for FreeWilson2D(N_x=2, N_y=2, mass=-0.612, r=1.000)
h_im: 0.0
Lets GO!
Special HardwareAdaptAnsatz24 selection activated
Checking gate size 1 with block size 24.
Choose gate size 1
Current gradient magnitude: 21347.265306122434
New op index: 11	IIIIYIII	$R_{Y}$[3]
gradient: -0.693877551020406
second_gradient: -0.49999999999999956
b: -0.9463859771682548
f: 1.355257888481641
Optimization terminated successfully    (Exit mode 0)
            Current function value: 199.14474211151818
            Iterations: 1
            Function evaluations: 2
            Gradient evaluations: 1
Special HardwareAdaptAnsatz24 selection activated
Checking gate size 1 with block size 24.
Choose gate size 1
Current gradient magnitude: 25826.88418939438
New op index: 10	IIIIIYII	$R_{Y}$[2]
gradient: 41.55158611078234
second_gradient: 0.0
b: 1.5707963267948966
f: 41.55158611078234
Optimization terminated successfully    (Exit mode 0)
            Current function value: 148.60238320486263
            Iterations: 4
            Function evaluations: 16
            Gradient evaluations: 4
Special HardwareAdaptAnsatz24 selection activated
Checking gate size 1 with block size 24.
Choose gate size 1
Current gradient magnitude: 9641.671124998806
New op index: 9	IIIIIIYI	$R_{Y}$[1]
gradient: -0.7034688043562611
second_gradient: 0.009793024769914586
b: -1.5847164781472103
f: 0.6937439408804852
Optimization terminated successfully    (Exit mode 0)
            Current function value: 147.7514010848216
            Iterations: 6
            Function evaluations: 28
            Gradient evaluations: 6
Special HardwareAdaptAnsatz24 selection activated
Checking gate size 1 with block size 24.
Choose gate size 1
Current gradient magnitude: 13497.470464254668
New op index: 15	YIIIIIII	$R_{Y}$[7]
gradient: 41.24136426175429
second_gradient: -5.896199587034687e-16
b: 1.5707963267948966
f: 41.24136426175429
Optimization terminated successfully    (Exit mode 0)
            Current function value: 97.21955799602875
            Iterations: 7
            Function evaluations: 43
            Gradient evaluations: 7
Special HardwareAdaptAnsatz24 selection activated
Checking gate size 1 with block size 24.
Choose gate size 1
Current gradient magnitude: 4903.65455437389
New op index: 14	IYIIIIII	$R_{Y}$[6]
gradient: -0.6938798391756791
second_gradient: -2.897454656617038e-16
b: -1.5707963267948961
f: 0.6938798391756794
Optimization terminated successfully    (Exit mode 0)
            Current function value: 96.36227642197578
            Iterations: 7
            Function evaluations: 50
            Gradient evaluations: 7
Special HardwareAdaptAnsatz24 selection activated
Checking gate size 1 with block size 24.
Choose gate size 1
Current gradient magnitude: 6472.235107242718
New op index: 13	IIYIIIII	$R_{Y}$[5]
gradient: 41.22584010574475
second_gradient: 0.0027450990742032833
b: 1.5708629136506915
f: 41.223095098064306
Optimization terminated successfully    (Exit mode 0)
            Current function value: 45.829337172666094
            Iterations: 6
            Function evaluations: 53
            Gradient evaluations: 6
Special HardwareAdaptAnsatz24 selection activated
Checking gate size 1 with block size 24.
Choose gate size 1
Current gradient magnitude: 520.2514148356099
New op index: 8	IIIIIIIY	$R_{Y}$[0]
gradient: 0.6914453813787134
second_gradient: 0.004931722945221288
b: 1.5779286895977793
f: 0.6865312459266937
Optimization terminated successfully    (Exit mode 0)
            Current function value: 45.14039036789499
            Iterations: 2
            Function evaluations: 21
            Gradient evaluations: 2
Special HardwareAdaptAnsatz24 selection activated
Checking gate size 1 with block size 24.
Choose gate size 1
Current gradient magnitude: 1067.6192135284368
New op index: 12	IIIYIIII	$R_{Y}$[4]
gradient: -50.69145055372415
second_gradient: 0.004932916284767369
b: -1.5708936393834163
f: 50.686517877456815
Optimization terminated successfully    (Exit mode 0)
            Current function value: -5.551020407959924
            Iterations: 2
            Function evaluations: 23
            Gradient evaluations: 2
Special HardwareAdaptAnsatz24 selection activated
Checking gate size 1 with block size 24.
Checking gate size 2 with block size 63.
Checking gate size 3 with block size 162.
Checking gate size 4 with block size 405.
Checking gate size 5 with block size 972.
Checking gate size 6 with block size 2187.
Checking gate size 7 with block size 4374.
Checking gate size 8 with block size 6561.
Current gradient magnitude: 0.005090750099716364
New op index: 15	YIIIIIII	$R_{Y}$[7]
gradient: 8.136737268756707e-05
second_gradient: 50.6938775510385
b: 3.1415910485168217
f: 6.529887741635321e-11
Precision cutoff reached.
Calculating energies for FreeWilson2D(N_x=2, N_y=2, mass=-0.449, r=1.000)
h_im: 0.0
Lets GO!
Special HardwareAdaptAnsatz24 selection activated
Checking gate size 1 with block size 24.
Choose gate size 1
Current gradient magnitude: 21357.061224489782
New op index: 11	IIIIYIII	$R_{Y}$[3]
gradient: -0.7755102040816306
second_gradient: -0.49999999999999956
b: -0.9981299440890578
f: 1.4227221015206752
Optimization terminated successfully    (Exit mode 0)
            Current function value: 199.07727789847885
            Iterations: 1
            Function evaluations: 2
            Gradient evaluations: 1
Special HardwareAdaptAnsatz24 selection activated
Checking gate size 1 with block size 24.
Choose gate size 1
Current gradient magnitude: 25554.48867908719
New op index: 10	IIIIIYII	$R_{Y}$[2]
gradient: 43.06940360900405
second_gradient: -6.938893903907228e-18
b: 1.5707963267948966
f: 43.06940360900405
Optimization terminated successfully    (Exit mode 0)
            Current function value: 148.4391336097362
            Iterations: 4
            Function evaluations: 16
            Gradient evaluations: 4
Special HardwareAdaptAnsatz24 selection activated
Checking gate size 1 with block size 24.
Choose gate size 1
Current gradient magnitude: 9648.241427009581
New op index: 9	IIIIIIYI	$R_{Y}$[1]
gradient: -0.7850923238228422
second_gradient: 0.009788361237207359
b: -1.5832634644824186
f: 0.7753649797995996
Optimization terminated successfully    (Exit mode 0)
            Current function value: 147.52071900553486
            Iterations: 6
            Function evaluations: 27
            Gradient evaluations: 6
Special HardwareAdaptAnsatz24 selection activated
Checking gate size 1 with block size 24.
Choose gate size 1
Current gradient magnitude: 13372.015757031084
New op index: 15	YIIIIIII	$R_{Y}$[7]
gradient: 42.75965728027104
second_gradient: 4.3156329570141904e-15
b: 1.5707963267948968
f: 42.759657280271036
Optimization terminated successfully    (Exit mode 0)
            Current function value: 96.89303531336495
            Iterations: 4
            Function evaluations: 30
            Gradient evaluations: 4
Special HardwareAdaptAnsatz24 selection activated
Checking gate size 1 with block size 24.
Choose gate size 1
Current gradient magnitude: 4908.347427336732
New op index: 14	IYIIIIII	$R_{Y}$[6]
gradient: -0.7755111659224241
second_gradient: 2.902079596799691e-15
b: -1.5707963267949003
f: 0.7755111659224212
Optimization terminated successfully    (Exit mode 0)
            Current function value: 95.96835106224947
            Iterations: 8
            Function evaluations: 56
            Gradient evaluations: 8
Special HardwareAdaptAnsatz24 selection activated
Checking gate size 1 with block size 24.
Choose gate size 1
Current gradient magnitude: 6396.098608738368
New op index: 8	IIIIIIIY	$R_{Y}$[0]
gradient: 42.74648380681709
second_gradient: 0.00269687824772327
b: 1.5708594168552705
f: 42.74378701364247
Optimization terminated successfully    (Exit mode 0)
            Current function value: 45.34201490531207
            Iterations: 5
            Function evaluations: 44
            Gradient evaluations: 5
Special HardwareAdaptAnsatz24 selection activated
Checking gate size 1 with block size 24.
Choose gate size 1
Current gradient magnitude: 1669.721905541136
New op index: 12	IIIYIIII	$R_{Y}$[4]
gradient: -0.7755120736952605
second_gradient: 0.004924244858959524
b: -1.5771459103133654
f: 0.7706034623408247
Optimization terminated successfully    (Exit mode 0)
            Current function value: 44.5689524809494
            Iterations: 4
            Function evaluations: 38
            Gradient evaluations: 4
Special HardwareAdaptAnsatz24 selection activated
Checking gate size 1 with block size 24.
Choose gate size 1
Current gradient magnitude: 950.8699421183197
New op index: 13	IIYIIIII	$R_{Y}$[5]
gradient: 50.77439339182322
second_gradient: 0.004917642521197598
b: 1.5708931796015442
f: 50.76947598744576
Optimization terminated successfully    (Exit mode 0)
            Current function value: -6.204081632561016
            Iterations: 2
            Function evaluations: 23
            Gradient evaluations: 2
Special HardwareAdaptAnsatz24 selection activated
Checking gate size 1 with block size 24.
Checking gate size 2 with block size 63.
Checking gate size 3 with block size 162.
Checking gate size 4 with block size 405.
Checking gate size 5 with block size 972.
Checking gate size 6 with block size 2187.
Checking gate size 7 with block size 4374.
Checking gate size 8 with block size 6561.
Current gradient magnitude: 0.003243051539970293
New op index: 62	IIIZYIII	$R_{YZ}$[3, 4]
gradient: 7.385594497996443e-05
second_gradient: 50.77551020406138
b: 3.1415911990313914
f: 5.3717030823463574e-11
Precision cutoff reached.
Calculating energies for FreeWilson2D(N_x=2, N_y=2, mass=-0.286, r=1.000)
h_im: 0.0
Lets GO!
Special HardwareAdaptAnsatz24 selection activated
Checking gate size 1 with block size 24.
Choose gate size 1
Current gradient magnitude: 21366.857142857127
New op index: 11	IIIIYIII	$R_{Y}$[3]
gradient: -0.8571428571428547
second_gradient: -0.49999999999999956
b: -1.0427218783685361
f: 1.4923174278178404
Optimization terminated successfully    (Exit mode 0)
            Current function value: 199.00768257218203
            Iterations: 1
            Function evaluations: 2
            Gradient evaluations: 1
Special HardwareAdaptAnsatz24 selection activated
Checking gate size 1 with block size 24.
Choose gate size 1
Current gradient magnitude: 25277.046929956065
New op index: 10	IIIIIYII	$R_{Y}$[2]
gradient: 44.29802341482651
second_gradient: 0.0
b: 1.5707963267948966
f: 44.29802341482651
Optimization terminated successfully    (Exit mode 0)
            Current function value: 148.27588377695403
            Iterations: 4
            Function evaluations: 16
            Gradient evaluations: 4
Special HardwareAdaptAnsatz24 selection activated
Checking gate size 1 with block size 24.
Choose gate size 1
Current gradient magnitude: 9655.807507819021
New op index: 12	IIIYIIII	$R_{Y}$[4]
gradient: -0.8667975215459136
second_gradient: 0.009825340847831461
b: -1.5821310616387472
f: 0.8570278651108906
Optimization terminated successfully    (Exit mode 0)
            Current function value: 147.28827144485868
            Iterations: 5
            Function evaluations: 24
            Gradient evaluations: 5
Special HardwareAdaptAnsatz24 selection activated
Checking gate size 1 with block size 24.
Choose gate size 1
Current gradient magnitude: 10925.703772033741
New op index: 15	YIIIIIII	$R_{Y}$[7]
gradient: 44.021303602859305
second_gradient: 4.387478064716475e-15
b: 1.5707963267948968
f: 44.0213036028593
Optimization terminated successfully    (Exit mode 0)
            Current function value: 96.56651308064522
            Iterations: 4
            Function evaluations: 30
            Gradient evaluations: 4
Special HardwareAdaptAnsatz24 selection activated
Checking gate size 1 with block size 24.
Choose gate size 1
Current gradient magnitude: 3669.6688455235435
New op index: 14	IYIIIIII	$R_{Y}$[6]
gradient: -0.8571436901269465
second_gradient: -6.412575833778248e-15
b: -1.5707963267948892
f: 0.8571436901269529
Optimization terminated successfully    (Exit mode 0)
            Current function value: 95.5726561594496
            Iterations: 8
            Function evaluations: 54
            Gradient evaluations: 8
Special HardwareAdaptAnsatz24 selection activated
Checking gate size 1 with block size 24.
Choose gate size 1
Current gradient magnitude: 5076.989044907796
New op index: 8	IIIIIIIY	$R_{Y}$[0]
gradient: 44.00169021616671
second_gradient: 0.0
b: 1.5707963267948966
f: 44.00169021616671
Optimization terminated successfully    (Exit mode 0)
            Current function value: 44.849769560535194
            Iterations: 4
            Function evaluations: 38
            Gradient evaluations: 4
Special HardwareAdaptAnsatz24 selection activated
Checking gate size 1 with block size 24.
Choose gate size 1
Current gradient magnitude: 737.9207527349872
New op index: 9	IIIIIIYI	$R_{Y}$[1]
gradient: -0.8547278327444445
second_gradient: 0.004915514214268121
b: -1.5765472334995683
f: 0.8498264529009577
Optimization terminated successfully    (Exit mode 0)
            Current function value: 43.997528351541206
            Iterations: 4
            Function evaluations: 38
            Gradient evaluations: 4
Special HardwareAdaptAnsatz24 selection activated
Checking gate size 1 with block size 24.
Choose gate size 1
Current gradient magnitude: 950.5231727549373
New op index: 13	IIYIIIII	$R_{Y}$[5]
gradient: 50.856594688905226
second_gradient: 0.004954206367548094
b: 1.5708937420147355
f: 50.85164072384523
Optimization terminated successfully    (Exit mode 0)
            Current function value: -6.857142857086992
            Iterations: 2
            Function evaluations: 23
            Gradient evaluations: 2
Special HardwareAdaptAnsatz24 selection activated
Checking gate size 1 with block size 24.
Checking gate size 2 with block size 63.
Checking gate size 3 with block size 162.
Checking gate size 4 with block size 405.
Checking gate size 5 with block size 972.
Checking gate size 6 with block size 2187.
Checking gate size 7 with block size 4374.
Checking gate size 8 with block size 6561.
Current gradient magnitude: 0.0023916335316593097
New op index: 62	IIIZYIII	$R_{YZ}$[3, 4]
gradient: 5.813692473147963e-05
second_gradient: 50.85714285712922
b: 3.141591510448015
f: 3.3232083751499886e-11
Precision cutoff reached.
Calculating energies for FreeWilson2D(N_x=2, N_y=2, mass=-0.122, r=1.000)
h_im: 0.0
Lets GO!
Special HardwareAdaptAnsatz24 selection activated
Checking gate size 1 with block size 24.
Choose gate size 1
Current gradient magnitude: 21376.65306122447
New op index: 11	IIIIYIII	$R_{Y}$[3]
gradient: -0.9387755102040791
second_gradient: -0.49999999999999956
b: -1.081403334567038
f: 1.5636256195480287
Optimization terminated successfully    (Exit mode 0)
            Current function value: 198.93637438045155
            Iterations: 1
            Function evaluations: 2
            Gradient evaluations: 1
Special HardwareAdaptAnsatz24 selection activated
Checking gate size 1 with block size 24.
Choose gate size 1
Current gradient magnitude: 25004.81972499263
New op index: 10	IIIIIYII	$R_{Y}$[2]
gradient: 45.30473910015223
second_gradient: -6.938893903907228e-18
b: 1.5707963267948966
f: 45.30473910015223
Optimization terminated successfully    (Exit mode 0)
            Current function value: 148.11263432851075
            Iterations: 4
            Function evaluations: 15
            Gradient evaluations: 4
Special HardwareAdaptAnsatz24 selection activated
Checking gate size 1 with block size 24.
Choose gate size 1
Current gradient magnitude: 9661.433577390551
New op index: 12	IIIYIIII	$R_{Y}$[4]
gradient: -0.9483435904191657
second_gradient: 0.009781188441847877
b: -1.5811099322522135
f: 0.9386128420836766
Optimization terminated successfully    (Exit mode 0)
            Current function value: 147.053746602606
            Iterations: 5
            Function evaluations: 24
            Gradient evaluations: 5
Special HardwareAdaptAnsatz24 selection activated
Checking gate size 1 with block size 24.
Choose gate size 1
Current gradient magnitude: 10831.799362426582
New op index: 15	YIIIIIII	$R_{Y}$[7]
gradient: 45.022681957060705
second_gradient: 6.353277230349123e-15
b: 1.5707963267948968
f: 45.0226819570607
Optimization terminated successfully    (Exit mode 0)
            Current function value: 96.23999034520595
            Iterations: 6
            Function evaluations: 38
            Gradient evaluations: 6
Special HardwareAdaptAnsatz24 selection activated
Checking gate size 1 with block size 24.
Choose gate size 1
Current gradient magnitude: 3673.8988106230977
New op index: 14	IYIIIIII	$R_{Y}$[6]
gradient: -0.9387762565650632
second_gradient: 4.402529743746677e-15
b: -1.5707963267949012
f: 0.9387762565650588
Optimization terminated successfully    (Exit mode 0)
            Current function value: 95.17487976901714
            Iterations: 9
            Function evaluations: 62
            Gradient evaluations: 9
Special HardwareAdaptAnsatz24 selection activated
Checking gate size 1 with block size 24.
Choose gate size 1
Current gradient magnitude: 5024.805361626147
New op index: 8	IIIIIIIY	$R_{Y}$[0]
gradient: 45.019337050072096
second_gradient: 0.0
b: 1.5707963267948966
f: 45.019337050072096
Optimization terminated successfully    (Exit mode 0)
            Current function value: 44.359985459084996
            Iterations: 7
            Function evaluations: 56
            Gradient evaluations: 7
Special HardwareAdaptAnsatz24 selection activated
Checking gate size 1 with block size 24.
Choose gate size 1
Current gradient magnitude: 740.4128854522617
New op index: 9	IIIIIIYI	$R_{Y}$[1]
gradient: -0.9363729740581448
second_gradient: 0.004907712012044321
b: -1.5760374723750095
f: 0.9314781230921013
Optimization terminated successfully    (Exit mode 0)
            Current function value: 43.426094672382185
            Iterations: 8
            Function evaluations: 71
            Gradient evaluations: 8
Special HardwareAdaptAnsatz24 selection activated
Checking gate size 1 with block size 24.
Choose gate size 1
Current gradient magnitude: 943.2050113771494
New op index: 13	IIYIIIII	$R_{Y}$[5]
gradient: 50.94000251498801
second_gradient: 0.004953720736406528
b: 1.5708935729762123
f: 50.93504903511681
Optimization terminated successfully    (Exit mode 0)
            Current function value: -7.510204081630116
            Iterations: 2
            Function evaluations: 23
            Gradient evaluations: 2
Special HardwareAdaptAnsatz24 selection activated
Checking gate size 1 with block size 24.
Checking gate size 2 with block size 63.
Checking gate size 3 with block size 162.
Checking gate size 4 with block size 405.
Checking gate size 5 with block size 972.
Checking gate size 6 with block size 2187.
Checking gate size 7 with block size 4374.
Checking gate size 8 with block size 6561.
Current gradient magnitude: 0.0004207535727589938
New op index: 15	YIIIIIII	$R_{Y}$[7]
gradient: -1.3439420146441909e-05
second_gradient: 50.938775510202426
b: -3.1415923897550226
f: 1.7692514120426495e-12
Precision cutoff reached.
Calculating energies for FreeWilson2D(N_x=2, N_y=2, mass=0.041, r=1.000)
h_im: 0.0
Lets GO!
Special HardwareAdaptAnsatz24 selection activated
Checking gate size 1 with block size 24.
Choose gate size 1
Current gradient magnitude: 21386.44897959182
New op index: 11	IIIIYIII	$R_{Y}$[3]
gradient: -1.0204081632653037
second_gradient: -0.49999999999999956
b: -1.1151806735836716
f: 1.6363242581492614
Optimization terminated successfully    (Exit mode 0)
            Current function value: 198.86367574185059
            Iterations: 1
            Function evaluations: 2
            Gradient evaluations: 1
Special HardwareAdaptAnsatz24 selection activated
Checking gate size 1 with block size 24.
Choose gate size 1
Current gradient magnitude: 24743.4692534574
New op index: 10	IIIIIYII	$R_{Y}$[2]
gradient: 46.139930866027605
second_gradient: -2.7755575615628914e-17
b: 1.5707963267948966
f: 46.139930866027605
Optimization terminated successfully    (Exit mode 0)
            Current function value: 147.94938464314
            Iterations: 4
            Function evaluations: 15
            Gradient evaluations: 4
Special HardwareAdaptAnsatz24 selection activated
Checking gate size 1 with block size 24.
Choose gate size 1
Current gradient magnitude: 9668.119615492364
New op index: 9	IIIIIIYI	$R_{Y}$[1]
gradient: -1.029976587033782
second_gradient: 0.009781364026100182
b: -1.5802927271154315
f: 1.0202416672309533
Optimization terminated successfully    (Exit mode 0)
            Current function value: 146.81760277449033
            Iterations: 5
            Function evaluations: 25
            Gradient evaluations: 5
Special HardwareAdaptAnsatz24 selection activated
Checking gate size 1 with block size 24.
Choose gate size 1
Current gradient magnitude: 12995.086042088766
New op index: 15	YIIIIIII	$R_{Y}$[7]
gradient: 45.84582732830394
second_gradient: -2.7769452543438992e-15
b: 1.5707963267948966
f: 45.84582732830394
Optimization terminated successfully    (Exit mode 0)
            Current function value: 95.91346711401778
            Iterations: 7
            Function evaluations: 42
            Gradient evaluations: 7
Special HardwareAdaptAnsatz24 selection activated
Checking gate size 1 with block size 24.
Choose gate size 1
Current gradient magnitude: 4922.451712516947
New op index: 14	IYIIIIII	$R_{Y}$[6]
gradient: -1.0204089261196927
second_gradient: 4.3988174246729915e-15
b: -1.570796326794901
f: 1.0204089261196883
Optimization terminated successfully    (Exit mode 0)
            Current function value: 94.77548238500123
            Iterations: 9
            Function evaluations: 60
            Gradient evaluations: 9
Special HardwareAdaptAnsatz24 selection activated
Checking gate size 1 with block size 24.
Choose gate size 1
Current gradient magnitude: 6180.86213326395
New op index: 8	IIIIIIIY	$R_{Y}$[0]
gradient: 45.835710671808336
second_gradient: 0.0025959778303231307
b: 1.5708529633734398
f: 45.833114767491665
Optimization terminated successfully    (Exit mode 0)
            Current function value: 43.87265082996485
            Iterations: 9
            Function evaluations: 75
            Gradient evaluations: 9
Special HardwareAdaptAnsatz24 selection activated
Checking gate size 1 with block size 24.
Choose gate size 1
Current gradient magnitude: 1678.7309004687863
New op index: 13	IIYIIIII	$R_{Y}$[5]
gradient: 1.0204177765028248
second_gradient: 0.004897405665099084
b: 1.5755957022816083
f: 1.015532123104633
Optimization terminated successfully    (Exit mode 0)
            Current function value: 42.85466812583513
            Iterations: 6
            Function evaluations: 55
            Gradient evaluations: 6
Special HardwareAdaptAnsatz24 selection activated
Checking gate size 1 with block size 24.
Choose gate size 1
Current gradient magnitude: 1066.0765198208708
New op index: 12	IIIYIIII	$R_{Y}$[4]
gradient: -51.02163239163136
second_gradient: 0.0049481323720985595
b: -1.570893307862037
f: 51.016684499196835
Optimization terminated successfully    (Exit mode 0)
            Current function value: -8.163265306119678
            Iterations: 2
            Function evaluations: 23
            Gradient evaluations: 2
Special HardwareAdaptAnsatz24 selection activated
Checking gate size 1 with block size 24.
Checking gate size 2 with block size 63.
Checking gate size 3 with block size 162.
Checking gate size 4 with block size 405.
Checking gate size 5 with block size 972.
Checking gate size 6 with block size 2187.
Checking gate size 7 with block size 4374.
Checking gate size 8 with block size 6561.
Current gradient magnitude: 0.0005941778785413013
New op index: 11	IIIIYIII	$R_{Y}$[3]
gradient: 1.078379925571143e-05
second_gradient: 51.02040816326486
b: 3.141592442227328
f: 1.1439738045737613e-12
Precision cutoff reached.
Calculating energies for FreeWilson2D(N_x=2, N_y=2, mass=0.204, r=1.000)
h_im: 0.0
Lets GO!
Special HardwareAdaptAnsatz24 selection activated
Checking gate size 1 with block size 24.
Choose gate size 1
Current gradient magnitude: 21396.244897959165
New op index: 11	IIIIYIII	$R_{Y}$[3]
gradient: -1.1020408163265283
second_gradient: -0.49999999999999956
b: -1.1448666702609542
f: 1.7101627827898358
Optimization terminated successfully    (Exit mode 0)
            Current function value: 198.78983721721002
            Iterations: 1
            Function evaluations: 2
            Gradient evaluations: 1
Special HardwareAdaptAnsatz24 selection activated
Checking gate size 1 with block size 24.
Choose gate size 1
Current gradient magnitude: 24495.835277656963
New op index: 10	IIIIIYII	$R_{Y}$[2]
gradient: 46.84137572523941
second_gradient: 0.0
b: 1.5707963267948966
f: 46.84137572523941
Optimization terminated successfully    (Exit mode 0)
            Current function value: 147.78613497864853
            Iterations: 4
            Function evaluations: 15
            Gradient evaluations: 4
Special HardwareAdaptAnsatz24 selection activated
Checking gate size 1 with block size 24.
Choose gate size 1
Current gradient magnitude: 9674.494926333882
New op index: 12	IIIYIIII	$R_{Y}$[4]
gradient: -1.1115841709872605
second_gradient: 0.009768543343060088
b: -1.579584048086044
f: 1.101858549538577
Optimization terminated successfully    (Exit mode 0)
            Current function value: 146.58085460694883
            Iterations: 5
            Function evaluations: 25
            Gradient evaluations: 5
Special HardwareAdaptAnsatz24 selection activated
Checking gate size 1 with block size 24.
Choose gate size 1
Current gradient magnitude: 10652.632621419949
New op index: 15	YIIIIIII	$R_{Y}$[7]
gradient: 46.56795043408958
second_gradient: 3.3833799773990715e-16
b: 1.5707963267948966
f: 46.56795043408958
Optimization terminated successfully    (Exit mode 0)
            Current function value: 95.58694479944985
            Iterations: 6
            Function evaluations: 38
            Gradient evaluations: 6
Special HardwareAdaptAnsatz24 selection activated
Checking gate size 1 with block size 24.
Choose gate size 1
Current gradient magnitude: 3682.3646051515184
New op index: 14	IYIIIIII	$R_{Y}$[6]
gradient: -1.1020440082042384
second_gradient: -8.225611915428966e-15
b: -1.5707963267948892
f: 1.1020440082042466
Optimization terminated successfully    (Exit mode 0)
            Current function value: 94.37547858764077
            Iterations: 9
            Function evaluations: 60
            Gradient evaluations: 9
Special HardwareAdaptAnsatz24 selection activated
Checking gate size 1 with block size 24.
Choose gate size 1
Current gradient magnitude: 4926.474898027661
New op index: 8	IIIIIIIY	$R_{Y}$[0]
gradient: 46.56765479469836
second_gradient: 0.0
b: 1.5707963267948966
f: 46.56765479469836
Optimization terminated successfully    (Exit mode 0)
            Current function value: 43.38041713883855
            Iterations: 7
            Function evaluations: 56
            Gradient evaluations: 7
Special HardwareAdaptAnsatz24 selection activated
Checking gate size 1 with block size 24.
Choose gate size 1
Current gradient magnitude: 745.4548323580909
New op index: 9	IIIIIIYI	$R_{Y}$[1]
gradient: -1.099646820072465
second_gradient: 0.004892054995446705
b: -1.5752450485417488
f: 1.0947656467906874
Optimization terminated successfully    (Exit mode 0)
            Current function value: 42.28324156386334
            Iterations: 7
            Function evaluations: 63
            Gradient evaluations: 7
Special HardwareAdaptAnsatz24 selection activated
Checking gate size 1 with block size 24.
Choose gate size 1
Current gradient magnitude: 946.4497598243693
New op index: 13	IIYIIIII	$R_{Y}$[5]
gradient: 51.103264116374234
second_gradient: 0.0049512360564329325
b: 1.5708932136792582
f: 51.09831312017271
Optimization terminated successfully    (Exit mode 0)
            Current function value: -8.816326530609254
            Iterations: 2
            Function evaluations: 23
            Gradient evaluations: 2
Special HardwareAdaptAnsatz24 selection activated
Checking gate size 1 with block size 24.
Checking gate size 2 with block size 63.
Checking gate size 3 with block size 162.
Checking gate size 4 with block size 405.
Checking gate size 5 with block size 972.
Checking gate size 6 with block size 2187.
Checking gate size 7 with block size 4374.
Checking gate size 8 with block size 6561.
Current gradient magnitude: 0.0005184435132037933
New op index: 15	YIIIIIII	$R_{Y}$[7]
gradient: -1.2612317009410993e-05
second_gradient: 51.10204081632386
b: -3.1415924067832703
f: 1.5560885913146194e-12
Precision cutoff reached.
Calculating energies for FreeWilson2D(N_x=2, N_y=2, mass=0.367, r=1.000)
h_im: 0.0
Lets GO!
Special HardwareAdaptAnsatz24 selection activated
Checking gate size 1 with block size 24.
Choose gate size 1
Current gradient magnitude: 21406.040816326513
New op index: 11	IIIIYIII	$R_{Y}$[3]
gradient: -1.1836734693877522
second_gradient: -0.49999999999999956
b: -1.171118257605928
f: 1.7849447000289298
Optimization terminated successfully    (Exit mode 0)
            Current function value: 198.71505529997057
            Iterations: 1
            Function evaluations: 2
            Gradient evaluations: 1
Special HardwareAdaptAnsatz24 selection activated
Checking gate size 1 with block size 24.
Choose gate size 1
Current gradient magnitude: 24263.056647650716
New op index: 10	IIIIIYII	$R_{Y}$[2]
gradient: 47.4375499732166
second_gradient: 2.7755575615628914e-17
b: 1.5707963267948966
f: 47.4375499732166
Optimization terminated successfully    (Exit mode 0)
            Current function value: 147.62288526146835
            Iterations: 4
            Function evaluations: 15
            Gradient evaluations: 4
Special HardwareAdaptAnsatz24 selection activated
Checking gate size 1 with block size 24.
Choose gate size 1
Current gradient magnitude: 9680.922490056651
New op index: 9	IIIIIIYI	$R_{Y}$[1]
gradient: -1.193196051153508
second_gradient: 0.009757907034857042
b: -1.5789741023592287
f: 1.183478043327864
Optimization terminated successfully    (Exit mode 0)
            Current function value: 146.34272689686233
            Iterations: 5
            Function evaluations: 25
            Gradient evaluations: 5
Special HardwareAdaptAnsatz24 selection activated
Checking gate size 1 with block size 24.
Choose gate size 1
Current gradient magnitude: 12768.218795872697
New op index: 15	YIIIIIII	$R_{Y}$[7]
gradient: 47.1520074041525
second_gradient: -2.3636024718382368e-15
b: 1.5707963267948966
f: 47.1520074041525
Optimization terminated successfully    (Exit mode 0)
            Current function value: 95.2604215220976
            Iterations: 7
            Function evaluations: 42
            Gradient evaluations: 7
Special HardwareAdaptAnsatz24 selection activated
Checking gate size 1 with block size 24.
Choose gate size 1
Current gradient magnitude: 4931.857782386856
New op index: 14	IYIIIIII	$R_{Y}$[6]
gradient: -1.1836742211797784
second_gradient: -3.009376716436936e-15
b: -1.5707963267948941
f: 1.1836742211797815
Optimization terminated successfully    (Exit mode 0)
            Current function value: 93.9740933089092
            Iterations: 7
            Function evaluations: 48
            Gradient evaluations: 7
Special HardwareAdaptAnsatz24 selection activated
Checking gate size 1 with block size 24.
Choose gate size 1
Current gradient magnitude: 6056.926178787568
New op index: 13	IIYIIIII	$R_{Y}$[5]
gradient: 47.14809387831946
second_gradient: 0.0025749042303181437
b: 1.570850939908937
f: 47.14551904440091
Optimization terminated successfully    (Exit mode 0)
            Current function value: 42.8906324587492
            Iterations: 8
            Function evaluations: 66
            Gradient evaluations: 8
Special HardwareAdaptAnsatz24 selection activated
Checking gate size 1 with block size 24.
Choose gate size 1
Current gradient magnitude: 533.4528356044284
New op index: 8	IIIIIIIY	$R_{Y}$[0]
gradient: 1.1812912085556704
second_gradient: 0.004888473951465681
b: 1.5749345494542835
f: 1.1764128494154773
Optimization terminated successfully    (Exit mode 0)
            Current function value: 41.711814963878616
            Iterations: 6
            Function evaluations: 55
            Gradient evaluations: 6
Special HardwareAdaptAnsatz24 selection activated
Checking gate size 1 with block size 24.
Choose gate size 1
Current gradient magnitude: 1069.3482620771392
New op index: 12	IIIYIIII	$R_{Y}$[4]
gradient: -51.18489921948629
second_gradient: 0.00495134541888542
b: -1.570893061290401
f: 51.17994811355036
Optimization terminated successfully    (Exit mode 0)
            Current function value: -9.46938775510028
            Iterations: 2
            Function evaluations: 23
            Gradient evaluations: 2
Special HardwareAdaptAnsatz24 selection activated
Checking gate size 1 with block size 24.
Checking gate size 2 with block size 63.
Checking gate size 3 with block size 162.
Checking gate size 4 with block size 405.
Checking gate size 5 with block size 972.
Checking gate size 6 with block size 2187.
Checking gate size 7 with block size 4374.
Checking gate size 8 with block size 6561.
Current gradient magnitude: 0.00045533615619634235
New op index: 14	IYIIIIII	$R_{Y}$[6]
gradient: 1.022157846905794e-05
second_gradient: 51.18367346938677
b: 3.1415924538859077
f: 1.0231815394945443e-12
Precision cutoff reached.
Calculating energies for FreeWilson2D(N_x=2, N_y=2, mass=0.531, r=1.000)
h_im: 0.0
Lets GO!
Special HardwareAdaptAnsatz24 selection activated
Checking gate size 1 with block size 24.
Choose gate size 1
Current gradient magnitude: 21415.83673469386
New op index: 11	IIIIYIII	$R_{Y}$[3]
gradient: -1.2653061224489768
second_gradient: -0.49999999999999956
b: -1.1944681983485728
f: 1.8605144554567818
Optimization terminated successfully    (Exit mode 0)
            Current function value: 198.63948554454274
            Iterations: 1
            Function evaluations: 2
            Gradient evaluations: 1
Special HardwareAdaptAnsatz24 selection activated
Checking gate size 1 with block size 24.
Choose gate size 1
Current gradient magnitude: 24045.26992564054
New op index: 10	IIIIIYII	$R_{Y}$[2]
gradient: 47.95007736298971
second_gradient: 6.938893903907228e-18
b: 1.5707963267948966
f: 47.95007736298971
Optimization terminated successfully    (Exit mode 0)
            Current function value: 147.4596355036864
            Iterations: 4
            Function evaluations: 15
            Gradient evaluations: 4
Special HardwareAdaptAnsatz24 selection activated
Checking gate size 1 with block size 24.
Choose gate size 1
Current gradient magnitude: 9687.268815576217
New op index: 9	IIIIIIYI	$R_{Y}$[1]
gradient: -1.274801327518996
second_gradient: 0.00974387165391798
b: -1.5784396212419174
f: 1.2650946936864167
Optimization terminated successfully    (Exit mode 0)
            Current function value: 146.10404663156595
            Iterations: 5
            Function evaluations: 25
            Gradient evaluations: 5
Special HardwareAdaptAnsatz24 selection activated
Checking gate size 1 with block size 24.
Choose gate size 1
Current gradient magnitude: 12663.696830879015
New op index: 15	YIIIIIII	$R_{Y}$[7]
gradient: 47.669682390264
second_gradient: -3.5231771623933116e-15
b: 1.5707963267948966
f: 47.669682390264
Optimization terminated successfully    (Exit mode 0)
            Current function value: 94.93389868996262
            Iterations: 7
            Function evaluations: 42
            Gradient evaluations: 7
Special HardwareAdaptAnsatz24 selection activated
Checking gate size 1 with block size 24.
Choose gate size 1
Current gradient magnitude: 4936.583177385249
New op index: 14	IYIIIIII	$R_{Y}$[6]
gradient: -1.2653105476583377
second_gradient: -2.5440686867761245e-15
b: -1.5707963267948946
f: 1.2653105476583402
Optimization terminated successfully    (Exit mode 0)
            Current function value: 93.5721545617344
            Iterations: 6
            Function evaluations: 43
            Gradient evaluations: 6
Special HardwareAdaptAnsatz24 selection activated
Checking gate size 1 with block size 24.
Choose gate size 1
Current gradient magnitude: 6000.360232596178
New op index: 13	IIYIIIII	$R_{Y}$[5]
gradient: 47.66659241629731
second_gradient: 0.002560964532351843
b: 1.5708500534071856
f: 47.66403152056094
Optimization terminated successfully    (Exit mode 0)
            Current function value: 42.40084820723976
            Iterations: 8
            Function evaluations: 66
            Gradient evaluations: 8
Special HardwareAdaptAnsatz24 selection activated
Checking gate size 1 with block size 24.
Choose gate size 1
Current gradient magnitude: 535.6480278131964
New op index: 8	IIIIIIIY	$R_{Y}$[0]
gradient: 1.2629313663322748
second_gradient: 0.0048802414547779865
b: 1.574660525035766
f: 1.258060553999452
Optimization terminated successfully    (Exit mode 0)
            Current function value: 41.140388378796175
            Iterations: 6
            Function evaluations: 56
            Gradient evaluations: 6
Special HardwareAdaptAnsatz24 selection activated
Checking gate size 1 with block size 24.
Choose gate size 1
Current gradient magnitude: 1070.922628565562
New op index: 12	IIIYIIII	$R_{Y}$[4]
gradient: -51.26652896654915
second_gradient: 0.004945230951074185
b: -1.5708927879955166
f: 51.26158397410954
Optimization terminated successfully    (Exit mode 0)
            Current function value: -10.122448979588777
            Iterations: 2
            Function evaluations: 23
            Gradient evaluations: 2
Special HardwareAdaptAnsatz24 selection activated
Checking gate size 1 with block size 24.
Checking gate size 2 with block size 63.
Checking gate size 3 with block size 162.
Checking gate size 4 with block size 405.
Checking gate size 5 with block size 972.
Checking gate size 6 with block size 2187.
Checking gate size 7 with block size 4374.
Checking gate size 8 with block size 6561.
Current gradient magnitude: 0.0006370733874274277
New op index: 14	IYIIIIII	$R_{Y}$[6]
gradient: 1.2823867441958582e-05
second_gradient: 51.265306122447974
b: 3.1415924034426976
f: 1.6058265828178264e-12
Precision cutoff reached.
Calculating energies for FreeWilson2D(N_x=2, N_y=2, mass=0.694, r=1.000)
h_im: 0.0
Lets GO!
Special HardwareAdaptAnsatz24 selection activated
Checking gate size 1 with block size 24.
Choose gate size 1
Current gradient magnitude: 21425.632653061206
New op index: 11	IIIIYIII	$R_{Y}$[3]
gradient: -1.3469387755102014
second_gradient: -0.49999999999999956
b: -1.2153506650522377
f: 1.9367477388090502
Optimization terminated successfully    (Exit mode 0)
            Current function value: 198.5632522611908
            Iterations: 1
            Function evaluations: 2
            Gradient evaluations: 1
Special HardwareAdaptAnsatz24 selection activated
Checking gate size 1 with block size 24.
Choose gate size 1
Current gradient magnitude: 23842.040846424683
New op index: 10	IIIIIYII	$R_{Y}$[2]
gradient: 48.39551727652284
second_gradient: -6.938893903907228e-18
b: 1.5707963267948966
f: 48.39551727652284
Optimization terminated successfully    (Exit mode 0)
            Current function value: 147.2963858544581
            Iterations: 2
            Function evaluations: 10
            Gradient evaluations: 2
Special HardwareAdaptAnsatz24 selection activated
Checking gate size 1 with block size 24.
Choose gate size 1
Current gradient magnitude: 9692.81172949457
New op index: 12	IIIYIIII	$R_{Y}$[4]
gradient: -1.3563413458830722
second_gradient: 0.009696229313282735
b: -1.577945017034896
f: 1.3466797743873133
Optimization terminated successfully    (Exit mode 0)
            Current function value: 145.86486909356412
            Iterations: 5
            Function evaluations: 25
            Gradient evaluations: 5
Special HardwareAdaptAnsatz24 selection activated
Checking gate size 1 with block size 24.
Choose gate size 1
Current gradient magnitude: 10405.08587405329
New op index: 15	YIIIIIII	$R_{Y}$[7]
gradient: 48.131173579547756
second_gradient: -3.729954398191776e-15
b: 1.5707963267948966
f: 48.13117357954776
Optimization terminated successfully    (Exit mode 0)
            Current function value: 94.60737629238568
            Iterations: 7
            Function evaluations: 42
            Gradient evaluations: 7
Special HardwareAdaptAnsatz24 selection activated
Checking gate size 1 with block size 24.
Choose gate size 1
Current gradient magnitude: 3695.0449874338783
New op index: 14	IYIIIIII	$R_{Y}$[6]
gradient: -1.3469398897586942
second_gradient: -1.917783903638982e-15
b: -1.5707963267948952
f: 1.3469398897586962
Optimization terminated successfully    (Exit mode 0)
            Current function value: 93.16971774582053
            Iterations: 6
            Function evaluations: 42
            Gradient evaluations: 6
Special HardwareAdaptAnsatz24 selection activated
Checking gate size 1 with block size 24.
Choose gate size 1
Current gradient magnitude: 4796.189246568994
New op index: 8	IIIIIIIY	$R_{Y}$[0]
gradient: 48.12905889776801
second_gradient: 0.0
b: 1.5707963267948966
f: 48.12905889776801
Optimization terminated successfully    (Exit mode 0)
            Current function value: 41.91106437969088
            Iterations: 7
            Function evaluations: 56
            Gradient evaluations: 7
Special HardwareAdaptAnsatz24 selection activated
Checking gate size 1 with block size 24.
Choose gate size 1
Current gradient magnitude: 752.9732726458092
New op index: 9	IIIIIIYI	$R_{Y}$[1]
gradient: -1.3445685024547203
second_gradient: 0.004869036590504104
b: -1.5744175742793751
f: 1.3397082818671027
Optimization terminated successfully    (Exit mode 0)
            Current function value: 40.56896181797207
            Iterations: 6
            Function evaluations: 57
            Gradient evaluations: 6
Special HardwareAdaptAnsatz24 selection activated
Checking gate size 1 with block size 24.
Choose gate size 1
Current gradient magnitude: 950.7339482440752
New op index: 13	IIYIIIII	$R_{Y}$[5]
gradient: 51.3481557997905
second_gradient: 0.004935823003896617
b: 1.5708924514348532
f: 51.343220214013705
Optimization terminated successfully    (Exit mode 0)
            Current function value: -10.775510204078762
            Iterations: 2
            Function evaluations: 23
            Gradient evaluations: 2
Special HardwareAdaptAnsatz24 selection activated
Checking gate size 1 with block size 24.
Checking gate size 2 with block size 63.
Checking gate size 3 with block size 162.
Checking gate size 4 with block size 405.
Checking gate size 5 with block size 972.
Checking gate size 6 with block size 2187.
Checking gate size 7 with block size 4374.
Checking gate size 8 with block size 6561.
Current gradient magnitude: 0.0005954214281006523
New op index: 10	IIIIIYII	$R_{Y}$[2]
gradient: 1.1364759774627734e-05
second_gradient: 51.34693877550844
b: 3.141592432257031
f: 1.2576606422953773e-12
Precision cutoff reached.
Calculating energies for FreeWilson2D(N_x=2, N_y=2, mass=0.857, r=1.000)
h_im: 0.0
Lets GO!
Special HardwareAdaptAnsatz24 selection activated
Checking gate size 1 with block size 24.
Choose gate size 1
Current gradient magnitude: 21435.428571428554
New op index: 11	IIIIYIII	$R_{Y}$[3]
gradient: -1.4285714285714257
second_gradient: -0.49999999999999956
b: -1.234121507408169
f: 2.013544292886932
Optimization terminated successfully    (Exit mode 0)
            Current function value: 198.48645570711292
            Iterations: 1
            Function evaluations: 2
            Gradient evaluations: 1
Special HardwareAdaptAnsatz24 selection activated
Checking gate size 1 with block size 24.
Choose gate size 1
Current gradient magnitude: 23652.628808456262
New op index: 10	IIIIIYII	$R_{Y}$[2]
gradient: 48.78666445923629
second_gradient: -6.938893903907228e-18
b: 1.5707963267948966
f: 48.78666445923629
Optimization terminated successfully    (Exit mode 0)
            Current function value: 147.13313583957972
            Iterations: 4
            Function evaluations: 15
            Gradient evaluations: 4
Special HardwareAdaptAnsatz24 selection activated
Checking gate size 1 with block size 24.
Choose gate size 1
Current gradient magnitude: 9700.041457840012
New op index: 12	IIIYIIII	$R_{Y}$[4]
gradient: -1.4380184954973934
second_gradient: 0.00971914320051669
b: -1.5775549291665183
f: 1.4283321963340423
Optimization terminated successfully    (Exit mode 0)
            Current function value: 145.62495861501918
            Iterations: 5
            Function evaluations: 25
            Gradient evaluations: 5
Special HardwareAdaptAnsatz24 selection activated
Checking gate size 1 with block size 24.
Choose gate size 1
Current gradient magnitude: 10329.351868708287
New op index: 15	YIIIIIII	$R_{Y}$[7]
gradient: 48.527691595141
second_gradient: 1.4182419123385614e-15
b: 1.5707963267948966
f: 48.527691595141
Optimization terminated successfully    (Exit mode 0)
            Current function value: 94.28085520406228
            Iterations: 4
            Function evaluations: 27
            Gradient evaluations: 4
Special HardwareAdaptAnsatz24 selection activated
Checking gate size 1 with block size 24.
Choose gate size 1
Current gradient magnitude: 3700.700197620314
New op index: 14	IYIIIIII	$R_{Y}$[6]
gradient: -1.4287427210844967
second_gradient: 3.332046575940716e-16
b: -1.5707963267948968
f: 1.4287427210844963
Optimization terminated successfully    (Exit mode 0)
            Current function value: 92.76654717699967
            Iterations: 6
            Function evaluations: 42
            Gradient evaluations: 6
Special HardwareAdaptAnsatz24 selection activated
Checking gate size 1 with block size 24.
Choose gate size 1
Current gradient magnitude: 4756.8393899699095
New op index: 8	IIIIIIIY	$R_{Y}$[0]
gradient: 48.523715330371246
second_gradient: 0.0
b: 1.5707963267948966
f: 48.523715330371246
Optimization terminated successfully    (Exit mode 0)
            Current function value: 41.42128186032368
            Iterations: 4
            Function evaluations: 35
            Gradient evaluations: 4
Special HardwareAdaptAnsatz24 selection activated
Checking gate size 1 with block size 24.
Choose gate size 1
Current gradient magnitude: 756.4236637550871
New op index: 9	IIIIIIYI	$R_{Y}$[1]
gradient: -1.4263290573525822
second_gradient: 0.004989453336562931
b: -1.5742944207020564
f: 1.4213483308130765
Optimization terminated successfully    (Exit mode 0)
            Current function value: 39.99753555319609
            Iterations: 6
            Function evaluations: 56
            Gradient evaluations: 6
Special HardwareAdaptAnsatz24 selection activated
Checking gate size 1 with block size 24.
Choose gate size 1
Current gradient magnitude: 952.8078054748222
New op index: 13	IIYIIIII	$R_{Y}$[5]
gradient: 51.4297781738595
second_gradient: 0.004939793917164643
b: 1.5708923760892426
f: 51.424838617174196
Optimization terminated successfully    (Exit mode 0)
            Current function value: -11.428571428567283
            Iterations: 2
            Function evaluations: 23
            Gradient evaluations: 2
Special HardwareAdaptAnsatz24 selection activated
Checking gate size 1 with block size 24.
Checking gate size 2 with block size 63.
Checking gate size 3 with block size 162.
Checking gate size 4 with block size 405.
Checking gate size 5 with block size 972.
Checking gate size 6 with block size 2187.
Checking gate size 7 with block size 4374.
Checking gate size 8 with block size 6561.
Current gradient magnitude: 0.000860688713956614
New op index: 10	IIIIIYII	$R_{Y}$[2]
gradient: 1.0697107035530339e-05
second_gradient: 51.42857142856879
b: 3.1415924455904896
f: 1.1155520951433573e-12
Precision cutoff reached.
Calculating energies for FreeWilson2D(N_x=2, N_y=2, mass=1.020, r=1.000)
h_im: 0.0
Lets GO!
Special HardwareAdaptAnsatz24 selection activated
Checking gate size 1 with block size 24.
Choose gate size 1
Current gradient magnitude: 21445.2244897959
New op index: 11	IIIIYIII	$R_{Y}$[3]
gradient: -1.5102040816326503
second_gradient: -0.49999999999999956
b: -1.2510741671823065
f: 2.090822544528432
Optimization terminated successfully    (Exit mode 0)
            Current function value: 198.40917745547154
            Iterations: 1
            Function evaluations: 2
            Gradient evaluations: 1
Special HardwareAdaptAnsatz24 selection activated
Checking gate size 1 with block size 24.
Choose gate size 1
Current gradient magnitude: 23476.147519437272
New op index: 10	IIIIIYII	$R_{Y}$[2]
gradient: 49.13349452481029
second_gradient: 0.0
b: 1.5707963267948966
f: 49.13349452481029
Optimization terminated successfully    (Exit mode 0)
            Current function value: 146.96988593659015
            Iterations: 4
            Function evaluations: 15
            Gradient evaluations: 4
Special HardwareAdaptAnsatz24 selection activated
Checking gate size 1 with block size 24.
Choose gate size 1
Current gradient magnitude: 9706.377472593595
New op index: 12	IIIYIIII	$R_{Y}$[4]
gradient: -1.519623036183029
second_gradient: 0.009704672783426483
b: -1.5771824769280023
f: 1.509949351253611
Optimization terminated successfully    (Exit mode 0)
            Current function value: 145.384571297513
            Iterations: 5
            Function evaluations: 24
            Gradient evaluations: 5
Special HardwareAdaptAnsatz24 selection activated
Checking gate size 1 with block size 24.
Choose gate size 1
Current gradient magnitude: 10253.614554643582
New op index: 8	IIIIIIIY	$R_{Y}$[0]
gradient: 48.87797284043301
second_gradient: 0.0
b: 1.5707963267948966
f: 48.87797284043301
Optimization terminated successfully    (Exit mode 0)
            Current function value: 93.95433050949968
            Iterations: 3
            Function evaluations: 20
            Gradient evaluations: 3
Special HardwareAdaptAnsatz24 selection activated
Checking gate size 1 with block size 24.
Choose gate size 1
Current gradient magnitude: 3970.0745029219324
New op index: 15	YIIIIIII	$R_{Y}$[7]
gradient: 1.5102135738439921
second_gradient: 2.434408628806764e-15
b: 1.5707963267948983
f: 1.5102135738439897
Optimization terminated successfully    (Exit mode 0)
            Current function value: 92.36722464033669
            Iterations: 5
            Function evaluations: 35
            Gradient evaluations: 5
Special HardwareAdaptAnsatz24 selection activated
Checking gate size 1 with block size 24.
Choose gate size 1
Current gradient magnitude: 5473.5301316281675
New op index: 14	IYIIIIII	$R_{Y}$[6]
gradient: -48.98345321162063
second_gradient: 2.5934286293468163e-15
b: -1.5707963267948968
f: 48.98345321162063
Optimization terminated successfully    (Exit mode 0)
            Current function value: 40.9314956883666
            Iterations: 6
            Function evaluations: 53
            Gradient evaluations: 6
Special HardwareAdaptAnsatz24 selection activated
Checking gate size 1 with block size 24.
Choose gate size 1
Current gradient magnitude: 757.9736085600259
New op index: 9	IIIIIIYI	$R_{Y}$[1]
gradient: -1.5078498175951864
second_gradient: 0.0048532010820905806
b: -1.5740149393295062
f: 1.5030044268067562
Optimization terminated successfully    (Exit mode 0)
            Current function value: 39.426108850105265
            Iterations: 6
            Function evaluations: 56
            Gradient evaluations: 6
Special HardwareAdaptAnsatz24 selection activated
Checking gate size 1 with block size 24.
Choose gate size 1
Current gradient magnitude: 954.0771871413806
New op index: 13	IIYIIIII	$R_{Y}$[5]
gradient: 51.51141232316151
second_gradient: 0.004932500004096483
b: 1.5708920822744412
f: 51.50648005931436
Optimization terminated successfully    (Exit mode 0)
            Current function value: -12.081632653057808
            Iterations: 2
            Function evaluations: 23
            Gradient evaluations: 2
Special HardwareAdaptAnsatz24 selection activated
Checking gate size 1 with block size 24.
Checking gate size 2 with block size 63.
Checking gate size 3 with block size 162.
Checking gate size 4 with block size 405.
Checking gate size 5 with block size 972.
Checking gate size 6 with block size 2187.
Checking gate size 7 with block size 4374.
Checking gate size 8 with block size 6561.
Current gradient magnitude: 0.0006097311408636156
New op index: 15	YIIIIIII	$R_{Y}$[7]
gradient: -1.2452268096175977e-05
second_gradient: 51.51020408163087
b: -3.1415924118460783
f: 1.5063505998114124e-12
Precision cutoff reached.
Calculating energies for FreeWilson2D(N_x=2, N_y=2, mass=1.184, r=1.000)
h_im: 0.0
Lets GO!
Special HardwareAdaptAnsatz24 selection activated
Checking gate size 1 with block size 24.
Choose gate size 1
Current gradient magnitude: 21455.020408163247
New op index: 11	IIIIYIII	$R_{Y}$[3]
gradient: -1.5918367346938744
second_gradient: -0.49999999999999956
b: -1.2664521380403146
f: 2.168515564782317
Optimization terminated successfully    (Exit mode 0)
            Current function value: 198.3314844352175
            Iterations: 1
            Function evaluations: 2
            Gradient evaluations: 1
Special HardwareAdaptAnsatz24 selection activated
Checking gate size 1 with block size 24.
Choose gate size 1
Current gradient magnitude: 23311.661193712884
New op index: 10	IIIIIYII	$R_{Y}$[2]
gradient: 49.44385467203338
second_gradient: 0.0
b: 1.5707963267948966
f: 49.44385467203338
Optimization terminated successfully    (Exit mode 0)
            Current function value: 146.80663598504998
            Iterations: 4
            Function evaluations: 15
            Gradient evaluations: 4
Special HardwareAdaptAnsatz24 selection activated
Checking gate size 1 with block size 24.
Choose gate size 1
Current gradient magnitude: 9712.68475899268
New op index: 12	IIIYIIII	$R_{Y}$[4]
gradient: -1.6012252867518226
second_gradient: 0.009688999230497281
b: -1.5768472435901018
f: 1.5915656012748518
Optimization terminated successfully    (Exit mode 0)
            Current function value: 145.14377050391158
            Iterations: 5
            Function evaluations: 24
            Gradient evaluations: 5
Special HardwareAdaptAnsatz24 selection activated
Checking gate size 1 with block size 24.
Choose gate size 1
Current gradient magnitude: 10184.136903789882
New op index: 8	IIIIIIIY	$R_{Y}$[0]
gradient: 49.19639767629725
second_gradient: 0.0
b: 1.5707963267948966
f: 49.19639767629725
Optimization terminated successfully    (Exit mode 0)
            Current function value: 93.62780756619833
            Iterations: 3
            Function evaluations: 20
            Gradient evaluations: 3
Special HardwareAdaptAnsatz24 selection activated
Checking gate size 1 with block size 24.
Choose gate size 1
Current gradient magnitude: 3974.368777902034
New op index: 15	YIIIIIII	$R_{Y}$[7]
gradient: 1.5918399473673788
second_gradient: -4.899422952162381e-15
b: 1.5707963267948934
f: 1.5918399473673837
Optimization terminated successfully    (Exit mode 0)
            Current function value: 91.96299327267879
            Iterations: 5
            Function evaluations: 35
            Gradient evaluations: 5
Special HardwareAdaptAnsatz24 selection activated
Checking gate size 1 with block size 24.
Choose gate size 1
Current gradient magnitude: 5442.19404237703
New op index: 14	IYIIIIII	$R_{Y}$[6]
gradient: -49.300240742574495
second_gradient: 7.624746697283463e-15
b: -1.5707963267948968
f: 49.30024074257449
Optimization terminated successfully    (Exit mode 0)
            Current function value: 40.4417112879672
            Iterations: 6
            Function evaluations: 53
            Gradient evaluations: 6
Special HardwareAdaptAnsatz24 selection activated
Checking gate size 1 with block size 24.
Choose gate size 1
Current gradient magnitude: 760.4814216389237
New op index: 9	IIIIIIYI	$R_{Y}$[1]
gradient: -1.5894900250976391
second_gradient: 0.0048455541050560985
b: -1.5738448134278344
f: 1.5846518568017622
Optimization terminated successfully    (Exit mode 0)
            Current function value: 38.85468219181489
            Iterations: 6
            Function evaluations: 56
            Gradient evaluations: 6
Special HardwareAdaptAnsatz24 selection activated
Checking gate size 1 with block size 24.
Choose gate size 1
Current gradient magnitude: 955.4111584986422
New op index: 13	IIYIIIII	$R_{Y}$[5]
gradient: 51.59304401359484
second_gradient: 0.004925114053107363
b: 1.570891787610057
f: 51.58811913461943
Optimization terminated successfully    (Exit mode 0)
            Current function value: -12.734693877547528
            Iterations: 2
            Function evaluations: 23
            Gradient evaluations: 2
Special HardwareAdaptAnsatz24 selection activated
Checking gate size 1 with block size 24.
Checking gate size 2 with block size 63.
Checking gate size 3 with block size 162.
Checking gate size 4 with block size 405.
Checking gate size 5 with block size 972.
Checking gate size 6 with block size 2187.
Checking gate size 7 with block size 4374.
Checking gate size 8 with block size 6561.
Current gradient magnitude: 0.000734802582271637
New op index: 12	IIIYIIII	$R_{Y}$[4]
gradient: 1.0544573965420533e-05
second_gradient: 51.591836734691384
b: 3.1415924492052505
f: 1.0800249583553523e-12
Precision cutoff reached.
Calculating energies for FreeWilson2D(N_x=2, N_y=2, mass=1.347, r=1.000)
h_im: 0.0
Lets GO!
Special HardwareAdaptAnsatz24 selection activated
Checking gate size 1 with block size 24.
Choose gate size 1
Current gradient magnitude: 21464.816326530596
New op index: 11	IIIIYIII	$R_{Y}$[3]
gradient: -1.6734693877550988
second_gradient: -0.49999999999999956
b: -1.2804587260299205
f: 2.246568003758635
Optimization terminated successfully    (Exit mode 0)
            Current function value: 198.2534319962409
            Iterations: 1
            Function evaluations: 2
            Gradient evaluations: 1
Special HardwareAdaptAnsatz24 selection activated
Checking gate size 1 with block size 24.
Choose gate size 1
Current gradient magnitude: 23158.24081421596
New op index: 10	IIIIIYII	$R_{Y}$[2]
gradient: 49.72397140493997
second_gradient: 0.0
b: 1.5707963267948966
f: 49.72397140493997
Optimization terminated successfully    (Exit mode 0)
            Current function value: 146.64338598543847
            Iterations: 4
            Function evaluations: 15
            Gradient evaluations: 4
Special HardwareAdaptAnsatz24 selection activated
Checking gate size 1 with block size 24.
Choose gate size 1
Current gradient magnitude: 9718.963508395093
New op index: 12	IIIYIIII	$R_{Y}$[4]
gradient: -1.6828252737810272
second_gradient: 0.009672130427114827
b: -1.5765438182758145
f: 1.6731809386740435
Optimization terminated successfully    (Exit mode 0)
            Current function value: 144.90260981547846
            Iterations: 5
            Function evaluations: 24
            Gradient evaluations: 5
Special HardwareAdaptAnsatz24 selection activated
Checking gate size 1 with block size 24.
Choose gate size 1
Current gradient magnitude: 10117.670452031114
New op index: 15	YIIIIIII	$R_{Y}$[7]
gradient: 49.4850222472013
second_gradient: 3.7568268749751435e-15
b: 1.5707963267948968
f: 49.48502224720129
Optimization terminated successfully    (Exit mode 0)
            Current function value: 93.30128461068493
            Iterations: 3
            Function evaluations: 21
            Gradient evaluations: 3
Special HardwareAdaptAnsatz24 selection activated
Checking gate size 1 with block size 24.
Choose gate size 1
Current gradient magnitude: 3712.0755481961096
New op index: 8	IIIIIIIY	$R_{Y}$[0]
gradient: 1.673473235269796
second_gradient: 0.0
b: 1.5707963267948966
f: 1.673473235269796
Optimization terminated successfully    (Exit mode 0)
            Current function value: 91.55840361090645
            Iterations: 5
            Function evaluations: 35
            Gradient evaluations: 5
Special HardwareAdaptAnsatz24 selection activated
Checking gate size 1 with block size 24.
Choose gate size 1
Current gradient magnitude: 5413.033272331513
New op index: 14	IYIIIIII	$R_{Y}$[6]
gradient: -49.5863340411697
second_gradient: 1.02187502374302e-15
b: -1.5707963267948966
f: 49.5863340411697
Optimization terminated successfully    (Exit mode 0)
            Current function value: 39.95192685909766
            Iterations: 9
            Function evaluations: 72
            Gradient evaluations: 9
Special HardwareAdaptAnsatz24 selection activated
Checking gate size 1 with block size 24.
Choose gate size 1
Current gradient magnitude: 762.9968838899496
New op index: 9	IIIIIIYI	$R_{Y}$[1]
gradient: -1.6711299162401616
second_gradient: 0.004837880806182587
b: -1.5736912945912327
f: 1.666299038193438
Optimization terminated successfully    (Exit mode 0)
            Current function value: 38.283255551174086
            Iterations: 6
            Function evaluations: 56
            Gradient evaluations: 6
Special HardwareAdaptAnsatz24 selection activated
Checking gate size 1 with block size 24.
Choose gate size 1
Current gradient magnitude: 956.7683380567233
New op index: 13	IIYIIIII	$R_{Y}$[5]
gradient: 51.674674856503536
second_gradient: 0.004917890426330858
b: 1.5708914970194823
f: 51.669757200095574
Optimization terminated successfully    (Exit mode 0)
            Current function value: -13.387755102038058
            Iterations: 2
            Function evaluations: 23
            Gradient evaluations: 2
Special HardwareAdaptAnsatz24 selection activated
Checking gate size 1 with block size 24.
Checking gate size 2 with block size 63.
Checking gate size 3 with block size 162.
Checking gate size 4 with block size 405.
Checking gate size 5 with block size 972.
Checking gate size 6 with block size 2187.
Checking gate size 7 with block size 4374.
Checking gate size 8 with block size 6561.
Current gradient magnitude: 0.0005916075883042548
New op index: 10	IIIIIYII	$R_{Y}$[2]
gradient: 1.0943096535241615e-05
second_gradient: 51.67346938775434
b: 3.141592441815808
f: 1.1581846592889633e-12
Precision cutoff reached.
Calculating energies for FreeWilson2D(N_x=2, N_y=2, mass=1.510, r=1.000)
h_im: 0.0
Lets GO!
Special HardwareAdaptAnsatz24 selection activated
Checking gate size 1 with block size 24.
Choose gate size 1
Current gradient magnitude: 21474.61224489794
New op index: 11	IIIIYIII	$R_{Y}$[3]
gradient: -1.7551020408163234
second_gradient: -0.49999999999999956
b: -1.293264716793907
f: 2.324933745010383
Optimization terminated successfully    (Exit mode 0)
            Current function value: 198.17506625498953
            Iterations: 1
            Function evaluations: 2
            Gradient evaluations: 1
Special HardwareAdaptAnsatz24 selection activated
Checking gate size 1 with block size 24.
Choose gate size 1
Current gradient magnitude: 23014.9957135409
New op index: 10	IIIIIYII	$R_{Y}$[2]
gradient: 49.97882648091392
second_gradient: -6.938893903907228e-18
b: 1.5707963267948966
f: 49.97882648091392
Optimization terminated successfully    (Exit mode 0)
            Current function value: 146.48013593702862
            Iterations: 2
            Function evaluations: 10
            Gradient evaluations: 2
Special HardwareAdaptAnsatz24 selection activated
Checking gate size 1 with block size 24.
Choose gate size 1
Current gradient magnitude: 9725.284621752016
New op index: 9	IIIIIIYI	$R_{Y}$[1]
gradient: -1.7644287384330157
second_gradient: 0.009657032537894008
b: -1.576269450135969
f: 1.754798133026185
Optimization terminated successfully    (Exit mode 0)
            Current function value: 144.66103502836913
            Iterations: 5
            Function evaluations: 24
            Gradient evaluations: 5
Special HardwareAdaptAnsatz24 selection activated
Checking gate size 1 with block size 24.
Choose gate size 1
Current gradient magnitude: 12143.197182112395
New op index: 15	YIIIIIII	$R_{Y}$[7]
gradient: 49.74318835158504
second_gradient: 3.615726564364326e-15
b: 1.5707963267948968
f: 49.74318835158503
Optimization terminated successfully    (Exit mode 0)
            Current function value: 92.97476164789768
            Iterations: 4
            Function evaluations: 28
            Gradient evaluations: 4
Special HardwareAdaptAnsatz24 selection activated
Checking gate size 1 with block size 24.
Choose gate size 1
Current gradient magnitude: 4966.145348375223
New op index: 14	IYIIIIII	$R_{Y}$[6]
gradient: -1.755163000220584
second_gradient: 3.8769993181467376e-15
b: -1.5707963267948988
f: 1.7551630002205802
Optimization terminated successfully    (Exit mode 0)
            Current function value: 91.14957776318325
            Iterations: 6
            Function evaluations: 42
            Gradient evaluations: 6
Special HardwareAdaptAnsatz24 selection activated
Checking gate size 1 with block size 24.
Choose gate size 1
Current gradient magnitude: 5722.558396969973
New op index: 8	IIIIIIIY	$R_{Y}$[0]
gradient: 49.74238052278989
second_gradient: 0.002494357706515849
b: 1.5708464723182554
f: 49.739886227623806
Optimization terminated successfully    (Exit mode 0)
            Current function value: 39.46455771139184
            Iterations: 4
            Function evaluations: 36
            Gradient evaluations: 4
Special HardwareAdaptAnsatz24 selection activated
Checking gate size 1 with block size 24.
Choose gate size 1
Current gradient magnitude: 1706.7756682574225
New op index: 12	IIIYIIII	$R_{Y}$[4]
gradient: -1.7551763845524846
second_gradient: 0.004907137801132155
b: -1.5735921284355494
f: 1.7502761064477785
Optimization terminated successfully    (Exit mode 0)
            Current function value: 37.71182893239941
            Iterations: 6
            Function evaluations: 56
            Gradient evaluations: 6
Special HardwareAdaptAnsatz24 selection activated
Checking gate size 1 with block size 24.
Choose gate size 1
Current gradient magnitude: 958.1585873995813
New op index: 13	IIYIIIII	$R_{Y}$[5]
gradient: 51.75630639269048
second_gradient: 0.00491388371661051
b: 1.5708912694993578
f: 51.75139274224258
Optimization terminated successfully    (Exit mode 0)
            Current function value: -14.040816326528109
            Iterations: 2
            Function evaluations: 23
            Gradient evaluations: 2
Special HardwareAdaptAnsatz24 selection activated
Checking gate size 1 with block size 24.
Checking gate size 2 with block size 63.
Checking gate size 3 with block size 162.
Checking gate size 4 with block size 405.
Checking gate size 5 with block size 972.
Checking gate size 6 with block size 2187.
Checking gate size 7 with block size 4374.
Checking gate size 8 with block size 6561.
Current gradient magnitude: 0.0004895753139507764
New op index: 15	YIIIIIII	$R_{Y}$[7]
gradient: -1.1039084111021957e-05
second_gradient: 51.75510204081585
b: -3.141592440295187
f: 1.1795009413617663e-12
Precision cutoff reached.
Calculating energies for FreeWilson2D(N_x=2, N_y=2, mass=1.673, r=1.000)
h_im: 0.0
Lets GO!
Special HardwareAdaptAnsatz24 selection activated
Checking gate size 1 with block size 24.
Choose gate size 1
Current gradient magnitude: 21484.408163265285
New op index: 11	IIIIYIII	$R_{Y}$[3]
gradient: -1.836734693877548
second_gradient: -0.49999999999999956
b: -1.3050144233545122
f: 2.403574095141413
Optimization terminated successfully    (Exit mode 0)
            Current function value: 198.09642590485845
            Iterations: 1
            Function evaluations: 2
            Gradient evaluations: 1
Special HardwareAdaptAnsatz24 selection activated
Checking gate size 1 with block size 24.
Choose gate size 1
Current gradient magnitude: 22881.08998270887
New op index: 10	IIIIIYII	$R_{Y}$[2]
gradient: 50.21243749888776
second_gradient: -6.938893903907228e-18
b: 1.5707963267948966
f: 50.21243749888776
Optimization terminated successfully    (Exit mode 0)
            Current function value: 146.3168858532629
            Iterations: 2
            Function evaluations: 10
            Gradient evaluations: 2
Special HardwareAdaptAnsatz24 selection activated
Checking gate size 1 with block size 24.
Choose gate size 1
Current gradient magnitude: 9731.384016639939
New op index: 12	IIIYIIII	$R_{Y}$[4]
gradient: -1.846014363097964
second_gradient: 0.009632657005121201
b: -1.5760143628903045
f: 1.8364068379258403
Optimization terminated successfully    (Exit mode 0)
            Current function value: 144.41937867326004
            Iterations: 5
            Function evaluations: 24
            Gradient evaluations: 5
Special HardwareAdaptAnsatz24 selection activated
Checking gate size 1 with block size 24.
Choose gate size 1
Current gradient magnitude: 9993.218836275995
New op index: 8	IIIIIIIY	$R_{Y}$[0]
gradient: 49.99128334087435
second_gradient: 0.0
b: 1.5707963267948966
f: 49.99128334087435
Optimization terminated successfully    (Exit mode 0)
            Current function value: 92.64823862103114
            Iterations: 5
            Function evaluations: 30
            Gradient evaluations: 5
Special HardwareAdaptAnsatz24 selection activated
Checking gate size 1 with block size 24.
Choose gate size 1
Current gradient magnitude: 3987.1651152097647
New op index: 15	YIIIIIII	$R_{Y}$[7]
gradient: 1.8367390946232824
second_gradient: 8.639416817004682e-15
b: 1.5707963267949012
f: 1.8367390946232738
Optimization terminated successfully    (Exit mode 0)
            Current function value: 90.74832575463556
            Iterations: 5
            Function evaluations: 35
            Gradient evaluations: 5
Special HardwareAdaptAnsatz24 selection activated
Checking gate size 1 with block size 24.
Choose gate size 1
Current gradient magnitude: 5360.4574246741795
New op index: 14	IYIIIIII	$R_{Y}$[6]
gradient: -50.08562938171481
second_gradient: -1.3061046792901145e-15
b: -1.5707963267948966
f: 50.08562938171481
Optimization terminated successfully    (Exit mode 0)
            Current function value: 38.97236019797033
            Iterations: 6
            Function evaluations: 51
            Gradient evaluations: 6
Special HardwareAdaptAnsatz24 selection activated
Checking gate size 1 with block size 24.
Choose gate size 1
Current gradient magnitude: 768.5037278831735
New op index: 9	IIIIIIYI	$R_{Y}$[1]
gradient: -1.834535046542399
second_gradient: 0.004879223258766452
b: -1.5734559716805143
f: 1.8296623117880504
Optimization terminated successfully    (Exit mode 0)
            Current function value: 37.140402298778305
            Iterations: 6
            Function evaluations: 56
            Gradient evaluations: 6
Special HardwareAdaptAnsatz24 selection activated
Checking gate size 1 with block size 24.
Choose gate size 1
Current gradient magnitude: 959.5650697881528
New op index: 13	IIYIIIII	$R_{Y}$[5]
gradient: 51.83793504370816
second_gradient: 0.0049034297495368405
b: 1.570890918327734
f: 51.83303184587009
Optimization terminated successfully    (Exit mode 0)
            Current function value: -14.693877551017213
            Iterations: 2
            Function evaluations: 23
            Gradient evaluations: 2
Special HardwareAdaptAnsatz24 selection activated
Checking gate size 1 with block size 24.
Checking gate size 2 with block size 63.
Checking gate size 3 with block size 162.
Checking gate size 4 with block size 405.
Checking gate size 5 with block size 972.
Checking gate size 6 with block size 2187.
Checking gate size 7 with block size 4374.
Checking gate size 8 with block size 6561.
Current gradient magnitude: 0.0006140647292481801
New op index: 10	IIIIIYII	$R_{Y}$[2]
gradient: 1.181919736844518e-05
second_gradient: 51.83673469387635
b: 3.141592425581655
f: 1.3500311979441904e-12
Precision cutoff reached.
Calculating energies for FreeWilson2D(N_x=2, N_y=2, mass=1.837, r=1.000)
h_im: 0.0
Lets GO!
Special HardwareAdaptAnsatz24 selection activated
Checking gate size 1 with block size 24.
Choose gate size 1
Current gradient magnitude: 21494.204081632633
New op index: 11	IIIIYIII	$R_{Y}$[3]
gradient: -1.9183673469387723
second_gradient: -0.49999999999999956
b: -1.315830480129117
f: 2.4824563747535286
Optimization terminated successfully    (Exit mode 0)
            Current function value: 198.01754362524633
            Iterations: 1
            Function evaluations: 2
            Gradient evaluations: 1
Special HardwareAdaptAnsatz24 selection activated
Checking gate size 1 with block size 24.
Choose gate size 1
Current gradient magnitude: 22755.74964522757
New op index: 10	IIIIIYII	$R_{Y}$[2]
gradient: 50.42806903401613
second_gradient: 6.938893903907228e-18
b: 1.5707963267948966
f: 50.42806903401613
Optimization terminated successfully    (Exit mode 0)
            Current function value: 146.15363569601402
            Iterations: 4
            Function evaluations: 15
            Gradient evaluations: 4
Special HardwareAdaptAnsatz24 selection activated
Checking gate size 1 with block size 24.
Choose gate size 1
Current gradient magnitude: 9737.966259951125
New op index: 12	IIIYIIII	$R_{Y}$[4]
gradient: -1.9276389725350107
second_gradient: 0.009628481690172896
b: -1.5757912463585966
f: 1.9180345376406152
Optimization terminated successfully    (Exit mode 0)
            Current function value: 144.177376904686
            Iterations: 5
            Function evaluations: 24
            Gradient evaluations: 5
Special HardwareAdaptAnsatz24 selection activated
Checking gate size 1 with block size 24.
Choose gate size 1
Current gradient magnitude: 9935.124298802937
New op index: 8	IIIIIIIY	$R_{Y}$[0]
gradient: 50.21585976041008
second_gradient: 0.0
b: 1.5707963267948966
f: 50.21585976041008
Optimization terminated successfully    (Exit mode 0)
            Current function value: 92.3217156252314
            Iterations: 6
            Function evaluations: 37
            Gradient evaluations: 6
Special HardwareAdaptAnsatz24 selection activated
Checking gate size 1 with block size 24.
Choose gate size 1
Current gradient magnitude: 3991.067805242329
New op index: 15	YIIIIIII	$R_{Y}$[7]
gradient: 1.9183828650086068
second_gradient: 3.2444052678790105e-15
b: 1.5707963267948983
f: 1.9183828650086034
Optimization terminated successfully    (Exit mode 0)
            Current function value: 90.34290866584435
            Iterations: 5
            Function evaluations: 35
            Gradient evaluations: 5
Special HardwareAdaptAnsatz24 selection activated
Checking gate size 1 with block size 24.
Choose gate size 1
Current gradient magnitude: 5336.7551075250085
New op index: 14	IYIIIIII	$R_{Y}$[6]
gradient: -50.306119566371045
second_gradient: 3.93327349017692e-15
b: -1.5707963267948968
f: 50.30611956637104
Optimization terminated successfully    (Exit mode 0)
            Current function value: 38.48257402402063
            Iterations: 6
            Function evaluations: 51
            Gradient evaluations: 6
Special HardwareAdaptAnsatz24 selection activated
Checking gate size 1 with block size 24.
Choose gate size 1
Current gradient magnitude: 770.7645255907782
New op index: 9	IIIIIIYI	$R_{Y}$[1]
gradient: -1.9161100601812393
second_gradient: 0.004844994484360974
b: -1.5733248789169418
f: 1.9112711911106843
Optimization terminated successfully    (Exit mode 0)
            Current function value: 36.56897568677257
            Iterations: 6
            Function evaluations: 56
            Gradient evaluations: 6
Special HardwareAdaptAnsatz24 selection activated
Checking gate size 1 with block size 24.
Choose gate size 1
Current gradient magnitude: 960.9959011614117
New op index: 13	IIYIIIII	$R_{Y}$[5]
gradient: 51.919564512392775
second_gradient: 0.004896069201451934
b: 1.570890627839848
f: 51.91466867404355
Optimization terminated successfully    (Exit mode 0)
            Current function value: -15.346938775507699
            Iterations: 2
            Function evaluations: 23
            Gradient evaluations: 2
Special HardwareAdaptAnsatz24 selection activated
Checking gate size 1 with block size 24.
Checking gate size 2 with block size 63.
Checking gate size 3 with block size 162.
Checking gate size 4 with block size 405.
Checking gate size 5 with block size 972.
Checking gate size 6 with block size 2187.
Checking gate size 7 with block size 4374.
Checking gate size 8 with block size 6561.
Current gradient magnitude: 0.0004671394447577636
New op index: 15	YIIIIIII	$R_{Y}$[7]
gradient: -1.218516166003494e-05
second_gradient: 51.91836734693771
b: -3.141592418891318
f: 1.4352963262354024e-12
Precision cutoff reached.
Calculating energies for FreeWilson2D(N_x=2, N_y=2, mass=2.000, r=1.000)
h_im: 0.0
Lets GO!
Special HardwareAdaptAnsatz24 selection activated
Checking gate size 1 with block size 24.
Choose gate size 1
Current gradient magnitude: 21503.99999999998
New op index: 11	IIIIYIII	$R_{Y}$[3]
gradient: -1.999999999999997
second_gradient: -0.49999999999999956
b: -1.3258176636680323
f: 2.5615528128088267
Optimization terminated successfully    (Exit mode 0)
            Current function value: 197.93844718719103
            Iterations: 1
            Function evaluations: 2
            Gradient evaluations: 1
Special HardwareAdaptAnsatz24 selection activated
Checking gate size 1 with block size 24.
Choose gate size 1
Current gradient magnitude: 22638.264307855072
New op index: 10	IIIIIYII	$R_{Y}$[2]
gradient: 50.62839281978469
second_gradient: 0.0
b: 1.5707963267948966
f: 50.62839281978469
Optimization terminated successfully    (Exit mode 0)
            Current function value: 145.99038566696393
            Iterations: 3
            Function evaluations: 12
            Gradient evaluations: 3
Special HardwareAdaptAnsatz24 selection activated
Checking gate size 1 with block size 24.
Choose gate size 1
Current gradient magnitude: 9745.402535736244
New op index: 9	IIIIIIYI	$R_{Y}$[1]
gradient: -2.0093192079627955
second_gradient: 0.009653154658663872
b: -1.5756004815333133
f: 1.9996892409730762
Optimization terminated successfully    (Exit mode 0)
            Current function value: 143.93507791067955
            Iterations: 5
            Function evaluations: 24
            Gradient evaluations: 5
Special HardwareAdaptAnsatz24 selection activated
Checking gate size 1 with block size 24.
Choose gate size 1
Current gradient magnitude: 11939.845357511213
New op index: 15	YIIIIIII	$R_{Y}$[7]
gradient: 50.421348582368836
second_gradient: 2.1355619129906443e-15
b: 1.5707963267948966
f: 50.421348582368836
Optimization terminated successfully    (Exit mode 0)
            Current function value: 91.99519216208627
            Iterations: 4
            Function evaluations: 28
            Gradient evaluations: 4
Special HardwareAdaptAnsatz24 selection activated
Checking gate size 1 with block size 24.
Choose gate size 1
Current gradient magnitude: 4979.4256815692515
New op index: 14	IYIIIIII	$R_{Y}$[6]
gradient: -2.0000266014902905
second_gradient: -7.629362563630135e-15
b: -1.5707963267948928
f: 2.000026601490298
Optimization terminated successfully    (Exit mode 0)
            Current function value: 89.93383314925319
            Iterations: 6
            Function evaluations: 42
            Gradient evaluations: 6
Special HardwareAdaptAnsatz24 selection activated
Checking gate size 1 with block size 24.
Choose gate size 1
Current gradient magnitude: 5615.909730501469
New op index: 8	IIIIIIIY	$R_{Y}$[0]
gradient: 50.4206043257961
second_gradient: 0.0024810282436210818
b: 1.5708455334292635
f: 50.418123358594
Optimization terminated successfully    (Exit mode 0)
            Current function value: 37.99519218811055
            Iterations: 4
            Function evaluations: 36
            Gradient evaluations: 4
Special HardwareAdaptAnsatz24 selection activated
Checking gate size 1 with block size 24.
Choose gate size 1
Current gradient magnitude: 1715.3125285339581
New op index: 12	IIIYIIII	$R_{Y}$[4]
gradient: -2.0000307581151304
second_gradient: 0.00483844418946758
b: -1.5732155069654727
f: 1.995198166462637
Optimization terminated successfully    (Exit mode 0)
            Current function value: 35.99754907911062
            Iterations: 6
            Function evaluations: 56
            Gradient evaluations: 6
Special HardwareAdaptAnsatz24 selection activated
Checking gate size 1 with block size 24.
Choose gate size 1
Current gradient magnitude: 962.4675400932496
New op index: 13	IIYIIIII	$R_{Y}$[5]
gradient: 52.001200465658926
second_gradient: 0.004902250031627911
b: 1.5708905986573385
f: 51.99629844669942
Optimization terminated successfully    (Exit mode 0)
            Current function value: -15.99999999999744
            Iterations: 2
            Function evaluations: 23
            Gradient evaluations: 2
Special HardwareAdaptAnsatz24 selection activated
Checking gate size 1 with block size 24.
Checking gate size 2 with block size 63.
Checking gate size 3 with block size 162.
Checking gate size 4 with block size 405.
Checking gate size 5 with block size 972.
Checking gate size 6 with block size 2187.
Checking gate size 7 with block size 4374.
Checking gate size 8 with block size 6561.
Current gradient magnitude: 0.0006048397791951609
New op index: 15	YIIIIIII	$R_{Y}$[7]
gradient: -9.768515703826907e-06
second_gradient: 51.99999999999931
b: -3.141592465733722
f: 9.166001291305292e-13
Precision cutoff reached.
-----Beginning pprint-----
/:
	Attributes:
		ProcessId: 26833315
	2026-08-04_17-42-13-26833315:
		Attributes:
			HamiltonianType: ZeroChargePenalty
			Last-Modified: 2026-08-04_17-42-13
			ProcessId: 26833315
			SimulatorType: Statevector
			SolverName: AdaptVQE
			SystemName: FreeWilson2D
			n_x: 2
			n_y: 2
			r: 1.0
		AdaptOptions:
			Attributes:
				SelSeed: 26833315
				allow_duplicate_gates: False
				gradient_hamiltonian_type: HamiltonianType.ZeroChargePenalty
				max_depth: 50
				parameter_prec_cutoff: 0.001
				prec_cutoff: 0.001
				precision: 0
		AnsatzOperatorDerivatives: Dataset (dtype=float64, shape=(50, 27, 14748), maxshape=(50, None, 14748))
			Attributes:
				DIMENSION_LABELS: ['mass' 'AnsatzOperatorAxis' 'AnsatzPoolOperatorAxis']
				NDataDims: 2
		AnsatzOperatorSecondDerivatives: Dataset (dtype=float64, shape=(50, 27, 14748), maxshape=(50, None, 14748))
			Attributes:
				DIMENSION_LABELS: ['mass' 'AnsatzOperatorAxis' 'AnsatzPoolOperatorAxis']
				NDataDims: 2
		AnsatzOperators: Dataset (dtype=int64, shape=(50, 26), maxshape=(50, None))
			Attributes:
				DIMENSION_LABELS: ['mass' 'AnsatzOperatorAxis']
				NDataDims: 1
		Circuit:
			Attributes:
				Ansatz: HardwareAdaptAnsatz24
			AnsatzOptions:
				Attributes:
					num_qubits: 8
		CircuitParameters: Dataset (dtype=float64, shape=(50, 6280, 26), maxshape=(50, None, None))
			Attributes:
				DIMENSION_LABELS: ['mass' 'IterationAxis' 'CircuitParameterAxis']
				NDataDims: 2
		Data:
			Attributes:
			evs:
				Attributes:
				Hamiltonian: Dataset (dtype=float64, shape=(50, 6280), maxshape=(50, None))
					Attributes:
						DIMENSION_LABELS: ['mass' 'IterationAxis']
						NDataDims: 1
			stds:
				Attributes:
				Hamiltonian: Dataset (dtype=float64, shape=(50, 6280), maxshape=(50, None))
					Attributes:
						DIMENSION_LABELS: ['mass' 'IterationAxis']
						NDataDims: 1
		EstimatorOptions:
			Attributes:
				_VERSION: 2
				default_precision: Unset
				default_shots: Unset
				experimental: Unset
				max_execution_time: Unset
				resilience_level: Unset
				seed_estimator: 26833315
			dynamical_decoupling:
				Attributes:
					enable: Unset
					extra_slack_distribution: Unset
					scheduling_method: Unset
					sequence_type: Unset
					skip_reset_qubits: Unset
			environment:
				Attributes:
					job_tags: None
					log_level: WARNING
					private: False
			execution:
				Attributes:
					init_qubits: Unset
					rep_delay: Unset
			resilience:
				Attributes:
					layer_noise_model: Unset
					measure_mitigation: Unset
					pec_mitigation: Unset
					zne_mitigation: Unset
				layer_noise_learning:
					Attributes:
						layer_pair_depths: Unset
						max_layers_to_learn: Unset
						num_randomizations: Unset
						shots_per_randomization: Unset
				measure_noise_learning:
					Attributes:
						num_randomizations: Unset
						shots_per_randomization: Unset
				pec:
					Attributes:
						max_overhead: Unset
						noise_gain: Unset
				zne:
					Attributes:
						amplifier: Unset
						extrapolated_noise_factors: Unset
						extrapolator: Unset
						noise_factors: Unset
			simulator:
				Attributes:
					basis_gates: Unset
					coupling_map: Unset
					noise_model: Unset
					seed_simulator: Unset
			twirling:
				Attributes:
					enable_gates: Unset
					enable_measure: Unset
					num_randomizations: Unset
					shots_per_randomization: Unset
					strategy: Unset
		MetaData:
			Attributes:
			circuit_metadata: Dataset (dtype=object, shape=(50, 6280), maxshape=(50, None))
				Attributes:
					DIMENSION_LABELS: ['mass' 'IterationAxis']
					NDataDims: 1
			target_precision: Dataset (dtype=float64, shape=(50, 6280), maxshape=(50, None))
				Attributes:
					DIMENSION_LABELS: ['mass' 'IterationAxis']
					NDataDims: 1
			version: Dataset (dtype=int64, shape=(50, 6280), maxshape=(50, None))
				Attributes:
					DIMENSION_LABELS: ['mass' 'IterationAxis']
					NDataDims: 1
		NIterations: Dataset (dtype=int64, shape=(50,), maxshape=(50,))
			Attributes:
				DIMENSION_LABELS: ['mass']
				NDataDims: 0
		OptimizerOptions:
			Attributes:
				bounds: None
				callback: None
				constraints: []
				method: slsqp
				tol: None
				x0Seed: 26833315
			options:
				Attributes:
					disp: 1
					maxiter: 20000
		PresetPassManagerOptions:
			Attributes:
		SimulatorOptions:
			Attributes:
		StartIterations: Dataset (dtype=int64, shape=(50, 26), maxshape=(50, None))
			Attributes:
				DIMENSION_LABELS: ['mass' 'AnsatzOperatorAxis']
				NDataDims: 1
		VersionInfo:
			Attributes:
				QiskitAerVersion: 0.17.2
				QiskitIBMRuntimeVersion: 0.45.0
				QiskitVersion: 2.5.1
		mass: Dataset (dtype=float64, shape=(50,), maxshape=(50,))
			Attributes:
-----Ending pprint-----
End 2026-08-05 00:22:11 | 26833315 MyPyJob | node085 | /home/s6nidich_hpc/PycharmProjects/QC-MasterThesis 

