Start 2026-07-24 13:52:48 | 26631349 MyPyJob | lmnode193 | /home/s6nidich_hpc/PycharmProjects/QC-MasterThesis 

Used python interpreter:
/home/s6nidich_hpc/PycharmProjects/QC-MasterThesis/.venv_intel_3_12_3/bin/python
Python version:
Python 3.12.3

Currently Loaded Modules:
  1) GCCcore/14.3.0                    8) Tcl/9.0.1-GCCcore-14.3.0
  2) zlib/1.3.1-GCCcore-14.3.0         9) SQLite/3.50.1-GCCcore-14.3.0
  3) binutils/2.44-GCCcore-14.3.0     10) XZ/5.8.1-GCCcore-14.3.0
  4) bzip2/1.0.8-GCCcore-14.3.0       11) libffi/3.5.1-GCCcore-14.3.0
  5) ncurses/6.5-GCCcore-14.3.0       12) OpenSSL/3
  6) libreadline/8.2-GCCcore-14.3.0   13) Python/3.13.5-GCCcore-14.3.0
  7) libtommath/1.3.0-GCCcore-14.3.0

 

Start of Program:

-----Beginning pprint-----
/:
	Attributes:
-----Ending pprint-----
Calculating energies for FreeWilson2D(N_x=2, N_y=2, mass=-6.000, r=1.000)
h_im: 0.0
New op index: 10	$R_Y$[3]
Current grad: 17.999999999999986
[ 3.14159265 -1.57079633  3.14159265  3.14159265  1.57079633  3.14159265
  3.14159265 -1.57079633  3.14159265  3.14159265  1.32581766  0.
  3.14159265  1.32581766  0.          3.14159265 -1.57079633  3.14159265
  3.14159265  1.57079633  3.14159265  3.14159265 -1.57079633  3.14159265
  3.14159265  3.14159265  3.14159265  3.14159265  3.14159265  3.14159265
  3.14159265  0.          0.          3.14159265  3.14159265  3.14159265
  3.14159265  0.          0.          3.14159265  3.14159265  3.14159265
  3.14159265  3.14159265  3.14159265] 
 [0.         2.         0.         0.         2.5        0.
 0.         2.5        0.         0.         2.56155281 1.
 0.         2.56155281 1.         0.         2.5        0.
 0.         2.5        0.         0.         2.         0.
 0.         0.         0.         0.         0.         0.
 0.         1.         1.         0.         0.         0.
 0.         1.         1.         0.         0.         0.
 0.         0.         0.        ]
sweep    1  f = 197.9384472  (Delta f = -2.84e-14)
New op index: 16	$R_Y$[5]
Current grad: 340.44353598827354
[ 3.14159265 -1.57079633  3.14159265  3.14159265 -1.57079633  3.14159265
  3.14159265 -1.57079633  3.14159265  3.14159265 -3.14159265  3.14159265
  0.         -1.57343131  3.14159265  0.         -1.57079633  3.14159265
  0.         -1.57079633  0.          0.         -1.57079633  3.14159265
  3.14159265  3.14159265  3.14159265  3.14159265  3.14159265  3.14159265
  3.14159265  3.14159265  3.14159265  3.14159265  3.14159265  0.
  0.          3.14159265  3.14159265  0.          0.          3.14159265
  0.          0.          3.14159265] 
 [0.00000000e+00 5.05071250e+01 0.00000000e+00 0.00000000e+00
 4.60071250e+01 0.00000000e+00 0.00000000e+00 5.03858572e+01
 0.00000000e+00 0.00000000e+00 0.00000000e+00 0.00000000e+00
 3.89618893e-15 4.59009457e+01 0.00000000e+00 6.73636494e-15
 5.10071250e+01 0.00000000e+00 2.23562488e-15 4.60071250e+01
 1.99493200e-17 1.09907743e-14 5.05071250e+01 0.00000000e+00
 0.00000000e+00 0.00000000e+00 0.00000000e+00 0.00000000e+00
 0.00000000e+00 0.00000000e+00 0.00000000e+00 0.00000000e+00
 0.00000000e+00 0.00000000e+00 0.00000000e+00 1.99493200e-17
 1.16100705e-14 0.00000000e+00 0.00000000e+00 7.13838710e-15
 7.16917845e-15 0.00000000e+00 8.63718819e-15 8.72045491e-15
 0.00000000e+00]
sweep    1  f = 145.4975962  (Delta f = 1.43)
sweep    2  f = 145.4975962  (Delta f = 0)
New op index: 4	$R_Y$[1]
Current grad: 12.495192873072796
[ 3.14159265 -1.57079633  3.14159265  3.14159265  1.57079633  3.14159265
  3.14159265 -1.57079633  0.          3.14159265  3.14159265  3.14159265
  0.          1.81776213  3.14159265  3.14159265 -3.14159265  0.
  0.          1.81550338  3.14159265  3.14159265 -1.57079633  0.
  3.14159265  3.14159265  3.14159265  3.14159265  0.          0.
  3.14159265  3.14159265  3.14159265  3.14159265  3.14159265  3.14159265
  3.14159265  3.14159265  3.14159265  3.14159265  3.14159265  3.14159265
  0.          3.14159265  3.14159265] 
 [0.00000000e+00 1.99768877e+00 0.00000000e+00 0.00000000e+00
 2.50231123e+00 0.00000000e+00 0.00000000e+00 1.99288131e+00
 4.39804158e-33 0.00000000e+00 0.00000000e+00 0.00000000e+00
 9.95559751e-15 1.56015762e+00 0.00000000e+00 0.00000000e+00
 0.00000000e+00 7.92791006e-33 5.73675002e-15 1.56379511e+00
 0.00000000e+00 0.00000000e+00 1.99768877e+00 3.52986848e-33
 0.00000000e+00 0.00000000e+00 0.00000000e+00 0.00000000e+00
 4.39804158e-33 4.39804158e-33 0.00000000e+00 0.00000000e+00
 0.00000000e+00 0.00000000e+00 0.00000000e+00 0.00000000e+00
 0.00000000e+00 0.00000000e+00 0.00000000e+00 0.00000000e+00
 0.00000000e+00 0.00000000e+00 6.42876746e-15 0.00000000e+00
 0.00000000e+00]
sweep    1  f = 142.9384472  (Delta f = 0.0568)
sweep    2  f = 142.9384472  (Delta f = 0)
New op index: 22	$R_Y$[7]
Current grad: 244.53561339718325
[ 3.14159265 -1.5806956   3.14159265  3.14159265 -3.14159265  3.14159265
  3.14159265 -1.5806956   3.14159265  3.14159265 -3.14159245  3.14159265
  0.         -1.58415409  3.14159265  3.14159265 -3.14159265  3.14159265
  3.14159265 -1.58154695  3.14159265  3.14159265 -1.57079633  3.14159265
  3.14159265  3.14159265  3.14159265  3.14159265  3.14159265  3.14159265
  3.14159265  3.14159265  3.14159265  3.14159265  3.14159265  3.14159265
  3.14159265  3.14159265  3.14159265  3.14159265  3.14159265  3.14159265
  3.14159265  3.14159265  3.14159265] 
 [0.00000000e+00 5.00095974e+01 0.00000000e+00 0.00000000e+00
 0.00000000e+00 0.00000000e+00 0.00000000e+00 5.00095974e+01
 0.00000000e+00 0.00000000e+00 4.08562073e-14 0.00000000e+00
 1.63714528e-15 4.58900041e+01 0.00000000e+00 0.00000000e+00
 0.00000000e+00 0.00000000e+00 0.00000000e+00 4.60098103e+01
 0.00000000e+00 0.00000000e+00 5.05071226e+01 0.00000000e+00
 0.00000000e+00 0.00000000e+00 0.00000000e+00 0.00000000e+00
 0.00000000e+00 0.00000000e+00 0.00000000e+00 0.00000000e+00
 0.00000000e+00 0.00000000e+00 0.00000000e+00 0.00000000e+00
 0.00000000e+00 0.00000000e+00 0.00000000e+00 0.00000000e+00
 0.00000000e+00 0.00000000e+00 0.00000000e+00 0.00000000e+00
 0.00000000e+00]
sweep    1  f = 90.99759621  (Delta f = 1.43)
sweep    2  f = 90.99759621  (Delta f = 0)
New op index: 19	$R_Y$[6]
Current grad: 8.000001841254722
[ 3.14159265 -1.81604719  3.14159265  3.14159265 -3.14159265  3.14159265
  3.14159265 -1.81604719  3.14159265  3.14159265  3.14159262  3.14159265
  3.14159265  1.81776213  3.14159265  3.14159265 -3.14159265  3.14159265
  0.          1.81550338  3.14159265  3.14159265 -3.14159265  3.14159265
  3.14159265  3.14159265  3.14159265  3.14159265  3.14159265  3.14159265
  3.14159265  3.14159265  3.14159265  3.14159265  3.14159265  3.14159265
  3.14159265  3.14159265  3.14159265  3.14159265  3.14159265  3.14159265
  3.14159265  3.14159265  3.14159265] 
 [0.00000000e+00 1.55931068e+00 0.00000000e+00 0.00000000e+00
 0.00000000e+00 0.00000000e+00 0.00000000e+00 1.55931068e+00
 0.00000000e+00 0.00000000e+00 2.84217094e-14 0.00000000e+00
 0.00000000e+00 1.56015762e+00 0.00000000e+00 0.00000000e+00
 0.00000000e+00 0.00000000e+00 1.86588145e-15 1.56379510e+00
 0.00000000e+00 0.00000000e+00 0.00000000e+00 0.00000000e+00
 0.00000000e+00 0.00000000e+00 0.00000000e+00 0.00000000e+00
 0.00000000e+00 0.00000000e+00 0.00000000e+00 0.00000000e+00
 0.00000000e+00 0.00000000e+00 0.00000000e+00 0.00000000e+00
 0.00000000e+00 0.00000000e+00 0.00000000e+00 0.00000000e+00
 0.00000000e+00 0.00000000e+00 0.00000000e+00 0.00000000e+00
 0.00000000e+00]
sweep    1  f = 89.39989842  (Delta f = 0.0339)
sweep    2  f = 89.39873305  (Delta f = 0.00117)
sweep    3  f = 89.39863112  (Delta f = 0.000102)
sweep    4  f = 89.3986218  (Delta f = 9.32e-06)
sweep    5  f = 89.39862094  (Delta f = 8.58e-07)
sweep    6  f = 89.39862086  (Delta f = 7.94e-08)
sweep    7  f = 89.39862085  (Delta f = 7.33e-09)
New op index: 1	$R_Y$[0]
Current grad: 147.28328995935797
[ 3.14159265 -1.58071118  3.14159265  3.14159265 -3.14159265  3.14159265
  3.14159265 -1.58071118  3.14159265  3.14159265  3.1415737   3.14159265
  0.         -1.5746007   3.14159265  3.14159265  3.14159261  0.
  3.14159265  3.14159265  3.14159265  3.14159265 -3.14159265  0.
  3.14159265  3.14159265  3.14159265  3.14159265  3.14159265  3.14159265
  3.14159265  3.14159265  3.14159265  3.14159265  3.14159265  3.14159265
  3.14159265  3.14159265  3.14159265  3.14159265  3.14159265  3.14159265
  3.14159265  3.14159265  3.14159265] 
 [0.00000000e+00 4.99302228e+01 0.00000000e+00 0.00000000e+00
 0.00000000e+00 0.00000000e+00 0.00000000e+00 4.99302228e+01
 0.00000000e+00 0.00000000e+00 5.08435072e-10 0.00000000e+00
 8.55435514e-17 4.62514508e+01 0.00000000e+00 0.00000000e+00
 8.52651283e-14 4.73821351e-24 0.00000000e+00 0.00000000e+00
 0.00000000e+00 0.00000000e+00 0.00000000e+00 4.76406290e-24
 0.00000000e+00 0.00000000e+00 0.00000000e+00 0.00000000e+00
 0.00000000e+00 0.00000000e+00 0.00000000e+00 0.00000000e+00
 0.00000000e+00 0.00000000e+00 0.00000000e+00 0.00000000e+00
 0.00000000e+00 0.00000000e+00 0.00000000e+00 0.00000000e+00
 0.00000000e+00 0.00000000e+00 0.00000000e+00 0.00000000e+00
 0.00000000e+00]
sweep    1  f = 37.99278905  (Delta f = 1.48)
sweep    2  f = 37.99278852  (Delta f = 5.3e-07)
sweep    3  f = 37.99278852  (Delta f = -1.07e-13)
New op index: 7	$R_Y$[2]
Current grad: 4.000002230868047
[ 3.14159265 -3.14159264  3.14159265  3.14159265 -3.14159265  3.14159265
  3.14159265 -1.57320306  3.14159265  3.14159265 -3.14159264  3.14159265
  0.          1.57559821  3.14159265  3.14159265 -3.14159264  3.14159265
  3.14159265 -3.14159265  3.14159265  3.14159265  3.14159265  3.14159265
  3.14159265  3.14159265  3.14159265  3.14159265  3.14159265  3.14159265
  3.14159265  3.14159265  3.14159265  3.14159265  3.14159265  3.14159265
  3.14159265  3.14159265  3.14159265  3.14159265  3.14159265  3.14159265
  3.14159265  3.14159265  3.14159265] 
 [0.00000000e+00 7.10542736e-15 0.00000000e+00 0.00000000e+00
 0.00000000e+00 0.00000000e+00 0.00000000e+00 1.99288706e+00
 0.00000000e+00 0.00000000e+00 0.00000000e+00 0.00000000e+00
 1.97731239e-15 1.99271897e+00 0.00000000e+00 0.00000000e+00
 1.42108547e-14 0.00000000e+00 0.00000000e+00 0.00000000e+00
 0.00000000e+00 0.00000000e+00 0.00000000e+00 0.00000000e+00
 0.00000000e+00 0.00000000e+00 0.00000000e+00 0.00000000e+00
 0.00000000e+00 0.00000000e+00 0.00000000e+00 0.00000000e+00
 0.00000000e+00 0.00000000e+00 0.00000000e+00 0.00000000e+00
 0.00000000e+00 0.00000000e+00 0.00000000e+00 0.00000000e+00
 0.00000000e+00 0.00000000e+00 0.00000000e+00 0.00000000e+00
 0.00000000e+00]
sweep    1  f = 35.99754935  (Delta f = 0.00235)
sweep    2  f = 35.99754901  (Delta f = 3.39e-07)
sweep    3  f = 35.99754901  (Delta f = 1.33e-09)
New op index: 13	$R_Y$[4]
Current grad: 52.00121275852653
[ 3.14159265 -3.14159025  3.14159265  3.14159265  3.14159264  3.14159265
  3.14159265 -3.14159265  3.14159265  3.14159265  3.14159263  3.14159265
  0.          1.57089059  3.14159265  3.14159265 -3.14159226  0.
  3.14159265 -3.14159264  3.14159265  3.14159265  3.1415923   0.
  3.14159265  3.14159265  3.14159265  3.14159265  3.14159265  3.14159265
  3.14159265  3.14159265  3.14159265  3.14159265  3.14159265  3.14159265
  3.14159265  3.14159265  3.14159265  3.14159265  3.14159265  3.14159265
  3.14159265  3.14159265  3.14159265] 
 [0.00000000e+00 5.76627635e-12 0.00000000e+00 0.00000000e+00
 1.42108547e-14 0.00000000e+00 0.00000000e+00 0.00000000e+00
 0.00000000e+00 0.00000000e+00 1.42108547e-14 0.00000000e+00
 4.45020247e-15 5.19962998e+01 0.00000000e+00 0.00000000e+00
 1.57207580e-13 8.88622859e-14 0.00000000e+00 1.42108547e-14
 0.00000000e+00 0.00000000e+00 1.24122934e-13 8.88622859e-14
 0.00000000e+00 0.00000000e+00 0.00000000e+00 0.00000000e+00
 0.00000000e+00 0.00000000e+00 0.00000000e+00 0.00000000e+00
 0.00000000e+00 0.00000000e+00 0.00000000e+00 0.00000000e+00
 0.00000000e+00 0.00000000e+00 0.00000000e+00 0.00000000e+00
 0.00000000e+00 0.00000000e+00 0.00000000e+00 0.00000000e+00
 0.00000000e+00]
sweep    1  f = -15.99999994  (Delta f = 0.00125)
sweep    2  f = -16  (Delta f = 5.78e-08)
sweep    3  f = -16  (Delta f = 6.44e-12)
New op index: 10	$R_Y$[3]
Current grad: 5.8781277664162555e-06
[ 3.14159265 -3.14159263  0.          3.14159265  3.14159264  0.
  3.14159265  3.14159265  0.          3.14159265 -3.14159262  0.
  3.14159265 -3.14159265  0.          3.14159265 -3.14159265  0.
  3.14159265  3.14159265  0.          3.14159265  3.14159263  0.
  3.14159265  3.14159265  0.          3.14159265  3.14159265  0.
  3.14159265  3.14159265  0.          3.14159265  3.14159265  0.
  3.14159265  3.14159265  0.          3.14159265  3.14159265  0.
  3.14159265  3.14159265  0.        ] 
 [0.00000000e+00 2.13162821e-14 5.85399812e-16 0.00000000e+00
 7.10542736e-15 4.60057155e-16 0.00000000e+00 0.00000000e+00
 1.40215401e-17 0.00000000e+00 3.55271368e-14 4.08986682e-16
 0.00000000e+00 0.00000000e+00 3.65900250e-17 0.00000000e+00
 0.00000000e+00 1.44257541e-16 0.00000000e+00 0.00000000e+00
 8.76604974e-17 0.00000000e+00 1.42108547e-14 7.15635814e-16
 0.00000000e+00 0.00000000e+00 1.04545697e-15 0.00000000e+00
 0.00000000e+00 4.74078695e-16 0.00000000e+00 0.00000000e+00
 4.23008222e-16 0.00000000e+00 0.00000000e+00 3.85313270e-16
 0.00000000e+00 0.00000000e+00 1.80847566e-16 0.00000000e+00
 0.00000000e+00 2.31918039e-16 0.00000000e+00 0.00000000e+00
 8.03296311e-16]
Precision cutoff reached.
Calculating energies for FreeWilson2D(N_x=2, N_y=2, mass=-5.837, r=1.000)
h_im: 0.0
New op index: 10	$R_Y$[3]
Current grad: 17.34693877551019
[ 3.14159265 -1.57079633  3.14159265  3.14159265  1.57079633  3.14159265
  3.14159265 -1.57079633  3.14159265  3.14159265  1.31583048  0.
  3.14159265  1.31583048  0.          3.14159265 -1.57079633  3.14159265
  3.14159265  1.57079633  3.14159265  3.14159265 -1.57079633  3.14159265
  3.14159265  3.14159265  3.14159265  3.14159265  3.14159265  3.14159265
  3.14159265  0.          0.          3.14159265  3.14159265  3.14159265
  3.14159265  0.          0.          3.14159265  3.14159265  3.14159265
  3.14159265  3.14159265  3.14159265] 
 [0.         1.91836735 0.         0.         2.41836735 0.
 0.         2.41836735 0.         0.         2.48245637 1.
 0.         2.48245637 1.         0.         2.41836735 0.
 0.         2.41836735 0.         0.         1.91836735 0.
 0.         0.         0.         0.         0.         0.
 0.         1.         1.         0.         0.         0.
 0.         1.         1.         0.         0.         0.
 0.         0.         0.        ]
sweep    1  f = 198.0175436  (Delta f = -2.84e-14)
New op index: 16	$R_Y$[5]
Current grad: 339.4935937631691
[ 3.14159265 -1.57079633  3.14159265  3.14159265 -1.57079633  3.14159265
  3.14159265 -1.57079633  0.          3.14159265 -3.14159265  3.14159265
  3.14159265 -1.57353887  3.14159265  3.14159265 -1.57079633  3.14159265
  3.14159265 -1.57079633  3.14159265  3.14159265 -1.57079633  3.14159265
  3.14159265  3.14159265  3.14159265  3.14159265  0.          0.
  3.14159265  3.14159265  3.14159265  3.14159265  3.14159265  3.14159265
  3.14159265  3.14159265  3.14159265  3.14159265  3.14159265  3.14159265
  3.14159265  3.14159265  3.14159265] 
 [0.00000000e+00 5.03019629e+01 0.00000000e+00 0.00000000e+00
 4.59652282e+01 0.00000000e+00 0.00000000e+00 5.01758567e+01
 9.97465999e-18 0.00000000e+00 0.00000000e+00 0.00000000e+00
 0.00000000e+00 4.58554590e+01 0.00000000e+00 0.00000000e+00
 5.08019629e+01 0.00000000e+00 0.00000000e+00 4.59652282e+01
 0.00000000e+00 0.00000000e+00 5.03019629e+01 0.00000000e+00
 0.00000000e+00 0.00000000e+00 0.00000000e+00 0.00000000e+00
 9.97465999e-18 9.97465999e-18 0.00000000e+00 0.00000000e+00
 0.00000000e+00 0.00000000e+00 0.00000000e+00 0.00000000e+00
 0.00000000e+00 0.00000000e+00 0.00000000e+00 0.00000000e+00
 0.00000000e+00 0.00000000e+00 0.00000000e+00 0.00000000e+00
 0.00000000e+00]
sweep    1  f = 145.6608577  (Delta f = 1.55)
sweep    2  f = 145.6608577  (Delta f = 0)
New op index: 4	$R_Y$[1]
Current grad: 12.005394925983932
[ 3.14159265 -1.57079633  3.14159265  3.14159265  1.57079633  3.14159265
  3.14159265 -1.57079633  0.          3.14159265 -3.14159254  3.14159265
  3.14159265  1.82781395  3.14159265  3.14159265  3.14159265  0.
  3.14159265  1.82546754  3.14159265  0.         -1.57079633  0.
  3.14159265  3.14159265  3.14159265  3.14159265  0.          0.
  3.14159265  3.14159265  3.14159265  3.14159265  3.14159265  3.14159265
  3.14159265  3.14159265  3.14159265  3.14159265  3.14159265  3.14159265
  3.14159265  3.14159265  3.14159265] 
 [0.00000000e+00 1.91604879e+00 0.00000000e+00 0.00000000e+00
 2.42068591e+00 0.00000000e+00 0.00000000e+00 1.91123370e+00
 3.03869221e-27 0.00000000e+00 3.33955086e-13 0.00000000e+00
 0.00000000e+00 1.48110350e+00 0.00000000e+00 0.00000000e+00
 0.00000000e+00 2.28107019e-26 0.00000000e+00 1.48470006e+00
 0.00000000e+00 7.09738998e-15 1.91604879e+00 1.97720097e-26
 0.00000000e+00 0.00000000e+00 0.00000000e+00 0.00000000e+00
 3.03869221e-27 3.03869221e-27 0.00000000e+00 0.00000000e+00
 0.00000000e+00 0.00000000e+00 0.00000000e+00 0.00000000e+00
 0.00000000e+00 0.00000000e+00 0.00000000e+00 0.00000000e+00
 0.00000000e+00 0.00000000e+00 0.00000000e+00 0.00000000e+00
 0.00000000e+00]
sweep    1  f = 143.1808089  (Delta f = 0.0594)
sweep    2  f = 143.1808089  (Delta f = 0)
New op index: 22	$R_Y$[7]
Current grad: 243.8364343427658
[ 3.14159265 -1.58073597  3.14159265  3.14159265 -3.14159265  3.14159265
  3.14159265 -1.58073597  3.14159265  3.14159265  3.1415913   3.14159265
  0.         -1.58427022  3.14159265  3.14159265 -3.14159264  0.
  0.         -1.58155664  3.14159265  3.14159265 -1.57079633  0.
  3.14159265  3.14159265  3.14159265  3.14159265  3.14159265  3.14159265
  3.14159265  3.14159265  3.14159265  3.14159265  3.14159265  3.14159265
  3.14159265  3.14159265  3.14159265  3.14159265  3.14159265  3.14159265
  0.          3.14159265  3.14159265] 
 [0.00000000e+00 4.98044649e+01 0.00000000e+00 0.00000000e+00
 0.00000000e+00 0.00000000e+00 0.00000000e+00 4.98044649e+01
 0.00000000e+00 0.00000000e+00 1.81987758e-12 0.00000000e+00
 5.05408144e-15 4.58433578e+01 0.00000000e+00 0.00000000e+00
 0.00000000e+00 4.03896783e-25 4.89434528e-15 4.59679353e+01
 0.00000000e+00 0.00000000e+00 5.03019799e+01 3.94203261e-25
 0.00000000e+00 0.00000000e+00 0.00000000e+00 0.00000000e+00
 0.00000000e+00 0.00000000e+00 0.00000000e+00 0.00000000e+00
 0.00000000e+00 0.00000000e+00 0.00000000e+00 0.00000000e+00
 0.00000000e+00 0.00000000e+00 0.00000000e+00 0.00000000e+00
 0.00000000e+00 0.00000000e+00 7.40813660e-15 0.00000000e+00
 0.00000000e+00]
sweep    1  f = 91.32412304  (Delta f = 1.55)
sweep    2  f = 91.32412304  (Delta f = 0)
New op index: 19	$R_Y$[6]
Current grad: 7.673475001320851
[ 3.14159265 -1.82605748  3.14159265  3.14159265 -3.14159265  3.14159265
  3.14159265 -1.82605748  3.14159265  3.14159265 -3.14159259  3.14159265
  3.14159265  1.82781394  3.14159265  3.14159265 -3.14159261  0.
  3.14159265  1.82546754  3.14159265  3.14159265 -3.14159265  0.
  3.14159265  3.14159265  3.14159265  3.14159265  3.14159265  3.14159265
  3.14159265  3.14159265  3.14159265  3.14159265  3.14159265  3.14159265
  3.14159265  3.14159265  3.14159265  3.14159265  3.14159265  3.14159265
  3.14159265  3.14159265  3.14159265] 
 [0.00000000e+00 1.48021288e+00 0.00000000e+00 0.00000000e+00
 0.00000000e+00 0.00000000e+00 0.00000000e+00 1.48021288e+00
 0.00000000e+00 0.00000000e+00 1.20792265e-13 0.00000000e+00
 0.00000000e+00 1.48110351e+00 0.00000000e+00 0.00000000e+00
 3.55271368e-14 3.06014922e-24 0.00000000e+00 1.48470004e+00
 0.00000000e+00 0.00000000e+00 0.00000000e+00 7.50075832e-40
 0.00000000e+00 0.00000000e+00 0.00000000e+00 0.00000000e+00
 0.00000000e+00 0.00000000e+00 0.00000000e+00 0.00000000e+00
 0.00000000e+00 0.00000000e+00 0.00000000e+00 0.00000000e+00
 0.00000000e+00 0.00000000e+00 0.00000000e+00 0.00000000e+00
 0.00000000e+00 0.00000000e+00 0.00000000e+00 0.00000000e+00
 0.00000000e+00]
sweep    1  f = 89.80573564  (Delta f = 0.0337)
sweep    2  f = 89.80433897  (Delta f = 0.0014)
sweep    3  f = 89.80418841  (Delta f = 0.000151)
sweep    4  f = 89.80417129  (Delta f = 1.71e-05)
sweep    5  f = 89.80416933  (Delta f = 1.96e-06)
sweep    6  f = 89.80416911  (Delta f = 2.25e-07)
sweep    7  f = 89.80416908  (Delta f = 2.6e-08)
sweep    8  f = 89.80416908  (Delta f = 2.98e-09)
New op index: 1	$R_Y$[0]
Current grad: 147.0244385702737
[ 3.14159265 -1.58073892  3.14159265  3.14159265 -3.14159265  3.14159265
  3.14159265 -1.58073892  3.14159265  3.14159265  3.14157907  3.14159265
  0.         -1.57466905  3.14159265  3.14159265 -3.14159255  3.14159265
  3.14159265 -3.14159265  3.14159265  3.14159265  3.14159265  3.14159265
  3.14159265  3.14159265  3.14159265  3.14159265  3.14159265  3.14159265
  3.14159265  3.14159265  3.14159265  3.14159265  3.14159265  3.14159265
  3.14159265  3.14159265  3.14159265  3.14159265  3.14159265  3.14159265
  3.14159265  3.14159265  3.14159265] 
 [0.00000000e+00 4.97895275e+01 0.00000000e+00 0.00000000e+00
 0.00000000e+00 0.00000000e+00 0.00000000e+00 4.97895275e+01
 0.00000000e+00 0.00000000e+00 2.56589416e-10 0.00000000e+00
 4.52949686e-15 4.62707655e+01 0.00000000e+00 0.00000000e+00
 4.97379915e-13 0.00000000e+00 0.00000000e+00 0.00000000e+00
 0.00000000e+00 0.00000000e+00 0.00000000e+00 0.00000000e+00
 0.00000000e+00 0.00000000e+00 0.00000000e+00 0.00000000e+00
 0.00000000e+00 0.00000000e+00 0.00000000e+00 0.00000000e+00
 0.00000000e+00 0.00000000e+00 0.00000000e+00 0.00000000e+00
 0.00000000e+00 0.00000000e+00 0.00000000e+00 0.00000000e+00
 0.00000000e+00 0.00000000e+00 0.00000000e+00 0.00000000e+00
 0.00000000e+00]
sweep    1  f = 38.48257367  (Delta f = 1.53)
sweep    2  f = 38.4825731  (Delta f = 5.73e-07)
sweep    3  f = 38.4825731  (Delta f = 0)
New op index: 7	$R_Y$[2]
Current grad: 3.8367370643947685
[ 3.14159265  3.14159264  3.14159265  3.14159265 -3.14159265  3.14159265
  3.14159265 -1.57330954  3.14159265  3.14159265 -3.14159263  3.14159265
  0.          1.57581016  3.14159265  3.14159265  3.14159265  0.
  3.14159265  3.14159264  3.14159265  3.14159265 -3.14159265  0.
  3.14159265  3.14159265  3.14159265  3.14159265  3.14159265  3.14159265
  3.14159265  3.14159265  3.14159265  3.14159265  3.14159265  3.14159265
  3.14159265  3.14159265  3.14159265  3.14159265  3.14159265  3.14159265
  3.14159265  3.14159265  3.14159265] 
 [0.00000000e+00 7.10542736e-15 0.00000000e+00 0.00000000e+00
 0.00000000e+00 0.00000000e+00 0.00000000e+00 1.91123983e+00
 0.00000000e+00 0.00000000e+00 7.10542736e-15 0.00000000e+00
 3.38825870e-15 1.91107953e+00 0.00000000e+00 0.00000000e+00
 0.00000000e+00 1.49107245e-25 0.00000000e+00 7.10542736e-15
 0.00000000e+00 0.00000000e+00 0.00000000e+00 1.48464616e-25
 0.00000000e+00 0.00000000e+00 0.00000000e+00 0.00000000e+00
 0.00000000e+00 0.00000000e+00 0.00000000e+00 0.00000000e+00
 0.00000000e+00 0.00000000e+00 0.00000000e+00 0.00000000e+00
 0.00000000e+00 0.00000000e+00 0.00000000e+00 0.00000000e+00
 0.00000000e+00 0.00000000e+00 0.00000000e+00 0.00000000e+00
 0.00000000e+00]
sweep    1  f = 36.568976  (Delta f = 0.00236)
sweep    2  f = 36.56897562  (Delta f = 3.82e-07)
sweep    3  f = 36.56897562  (Delta f = 1.74e-09)
New op index: 13	$R_Y$[4]
Current grad: 51.9195802894259
[ 3.14159265 -3.14158972  3.14159265  3.14159265  3.14159265  3.14159265
  3.14159265  3.14159265  3.14159265  3.14159265 -3.14159264  3.14159265
  3.14159265  1.57089082  3.14159265  3.14159265 -3.1415922   3.14159265
  3.14159265  3.14159264  3.14159265  3.14159265 -3.14159264  3.14159265
  3.14159265  3.14159265  3.14159265  3.14159265  3.14159265  3.14159265
  3.14159265  3.14159265  3.14159265  3.14159265  3.14159265  3.14159265
  3.14159265  3.14159265  3.14159265  3.14159265  3.14159265  3.14159265
  3.14159265  3.14159265  3.14159265] 
 [0.00000000e+00 8.27293789e-12 0.00000000e+00 0.00000000e+00
 0.00000000e+00 0.00000000e+00 0.00000000e+00 0.00000000e+00
 0.00000000e+00 0.00000000e+00 1.42108547e-14 0.00000000e+00
 0.00000000e+00 5.19146652e+01 0.00000000e+00 0.00000000e+00
 2.00062189e-13 0.00000000e+00 0.00000000e+00 0.00000000e+00
 0.00000000e+00 0.00000000e+00 2.22044605e-16 0.00000000e+00
 0.00000000e+00 0.00000000e+00 0.00000000e+00 0.00000000e+00
 0.00000000e+00 0.00000000e+00 0.00000000e+00 0.00000000e+00
 0.00000000e+00 0.00000000e+00 0.00000000e+00 0.00000000e+00
 0.00000000e+00 0.00000000e+00 0.00000000e+00 0.00000000e+00
 0.00000000e+00 0.00000000e+00 0.00000000e+00 0.00000000e+00
 0.00000000e+00]
sweep    1  f = -15.34693872  (Delta f = 0.00125)
sweep    2  f = -15.34693878  (Delta f = 5.81e-08)
sweep    3  f = -15.34693878  (Delta f = 5.48e-12)
New op index: 4	$R_Y$[1]
Current grad: 4.215052995239844e-06
[ 3.14159265 -3.14159264  0.          3.14159265 -3.14159264  3.14159265
  3.14159265  3.14159264  0.          3.14159265 -3.14159265  3.14159265
  3.14159265  3.14159264  3.14159265  3.14159265 -3.14159263  0.
  3.14159265  3.14159265  3.14159265  3.14159265 -3.14159265  3.14159265
  3.14159265  3.14159265  0.          3.14159265  3.14159265  0.
  3.14159265  3.14159265  0.          3.14159265  3.14159265  3.14159265
  3.14159265  3.14159265  0.          3.14159265  3.14159265  0.
  3.14159265  3.14159265  3.14159265] 
 [0.00000000e+00 0.00000000e+00 1.76228095e-16 0.00000000e+00
 7.10542736e-15 0.00000000e+00 0.00000000e+00 0.00000000e+00
 4.88180237e-16 0.00000000e+00 0.00000000e+00 0.00000000e+00
 0.00000000e+00 0.00000000e+00 0.00000000e+00 0.00000000e+00
 7.10542736e-15 2.22683005e-16 0.00000000e+00 0.00000000e+00
 0.00000000e+00 0.00000000e+00 0.00000000e+00 0.00000000e+00
 0.00000000e+00 0.00000000e+00 9.88984899e-17 0.00000000e+00
 0.00000000e+00 4.10850632e-16 0.00000000e+00 0.00000000e+00
 3.65627120e-16 0.00000000e+00 0.00000000e+00 0.00000000e+00
 0.00000000e+00 0.00000000e+00 1.55864868e-16 0.00000000e+00
 0.00000000e+00 2.01088380e-16 0.00000000e+00 0.00000000e+00
 0.00000000e+00]
Precision cutoff reached.
Calculating energies for FreeWilson2D(N_x=2, N_y=2, mass=-5.673, r=1.000)
h_im: 0.0
New op index: 10	$R_Y$[3]
Current grad: 16.693877551020393
[ 3.14159265 -1.57079633  3.14159265  3.14159265  1.57079633  3.14159265
  3.14159265 -1.57079633  3.14159265  3.14159265  1.30501442  0.
  3.14159265  1.30501442  0.          3.14159265 -1.57079633  3.14159265
  3.14159265  1.57079633  3.14159265  3.14159265 -1.57079633  3.14159265
  3.14159265  3.14159265  3.14159265  3.14159265  3.14159265  3.14159265
  3.14159265  0.          0.          3.14159265  3.14159265  3.14159265
  3.14159265  0.          0.          3.14159265  3.14159265  3.14159265
  3.14159265  3.14159265  3.14159265] 
 [0.         1.83673469 0.         0.         2.33673469 0.
 0.         2.33673469 0.         0.         2.4035741  1.
 0.         2.4035741  1.         0.         2.33673469 0.
 0.         2.33673469 0.         0.         1.83673469 0.
 0.         0.         0.         0.         0.         0.
 0.         1.         1.         0.         0.         0.
 0.         1.         1.         0.         0.         0.
 0.         0.         0.        ]
sweep    1  f = 198.0964259  (Delta f = 3.13e-13)
New op index: 16	$R_Y$[5]
Current grad: 338.4335554312672
[ 3.14159265 -1.57079633  3.14159265  3.14159265 -1.57079633  3.14159265
  3.14159265 -1.57079633  3.14159265  3.14159265  3.14159265  3.14159265
  0.         -1.57365601  3.14159265  3.14159265 -1.57079633  3.14159265
  3.14159265 -1.57079633  0.          3.14159265 -1.57079633  3.14159265
  3.14159265  3.14159265  3.14159265  3.14159265  3.14159265  3.14159265
  3.14159265  3.14159265  3.14159265  3.14159265  3.14159265  0.
  0.          3.14159265  3.14159265  3.14159265  3.14159265  3.14159265
  3.14159265  3.14159265  3.14159265] 
 [0.00000000e+00 5.00811056e+01 0.00000000e+00 0.00000000e+00
 4.59076362e+01 0.00000000e+00 0.00000000e+00 4.99497737e+01
 0.00000000e+00 0.00000000e+00 0.00000000e+00 0.00000000e+00
 5.52619175e-15 4.57940484e+01 0.00000000e+00 0.00000000e+00
 5.05811056e+01 0.00000000e+00 0.00000000e+00 4.59076362e+01
 1.73472348e-18 0.00000000e+00 5.00811056e+01 0.00000000e+00
 0.00000000e+00 0.00000000e+00 0.00000000e+00 0.00000000e+00
 0.00000000e+00 0.00000000e+00 0.00000000e+00 0.00000000e+00
 0.00000000e+00 0.00000000e+00 0.00000000e+00 1.73472348e-18
 5.44018133e-15 0.00000000e+00 0.00000000e+00 0.00000000e+00
 0.00000000e+00 0.00000000e+00 0.00000000e+00 0.00000000e+00
 0.00000000e+00]
sweep    1  f = 145.8241193  (Delta f = 1.69)
sweep    2  f = 145.8241193  (Delta f = 0)
New op index: 4	$R_Y$[1]
Current grad: 11.515586890259831
[ 3.14159265 -1.57079633  3.14159265  3.14159265  1.57079633  3.14159265
  3.14159265 -1.57079633  3.14159265  3.14159265  3.14159264  3.14159265
  3.14159265  1.83869788  3.14159265  3.14159265 -3.14159264  0.
  0.          1.83625768  3.14159265  0.         -1.57079633  0.
  3.14159265  3.14159265  3.14159265  3.14159265  3.14159265  3.14159265
  3.14159265  3.14159265  3.14159265  3.14159265  3.14159265  3.14159265
  3.14159265  3.14159265  3.14159265  3.14159265  3.14159265  3.14159265
  0.          3.14159265  3.14159265] 
 [0.00000000e+00 1.83440889e+00 0.00000000e+00 0.00000000e+00
 2.33906050e+00 0.00000000e+00 0.00000000e+00 1.82958628e+00
 0.00000000e+00 0.00000000e+00 7.10542736e-15 0.00000000e+00
 0.00000000e+00 1.40226665e+00 0.00000000e+00 0.00000000e+00
 7.10542736e-15 3.14338983e-25 1.25884992e-14 1.40581834e+00
 0.00000000e+00 1.73470619e-15 1.83440889e+00 6.28677965e-25
 0.00000000e+00 0.00000000e+00 0.00000000e+00 0.00000000e+00
 0.00000000e+00 0.00000000e+00 0.00000000e+00 0.00000000e+00
 0.00000000e+00 0.00000000e+00 0.00000000e+00 0.00000000e+00
 0.00000000e+00 0.00000000e+00 0.00000000e+00 0.00000000e+00
 0.00000000e+00 0.00000000e+00 8.69992304e-15 0.00000000e+00
 0.00000000e+00]
sweep    1  f = 143.4229565  (Delta f = 0.0621)
sweep    2  f = 143.4229565  (Delta f = 8.53e-14)
New op index: 22	$R_Y$[7]
Current grad: 243.05855449361547
[ 3.14159265 -1.5807798   3.14159265  3.14159265  3.14159265  3.14159265
  3.14159265 -1.5807798   3.14159265  3.14159265 -3.1415921   3.14159265
  0.         -1.58439955  3.14159265  3.14159265 -3.14159265  3.14159265
  0.         -1.58157     3.14159265  3.14159265 -1.57079633  3.14159265
  3.14159265  3.14159265  3.14159265  3.14159265  3.14159265  3.14159265
  3.14159265  3.14159265  3.14159265  3.14159265  3.14159265  3.14159265
  3.14159265  3.14159265  3.14159265  3.14159265  3.14159265  3.14159265
  3.14159265  3.14159265  3.14159265] 
 [0.00000000e+00 4.95835942e+01 0.00000000e+00 0.00000000e+00
 0.00000000e+00 0.00000000e+00 0.00000000e+00 4.95835942e+01
 0.00000000e+00 0.00000000e+00 2.93098879e-13 0.00000000e+00
 5.43786246e-15 4.57805909e+01 0.00000000e+00 0.00000000e+00
 0.00000000e+00 0.00000000e+00 3.99910405e-15 4.59103224e+01
 0.00000000e+00 0.00000000e+00 5.00810983e+01 0.00000000e+00
 0.00000000e+00 0.00000000e+00 0.00000000e+00 0.00000000e+00
 0.00000000e+00 0.00000000e+00 0.00000000e+00 0.00000000e+00
 0.00000000e+00 0.00000000e+00 0.00000000e+00 0.00000000e+00
 0.00000000e+00 0.00000000e+00 0.00000000e+00 0.00000000e+00
 0.00000000e+00 0.00000000e+00 0.00000000e+00 0.00000000e+00
 0.00000000e+00]
sweep    1  f = 91.65064986  (Delta f = 1.69)
sweep    2  f = 91.65064986  (Delta f = 0)
New op index: 19	$R_Y$[6]
Current grad: 7.346940801796471
[ 3.14159265 -1.83689953  3.14159265  3.14159265  3.14159265  3.14159265
  3.14159265 -1.83689953  3.14159265  3.14159265  3.14159264  3.14159265
  3.14159265  1.83869788  3.14159265  3.14159265  3.14159263  0.
  0.          1.83625768  3.14159265  3.14159265 -3.14159265  0.
  3.14159265  3.14159265  3.14159265  3.14159265  3.14159265  3.14159265
  3.14159265  3.14159265  3.14159265  3.14159265  3.14159265  3.14159265
  3.14159265  3.14159265  3.14159265  3.14159265  3.14159265  3.14159265
  3.14159265  3.14159265  3.14159265] 
 [0.00000000e+00 1.40133006e+00 0.00000000e+00 0.00000000e+00
 0.00000000e+00 0.00000000e+00 0.00000000e+00 1.40133006e+00
 0.00000000e+00 0.00000000e+00 7.10542736e-15 0.00000000e+00
 0.00000000e+00 1.40226663e+00 0.00000000e+00 0.00000000e+00
 1.42108547e-14 1.64098214e-24 5.63523383e-15 1.40581833e+00
 0.00000000e+00 0.00000000e+00 0.00000000e+00 3.75054731e-40
 0.00000000e+00 0.00000000e+00 0.00000000e+00 0.00000000e+00
 0.00000000e+00 0.00000000e+00 0.00000000e+00 0.00000000e+00
 0.00000000e+00 0.00000000e+00 0.00000000e+00 0.00000000e+00
 0.00000000e+00 0.00000000e+00 0.00000000e+00 0.00000000e+00
 0.00000000e+00 0.00000000e+00 0.00000000e+00 0.00000000e+00
 0.00000000e+00]
sweep    1  f = 90.2115213  (Delta f = 0.0333)
sweep    2  f = 90.20987302  (Delta f = 0.00165)
sweep    3  f = 90.20965505  (Delta f = 0.000218)
sweep    4  f = 90.20962433  (Delta f = 3.07e-05)
sweep    5  f = 90.20961995  (Delta f = 4.38e-06)
sweep    6  f = 90.20961933  (Delta f = 6.25e-07)
sweep    7  f = 90.20961924  (Delta f = 8.95e-08)
sweep    8  f = 90.20961922  (Delta f = 1.26e-08)
sweep    9  f = 90.20961922  (Delta f = 1.84e-09)
New op index: 7	$R_Y$[2]
Current grad: 146.75940600629278
[ 3.14159265 -1.58076722  3.14159265  3.14159265 -3.14159263  3.14159265
  3.14159265 -1.58076722  3.14159265  3.14159265  3.14158077  3.14159265
  0.         -1.57473859  3.14159265  3.14159265 -3.14159265  3.14159265
  3.14159265  3.14159265  3.14159265  3.14159265 -3.14159265  3.14159265
  3.14159265  3.14159265  3.14159265  3.14159265  3.14159265  3.14159265
  3.14159265  3.14159265  3.14159265  3.14159265  3.14159265  3.14159265
  3.14159265  3.14159265  3.14159265  3.14159265  3.14159265  3.14159265
  3.14159265  3.14159265  3.14159265] 
 [0.00000000e+00 4.96467734e+01 0.00000000e+00 0.00000000e+00
 8.88178420e-16 0.00000000e+00 0.00000000e+00 4.96467734e+01
 0.00000000e+00 0.00000000e+00 1.92665439e-10 0.00000000e+00
 3.73565067e-15 4.62879713e+01 0.00000000e+00 0.00000000e+00
 0.00000000e+00 0.00000000e+00 0.00000000e+00 0.00000000e+00
 0.00000000e+00 0.00000000e+00 0.00000000e+00 0.00000000e+00
 0.00000000e+00 0.00000000e+00 0.00000000e+00 0.00000000e+00
 0.00000000e+00 0.00000000e+00 0.00000000e+00 0.00000000e+00
 0.00000000e+00 0.00000000e+00 0.00000000e+00 0.00000000e+00
 0.00000000e+00 0.00000000e+00 0.00000000e+00 0.00000000e+00
 0.00000000e+00 0.00000000e+00 0.00000000e+00 0.00000000e+00
 0.00000000e+00]
sweep    1  f = 38.97235805  (Delta f = 1.59)
sweep    2  f = 38.97235742  (Delta f = 6.26e-07)
sweep    3  f = 38.97235742  (Delta f = 7.6e-13)
New op index: 1	$R_Y$[0]
Current grad: 3.6734765752606124
[ 3.14159265 -1.57342553  3.14159265  3.14159265 -3.14159261  3.14159265
  3.14159265 -3.14159265  3.14159265  3.14159265  3.14159263  3.14159265
  3.14159265  1.57604115  3.14159265  3.14159265 -3.14159264  3.14159265
  3.14159265 -3.14159263  3.14159265  3.14159265 -3.14159263  3.14159265
  3.14159265  3.14159265  3.14159265  3.14159265  3.14159265  3.14159265
  3.14159265  3.14159265  3.14159265  3.14159265  3.14159265  3.14159265
  3.14159265  3.14159265  3.14159265  3.14159265  3.14159265  3.14159265
  3.14159265  3.14159265  3.14159265] 
 [0.00000000e+00 1.82959197e+00 0.00000000e+00 0.00000000e+00
 5.68434189e-14 0.00000000e+00 0.00000000e+00 0.00000000e+00
 0.00000000e+00 0.00000000e+00 1.42108547e-14 0.00000000e+00
 0.00000000e+00 1.82944082e+00 0.00000000e+00 0.00000000e+00
 7.10542736e-15 0.00000000e+00 0.00000000e+00 7.10542736e-15
 0.00000000e+00 0.00000000e+00 7.10542736e-15 0.00000000e+00
 0.00000000e+00 0.00000000e+00 0.00000000e+00 0.00000000e+00
 0.00000000e+00 0.00000000e+00 0.00000000e+00 0.00000000e+00
 0.00000000e+00 0.00000000e+00 0.00000000e+00 0.00000000e+00
 0.00000000e+00 0.00000000e+00 0.00000000e+00 0.00000000e+00
 0.00000000e+00 0.00000000e+00 0.00000000e+00 0.00000000e+00
 0.00000000e+00]
sweep    1  f = 37.14040266  (Delta f = 0.00236)
sweep    2  f = 37.14040223  (Delta f = 4.34e-07)
sweep    3  f = 37.14040223  (Delta f = 2.43e-09)
New op index: 13	$R_Y$[4]
Current grad: 51.83795074501386
[ 3.14159265 -3.14159265  3.14159265  3.14159265  3.14159265  3.14159265
  3.14159265 -3.14158928  3.14159265  3.14159265 -3.14159263  3.14159265
  0.          1.57089104  3.14159265  3.14159265 -3.14159263  0.
  3.14159265 -3.14159263  3.14159265  3.14159265  3.14159265  0.
  3.14159265  3.14159265  3.14159265  3.14159265  3.14159265  3.14159265
  3.14159265  3.14159265  3.14159265  3.14159265  3.14159265  3.14159265
  3.14159265  3.14159265  3.14159265  3.14159265  3.14159265  3.14159265
  3.14159265  3.14159265  3.14159265] 
 [0.00000000e+00 0.00000000e+00 0.00000000e+00 0.00000000e+00
 0.00000000e+00 0.00000000e+00 0.00000000e+00 1.04583009e-11
 0.00000000e+00 0.00000000e+00 2.84217094e-14 0.00000000e+00
 2.43410840e-15 5.18330305e+01 0.00000000e+00 0.00000000e+00
 6.66133815e-16 3.61576849e-17 0.00000000e+00 1.42108547e-14
 0.00000000e+00 0.00000000e+00 0.00000000e+00 3.61576849e-17
 0.00000000e+00 0.00000000e+00 0.00000000e+00 0.00000000e+00
 0.00000000e+00 0.00000000e+00 0.00000000e+00 0.00000000e+00
 0.00000000e+00 0.00000000e+00 0.00000000e+00 0.00000000e+00
 0.00000000e+00 0.00000000e+00 0.00000000e+00 0.00000000e+00
 0.00000000e+00 0.00000000e+00 0.00000000e+00 0.00000000e+00
 0.00000000e+00]
sweep    1  f = -14.69387749  (Delta f = 0.00125)
sweep    2  f = -14.69387755  (Delta f = 5.82e-08)
sweep    3  f = -14.69387755  (Delta f = 6.6e-12)
New op index: 19	$R_Y$[6]
Current grad: 8.344563251243945e-06
[ 3.14159265 -3.14159265  3.14159265  3.14159265 -3.14159262  3.14159265
  3.14159265 -3.14159265  3.14159265  3.14159265  3.14159264  0.
  3.14159265 -3.14159264  0.          3.14159265 -3.14159263  3.14159265
  3.14159265  3.1415926   3.14159265  3.14159265 -3.14159264  3.14159265
  3.14159265  3.14159265  3.14159265  3.14159265  3.14159265  3.14159265
  3.14159265  3.14159265  0.          3.14159265  3.14159265  0.
  3.14159265  3.14159265  0.          3.14159265  3.14159265  3.14159265
  3.14159265  3.14159265  3.14159265] 
 [0.00000000e+00 0.00000000e+00 0.00000000e+00 0.00000000e+00
 2.13162821e-14 0.00000000e+00 0.00000000e+00 0.00000000e+00
 0.00000000e+00 0.00000000e+00 7.10542736e-15 2.87117442e-16
 0.00000000e+00 7.10542736e-15 5.44838359e-16 0.00000000e+00
 1.42108547e-14 0.00000000e+00 0.00000000e+00 8.52651283e-14
 0.00000000e+00 0.00000000e+00 0.00000000e+00 0.00000000e+00
 0.00000000e+00 0.00000000e+00 0.00000000e+00 0.00000000e+00
 0.00000000e+00 0.00000000e+00 0.00000000e+00 0.00000000e+00
 1.58384328e-16 0.00000000e+00 0.00000000e+00 1.28202237e-15
 0.00000000e+00 0.00000000e+00 1.54320560e-16 0.00000000e+00
 0.00000000e+00 0.00000000e+00 0.00000000e+00 0.00000000e+00
 0.00000000e+00]
Precision cutoff reached.
Calculating energies for FreeWilson2D(N_x=2, N_y=2, mass=-5.510, r=1.000)
h_im: 0.0
New op index: 10	$R_Y$[3]
Current grad: 16.040816326530596
[ 3.14159265 -1.57079633  3.14159265  3.14159265  1.57079633  3.14159265
  3.14159265 -1.57079633  3.14159265  3.14159265  1.29326472  0.
  3.14159265  1.29326472  0.          3.14159265 -1.57079633  3.14159265
  3.14159265  1.57079633  3.14159265  3.14159265 -1.57079633  3.14159265
  3.14159265  3.14159265  3.14159265  3.14159265  3.14159265  3.14159265
  3.14159265  0.          0.          3.14159265  3.14159265  3.14159265
  3.14159265  0.          0.          3.14159265  3.14159265  3.14159265
  3.14159265  3.14159265  3.14159265] 
 [0.         1.75510204 0.         0.         2.25510204 0.
 0.         2.25510204 0.         0.         2.32493375 1.
 0.         2.32493375 1.         0.         2.25510204 0.
 0.         2.25510204 0.         0.         1.75510204 0.
 0.         0.         0.         0.         0.         0.
 0.         1.         1.         0.         0.         0.
 0.         1.         1.         0.         0.         0.
 0.         0.         0.        ]
sweep    1  f = 198.1750663  (Delta f = 0)
New op index: 16	$R_Y$[5]
Current grad: 337.24437559212294
[ 3.14159265 -1.57079633  3.14159265  3.14159265 -1.57079633  3.14159265
  3.14159265 -1.57079633  0.          3.14159265 -3.14159265  3.14159265
  0.         -1.57378408  3.14159265  0.         -1.57079633  0.
  3.14159265 -1.57079633  3.14159265  3.14159265 -1.57079633  3.14159265
  3.14159265  3.14159265  3.14159265  3.14159265  0.          0.
  3.14159265  3.14159265  3.14159265  3.14159265  3.14159265  3.14159265
  0.          3.14159265  3.14159265  0.          0.          3.14159265
  3.14159265  3.14159265  3.14159265] 
 [0.00000000e+00 4.98418352e+01 0.00000000e+00 0.00000000e+00
 4.58316311e+01 0.00000000e+00 0.00000000e+00 4.97048439e+01
 2.25514052e-17 0.00000000e+00 0.00000000e+00 0.00000000e+00
 6.76896181e-16 4.57139772e+01 0.00000000e+00 3.40823600e-15
 5.03418352e+01 1.90819582e-17 0.00000000e+00 4.58316311e+01
 0.00000000e+00 0.00000000e+00 4.98418352e+01 0.00000000e+00
 0.00000000e+00 0.00000000e+00 0.00000000e+00 0.00000000e+00
 2.25514052e-17 2.25514052e-17 0.00000000e+00 0.00000000e+00
 0.00000000e+00 0.00000000e+00 0.00000000e+00 0.00000000e+00
 2.89511187e-15 0.00000000e+00 0.00000000e+00 1.56125113e-15
 1.55604696e-15 0.00000000e+00 0.00000000e+00 0.00000000e+00
 0.00000000e+00]
sweep    1  f = 145.9873808  (Delta f = 1.85)
sweep    2  f = 145.9873808  (Delta f = 0)
New op index: 4	$R_Y$[1]
Current grad: 11.025788473243317
[ 3.14159265 -1.57079633  3.14159265  3.14159265  1.57079633  3.14159265
  3.14159265 -1.57079633  3.14159265  3.14159265  3.14159262  3.14159265
  0.          1.85051886  3.14159265  3.14159265 -3.14159257  3.14159265
  3.14159265  1.84797808  3.14159265  0.         -1.57079633  3.14159265
  3.14159265  3.14159265  3.14159265  3.14159265  3.14159265  3.14159265
  3.14159265  3.14159265  3.14159265  3.14159265  3.14159265  3.14159265
  3.14159265  3.14159265  3.14159265  3.14159265  3.14159265  3.14159265
  0.          3.14159265  3.14159265] 
 [0.00000000e+00 1.75276891e+00 0.00000000e+00 0.00000000e+00
 2.25743518e+00 0.00000000e+00 0.00000000e+00 1.74793871e+00
 0.00000000e+00 0.00000000e+00 3.55271368e-14 0.00000000e+00
 2.47638260e-15 1.32367522e+00 0.00000000e+00 0.00000000e+00
 1.77635684e-13 0.00000000e+00 0.00000000e+00 1.32717775e+00
 0.00000000e+00 1.06259495e-14 1.75276891e+00 0.00000000e+00
 0.00000000e+00 0.00000000e+00 0.00000000e+00 0.00000000e+00
 0.00000000e+00 0.00000000e+00 0.00000000e+00 0.00000000e+00
 0.00000000e+00 0.00000000e+00 0.00000000e+00 0.00000000e+00
 0.00000000e+00 0.00000000e+00 0.00000000e+00 0.00000000e+00
 0.00000000e+00 0.00000000e+00 3.49341143e-15 0.00000000e+00
 0.00000000e+00]
sweep    1  f = 143.6648622  (Delta f = 0.0651)
sweep    2  f = 143.6648622  (Delta f = 1.85e-12)
New op index: 22	$R_Y$[7]
Current grad: 242.1888077967553
[ 3.14159265 -1.58082772  3.14159265  3.14159265 -3.14159265  3.14159265
  3.14159265 -1.58082772  3.14159265  3.14159265  3.1415921   3.14159265
  3.14159265 -1.58454397  3.14159265  3.14159265 -3.14159265  0.
  0.         -1.58158767  3.14159265  3.14159265 -1.57079633  0.
  3.14159265  3.14159265  3.14159265  3.14159265  3.14159265  3.14159265
  3.14159265  3.14159265  3.14159265  3.14159265  3.14159265  3.14159265
  3.14159265  3.14159265  3.14159265  3.14159265  3.14159265  3.14159265
  0.          3.14159265  3.14159265] 
 [0.00000000e+00 4.93443507e+01 0.00000000e+00 0.00000000e+00
 0.00000000e+00 0.00000000e+00 0.00000000e+00 4.93443507e+01
 0.00000000e+00 0.00000000e+00 2.82440737e-13 0.00000000e+00
 0.00000000e+00 4.56990264e+01 0.00000000e+00 0.00000000e+00
 0.00000000e+00 3.52197995e-25 5.02621966e-15 4.58343366e+01
 0.00000000e+00 0.00000000e+00 4.98418428e+01 7.04395990e-25
 0.00000000e+00 0.00000000e+00 0.00000000e+00 0.00000000e+00
 0.00000000e+00 0.00000000e+00 0.00000000e+00 0.00000000e+00
 0.00000000e+00 0.00000000e+00 0.00000000e+00 0.00000000e+00
 0.00000000e+00 0.00000000e+00 0.00000000e+00 0.00000000e+00
 0.00000000e+00 0.00000000e+00 5.83502563e-15 0.00000000e+00
 0.00000000e+00]
sweep    1  f = 91.97717667  (Delta f = 1.85)
sweep    2  f = 91.97717667  (Delta f = 2.84e-14)
New op index: 19	$R_Y$[6]
Current grad: 7.02041038318292
[ 3.14159265 -1.84867865  3.14159265  3.14159265 -3.14159265  3.14159265
  3.14159265 -1.84867865  3.14159265  3.14159265  3.14159263  3.14159265
  3.14159265  1.85051887  3.14159265  3.14159265 -3.14159264  3.14159265
  0.          1.84797809  3.14159265  3.14159265 -3.14159265  0.
  3.14159265  3.14159265  3.14159265  3.14159265  3.14159265  3.14159265
  3.14159265  3.14159265  3.14159265  3.14159265  3.14159265  3.14159265
  3.14159265  3.14159265  3.14159265  3.14159265  3.14159265  3.14159265
  3.14159265  3.14159265  3.14159265] 
 [0.00000000e+00 1.32268999e+00 0.00000000e+00 0.00000000e+00
 0.00000000e+00 0.00000000e+00 0.00000000e+00 1.32268999e+00
 0.00000000e+00 0.00000000e+00 1.42108547e-14 0.00000000e+00
 0.00000000e+00 1.32367519e+00 0.00000000e+00 0.00000000e+00
 7.10542736e-15 0.00000000e+00 2.18884133e-14 1.32717772e+00
 0.00000000e+00 0.00000000e+00 0.00000000e+00 3.36280803e-40
 0.00000000e+00 0.00000000e+00 0.00000000e+00 0.00000000e+00
 0.00000000e+00 0.00000000e+00 0.00000000e+00 0.00000000e+00
 0.00000000e+00 0.00000000e+00 0.00000000e+00 0.00000000e+00
 0.00000000e+00 0.00000000e+00 0.00000000e+00 0.00000000e+00
 0.00000000e+00 0.00000000e+00 0.00000000e+00 0.00000000e+00
 0.00000000e+00]
sweep    1  f = 90.61724996  (Delta f = 0.0327)
sweep    2  f = 90.6153407  (Delta f = 0.00191)
sweep    3  f = 90.61503305  (Delta f = 0.000308)
sweep    4  f = 90.61497941  (Delta f = 5.36e-05)
sweep    5  f = 90.61496991  (Delta f = 9.49e-06)
sweep    6  f = 90.61496823  (Delta f = 1.69e-06)
sweep    7  f = 90.61496793  (Delta f = 2.99e-07)
sweep    8  f = 90.61496788  (Delta f = 5.35e-08)
sweep    9  f = 90.61496787  (Delta f = 9.4e-09)
New op index: 1	$R_Y$[0]
Current grad: 146.4884657013399
[ 3.14159265 -1.58079609  3.14159265  3.14159265 -3.14159265  3.14159265
  3.14159265 -1.58079609  3.14159265  3.14159265  3.14156257  3.14159265
  0.         -1.57480919  3.14159265  3.14159265 -3.14159265  3.14159265
  3.14159265  3.14159265  3.14159265  3.14159265  3.14159265  3.14159265
  3.14159265  3.14159265  3.14159265  3.14159265  3.14159265  3.14159265
  3.14159265  3.14159265  3.14159265  3.14159265  3.14159265  3.14159265
  3.14159265  3.14159265  3.14159265  3.14159265  3.14159265  3.14159265
  3.14159265  3.14159265  3.14159265] 
 [0.00000000e+00 4.95020295e+01 0.00000000e+00 0.00000000e+00
 0.00000000e+00 0.00000000e+00 0.00000000e+00 4.95020295e+01
 0.00000000e+00 0.00000000e+00 1.21298349e-09 0.00000000e+00
 5.17445001e-15 4.63031435e+01 0.00000000e+00 0.00000000e+00
 0.00000000e+00 0.00000000e+00 0.00000000e+00 0.00000000e+00
 0.00000000e+00 0.00000000e+00 0.00000000e+00 0.00000000e+00
 0.00000000e+00 0.00000000e+00 0.00000000e+00 0.00000000e+00
 0.00000000e+00 0.00000000e+00 0.00000000e+00 0.00000000e+00
 0.00000000e+00 0.00000000e+00 0.00000000e+00 0.00000000e+00
 0.00000000e+00 0.00000000e+00 0.00000000e+00 0.00000000e+00
 0.00000000e+00 0.00000000e+00 0.00000000e+00 0.00000000e+00
 0.00000000e+00]
sweep    1  f = 39.46214282  (Delta f = 1.65)
sweep    2  f = 39.46214215  (Delta f = 6.68e-07)
sweep    3  f = 39.46214215  (Delta f = 3.55e-14)
New op index: 7	$R_Y$[2]
Current grad: 3.5102082795796314
[ 3.14159265 -3.14159264  3.14159265  3.14159265 -3.14159265  3.14159265
  3.14159265 -1.57355233  3.14159265  3.14159265  3.14159263  3.14159265
  0.          1.57629315  3.14159265  3.14159265 -3.14159262  3.14159265
  3.14159265 -3.14159264  3.14159265  3.14159265  3.14159265  3.14159265
  3.14159265  3.14159265  3.14159265  3.14159265  3.14159265  3.14159265
  3.14159265  3.14159265  3.14159265  3.14159265  3.14159265  3.14159265
  3.14159265  3.14159265  3.14159265  3.14159265  3.14159265  3.14159265
  3.14159265  3.14159265  3.14159265] 
 [0.00000000e+00 7.10542736e-15 0.00000000e+00 0.00000000e+00
 0.00000000e+00 0.00000000e+00 0.00000000e+00 1.74794533e+00
 0.00000000e+00 0.00000000e+00 1.42108547e-14 0.00000000e+00
 4.72757823e-15 1.74780090e+00 0.00000000e+00 0.00000000e+00
 2.84217094e-14 0.00000000e+00 0.00000000e+00 7.10542736e-15
 0.00000000e+00 0.00000000e+00 0.00000000e+00 0.00000000e+00
 0.00000000e+00 0.00000000e+00 0.00000000e+00 0.00000000e+00
 0.00000000e+00 0.00000000e+00 0.00000000e+00 0.00000000e+00
 0.00000000e+00 0.00000000e+00 0.00000000e+00 0.00000000e+00
 0.00000000e+00 0.00000000e+00 0.00000000e+00 0.00000000e+00
 0.00000000e+00 0.00000000e+00 0.00000000e+00 0.00000000e+00
 0.00000000e+00]
sweep    1  f = 37.71182932  (Delta f = 0.00237)
sweep    2  f = 37.71182883  (Delta f = 4.94e-07)
sweep    3  f = 37.71182883  (Delta f = 3.12e-09)
New op index: 13	$R_Y$[4]
Current grad: 51.75633058394924
[ 3.14159265 -3.14158719  3.14159265  3.14159265 -3.14159258  3.14159265
  3.14159265  3.14159265  3.14159265  3.14159265 -3.14159264  3.14159265
  3.14159265  1.57089127  3.14159265  3.14159265  3.14159261  3.14159265
  3.14159265  3.14159264  3.14159265  3.14159265 -3.1415923   3.14159265
  3.14159265  3.14159265  3.14159265  3.14159265  3.14159265  3.14159265
  3.14159265  3.14159265  3.14159265  3.14159265  3.14159265  3.14159265
  3.14159265  3.14159265  3.14159265  3.14159265  3.14159265  3.14159265
  3.14159265  3.14159265  3.14159265] 
 [0.00000000e+00 2.62032618e-11 0.00000000e+00 0.00000000e+00
 2.84217094e-13 0.00000000e+00 0.00000000e+00 0.00000000e+00
 0.00000000e+00 0.00000000e+00 1.42108547e-14 0.00000000e+00
 0.00000000e+00 5.17513959e+01 0.00000000e+00 0.00000000e+00
 1.33226763e-15 0.00000000e+00 0.00000000e+00 1.42108547e-14
 0.00000000e+00 0.00000000e+00 1.07913678e-13 0.00000000e+00
 0.00000000e+00 0.00000000e+00 0.00000000e+00 0.00000000e+00
 0.00000000e+00 0.00000000e+00 0.00000000e+00 0.00000000e+00
 0.00000000e+00 0.00000000e+00 0.00000000e+00 0.00000000e+00
 0.00000000e+00 0.00000000e+00 0.00000000e+00 0.00000000e+00
 0.00000000e+00 0.00000000e+00 0.00000000e+00 0.00000000e+00
 0.00000000e+00]
sweep    1  f = -14.04081627  (Delta f = 0.00125)
sweep    2  f = -14.04081633  (Delta f = 5.85e-08)
sweep    3  f = -14.04081633  (Delta f = 5.62e-12)
New op index: 16	$R_Y$[5]
Current grad: 3.608156771881376e-06
[ 3.14159265 -3.14159264  3.14159265  3.14159265 -3.14159265  3.14159265
  3.14159265  3.14159265  3.14159265  3.14159265 -3.14159265  3.14159265
  3.14159265  3.14159264  3.14159265  3.14159265  3.14159263  0.
  3.14159265  3.14159265  3.14159265  3.14159265 -3.14159265  0.
  3.14159265  3.14159265  3.14159265  3.14159265  3.14159265  3.14159265
  3.14159265  3.14159265  3.14159265  3.14159265  3.14159265  3.14159265
  3.14159265  3.14159265  3.14159265  3.14159265  3.14159265  3.14159265
  3.14159265  3.14159265  3.14159265] 
 [0.00000000e+00 0.00000000e+00 0.00000000e+00 0.00000000e+00
 0.00000000e+00 0.00000000e+00 0.00000000e+00 0.00000000e+00
 0.00000000e+00 0.00000000e+00 0.00000000e+00 0.00000000e+00
 0.00000000e+00 7.10542736e-15 0.00000000e+00 0.00000000e+00
 1.42108547e-14 3.50812954e-17 0.00000000e+00 0.00000000e+00
 0.00000000e+00 0.00000000e+00 0.00000000e+00 3.04095431e-17
 0.00000000e+00 0.00000000e+00 0.00000000e+00 0.00000000e+00
 0.00000000e+00 0.00000000e+00 0.00000000e+00 0.00000000e+00
 0.00000000e+00 0.00000000e+00 0.00000000e+00 0.00000000e+00
 0.00000000e+00 0.00000000e+00 0.00000000e+00 0.00000000e+00
 0.00000000e+00 0.00000000e+00 0.00000000e+00 0.00000000e+00
 0.00000000e+00]
Precision cutoff reached.
Calculating energies for FreeWilson2D(N_x=2, N_y=2, mass=-5.347, r=1.000)
h_im: 0.0
New op index: 10	$R_Y$[3]
Current grad: 15.387755102040801
[ 3.14159265 -1.57079633  3.14159265  3.14159265  1.57079633  3.14159265
  3.14159265 -1.57079633  3.14159265  3.14159265  1.28045873  0.
  3.14159265  1.28045873  0.          3.14159265 -1.57079633  3.14159265
  3.14159265  1.57079633  3.14159265  3.14159265 -1.57079633  3.14159265
  3.14159265  3.14159265  3.14159265  3.14159265  3.14159265  3.14159265
  3.14159265  0.          0.          3.14159265  3.14159265  3.14159265
  3.14159265  0.          0.          3.14159265  3.14159265  3.14159265
  3.14159265  3.14159265  3.14159265] 
 [0.         1.67346939 0.         0.         2.17346939 0.
 0.         2.17346939 0.         0.         2.246568   1.
 0.         2.246568   1.         0.         2.17346939 0.
 0.         2.17346939 0.         0.         1.67346939 0.
 0.         0.         0.         0.         0.         0.
 0.         1.         1.         0.         0.         0.
 0.         1.         1.         0.         0.         0.
 0.         0.         0.        ]
sweep    1  f = 198.253432  (Delta f = -2.84e-13)
New op index: 16	$R_Y$[5]
Current grad: 335.9028070157675
[ 3.14159265 -1.57079633  3.14159265  3.14159265 -1.57079633  3.14159265
  3.14159265 -1.57079633  3.14159265  3.14159265  3.14159265  3.14159265
  0.         -1.57392468  3.14159265  3.14159265 -1.57079633  3.14159265
  0.         -1.57079633  3.14159265  0.         -1.57079633  0.
  3.14159265  3.14159265  3.14159265  3.14159265  3.14159265  3.14159265
  3.14159265  3.14159265  3.14159265  3.14159265  3.14159265  3.14159265
  0.          3.14159265  3.14159265  3.14159265  3.14159265  3.14159265
  0.          0.          3.14159265] 
 [0.00000000e+00 4.95808335e+01 0.00000000e+00 0.00000000e+00
 4.57338948e+01 0.00000000e+00 0.00000000e+00 4.94376957e+01
 0.00000000e+00 0.00000000e+00 0.00000000e+00 0.00000000e+00
 1.53958479e-15 4.56119072e+01 0.00000000e+00 0.00000000e+00
 5.00808335e+01 0.00000000e+00 1.80428943e-16 4.57338948e+01
 0.00000000e+00 1.71719923e-16 4.95808335e+01 5.20417043e-18
 0.00000000e+00 0.00000000e+00 0.00000000e+00 0.00000000e+00
 0.00000000e+00 0.00000000e+00 0.00000000e+00 0.00000000e+00
 0.00000000e+00 0.00000000e+00 0.00000000e+00 0.00000000e+00
 1.20979261e-15 0.00000000e+00 0.00000000e+00 0.00000000e+00
 0.00000000e+00 0.00000000e+00 8.67361738e-17 3.12250226e-17
 0.00000000e+00]
sweep    1  f = 146.1506422  (Delta f = 2.02)
sweep    2  f = 146.1506422  (Delta f = 0)
New op index: 4	$R_Y$[1]
Current grad: 10.535978885785964
[ 3.14159265 -1.57079633  3.14159265  3.14159265  1.57079633  3.14159265
  3.14159265 -1.57079633  0.          3.14159265  3.14159265  3.14159265
  0.          1.86339957  3.14159265  3.14159265 -3.14159265  3.14159265
  3.14159265  1.86075079  3.14159265  0.         -1.57079633  3.14159265
  3.14159265  3.14159265  3.14159265  3.14159265  0.          0.
  3.14159265  3.14159265  3.14159265  3.14159265  3.14159265  3.14159265
  3.14159265  3.14159265  3.14159265  3.14159265  3.14159265  3.14159265
  0.          3.14159265  3.14159265] 
 [0.00000000e+00 1.67112886e+00 0.00000000e+00 0.00000000e+00
 2.17580991e+00 0.00000000e+00 0.00000000e+00 1.66629102e+00
 1.26488916e-28 0.00000000e+00 0.00000000e+00 0.00000000e+00
 8.39894724e-16 1.24536218e+00 0.00000000e+00 0.00000000e+00
 0.00000000e+00 0.00000000e+00 0.00000000e+00 1.24881070e+00
 0.00000000e+00 9.09993781e-15 1.67112886e+00 0.00000000e+00
 0.00000000e+00 0.00000000e+00 0.00000000e+00 0.00000000e+00
 1.26488916e-28 1.26488916e-28 0.00000000e+00 0.00000000e+00
 0.00000000e+00 0.00000000e+00 0.00000000e+00 0.00000000e+00
 0.00000000e+00 0.00000000e+00 0.00000000e+00 0.00000000e+00
 0.00000000e+00 0.00000000e+00 1.45682087e-15 0.00000000e+00
 0.00000000e+00]
sweep    1  f = 143.9064932  (Delta f = 0.0683)
sweep    2  f = 143.9064932  (Delta f = 5.29e-12)
New op index: 22	$R_Y$[7]
Current grad: 241.2103580700686
[ 3.14159265 -1.58088052  3.14159265  3.14159265 -3.14159265  3.14159265
  3.14159265 -1.58088052  3.14159265  3.14159265  3.14159178  3.14159265
  0.         -1.58470594  3.14159265  3.14159265 -3.14159261  0.
  3.14159265 -1.58161048  3.14159265  0.         -1.57079633  0.
  3.14159265  3.14159265  3.14159265  3.14159265  3.14159265  3.14159265
  3.14159265  3.14159265  3.14159265  3.14159265  3.14159265  3.14159265
  3.14159265  3.14159265  3.14159265  3.14159265  3.14159265  3.14159265
  0.          3.14159265  3.14159265] 
 [0.00000000e+00 4.90833671e+01 0.00000000e+00 0.00000000e+00
 0.00000000e+00 0.00000000e+00 0.00000000e+00 4.90833671e+01
 0.00000000e+00 0.00000000e+00 6.59250432e-13 0.00000000e+00
 1.32863887e-15 4.55952427e+01 0.00000000e+00 0.00000000e+00
 8.52651283e-14 3.39919533e-24 0.00000000e+00 4.57366108e+01
 0.00000000e+00 3.47831882e-14 4.95808460e+01 1.80945759e-25
 0.00000000e+00 0.00000000e+00 0.00000000e+00 0.00000000e+00
 0.00000000e+00 0.00000000e+00 0.00000000e+00 0.00000000e+00
 0.00000000e+00 0.00000000e+00 0.00000000e+00 0.00000000e+00
 0.00000000e+00 0.00000000e+00 0.00000000e+00 0.00000000e+00
 0.00000000e+00 0.00000000e+00 3.57710424e-14 0.00000000e+00
 0.00000000e+00]
sweep    1  f = 92.30370347  (Delta f = 2.02)
sweep    2  f = 92.30370347  (Delta f = 0)
New op index: 19	$R_Y$[6]
Current grad: 6.693879400384757
[ 3.14159265 -1.86151805  3.14159265  3.14159265 -3.14159265  3.14159265
  3.14159265 -1.86151805  3.14159265  3.14159265  3.14159262  3.14159265
  0.          1.86339957  3.14159265  3.14159265 -3.14159265  0.
  0.          1.86075079  3.14159265  3.14159265  3.14159265  3.14159265
  3.14159265  3.14159265  3.14159265  3.14159265  3.14159265  3.14159265
  3.14159265  3.14159265  3.14159265  3.14159265  3.14159265  3.14159265
  3.14159265  3.14159265  3.14159265  3.14159265  3.14159265  3.14159265
  3.14159265  3.14159265  3.14159265] 
 [0.00000000e+00 1.24432557e+00 0.00000000e+00 0.00000000e+00
 0.00000000e+00 0.00000000e+00 0.00000000e+00 1.24432557e+00
 0.00000000e+00 0.00000000e+00 2.84217094e-14 0.00000000e+00
 5.36097303e-15 1.24536218e+00 0.00000000e+00 0.00000000e+00
 0.00000000e+00 2.78310127e-27 5.54676545e-15 1.24881069e+00
 0.00000000e+00 0.00000000e+00 0.00000000e+00 0.00000000e+00
 0.00000000e+00 0.00000000e+00 0.00000000e+00 0.00000000e+00
 0.00000000e+00 0.00000000e+00 0.00000000e+00 0.00000000e+00
 0.00000000e+00 0.00000000e+00 0.00000000e+00 0.00000000e+00
 0.00000000e+00 0.00000000e+00 0.00000000e+00 0.00000000e+00
 0.00000000e+00 0.00000000e+00 0.00000000e+00 0.00000000e+00
 0.00000000e+00]
sweep    1  f = 91.02291027  (Delta f = 0.032)
sweep    2  f = 91.02074786  (Delta f = 0.00216)
sweep    3  f = 91.02032726  (Delta f = 0.000421)
sweep    4  f = 91.02023697  (Delta f = 9.03e-05)
sweep    5  f = 91.02021717  (Delta f = 1.98e-05)
sweep    6  f = 91.0202128  (Delta f = 4.37e-06)
sweep    7  f = 91.02021183  (Delta f = 9.64e-07)
sweep    8  f = 91.02021162  (Delta f = 2.13e-07)
sweep    9  f = 91.02021157  (Delta f = 4.7e-08)
sweep   10  f = 91.02021156  (Delta f = 1.02e-08)
sweep   11  f = 91.02021156  (Delta f = 2.3e-09)
New op index: 1	$R_Y$[0]
Current grad: 146.21054226964455
[ 3.14159265 -1.58082558  3.14159265  3.14159265 -3.14159265  3.14159265
  3.14159265 -1.58082558  3.14159265  3.14159265  3.14157623  3.14159265
  3.14159265 -1.57488117  3.14159265  3.14159265  3.1415926   3.14159265
  3.14159265 -3.14159265  3.14159265  3.14159265 -3.14159265  3.14159265
  3.14159265  3.14159265  3.14159265  3.14159265  3.14159265  3.14159265
  3.14159265  3.14159265  3.14159265  3.14159265  3.14159265  3.14159265
  3.14159265  3.14159265  3.14159265  3.14159265  3.14159265  3.14159265
  3.14159265  3.14159265  3.14159265] 
 [0.00000000e+00 4.93549848e+01 0.00000000e+00 0.00000000e+00
 0.00000000e+00 0.00000000e+00 0.00000000e+00 4.93549848e+01
 0.00000000e+00 0.00000000e+00 3.55015128e-10 0.00000000e+00
 0.00000000e+00 4.63159576e+01 0.00000000e+00 0.00000000e+00
 1.56319402e-13 0.00000000e+00 0.00000000e+00 0.00000000e+00
 0.00000000e+00 0.00000000e+00 0.00000000e+00 0.00000000e+00
 0.00000000e+00 0.00000000e+00 0.00000000e+00 0.00000000e+00
 0.00000000e+00 0.00000000e+00 0.00000000e+00 0.00000000e+00
 0.00000000e+00 0.00000000e+00 0.00000000e+00 0.00000000e+00
 0.00000000e+00 0.00000000e+00 0.00000000e+00 0.00000000e+00
 0.00000000e+00 0.00000000e+00 0.00000000e+00 0.00000000e+00
 0.00000000e+00]
sweep    1  f = 39.95192735  (Delta f = 1.71)
sweep    2  f = 39.95192662  (Delta f = 7.21e-07)
sweep    3  f = 39.95192662  (Delta f = -7.11e-15)
New op index: 7	$R_Y$[2]
Current grad: 3.346941928883723
[ 3.14159265 -3.14159263  3.14159265  3.14159265 -3.14159265  3.14159265
  3.14159265 -1.57369154  3.14159265  3.14159265 -3.14159264  3.14159265
  3.14159265  1.57657     3.14159265  3.14159265  3.14159264  3.14159265
  3.14159265 -3.14159263  3.14159265  3.14159265 -3.14159265  3.14159265
  3.14159265  3.14159265  3.14159265  3.14159265  3.14159265  3.14159265
  3.14159265  3.14159265  3.14159265  3.14159265  3.14159265  3.14159265
  3.14159265  3.14159265  3.14159265  3.14159265  3.14159265  3.14159265
  3.14159265  3.14159265  3.14159265] 
 [0.00000000e+00 7.10542736e-15 0.00000000e+00 0.00000000e+00
 0.00000000e+00 0.00000000e+00 0.00000000e+00 1.66629800e+00
 0.00000000e+00 0.00000000e+00 0.00000000e+00 0.00000000e+00
 0.00000000e+00 1.66616172e+00 0.00000000e+00 0.00000000e+00
 0.00000000e+00 0.00000000e+00 0.00000000e+00 7.10542736e-15
 0.00000000e+00 0.00000000e+00 0.00000000e+00 0.00000000e+00
 0.00000000e+00 0.00000000e+00 0.00000000e+00 0.00000000e+00
 0.00000000e+00 0.00000000e+00 0.00000000e+00 0.00000000e+00
 0.00000000e+00 0.00000000e+00 0.00000000e+00 0.00000000e+00
 0.00000000e+00 0.00000000e+00 0.00000000e+00 0.00000000e+00
 0.00000000e+00 0.00000000e+00 0.00000000e+00 0.00000000e+00
 0.00000000e+00]
sweep    1  f = 38.283256  (Delta f = 0.00237)
sweep    2  f = 38.28325543  (Delta f = 5.65e-07)
sweep    3  f = 38.28325543  (Delta f = 4.33e-09)
New op index: 13	$R_Y$[4]
Current grad: 51.674730750307816
[ 3.14159265 -3.1415866   3.14159265  3.14159265  3.14159265  3.14159265
  3.14159265  3.14159265  3.14159265  3.14159265 -3.14159265  3.14159265
  3.14159265  1.57089149  3.14159265  3.14159265 -3.14159247  0.
  3.14159265 -3.14159225  3.14159265  3.14159265  3.14159246  0.
  3.14159265  3.14159265  3.14159265  3.14159265  3.14159265  3.14159265
  3.14159265  3.14159265  3.14159265  3.14159265  3.14159265  3.14159265
  3.14159265  3.14159265  3.14159265  3.14159265  3.14159265  3.14159265
  3.14159265  3.14159265  3.14159265] 
 [0.00000000e+00 3.06350501e-11 0.00000000e+00 0.00000000e+00
 0.00000000e+00 0.00000000e+00 0.00000000e+00 0.00000000e+00
 0.00000000e+00 0.00000000e+00 0.00000000e+00 0.00000000e+00
 0.00000000e+00 5.16697613e+01 0.00000000e+00 0.00000000e+00
 2.88657986e-14 2.14254543e-14 0.00000000e+00 8.25650659e-12
 0.00000000e+00 0.00000000e+00 3.19744231e-14 2.14254543e-14
 0.00000000e+00 0.00000000e+00 0.00000000e+00 0.00000000e+00
 0.00000000e+00 0.00000000e+00 0.00000000e+00 0.00000000e+00
 0.00000000e+00 0.00000000e+00 0.00000000e+00 0.00000000e+00
 0.00000000e+00 0.00000000e+00 0.00000000e+00 0.00000000e+00
 0.00000000e+00 0.00000000e+00 0.00000000e+00 0.00000000e+00
 0.00000000e+00]
sweep    1  f = -13.38775504  (Delta f = 0.00125)
sweep    2  f = -13.3877551  (Delta f = 5.85e-08)
sweep    3  f = -13.3877551  (Delta f = 6.72e-12)
New op index: 19	$R_Y$[6]
Current grad: 8.666978456198103e-06
[ 3.14159265  3.14159265  0.          3.14159265 -3.14159265  3.14159265
  3.14159265  3.14159264  0.          3.14159265 -3.14159264  3.14159265
  3.14159265  3.14159263  3.14159265  3.14159265 -3.14159264  3.14159265
  3.14159265  3.14159256  3.14159265  3.14159265 -3.14159264  3.14159265
  3.14159265  3.14159265  3.14159265  3.14159265  3.14159265  3.14159265
  3.14159265  3.14159265  3.14159265  3.14159265  3.14159265  3.14159265
  3.14159265  3.14159265  3.14159265  3.14159265  3.14159265  3.14159265
  3.14159265  3.14159265  3.14159265] 
 [0.00000000e+00 0.00000000e+00 3.54160990e-21 0.00000000e+00
 0.00000000e+00 0.00000000e+00 0.00000000e+00 0.00000000e+00
 1.49417580e-16 0.00000000e+00 7.10542736e-15 0.00000000e+00
 0.00000000e+00 7.10542736e-15 0.00000000e+00 0.00000000e+00
 7.10542736e-15 0.00000000e+00 0.00000000e+00 2.34479103e-13
 0.00000000e+00 0.00000000e+00 0.00000000e+00 0.00000000e+00
 0.00000000e+00 0.00000000e+00 0.00000000e+00 0.00000000e+00
 0.00000000e+00 0.00000000e+00 0.00000000e+00 0.00000000e+00
 0.00000000e+00 0.00000000e+00 0.00000000e+00 0.00000000e+00
 0.00000000e+00 0.00000000e+00 0.00000000e+00 0.00000000e+00
 0.00000000e+00 0.00000000e+00 0.00000000e+00 0.00000000e+00
 0.00000000e+00]
Precision cutoff reached.
Calculating energies for FreeWilson2D(N_x=2, N_y=2, mass=-5.184, r=1.000)
h_im: 0.0
New op index: 10	$R_Y$[3]
Current grad: 14.734693877551006
[ 3.14159265 -1.57079633  3.14159265  3.14159265  1.57079633  3.14159265
  3.14159265 -1.57079633  3.14159265  3.14159265  1.26645214  0.
  3.14159265  1.26645214  0.          3.14159265 -1.57079633  3.14159265
  3.14159265  1.57079633  3.14159265  3.14159265 -1.57079633  3.14159265
  3.14159265  3.14159265  3.14159265  3.14159265  3.14159265  3.14159265
  3.14159265  0.          0.          3.14159265  3.14159265  3.14159265
  3.14159265  0.          0.          3.14159265  3.14159265  3.14159265
  3.14159265  3.14159265  3.14159265] 
 [0.         1.59183673 0.         0.         2.09183673 0.
 0.         2.09183673 0.         0.         2.16851556 1.
 0.         2.16851556 1.         0.         2.09183673 0.
 0.         2.09183673 0.         0.         1.59183673 0.
 0.         0.         0.         0.         0.         0.
 0.         1.         1.         0.         0.         0.
 0.         1.         1.         0.         0.         0.
 0.         0.         0.        ]
sweep    1  f = 198.3314844  (Delta f = 0)
New op index: 16	$R_Y$[5]
Current grad: 334.38027018605186
[ 3.14159265 -1.57079633  3.14159265  3.14159265 -1.57079633  3.14159265
  3.14159265 -1.57079633  0.          3.14159265 -3.14159265  3.14159265
  3.14159265 -1.57407974  3.14159265  3.14159265 -1.57079633  0.
  3.14159265 -1.57079633  0.          3.14159265 -1.57079633  0.
  3.14159265  3.14159265  3.14159265  3.14159265  0.          0.
  3.14159265  3.14159265  3.14159265  3.14159265  3.14159265  0.
  3.14159265  3.14159265  3.14159265  3.14159265  3.14159265  0.
  3.14159265  3.14159265  0.        ] 
 [0.00000000e+00 4.92940209e+01 0.00000000e+00 0.00000000e+00
 4.56103474e+01 0.00000000e+00 0.00000000e+00 4.91441871e+01
 5.42101086e-17 0.00000000e+00 0.00000000e+00 0.00000000e+00
 0.00000000e+00 4.54837378e+01 0.00000000e+00 0.00000000e+00
 4.97940209e+01 5.68121938e-17 0.00000000e+00 4.56103474e+01
 3.90312782e-17 0.00000000e+00 4.92940209e+01 2.60208521e-18
 0.00000000e+00 0.00000000e+00 0.00000000e+00 0.00000000e+00
 5.42101086e-17 5.42101086e-17 0.00000000e+00 0.00000000e+00
 0.00000000e+00 0.00000000e+00 0.00000000e+00 3.90312782e-17
 0.00000000e+00 0.00000000e+00 0.00000000e+00 0.00000000e+00
 0.00000000e+00 9.58434720e-17 0.00000000e+00 0.00000000e+00
 4.16333634e-17]
sweep    1  f = 146.3139037  (Delta f = 2.22)
sweep    2  f = 146.3139037  (Delta f = 0)
New op index: 4	$R_Y$[1]
Current grad: 10.046178119944194
[ 3.14159265 -1.57079633  3.14159265  3.14159265  1.57079633  3.14159265
  3.14159265 -1.57079633  0.          3.14159265 -3.14159261  3.14159265
  0.          1.87748426  3.14159265  3.14159265 -3.14159264  0.
  0.          1.87471938  3.14159265  3.14159265 -1.57079633  3.14159265
  3.14159265  3.14159265  3.14159265  3.14159265  0.          0.
  3.14159265  3.14159265  3.14159265  3.14159265  3.14159265  3.14159265
  3.14159265  3.14159265  3.14159265  3.14159265  3.14159265  3.14159265
  0.          3.14159265  3.14159265] 
 [0.00000000e+00 1.58948877e+00 0.00000000e+00 0.00000000e+00
 2.09418470e+00 0.00000000e+00 0.00000000e+00 1.58464325e+00
 1.63381298e-24 0.00000000e+00 5.68434189e-14 0.00000000e+00
 9.92722115e-15 1.16736675e+00 0.00000000e+00 0.00000000e+00
 7.10542736e-15 8.47728861e-25 5.63133777e-15 1.17075578e+00
 0.00000000e+00 0.00000000e+00 1.58948877e+00 0.00000000e+00
 0.00000000e+00 0.00000000e+00 0.00000000e+00 0.00000000e+00
 1.63381298e-24 1.63381298e-24 0.00000000e+00 0.00000000e+00
 0.00000000e+00 0.00000000e+00 0.00000000e+00 0.00000000e+00
 0.00000000e+00 0.00000000e+00 0.00000000e+00 0.00000000e+00
 0.00000000e+00 0.00000000e+00 8.76268807e-16 0.00000000e+00
 0.00000000e+00]
sweep    1  f = 144.147811  (Delta f = 0.0719)
sweep    2  f = 144.147811  (Delta f = -2.84e-14)
New op index: 22	$R_Y$[7]
Current grad: 240.10275397269115
[ 3.14159265 -1.5809392   3.14159265  3.14159265 -3.14159265  3.14159265
  3.14159265 -1.5809392   3.14159265  3.14159265 -3.14159249  3.14159265
  0.         -1.58488841  3.14159265  3.14159265  3.14159257  3.14159265
  0.         -1.58163946  3.14159265  0.         -1.57079633  3.14159265
  3.14159265  3.14159265  3.14159265  3.14159265  3.14159265  3.14159265
  3.14159265  3.14159265  3.14159265  3.14159265  3.14159265  3.14159265
  3.14159265  3.14159265  3.14159265  3.14159265  3.14159265  3.14159265
  0.          3.14159265  3.14159265] 
 [0.00000000e+00 4.87965541e+01 0.00000000e+00 0.00000000e+00
 0.00000000e+00 0.00000000e+00 0.00000000e+00 4.87965541e+01
 0.00000000e+00 0.00000000e+00 2.30926389e-14 0.00000000e+00
 7.02607260e-15 4.54650899e+01 0.00000000e+00 0.00000000e+00
 3.69482223e-13 0.00000000e+00 1.03313403e-15 4.56130558e+01
 0.00000000e+00 6.87644386e-15 4.92940184e+01 0.00000000e+00
 0.00000000e+00 0.00000000e+00 0.00000000e+00 0.00000000e+00
 0.00000000e+00 0.00000000e+00 0.00000000e+00 0.00000000e+00
 0.00000000e+00 0.00000000e+00 0.00000000e+00 0.00000000e+00
 0.00000000e+00 0.00000000e+00 0.00000000e+00 0.00000000e+00
 0.00000000e+00 0.00000000e+00 6.60853528e-15 0.00000000e+00
 0.00000000e+00]
sweep    1  f = 92.63023025  (Delta f = 2.22)
sweep    2  f = 92.63023025  (Delta f = 0)
New op index: 19	$R_Y$[6]
Current grad: 6.367351210117125
[ 3.14159265 -1.87556277  3.14159265  3.14159265 -3.14159265  3.14159265
  3.14159265 -1.87556277  3.14159265  3.14159265  3.14159262  3.14159265
  3.14159265  1.87748424  3.14159265  3.14159265 -3.1415926   0.
  0.          1.87471939  3.14159265  3.14159265 -3.14159265  0.
  3.14159265  3.14159265  3.14159265  3.14159265  3.14159265  3.14159265
  3.14159265  3.14159265  3.14159265  3.14159265  3.14159265  3.14159265
  3.14159265  3.14159265  3.14159265  3.14159265  3.14159265  3.14159265
  3.14159265  3.14159265  3.14159265] 
 [0.00000000e+00 1.16627569e+00 0.00000000e+00 0.00000000e+00
 0.00000000e+00 0.00000000e+00 0.00000000e+00 1.16627569e+00
 0.00000000e+00 0.00000000e+00 2.84217094e-14 0.00000000e+00
 0.00000000e+00 1.16736676e+00 0.00000000e+00 0.00000000e+00
 7.10542736e-14 2.22420910e-24 8.33945590e-15 1.17075574e+00
 0.00000000e+00 0.00000000e+00 0.00000000e+00 8.07276835e-40
 0.00000000e+00 0.00000000e+00 0.00000000e+00 0.00000000e+00
 0.00000000e+00 0.00000000e+00 0.00000000e+00 0.00000000e+00
 0.00000000e+00 0.00000000e+00 0.00000000e+00 0.00000000e+00
 0.00000000e+00 0.00000000e+00 0.00000000e+00 0.00000000e+00
 0.00000000e+00 0.00000000e+00 0.00000000e+00 0.00000000e+00
 0.00000000e+00]
sweep    1  f = 91.42848169  (Delta f = 0.031)
sweep    2  f = 91.42609799  (Delta f = 0.00238)
sweep    3  f = 91.42554574  (Delta f = 0.000552)
sweep    4  f = 91.42540084  (Delta f = 0.000145)
sweep    5  f = 91.4253616  (Delta f = 3.92e-05)
sweep    6  f = 91.42535088  (Delta f = 1.07e-05)
sweep    7  f = 91.42534794  (Delta f = 2.94e-06)
sweep    8  f = 91.42534714  (Delta f = 8.05e-07)
sweep    9  f = 91.42534692  (Delta f = 2.21e-07)
sweep   10  f = 91.42534686  (Delta f = 6.07e-08)
sweep   11  f = 91.42534684  (Delta f = 1.64e-08)
sweep   12  f = 91.42534684  (Delta f = 4.6e-09)
New op index: 1	$R_Y$[0]
Current grad: 145.92664899840545
[ 3.14159265 -1.58085566  3.14159265  3.14159265 -3.14159265  3.14159265
  3.14159265 -1.58085566  3.14159265  3.14159265  3.14156734  3.14159265
  3.14159265 -1.57495413  3.14159265  3.14159265  3.14159261  0.
  3.14159265  3.14159265  3.14159265  3.14159265 -3.14159265  0.
  3.14159265  3.14159265  3.14159265  3.14159265  3.14159265  3.14159265
  3.14159265  3.14159265  3.14159265  3.14159265  3.14159265  3.14159265
  3.14159265  3.14159265  3.14159265  3.14159265  3.14159265  3.14159265
  3.14159265  3.14159265  3.14159265] 
 [0.00000000e+00 4.92059323e+01 0.00000000e+00 0.00000000e+00
 0.00000000e+00 0.00000000e+00 0.00000000e+00 4.92059323e+01
 0.00000000e+00 0.00000000e+00 8.27976354e-10 0.00000000e+00
 0.00000000e+00 4.63267248e+01 0.00000000e+00 0.00000000e+00
 1.13686838e-13 7.06274938e-24 0.00000000e+00 0.00000000e+00
 0.00000000e+00 0.00000000e+00 0.00000000e+00 6.66854612e-24
 0.00000000e+00 0.00000000e+00 0.00000000e+00 0.00000000e+00
 0.00000000e+00 0.00000000e+00 0.00000000e+00 0.00000000e+00
 0.00000000e+00 0.00000000e+00 0.00000000e+00 0.00000000e+00
 0.00000000e+00 0.00000000e+00 0.00000000e+00 0.00000000e+00
 0.00000000e+00 0.00000000e+00 0.00000000e+00 0.00000000e+00
 0.00000000e+00]
sweep    1  f = 40.44171184  (Delta f = 1.78)
sweep    2  f = 40.44171106  (Delta f = 7.79e-07)
sweep    3  f = 40.44171106  (Delta f = 0)
New op index: 7	$R_Y$[2]
Current grad: 3.183678596884486
[ 3.14159265 -3.14159264  3.14159265  3.14159265 -3.14159265  3.14159265
  3.14159265 -1.57384506  3.14159265  3.14159265  3.14159264  3.14159265
  0.          1.5768752   3.14159265  3.14159265 -3.14159263  3.14159265
  3.14159265 -3.1415926   3.14159265  3.14159265  3.14159265  3.14159265
  3.14159265  3.14159265  3.14159265  3.14159265  3.14159265  3.14159265
  3.14159265  3.14159265  3.14159265  3.14159265  3.14159265  3.14159265
  3.14159265  3.14159265  3.14159265  3.14159265  3.14159265  3.14159265
  3.14159265  3.14159265  3.14159265] 
 [0.00000000e+00 0.00000000e+00 0.00000000e+00 0.00000000e+00
 0.00000000e+00 0.00000000e+00 0.00000000e+00 1.58465070e+00
 0.00000000e+00 0.00000000e+00 7.10542736e-15 0.00000000e+00
 4.12141784e-15 1.58452271e+00 0.00000000e+00 0.00000000e+00
 1.42108547e-14 0.00000000e+00 0.00000000e+00 8.52651283e-14
 0.00000000e+00 0.00000000e+00 0.00000000e+00 0.00000000e+00
 0.00000000e+00 0.00000000e+00 0.00000000e+00 0.00000000e+00
 0.00000000e+00 0.00000000e+00 0.00000000e+00 0.00000000e+00
 0.00000000e+00 0.00000000e+00 0.00000000e+00 0.00000000e+00
 0.00000000e+00 0.00000000e+00 0.00000000e+00 0.00000000e+00
 0.00000000e+00 0.00000000e+00 0.00000000e+00 0.00000000e+00
 0.00000000e+00]
sweep    1  f = 38.85468268  (Delta f = 0.00238)
sweep    2  f = 38.85468203  (Delta f = 6.51e-07)
sweep    3  f = 38.85468202  (Delta f = 6.32e-09)
New op index: 13	$R_Y$[4]
Current grad: 51.59307828491382
[ 3.14159265 -3.14158347  3.14159265  3.14159265 -3.14159265  3.14159265
  3.14159265 -3.14159265  3.14159265  3.14159265 -3.14159265  3.14159265
  0.          1.57089172  3.14159265  3.14159265  3.14159253  3.14159265
  3.14159265 -3.14159252  3.14159265  3.14159265  3.14159226  3.14159265
  3.14159265  3.14159265  3.14159265  3.14159265  3.14159265  3.14159265
  3.14159265  3.14159265  3.14159265  3.14159265  3.14159265  3.14159265
  3.14159265  3.14159265  3.14159265  3.14159265  3.14159265  3.14159265
  3.14159265  3.14159265  3.14159265] 
 [0.00000000e+00 6.71227518e-11 0.00000000e+00 0.00000000e+00
 0.00000000e+00 0.00000000e+00 0.00000000e+00 0.00000000e+00
 0.00000000e+00 0.00000000e+00 0.00000000e+00 0.00000000e+00
 5.41521636e-15 5.15881266e+01 0.00000000e+00 0.00000000e+00
 1.22124533e-14 0.00000000e+00 0.00000000e+00 8.81072992e-13
 0.00000000e+00 0.00000000e+00 1.23234756e-13 0.00000000e+00
 0.00000000e+00 0.00000000e+00 0.00000000e+00 0.00000000e+00
 0.00000000e+00 0.00000000e+00 0.00000000e+00 0.00000000e+00
 0.00000000e+00 0.00000000e+00 0.00000000e+00 0.00000000e+00
 0.00000000e+00 0.00000000e+00 0.00000000e+00 0.00000000e+00
 0.00000000e+00 0.00000000e+00 0.00000000e+00 0.00000000e+00
 0.00000000e+00]
sweep    1  f = -12.73469382  (Delta f = 0.00125)
sweep    2  f = -12.73469388  (Delta f = 5.48e-08)
sweep    3  f = -12.73469388  (Delta f = 5.43e-12)
New op index: 19	$R_Y$[6]
Current grad: 7.824091010891401e-06
[ 3.14159265 -3.14159264  0.          3.14159265 -3.14159264  3.14159265
  3.14159265  3.14159265  0.          3.14159265  3.14159265  0.
  3.14159265  3.14159264  3.14159265  3.14159265  3.14159265  3.14159265
  3.14159265  3.14159256  3.14159265  3.14159265  3.14159265  0.
  3.14159265  3.14159265  3.14159265  3.14159265  3.14159265  3.14159265
  3.14159265  3.14159265  0.          3.14159265  3.14159265  3.14159265
  3.14159265  3.14159265  3.14159265  3.14159265  3.14159265  3.14159265
  3.14159265  3.14159265  3.14159265] 
 [0.00000000e+00 0.00000000e+00 4.76316535e-17 0.00000000e+00
 0.00000000e+00 0.00000000e+00 0.00000000e+00 0.00000000e+00
 4.06170777e-18 0.00000000e+00 0.00000000e+00 1.62453237e-16
 0.00000000e+00 7.10542736e-15 0.00000000e+00 0.00000000e+00
 0.00000000e+00 0.00000000e+00 0.00000000e+00 2.48689958e-13
 0.00000000e+00 0.00000000e+00 0.00000000e+00 2.05772411e-17
 0.00000000e+00 0.00000000e+00 0.00000000e+00 0.00000000e+00
 0.00000000e+00 0.00000000e+00 0.00000000e+00 0.00000000e+00
 1.66514945e-16 0.00000000e+00 0.00000000e+00 0.00000000e+00
 0.00000000e+00 0.00000000e+00 0.00000000e+00 0.00000000e+00
 0.00000000e+00 0.00000000e+00 0.00000000e+00 0.00000000e+00
 0.00000000e+00]
Precision cutoff reached.
Calculating energies for FreeWilson2D(N_x=2, N_y=2, mass=-5.020, r=1.000)
h_im: 0.0
New op index: 10	$R_Y$[3]
Current grad: 14.08163265306121
[ 3.14159265 -1.57079633  3.14159265  3.14159265  1.57079633  3.14159265
  3.14159265 -1.57079633  3.14159265  3.14159265  1.25107417  0.
  3.14159265  1.25107417  0.          3.14159265 -1.57079633  3.14159265
  3.14159265  1.57079633  3.14159265  3.14159265 -1.57079633  3.14159265
  3.14159265  3.14159265  3.14159265  3.14159265  3.14159265  3.14159265
  3.14159265  0.          0.          3.14159265  3.14159265  3.14159265
  3.14159265  0.          0.          3.14159265  3.14159265  3.14159265
  3.14159265  3.14159265  3.14159265] 
 [0.         1.51020408 0.         0.         2.01020408 0.
 0.         2.01020408 0.         0.         2.09082254 1.
 0.         2.09082254 1.         0.         2.01020408 0.
 0.         2.01020408 0.         0.         1.51020408 0.
 0.         0.         0.         0.         0.         0.
 0.         1.         1.         0.         0.         0.
 0.         1.         1.         0.         0.         0.
 0.         0.         0.        ]
sweep    1  f = 198.4091775  (Delta f = 0)
New op index: 16	$R_Y$[5]
Current grad: 332.64136454334033
[ 3.14159265 -1.57079633  3.14159265  3.14159265 -1.57079633  3.14159265
  3.14159265 -1.57079633  0.          3.14159265  3.14159265  3.14159265
  3.14159265 -1.57425161  3.14159265  0.         -1.57079633  0.
  0.         -1.57079633  3.14159265  3.14159265 -1.57079633  0.
  3.14159265  3.14159265  3.14159265  3.14159265  0.          0.
  3.14159265  3.14159265  3.14159265  3.14159265  3.14159265  3.14159265
  0.          3.14159265  3.14159265  0.          0.          0.
  0.          0.          3.14159265] 
 [0.00000000e+00 4.89763431e+01 0.00000000e+00 0.00000000e+00
 4.54559350e+01 0.00000000e+00 0.00000000e+00 4.88191917e+01
 2.60208521e-18 0.00000000e+00 0.00000000e+00 0.00000000e+00
 0.00000000e+00 4.53243937e+01 0.00000000e+00 5.24100675e-15
 4.94763431e+01 1.12757026e-17 4.02850585e-15 4.54559350e+01
 0.00000000e+00 0.00000000e+00 4.89763431e+01 8.67361738e-18
 0.00000000e+00 0.00000000e+00 0.00000000e+00 0.00000000e+00
 2.60208521e-18 2.60208521e-18 0.00000000e+00 0.00000000e+00
 0.00000000e+00 0.00000000e+00 0.00000000e+00 0.00000000e+00
 3.92569693e-15 0.00000000e+00 0.00000000e+00 8.78032057e-15
 8.83843381e-15 2.60208521e-18 2.02268757e-15 1.96717642e-15
 0.00000000e+00]
sweep    1  f = 146.4771652  (Delta f = 2.46)
sweep    2  f = 146.4771652  (Delta f = 5.68e-14)
New op index: 4	$R_Y$[1]
Current grad: 9.556372256235228
[ 3.14159265 -1.57079633  3.14159265  3.14159265  1.57079633  3.14159265
  3.14159265 -1.57079633  0.          3.14159265  3.14159264  3.14159265
  0.          1.89294352  3.14159265  3.14159265  3.14159265  0.
  0.          1.89005378  3.14159265  3.14159265 -1.57079633  0.
  3.14159265  3.14159265  3.14159265  3.14159265  0.          0.
  3.14159265  3.14159265  3.14159265  3.14159265  3.14159265  3.14159265
  3.14159265  3.14159265  3.14159265  3.14159265  3.14159265  3.14159265
  0.          3.14159265  3.14159265] 
 [0.00000000e+00 1.50784870e+00 0.00000000e+00 0.00000000e+00
 2.01255947e+00 0.00000000e+00 0.00000000e+00 1.50299552e+00
 3.30438056e-26 0.00000000e+00 7.10542736e-15 0.00000000e+00
 5.81039882e-15 1.08973544e+00 0.00000000e+00 0.00000000e+00
 0.00000000e+00 1.20772711e-24 8.50212322e-15 1.09305873e+00
 0.00000000e+00 0.00000000e+00 1.50784870e+00 1.17468331e-24
 0.00000000e+00 0.00000000e+00 0.00000000e+00 0.00000000e+00
 3.30438056e-26 3.30438056e-26 0.00000000e+00 0.00000000e+00
 0.00000000e+00 0.00000000e+00 0.00000000e+00 0.00000000e+00
 0.00000000e+00 0.00000000e+00 0.00000000e+00 0.00000000e+00
 0.00000000e+00 0.00000000e+00 2.05416671e-15 0.00000000e+00
 0.00000000e+00]
sweep    1  f = 144.3887693  (Delta f = 0.0758)
sweep    2  f = 144.3887693  (Delta f = 0)
New op index: 22	$R_Y$[7]
Current grad: 238.84094011763077
[ 3.14159265 -1.58100498  3.14159265  3.14159265  3.14159265  3.14159265
  3.14159265 -1.58100498  3.14159265  3.14159265  3.14159218  3.14159265
  3.14159265 -1.58509494  3.14159265  3.14159265 -3.14159262  0.
  0.         -1.58167588  3.14159265  0.         -1.57079633  0.
  3.14159265  3.14159265  3.14159265  3.14159265  3.14159265  3.14159265
  3.14159265  3.14159265  3.14159265  3.14159265  3.14159265  3.14159265
  3.14159265  3.14159265  3.14159265  3.14159265  3.14159265  3.14159265
  0.          3.14159265  3.14159265] 
 [0.00000000e+00 4.84789028e+01 0.00000000e+00 0.00000000e+00
 0.00000000e+00 0.00000000e+00 0.00000000e+00 4.84789028e+01
 0.00000000e+00 0.00000000e+00 1.78745907e-13 0.00000000e+00
 0.00000000e+00 4.53034895e+01 0.00000000e+00 0.00000000e+00
 4.26325641e-14 1.56388835e-24 3.27893006e-14 4.54586623e+01
 0.00000000e+00 1.65603784e-14 4.89763506e+01 1.47341547e-24
 0.00000000e+00 0.00000000e+00 0.00000000e+00 0.00000000e+00
 0.00000000e+00 0.00000000e+00 0.00000000e+00 0.00000000e+00
 0.00000000e+00 0.00000000e+00 0.00000000e+00 0.00000000e+00
 0.00000000e+00 0.00000000e+00 0.00000000e+00 0.00000000e+00
 0.00000000e+00 0.00000000e+00 4.68343299e-14 0.00000000e+00
 0.00000000e+00]
sweep    1  f = 92.95675703  (Delta f = 2.46)
sweep    2  f = 92.95675703  (Delta f = 0)
New op index: 19	$R_Y$[6]
Current grad: 6.040817695505856
[ 3.14159265 -1.8909845   3.14159265  3.14159265  3.14159265  3.14159265
  3.14159265 -1.8909845   3.14159265  3.14159265  3.14159263  3.14159265
  0.          1.89294351  3.14159265  3.14159265 -3.14159265  0.
  0.          1.89005378  3.14159265  3.14159265 -3.14159265  3.14159265
  3.14159265  3.14159265  3.14159265  3.14159265  3.14159265  3.14159265
  3.14159265  3.14159265  3.14159265  3.14159265  3.14159265  3.14159265
  3.14159265  3.14159265  3.14159265  3.14159265  3.14159265  3.14159265
  3.14159265  3.14159265  3.14159265] 
 [0.00000000e+00 1.08858670e+00 0.00000000e+00 0.00000000e+00
 0.00000000e+00 0.00000000e+00 0.00000000e+00 1.08858670e+00
 0.00000000e+00 0.00000000e+00 1.42108547e-14 0.00000000e+00
 1.41819245e-15 1.08973544e+00 0.00000000e+00 0.00000000e+00
 0.00000000e+00 5.05442903e-26 4.36141635e-15 1.09305873e+00
 0.00000000e+00 0.00000000e+00 0.00000000e+00 0.00000000e+00
 0.00000000e+00 0.00000000e+00 0.00000000e+00 0.00000000e+00
 0.00000000e+00 0.00000000e+00 0.00000000e+00 0.00000000e+00
 0.00000000e+00 0.00000000e+00 0.00000000e+00 0.00000000e+00
 0.00000000e+00 0.00000000e+00 0.00000000e+00 0.00000000e+00
 0.00000000e+00 0.00000000e+00 0.00000000e+00 0.00000000e+00
 0.00000000e+00]
sweep    1  f = 91.83393193  (Delta f = 0.0298)
sweep    2  f = 91.83138754  (Delta f = 0.00254)
sweep    3  f = 91.83069814  (Delta f = 0.000689)
sweep    4  f = 91.83047973  (Delta f = 0.000218)
sweep    5  f = 91.83040721  (Delta f = 7.25e-05)
sweep    6  f = 91.83038276  (Delta f = 2.45e-05)
sweep    7  f = 91.83037446  (Delta f = 8.29e-06)
sweep    8  f = 91.83037165  (Delta f = 2.82e-06)
sweep    9  f = 91.83037069  (Delta f = 9.59e-07)
sweep   10  f = 91.83037036  (Delta f = 3.26e-07)
sweep   11  f = 91.83037025  (Delta f = 1.11e-07)
sweep   12  f = 91.83037021  (Delta f = 3.76e-08)
sweep   13  f = 91.8303702  (Delta f = 1.27e-08)
sweep   14  f = 91.8303702  (Delta f = 4.46e-09)
New op index: 1	$R_Y$[0]
Current grad: 145.6361893710988
[ 3.14159265 -1.58088636  3.14159265  3.14159265  3.14159265  3.14159265
  3.14159265 -1.58088636  3.14159265  3.14159265  3.14156509  3.14159265
  3.14159265 -1.57502823  3.14159265  3.14159265 -3.14159265  3.14159265
  3.14159265  3.14159265  3.14159265  3.14159265  3.14159265  3.14159265
  3.14159265  3.14159265  3.14159265  3.14159265  3.14159265  3.14159265
  3.14159265  3.14159265  3.14159265  3.14159265  3.14159265  3.14159265
  3.14159265  3.14159265  3.14159265  3.14159265  3.14159265  3.14159265
  3.14159265  3.14159265  3.14159265] 
 [0.00000000e+00 4.90546983e+01 0.00000000e+00 0.00000000e+00
 0.00000000e+00 0.00000000e+00 0.00000000e+00 4.90546983e+01
 0.00000000e+00 0.00000000e+00 9.65020952e-10 0.00000000e+00
 0.00000000e+00 4.63352651e+01 0.00000000e+00 0.00000000e+00
 0.00000000e+00 0.00000000e+00 0.00000000e+00 0.00000000e+00
 0.00000000e+00 0.00000000e+00 0.00000000e+00 0.00000000e+00
 0.00000000e+00 0.00000000e+00 0.00000000e+00 0.00000000e+00
 0.00000000e+00 0.00000000e+00 0.00000000e+00 0.00000000e+00
 0.00000000e+00 0.00000000e+00 0.00000000e+00 0.00000000e+00
 0.00000000e+00 0.00000000e+00 0.00000000e+00 0.00000000e+00
 0.00000000e+00 0.00000000e+00 0.00000000e+00 0.00000000e+00
 0.00000000e+00]
sweep    1  f = 40.9314963  (Delta f = 1.84)
sweep    2  f = 40.93149546  (Delta f = 8.41e-07)
sweep    3  f = 40.93149546  (Delta f = 0)
New op index: 7	$R_Y$[2]
Current grad: 3.020413887928529
[ 3.14159265  3.14159262  3.14159265  3.14159265  3.14159265  3.14159265
  3.14159265 -1.57401521  3.14159265  3.14159265 -3.14159262  3.14159265
  3.14159265  1.57721343  3.14159265  3.14159265 -3.14159261  3.14159265
  3.14159265 -3.14159265  3.14159265  3.14159265  3.14159265  3.14159265
  3.14159265  3.14159265  3.14159265  3.14159265  3.14159265  3.14159265
  3.14159265  3.14159265  3.14159265  3.14159265  3.14159265  3.14159265
  3.14159265  3.14159265  3.14159265  3.14159265  3.14159265  3.14159265
  3.14159265  3.14159265  3.14159265] 
 [0.00000000e+00 2.84217094e-14 0.00000000e+00 0.00000000e+00
 0.00000000e+00 0.00000000e+00 0.00000000e+00 1.50300330e+00
 0.00000000e+00 0.00000000e+00 3.55271368e-14 0.00000000e+00
 0.00000000e+00 1.50288386e+00 0.00000000e+00 0.00000000e+00
 4.26325641e-14 0.00000000e+00 0.00000000e+00 0.00000000e+00
 0.00000000e+00 0.00000000e+00 0.00000000e+00 0.00000000e+00
 0.00000000e+00 0.00000000e+00 0.00000000e+00 0.00000000e+00
 0.00000000e+00 0.00000000e+00 0.00000000e+00 0.00000000e+00
 0.00000000e+00 0.00000000e+00 0.00000000e+00 0.00000000e+00
 0.00000000e+00 0.00000000e+00 0.00000000e+00 0.00000000e+00
 0.00000000e+00 0.00000000e+00 0.00000000e+00 0.00000000e+00
 0.00000000e+00]
sweep    1  f = 39.42610938  (Delta f = 0.00238)
sweep    2  f = 39.42610862  (Delta f = 7.55e-07)
sweep    3  f = 39.42610861  (Delta f = 8.99e-09)
New op index: 13	$R_Y$[4]
Current grad: 51.511440190054735
[ 3.14159265 -3.1415829   3.14159265  3.14159265  3.14159265  3.14159265
  3.14159265 -3.14159265  3.14159265  3.14159265  3.14159262  3.14159265
  0.          1.57089195  3.14159265  3.14159265 -3.14159254  0.
  3.14159265  3.14159262  3.14159265  3.14159265  3.1415925   0.
  3.14159265  3.14159265  3.14159265  3.14159265  3.14159265  3.14159265
  3.14159265  3.14159265  3.14159265  3.14159265  3.14159265  3.14159265
  3.14159265  3.14159265  3.14159265  3.14159265  3.14159265  3.14159265
  3.14159265  3.14159265  3.14159265] 
 [0.00000000e+00 7.17064186e-11 0.00000000e+00 0.00000000e+00
 0.00000000e+00 0.00000000e+00 0.00000000e+00 0.00000000e+00
 0.00000000e+00 0.00000000e+00 7.10542736e-14 0.00000000e+00
 1.27404691e-15 5.15064919e+01 0.00000000e+00 0.00000000e+00
 8.88178420e-15 8.73010254e-15 0.00000000e+00 5.68434189e-14
 0.00000000e+00 0.00000000e+00 1.88737914e-14 8.73010254e-15
 0.00000000e+00 0.00000000e+00 0.00000000e+00 0.00000000e+00
 0.00000000e+00 0.00000000e+00 0.00000000e+00 0.00000000e+00
 0.00000000e+00 0.00000000e+00 0.00000000e+00 0.00000000e+00
 0.00000000e+00 0.00000000e+00 0.00000000e+00 0.00000000e+00
 0.00000000e+00 0.00000000e+00 0.00000000e+00 0.00000000e+00
 0.00000000e+00]
sweep    1  f = -12.08163259  (Delta f = 0.00125)
sweep    2  f = -12.08163265  (Delta f = 5.89e-08)
sweep    3  f = -12.08163265  (Delta f = 5.68e-12)
New op index: 4	$R_Y$[1]
Current grad: 2.559790489297693e-06
[ 3.14159265 -3.14159265  3.14159265  3.14159265 -3.14159264  0.
  3.14159265 -3.14159265  0.          3.14159265  3.14159264  0.
  3.14159265 -3.14159265  3.14159265  3.14159265  3.14159265  0.
  3.14159265 -3.14159265  0.          3.14159265  3.14159265  3.14159265
  3.14159265  3.14159265  0.          3.14159265  3.14159265  0.
  3.14159265  3.14159265  0.          3.14159265  3.14159265  0.
  3.14159265  3.14159265  0.          3.14159265  3.14159265  0.
  3.14159265  3.14159265  0.        ] 
 [0.00000000e+00 0.00000000e+00 0.00000000e+00 0.00000000e+00
 7.10542736e-15 1.98017307e-16 0.00000000e+00 0.00000000e+00
 4.54522102e-17 0.00000000e+00 7.10542736e-15 1.33665013e-16
 0.00000000e+00 0.00000000e+00 0.00000000e+00 0.00000000e+00
 0.00000000e+00 3.26489280e-17 0.00000000e+00 0.00000000e+00
 4.51798999e-17 0.00000000e+00 0.00000000e+00 0.00000000e+00
 0.00000000e+00 0.00000000e+00 1.91725240e-16 0.00000000e+00
 0.00000000e+00 2.43469518e-16 0.00000000e+00 0.00000000e+00
 1.79117224e-16 0.00000000e+00 0.00000000e+00 1.43150726e-16
 0.00000000e+00 0.00000000e+00 1.34765338e-17 0.00000000e+00
 0.00000000e+00 7.78288279e-17 0.00000000e+00 0.00000000e+00
 2.60845502e-17]
Precision cutoff reached.
Calculating energies for FreeWilson2D(N_x=2, N_y=2, mass=-4.857, r=1.000)
h_im: 0.0
New op index: 10	$R_Y$[3]
Current grad: 13.428571428571418
[ 3.14159265 -1.57079633  3.14159265  3.14159265  1.57079633  3.14159265
  3.14159265 -1.57079633  3.14159265  3.14159265  1.23412151  0.
  3.14159265  1.23412151  0.          3.14159265 -1.57079633  3.14159265
  3.14159265  1.57079633  3.14159265  3.14159265 -1.57079633  3.14159265
  3.14159265  3.14159265  3.14159265  3.14159265  3.14159265  3.14159265
  3.14159265  0.          0.          3.14159265  3.14159265  3.14159265
  3.14159265  0.          0.          3.14159265  3.14159265  3.14159265
  3.14159265  3.14159265  3.14159265] 
 [0.         1.42857143 0.         0.         1.92857143 0.
 0.         1.92857143 0.         0.         2.01354429 1.
 0.         2.01354429 1.         0.         1.92857143 0.
 0.         1.92857143 0.         0.         1.42857143 0.
 0.         0.         0.         0.         0.         0.
 0.         1.         1.         0.         0.         0.
 0.         1.         1.         0.         0.         0.
 0.         0.         0.        ]
sweep    1  f = 198.4864557  (Delta f = 0)
New op index: 16	$R_Y$[5]
Current grad: 330.6418917661503
[ 3.14159265 -1.57079633  3.14159265  3.14159265 -1.57079633  3.14159265
  3.14159265 -1.57079633  0.          3.14159265  3.14159265  3.14159265
  3.14159265 -1.57444317  3.14159265  0.         -1.57079633  0.
  0.         -1.57079633  0.          0.         -1.57079633  0.
  3.14159265  3.14159265  3.14159265  3.14159265  0.          0.
  3.14159265  3.14159265  3.14159265  3.14159265  3.14159265  0.
  0.          3.14159265  3.14159265  0.          0.          0.
  0.          0.          0.        ] 
 [0.00000000e+00 4.86214892e+01 0.00000000e+00 0.00000000e+00
 4.52643464e+01 0.00000000e+00 0.00000000e+00 4.84563140e+01
 5.46437895e-17 0.00000000e+00 0.00000000e+00 0.00000000e+00
 0.00000000e+00 4.51275432e+01 0.00000000e+00 7.50181167e-15
 4.91214892e+01 7.02563008e-17 4.69676381e-15 4.52643464e+01
 1.21430643e-17 2.01785513e-15 4.86214892e+01 1.56125113e-17
 0.00000000e+00 0.00000000e+00 0.00000000e+00 0.00000000e+00
 5.46437895e-17 5.46437895e-17 0.00000000e+00 0.00000000e+00
 0.00000000e+00 0.00000000e+00 0.00000000e+00 1.21430643e-17
 1.45283091e-15 0.00000000e+00 0.00000000e+00 9.97465999e-15
 1.00570594e-14 8.23993651e-17 7.27840407e-15 7.30615965e-15
 2.77555756e-17]
sweep    1  f = 146.6404266  (Delta f = 2.72)
sweep    2  f = 146.6404266  (Delta f = 0)
New op index: 4	$R_Y$[1]
Current grad: 9.066570616177664
[ 3.14159265 -1.57079633  3.14159265  3.14159265  1.57079633  3.14159265
  3.14159265 -1.57079633  0.          3.14159265 -3.14159264  3.14159265
  0.          1.90998035  3.14159265  3.14159265  3.14159261  3.14159265
  0.          1.90695618  3.14159265  3.14159265 -1.57079633  3.14159265
  3.14159265  3.14159265  3.14159265  3.14159265  0.          0.
  3.14159265  3.14159265  3.14159265  3.14159265  3.14159265  3.14159265
  3.14159265  3.14159265  3.14159265  3.14159265  3.14159265  3.14159265
  0.          3.14159265  3.14159265] 
 [0.00000000e+00 1.42620855e+00 0.00000000e+00 0.00000000e+00
 1.93093431e+00 0.00000000e+00 0.00000000e+00 1.42134766e+00
 3.24026195e-25 0.00000000e+00 7.10542736e-15 0.00000000e+00
 3.71931248e-15 1.01252418e+00 0.00000000e+00 0.00000000e+00
 5.68434189e-14 0.00000000e+00 1.47422411e-14 1.01577469e+00
 0.00000000e+00 0.00000000e+00 1.42620855e+00 0.00000000e+00
 0.00000000e+00 0.00000000e+00 0.00000000e+00 0.00000000e+00
 3.24026195e-25 3.24026195e-25 0.00000000e+00 0.00000000e+00
 0.00000000e+00 0.00000000e+00 0.00000000e+00 0.00000000e+00
 0.00000000e+00 0.00000000e+00 0.00000000e+00 0.00000000e+00
 0.00000000e+00 0.00000000e+00 2.69362333e-15 0.00000000e+00
 0.00000000e+00]
sweep    1  f = 144.6293128  (Delta f = 0.0802)
sweep    2  f = 144.6293128  (Delta f = 1.42e-12)
New op index: 22	$R_Y$[7]
Current grad: 237.393273498189
[ 3.14159265 -1.58107948  3.14159265  3.14159265  3.14159265  3.14159265
  3.14159265 -1.58107948  3.14159265  3.14159265  3.14159133  3.14159265
  3.14159265 -1.58533007  3.14159265  3.14159265 -3.14159264  3.14159265
  0.         -1.58172142  3.14159265  0.         -1.57079633  3.14159265
  3.14159265  3.14159265  3.14159265  3.14159265  3.14159265  3.14159265
  3.14159265  3.14159265  3.14159265  3.14159265  3.14159265  3.14159265
  3.14159265  3.14159265  3.14159265  3.14159265  3.14159265  3.14159265
  0.          3.14159265  3.14159265] 
 [0.00000000e+00 4.81240820e+01 0.00000000e+00 0.00000000e+00
 0.00000000e+00 0.00000000e+00 0.00000000e+00 4.81240820e+01
 0.00000000e+00 0.00000000e+00 1.33515421e-12 0.00000000e+00
 0.00000000e+00 4.51040276e+01 0.00000000e+00 0.00000000e+00
 0.00000000e+00 0.00000000e+00 1.48466309e-14 4.52670996e+01
 0.00000000e+00 3.83621706e-15 4.86215112e+01 0.00000000e+00
 0.00000000e+00 0.00000000e+00 0.00000000e+00 0.00000000e+00
 0.00000000e+00 0.00000000e+00 0.00000000e+00 0.00000000e+00
 0.00000000e+00 0.00000000e+00 0.00000000e+00 0.00000000e+00
 0.00000000e+00 0.00000000e+00 0.00000000e+00 0.00000000e+00
 0.00000000e+00 0.00000000e+00 1.80756947e-14 0.00000000e+00
 0.00000000e+00]
sweep    1  f = 93.28328379  (Delta f = 2.72)
sweep    2  f = 93.28328379  (Delta f = 0)
New op index: 19	$R_Y$[6]
Current grad: 5.7142881734816395
[ 3.14159265 -1.90798763  3.14159265  3.14159265  3.14159265  3.14159265
  3.14159265 -1.90798763  3.14159265  3.14159265  3.14159262  3.14159265
  0.          1.90998033  3.14159265  3.14159265  3.14159264  3.14159265
  0.          1.90695618  3.14159265  3.14159265 -3.14159265  0.
  3.14159265  3.14159265  3.14159265  3.14159265  3.14159265  3.14159265
  3.14159265  3.14159265  3.14159265  3.14159265  3.14159265  3.14159265
  3.14159265  3.14159265  3.14159265  3.14159265  3.14159265  3.14159265
  3.14159265  3.14159265  3.14159265] 
 [0.00000000e+00 1.01131429e+00 0.00000000e+00 0.00000000e+00
 0.00000000e+00 0.00000000e+00 0.00000000e+00 1.01131429e+00
 0.00000000e+00 0.00000000e+00 2.13162821e-14 0.00000000e+00
 1.32677239e-14 1.01252419e+00 0.00000000e+00 0.00000000e+00
 7.10542736e-15 0.00000000e+00 1.31091207e-14 1.01577470e+00
 0.00000000e+00 0.00000000e+00 0.00000000e+00 3.63250193e-40
 0.00000000e+00 0.00000000e+00 0.00000000e+00 0.00000000e+00
 0.00000000e+00 0.00000000e+00 0.00000000e+00 0.00000000e+00
 0.00000000e+00 0.00000000e+00 0.00000000e+00 0.00000000e+00
 0.00000000e+00 0.00000000e+00 0.00000000e+00 0.00000000e+00
 0.00000000e+00 0.00000000e+00 0.00000000e+00 0.00000000e+00
 0.00000000e+00]
sweep    1  f = 92.23921135  (Delta f = 0.0283)
sweep    2  f = 92.2365974  (Delta f = 0.00261)
sweep    3  f = 92.23578963  (Delta f = 0.000808)
sweep    4  f = 92.2354865  (Delta f = 0.000303)
sweep    5  f = 92.23536468  (Delta f = 0.000122)
sweep    6  f = 92.23531437  (Delta f = 5.03e-05)
sweep    7  f = 92.23529336  (Delta f = 2.1e-05)
sweep    8  f = 92.23528454  (Delta f = 8.82e-06)
sweep    9  f = 92.23528083  (Delta f = 3.71e-06)
sweep   10  f = 92.23527927  (Delta f = 1.56e-06)
sweep   11  f = 92.23527861  (Delta f = 6.57e-07)
sweep   12  f = 92.23527833  (Delta f = 2.77e-07)
sweep   13  f = 92.23527822  (Delta f = 1.16e-07)
sweep   14  f = 92.23527817  (Delta f = 4.95e-08)
sweep   15  f = 92.23527815  (Delta f = 2.04e-08)
sweep   16  f = 92.23527814  (Delta f = 8.69e-09)
New op index: 1	$R_Y$[0]
Current grad: 145.33952755534887
[ 3.14159265 -1.58091767  3.14159265  3.14159265  3.14159265  3.14159265
  3.14159265 -1.58091767  3.14159265  3.14159265  3.14155021  3.14159265
  0.         -1.5751033   3.14159265  3.14159265 -3.14159265  3.14159265
  3.14159265  3.14159265  3.14159265  3.14159265  3.14159265  3.14159265
  3.14159265  3.14159265  3.14159265  3.14159265  3.14159265  3.14159265
  3.14159265  3.14159265  3.14159265  3.14159265  3.14159265  3.14159265
  3.14159265  3.14159265  3.14159265  3.14159265  3.14159265  3.14159265
  3.14159265  3.14159265  3.14159265] 
 [0.00000000e+00 4.89013851e+01 0.00000000e+00 0.00000000e+00
 0.00000000e+00 0.00000000e+00 0.00000000e+00 4.89013851e+01
 0.00000000e+00 0.00000000e+00 2.24782104e-09 0.00000000e+00
 2.64437684e-15 4.63416882e+01 0.00000000e+00 0.00000000e+00
 0.00000000e+00 0.00000000e+00 0.00000000e+00 0.00000000e+00
 0.00000000e+00 0.00000000e+00 0.00000000e+00 0.00000000e+00
 0.00000000e+00 0.00000000e+00 0.00000000e+00 0.00000000e+00
 0.00000000e+00 0.00000000e+00 0.00000000e+00 0.00000000e+00
 0.00000000e+00 0.00000000e+00 0.00000000e+00 0.00000000e+00
 0.00000000e+00 0.00000000e+00 0.00000000e+00 0.00000000e+00
 0.00000000e+00 0.00000000e+00 0.00000000e+00 0.00000000e+00
 0.00000000e+00]
sweep    1  f = 41.42128073  (Delta f = 1.91)
sweep    2  f = 41.42127982  (Delta f = 9.07e-07)
sweep    3  f = 41.42127982  (Delta f = 0)
New op index: 7	$R_Y$[2]
Current grad: 2.8571453932005038
[ 3.14159265  3.14159265  3.14159265  3.14159265  3.14159265  3.14159265
  3.14159265 -1.57420488  3.14159265  3.14159265 -3.14159264  3.14159265
  3.14159265  1.57759023  3.14159265  3.14159265 -3.14159264  3.14159265
  3.14159265  3.14159263  3.14159265  3.14159265  3.14159265  3.14159265
  3.14159265  3.14159265  3.14159265  3.14159265  3.14159265  3.14159265
  3.14159265  3.14159265  3.14159265  3.14159265  3.14159265  3.14159265
  3.14159265  3.14159265  3.14159265  3.14159265  3.14159265  3.14159265
  3.14159265  3.14159265  3.14159265] 
 [0.00000000e+00 0.00000000e+00 0.00000000e+00 0.00000000e+00
 0.00000000e+00 0.00000000e+00 0.00000000e+00 1.42135593e+00
 0.00000000e+00 0.00000000e+00 7.10542736e-15 0.00000000e+00
 0.00000000e+00 1.42124513e+00 0.00000000e+00 0.00000000e+00
 0.00000000e+00 0.00000000e+00 0.00000000e+00 1.42108547e-14
 0.00000000e+00 0.00000000e+00 0.00000000e+00 0.00000000e+00
 0.00000000e+00 0.00000000e+00 0.00000000e+00 0.00000000e+00
 0.00000000e+00 0.00000000e+00 0.00000000e+00 0.00000000e+00
 0.00000000e+00 0.00000000e+00 0.00000000e+00 0.00000000e+00
 0.00000000e+00 0.00000000e+00 0.00000000e+00 0.00000000e+00
 0.00000000e+00 0.00000000e+00 0.00000000e+00 0.00000000e+00
 0.00000000e+00]
sweep    1  f = 39.9975361  (Delta f = 0.00239)
sweep    2  f = 39.99753522  (Delta f = 8.79e-07)
sweep    3  f = 39.9975352  (Delta f = 1.33e-08)
sweep    4  f = 39.9975352  (Delta f = 2.09e-10)
New op index: 13	$R_Y$[4]
Current grad: 51.42979226108073
[ 3.14159265 -3.14159121  3.14159265  3.14159265  3.14159265  3.14159265
  3.14159265 -3.14159265  3.14159265  3.14159265  3.14159263  3.14159265
  3.14159265  1.57089218  3.14159265  3.14159265  3.1415924   3.14159265
  3.14159265  3.14159265  3.14159265  3.14159265  3.14159262  3.14159265
  3.14159265  3.14159265  3.14159265  3.14159265  3.14159265  3.14159265
  3.14159265  3.14159265  3.14159265  3.14159265  3.14159265  3.14159265
  3.14159265  3.14159265  3.14159265  3.14159265  3.14159265  3.14159265
  3.14159265  3.14159265  3.14159265] 
 [0.00000000e+00 1.48392409e-12 0.00000000e+00 0.00000000e+00
 0.00000000e+00 0.00000000e+00 0.00000000e+00 0.00000000e+00
 0.00000000e+00 0.00000000e+00 2.84217094e-14 0.00000000e+00
 0.00000000e+00 5.14248572e+01 0.00000000e+00 0.00000000e+00
 4.77395901e-14 0.00000000e+00 0.00000000e+00 0.00000000e+00
 0.00000000e+00 0.00000000e+00 4.44089210e-16 0.00000000e+00
 0.00000000e+00 0.00000000e+00 0.00000000e+00 0.00000000e+00
 0.00000000e+00 0.00000000e+00 0.00000000e+00 0.00000000e+00
 0.00000000e+00 0.00000000e+00 0.00000000e+00 0.00000000e+00
 0.00000000e+00 0.00000000e+00 0.00000000e+00 0.00000000e+00
 0.00000000e+00 0.00000000e+00 0.00000000e+00 0.00000000e+00
 0.00000000e+00]
sweep    1  f = -11.42857137  (Delta f = 0.00125)
sweep    2  f = -11.42857143  (Delta f = 5.91e-08)
sweep    3  f = -11.42857143  (Delta f = 7.24e-12)
New op index: 10	$R_Y$[3]
Current grad: 4.149048954258616e-06
[ 3.14159265  3.14159264  0.          3.14159265 -3.14159264  3.14159265
  3.14159265 -3.14159264  0.          3.14159265 -3.14159263  3.14159265
  3.14159265 -3.14159265  0.          3.14159265  3.14159265  0.
  3.14159265  3.14159265  3.14159265  3.14159265  3.14159265  3.14159265
  3.14159265  3.14159265  3.14159265  3.14159265  3.14159265  3.14159265
  3.14159265  3.14159265  0.          3.14159265  3.14159265  3.14159265
  3.14159265  3.14159265  0.          3.14159265  3.14159265  0.
  3.14159265  3.14159265  3.14159265] 
 [0.00000000e+00 7.10542736e-15 2.00992369e-16 0.00000000e+00
 0.00000000e+00 0.00000000e+00 0.00000000e+00 7.10542736e-15
 2.79955356e-16 0.00000000e+00 1.42108547e-14 0.00000000e+00
 0.00000000e+00 0.00000000e+00 1.26887331e-16 0.00000000e+00
 0.00000000e+00 4.02612927e-17 0.00000000e+00 0.00000000e+00
 0.00000000e+00 0.00000000e+00 0.00000000e+00 0.00000000e+00
 0.00000000e+00 0.00000000e+00 0.00000000e+00 0.00000000e+00
 0.00000000e+00 0.00000000e+00 0.00000000e+00 0.00000000e+00
 1.50983313e-16 0.00000000e+00 0.00000000e+00 0.00000000e+00
 0.00000000e+00 0.00000000e+00 1.67148624e-16 0.00000000e+00
 0.00000000e+00 1.68796596e-19 0.00000000e+00 0.00000000e+00
 0.00000000e+00]
Precision cutoff reached.
Calculating energies for FreeWilson2D(N_x=2, N_y=2, mass=-4.694, r=1.000)
h_im: 0.0
New op index: 10	$R_Y$[3]
Current grad: 12.775510204081623
[ 3.14159265 -1.57079633  3.14159265  3.14159265  1.57079633  3.14159265
  3.14159265 -1.57079633  3.14159265  3.14159265  1.21535067  0.
  3.14159265  1.21535067  0.          3.14159265 -1.57079633  3.14159265
  3.14159265  1.57079633  3.14159265  3.14159265 -1.57079633  3.14159265
  3.14159265  3.14159265  3.14159265  3.14159265  3.14159265  3.14159265
  3.14159265  0.          0.          3.14159265  3.14159265  3.14159265
  3.14159265  0.          0.          3.14159265  3.14159265  3.14159265
  3.14159265  3.14159265  3.14159265] 
 [0.         1.34693878 0.         0.         1.84693878 0.
 0.         1.84693878 0.         0.         1.93674774 1.
 0.         1.93674774 1.         0.         1.84693878 0.
 0.         1.84693878 0.         0.         1.34693878 0.
 0.         0.         0.         0.         0.         0.
 0.         1.         1.         0.         0.         0.
 0.         1.         1.         0.         0.         0.
 0.         0.         0.        ]
sweep    1  f = 198.5632523  (Delta f = 3.69e-13)
New op index: 16	$R_Y$[5]
Current grad: 328.32620972311554
[ 3.14159265 -1.57079633  3.14159265  3.14159265 -1.57079633  3.14159265
  3.14159265 -1.57079633  3.14159265  3.14159265 -3.14159265  3.14159265
  0.         -1.57465801  3.14159265  3.14159265 -1.57079633  0.
  3.14159265 -1.57079633  3.14159265  3.14159265 -1.57079633  0.
  3.14159265  3.14159265  3.14159265  3.14159265  3.14159265  3.14159265
  3.14159265  3.14159265  3.14159265  3.14159265  3.14159265  3.14159265
  0.          3.14159265  3.14159265  3.14159265  3.14159265  0.
  3.14159265  3.14159265  0.        ] 
 [0.00000000e+00 4.82215132e+01 0.00000000e+00 0.00000000e+00
 4.50276356e+01 0.00000000e+00 0.00000000e+00 4.80475091e+01
 0.00000000e+00 0.00000000e+00 0.00000000e+00 0.00000000e+00
 3.09233931e-15 4.48852218e+01 0.00000000e+00 0.00000000e+00
 4.87215132e+01 6.93889390e-17 0.00000000e+00 4.50276356e+01
 0.00000000e+00 0.00000000e+00 4.82215132e+01 6.93889390e-17
 0.00000000e+00 0.00000000e+00 0.00000000e+00 0.00000000e+00
 0.00000000e+00 0.00000000e+00 0.00000000e+00 0.00000000e+00
 0.00000000e+00 0.00000000e+00 0.00000000e+00 0.00000000e+00
 6.28748754e-16 0.00000000e+00 0.00000000e+00 0.00000000e+00
 0.00000000e+00 2.77555756e-17 0.00000000e+00 0.00000000e+00
 2.77555756e-17]
sweep    1  f = 146.8036881  (Delta f = 3.04)
sweep    2  f = 146.8036881  (Delta f = 0)
New op index: 4	$R_Y$[1]
Current grad: 8.576767382868098
[ 3.14159265 -1.57079633  3.14159265  3.14159265  1.57079633  3.14159265
  3.14159265 -1.57079633  3.14159265  3.14159265 -3.14159259  3.14159265
  0.          1.92883758  3.14159265  3.14159265 -3.14159265  3.14159265
  3.14159265  1.92566871  3.14159265  3.14159265 -1.57079633  3.14159265
  3.14159265  3.14159265  3.14159265  3.14159265  3.14159265  3.14159265
  3.14159265  3.14159265  3.14159265  3.14159265  3.14159265  3.14159265
  3.14159265  3.14159265  3.14159265  3.14159265  3.14159265  3.14159265
  3.14159265  3.14159265  3.14159265] 
 [0.00000000e+00 1.34456836e+00 0.00000000e+00 0.00000000e+00
 1.84930920e+00 0.00000000e+00 0.00000000e+00 1.33969972e+00
 0.00000000e+00 0.00000000e+00 8.52651283e-14 0.00000000e+00
 4.55546675e-15 9.35800531e-01 0.00000000e+00 0.00000000e+00
 0.00000000e+00 0.00000000e+00 0.00000000e+00 9.38970227e-01
 0.00000000e+00 0.00000000e+00 1.34456836e+00 0.00000000e+00
 0.00000000e+00 0.00000000e+00 0.00000000e+00 0.00000000e+00
 0.00000000e+00 0.00000000e+00 0.00000000e+00 0.00000000e+00
 0.00000000e+00 0.00000000e+00 0.00000000e+00 0.00000000e+00
 0.00000000e+00 0.00000000e+00 0.00000000e+00 0.00000000e+00
 0.00000000e+00 0.00000000e+00 0.00000000e+00 0.00000000e+00
 0.00000000e+00]
sweep    1  f = 144.8693747  (Delta f = 0.085)
sweep    2  f = 144.8693747  (Delta f = 2.84e-14)
New op index: 22	$R_Y$[7]
Current grad: 235.71980197618433
[ 3.14159265 -1.58116477  3.14159265  3.14159265 -3.14159265  3.14159265
  3.14159265 -1.58116477  3.14159265  3.14159265 -3.14159255  3.14159265
  0.         -1.58559953  3.14159265  3.14159265 -3.14159265  3.14159265
  0.         -1.58177823  3.14159265  0.         -1.57079633  0.
  3.14159265  3.14159265  3.14159265  3.14159265  3.14159265  3.14159265
  3.14159265  3.14159265  3.14159265  3.14159265  3.14159265  3.14159265
  3.14159265  3.14159265  3.14159265  3.14159265  3.14159265  3.14159265
  0.          3.14159265  3.14159265] 
 [0.00000000e+00 4.77241034e+01 0.00000000e+00 0.00000000e+00
 0.00000000e+00 0.00000000e+00 0.00000000e+00 4.77241034e+01
 0.00000000e+00 0.00000000e+00 8.21565038e-15 0.00000000e+00
 4.41933196e-15 4.48586184e+01 0.00000000e+00 0.00000000e+00
 0.00000000e+00 0.00000000e+00 3.30765744e-16 4.50303793e+01
 0.00000000e+00 2.76564486e-16 4.82215113e+01 1.80945759e-25
 0.00000000e+00 0.00000000e+00 0.00000000e+00 0.00000000e+00
 0.00000000e+00 0.00000000e+00 0.00000000e+00 0.00000000e+00
 0.00000000e+00 0.00000000e+00 0.00000000e+00 0.00000000e+00
 0.00000000e+00 0.00000000e+00 0.00000000e+00 0.00000000e+00
 0.00000000e+00 0.00000000e+00 1.82163666e-15 0.00000000e+00
 0.00000000e+00]
sweep    1  f = 93.60981054  (Delta f = 3.04)
sweep    2  f = 93.60981054  (Delta f = 0)
New op index: 19	$R_Y$[6]
Current grad: 5.387760005051021
[ 3.14159265 -1.92681704  3.14159265  3.14159265 -3.14159265  3.14159265
  3.14159265 -1.92681704  3.14159265  3.14159265 -3.14159259  3.14159265
  0.          1.92883758  3.14159265  3.14159265 -3.14159262  3.14159265
  0.          1.92566871  3.14159265  3.14159265 -3.14159265  3.14159265
  3.14159265  3.14159265  3.14159265  3.14159265  3.14159265  3.14159265
  3.14159265  3.14159265  3.14159265  3.14159265  3.14159265  3.14159265
  3.14159265  3.14159265  3.14159265  3.14159265  3.14159265  3.14159265
  3.14159265  3.14159265  3.14159265] 
 [0.00000000e+00 9.34525725e-01 0.00000000e+00 0.00000000e+00
 0.00000000e+00 0.00000000e+00 0.00000000e+00 9.34525725e-01
 0.00000000e+00 0.00000000e+00 1.13686838e-13 0.00000000e+00
 9.65610282e-15 9.35800543e-01 0.00000000e+00 0.00000000e+00
 2.13162821e-14 0.00000000e+00 2.30104998e-14 9.38970227e-01
 0.00000000e+00 0.00000000e+00 0.00000000e+00 0.00000000e+00
 0.00000000e+00 0.00000000e+00 0.00000000e+00 0.00000000e+00
 0.00000000e+00 0.00000000e+00 0.00000000e+00 0.00000000e+00
 0.00000000e+00 0.00000000e+00 0.00000000e+00 0.00000000e+00
 0.00000000e+00 0.00000000e+00 0.00000000e+00 0.00000000e+00
 0.00000000e+00 0.00000000e+00 0.00000000e+00 0.00000000e+00
 0.00000000e+00]
sweep    1  f = 92.64425038  (Delta f = 0.0266)
sweep    2  f = 92.64168212  (Delta f = 0.00257)
sweep    3  f = 92.64080686  (Delta f = 0.000875)
sweep    4  f = 92.64042942  (Delta f = 0.000377)
sweep    5  f = 92.6402501  (Delta f = 0.000179)
sweep    6  f = 92.64016094  (Delta f = 8.92e-05)
sweep    7  f = 92.6401156  (Delta f = 4.53e-05)
sweep    8  f = 92.64009227  (Delta f = 2.33e-05)
sweep    9  f = 92.6400802  (Delta f = 1.21e-05)
sweep   10  f = 92.64007393  (Delta f = 6.27e-06)
sweep   11  f = 92.64007068  (Delta f = 3.26e-06)
sweep   12  f = 92.64006898  (Delta f = 1.69e-06)
sweep   13  f = 92.6400681  (Delta f = 8.82e-07)
sweep   14  f = 92.64006764  (Delta f = 4.6e-07)
sweep   15  f = 92.6400674  (Delta f = 2.4e-07)
sweep   16  f = 92.64006728  (Delta f = 1.24e-07)
sweep   17  f = 92.64006721  (Delta f = 6.47e-08)
sweep   18  f = 92.64006718  (Delta f = 3.37e-08)
sweep   19  f = 92.64006716  (Delta f = 1.77e-08)
sweep   20  f = 92.64006715  (Delta f = 9.19e-09)
New op index: 1	$R_Y$[0]
Current grad: 145.03623141467918
[ 3.14159265 -1.58094964  3.14159265  3.14159265 -3.14159265  3.14159265
  3.14159265 -1.58094964  3.14159265  3.14159265  3.14154492  3.14159265
  0.         -1.57517945  3.14159265  3.14159265  3.14159264  0.
  3.14159265  3.14159265  3.14159265  3.14159265 -3.14159265  0.
  3.14159265  3.14159265  3.14159265  3.14159265  3.14159265  3.14159265
  3.14159265  3.14159265  3.14159265  3.14159265  3.14159265  3.14159265
  3.14159265  3.14159265  3.14159265  3.14159265  3.14159265  3.14159265
  3.14159265  3.14159265  3.14159265] 
 [0.00000000e+00 4.87458686e+01 0.00000000e+00 0.00000000e+00
 0.00000000e+00 0.00000000e+00 0.00000000e+00 4.87458686e+01
 0.00000000e+00 0.00000000e+00 2.79312617e-09 0.00000000e+00
 2.02486262e-15 4.63458665e+01 0.00000000e+00 0.00000000e+00
 0.00000000e+00 2.49793132e-24 0.00000000e+00 0.00000000e+00
 0.00000000e+00 0.00000000e+00 0.00000000e+00 2.13048622e-24
 0.00000000e+00 0.00000000e+00 0.00000000e+00 0.00000000e+00
 0.00000000e+00 0.00000000e+00 0.00000000e+00 0.00000000e+00
 0.00000000e+00 0.00000000e+00 0.00000000e+00 0.00000000e+00
 0.00000000e+00 0.00000000e+00 0.00000000e+00 0.00000000e+00
 0.00000000e+00 0.00000000e+00 0.00000000e+00 0.00000000e+00
 0.00000000e+00]
sweep    1  f = 41.91106513  (Delta f = 1.98)
sweep    2  f = 41.91106415  (Delta f = 9.79e-07)
sweep    3  f = 41.91106415  (Delta f = 0)
New op index: 7	$R_Y$[2]
Current grad: 2.6938815695356384
[ 3.14159265  3.14159263  3.14159265  3.14159265 -3.14159265  3.14159265
  3.14159265 -1.57441758  3.14159265  3.14159265  3.14159263  3.14159265
  3.14159265  1.57801265  3.14159265  3.14159265 -3.14159264  3.14159265
  3.14159265  3.14159263  3.14159265  3.14159265  3.14159265  3.14159265
  3.14159265  3.14159265  3.14159265  3.14159265  3.14159265  3.14159265
  3.14159265  3.14159265  3.14159265  3.14159265  3.14159265  3.14159265
  3.14159265  3.14159265  3.14159265  3.14159265  3.14159265  3.14159265
  3.14159265  3.14159265  3.14159265] 
 [0.00000000e+00 7.10542736e-15 0.00000000e+00 0.00000000e+00
 0.00000000e+00 0.00000000e+00 0.00000000e+00 1.33970858e+00
 0.00000000e+00 0.00000000e+00 1.42108547e-14 0.00000000e+00
 0.00000000e+00 1.33960666e+00 0.00000000e+00 0.00000000e+00
 7.10542736e-15 0.00000000e+00 0.00000000e+00 1.42108547e-14
 0.00000000e+00 0.00000000e+00 0.00000000e+00 0.00000000e+00
 0.00000000e+00 0.00000000e+00 0.00000000e+00 0.00000000e+00
 0.00000000e+00 0.00000000e+00 0.00000000e+00 0.00000000e+00
 0.00000000e+00 0.00000000e+00 0.00000000e+00 0.00000000e+00
 0.00000000e+00 0.00000000e+00 0.00000000e+00 0.00000000e+00
 0.00000000e+00 0.00000000e+00 0.00000000e+00 0.00000000e+00
 0.00000000e+00]
sweep    1  f = 40.56896284  (Delta f = 0.00239)
sweep    2  f = 40.56896181  (Delta f = 1.03e-06)
sweep    3  f = 40.56896179  (Delta f = 2.07e-08)
sweep    4  f = 40.56896179  (Delta f = 4.12e-10)
New op index: 13	$R_Y$[4]
Current grad: 51.34816650642702
[ 3.14159265 -3.1415894   3.14159265  3.14159265 -3.14159265  3.14159265
  3.14159265  3.14159265  3.14159265  3.14159265 -3.14159262  3.14159265
  3.14159265  1.57089241  3.14159265  3.14159265 -3.14159247  0.
  3.14159265  3.14159264  3.14159265  3.14159265  3.1415925   0.
  3.14159265  3.14159265  3.14159265  3.14159265  3.14159265  3.14159265
  3.14159265  3.14159265  3.14159265  3.14159265  3.14159265  3.14159265
  3.14159265  3.14159265  3.14159265  3.14159265  3.14159265  3.14159265
  3.14159265  3.14159265  3.14159265] 
 [0.00000000e+00 7.10320691e-12 0.00000000e+00 0.00000000e+00
 0.00000000e+00 0.00000000e+00 0.00000000e+00 0.00000000e+00
 0.00000000e+00 0.00000000e+00 7.10542736e-14 0.00000000e+00
 0.00000000e+00 5.13432225e+01 0.00000000e+00 0.00000000e+00
 2.22044605e-14 1.43101133e-14 0.00000000e+00 0.00000000e+00
 0.00000000e+00 0.00000000e+00 1.57651669e-14 1.43101133e-14
 0.00000000e+00 0.00000000e+00 0.00000000e+00 0.00000000e+00
 0.00000000e+00 0.00000000e+00 0.00000000e+00 0.00000000e+00
 0.00000000e+00 0.00000000e+00 0.00000000e+00 0.00000000e+00
 0.00000000e+00 0.00000000e+00 0.00000000e+00 0.00000000e+00
 0.00000000e+00 0.00000000e+00 0.00000000e+00 0.00000000e+00
 0.00000000e+00]
sweep    1  f = -10.77551015  (Delta f = 0.00125)
sweep    2  f = -10.7755102  (Delta f = 5.86e-08)
sweep    3  f = -10.7755102  (Delta f = 6.33e-12)
New op index: 13	$R_Y$[4]
Current grad: 4.109632707992526e-06
[ 3.14159265  3.14159264  0.          3.14159265  3.14159265  0.
  3.14159265 -3.14159265  0.          3.14159265 -3.14159264  3.14159265
  3.14159265  3.14159262  3.14159265  3.14159265 -3.14159265  3.14159265
  3.14159265  3.14159264  3.14159265  3.14159265 -3.14159265  0.
  3.14159265  3.14159265  0.          3.14159265  3.14159265  0.
  3.14159265  3.14159265  3.14159265  3.14159265  3.14159265  3.14159265
  3.14159265  3.14159265  3.14159265  3.14159265  3.14159265  3.14159265
  3.14159265  3.14159265  3.14159265] 
 [0.00000000e+00 0.00000000e+00 1.17258559e-17 0.00000000e+00
 0.00000000e+00 9.91325695e-17 0.00000000e+00 0.00000000e+00
 5.62256093e-20 0.00000000e+00 7.10542736e-15 0.00000000e+00
 0.00000000e+00 2.84217094e-14 0.00000000e+00 0.00000000e+00
 0.00000000e+00 0.00000000e+00 0.00000000e+00 0.00000000e+00
 0.00000000e+00 0.00000000e+00 0.00000000e+00 2.71951089e-19
 0.00000000e+00 0.00000000e+00 1.10858425e-16 0.00000000e+00
 0.00000000e+00 9.91887951e-17 0.00000000e+00 0.00000000e+00
 0.00000000e+00 0.00000000e+00 0.00000000e+00 0.00000000e+00
 0.00000000e+00 0.00000000e+00 0.00000000e+00 0.00000000e+00
 0.00000000e+00 0.00000000e+00 0.00000000e+00 0.00000000e+00
 0.00000000e+00]
Precision cutoff reached.
Calculating energies for FreeWilson2D(N_x=2, N_y=2, mass=-4.531, r=1.000)
h_im: 0.0
New op index: 10	$R_Y$[3]
Current grad: 12.122448979591827
[ 3.14159265 -1.57079633  3.14159265  3.14159265  1.57079633  3.14159265
  3.14159265 -1.57079633  3.14159265  3.14159265  1.1944682   0.
  3.14159265  1.1944682   0.          3.14159265 -1.57079633  3.14159265
  3.14159265  1.57079633  3.14159265  3.14159265 -1.57079633  3.14159265
  3.14159265  3.14159265  3.14159265  3.14159265  3.14159265  3.14159265
  3.14159265  0.          0.          3.14159265  3.14159265  3.14159265
  3.14159265  0.          0.          3.14159265  3.14159265  3.14159265
  3.14159265  3.14159265  3.14159265] 
 [0.         1.26530612 0.         0.         1.76530612 0.
 0.         1.76530612 0.         0.         1.86051446 1.
 0.         1.86051446 1.         0.         1.76530612 0.
 0.         1.76530612 0.         0.         1.26530612 0.
 0.         0.         0.         0.         0.         0.
 0.         1.         1.         0.         0.         0.
 0.         1.         1.         0.         0.         0.
 0.         0.         0.        ]
sweep    1  f = 198.6394855  (Delta f = 0)
New op index: 16	$R_Y$[5]
Current grad: 325.62366247670377
[ 3.14159265 -1.57079633  3.14159265  3.14159265 -1.57079633  3.14159265
  3.14159265 -1.57079633  0.          3.14159265 -3.14159265  3.14159265
  3.14159265 -1.57490064  3.14159265  0.         -1.57079633  3.14159265
  3.14159265 -1.57079633  3.14159265  0.         -1.57079633  3.14159265
  3.14159265  3.14159265  3.14159265  3.14159265  0.          0.
  3.14159265  3.14159265  3.14159265  3.14159265  3.14159265  3.14159265
  0.          3.14159265  3.14159265  3.14159265  3.14159265  3.14159265
  3.14159265  3.14159265  3.14159265] 
 [0.00000000e+00 4.77663233e+01 0.00000000e+00 0.00000000e+00
 4.47357111e+01 0.00000000e+00 0.00000000e+00 4.75825693e+01
 8.67361738e-19 0.00000000e+00 0.00000000e+00 0.00000000e+00
 0.00000000e+00 4.45873240e+01 0.00000000e+00 3.01415284e-15
 4.82663233e+01 0.00000000e+00 0.00000000e+00 4.47357111e+01
 0.00000000e+00 3.29252286e-15 4.77663233e+01 0.00000000e+00
 0.00000000e+00 0.00000000e+00 0.00000000e+00 0.00000000e+00
 8.67361738e-19 8.67361738e-19 0.00000000e+00 0.00000000e+00
 0.00000000e+00 0.00000000e+00 0.00000000e+00 0.00000000e+00
 2.92631919e-15 0.00000000e+00 0.00000000e+00 0.00000000e+00
 0.00000000e+00 0.00000000e+00 0.00000000e+00 0.00000000e+00
 0.00000000e+00]
sweep    1  f = 146.9669495  (Delta f = 3.41)
sweep    2  f = 146.9669495  (Delta f = 0)
New op index: 4	$R_Y$[1]
Current grad: 8.086965975920823
[ 3.14159265 -1.57079633  3.14159265  3.14159265  1.57079633  3.14159265
  3.14159265 -1.57079633  0.          3.14159265 -3.14159257  3.14159265
  0.          1.94980761  3.14159265  3.14159265  3.14159263  0.
  0.          1.94648315  3.14159265  0.         -1.57079633  0.
  3.14159265  3.14159265  3.14159265  3.14159265  0.          0.
  3.14159265  3.14159265  3.14159265  3.14159265  3.14159265  3.14159265
  3.14159265  3.14159265  3.14159265  3.14159265  3.14159265  3.14159265
  0.          3.14159265  3.14159265] 
 [0.00000000e+00 1.26292814e+00 0.00000000e+00 0.00000000e+00
 1.76768411e+00 0.00000000e+00 0.00000000e+00 1.25805174e+00
 5.80601626e-27 0.00000000e+00 1.70530257e-13 0.00000000e+00
 1.96416097e-15 8.59646644e-01 0.00000000e+00 0.00000000e+00
 2.13162821e-14 8.21374596e-25 2.38876671e-14 8.62726297e-01
 0.00000000e+00 7.57050276e-15 1.26292814e+00 8.15568580e-25
 0.00000000e+00 0.00000000e+00 0.00000000e+00 0.00000000e+00
 5.80601626e-27 5.80601626e-27 0.00000000e+00 0.00000000e+00
 0.00000000e+00 0.00000000e+00 0.00000000e+00 0.00000000e+00
 0.00000000e+00 0.00000000e+00 0.00000000e+00 0.00000000e+00
 0.00000000e+00 0.00000000e+00 3.04773904e-14 0.00000000e+00
 0.00000000e+00]
sweep    1  f = 145.1088733  (Delta f = 0.0904)
sweep    2  f = 145.1088733  (Delta f = 1.14e-13)
New op index: 22	$R_Y$[7]
Current grad: 233.7703919084079
[ 3.14159265 -1.58126357  3.14159265  3.14159265  3.14159265  3.14159265
  3.14159265 -1.58126357  3.14159265  3.14159265 -3.14159262  3.14159265
  3.14159265 -1.58591054  3.14159265  3.14159265 -3.14159263  0.
  0.         -1.58184909  3.14159265  0.         -1.57079633  0.
  3.14159265  3.14159265  3.14159265  3.14159265  3.14159265  3.14159265
  3.14159265  3.14159265  3.14159265  3.14159265  3.14159265  3.14159265
  3.14159265  3.14159265  3.14159265  3.14159265  3.14159265  3.14159265
  0.          3.14159265  3.14159265] 
 [0.00000000e+00 4.72689396e+01 0.00000000e+00 0.00000000e+00
 0.00000000e+00 0.00000000e+00 0.00000000e+00 4.72689396e+01
 0.00000000e+00 0.00000000e+00 6.66133815e-16 0.00000000e+00
 0.00000000e+00 4.45571238e+01 0.00000000e+00 0.00000000e+00
 2.84217094e-14 1.92577986e-24 1.93722235e-14 4.47384738e+01
 0.00000000e+00 8.22896173e-15 4.77663228e+01 2.19719850e-24
 0.00000000e+00 0.00000000e+00 0.00000000e+00 0.00000000e+00
 0.00000000e+00 0.00000000e+00 0.00000000e+00 0.00000000e+00
 0.00000000e+00 0.00000000e+00 0.00000000e+00 0.00000000e+00
 0.00000000e+00 0.00000000e+00 0.00000000e+00 0.00000000e+00
 0.00000000e+00 0.00000000e+00 2.67338235e-14 0.00000000e+00
 0.00000000e+00]
sweep    1  f = 93.93633727  (Delta f = 3.41)
sweep    2  f = 93.93633727  (Delta f = 0)
New op index: 19	$R_Y$[6]
Current grad: 5.061226998648008
[ 3.14159265 -1.94776784  3.14159265  3.14159265  3.14159265  3.14159265
  3.14159265 -1.94776784  3.14159265  3.14159265  3.14159261  3.14159265
  0.          1.94980759  3.14159265  3.14159265  3.14159265  0.
  3.14159265  1.94648316  3.14159265  3.14159265 -3.14159265  3.14159265
  3.14159265  3.14159265  3.14159265  3.14159265  3.14159265  3.14159265
  3.14159265  3.14159265  3.14159265  3.14159265  3.14159265  3.14159265
  3.14159265  3.14159265  3.14159265  3.14159265  3.14159265  3.14159265
  3.14159265  3.14159265  3.14159265] 
 [0.00000000e+00 8.58303219e-01 0.00000000e+00 0.00000000e+00
 0.00000000e+00 0.00000000e+00 0.00000000e+00 8.58303219e-01
 0.00000000e+00 0.00000000e+00 4.97379915e-14 0.00000000e+00
 3.49433593e-15 8.59646638e-01 0.00000000e+00 0.00000000e+00
 0.00000000e+00 1.21831678e-26 0.00000000e+00 8.62726253e-01
 0.00000000e+00 0.00000000e+00 0.00000000e+00 0.00000000e+00
 0.00000000e+00 0.00000000e+00 0.00000000e+00 0.00000000e+00
 0.00000000e+00 0.00000000e+00 0.00000000e+00 0.00000000e+00
 0.00000000e+00 0.00000000e+00 0.00000000e+00 0.00000000e+00
 0.00000000e+00 0.00000000e+00 0.00000000e+00 0.00000000e+00
 0.00000000e+00 0.00000000e+00 0.00000000e+00 0.00000000e+00
 0.00000000e+00]
sweep    1  f = 93.04895116  (Delta f = 0.0247)
sweep    2  f = 93.04655571  (Delta f = 0.0024)
sweep    3  f = 93.04569394  (Delta f = 0.000862)
sweep    4  f = 93.04528562  (Delta f = 0.000408)
sweep    5  f = 93.04506563  (Delta f = 0.00022)
sweep    6  f = 93.04493856  (Delta f = 0.000127)
sweep    7  f = 93.04486209  (Delta f = 7.65e-05)
sweep    8  f = 93.04481494  (Delta f = 4.72e-05)
sweep    9  f = 93.04478541  (Delta f = 2.95e-05)
sweep   10  f = 93.04476674  (Delta f = 1.87e-05)
sweep   11  f = 93.04475487  (Delta f = 1.19e-05)
sweep   12  f = 93.04474728  (Delta f = 7.59e-06)
sweep   13  f = 93.04474242  (Delta f = 4.86e-06)
sweep   14  f = 93.04473931  (Delta f = 3.12e-06)
sweep   15  f = 93.04473731  (Delta f = 2e-06)
sweep   16  f = 93.04473603  (Delta f = 1.28e-06)
sweep   17  f = 93.0447352  (Delta f = 8.25e-07)
sweep   18  f = 93.04473467  (Delta f = 5.3e-07)
sweep   19  f = 93.04473433  (Delta f = 3.41e-07)
sweep   20  f = 93.04473411  (Delta f = 2.2e-07)
sweep   21  f = 93.04473397  (Delta f = 1.41e-07)
sweep   22  f = 93.04473388  (Delta f = 9.01e-08)
sweep   23  f = 93.04473382  (Delta f = 5.83e-08)
sweep   24  f = 93.04473378  (Delta f = 3.73e-08)
sweep   25  f = 93.04473376  (Delta f = 2.41e-08)
sweep   26  f = 93.04473374  (Delta f = 1.56e-08)
sweep   27  f = 93.04473373  (Delta f = 9.99e-09)
New op index: 1	$R_Y$[0]
Current grad: 144.72651747998952
[ 3.14159265 -1.58098225  3.14159265  3.14159265  3.14159265  3.14159265
  3.14159265 -1.58098225  3.14159265  3.14159265  3.14153848  3.14159265
  3.14159265 -1.57525656  3.14159265  3.14159265  3.14159262  0.
  3.14159265  3.14159265  3.14159265  3.14159265 -3.14159265  0.
  3.14159265  3.14159265  3.14159265  3.14159265  3.14159265  3.14159265
  3.14159265  3.14159265  3.14159265  3.14159265  3.14159265  3.14159265
  3.14159265  3.14159265  3.14159265  3.14159265  3.14159265  3.14159265
  3.14159265  3.14159265  3.14159265] 
 [0.00000000e+00 4.85882117e+01 0.00000000e+00 0.00000000e+00
 0.00000000e+00 0.00000000e+00 0.00000000e+00 4.85882117e+01
 0.00000000e+00 0.00000000e+00 3.53619178e-09 0.00000000e+00
 0.00000000e+00 4.63478681e+01 0.00000000e+00 0.00000000e+00
 5.68434189e-14 1.03490351e-23 0.00000000e+00 0.00000000e+00
 0.00000000e+00 0.00000000e+00 0.00000000e+00 7.98341165e-24
 0.00000000e+00 0.00000000e+00 0.00000000e+00 0.00000000e+00
 0.00000000e+00 0.00000000e+00 0.00000000e+00 0.00000000e+00
 0.00000000e+00 0.00000000e+00 0.00000000e+00 0.00000000e+00
 0.00000000e+00 0.00000000e+00 0.00000000e+00 0.00000000e+00
 0.00000000e+00 0.00000000e+00 0.00000000e+00 0.00000000e+00
 0.00000000e+00]
sweep    1  f = 42.40084949  (Delta f = 2.06)
sweep    2  f = 42.40084844  (Delta f = 1.06e-06)
sweep    3  f = 42.40084844  (Delta f = 0)
New op index: 7	$R_Y$[2]
Current grad: 2.530614635629731
[ 3.14159265  3.14159264  3.14159265  3.14159265  3.14159265  3.14159265
  3.14159265 -1.57465781  3.14159265  3.14159265 -3.14159265  3.14159265
  0.          1.57848951  3.14159265  3.14159265  3.14159265  0.
  3.14159265 -3.14159263  3.14159265  3.14159265 -3.14159265  0.
  3.14159265  3.14159265  3.14159265  3.14159265  3.14159265  3.14159265
  3.14159265  3.14159265  3.14159265  3.14159265  3.14159265  3.14159265
  3.14159265  3.14159265  3.14159265  3.14159265  3.14159265  3.14159265
  3.14159265  3.14159265  3.14159265] 
 [0.00000000e+00 0.00000000e+00 0.00000000e+00 0.00000000e+00
 0.00000000e+00 0.00000000e+00 0.00000000e+00 1.25806123e+00
 0.00000000e+00 0.00000000e+00 0.00000000e+00 0.00000000e+00
 3.20708653e-15 1.25796842e+00 0.00000000e+00 0.00000000e+00
 0.00000000e+00 5.83228765e-25 0.00000000e+00 1.42108547e-14
 0.00000000e+00 0.00000000e+00 0.00000000e+00 9.05929295e-25
 0.00000000e+00 0.00000000e+00 0.00000000e+00 0.00000000e+00
 0.00000000e+00 0.00000000e+00 0.00000000e+00 0.00000000e+00
 0.00000000e+00 0.00000000e+00 0.00000000e+00 0.00000000e+00
 0.00000000e+00 0.00000000e+00 0.00000000e+00 0.00000000e+00
 0.00000000e+00 0.00000000e+00 0.00000000e+00 0.00000000e+00
 0.00000000e+00]
sweep    1  f = 41.14038962  (Delta f = 0.0024)
sweep    2  f = 41.1403884  (Delta f = 1.21e-06)
sweep    3  f = 41.14038837  (Delta f = 2.95e-08)
sweep    4  f = 41.14038837  (Delta f = 7.18e-10)
New op index: 13	$R_Y$[4]
Current grad: 51.266552685688694
[ 3.14159265 -3.14158749  3.14159265  3.14159265  3.14159265  3.14159265
  3.14159265  3.14159265  3.14159265  3.14159265  3.1415926   3.14159265
  3.14159265  1.57089264  3.14159265  3.14159265 -3.14159263  3.14159265
  3.14159265 -3.14159251  3.14159265  3.14159265  3.14159258  3.14159265
  3.14159265  3.14159265  3.14159265  3.14159265  3.14159265  3.14159265
  3.14159265  3.14159265  3.14159265  3.14159265  3.14159265  3.14159265
  3.14159265  3.14159265  3.14159265  3.14159265  3.14159265  3.14159265
  3.14159265  3.14159265  3.14159265] 
 [0.00000000e+00 1.68336456e-11 0.00000000e+00 0.00000000e+00
 0.00000000e+00 0.00000000e+00 0.00000000e+00 0.00000000e+00
 0.00000000e+00 0.00000000e+00 1.42108547e-13 0.00000000e+00
 0.00000000e+00 5.12615879e+01 0.00000000e+00 0.00000000e+00
 4.44089210e-16 0.00000000e+00 0.00000000e+00 1.12265752e-12
 0.00000000e+00 0.00000000e+00 3.33066907e-15 0.00000000e+00
 0.00000000e+00 0.00000000e+00 0.00000000e+00 0.00000000e+00
 0.00000000e+00 0.00000000e+00 0.00000000e+00 0.00000000e+00
 0.00000000e+00 0.00000000e+00 0.00000000e+00 0.00000000e+00
 0.00000000e+00 0.00000000e+00 0.00000000e+00 0.00000000e+00
 0.00000000e+00 0.00000000e+00 0.00000000e+00 0.00000000e+00
 0.00000000e+00]
sweep    1  f = -10.12244892  (Delta f = 0.00125)
sweep    2  f = -10.12244898  (Delta f = 6.04e-08)
sweep    3  f = -10.12244898  (Delta f = 6.29e-12)
New op index: 4	$R_Y$[1]
Current grad: 4.314561884547783e-06
[ 3.14159265  3.14159264  0.          3.14159265 -3.14159263  3.14159265
  3.14159265  3.14159265  3.14159265  3.14159265 -3.14159263  3.14159265
  3.14159265  3.14159265  3.14159265  3.14159265  3.14159265  0.
  3.14159265 -3.14159265  0.          3.14159265 -3.14159264  0.
  3.14159265  3.14159265  3.14159265  3.14159265  3.14159265  3.14159265
  3.14159265  3.14159265  3.14159265  3.14159265  3.14159265  3.14159265
  3.14159265  3.14159265  3.14159265  3.14159265  3.14159265  0.
  3.14159265  3.14159265  0.        ] 
 [0.00000000e+00 7.10542736e-15 1.21613571e-16 0.00000000e+00
 1.42108547e-14 0.00000000e+00 0.00000000e+00 0.00000000e+00
 0.00000000e+00 0.00000000e+00 1.42108547e-14 0.00000000e+00
 0.00000000e+00 0.00000000e+00 0.00000000e+00 0.00000000e+00
 0.00000000e+00 1.00320025e-17 0.00000000e+00 0.00000000e+00
 1.42801508e-16 0.00000000e+00 0.00000000e+00 1.53001161e-16
 0.00000000e+00 0.00000000e+00 0.00000000e+00 0.00000000e+00
 0.00000000e+00 0.00000000e+00 0.00000000e+00 0.00000000e+00
 0.00000000e+00 0.00000000e+00 0.00000000e+00 0.00000000e+00
 0.00000000e+00 0.00000000e+00 0.00000000e+00 0.00000000e+00
 0.00000000e+00 1.52833510e-16 0.00000000e+00 0.00000000e+00
 2.95802669e-16]
Precision cutoff reached.
Calculating energies for FreeWilson2D(N_x=2, N_y=2, mass=-4.367, r=1.000)
h_im: 0.0
New op index: 10	$R_Y$[3]
Current grad: 11.46938775510203
[ 3.14159265 -1.57079633  3.14159265  3.14159265  1.57079633  3.14159265
  3.14159265 -1.57079633  3.14159265  3.14159265  1.17111826  0.
  3.14159265  1.17111826  0.          3.14159265 -1.57079633  3.14159265
  3.14159265  1.57079633  3.14159265  3.14159265 -1.57079633  3.14159265
  3.14159265  3.14159265  3.14159265  3.14159265  3.14159265  3.14159265
  3.14159265  0.          0.          3.14159265  3.14159265  3.14159265
  3.14159265  0.          0.          3.14159265  3.14159265  3.14159265
  3.14159265  3.14159265  3.14159265] 
 [0.         1.18367347 0.         0.         1.68367347 0.
 0.         1.68367347 0.         0.         1.7849447  1.
 0.         1.7849447  1.         0.         1.68367347 0.
 0.         1.68367347 0.         0.         1.18367347 0.
 0.         0.         0.         0.         0.         0.
 0.         1.         1.         0.         0.         0.
 0.         1.         1.         0.         0.         0.
 0.         0.         0.        ]
sweep    1  f = 198.7150553  (Delta f = -8.53e-14)
New op index: 16	$R_Y$[5]
Current grad: 322.4437286232629
[ 3.14159265 -1.57079633  3.14159265  3.14159265 -1.57079633  3.14159265
  3.14159265 -1.57079633  3.14159265  3.14159265 -3.14159265  3.14159265
  0.         -1.57517682  3.14159265  3.14159265 -1.57079633  0.
  3.14159265 -1.57079633  0.          3.14159265 -1.57079633  0.
  3.14159265  3.14159265  3.14159265  3.14159265  3.14159265  3.14159265
  3.14159265  3.14159265  3.14159265  3.14159265  3.14159265  0.
  3.14159265  3.14159265  3.14159265  3.14159265  3.14159265  0.
  3.14159265  3.14159265  0.        ] 
 [0.00000000e+00 4.72429891e+01 0.00000000e+00 0.00000000e+00
 4.43756421e+01 0.00000000e+00 0.00000000e+00 4.70484282e+01
 0.00000000e+00 0.00000000e+00 0.00000000e+00 0.00000000e+00
 4.46454098e-15 4.42209142e+01 0.00000000e+00 0.00000000e+00
 4.77429891e+01 3.46944695e-18 0.00000000e+00 4.43756421e+01
 6.93889390e-18 0.00000000e+00 4.72429891e+01 2.08166817e-17
 0.00000000e+00 0.00000000e+00 0.00000000e+00 0.00000000e+00
 0.00000000e+00 0.00000000e+00 0.00000000e+00 0.00000000e+00
 0.00000000e+00 0.00000000e+00 0.00000000e+00 6.93889390e-18
 0.00000000e+00 0.00000000e+00 0.00000000e+00 0.00000000e+00
 0.00000000e+00 1.04083409e-17 0.00000000e+00 0.00000000e+00
 2.77555756e-17]
sweep    1  f = 147.1302109  (Delta f = 3.84)
sweep    2  f = 147.1302109  (Delta f = 0)
New op index: 4	$R_Y$[1]
Current grad: 7.597161885410717
[ 3.14159265 -1.57079633  3.14159265  3.14159265  1.57079633  3.14159265
  3.14159265 -1.57079633  0.          3.14159265  3.14159265  3.14159265
  3.14159265  1.97324463  3.14159265  3.14159265  3.14159255  0.
  3.14159265  1.96975323  3.14159265  3.14159265 -1.57079633  3.14159265
  3.14159265  3.14159265  3.14159265  3.14159265  0.          0.
  3.14159265  3.14159265  3.14159265  3.14159265  3.14159265  3.14159265
  3.14159265  3.14159265  3.14159265  3.14159265  3.14159265  3.14159265
  3.14159265  3.14159265  3.14159265] 
 [0.00000000e+00 1.18128793e+00 0.00000000e+00 0.00000000e+00
 1.68605901e+00 0.00000000e+00 0.00000000e+00 1.17640380e+00
 6.34446116e-24 0.00000000e+00 0.00000000e+00 0.00000000e+00
 0.00000000e+00 7.84163510e-01 0.00000000e+00 0.00000000e+00
 2.62900812e-13 2.72983739e-25 0.00000000e+00 7.87142511e-01
 0.00000000e+00 0.00000000e+00 1.18128793e+00 0.00000000e+00
 0.00000000e+00 0.00000000e+00 0.00000000e+00 0.00000000e+00
 6.34446116e-24 6.34446116e-24 0.00000000e+00 0.00000000e+00
 0.00000000e+00 0.00000000e+00 0.00000000e+00 0.00000000e+00
 0.00000000e+00 0.00000000e+00 0.00000000e+00 0.00000000e+00
 0.00000000e+00 0.00000000e+00 0.00000000e+00 0.00000000e+00
 0.00000000e+00]
sweep    1  f = 145.3477084  (Delta f = 0.0964)
sweep    2  f = 145.3477084  (Delta f = 2.9e-12)
New op index: 22	$R_Y$[7]
Current grad: 231.48031708575945
[ 3.14159265 -1.58137951  3.14159265  3.14159265 -3.14159265  3.14159265
  3.14159265 -1.58137951  3.14159265  3.14159265  3.141592    3.14159265
  0.         -1.58627254  3.14159265  3.14159265  3.14159264  3.14159265
  0.         -1.58193776  3.14159265  0.         -1.57079633  0.
  3.14159265  3.14159265  3.14159265  3.14159265  3.14159265  3.14159265
  3.14159265  3.14159265  3.14159265  3.14159265  3.14159265  3.14159265
  3.14159265  3.14159265  3.14159265  3.14159265  3.14159265  3.14159265
  0.          3.14159265  3.14159265] 
 [0.00000000e+00 4.67456475e+01 0.00000000e+00 0.00000000e+00
 0.00000000e+00 0.00000000e+00 0.00000000e+00 4.67456475e+01
 0.00000000e+00 0.00000000e+00 2.70450329e-13 0.00000000e+00
 2.86579858e-15 4.41864689e+01 0.00000000e+00 0.00000000e+00
 0.00000000e+00 0.00000000e+00 1.11596177e-14 4.43784402e+01
 0.00000000e+00 5.64811803e-15 4.72430017e+01 1.60266244e-24
 0.00000000e+00 0.00000000e+00 0.00000000e+00 0.00000000e+00
 0.00000000e+00 0.00000000e+00 0.00000000e+00 0.00000000e+00
 0.00000000e+00 0.00000000e+00 0.00000000e+00 0.00000000e+00
 0.00000000e+00 0.00000000e+00 0.00000000e+00 0.00000000e+00
 0.00000000e+00 0.00000000e+00 1.76750975e-14 0.00000000e+00
 0.00000000e+00]
sweep    1  f = 94.262864  (Delta f = 3.84)
sweep    2  f = 94.262864  (Delta f = 0)
New op index: 19	$R_Y$[6]
Current grad: 4.734694747215322
[ 3.14159265 -1.97119805  3.14159265  3.14159265 -3.14159265  3.14159265
  3.14159265 -1.97119805  3.14159265  3.14159265 -3.14159264  3.14159265
  3.14159265  1.97324461  3.14159265  3.14159265 -3.14159265  0.
  3.14159265  1.96975321  3.14159265  3.14159265 -3.14159265  3.14159265
  3.14159265  3.14159265  3.14159265  3.14159265  3.14159265  3.14159265
  3.14159265  3.14159265  3.14159265  3.14159265  3.14159265  3.14159265
  3.14159265  3.14159265  3.14159265  3.14159265  3.14159265  3.14159265
  3.14159265  3.14159265  3.14159265] 
 [0.00000000e+00 7.82747508e-01 0.00000000e+00 0.00000000e+00
 0.00000000e+00 0.00000000e+00 0.00000000e+00 7.82747508e-01
 0.00000000e+00 0.00000000e+00 0.00000000e+00 0.00000000e+00
 0.00000000e+00 7.84163561e-01 0.00000000e+00 0.00000000e+00
 0.00000000e+00 1.30281956e-25 0.00000000e+00 7.87142563e-01
 0.00000000e+00 0.00000000e+00 0.00000000e+00 0.00000000e+00
 0.00000000e+00 0.00000000e+00 0.00000000e+00 0.00000000e+00
 0.00000000e+00 0.00000000e+00 0.00000000e+00 0.00000000e+00
 0.00000000e+00 0.00000000e+00 0.00000000e+00 0.00000000e+00
 0.00000000e+00 0.00000000e+00 0.00000000e+00 0.00000000e+00
 0.00000000e+00 0.00000000e+00 0.00000000e+00 0.00000000e+00
 0.00000000e+00]
sweep    1  f = 93.45318629  (Delta f = 0.0225)
sweep    2  f = 93.45107928  (Delta f = 0.00211)
sweep    3  f = 93.45032272  (Delta f = 0.000757)
sweep    4  f = 93.44995294  (Delta f = 0.00037)
sweep    5  f = 93.44974164  (Delta f = 0.000211)
sweep    6  f = 93.44960903  (Delta f = 0.000133)
sweep    7  f = 93.44952045  (Delta f = 8.86e-05)
sweep    8  f = 93.44945872  (Delta f = 6.17e-05)
sweep    9  f = 93.44941435  (Delta f = 4.44e-05)
sweep   10  f = 93.44938173  (Delta f = 3.26e-05)
sweep   11  f = 93.44935732  (Delta f = 2.44e-05)
sweep   12  f = 93.44933882  (Delta f = 1.85e-05)
sweep   13  f = 93.44932463  (Delta f = 1.42e-05)
sweep   14  f = 93.44931373  (Delta f = 1.09e-05)
sweep   15  f = 93.44930527  (Delta f = 8.46e-06)
sweep   16  f = 93.44929867  (Delta f = 6.59e-06)
sweep   17  f = 93.44929352  (Delta f = 5.16e-06)
sweep   18  f = 93.44928948  (Delta f = 4.04e-06)
sweep   19  f = 93.4492863  (Delta f = 3.18e-06)
sweep   20  f = 93.4492838  (Delta f = 2.5e-06)
sweep   21  f = 93.44928182  (Delta f = 1.97e-06)
sweep   22  f = 93.44928026  (Delta f = 1.56e-06)
sweep   23  f = 93.44927903  (Delta f = 1.23e-06)
sweep   24  f = 93.44927806  (Delta f = 9.73e-07)
sweep   25  f = 93.44927729  (Delta f = 7.69e-07)
sweep   26  f = 93.44927668  (Delta f = 6.1e-07)
sweep   27  f = 93.4492762  (Delta f = 4.83e-07)
sweep   28  f = 93.44927582  (Delta f = 3.82e-07)
sweep   29  f = 93.44927551  (Delta f = 3.03e-07)
sweep   30  f = 93.44927527  (Delta f = 2.4e-07)
sweep   31  f = 93.44927508  (Delta f = 1.9e-07)
sweep   32  f = 93.44927494  (Delta f = 1.5e-07)
sweep   33  f = 93.44927482  (Delta f = 1.2e-07)
sweep   34  f = 93.44927472  (Delta f = 9.46e-08)
sweep   35  f = 93.44927465  (Delta f = 7.47e-08)
sweep   36  f = 93.44927459  (Delta f = 5.9e-08)
sweep   37  f = 93.44927454  (Delta f = 4.69e-08)
sweep   38  f = 93.4492745  (Delta f = 3.72e-08)
sweep   39  f = 93.44927447  (Delta f = 2.96e-08)
sweep   40  f = 93.44927445  (Delta f = 2.34e-08)
sweep   41  f = 93.44927443  (Delta f = 1.85e-08)
sweep   42  f = 93.44927442  (Delta f = 1.45e-08)
sweep   43  f = 93.44927441  (Delta f = 1.16e-08)
sweep   44  f = 93.4492744  (Delta f = 9.31e-09)
New op index: 7	$R_Y$[2]
Current grad: 144.41029282791118
[ 3.14159265 -1.58101552  3.14159265  3.14159265 -3.14159264  3.14159265
  3.14159265 -1.58101552  3.14159265  3.14159265  3.14153554  3.14159265
  3.14159265 -1.57533463  3.14159265  3.14159265 -3.14159265  3.14159265
  3.14159265  3.14159265  3.14159265  3.14159265 -3.14159264  3.14159265
  3.14159265  3.14159265  3.14159265  3.14159265  3.14159265  3.14159265
  3.14159265  3.14159265  3.14159265  3.14159265  3.14159265  3.14159265
  3.14159265  3.14159265  3.14159265  3.14159265  3.14159265  3.14159265
  3.14159265  3.14159265  3.14159265] 
 [0.00000000e+00 4.84283891e+01 0.00000000e+00 0.00000000e+00
 4.44089210e-16 0.00000000e+00 0.00000000e+00 4.84283891e+01
 0.00000000e+00 0.00000000e+00 3.86787757e-09 0.00000000e+00
 0.00000000e+00 4.63476690e+01 0.00000000e+00 0.00000000e+00
 0.00000000e+00 0.00000000e+00 0.00000000e+00 0.00000000e+00
 0.00000000e+00 0.00000000e+00 0.00000000e+00 0.00000000e+00
 0.00000000e+00 0.00000000e+00 0.00000000e+00 0.00000000e+00
 0.00000000e+00 0.00000000e+00 0.00000000e+00 0.00000000e+00
 0.00000000e+00 0.00000000e+00 0.00000000e+00 0.00000000e+00
 0.00000000e+00 0.00000000e+00 0.00000000e+00 0.00000000e+00
 0.00000000e+00 0.00000000e+00 0.00000000e+00 0.00000000e+00
 0.00000000e+00]
sweep    1  f = 42.89063361  (Delta f = 2.13)
sweep    2  f = 42.89063246  (Delta f = 1.15e-06)
sweep    3  f = 42.89063246  (Delta f = 0)
New op index: 1	$R_Y$[0]
Current grad: 2.3673504624840493
[ 3.14159265 -1.57493128  3.14159265  3.14159265  3.14159265  3.14159265
  3.14159265 -3.14159265  3.14159265  3.14159265  3.14159263  3.14159265
  0.          1.57903242  3.14159265  3.14159265 -3.14159265  3.14159265
  3.14159265 -3.14159264  3.14159265  3.14159265 -3.14159265  3.14159265
  3.14159265  3.14159265  3.14159265  3.14159265  3.14159265  3.14159265
  3.14159265  3.14159265  3.14159265  3.14159265  3.14159265  3.14159265
  3.14159265  3.14159265  3.14159265  3.14159265  3.14159265  3.14159265
  3.14159265  3.14159265  3.14159265] 
 [0.00000000e+00 1.17641322e+00 0.00000000e+00 0.00000000e+00
 0.00000000e+00 0.00000000e+00 0.00000000e+00 0.00000000e+00
 0.00000000e+00 0.00000000e+00 1.42108547e-14 0.00000000e+00
 6.41704104e-15 1.17633120e+00 0.00000000e+00 0.00000000e+00
 0.00000000e+00 0.00000000e+00 0.00000000e+00 7.10542736e-15
 0.00000000e+00 0.00000000e+00 0.00000000e+00 0.00000000e+00
 0.00000000e+00 0.00000000e+00 0.00000000e+00 0.00000000e+00
 0.00000000e+00 0.00000000e+00 0.00000000e+00 0.00000000e+00
 0.00000000e+00 0.00000000e+00 0.00000000e+00 0.00000000e+00
 0.00000000e+00 0.00000000e+00 0.00000000e+00 0.00000000e+00
 0.00000000e+00 0.00000000e+00 0.00000000e+00 0.00000000e+00
 0.00000000e+00]
sweep    1  f = 41.71181644  (Delta f = 0.0024)
sweep    2  f = 41.711815  (Delta f = 1.44e-06)
sweep    3  f = 41.71181495  (Delta f = 4.58e-08)
sweep    4  f = 41.71181495  (Delta f = 1.42e-09)
New op index: 13	$R_Y$[4]
Current grad: 51.1849135152519
[ 3.14159265 -3.14159265  3.14159265  3.14159265 -3.14159264  3.14159265
  3.14159265 -3.1415852   3.14159265  3.14159265 -3.14159263  3.14159265
  3.14159265  1.57089287  3.14159265  3.14159265 -3.14159264  0.
  3.14159265 -3.14159259  3.14159265  3.14159265  3.14159264  0.
  3.14159265  3.14159265  3.14159265  3.14159265  3.14159265  3.14159265
  3.14159265  3.14159265  3.14159265  3.14159265  3.14159265  3.14159265
  3.14159265  3.14159265  3.14159265  3.14159265  3.14159265  3.14159265
  3.14159265  3.14159265  3.14159265] 
 [0.00000000e+00 0.00000000e+00 0.00000000e+00 0.00000000e+00
 0.00000000e+00 0.00000000e+00 0.00000000e+00 3.28785887e-11
 0.00000000e+00 0.00000000e+00 4.26325641e-14 0.00000000e+00
 0.00000000e+00 5.11799532e+01 0.00000000e+00 0.00000000e+00
 2.22044605e-16 1.26457809e-16 0.00000000e+00 2.13162821e-13
 0.00000000e+00 0.00000000e+00 2.22044605e-16 1.26457809e-16
 0.00000000e+00 0.00000000e+00 0.00000000e+00 0.00000000e+00
 0.00000000e+00 0.00000000e+00 0.00000000e+00 0.00000000e+00
 0.00000000e+00 0.00000000e+00 0.00000000e+00 0.00000000e+00
 0.00000000e+00 0.00000000e+00 0.00000000e+00 0.00000000e+00
 0.00000000e+00 0.00000000e+00 0.00000000e+00 0.00000000e+00
 0.00000000e+00]
sweep    1  f = -9.469387695  (Delta f = 0.00125)
sweep    2  f = -9.469387755  (Delta f = 5.97e-08)
sweep    3  f = -9.469387755  (Delta f = 5.95e-12)
New op index: 16	$R_Y$[5]
Current grad: 4.3021148128158204e-06
[ 3.14159265  3.14159265  3.14159265  3.14159265 -3.14159264  0.
  3.14159265 -3.14159265  3.14159265  3.14159265  3.14159265  0.
  3.14159265  3.14159263  0.          3.14159265 -3.14159263  0.
  3.14159265 -3.14159265  0.          3.14159265  3.14159265  0.
  3.14159265  3.14159265  0.          3.14159265  3.14159265  0.
  3.14159265  3.14159265  0.          3.14159265  3.14159265  0.
  3.14159265  3.14159265  0.          3.14159265  3.14159265  0.
  3.14159265  3.14159265  0.        ] 
 [0.00000000e+00 0.00000000e+00 0.00000000e+00 0.00000000e+00
 7.10542736e-15 2.10652730e-16 0.00000000e+00 0.00000000e+00
 0.00000000e+00 0.00000000e+00 0.00000000e+00 2.34267532e-16
 0.00000000e+00 7.10542736e-15 2.39594497e-16 0.00000000e+00
 1.42108547e-14 1.04291281e-16 0.00000000e+00 0.00000000e+00
 2.15979695e-16 0.00000000e+00 0.00000000e+00 1.13101286e-16
 0.00000000e+00 0.00000000e+00 1.94445790e-16 0.00000000e+00
 0.00000000e+00 1.85635785e-16 0.00000000e+00 0.00000000e+00
 2.09250587e-16 0.00000000e+00 0.00000000e+00 2.24535845e-16
 0.00000000e+00 0.00000000e+00 3.43885777e-16 0.00000000e+00
 0.00000000e+00 3.20270975e-16 0.00000000e+00 0.00000000e+00
 3.29080981e-16]
Precision cutoff reached.
Calculating energies for FreeWilson2D(N_x=2, N_y=2, mass=-4.204, r=1.000)
h_im: 0.0
New op index: 10	$R_Y$[3]
Current grad: 10.816326530612235
[ 3.14159265 -1.57079633  3.14159265  3.14159265  1.57079633  3.14159265
  3.14159265 -1.57079633  3.14159265  3.14159265  1.14486667  0.
  3.14159265  1.14486667  0.          3.14159265 -1.57079633  3.14159265
  3.14159265  1.57079633  3.14159265  3.14159265 -1.57079633  3.14159265
  3.14159265  3.14159265  3.14159265  3.14159265  3.14159265  3.14159265
  3.14159265  0.          0.          3.14159265  3.14159265  3.14159265
  3.14159265  0.          0.          3.14159265  3.14159265  3.14159265
  3.14159265  3.14159265  3.14159265] 
 [0.         1.10204082 0.         0.         1.60204082 0.
 0.         1.60204082 0.         0.         1.71016278 1.
 0.         1.71016278 1.         0.         1.60204082 0.
 0.         1.60204082 0.         0.         1.10204082 0.
 0.         0.         0.         0.         0.         0.
 0.         1.         1.         0.         0.         0.
 0.         1.         1.         0.         0.         0.
 0.         0.         0.        ]
sweep    1  f = 198.7898372  (Delta f = 3.69e-13)
New op index: 16	$R_Y$[5]
Current grad: 318.66938744118346
[ 3.14159265 -1.57079633  3.14159265  3.14159265 -1.57079633  3.14159265
  3.14159265 -1.57079633  0.          3.14159265 -3.14159265  3.14159265
  3.14159265 -1.57549401  3.14159265  3.14159265 -1.57079633  0.
  3.14159265 -1.57079633  0.          3.14159265 -1.57079633  0.
  3.14159265  3.14159265  3.14159265  3.14159265  0.          0.
  3.14159265  3.14159265  3.14159265  3.14159265  3.14159265  0.
  3.14159265  3.14159265  3.14159265  3.14159265  3.14159265  0.
  3.14159265  3.14159265  0.        ] 
 [0.00000000e+00 4.66347919e+01 0.00000000e+00 0.00000000e+00
 4.39307103e+01 0.00000000e+00 0.00000000e+00 4.64282082e+01
 5.46437895e-17 0.00000000e+00 0.00000000e+00 0.00000000e+00
 0.00000000e+00 4.37692843e+01 0.00000000e+00 0.00000000e+00
 4.71347919e+01 5.63785130e-17 0.00000000e+00 4.39307103e+01
 3.98986399e-17 0.00000000e+00 4.66347919e+01 1.73472348e-18
 0.00000000e+00 0.00000000e+00 0.00000000e+00 0.00000000e+00
 5.46437895e-17 5.46437895e-17 0.00000000e+00 0.00000000e+00
 0.00000000e+00 0.00000000e+00 0.00000000e+00 3.98986399e-17
 0.00000000e+00 0.00000000e+00 0.00000000e+00 0.00000000e+00
 0.00000000e+00 9.62771529e-17 0.00000000e+00 0.00000000e+00
 4.16333634e-17]
sweep    1  f = 147.2934723  (Delta f = 4.36)
sweep    2  f = 147.2934723  (Delta f = 0)
New op index: 4	$R_Y$[1]
Current grad: 7.107355049751204
[ 3.14159265 -1.57079633  3.14159265  3.14159265  1.57079633  3.14159265
  3.14159265 -1.57079633  0.          3.14159265 -3.14159265  3.14159265
  3.14159265  1.99958022  3.14159265  3.14159265 -3.14159262  3.14159265
  3.14159265  1.99591038  3.14159265  0.         -1.57079633  3.14159265
  3.14159265  3.14159265  3.14159265  3.14159265  0.          0.
  3.14159265  3.14159265  3.14159265  3.14159265  3.14159265  3.14159265
  3.14159265  3.14159265  3.14159265  3.14159265  3.14159265  3.14159265
  0.          3.14159265  3.14159265] 
 [0.00000000e+00 1.09964765e+00 0.00000000e+00 0.00000000e+00
 1.60443398e+00 0.00000000e+00 0.00000000e+00 1.09475571e+00
 1.69661893e-25 0.00000000e+00 0.00000000e+00 0.00000000e+00
 0.00000000e+00 7.09476345e-01 0.00000000e+00 0.00000000e+00
 3.55271368e-14 0.00000000e+00 0.00000000e+00 7.12342550e-01
 0.00000000e+00 2.16474852e-14 1.09964765e+00 0.00000000e+00
 0.00000000e+00 0.00000000e+00 0.00000000e+00 0.00000000e+00
 1.69661893e-25 1.69661893e-25 0.00000000e+00 0.00000000e+00
 0.00000000e+00 0.00000000e+00 0.00000000e+00 0.00000000e+00
 0.00000000e+00 0.00000000e+00 0.00000000e+00 0.00000000e+00
 0.00000000e+00 0.00000000e+00 1.28303413e-14 0.00000000e+00
 0.00000000e+00]
sweep    1  f = 145.5857556  (Delta f = 0.103)
sweep    2  f = 145.5857556  (Delta f = 9.38e-13)
New op index: 22	$R_Y$[7]
Current grad: 228.76581025742902
[ 3.14159265 -1.58151752  3.14159265  3.14159265 -3.14159265  3.14159265
  3.14159265 -1.58151752  3.14159265  3.14159265  3.14159253  3.14159265
  0.         -1.58669803  3.14159265  3.14159265 -3.14159265  3.14159265
  3.14159265 -1.58204933  3.14159265  3.14159265 -1.57079633  3.14159265
  3.14159265  3.14159265  3.14159265  3.14159265  3.14159265  3.14159265
  3.14159265  3.14159265  3.14159265  3.14159265  3.14159265  3.14159265
  3.14159265  3.14159265  3.14159265  3.14159265  3.14159265  3.14159265
  3.14159265  3.14159265  3.14159265] 
 [0.00000000e+00 4.61374749e+01 0.00000000e+00 0.00000000e+00
 0.00000000e+00 0.00000000e+00 0.00000000e+00 4.61374749e+01
 0.00000000e+00 0.00000000e+00 9.76996262e-15 0.00000000e+00
 2.60385534e-15 4.37297473e+01 0.00000000e+00 0.00000000e+00
 0.00000000e+00 0.00000000e+00 0.00000000e+00 4.39335262e+01
 0.00000000e+00 0.00000000e+00 4.66347946e+01 0.00000000e+00
 0.00000000e+00 0.00000000e+00 0.00000000e+00 0.00000000e+00
 0.00000000e+00 0.00000000e+00 0.00000000e+00 0.00000000e+00
 0.00000000e+00 0.00000000e+00 0.00000000e+00 0.00000000e+00
 0.00000000e+00 0.00000000e+00 0.00000000e+00 0.00000000e+00
 0.00000000e+00 0.00000000e+00 0.00000000e+00 0.00000000e+00
 0.00000000e+00]
sweep    1  f = 94.58939071  (Delta f = 4.36)
sweep    2  f = 94.58939071  (Delta f = 0)
New op index: 19	$R_Y$[6]
Current grad: 4.408163866677858
[ 3.14159265 -1.99754452  3.14159265  3.14159265 -3.14159265  3.14159265
  3.14159265 -1.99754452  3.14159265  3.14159265 -3.14159265  3.14159265
  0.          1.99958022  3.14159265  3.14159265 -3.14159265  3.14159265
  0.          1.99591039  3.14159265  3.14159265 -3.14159265  3.14159265
  3.14159265  3.14159265  3.14159265  3.14159265  3.14159265  3.14159265
  3.14159265  3.14159265  3.14159265  3.14159265  3.14159265  3.14159265
  3.14159265  3.14159265  3.14159265  3.14159265  3.14159265  3.14159265
  3.14159265  3.14159265  3.14159265] 
 [0.00000000e+00 7.07983839e-01 0.00000000e+00 0.00000000e+00
 0.00000000e+00 0.00000000e+00 0.00000000e+00 7.07983839e-01
 0.00000000e+00 0.00000000e+00 0.00000000e+00 0.00000000e+00
 9.49563544e-15 7.09476331e-01 0.00000000e+00 0.00000000e+00
 0.00000000e+00 0.00000000e+00 9.85436091e-16 7.12342534e-01
 0.00000000e+00 0.00000000e+00 0.00000000e+00 0.00000000e+00
 0.00000000e+00 0.00000000e+00 0.00000000e+00 0.00000000e+00
 0.00000000e+00 0.00000000e+00 0.00000000e+00 0.00000000e+00
 0.00000000e+00 0.00000000e+00 0.00000000e+00 0.00000000e+00
 0.00000000e+00 0.00000000e+00 0.00000000e+00 0.00000000e+00
 0.00000000e+00 0.00000000e+00 0.00000000e+00 0.00000000e+00
 0.00000000e+00]
sweep    1  f = 93.85679015  (Delta f = 0.0203)
sweep    2  f = 93.85505725  (Delta f = 0.00173)
sweep    3  f = 93.85447431  (Delta f = 0.000583)
sweep    4  f = 93.8542038  (Delta f = 0.000271)
sweep    5  f = 93.85405484  (Delta f = 0.000149)
sweep    6  f = 93.85396353  (Delta f = 9.13e-05)
sweep    7  f = 93.85390327  (Delta f = 6.03e-05)
sweep    8  f = 93.85386126  (Delta f = 4.2e-05)
sweep    9  f = 93.85383073  (Delta f = 3.05e-05)
sweep   10  f = 93.85380778  (Delta f = 2.3e-05)
sweep   11  f = 93.85379005  (Delta f = 1.77e-05)
sweep   12  f = 93.85377605  (Delta f = 1.4e-05)
sweep   13  f = 93.85376479  (Delta f = 1.13e-05)
sweep   14  f = 93.85375558  (Delta f = 9.21e-06)
sweep   15  f = 93.85374794  (Delta f = 7.64e-06)
sweep   16  f = 93.85374153  (Delta f = 6.41e-06)
sweep   17  f = 93.85373609  (Delta f = 5.44e-06)
sweep   18  f = 93.85373143  (Delta f = 4.66e-06)
sweep   19  f = 93.8537274  (Delta f = 4.03e-06)
sweep   20  f = 93.85372389  (Delta f = 3.51e-06)
sweep   21  f = 93.85372082  (Delta f = 3.07e-06)
sweep   22  f = 93.85371811  (Delta f = 2.71e-06)
sweep   23  f = 93.8537157  (Delta f = 2.41e-06)
sweep   24  f = 93.85371356  (Delta f = 2.14e-06)
sweep   25  f = 93.85371164  (Delta f = 1.92e-06)
sweep   26  f = 93.85370991  (Delta f = 1.73e-06)
sweep   27  f = 93.85370835  (Delta f = 1.56e-06)
sweep   28  f = 93.85370693  (Delta f = 1.42e-06)
sweep   29  f = 93.85370564  (Delta f = 1.29e-06)
sweep   30  f = 93.85370447  (Delta f = 1.17e-06)
sweep   31  f = 93.85370339  (Delta f = 1.08e-06)
sweep   32  f = 93.8537024  (Delta f = 9.88e-07)
sweep   33  f = 93.85370149  (Delta f = 9.1e-07)
sweep   34  f = 93.85370065  (Delta f = 8.4e-07)
sweep   35  f = 93.85369988  (Delta f = 7.74e-07)
sweep   36  f = 93.85369916  (Delta f = 7.18e-07)
sweep   37  f = 93.85369849  (Delta f = 6.7e-07)
sweep   38  f = 93.85369787  (Delta f = 6.23e-07)
sweep   39  f = 93.85369728  (Delta f = 5.82e-07)
sweep   40  f = 93.85369674  (Delta f = 5.44e-07)
sweep   41  f = 93.85369623  (Delta f = 5.09e-07)
sweep   42  f = 93.85369576  (Delta f = 4.76e-07)
sweep   43  f = 93.85369531  (Delta f = 4.48e-07)
sweep   44  f = 93.85369489  (Delta f = 4.22e-07)
sweep   45  f = 93.85369449  (Delta f = 3.96e-07)
sweep   46  f = 93.85369412  (Delta f = 3.74e-07)
sweep   47  f = 93.85369379  (Delta f = 3.27e-07)
sweep   48  f = 93.85369345  (Delta f = 3.34e-07)
sweep   49  f = 93.85369315  (Delta f = 3.03e-07)
sweep   50  f = 93.85369285  (Delta f = 3e-07)
sweep   51  f = 93.85369257  (Delta f = 2.84e-07)
sweep   52  f = 93.8536923  (Delta f = 2.7e-07)
sweep   53  f = 93.85369204  (Delta f = 2.56e-07)
sweep   54  f = 93.8536918  (Delta f = 2.43e-07)
sweep   55  f = 93.85369157  (Delta f = 2.29e-07)
sweep   56  f = 93.85369135  (Delta f = 2.2e-07)
sweep   57  f = 93.85369114  (Delta f = 2.09e-07)
sweep   58  f = 93.85369094  (Delta f = 2e-07)
sweep   59  f = 93.85369075  (Delta f = 1.91e-07)
sweep   60  f = 93.85369057  (Delta f = 1.81e-07)
sweep   61  f = 93.8536904  (Delta f = 1.73e-07)
sweep   62  f = 93.85369023  (Delta f = 1.66e-07)
sweep   63  f = 93.85369007  (Delta f = 1.58e-07)
sweep   64  f = 93.85368992  (Delta f = 1.52e-07)
sweep   65  f = 93.85368977  (Delta f = 1.46e-07)
sweep   66  f = 93.85368964  (Delta f = 1.38e-07)
sweep   67  f = 93.8536895  (Delta f = 1.34e-07)
sweep   68  f = 93.85368937  (Delta f = 1.27e-07)
sweep   69  f = 93.85368925  (Delta f = 1.23e-07)
sweep   70  f = 93.85368913  (Delta f = 1.18e-07)
sweep   71  f = 93.85368902  (Delta f = 1.14e-07)
sweep   72  f = 93.85368891  (Delta f = 1.09e-07)
sweep   73  f = 93.8536888  (Delta f = 1.05e-07)
sweep   74  f = 93.8536887  (Delta f = 1.01e-07)
sweep   75  f = 93.85368861  (Delta f = 9.35e-08)
sweep   76  f = 93.85368852  (Delta f = 9.31e-08)
sweep   77  f = 93.85368843  (Delta f = 9e-08)
sweep   78  f = 93.85368834  (Delta f = 8.75e-08)
sweep   79  f = 93.85368826  (Delta f = 8.43e-08)
sweep   80  f = 93.85368817  (Delta f = 8.1e-08)
sweep   81  f = 93.8536881  (Delta f = 7.19e-08)
sweep   82  f = 93.85368803  (Delta f = 7.53e-08)
sweep   83  f = 93.85368795  (Delta f = 7.28e-08)
sweep   84  f = 93.85368788  (Delta f = 7.03e-08)
sweep   85  f = 93.85368782  (Delta f = 6.74e-08)
sweep   86  f = 93.85368775  (Delta f = 6.5e-08)
sweep   87  f = 93.85368769  (Delta f = 6.35e-08)
sweep   88  f = 93.85368763  (Delta f = 6.09e-08)
sweep   89  f = 93.85368757  (Delta f = 5.92e-08)
sweep   90  f = 93.85368751  (Delta f = 5.7e-08)
sweep   91  f = 93.85368746  (Delta f = 5.51e-08)
sweep   92  f = 93.8536874  (Delta f = 5.36e-08)
sweep   93  f = 93.85368735  (Delta f = 5.17e-08)
sweep   94  f = 93.8536873  (Delta f = 5.02e-08)
sweep   95  f = 93.85368725  (Delta f = 4.83e-08)
sweep   96  f = 93.8536872  (Delta f = 4.72e-08)
sweep   97  f = 93.85368716  (Delta f = 4.58e-08)
sweep   98  f = 93.85368712  (Delta f = 4.39e-08)
sweep   99  f = 93.85368707  (Delta f = 4.27e-08)
sweep  100  f = 93.85368703  (Delta f = 4.34e-08)
Optimization failed: Maximum number of sweeps reached.
New op index: 7	$R_Y$[2]
Current grad: 144.06857709390394
[ 3.14159265 -1.58105081  3.14159265  3.14159265 -3.14159265  3.14159265
  3.14159265 -1.58105081  3.14159265  3.14159265  3.14146405  3.14159265
  0.         -1.57541582  3.14159265  3.14159265 -3.14159239  3.14159265
  3.14159265 -3.14159265  3.14159265  3.14159265 -3.14159265  3.14159265
  3.14159265  3.14159265  3.14159265  3.14159265  3.14159265  3.14159265
  3.14159265  3.14159265  3.14159265  3.14159265  3.14159265  3.14159265
  3.14159265  3.14159265  3.14159265  3.14159265  3.14159265  3.14159265
  3.14159265  3.14159265  3.14159265] 
 [0.00000000e+00 4.82600034e+01 0.00000000e+00 0.00000000e+00
 0.00000000e+00 0.00000000e+00 0.00000000e+00 4.82600034e+01
 0.00000000e+00 0.00000000e+00 2.00976986e-08 0.00000000e+00
 9.19175557e-16 4.63388003e+01 0.00000000e+00 0.00000000e+00
 3.53850282e-12 0.00000000e+00 0.00000000e+00 0.00000000e+00
 0.00000000e+00 0.00000000e+00 0.00000000e+00 0.00000000e+00
 0.00000000e+00 0.00000000e+00 0.00000000e+00 0.00000000e+00
 0.00000000e+00 0.00000000e+00 0.00000000e+00 0.00000000e+00
 0.00000000e+00 0.00000000e+00 0.00000000e+00 0.00000000e+00
 0.00000000e+00 0.00000000e+00 0.00000000e+00 0.00000000e+00
 0.00000000e+00 0.00000000e+00 0.00000000e+00 0.00000000e+00
 0.00000000e+00]
sweep    1  f = 43.38041813  (Delta f = 2.21)
sweep    2  f = 43.38041667  (Delta f = 1.46e-06)
sweep    3  f = 43.38041667  (Delta f = 1.42e-13)
New op index: 1	$R_Y$[0]
Current grad: 2.204090193110216
[ 3.14159265 -1.57524534  3.14159265  3.14159265 -3.14159261  3.14159265
  3.14159265  3.14159262  3.14159265  3.14159265  3.14159261  3.14159265
  0.          1.57965522  3.14159265  3.14159265 -3.14159265  0.
  3.14159265  3.14159265  3.14159265  3.14159265  3.14159261  0.
  3.14159265  3.14159265  3.14159265  3.14159265  3.14159265  3.14159265
  3.14159265  3.14159265  3.14159265  3.14159265  3.14159265  3.14159265
  3.14159265  3.14159265  3.14159265  3.14159265  3.14159265  3.14159265
  3.14159265  3.14159265  3.14159265] 
 [0.00000000e+00 1.09476592e+00 0.00000000e+00 0.00000000e+00
 4.97379915e-14 0.00000000e+00 0.00000000e+00 2.13162821e-14
 0.00000000e+00 0.00000000e+00 5.68434189e-14 0.00000000e+00
 7.42795354e-15 1.09469368e+00 0.00000000e+00 0.00000000e+00
 0.00000000e+00 7.83067775e-17 0.00000000e+00 0.00000000e+00
 0.00000000e+00 0.00000000e+00 4.26325641e-14 7.83067760e-17
 0.00000000e+00 0.00000000e+00 0.00000000e+00 0.00000000e+00
 0.00000000e+00 0.00000000e+00 0.00000000e+00 0.00000000e+00
 0.00000000e+00 0.00000000e+00 0.00000000e+00 0.00000000e+00
 0.00000000e+00 0.00000000e+00 0.00000000e+00 0.00000000e+00
 0.00000000e+00 0.00000000e+00 0.00000000e+00 0.00000000e+00
 0.00000000e+00]
sweep    1  f = 42.28324331  (Delta f = 0.00241)
sweep    2  f = 42.2832416  (Delta f = 1.7e-06)
sweep    3  f = 42.28324153  (Delta f = 7.29e-08)
sweep    4  f = 42.28324153  (Delta f = 3.12e-09)
New op index: 13	$R_Y$[4]
Current grad: 51.103288547569655
[ 3.14159265 -3.14159265  3.14159265  3.14159265  3.14159265  3.14159265
  3.14159265 -3.14157577  3.14159265  3.14159265 -3.14159261  3.14159265
  0.          1.5708931   3.14159265  3.14159265  3.1415925   0.
  3.14159265 -3.14159265  3.14159265  3.14159265 -3.14159235  0.
  3.14159265  3.14159265  3.14159265  3.14159265  3.14159265  3.14159265
  3.14159265  3.14159265  3.14159265  3.14159265  3.14159265  3.14159265
  3.14159265  3.14159265  3.14159265  3.14159265  3.14159265  3.14159265
  3.14159265  3.14159265  3.14159265] 
 [0.00000000e+00 0.00000000e+00 0.00000000e+00 0.00000000e+00
 0.00000000e+00 0.00000000e+00 0.00000000e+00 1.56969548e-10
 0.00000000e+00 0.00000000e+00 1.13686838e-13 0.00000000e+00
 6.43134879e-15 5.10983185e+01 0.00000000e+00 0.00000000e+00
 1.22124533e-14 4.19968405e-15 0.00000000e+00 0.00000000e+00
 0.00000000e+00 0.00000000e+00 5.08482145e-14 4.19968405e-15
 0.00000000e+00 0.00000000e+00 0.00000000e+00 0.00000000e+00
 0.00000000e+00 0.00000000e+00 0.00000000e+00 0.00000000e+00
 0.00000000e+00 0.00000000e+00 0.00000000e+00 0.00000000e+00
 0.00000000e+00 0.00000000e+00 0.00000000e+00 0.00000000e+00
 0.00000000e+00 0.00000000e+00 0.00000000e+00 0.00000000e+00
 0.00000000e+00]
sweep    1  f = -8.816326471  (Delta f = 0.00125)
sweep    2  f = -8.816326531  (Delta f = 5.98e-08)
sweep    3  f = -8.816326531  (Delta f = 7.09e-12)
New op index: 13	$R_Y$[4]
Current grad: 4.600120500772414e-06
[ 3.14159265 -3.14159265  0.          3.14159265 -3.14159265  0.
  3.14159265 -3.14159265  3.14159265  3.14159265 -3.14159265  3.14159265
  3.14159265  3.14159263  0.          3.14159265 -3.14159265  0.
  3.14159265 -3.14159264  0.          3.14159265  3.14159263  0.
  3.14159265  3.14159265  0.          3.14159265  3.14159265  3.14159265
  3.14159265  3.14159265  3.14159265  3.14159265  3.14159265  0.
  3.14159265  3.14159265  0.          3.14159265  3.14159265  0.
  3.14159265  3.14159265  0.        ] 
 [0.00000000e+00 0.00000000e+00 1.51256607e-16 0.00000000e+00
 0.00000000e+00 1.05262994e-17 0.00000000e+00 0.00000000e+00
 0.00000000e+00 0.00000000e+00 0.00000000e+00 0.00000000e+00
 0.00000000e+00 1.42108547e-14 1.41936959e-16 0.00000000e+00
 0.00000000e+00 1.54719047e-16 0.00000000e+00 7.10542736e-15
 2.61788121e-16 0.00000000e+00 1.42108547e-14 4.05097524e-16
 0.00000000e+00 0.00000000e+00 1.61782906e-16 0.00000000e+00
 0.00000000e+00 0.00000000e+00 0.00000000e+00 0.00000000e+00
 0.00000000e+00 0.00000000e+00 0.00000000e+00 2.36165906e-16
 0.00000000e+00 0.00000000e+00 2.96656005e-16 0.00000000e+00
 0.00000000e+00 4.16507167e-16 0.00000000e+00 0.00000000e+00
 6.66885644e-16]
Precision cutoff reached.
Calculating energies for FreeWilson2D(N_x=2, N_y=2, mass=-4.041, r=1.000)
h_im: 0.0
New op index: 10	$R_Y$[3]
Current grad: 10.163265306122439
[ 3.14159265 -1.57079633  3.14159265  3.14159265  1.57079633  3.14159265
  3.14159265 -1.57079633  3.14159265  3.14159265  1.11518067  0.
  3.14159265  1.11518067  0.          3.14159265 -1.57079633  3.14159265
  3.14159265  1.57079633  3.14159265  3.14159265 -1.57079633  3.14159265
  3.14159265  3.14159265  3.14159265  3.14159265  3.14159265  3.14159265
  3.14159265  0.          0.          3.14159265  3.14159265  3.14159265
  3.14159265  0.          0.          3.14159265  3.14159265  3.14159265
  3.14159265  3.14159265  3.14159265] 
 [0.         1.02040816 0.         0.         1.52040816 0.
 0.         1.52040816 0.         0.         1.63632426 1.
 0.         1.63632426 1.         0.         1.52040816 0.
 0.         1.52040816 0.         0.         1.02040816 0.
 0.         0.         0.         0.         0.         0.
 0.         1.         1.         0.         0.         0.
 0.         1.         1.         0.         0.         0.
 0.         0.         0.        ]
sweep    1  f = 198.8636757  (Delta f = -2.84e-14)
New op index: 16	$R_Y$[5]
Current grad: 314.14801094072726
[ 3.14159265 -1.57079633  3.14159265  3.14159265 -1.57079633  3.14159265
  3.14159265 -1.57079633  3.14159265  3.14159265  3.14159265  3.14159265
  0.         -1.57586207  3.14159265  0.         -1.57079633  3.14159265
  0.         -1.57079633  3.14159265  0.         -1.57079633  3.14159265
  3.14159265  3.14159265  3.14159265  3.14159265  3.14159265  3.14159265
  3.14159265  3.14159265  3.14159265  3.14159265  3.14159265  3.14159265
  0.          3.14159265  3.14159265  0.          0.          3.14159265
  0.          0.          3.14159265] 
 [0.00000000e+00 4.59199232e+01 0.00000000e+00 0.00000000e+00
 4.33791069e+01 0.00000000e+00 0.00000000e+00 4.56999156e+01
 0.00000000e+00 0.00000000e+00 0.00000000e+00 0.00000000e+00
 3.61247313e-15 4.32106614e+01 0.00000000e+00 9.84013041e-17
 4.64199232e+01 0.00000000e+00 1.36954648e-16 4.33791069e+01
 0.00000000e+00 1.73560854e-16 4.59199232e+01 0.00000000e+00
 0.00000000e+00 0.00000000e+00 0.00000000e+00 0.00000000e+00
 0.00000000e+00 0.00000000e+00 0.00000000e+00 0.00000000e+00
 0.00000000e+00 0.00000000e+00 0.00000000e+00 0.00000000e+00
 1.41583528e-15 0.00000000e+00 0.00000000e+00 7.24547973e-16
 7.21945887e-16 0.00000000e+00 7.52869989e-16 7.52869989e-16
 0.00000000e+00]
sweep    1  f = 147.4567337  (Delta f = 4.99)
sweep    2  f = 147.4567337  (Delta f = 0)
New op index: 4	$R_Y$[1]
Current grad: 6.617559541929398
[ 3.14159265 -1.57079633  3.14159265  3.14159265  1.57079633  3.14159265
  3.14159265 -1.57079633  0.          3.14159265  3.14159256  3.14159265
  0.          2.02934327  3.14159265  3.14159265  3.14159255  3.14159265
  0.          2.02548411  3.14159265  3.14159265 -1.57079633  3.14159265
  3.14159265  3.14159265  3.14159265  3.14159265  0.          0.
  3.14159265  3.14159265  3.14159265  3.14159265  3.14159265  3.14159265
  3.14159265  3.14159265  3.14159265  3.14159265  3.14159265  3.14159265
  0.          3.14159265  3.14159265] 
 [0.00000000e+00 1.01800738e+00 0.00000000e+00 0.00000000e+00
 1.52280894e+00 0.00000000e+00 0.00000000e+00 1.01310767e+00
 3.18068717e-27 0.00000000e+00 2.41584530e-13 0.00000000e+00
 2.37477148e-15 6.35741222e-01 0.00000000e+00 0.00000000e+00
 2.84217094e-13 0.00000000e+00 7.69931046e-15 6.38480578e-01
 0.00000000e+00 0.00000000e+00 1.01800738e+00 0.00000000e+00
 0.00000000e+00 0.00000000e+00 0.00000000e+00 0.00000000e+00
 3.18068717e-27 3.18068717e-27 0.00000000e+00 0.00000000e+00
 0.00000000e+00 0.00000000e+00 0.00000000e+00 0.00000000e+00
 0.00000000e+00 0.00000000e+00 0.00000000e+00 0.00000000e+00
 0.00000000e+00 0.00000000e+00 7.26375056e-15 0.00000000e+00
 0.00000000e+00]
sweep    1  f = 145.8228594  (Delta f = 0.111)
sweep    2  f = 145.8228594  (Delta f = 0)
New op index: 22	$R_Y$[7]
Current grad: 225.51803043217316
[ 3.14159265 -1.58168441  3.14159265  3.14159265  3.14159265  3.14159265
  3.14159265 -1.58168441  3.14159265  3.14159265  3.14159225  3.14159265
  3.14159265 -1.58720374  3.14159265  3.14159265  3.14159263  0.
  0.         -1.58219078  3.14159265  0.         -1.57079633  0.
  3.14159265  3.14159265  3.14159265  3.14159265  3.14159265  3.14159265
  3.14159265  3.14159265  3.14159265  3.14159265  3.14159265  3.14159265
  3.14159265  3.14159265  3.14159265  3.14159265  3.14159265  3.14159265
  0.          3.14159265  3.14159265] 
 [0.00000000e+00 4.54226542e+01 0.00000000e+00 0.00000000e+00
 0.00000000e+00 0.00000000e+00 0.00000000e+00 4.54226542e+01
 0.00000000e+00 0.00000000e+00 9.28146449e-14 0.00000000e+00
 0.00000000e+00 4.31650152e+01 0.00000000e+00 0.00000000e+00
 2.84217094e-14 7.49632430e-25 8.93775558e-15 4.33819645e+01
 0.00000000e+00 9.20111493e-15 4.59199321e+01 6.72084248e-25
 0.00000000e+00 0.00000000e+00 0.00000000e+00 0.00000000e+00
 0.00000000e+00 0.00000000e+00 0.00000000e+00 0.00000000e+00
 0.00000000e+00 0.00000000e+00 0.00000000e+00 0.00000000e+00
 0.00000000e+00 0.00000000e+00 0.00000000e+00 0.00000000e+00
 0.00000000e+00 0.00000000e+00 1.62306747e-14 0.00000000e+00
 0.00000000e+00]
sweep    1  f = 94.91591741  (Delta f = 4.99)
sweep    2  f = 94.91591741  (Delta f = 0)
New op index: 19	$R_Y$[6]
Current grad: 4.081635549331386
[ 3.14159265 -2.02734342  3.14159265  3.14159265  3.14159265  3.14159265
  3.14159265 -2.02734342  3.14159265  3.14159265 -3.14159261  3.14159265
  3.14159265  2.02934327  3.14159265  3.14159265 -3.14159264  0.
  0.          2.02548407  3.14159265  3.14159265 -3.14159265  3.14159265
  3.14159265  3.14159265  3.14159265  3.14159265  3.14159265  3.14159265
  3.14159265  3.14159265  3.14159265  3.14159265  3.14159265  3.14159265
  3.14159265  3.14159265  3.14159265  3.14159265  3.14159265  3.14159265
  3.14159265  3.14159265  3.14159265] 
 [0.00000000e+00 6.34168810e-01 0.00000000e+00 0.00000000e+00
 0.00000000e+00 0.00000000e+00 0.00000000e+00 6.34168810e-01
 0.00000000e+00 0.00000000e+00 4.97379915e-14 0.00000000e+00
 0.00000000e+00 6.35741297e-01 0.00000000e+00 0.00000000e+00
 7.10542736e-15 9.06243408e-26 1.08191471e-14 6.38480688e-01
 0.00000000e+00 0.00000000e+00 0.00000000e+00 0.00000000e+00
 0.00000000e+00 0.00000000e+00 0.00000000e+00 0.00000000e+00
 0.00000000e+00 0.00000000e+00 0.00000000e+00 0.00000000e+00
 0.00000000e+00 0.00000000e+00 0.00000000e+00 0.00000000e+00
 0.00000000e+00 0.00000000e+00 0.00000000e+00 0.00000000e+00
 0.00000000e+00 0.00000000e+00 0.00000000e+00 0.00000000e+00
 0.00000000e+00]
sweep    1  f = 94.25955591  (Delta f = 0.0179)
sweep    2  f = 94.25823025  (Delta f = 0.00133)
sweep    3  f = 94.25784327  (Delta f = 0.000387)
sweep    4  f = 94.25768802  (Delta f = 0.000155)
sweep    5  f = 94.25761816  (Delta f = 6.99e-05)
sweep    6  f = 94.25757828  (Delta f = 3.99e-05)
sweep    7  f = 94.25755611  (Delta f = 2.22e-05)
sweep    8  f = 94.25754319  (Delta f = 1.29e-05)
sweep    9  f = 94.25753537  (Delta f = 7.82e-06)
sweep   10  f = 94.25753051  (Delta f = 4.86e-06)
sweep   11  f = 94.25752743  (Delta f = 3.08e-06)
sweep   12  f = 94.25752544  (Delta f = 1.98e-06)
sweep   13  f = 94.25752415  (Delta f = 1.3e-06)
sweep   14  f = 94.25752329  (Delta f = 8.53e-07)
sweep   15  f = 94.25752273  (Delta f = 5.67e-07)
sweep   16  f = 94.25752235  (Delta f = 3.79e-07)
sweep   17  f = 94.25752209  (Delta f = 2.56e-07)
sweep   18  f = 94.25752192  (Delta f = 1.72e-07)
sweep   19  f = 94.2575218  (Delta f = 1.17e-07)
sweep   20  f = 94.25752173  (Delta f = 7.91e-08)
sweep   21  f = 94.25752167  (Delta f = 5.63e-08)
sweep   22  f = 94.25752163  (Delta f = 3.6e-08)
sweep   23  f = 94.25752161  (Delta f = 2.48e-08)
sweep   24  f = 94.25752159  (Delta f = 1.46e-08)
sweep   25  f = 94.25752158  (Delta f = 1.21e-08)
sweep   26  f = 94.25752157  (Delta f = 8.3e-09)
New op index: 1	$R_Y$[0]
Current grad: 141.84993536444702
[ 3.14159265 -1.58122054  3.14159265  3.14159265  3.14159265  3.14159265
  3.14159265 -1.58122054  3.14159265  3.14159265  3.14155111  3.14159265
  0.         -1.5757464   3.14159265  3.14159265 -3.14159265  0.
  3.14159265 -3.14159265  3.14159265  3.14159265  3.14159265  0.
  3.14159265  3.14159265  3.14159265  3.14159265  3.14159265  3.14159265
  3.14159265  3.14159265  3.14159265  3.14159265  3.14159265  3.14159265
  3.14159265  3.14159265  3.14159265  3.14159265  3.14159265  3.14159265
  3.14159265  3.14159265  3.14159265] 
 [0.00000000e+00 4.74661395e+01 0.00000000e+00 0.00000000e+00
 0.00000000e+00 0.00000000e+00 0.00000000e+00 4.74661395e+01
 0.00000000e+00 0.00000000e+00 3.13906723e-09 0.00000000e+00
 3.48707298e-15 4.56959572e+01 0.00000000e+00 0.00000000e+00
 0.00000000e+00 2.85522479e-19 0.00000000e+00 0.00000000e+00
 0.00000000e+00 0.00000000e+00 0.00000000e+00 2.85522449e-19
 0.00000000e+00 0.00000000e+00 0.00000000e+00 0.00000000e+00
 0.00000000e+00 0.00000000e+00 0.00000000e+00 0.00000000e+00
 0.00000000e+00 0.00000000e+00 0.00000000e+00 0.00000000e+00
 0.00000000e+00 0.00000000e+00 0.00000000e+00 0.00000000e+00
 0.00000000e+00 0.00000000e+00 0.00000000e+00 0.00000000e+00
 0.00000000e+00]
sweep    1  f = 43.87020676  (Delta f = 2.92)
sweep    2  f = 43.87020108  (Delta f = 5.67e-06)
sweep    3  f = 43.87020108  (Delta f = 0)
New op index: 7	$R_Y$[2]
Current grad: 2.040822127308119
[ 3.14159265 -3.14159264  3.14159265  3.14159265  3.14159265  3.14159265
  3.14159265 -1.57560984  3.14159265  3.14159265 -3.14159262  3.14159265
  0.          1.58037704  3.14159265  3.14159265 -3.14159262  0.
  3.14159265 -3.14159262  3.14159265  3.14159265  3.14159265  0.
  3.14159265  3.14159265  3.14159265  3.14159265  3.14159265  3.14159265
  3.14159265  3.14159265  3.14159265  3.14159265  3.14159265  3.14159265
  3.14159265  3.14159265  3.14159265  3.14159265  3.14159265  3.14159265
  3.14159265  3.14159265  3.14159265] 
 [0.00000000e+00 7.10542736e-15 0.00000000e+00 0.00000000e+00
 0.00000000e+00 0.00000000e+00 0.00000000e+00 1.01311935e+00
 0.00000000e+00 0.00000000e+00 3.55271368e-14 0.00000000e+00
 1.02884727e-15 1.01305596e+00 0.00000000e+00 0.00000000e+00
 2.13162821e-14 2.88448265e-18 0.00000000e+00 2.13162821e-14
 0.00000000e+00 0.00000000e+00 0.00000000e+00 2.88447975e-18
 0.00000000e+00 0.00000000e+00 0.00000000e+00 0.00000000e+00
 0.00000000e+00 0.00000000e+00 0.00000000e+00 0.00000000e+00
 0.00000000e+00 0.00000000e+00 0.00000000e+00 0.00000000e+00
 0.00000000e+00 0.00000000e+00 0.00000000e+00 0.00000000e+00
 0.00000000e+00 0.00000000e+00 0.00000000e+00 0.00000000e+00
 0.00000000e+00]
sweep    1  f = 42.85467026  (Delta f = 0.00241)
sweep    2  f = 42.85466823  (Delta f = 2.03e-06)
sweep    3  f = 42.85466811  (Delta f = 1.18e-07)
sweep    4  f = 42.8546681  (Delta f = 6.61e-09)
New op index: 13	$R_Y$[4]
Current grad: 51.021666838927324
[ 3.14159265 -3.14156799  3.14159265  3.14159265 -3.14159265  3.14159265
  3.14159265  3.14159265  3.14159265  3.14159265  3.14159261  3.14159265
  3.14159265  1.57089333  3.14159265  3.14159265 -3.14159257  0.
  3.14159265 -3.14159262  3.14159265  3.14159265  3.14159259  0.
  3.14159265  3.14159265  3.14159265  3.14159265  3.14159265  3.14159265
  3.14159265  3.14159265  3.14159265  3.14159265  3.14159265  3.14159265
  3.14159265  3.14159265  3.14159265  3.14159265  3.14159265  3.14159265
  3.14159265  3.14159265  3.14159265] 
 [0.00000000e+00 3.10019788e-10 0.00000000e+00 0.00000000e+00
 0.00000000e+00 0.00000000e+00 0.00000000e+00 0.00000000e+00
 0.00000000e+00 0.00000000e+00 9.94759830e-14 0.00000000e+00
 0.00000000e+00 5.10166839e+01 0.00000000e+00 0.00000000e+00
 3.33066907e-15 1.80398208e-15 0.00000000e+00 7.10542736e-14
 0.00000000e+00 0.00000000e+00 1.99840144e-15 1.80398208e-15
 0.00000000e+00 0.00000000e+00 0.00000000e+00 0.00000000e+00
 0.00000000e+00 0.00000000e+00 0.00000000e+00 0.00000000e+00
 0.00000000e+00 0.00000000e+00 0.00000000e+00 0.00000000e+00
 0.00000000e+00 0.00000000e+00 0.00000000e+00 0.00000000e+00
 0.00000000e+00 0.00000000e+00 0.00000000e+00 0.00000000e+00
 0.00000000e+00]
sweep    1  f = -8.163265246  (Delta f = 0.00125)
sweep    2  f = -8.163265306  (Delta f = 6.01e-08)
sweep    3  f = -8.163265306  (Delta f = 7.15e-12)
New op index: 19	$R_Y$[6]
Current grad: 1.0309652810675231e-05
[ 3.14159265  3.1415926   0.          3.14159265 -3.14159265  3.14159265
  3.14159265 -3.14159265  0.          3.14159265 -3.14159264  0.
  3.14159265 -3.14159264  0.          3.14159265 -3.14159263  3.14159265
  3.14159265  3.14159257  0.          3.14159265 -3.14159264  0.
  3.14159265  3.14159265  0.          3.14159265  3.14159265  3.14159265
  3.14159265  3.14159265  0.          3.14159265  3.14159265  0.
  3.14159265  3.14159265  0.          3.14159265  3.14159265  0.
  3.14159265  3.14159265  0.        ] 
 [0.00000000e+00 6.39488462e-14 4.97002778e-16 0.00000000e+00
 0.00000000e+00 0.00000000e+00 0.00000000e+00 0.00000000e+00
 2.90892584e-17 0.00000000e+00 7.10542736e-15 1.67405850e-16
 0.00000000e+00 0.00000000e+00 1.19357401e-15 0.00000000e+00
 2.13162821e-14 0.00000000e+00 0.00000000e+00 1.84741111e-13
 8.88027043e-16 0.00000000e+00 0.00000000e+00 1.98118661e-16
 0.00000000e+00 0.00000000e+00 3.58861664e-16 0.00000000e+00
 0.00000000e+00 0.00000000e+00 0.00000000e+00 0.00000000e+00
 1.96495108e-16 0.00000000e+00 0.00000000e+00 9.82346080e-16
 0.00000000e+00 0.00000000e+00 9.23779148e-16 0.00000000e+00
 0.00000000e+00 6.18232184e-16 0.00000000e+00 0.00000000e+00
 1.08614570e-15]
Precision cutoff reached.
Calculating energies for FreeWilson2D(N_x=2, N_y=2, mass=-3.878, r=1.000)
h_im: 0.0
New op index: 10	$R_Y$[3]
Current grad: 9.510204081632645
[ 3.14159265 -1.57079633  3.14159265  3.14159265  1.57079633  3.14159265
  3.14159265 -1.57079633  3.14159265  3.14159265  1.08140333  0.
  3.14159265  1.08140333  0.          3.14159265 -1.57079633  3.14159265
  3.14159265  1.57079633  3.14159265  3.14159265 -1.57079633  3.14159265
  3.14159265  3.14159265  3.14159265  3.14159265  3.14159265  3.14159265
  3.14159265  0.          0.          3.14159265  3.14159265  3.14159265
  3.14159265  0.          0.          3.14159265  3.14159265  3.14159265
  3.14159265  3.14159265  3.14159265] 
 [0.         0.93877551 0.         0.         1.43877551 0.
 0.         1.43877551 0.         0.         1.56362562 1.
 0.         1.56362562 1.         0.         1.43877551 0.
 0.         1.43877551 0.         0.         0.93877551 0.
 0.         0.         0.         0.         0.         0.
 0.         1.         1.         0.         0.         0.
 0.         1.         1.         0.         0.         0.
 0.         0.         0.        ]
sweep    1  f = 198.9363744  (Delta f = -2.84e-13)
New op index: 16	$R_Y$[5]
Current grad: 308.6788505806827
[ 3.14159265 -1.57079633  3.14159265  3.14159265 -1.57079633  3.14159265
  3.14159265 -1.57079633  3.14159265  3.14159265  3.14159265  3.14159265
  3.14159265 -1.5762943   3.14159265  3.14159265 -1.57079633  3.14159265
  3.14159265 -1.57079633  0.          3.14159265 -1.57079633  3.14159265
  3.14159265  3.14159265  3.14159265  3.14159265  3.14159265  3.14159265
  3.14159265  3.14159265  3.14159265  3.14159265  3.14159265  0.
  3.14159265  3.14159265  3.14159265  3.14159265  3.14159265  0.
  3.14159265  3.14159265  0.        ] 
 [0.00000000e+00 4.50696940e+01 0.00000000e+00 0.00000000e+00
 4.26921430e+01 0.00000000e+00 0.00000000e+00 4.48346489e+01
 0.00000000e+00 0.00000000e+00 0.00000000e+00 0.00000000e+00
 0.00000000e+00 4.25164348e+01 0.00000000e+00 0.00000000e+00
 4.55696940e+01 0.00000000e+00 0.00000000e+00 4.26921430e+01
 4.16333634e-17 0.00000000e+00 4.50696940e+01 0.00000000e+00
 0.00000000e+00 0.00000000e+00 0.00000000e+00 0.00000000e+00
 0.00000000e+00 0.00000000e+00 0.00000000e+00 0.00000000e+00
 0.00000000e+00 0.00000000e+00 0.00000000e+00 4.16333634e-17
 0.00000000e+00 0.00000000e+00 0.00000000e+00 0.00000000e+00
 0.00000000e+00 2.77555756e-17 0.00000000e+00 0.00000000e+00
 2.77555756e-17]
sweep    1  f = 147.6199951  (Delta f = 5.75)
sweep    2  f = 147.6199951  (Delta f = 0)
New op index: 4	$R_Y$[1]
Current grad: 6.127750040293444
[ 3.14159265 -1.57079633  3.14159265  3.14159265  1.57079633  3.14159265
  3.14159265 -1.57079633  0.          3.14159265  3.14159256  3.14159265
  0.          2.06318475  3.14159265  3.14159265 -3.14159265  0.
  0.          2.05912697  3.14159265  0.         -1.57079633  0.
  3.14159265  3.14159265  3.14159265  3.14159265  0.          0.
  3.14159265  3.14159265  3.14159265  3.14159265  3.14159265  3.14159265
  3.14159265  3.14159265  3.14159265  3.14159265  3.14159265  3.14159265
  0.          3.14159265  3.14159265] 
 [0.00000000e+00 9.36367026e-01 0.00000000e+00 0.00000000e+00
 1.44118399e+00 0.00000000e+00 0.00000000e+00 9.31459455e-01
 1.01280593e-34 0.00000000e+00 2.06057393e-13 0.00000000e+00
 2.29170821e-15 5.63155613e-01 0.00000000e+00 0.00000000e+00
 0.00000000e+00 6.06169523e-33 9.56041939e-16 5.65751993e-01
 0.00000000e+00 8.41758387e-16 9.36367026e-01 5.96041464e-33
 0.00000000e+00 0.00000000e+00 0.00000000e+00 0.00000000e+00
 1.01280593e-34 1.01280593e-34 0.00000000e+00 0.00000000e+00
 0.00000000e+00 0.00000000e+00 0.00000000e+00 0.00000000e+00
 0.00000000e+00 0.00000000e+00 0.00000000e+00 0.00000000e+00
 0.00000000e+00 0.00000000e+00 6.20271046e-15 0.00000000e+00
 0.00000000e+00]
sweep    1  f = 146.0588234  (Delta f = 0.12)
sweep    2  f = 146.0588234  (Delta f = 0)
New op index: 22	$R_Y$[7]
Current grad: 221.59310264118614
[ 3.14159265 -1.58188981  3.14159265  3.14159265 -3.14159265  3.14159265
  3.14159265 -1.58188981  3.14159265  3.14159265 -3.14159036  3.14159265
  3.14159265 -1.58781276  3.14159265  3.14159265 -3.14159263  3.14159265
  0.         -1.582372    3.14159265  3.14159265 -1.57079633  3.14159265
  3.14159265  3.14159265  3.14159265  3.14159265  3.14159265  3.14159265
  3.14159265  3.14159265  3.14159265  3.14159265  3.14159265  3.14159265
  3.14159265  3.14159265  3.14159265  3.14159265  3.14159265  3.14159265
  0.          3.14159265  3.14159265] 
 [0.00000000e+00 4.45724135e+01 0.00000000e+00 0.00000000e+00
 0.00000000e+00 0.00000000e+00 0.00000000e+00 4.45724135e+01
 0.00000000e+00 0.00000000e+00 2.79709589e-12 0.00000000e+00
 0.00000000e+00 4.24632970e+01 0.00000000e+00 0.00000000e+00
 1.42108547e-14 0.00000000e+00 9.00190495e-15 4.26949830e+01
 0.00000000e+00 0.00000000e+00 4.50696401e+01 0.00000000e+00
 0.00000000e+00 0.00000000e+00 0.00000000e+00 0.00000000e+00
 0.00000000e+00 0.00000000e+00 0.00000000e+00 0.00000000e+00
 0.00000000e+00 0.00000000e+00 0.00000000e+00 0.00000000e+00
 0.00000000e+00 0.00000000e+00 0.00000000e+00 0.00000000e+00
 0.00000000e+00 0.00000000e+00 5.13297596e-15 0.00000000e+00
 0.00000000e+00]
sweep    1  f = 95.24244409  (Delta f = 5.75)
sweep    2  f = 95.24244409  (Delta f = 0)
New op index: 19	$R_Y$[6]
Current grad: 3.7551043779661724
[ 3.14159265 -2.06125595  3.14159265  3.14159265 -3.14159265  3.14159265
  3.14159265 -2.06125595  3.14159265  3.14159265 -3.14159265  3.14159265
  0.          2.06318476  3.14159265  3.14159265 -3.14159261  0.
  0.          2.05912695  3.14159265  3.14159265 -3.14159265  3.14159265
  3.14159265  3.14159265  3.14159265  3.14159265  3.14159265  3.14159265
  3.14159265  3.14159265  3.14159265  3.14159265  3.14159265  3.14159265
  3.14159265  3.14159265  3.14159265  3.14159265  3.14159265  3.14159265
  3.14159265  3.14159265  3.14159265] 
 [0.00000000e+00 5.61500412e-01 0.00000000e+00 0.00000000e+00
 0.00000000e+00 0.00000000e+00 0.00000000e+00 5.61500412e-01
 0.00000000e+00 0.00000000e+00 0.00000000e+00 0.00000000e+00
 6.12797747e-15 5.63155648e-01 0.00000000e+00 0.00000000e+00
 4.97379915e-14 3.72594783e-25 4.72637332e-16 5.65752032e-01
 0.00000000e+00 0.00000000e+00 0.00000000e+00 0.00000000e+00
 0.00000000e+00 0.00000000e+00 0.00000000e+00 0.00000000e+00
 0.00000000e+00 0.00000000e+00 0.00000000e+00 0.00000000e+00
 0.00000000e+00 0.00000000e+00 0.00000000e+00 0.00000000e+00
 0.00000000e+00 0.00000000e+00 0.00000000e+00 0.00000000e+00
 0.00000000e+00 0.00000000e+00 0.00000000e+00 0.00000000e+00
 0.00000000e+00]
sweep    1  f = 94.66122779  (Delta f = 0.0155)
sweep    2  f = 94.66029034  (Delta f = 0.000937)
sweep    3  f = 94.66007092  (Delta f = 0.000219)
sweep    4  f = 94.6600022  (Delta f = 6.87e-05)
sweep    5  f = 94.65997747  (Delta f = 2.47e-05)
sweep    6  f = 94.65996787  (Delta f = 9.6e-06)
sweep    7  f = 94.65996396  (Delta f = 3.9e-06)
sweep    8  f = 94.65996234  (Delta f = 1.63e-06)
sweep    9  f = 94.65996164  (Delta f = 6.92e-07)
sweep   10  f = 94.65996135  (Delta f = 2.98e-07)
sweep   11  f = 94.65996122  (Delta f = 1.29e-07)
sweep   12  f = 94.65996116  (Delta f = 5.62e-08)
sweep   13  f = 94.65996114  (Delta f = 2.27e-08)
sweep   14  f = 94.65996113  (Delta f = 1.18e-08)
sweep   15  f = 94.65996112  (Delta f = 5.16e-09)
New op index: 7	$R_Y$[2]
Current grad: 138.9829191161236
[ 3.14159265 -1.58144477  3.14159265  3.14159265 -3.14159262  3.14159265
  3.14159265 -1.58144477  3.14159265  3.14159265  3.14156869  3.14159265
  3.14159265 -1.57617156  3.14159265  3.14159265 -3.14159246  3.14159265
  3.14159265 -3.14159265  3.14159265  3.14159265 -3.14159265  3.14159265
  3.14159265  3.14159265  3.14159265  3.14159265  3.14159265  3.14159265
  3.14159265  3.14159265  3.14159265  3.14159265  3.14159265  3.14159265
  3.14159265  3.14159265  3.14159265  3.14159265  3.14159265  3.14159265
  3.14159265  3.14159265  3.14159265] 
 [0.00000000e+00 4.64561086e+01 0.00000000e+00 0.00000000e+00
 3.55271368e-15 0.00000000e+00 0.00000000e+00 4.64561086e+01
 0.00000000e+00 0.00000000e+00 1.33872202e-09 0.00000000e+00
 0.00000000e+00 4.48342507e+01 0.00000000e+00 0.00000000e+00
 1.86162197e-12 0.00000000e+00 0.00000000e+00 0.00000000e+00
 0.00000000e+00 0.00000000e+00 0.00000000e+00 0.00000000e+00
 0.00000000e+00 0.00000000e+00 0.00000000e+00 0.00000000e+00
 0.00000000e+00 0.00000000e+00 0.00000000e+00 0.00000000e+00
 0.00000000e+00 0.00000000e+00 0.00000000e+00 0.00000000e+00
 0.00000000e+00 0.00000000e+00 0.00000000e+00 0.00000000e+00
 0.00000000e+00 0.00000000e+00 0.00000000e+00 0.00000000e+00
 0.00000000e+00]
sweep    1  f = 44.35999624  (Delta f = 3.84)
sweep    2  f = 44.35998498  (Delta f = 1.13e-05)
sweep    3  f = 44.35998498  (Delta f = 7.11e-14)
New op index: 1	$R_Y$[0]
Current grad: 1.8775600973097166
[ 3.14159265 -1.5760379   3.14159265  3.14159265  3.14159263  3.14159265
  3.14159265  3.14159265  3.14159265  3.14159265  3.14159255  3.14159265
  0.          1.58122498  3.14159265  3.14159265 -3.14159264  0.
  3.14159265 -3.14159264  3.14159265  3.14159265  3.14159264  0.
  3.14159265  3.14159265  3.14159265  3.14159265  3.14159265  3.14159265
  3.14159265  3.14159265  3.14159265  3.14159265  3.14159265  3.14159265
  3.14159265  3.14159265  3.14159265  3.14159265  3.14159265  3.14159265
  3.14159265  3.14159265  3.14159265] 
 [0.00000000e+00 9.31471584e-01 0.00000000e+00 0.00000000e+00
 7.10542736e-15 0.00000000e+00 0.00000000e+00 0.00000000e+00
 0.00000000e+00 0.00000000e+00 2.84217094e-13 0.00000000e+00
 3.23321028e-16 9.31420225e-01 0.00000000e+00 0.00000000e+00
 7.10542736e-15 1.51838339e-16 0.00000000e+00 0.00000000e+00
 0.00000000e+00 0.00000000e+00 7.10542736e-15 1.51838339e-16
 0.00000000e+00 0.00000000e+00 0.00000000e+00 0.00000000e+00
 0.00000000e+00 0.00000000e+00 0.00000000e+00 0.00000000e+00
 0.00000000e+00 0.00000000e+00 0.00000000e+00 0.00000000e+00
 0.00000000e+00 0.00000000e+00 0.00000000e+00 0.00000000e+00
 0.00000000e+00 0.00000000e+00 0.00000000e+00 0.00000000e+00
 0.00000000e+00]
sweep    1  f = 43.42609729  (Delta f = 0.00242)
sweep    2  f = 43.42609488  (Delta f = 2.41e-06)
sweep    3  f = 43.42609469  (Delta f = 1.94e-07)
sweep    4  f = 43.42609468  (Delta f = 1.37e-08)
sweep    5  f = 43.42609467  (Delta f = 3.05e-09)
New op index: 13	$R_Y$[4]
Current grad: 50.9400278777391
[ 3.14159265  3.14159265  3.14159265  3.14159265  3.14159265  3.14159265
  3.14159265 -3.14157434  3.14159265  3.14159265 -3.14159261  3.14159265
  3.14159265  1.57089357  3.14159265  3.14159265 -3.1415926   3.14159265
  3.14159265  3.14159262  3.14159265  3.14159265  3.14159263  3.14159265
  3.14159265  3.14159265  3.14159265  3.14159265  3.14159265  3.14159265
  3.14159265  3.14159265  3.14159265  3.14159265  3.14159265  3.14159265
  3.14159265  3.14159265  3.14159265  3.14159265  3.14159265  3.14159265
  3.14159265  3.14159265  3.14159265] 
 [0.00000000e+00 0.00000000e+00 0.00000000e+00 0.00000000e+00
 0.00000000e+00 0.00000000e+00 0.00000000e+00 1.57200475e-10
 0.00000000e+00 0.00000000e+00 8.52651283e-14 0.00000000e+00
 0.00000000e+00 5.09350492e+01 0.00000000e+00 0.00000000e+00
 1.55431223e-15 0.00000000e+00 0.00000000e+00 7.10542736e-14
 0.00000000e+00 0.00000000e+00 3.33066907e-16 0.00000000e+00
 0.00000000e+00 0.00000000e+00 0.00000000e+00 0.00000000e+00
 0.00000000e+00 0.00000000e+00 0.00000000e+00 0.00000000e+00
 0.00000000e+00 0.00000000e+00 0.00000000e+00 0.00000000e+00
 0.00000000e+00 0.00000000e+00 0.00000000e+00 0.00000000e+00
 0.00000000e+00 0.00000000e+00 0.00000000e+00 0.00000000e+00
 0.00000000e+00]
sweep    1  f = -7.510204021  (Delta f = 0.00125)
sweep    2  f = -7.510204082  (Delta f = 6.03e-08)
sweep    3  f = -7.510204082  (Delta f = 7.69e-12)
New op index: 22	$R_Y$[7]
Current grad: 2.000215760122681e-06
[ 3.14159265  3.14159265  3.14159265  3.14159265  3.14159265  3.14159265
  3.14159265 -3.14159265  0.          3.14159265  3.14159265  3.14159265
  3.14159265 -3.14159265  3.14159265  3.14159265  3.14159265  3.14159265
  3.14159265  3.14159265  0.          3.14159265  3.14159264  3.14159265
  3.14159265  3.14159265  3.14159265  3.14159265  3.14159265  3.14159265
  3.14159265  3.14159265  3.14159265  3.14159265  3.14159265  3.14159265
  3.14159265  3.14159265  3.14159265  3.14159265  3.14159265  3.14159265
  3.14159265  3.14159265  3.14159265] 
 [0.00000000e+00 0.00000000e+00 0.00000000e+00 0.00000000e+00
 0.00000000e+00 0.00000000e+00 0.00000000e+00 0.00000000e+00
 8.59286480e-18 0.00000000e+00 0.00000000e+00 0.00000000e+00
 0.00000000e+00 0.00000000e+00 0.00000000e+00 0.00000000e+00
 0.00000000e+00 0.00000000e+00 0.00000000e+00 0.00000000e+00
 3.96310064e-18 0.00000000e+00 7.10542736e-15 0.00000000e+00
 0.00000000e+00 0.00000000e+00 0.00000000e+00 0.00000000e+00
 0.00000000e+00 0.00000000e+00 0.00000000e+00 0.00000000e+00
 0.00000000e+00 0.00000000e+00 0.00000000e+00 0.00000000e+00
 0.00000000e+00 0.00000000e+00 0.00000000e+00 0.00000000e+00
 0.00000000e+00 0.00000000e+00 0.00000000e+00 0.00000000e+00
 0.00000000e+00]
Precision cutoff reached.
Calculating energies for FreeWilson2D(N_x=2, N_y=2, mass=-3.714, r=1.000)
h_im: 0.0
New op index: 10	$R_Y$[3]
Current grad: 8.85714285714285
[ 3.14159265 -1.57079633  3.14159265  3.14159265  1.57079633  3.14159265
  3.14159265 -1.57079633  3.14159265  3.14159265  1.04272188  0.
  3.14159265  1.04272188  0.          3.14159265 -1.57079633  3.14159265
  3.14159265  1.57079633  3.14159265  3.14159265 -1.57079633  3.14159265
  3.14159265  3.14159265  3.14159265  3.14159265  3.14159265  3.14159265
  3.14159265  0.          0.          3.14159265  3.14159265  3.14159265
  3.14159265  0.          0.          3.14159265  3.14159265  3.14159265
  3.14159265  3.14159265  3.14159265] 
 [0.         0.85714286 0.         0.         1.35714286 0.
 0.         1.35714286 0.         0.         1.49231743 1.
 0.         1.49231743 1.         0.         1.35714286 0.
 0.         1.35714286 0.         0.         0.85714286 0.
 0.         0.         0.         0.         0.         0.
 0.         1.         1.         0.         0.         0.
 0.         1.         1.         0.         0.         0.
 0.         0.         0.        ]
sweep    1  f = 199.0076826  (Delta f = 0)
New op index: 16	$R_Y$[5]
Current grad: 301.99593320838574
[ 3.14159265 -1.57079633  3.14159265  3.14159265 -1.57079633  3.14159265
  3.14159265 -1.57079633  3.14159265  3.14159265  3.14159265  3.14159265
  0.         -1.57680905  3.14159265  3.14159265 -1.57079633  3.14159265
  3.14159265 -1.57079633  0.          0.         -1.57079633  3.14159265
  3.14159265  3.14159265  3.14159265  3.14159265  3.14159265  3.14159265
  3.14159265  3.14159265  3.14159265  3.14159265  3.14159265  0.
  0.          3.14159265  3.14159265  0.          0.          3.14159265
  0.          0.          3.14159265] 
 [0.00000000e+00 4.40460879e+01 0.00000000e+00 0.00000000e+00
 4.18318022e+01 0.00000000e+00 0.00000000e+00 4.37941524e+01
 0.00000000e+00 0.00000000e+00 0.00000000e+00 0.00000000e+00
 4.90084164e-15 4.16487346e+01 0.00000000e+00 0.00000000e+00
 4.45460879e+01 0.00000000e+00 0.00000000e+00 4.18318022e+01
 2.08166817e-17 2.12677098e-15 4.40460879e+01 0.00000000e+00
 0.00000000e+00 0.00000000e+00 0.00000000e+00 0.00000000e+00
 0.00000000e+00 0.00000000e+00 0.00000000e+00 0.00000000e+00
 0.00000000e+00 0.00000000e+00 0.00000000e+00 2.08166817e-17
 4.56529655e-15 0.00000000e+00 0.00000000e+00 3.46944695e-16
 2.81025203e-16 0.00000000e+00 3.15620546e-15 3.17008324e-15
 0.00000000e+00]
sweep    1  f = 147.7832565  (Delta f = 6.68)
sweep    2  f = 147.7832565  (Delta f = 0)
New op index: 4	$R_Y$[1]
Current grad: 5.637943164308519
[ 3.14159265 -1.57079633  3.14159265  3.14159265  1.57079633  3.14159265
  3.14159265 -1.57079633  3.14159265  3.14159265  3.14159262  3.14159265
  3.14159265  2.10190865  3.14159265  3.14159265 -3.14159265  0.
  3.14159265  2.09764645  3.14159265  0.         -1.57079633  0.
  3.14159265  3.14159265  3.14159265  3.14159265  3.14159265  3.14159265
  3.14159265  3.14159265  3.14159265  3.14159265  3.14159265  3.14159265
  3.14159265  3.14159265  3.14159265  3.14159265  3.14159265  3.14159265
  3.14159265  3.14159265  3.14159265] 
 [0.00000000e+00 8.54726606e-01 0.00000000e+00 0.00000000e+00
 1.35955911e+00 0.00000000e+00 0.00000000e+00 8.49811128e-01
 0.00000000e+00 0.00000000e+00 2.13162821e-14 0.00000000e+00
 0.00000000e+00 4.91970423e-01 0.00000000e+00 0.00000000e+00
 0.00000000e+00 7.34260791e-34 0.00000000e+00 4.94405280e-01
 0.00000000e+00 1.75952460e-16 8.54726606e-01 1.46852158e-33
 0.00000000e+00 0.00000000e+00 0.00000000e+00 0.00000000e+00
 0.00000000e+00 0.00000000e+00 0.00000000e+00 0.00000000e+00
 0.00000000e+00 0.00000000e+00 0.00000000e+00 0.00000000e+00
 0.00000000e+00 0.00000000e+00 0.00000000e+00 0.00000000e+00
 0.00000000e+00 0.00000000e+00 0.00000000e+00 0.00000000e+00
 0.00000000e+00]
sweep    1  f = 146.2933969  (Delta f = 0.13)
sweep    2  f = 146.2933969  (Delta f = 0)
New op index: 22	$R_Y$[7]
Current grad: 216.80175367268896
[ 3.14159265 -1.58214759  3.14159265  3.14159265 -3.14159265  3.14159265
  3.14159265 -1.58214759  3.14159265  3.14159265 -3.14159171  3.14159265
  3.14159265 -1.58855738  3.14159265  3.14159265 -3.14159262  0.
  3.14159265 -1.58260724  3.14159265  0.         -1.57079633  0.
  3.14159265  3.14159265  3.14159265  3.14159265  3.14159265  3.14159265
  3.14159265  3.14159265  3.14159265  3.14159265  3.14159265  3.14159265
  3.14159265  3.14159265  3.14159265  3.14159265  3.14159265  3.14159265
  3.14159265  3.14159265  3.14159265] 
 [0.00000000e+00 4.35489021e+01 0.00000000e+00 0.00000000e+00
 0.00000000e+00 0.00000000e+00 0.00000000e+00 4.35489021e+01
 0.00000000e+00 0.00000000e+00 4.37538894e-13 0.00000000e+00
 0.00000000e+00 4.15865204e+01 0.00000000e+00 0.00000000e+00
 4.26325641e-14 1.60266244e-24 0.00000000e+00 4.18347313e+01
 0.00000000e+00 2.83562856e-14 4.40460642e+01 1.55096365e-24
 0.00000000e+00 0.00000000e+00 0.00000000e+00 0.00000000e+00
 0.00000000e+00 0.00000000e+00 0.00000000e+00 0.00000000e+00
 0.00000000e+00 0.00000000e+00 0.00000000e+00 0.00000000e+00
 0.00000000e+00 0.00000000e+00 0.00000000e+00 0.00000000e+00
 0.00000000e+00 0.00000000e+00 0.00000000e+00 0.00000000e+00
 0.00000000e+00]
sweep    1  f = 95.56897077  (Delta f = 6.68)
sweep    2  f = 95.56897077  (Delta f = 0)
New op index: 19	$R_Y$[6]
Current grad: 3.428572579022709
[ 3.14159265 -2.10010027  3.14159265  3.14159265 -3.14159265  3.14159265
  3.14159265 -2.10010027  3.14159265  3.14159265  3.14159263  3.14159265
  3.14159265  2.10190865  3.14159265  3.14159265  3.14159265  0.
  0.          2.09764644  3.14159265  3.14159265  3.14159265  0.
  3.14159265  3.14159265  3.14159265  3.14159265  3.14159265  3.14159265
  3.14159265  3.14159265  3.14159265  3.14159265  3.14159265  3.14159265
  3.14159265  3.14159265  3.14159265  3.14159265  3.14159265  3.14159265
  3.14159265  3.14159265  3.14159265] 
 [0.00000000e+00 4.90231067e-01 0.00000000e+00 0.00000000e+00
 0.00000000e+00 0.00000000e+00 0.00000000e+00 4.90231067e-01
 0.00000000e+00 0.00000000e+00 1.42108547e-14 0.00000000e+00
 0.00000000e+00 4.91970424e-01 0.00000000e+00 0.00000000e+00
 0.00000000e+00 6.42443391e-27 8.79466807e-15 4.94405283e-01
 0.00000000e+00 0.00000000e+00 0.00000000e+00 6.67116598e-43
 0.00000000e+00 0.00000000e+00 0.00000000e+00 0.00000000e+00
 0.00000000e+00 0.00000000e+00 0.00000000e+00 0.00000000e+00
 0.00000000e+00 0.00000000e+00 0.00000000e+00 0.00000000e+00
 0.00000000e+00 0.00000000e+00 0.00000000e+00 0.00000000e+00
 0.00000000e+00 0.00000000e+00 0.00000000e+00 0.00000000e+00
 0.00000000e+00]
sweep    1  f = 95.06149323  (Delta f = 0.0131)
sweep    2  f = 95.06088314  (Delta f = 0.00061)
sweep    3  f = 95.06077763  (Delta f = 0.000106)
sweep    4  f = 95.06075415  (Delta f = 2.35e-05)
sweep    5  f = 95.06074837  (Delta f = 5.78e-06)
sweep    6  f = 95.06074687  (Delta f = 1.5e-06)
sweep    7  f = 95.06074647  (Delta f = 3.97e-07)
sweep    8  f = 95.06074637  (Delta f = 1.06e-07)
sweep    9  f = 95.06074634  (Delta f = 2.88e-08)
sweep   10  f = 95.06074633  (Delta f = 7.68e-09)
New op index: 1	$R_Y$[0]
Current grad: 135.59204959674219
[ 3.14159265 -1.58172038  3.14159265  3.14159265 -3.14159265  3.14159265
  3.14159265 -1.58172038  3.14159265  3.14159265  3.14157106  3.14159265
  0.         -1.57667837  3.14159265  3.14159265  3.14159259  3.14159265
  3.14159265 -3.14159265  3.14159265  3.14159265 -3.14159265  3.14159265
  3.14159265  3.14159265  3.14159265  3.14159265  3.14159265  3.14159265
  3.14159265  3.14159265  3.14159265  3.14159265  3.14159265  3.14159265
  3.14159265  3.14159265  3.14159265  3.14159265  3.14159265  3.14159265
  3.14159265  3.14159265  3.14159265] 
 [0.00000000e+00 4.52714659e+01 0.00000000e+00 0.00000000e+00
 0.00000000e+00 0.00000000e+00 0.00000000e+00 4.52714659e+01
 0.00000000e+00 0.00000000e+00 1.34747502e-09 0.00000000e+00
 7.08959801e-16 4.37960783e+01 0.00000000e+00 0.00000000e+00
 1.70530257e-13 0.00000000e+00 0.00000000e+00 0.00000000e+00
 0.00000000e+00 0.00000000e+00 0.00000000e+00 0.00000000e+00
 0.00000000e+00 0.00000000e+00 0.00000000e+00 0.00000000e+00
 0.00000000e+00 0.00000000e+00 0.00000000e+00 0.00000000e+00
 0.00000000e+00 0.00000000e+00 0.00000000e+00 0.00000000e+00
 0.00000000e+00 0.00000000e+00 0.00000000e+00 0.00000000e+00
 0.00000000e+00 0.00000000e+00 0.00000000e+00 0.00000000e+00
 0.00000000e+00]
sweep    1  f = 44.84978829  (Delta f = 4.94)
sweep    2  f = 44.84976932  (Delta f = 1.9e-05)
sweep    3  f = 44.84976932  (Delta f = 2.84e-14)
New op index: 7	$R_Y$[2]
Current grad: 1.7142946377101338
[ 3.14159265  3.14159258  3.14159265  3.14159265 -3.14159265  3.14159265
  3.14159265 -1.57654771  3.14159265  3.14159265  3.14159263  3.14159265
  0.          1.58223302  3.14159265  3.14159265  3.14159265  3.14159265
  3.14159265 -3.14159258  3.14159265  3.14159265 -3.14159265  3.14159265
  3.14159265  3.14159265  3.14159265  3.14159265  3.14159265  3.14159265
  3.14159265  3.14159265  3.14159265  3.14159265  3.14159265  3.14159265
  3.14159265  3.14159265  3.14159265  3.14159265  3.14159265  3.14159265
  3.14159265  3.14159265  3.14159265] 
 [0.00000000e+00 1.56319402e-13 0.00000000e+00 0.00000000e+00
 0.00000000e+00 0.00000000e+00 0.00000000e+00 8.49825277e-01
 0.00000000e+00 0.00000000e+00 7.10542736e-15 0.00000000e+00
 6.68124768e-15 8.49783934e-01 0.00000000e+00 0.00000000e+00
 0.00000000e+00 0.00000000e+00 0.00000000e+00 1.56319402e-13
 0.00000000e+00 0.00000000e+00 0.00000000e+00 0.00000000e+00
 0.00000000e+00 0.00000000e+00 0.00000000e+00 0.00000000e+00
 0.00000000e+00 0.00000000e+00 0.00000000e+00 0.00000000e+00
 0.00000000e+00 0.00000000e+00 0.00000000e+00 0.00000000e+00
 0.00000000e+00 0.00000000e+00 0.00000000e+00 0.00000000e+00
 0.00000000e+00 0.00000000e+00 0.00000000e+00 0.00000000e+00
 0.00000000e+00]
sweep    1  f = 43.99752442  (Delta f = 0.00242)
sweep    2  f = 43.99752171  (Delta f = 2.71e-06)
sweep    3  f = 43.99752129  (Delta f = 4.18e-07)
sweep    4  f = 43.99752125  (Delta f = 4.85e-08)
sweep    5  f = 43.99752124  (Delta f = 5.67e-09)
New op index: 13	$R_Y$[4]
Current grad: 50.85840585129858
[ 3.14159265 -3.14155905  3.14159265  3.14159265 -3.14159263  3.14159265
  3.14159265 -3.14159265  3.14159265  3.14159265 -3.14159264  3.14159265
  0.          1.5708938   3.14159265  3.14159265 -3.14159263  3.14159265
  3.14159265 -3.14159264  3.14159265  3.14159265  3.14159245  3.14159265
  3.14159265  3.14159265  3.14159265  3.14159265  3.14159265  3.14159265
  3.14159265  3.14159265  3.14159265  3.14159265  3.14159265  3.14159265
  3.14159265  3.14159265  3.14159265  3.14159265  3.14159265  3.14159265
  3.14159265  3.14159265  3.14159265] 
 [0.00000000e+00 4.83223794e-10 0.00000000e+00 0.00000000e+00
 2.84217094e-14 0.00000000e+00 0.00000000e+00 0.00000000e+00
 0.00000000e+00 0.00000000e+00 0.00000000e+00 0.00000000e+00
 1.82027656e-16 5.08534144e+01 0.00000000e+00 0.00000000e+00
 2.22044605e-16 0.00000000e+00 0.00000000e+00 0.00000000e+00
 0.00000000e+00 0.00000000e+00 1.72084569e-14 0.00000000e+00
 0.00000000e+00 0.00000000e+00 0.00000000e+00 0.00000000e+00
 0.00000000e+00 0.00000000e+00 0.00000000e+00 0.00000000e+00
 0.00000000e+00 0.00000000e+00 0.00000000e+00 0.00000000e+00
 0.00000000e+00 0.00000000e+00 0.00000000e+00 0.00000000e+00
 0.00000000e+00 0.00000000e+00 0.00000000e+00 0.00000000e+00
 0.00000000e+00]
sweep    1  f = -6.857142797  (Delta f = 0.00125)
sweep    2  f = -6.857142857  (Delta f = 6.01e-08)
sweep    3  f = -6.857142857  (Delta f = 5.94e-12)
New op index: 16	$R_Y$[5]
Current grad: 2.8060876969476426e-06
[ 3.14159265 -3.14159265  3.14159265  3.14159265 -3.14159265  3.14159265
  3.14159265 -3.14159265  3.14159265  3.14159265 -3.14159265  3.14159265
  3.14159265  3.14159265  3.14159265  3.14159265 -3.14159263  3.14159265
  3.14159265  3.14159265  3.14159265  3.14159265  3.14159265  3.14159265
  3.14159265  3.14159265  3.14159265  3.14159265  3.14159265  3.14159265
  3.14159265  3.14159265  3.14159265  3.14159265  3.14159265  3.14159265
  3.14159265  3.14159265  3.14159265  3.14159265  3.14159265  3.14159265
  3.14159265  3.14159265  3.14159265] 
 [0.00000000e+00 0.00000000e+00 0.00000000e+00 0.00000000e+00
 0.00000000e+00 0.00000000e+00 0.00000000e+00 0.00000000e+00
 0.00000000e+00 0.00000000e+00 0.00000000e+00 0.00000000e+00
 0.00000000e+00 0.00000000e+00 0.00000000e+00 0.00000000e+00
 1.42108547e-14 0.00000000e+00 0.00000000e+00 0.00000000e+00
 0.00000000e+00 0.00000000e+00 0.00000000e+00 0.00000000e+00
 0.00000000e+00 0.00000000e+00 0.00000000e+00 0.00000000e+00
 0.00000000e+00 0.00000000e+00 0.00000000e+00 0.00000000e+00
 0.00000000e+00 0.00000000e+00 0.00000000e+00 0.00000000e+00
 0.00000000e+00 0.00000000e+00 0.00000000e+00 0.00000000e+00
 0.00000000e+00 0.00000000e+00 0.00000000e+00 0.00000000e+00
 0.00000000e+00]
Precision cutoff reached.
Calculating energies for FreeWilson2D(N_x=2, N_y=2, mass=-3.551, r=1.000)
h_im: 0.0
New op index: 10	$R_Y$[3]
Current grad: 8.204081632653056
[ 3.14159265 -1.57079633  3.14159265  3.14159265  1.57079633  3.14159265
  3.14159265 -1.57079633  3.14159265  3.14159265  0.99812994  0.
  3.14159265  0.99812994  0.          3.14159265 -1.57079633  3.14159265
  3.14159265  1.57079633  3.14159265  3.14159265 -1.57079633  3.14159265
  3.14159265  3.14159265  3.14159265  3.14159265  3.14159265  3.14159265
  3.14159265  0.          0.          3.14159265  3.14159265  3.14159265
  3.14159265  0.          0.          3.14159265  3.14159265  3.14159265
  3.14159265  3.14159265  3.14159265] 
 [0.        0.7755102 0.        0.        1.2755102 0.        0.
 1.2755102 0.        0.        1.4227221 1.        0.        1.4227221
 1.        0.        1.2755102 0.        0.        1.2755102 0.
 0.        0.7755102 0.        0.        0.        0.        0.
 0.        0.        0.        1.        1.        0.        0.
 0.        0.        1.        1.        0.        0.        0.
 0.        0.        0.       ]
sweep    1  f = 199.0772779  (Delta f = -1.99e-13)
New op index: 16	$R_Y$[5]
Current grad: 293.74503464726075
[ 3.14159265 -1.57079633  3.14159265  3.14159265 -1.57079633  3.14159265
  3.14159265 -1.57079633  0.          3.14159265 -3.14159265  3.14159265
  3.14159265 -1.57743243  3.14159265  0.         -1.57079633  0.
  0.         -1.57079633  0.          0.         -1.57079633  3.14159265
  3.14159265  3.14159265  3.14159265  3.14159265  0.          0.
  3.14159265  3.14159265  3.14159265  3.14159265  3.14159265  0.
  0.          3.14159265  3.14159265  0.          0.          0.
  0.          0.          0.        ] 
 [0.00000000e+00 4.27984661e+01 0.00000000e+00 0.00000000e+00
 4.07474457e+01 0.00000000e+00 0.00000000e+00 4.25275287e+01
 2.42861287e-17 0.00000000e+00 0.00000000e+00 0.00000000e+00
 0.00000000e+00 4.05571777e+01 0.00000000e+00 2.60413856e-15
 4.32984661e+01 1.73472348e-17 9.33982200e-15 4.07474457e+01
 6.24500451e-17 9.45905769e-15 4.27984661e+01 0.00000000e+00
 0.00000000e+00 0.00000000e+00 0.00000000e+00 0.00000000e+00
 2.42861287e-17 2.42861287e-17 0.00000000e+00 0.00000000e+00
 0.00000000e+00 0.00000000e+00 0.00000000e+00 6.24500451e-17
 1.08381274e-15 0.00000000e+00 0.00000000e+00 9.45983654e-15
 9.48412267e-15 7.97972799e-17 1.63216946e-14 1.64327169e-14
 5.55111512e-17]
sweep    1  f = 147.9465178  (Delta f = 7.83)
sweep    2  f = 147.9465178  (Delta f = 1.99e-13)
New op index: 4	$R_Y$[1]
Current grad: 5.148139889233486
[ 3.14159265 -1.57079633  3.14159265  3.14159265  1.57079633  3.14159265
  3.14159265 -1.57079633  3.14159265  3.14159265  3.14159263  3.14159265
  3.14159265  2.14650809  3.14159265  3.14159265 -3.14159264  3.14159265
  0.          2.14204231  3.14159265  3.14159265 -1.57079633  3.14159265
  3.14159265  3.14159265  3.14159265  3.14159265  3.14159265  3.14159265
  3.14159265  3.14159265  3.14159265  3.14159265  3.14159265  3.14159265
  3.14159265  3.14159265  3.14159265  3.14159265  3.14159265  3.14159265
  3.14159265  3.14159265  3.14159265] 
 [0.00000000e+00 7.73086175e-01 0.00000000e+00 0.00000000e+00
 1.27793423e+00 0.00000000e+00 0.00000000e+00 7.68162791e-01
 0.00000000e+00 0.00000000e+00 1.42108547e-14 0.00000000e+00
 0.00000000e+00 4.22508182e-01 0.00000000e+00 0.00000000e+00
 1.42108547e-14 0.00000000e+00 1.22874527e-15 4.24760339e-01
 0.00000000e+00 0.00000000e+00 7.73086175e-01 0.00000000e+00
 0.00000000e+00 0.00000000e+00 0.00000000e+00 0.00000000e+00
 0.00000000e+00 0.00000000e+00 0.00000000e+00 0.00000000e+00
 0.00000000e+00 0.00000000e+00 0.00000000e+00 0.00000000e+00
 0.00000000e+00 0.00000000e+00 0.00000000e+00 0.00000000e+00
 0.00000000e+00 0.00000000e+00 0.00000000e+00 0.00000000e+00
 0.00000000e+00]
sweep    1  f = 146.5262575  (Delta f = 0.142)
sweep    2  f = 146.5262575  (Delta f = 2.84e-14)
New op index: 22	$R_Y$[7]
Current grad: 210.89022480561425
[ 3.14159265 -1.58247846  3.14159265  3.14159265 -3.14159265  3.14159265
  3.14159265 -1.58247846  3.14159265  3.14159265 -3.14159214  3.14159265
  3.14159265 -1.58948471  3.14159265  3.14159265  3.1415926   0.
  0.         -1.5829177   3.14159265  3.14159265 -1.57079633  0.
  3.14159265  3.14159265  3.14159265  3.14159265  3.14159265  3.14159265
  3.14159265  3.14159265  3.14159265  3.14159265  3.14159265  3.14159265
  3.14159265  3.14159265  3.14159265  3.14159265  3.14159265  3.14159265
  3.14159265  3.14159265  3.14159265] 
 [0.00000000e+00 4.23013727e+01 0.00000000e+00 0.00000000e+00
 0.00000000e+00 0.00000000e+00 0.00000000e+00 4.23013727e+01
 0.00000000e+00 0.00000000e+00 1.23567823e-13 0.00000000e+00
 0.00000000e+00 4.04836980e+01 0.00000000e+00 0.00000000e+00
 9.94759830e-14 1.03397577e-25 1.37701641e-14 4.07504621e+01
 0.00000000e+00 0.00000000e+00 4.27984521e+01 2.06795153e-25
 0.00000000e+00 0.00000000e+00 0.00000000e+00 0.00000000e+00
 0.00000000e+00 0.00000000e+00 0.00000000e+00 0.00000000e+00
 0.00000000e+00 0.00000000e+00 0.00000000e+00 0.00000000e+00
 0.00000000e+00 0.00000000e+00 0.00000000e+00 0.00000000e+00
 0.00000000e+00 0.00000000e+00 0.00000000e+00 0.00000000e+00
 0.00000000e+00]
sweep    1  f = 95.89549743  (Delta f = 7.83)
sweep    2  f = 95.89549743  (Delta f = 0)
New op index: 19	$R_Y$[6]
Current grad: 3.102043340793079
[ 3.14159265 -2.14488938  3.14159265  3.14159265 -3.14159265  3.14159265
  3.14159265 -2.14488938  3.14159265  3.14159265  3.14159261  3.14159265
  3.14159265  2.14650809  3.14159265  3.14159265 -3.14159265  0.
  0.          2.14204233  3.14159265  3.14159265 -3.14159265  3.14159265
  3.14159265  3.14159265  3.14159265  3.14159265  3.14159265  3.14159265
  3.14159265  3.14159265  3.14159265  3.14159265  3.14159265  3.14159265
  3.14159265  3.14159265  3.14159265  3.14159265  3.14159265  3.14159265
  3.14159265  3.14159265  3.14159265] 
 [0.00000000e+00 4.20685751e-01 0.00000000e+00 0.00000000e+00
 0.00000000e+00 0.00000000e+00 0.00000000e+00 4.20685751e-01
 0.00000000e+00 0.00000000e+00 5.68434189e-14 0.00000000e+00
 0.00000000e+00 4.22508171e-01 0.00000000e+00 0.00000000e+00
 0.00000000e+00 4.58485958e-26 7.59204097e-15 4.24760322e-01
 0.00000000e+00 0.00000000e+00 0.00000000e+00 0.00000000e+00
 0.00000000e+00 0.00000000e+00 0.00000000e+00 0.00000000e+00
 0.00000000e+00 0.00000000e+00 0.00000000e+00 0.00000000e+00
 0.00000000e+00 0.00000000e+00 0.00000000e+00 0.00000000e+00
 0.00000000e+00 0.00000000e+00 0.00000000e+00 0.00000000e+00
 0.00000000e+00 0.00000000e+00 0.00000000e+00 0.00000000e+00
 0.00000000e+00]
sweep    1  f = 95.45997004  (Delta f = 0.0108)
sweep    2  f = 95.45960606  (Delta f = 0.000364)
sweep    3  f = 95.45956306  (Delta f = 4.3e-05)
sweep    4  f = 95.45955682  (Delta f = 6.23e-06)
sweep    5  f = 95.45955586  (Delta f = 9.68e-07)
sweep    6  f = 95.4595557  (Delta f = 1.54e-07)
sweep    7  f = 95.45955568  (Delta f = 2.5e-08)
sweep    8  f = 95.45955567  (Delta f = 4.02e-09)
New op index: 1	$R_Y$[0]
Current grad: 131.53218816780293
[ 3.14159265 -1.582067    3.14159265  3.14159265 -3.14159265  3.14159265
  3.14159265 -1.582067    3.14159265  3.14159265  3.14158125  3.14159265
  0.         -1.57729166  3.14159265  3.14159265  3.1415926   0.
  3.14159265  3.14159265  3.14159265  3.14159265 -3.14159265  0.
  3.14159265  3.14159265  3.14159265  3.14159265  3.14159265  3.14159265
  3.14159265  3.14159265  3.14159265  3.14159265  3.14159265  3.14159265
  3.14159265  3.14159265  3.14159265  3.14159265  3.14159265  3.14159265
  3.14159265  3.14159265  3.14159265] 
 [0.00000000e+00 4.38638587e+01 0.00000000e+00 0.00000000e+00
 0.00000000e+00 0.00000000e+00 0.00000000e+00 4.38638587e+01
 0.00000000e+00 0.00000000e+00 4.60914862e-10 0.00000000e+00
 5.08084243e-15 4.25328545e+01 0.00000000e+00 0.00000000e+00
 1.13686838e-13 2.24908734e-23 0.00000000e+00 0.00000000e+00
 0.00000000e+00 0.00000000e+00 0.00000000e+00 2.01280773e-23
 0.00000000e+00 0.00000000e+00 0.00000000e+00 0.00000000e+00
 0.00000000e+00 0.00000000e+00 0.00000000e+00 0.00000000e+00
 0.00000000e+00 0.00000000e+00 0.00000000e+00 0.00000000e+00
 0.00000000e+00 0.00000000e+00 0.00000000e+00 0.00000000e+00
 0.00000000e+00 0.00000000e+00 0.00000000e+00 0.00000000e+00
 0.00000000e+00]
sweep    1  f = 45.33958327  (Delta f = 6.26)
sweep    2  f = 45.33955339  (Delta f = 2.99e-05)
sweep    3  f = 45.33955339  (Delta f = 6.39e-14)
New op index: 7	$R_Y$[2]
Current grad: 1.5510282423087576
[ 3.14159265  3.1415926   3.14159265  3.14159265 -3.14159265  3.14159265
  3.14159265 -1.57716531  3.14159265  3.14159265  3.14159262  3.14159265
  0.          1.58345322  3.14159265  3.14159265 -3.14159263  3.14159265
  3.14159265 -3.14159261  3.14159265  3.14159265  3.14159265  3.14159265
  3.14159265  3.14159265  3.14159265  3.14159265  3.14159265  3.14159265
  3.14159265  3.14159265  3.14159265  3.14159265  3.14159265  3.14159265
  3.14159265  3.14159265  3.14159265  3.14159265  3.14159265  3.14159265
  3.14159265  3.14159265  3.14159265] 
 [0.00000000e+00 6.39488462e-14 0.00000000e+00 0.00000000e+00
 0.00000000e+00 0.00000000e+00 0.00000000e+00 7.68178480e-01
 0.00000000e+00 0.00000000e+00 2.13162821e-14 0.00000000e+00
 7.48992220e-15 7.68149346e-01 0.00000000e+00 0.00000000e+00
 1.42108547e-14 0.00000000e+00 0.00000000e+00 5.68434189e-14
 0.00000000e+00 0.00000000e+00 0.00000000e+00 0.00000000e+00
 0.00000000e+00 0.00000000e+00 0.00000000e+00 0.00000000e+00
 0.00000000e+00 0.00000000e+00 0.00000000e+00 0.00000000e+00
 0.00000000e+00 0.00000000e+00 0.00000000e+00 0.00000000e+00
 0.00000000e+00 0.00000000e+00 0.00000000e+00 0.00000000e+00
 0.00000000e+00 0.00000000e+00 0.00000000e+00 0.00000000e+00
 0.00000000e+00]
sweep    1  f = 44.56895161  (Delta f = 0.00242)
sweep    2  f = 44.56894846  (Delta f = 3.15e-06)
sweep    3  f = 44.56894792  (Delta f = 5.44e-07)
sweep    4  f = 44.56894782  (Delta f = 9.59e-08)
sweep    5  f = 44.56894781  (Delta f = 1.59e-08)
sweep    6  f = 44.5689478  (Delta f = 3.51e-09)
New op index: 13	$R_Y$[4]
Current grad: 50.77677087269786
[ 3.14159265 -3.14156041  3.14159265  3.14159265  3.14159265  3.14159265
  3.14159265  3.14159265  3.14159265  3.14159265 -3.14159265  3.14159265
  3.14159265  1.57089404  3.14159265  3.14159265  3.14159239  0.
  3.14159265  3.14159261  3.14159265  3.14159265 -3.14159234  0.
  3.14159265  3.14159265  3.14159265  3.14159265  3.14159265  3.14159265
  3.14159265  3.14159265  3.14159265  3.14159265  3.14159265  3.14159265
  3.14159265  3.14159265  3.14159265  3.14159265  3.14159265  3.14159265
  3.14159265  3.14159265  3.14159265] 
 [0.00000000e+00 4.02455402e-10 0.00000000e+00 0.00000000e+00
 0.00000000e+00 0.00000000e+00 0.00000000e+00 0.00000000e+00
 0.00000000e+00 0.00000000e+00 0.00000000e+00 0.00000000e+00
 0.00000000e+00 5.07717797e+01 0.00000000e+00 0.00000000e+00
 2.63122857e-14 2.49084204e-14 0.00000000e+00 7.10542736e-14
 0.00000000e+00 0.00000000e+00 3.79696274e-14 2.49084204e-14
 0.00000000e+00 0.00000000e+00 0.00000000e+00 0.00000000e+00
 0.00000000e+00 0.00000000e+00 0.00000000e+00 0.00000000e+00
 0.00000000e+00 0.00000000e+00 0.00000000e+00 0.00000000e+00
 0.00000000e+00 0.00000000e+00 0.00000000e+00 0.00000000e+00
 0.00000000e+00 0.00000000e+00 0.00000000e+00 0.00000000e+00
 0.00000000e+00]
sweep    1  f = -6.204081572  (Delta f = 0.00125)
sweep    2  f = -6.204081633  (Delta f = 6.07e-08)
sweep    3  f = -6.204081633  (Delta f = 6.26e-12)
New op index: 1	$R_Y$[0]
Current grad: 6.041979057636259e-06
[ 3.14159265  3.14159263  0.          3.14159265 -3.14159264  0.
  3.14159265 -3.14159264  0.          3.14159265 -3.14159264  3.14159265
  3.14159265  3.14159263  0.          3.14159265  3.14159264  0.
  3.14159265 -3.14159263  0.          3.14159265 -3.14159265  0.
  3.14159265  3.14159265  0.          3.14159265  3.14159265  0.
  3.14159265  3.14159265  3.14159265  3.14159265  3.14159265  0.
  3.14159265  3.14159265  0.          3.14159265  3.14159265  0.
  3.14159265  3.14159265  0.        ] 
 [0.00000000e+00 1.42108547e-14 3.58417693e-16 0.00000000e+00
 0.00000000e+00 1.44673195e-16 0.00000000e+00 7.10542736e-15
 3.24760619e-16 0.00000000e+00 0.00000000e+00 0.00000000e+00
 0.00000000e+00 1.42108547e-14 2.23017857e-16 0.00000000e+00
 7.10542736e-15 2.20832031e-16 0.00000000e+00 7.10542736e-15
 7.19327170e-16 0.00000000e+00 0.00000000e+00 2.54489105e-16
 0.00000000e+00 0.00000000e+00 5.03090888e-16 0.00000000e+00
 0.00000000e+00 4.69433814e-16 0.00000000e+00 0.00000000e+00
 0.00000000e+00 0.00000000e+00 0.00000000e+00 2.97941663e-16
 0.00000000e+00 0.00000000e+00 4.43849888e-16 0.00000000e+00
 0.00000000e+00 9.40159201e-16 0.00000000e+00 0.00000000e+00
 9.73816275e-16]
Precision cutoff reached.
Calculating energies for FreeWilson2D(N_x=2, N_y=2, mass=-3.388, r=1.000)
h_im: 0.0
New op index: 10	$R_Y$[3]
Current grad: 7.551020408163259
[ 3.14159265 -1.57079633  3.14159265  3.14159265  1.57079633  3.14159265
  3.14159265 -1.57079633  3.14159265  3.14159265  0.94638598  0.
  3.14159265  0.94638598  0.          3.14159265 -1.57079633  3.14159265
  3.14159265  1.57079633  3.14159265  3.14159265 -1.57079633  3.14159265
  3.14159265  3.14159265  3.14159265  3.14159265  3.14159265  3.14159265
  3.14159265  0.          0.          3.14159265  3.14159265  3.14159265
  3.14159265  0.          0.          3.14159265  3.14159265  3.14159265
  3.14159265  3.14159265  3.14159265] 
 [0.         0.69387755 0.         0.         1.19387755 0.
 0.         1.19387755 0.         0.         1.35525789 1.
 0.         1.35525789 1.         0.         1.19387755 0.
 0.         1.19387755 0.         0.         0.69387755 0.
 0.         0.         0.         0.         0.         0.
 0.         1.         1.         0.         0.         0.
 0.         1.         1.         0.         0.         0.
 0.         0.         0.        ]
sweep    1  f = 199.1447421  (Delta f = -8.53e-14)
New op index: 16	$R_Y$[5]
Current grad: 283.45370753253883
[ 3.14159265 -1.57079633  3.14159265  3.14159265 -1.57079633  3.14159265
  3.14159265 -1.57079633  0.          3.14159265  3.14159265  3.14159265
  3.14159265 -1.57820283  3.14159265  0.         -1.57079633  0.
  0.         -1.57079633  0.          3.14159265 -1.57079633  0.
  3.14159265  3.14159265  3.14159265  3.14159265  0.          0.
  3.14159265  3.14159265  3.14159265  3.14159265  3.14159265  0.
  0.          3.14159265  3.14159265  0.          0.          0.
  0.          0.          0.        ] 
 [0.00000000e+00 4.12592766e+01 0.00000000e+00 0.00000000e+00
 3.93715215e+01 0.00000000e+00 0.00000000e+00 4.09669671e+01
 2.42861287e-17 0.00000000e+00 0.00000000e+00 0.00000000e+00
 0.00000000e+00 3.91746405e+01 0.00000000e+00 8.01336038e-15
 4.17592766e+01 4.51028104e-17 5.22604919e-15 3.93715215e+01
 6.93889390e-18 0.00000000e+00 4.12592766e+01 2.08166817e-17
 0.00000000e+00 0.00000000e+00 0.00000000e+00 0.00000000e+00
 2.42861287e-17 2.42861287e-17 0.00000000e+00 0.00000000e+00
 0.00000000e+00 0.00000000e+00 0.00000000e+00 6.93889390e-18
 6.50917812e-15 0.00000000e+00 0.00000000e+00 1.07552856e-14
 1.08073273e-14 5.20417043e-17 2.42861287e-15 2.45636844e-15
 2.77555756e-17]
sweep    1  f = 148.1097792  (Delta f = 9.28)
sweep    2  f = 148.1097792  (Delta f = 0)
New op index: 4	$R_Y$[1]
Current grad: 4.658336666652262
[ 3.14159265 -1.57079633  3.14159265  3.14159265  1.57079633  3.14159265
  3.14159265 -1.57079633  0.          3.14159265 -3.1415926   3.14159265
  3.14159265  2.19820525  3.14159265  3.14159265  3.14159265  0.
  0.          2.19354817  3.14159265  0.         -1.57079633  0.
  3.14159265  3.14159265  3.14159265  3.14159265  0.          0.
  3.14159265  3.14159265  3.14159265  3.14159265  3.14159265  3.14159265
  3.14159265  3.14159265  3.14159265  3.14159265  3.14159265  3.14159265
  0.          3.14159265  3.14159265] 
 [0.00000000e+00 6.91445673e-01 0.00000000e+00 0.00000000e+00
 1.19630943e+00 0.00000000e+00 0.00000000e+00 6.86514326e-01
 2.02989688e-25 0.00000000e+00 6.39488462e-14 0.00000000e+00
 0.00000000e+00 3.55186368e-01 0.00000000e+00 0.00000000e+00
 0.00000000e+00 2.10600618e-25 5.84057333e-15 3.57232068e-01
 0.00000000e+00 3.06580108e-15 6.91445673e-01 7.61093001e-27
 0.00000000e+00 0.00000000e+00 0.00000000e+00 0.00000000e+00
 2.02989688e-25 2.02989688e-25 0.00000000e+00 0.00000000e+00
 0.00000000e+00 0.00000000e+00 0.00000000e+00 0.00000000e+00
 0.00000000e+00 0.00000000e+00 0.00000000e+00 0.00000000e+00
 0.00000000e+00 0.00000000e+00 9.10889999e-15 0.00000000e+00
 0.00000000e+00]
sweep    1  f = 146.756987  (Delta f = 0.156)
sweep    2  f = 146.756987  (Delta f = 6.82e-13)
New op index: 22	$R_Y$[7]
Current grad: 203.52078057492395
[ 3.14159265 -1.58291423  3.14159265  3.14159265  3.14159265  3.14159265
  3.14159265 -1.58291423  3.14159265  3.14159265 -3.141592    3.14159265
  3.14159265 -1.59066529  3.14159265  3.14159265 -3.14159262  0.
  3.14159265 -1.58333595  3.14159265  0.         -1.57079633  0.
  3.14159265  3.14159265  3.14159265  3.14159265  3.14159265  3.14159265
  3.14159265  3.14159265  3.14159265  3.14159265  3.14159265  3.14159265
  3.14159265  3.14159265  3.14159265  3.14159265  3.14159265  3.14159265
  0.          3.14159265  3.14159265] 
 [0.00000000e+00 4.07622869e+01 0.00000000e+00 0.00000000e+00
 0.00000000e+00 0.00000000e+00 0.00000000e+00 4.07622869e+01
 0.00000000e+00 0.00000000e+00 1.84630089e-13 0.00000000e+00
 0.00000000e+00 3.90870640e+01 0.00000000e+00 0.00000000e+00
 5.68434189e-14 2.06795153e-24 0.00000000e+00 3.93746372e+01
 0.00000000e+00 3.37547450e-14 4.12592574e+01 8.27180613e-25
 0.00000000e+00 0.00000000e+00 0.00000000e+00 0.00000000e+00
 0.00000000e+00 0.00000000e+00 0.00000000e+00 0.00000000e+00
 0.00000000e+00 0.00000000e+00 0.00000000e+00 0.00000000e+00
 0.00000000e+00 0.00000000e+00 0.00000000e+00 0.00000000e+00
 0.00000000e+00 0.00000000e+00 1.27280556e-14 0.00000000e+00
 0.00000000e+00]
sweep    1  f = 96.22202407  (Delta f = 9.28)
sweep    2  f = 96.22202407  (Delta f = 0)
New op index: 19	$R_Y$[6]
Current grad: 2.7755115388873963
[ 3.14159265 -2.19687284  3.14159265  3.14159265  3.14159265  3.14159265
  3.14159265 -2.19687284  3.14159265  3.14159265 -3.14159264  3.14159265
  0.          2.19820524  3.14159265  3.14159265 -3.14159264  0.
  0.          2.19354819  3.14159265  3.14159265  3.14159265  3.14159265
  3.14159265  3.14159265  3.14159265  3.14159265  3.14159265  3.14159265
  3.14159265  3.14159265  3.14159265  3.14159265  3.14159265  3.14159265
  3.14159265  3.14159265  3.14159265  3.14159265  3.14159265  3.14159265
  3.14159265  3.14159265  3.14159265] 
 [0.00000000e+00 3.53286086e-01 0.00000000e+00 0.00000000e+00
 0.00000000e+00 0.00000000e+00 0.00000000e+00 3.53286086e-01
 0.00000000e+00 0.00000000e+00 0.00000000e+00 0.00000000e+00
 2.97754432e-15 3.55186367e-01 0.00000000e+00 0.00000000e+00
 0.00000000e+00 6.90411064e-26 1.24950878e-16 3.57232055e-01
 0.00000000e+00 0.00000000e+00 0.00000000e+00 0.00000000e+00
 0.00000000e+00 0.00000000e+00 0.00000000e+00 0.00000000e+00
 0.00000000e+00 0.00000000e+00 0.00000000e+00 0.00000000e+00
 0.00000000e+00 0.00000000e+00 0.00000000e+00 0.00000000e+00
 0.00000000e+00 0.00000000e+00 0.00000000e+00 0.00000000e+00
 0.00000000e+00 0.00000000e+00 0.00000000e+00 0.00000000e+00
 0.00000000e+00]
sweep    1  f = 95.85618673  (Delta f = 0.00861)
sweep    2  f = 95.85598846  (Delta f = 0.000198)
sweep    3  f = 95.85597362  (Delta f = 1.48e-05)
sweep    4  f = 95.85597232  (Delta f = 1.3e-06)
sweep    5  f = 95.8559722  (Delta f = 1.19e-07)
sweep    6  f = 95.85597219  (Delta f = 1.09e-08)
sweep    7  f = 95.85597219  (Delta f = 1.01e-09)
New op index: 1	$R_Y$[0]
Current grad: 126.59977048373395
[ 3.14159265 -1.58251569  3.14159265  3.14159265  3.14159265  3.14159265
  3.14159265 -1.58251569  3.14159265  3.14159265  3.14158841  3.14159265
  3.14159265 -1.57804916  3.14159265  3.14159265 -3.14159258  0.
  3.14159265 -3.14159265  3.14159265  3.14159265  3.14159265  0.
  3.14159265  3.14159265  3.14159265  3.14159265  3.14159265  3.14159265
  3.14159265  3.14159265  3.14159265  3.14159265  3.14159265  3.14159265
  3.14159265  3.14159265  3.14159265  3.14159265  3.14159265  3.14159265
  3.14159265  3.14159265  3.14159265] 
 [0.00000000e+00 4.21654238e+01 0.00000000e+00 0.00000000e+00
 0.00000000e+00 0.00000000e+00 0.00000000e+00 4.21654238e+01
 0.00000000e+00 0.00000000e+00 7.80158160e-11 0.00000000e+00
 0.00000000e+00 4.09764605e+01 0.00000000e+00 0.00000000e+00
 2.70006240e-13 2.36146740e-23 0.00000000e+00 0.00000000e+00
 0.00000000e+00 0.00000000e+00 0.00000000e+00 2.78572058e-23
 0.00000000e+00 0.00000000e+00 0.00000000e+00 0.00000000e+00
 0.00000000e+00 0.00000000e+00 0.00000000e+00 0.00000000e+00
 0.00000000e+00 0.00000000e+00 0.00000000e+00 0.00000000e+00
 0.00000000e+00 0.00000000e+00 0.00000000e+00 0.00000000e+00
 0.00000000e+00 0.00000000e+00 0.00000000e+00 0.00000000e+00
 0.00000000e+00]
sweep    1  f = 45.82938267  (Delta f = 7.86)
sweep    2  f = 45.82933741  (Delta f = 4.53e-05)
sweep    3  f = 45.82933741  (Delta f = 0)
New op index: 7	$R_Y$[2]
Current grad: 1.3877578681628668
[ 3.14159265  3.14159264  3.14159265  3.14159265  3.14159265  3.14159265
  3.14159265 -1.57792878  3.14159265  3.14159265 -3.14159264  3.14159265
  0.          1.58495958  3.14159265  3.14159265 -3.14159264  0.
  3.14159265  3.14159264  3.14159265  3.14159265  3.14159265  0.
  3.14159265  3.14159265  3.14159265  3.14159265  3.14159265  3.14159265
  3.14159265  3.14159265  3.14159265  3.14159265  3.14159265  3.14159265
  3.14159265  3.14159265  3.14159265  3.14159265  3.14159265  3.14159265
  3.14159265  3.14159265  3.14159265] 
 [0.00000000e+00 7.10542736e-15 0.00000000e+00 0.00000000e+00
 0.00000000e+00 0.00000000e+00 0.00000000e+00 6.86531944e-01
 0.00000000e+00 0.00000000e+00 0.00000000e+00 0.00000000e+00
 5.66533432e-16 6.86516151e-01 0.00000000e+00 0.00000000e+00
 7.10542736e-15 5.86740243e-24 0.00000000e+00 0.00000000e+00
 0.00000000e+00 0.00000000e+00 0.00000000e+00 6.35868614e-24
 0.00000000e+00 0.00000000e+00 0.00000000e+00 0.00000000e+00
 0.00000000e+00 0.00000000e+00 0.00000000e+00 0.00000000e+00
 0.00000000e+00 0.00000000e+00 0.00000000e+00 0.00000000e+00
 0.00000000e+00 0.00000000e+00 0.00000000e+00 0.00000000e+00
 0.00000000e+00 0.00000000e+00 0.00000000e+00 0.00000000e+00
 0.00000000e+00]
sweep    1  f = 45.14037874  (Delta f = 0.00243)
sweep    2  f = 45.14037555  (Delta f = 3.19e-06)
sweep    3  f = 45.14037468  (Delta f = 8.64e-07)
sweep    4  f = 45.14037446  (Delta f = 2.21e-07)
sweep    5  f = 45.14037439  (Delta f = 7.09e-08)
sweep    6  f = 45.14037437  (Delta f = 1.94e-08)
sweep    7  f = 45.14037436  (Delta f = 5.5e-09)
New op index: 13	$R_Y$[4]
Current grad: 50.69515270836727
[ 3.14159265 -3.14154201  3.14159265  3.14159265 -3.14159264  3.14159265
  3.14159265  3.14159265  3.14159265  3.14159265  3.14159262  3.14159265
  3.14159265  1.57089427  3.14159265  3.14159265  3.14159258  0.
  3.14159265 -3.14159262  3.14159265  3.14159265 -3.14159256  0.
  3.14159265  3.14159265  3.14159265  3.14159265  3.14159265  3.14159265
  3.14159265  3.14159265  3.14159265  3.14159265  3.14159265  3.14159265
  3.14159265  3.14159265  3.14159265  3.14159265  3.14159265  3.14159265
  3.14159265  3.14159265  3.14159265] 
 [0.00000000e+00 8.88354834e-10 0.00000000e+00 0.00000000e+00
 1.42108547e-14 0.00000000e+00 0.00000000e+00 0.00000000e+00
 0.00000000e+00 0.00000000e+00 5.68434189e-14 0.00000000e+00
 0.00000000e+00 5.06901448e+01 0.00000000e+00 0.00000000e+00
 1.77635684e-15 7.65818082e-16 0.00000000e+00 4.26325641e-14
 0.00000000e+00 0.00000000e+00 2.99760217e-15 7.65818082e-16
 0.00000000e+00 0.00000000e+00 0.00000000e+00 0.00000000e+00
 0.00000000e+00 0.00000000e+00 0.00000000e+00 0.00000000e+00
 0.00000000e+00 0.00000000e+00 0.00000000e+00 0.00000000e+00
 0.00000000e+00 0.00000000e+00 0.00000000e+00 0.00000000e+00
 0.00000000e+00 0.00000000e+00 0.00000000e+00 0.00000000e+00
 0.00000000e+00]
sweep    1  f = -5.551020347  (Delta f = 0.00125)
sweep    2  f = -5.551020408  (Delta f = 6.09e-08)
sweep    3  f = -5.551020408  (Delta f = 5.74e-12)
New op index: 10	$R_Y$[3]
Current grad: 3.7559299407599746e-06
[ 3.14159265 -3.14159265  3.14159265  3.14159265 -3.14159264  3.14159265
  3.14159265  3.14159265  3.14159265  3.14159265 -3.14159263  0.
  3.14159265 -3.14159264  0.          3.14159265  3.14159265  0.
  3.14159265  3.14159265  0.          3.14159265 -3.14159264  0.
  3.14159265  3.14159265  3.14159265  3.14159265  3.14159265  3.14159265
  3.14159265  3.14159265  0.          3.14159265  3.14159265  3.14159265
  3.14159265  3.14159265  0.          3.14159265  3.14159265  0.
  3.14159265  3.14159265  0.        ] 
 [0.00000000e+00 0.00000000e+00 0.00000000e+00 0.00000000e+00
 7.10542736e-15 0.00000000e+00 0.00000000e+00 0.00000000e+00
 0.00000000e+00 0.00000000e+00 1.42108547e-14 2.07932119e-17
 0.00000000e+00 7.10542736e-15 3.91121159e-16 0.00000000e+00
 0.00000000e+00 5.77815429e-17 0.00000000e+00 0.00000000e+00
 6.78110709e-18 0.00000000e+00 7.10542736e-15 5.95113018e-17
 0.00000000e+00 0.00000000e+00 0.00000000e+00 0.00000000e+00
 0.00000000e+00 0.00000000e+00 0.00000000e+00 0.00000000e+00
 1.39485285e-17 0.00000000e+00 0.00000000e+00 0.00000000e+00
 0.00000000e+00 0.00000000e+00 4.48902702e-16 0.00000000e+00
 0.00000000e+00 6.45626500e-17 0.00000000e+00 0.00000000e+00
 6.62924089e-17]
Precision cutoff reached.
Calculating energies for FreeWilson2D(N_x=2, N_y=2, mass=-3.224, r=1.000)
h_im: 0.0
New op index: 10	$R_Y$[3]
Current grad: 6.897959183673462
[ 3.14159265 -1.57079633  3.14159265  3.14159265  1.57079633  3.14159265
  3.14159265 -1.57079633  3.14159265  3.14159265  0.88597508  0.
  3.14159265  0.88597508  0.          3.14159265 -1.57079633  3.14159265
  3.14159265  1.57079633  3.14159265  3.14159265 -1.57079633  3.14159265
  3.14159265  3.14159265  3.14159265  3.14159265  3.14159265  3.14159265
  3.14159265  0.          0.          3.14159265  3.14159265  3.14159265
  3.14159265  0.          0.          3.14159265  3.14159265  3.14159265
  3.14159265  3.14159265  3.14159265] 
 [0.         0.6122449  0.         0.         1.1122449  0.
 0.         1.1122449  0.         0.         1.29047063 1.
 0.         1.29047063 1.         0.         1.1122449  0.
 0.         1.1122449  0.         0.         0.6122449  0.
 0.         0.         0.         0.         0.         0.
 0.         1.         1.         0.         0.         0.
 0.         1.         1.         0.         0.         0.
 0.         0.         0.        ]
sweep    1  f = 199.2095294  (Delta f = 5.68e-14)
New op index: 16	$R_Y$[5]
Current grad: 270.49495620411886
[ 3.14159265 -1.57079633  3.14159265  3.14159265 -1.57079633  3.14159265
  3.14159265 -1.57079633  3.14159265  3.14159265  3.14159265  3.14159265
  0.         -1.57917916  3.14159265  3.14159265 -1.57079633  3.14159265
  3.14159265 -1.57079633  0.          3.14159265 -1.57079633  3.14159265
  3.14159265  3.14159265  3.14159265  3.14159265  3.14159265  3.14159265
  3.14159265  3.14159265  3.14159265  3.14159265  3.14159265  0.
  0.          3.14159265  3.14159265  3.14159265  3.14159265  3.14159265
  0.          0.          3.14159265] 
 [0.00000000e+00 3.93388513e+01 0.00000000e+00 0.00000000e+00
 3.76143615e+01 0.00000000e+00 0.00000000e+00 3.90225840e+01
 0.00000000e+00 0.00000000e+00 0.00000000e+00 0.00000000e+00
 5.21903949e-15 3.74121537e+01 0.00000000e+00 0.00000000e+00
 3.98388513e+01 0.00000000e+00 0.00000000e+00 3.76143615e+01
 3.46944695e-18 0.00000000e+00 3.93388513e+01 0.00000000e+00
 0.00000000e+00 0.00000000e+00 0.00000000e+00 0.00000000e+00
 0.00000000e+00 0.00000000e+00 0.00000000e+00 0.00000000e+00
 0.00000000e+00 0.00000000e+00 0.00000000e+00 3.46944695e-18
 4.35100510e-15 0.00000000e+00 0.00000000e+00 0.00000000e+00
 0.00000000e+00 0.00000000e+00 8.39606162e-16 8.67361738e-16
 0.00000000e+00]
sweep    1  f = 148.2730405  (Delta f = 11.1)
sweep    2  f = 148.2730405  (Delta f = 0)
New op index: 4	$R_Y$[1]
Current grad: 4.168532187720198
[ 3.14159265 -1.57079633  3.14159265  3.14159265  1.57079633  3.14159265
  3.14159265 -1.57079633  0.          3.14159265  3.14159262  3.14159265
  0.          2.25848679  3.14159265  3.14159265 -3.14159265  0.
  0.          2.25366999  3.14159265  3.14159265 -1.57079633  0.
  3.14159265  3.14159265  3.14159265  3.14159265  0.          0.
  3.14159265  3.14159265  3.14159265  3.14159265  3.14159265  3.14159265
  3.14159265  3.14159265  3.14159265  3.14159265  3.14159265  3.14159265
  3.14159265  3.14159265  3.14159265] 
 [0.00000000e+00 6.09805213e-01 0.00000000e+00 0.00000000e+00
 1.11468458e+00 0.00000000e+00 0.00000000e+00 6.04865957e-01
 2.06536407e-25 0.00000000e+00 3.55271368e-14 0.00000000e+00
 5.84894237e-15 2.90548513e-01 0.00000000e+00 0.00000000e+00
 0.00000000e+00 6.20644206e-25 5.81495595e-15 2.92361747e-01
 0.00000000e+00 0.00000000e+00 6.09805213e-01 4.14107799e-25
 0.00000000e+00 0.00000000e+00 0.00000000e+00 0.00000000e+00
 2.06536407e-25 2.06536407e-25 0.00000000e+00 0.00000000e+00
 0.00000000e+00 0.00000000e+00 0.00000000e+00 0.00000000e+00
 0.00000000e+00 0.00000000e+00 0.00000000e+00 0.00000000e+00
 0.00000000e+00 0.00000000e+00 0.00000000e+00 0.00000000e+00
 0.00000000e+00]
sweep    1  f = 146.9850396  (Delta f = 0.173)
sweep    2  f = 146.9850396  (Delta f = 7.16e-12)
New op index: 22	$R_Y$[7]
Current grad: 194.24548254315476
[ 3.14159265 -1.58350571  3.14159265  3.14159265  3.14159265  3.14159265
  3.14159265 -1.58350571  3.14159265  3.14159265  3.14159146  3.14159265
  3.14159265 -1.59220929  3.14159265  3.14159265 -3.14159248  0.
  0.         -1.58391398  3.14159265  3.14159265 -1.57079633  0.
  3.14159265  3.14159265  3.14159265  3.14159265  3.14159265  3.14159265
  3.14159265  3.14159265  3.14159265  3.14159265  3.14159265  3.14159265
  3.14159265  3.14159265  3.14159265  3.14159265  3.14159265  3.14159265
  3.14159265  3.14159265  3.14159265] 
 [0.00000000e+00 3.88420665e+01 0.00000000e+00 0.00000000e+00
 0.00000000e+00 0.00000000e+00 0.00000000e+00 3.88420665e+01
 0.00000000e+00 0.00000000e+00 5.66324765e-13 0.00000000e+00
 0.00000000e+00 3.73068721e+01 0.00000000e+00 0.00000000e+00
 1.36424205e-12 1.44756607e-23 6.89414513e-15 3.76176787e+01
 0.00000000e+00 0.00000000e+00 3.93388891e+01 1.57164316e-23
 0.00000000e+00 0.00000000e+00 0.00000000e+00 0.00000000e+00
 0.00000000e+00 0.00000000e+00 0.00000000e+00 0.00000000e+00
 0.00000000e+00 0.00000000e+00 0.00000000e+00 0.00000000e+00
 0.00000000e+00 0.00000000e+00 0.00000000e+00 0.00000000e+00
 0.00000000e+00 0.00000000e+00 0.00000000e+00 0.00000000e+00
 0.00000000e+00]
sweep    1  f = 96.54855071  (Delta f = 11.1)
sweep    2  f = 96.54855071  (Delta f = 0)
New op index: 19	$R_Y$[6]
Current grad: 2.4489829324636645
[ 3.14159265 -2.25757452  3.14159265  3.14159265  3.14159265  3.14159265
  3.14159265 -2.25757452  3.14159265  3.14159265 -3.1415926   3.14159265
  0.          2.25848681  3.14159265  3.14159265  3.14159264  3.14159265
  0.          2.25366996  3.14159265  3.14159265 -3.14159265  0.
  3.14159265  3.14159265  3.14159265  3.14159265  3.14159265  3.14159265
  3.14159265  3.14159265  3.14159265  3.14159265  3.14159265  3.14159265
  3.14159265  3.14159265  3.14159265  3.14159265  3.14159265  3.14159265
  3.14159265  3.14159265  3.14159265] 
 [0.00000000e+00 2.88582490e-01 0.00000000e+00 0.00000000e+00
 0.00000000e+00 0.00000000e+00 0.00000000e+00 2.88582490e-01
 0.00000000e+00 0.00000000e+00 7.10542736e-14 0.00000000e+00
 1.26223652e-14 2.90548525e-01 0.00000000e+00 0.00000000e+00
 7.10542736e-15 0.00000000e+00 1.25543923e-14 2.92361781e-01
 0.00000000e+00 0.00000000e+00 0.00000000e+00 6.63598901e-40
 0.00000000e+00 0.00000000e+00 0.00000000e+00 0.00000000e+00
 0.00000000e+00 0.00000000e+00 0.00000000e+00 0.00000000e+00
 0.00000000e+00 0.00000000e+00 0.00000000e+00 0.00000000e+00
 0.00000000e+00 0.00000000e+00 0.00000000e+00 0.00000000e+00
 0.00000000e+00 0.00000000e+00 0.00000000e+00 0.00000000e+00
 0.00000000e+00]
sweep    1  f = 96.24955469  (Delta f = 0.00663)
sweep    2  f = 96.24945647  (Delta f = 9.82e-05)
sweep    3  f = 96.24945213  (Delta f = 4.33e-06)
sweep    4  f = 96.24945192  (Delta f = 2.15e-07)
sweep    5  f = 96.2494519  (Delta f = 1.07e-08)
sweep    6  f = 96.2494519  (Delta f = 5.21e-10)
New op index: 1	$R_Y$[0]
Current grad: 120.52679780751384
[ 3.14159265 -1.58311591  3.14159265  3.14159265  3.14159265  3.14159265
  3.14159265 -1.58311591  3.14159265  3.14159265  3.14159004  3.14159265
  0.         -1.57900839  3.14159265  3.14159265  3.14159242  0.
  3.14159265  3.14159265  3.14159265  3.14159265 -3.14159265  0.
  3.14159265  3.14159265  3.14159265  3.14159265  3.14159265  3.14159265
  3.14159265  3.14159265  3.14159265  3.14159265  3.14159265  3.14159265
  3.14159265  3.14159265  3.14159265  3.14159265  3.14159265  3.14159265
  3.14159265  3.14159265  3.14159265] 
 [0.00000000e+00 4.00868261e+01 0.00000000e+00 0.00000000e+00
 0.00000000e+00 0.00000000e+00 0.00000000e+00 4.00868261e+01
 0.00000000e+00 0.00000000e+00 3.60778074e-11 0.00000000e+00
 3.12734409e-15 3.90373559e+01 0.00000000e+00 0.00000000e+00
 2.47268872e-12 7.32230533e-23 0.00000000e+00 0.00000000e+00
 0.00000000e+00 0.00000000e+00 0.00000000e+00 8.37227541e-23
 0.00000000e+00 0.00000000e+00 0.00000000e+00 0.00000000e+00
 0.00000000e+00 0.00000000e+00 0.00000000e+00 0.00000000e+00
 0.00000000e+00 0.00000000e+00 0.00000000e+00 0.00000000e+00
 0.00000000e+00 0.00000000e+00 0.00000000e+00 0.00000000e+00
 0.00000000e+00 0.00000000e+00 0.00000000e+00 0.00000000e+00
 0.00000000e+00]
sweep    1  f = 46.31918827  (Delta f = 9.84)
sweep    2  f = 46.3191214  (Delta f = 6.69e-05)
sweep    3  f = 46.3191214  (Delta f = 0)
New op index: 7	$R_Y$[2]
Current grad: 1.2244938557303433
[ 3.14159265  3.14159264  3.14159265  3.14159265  3.14159265  3.14159265
  3.14159265 -1.57889667  3.14159265  3.14159265  3.14159262  3.14159265
  0.          1.58686584  3.14159265  3.14159265  3.14159263  0.
  3.14159265 -3.14159264  3.14159265  3.14159265 -3.14159265  0.
  3.14159265  3.14159265  3.14159265  3.14159265  3.14159265  3.14159265
  3.14159265  3.14159265  3.14159265  3.14159265  3.14159265  3.14159265
  3.14159265  3.14159265  3.14159265  3.14159265  3.14159265  3.14159265
  3.14159265  3.14159265  3.14159265] 
 [0.00000000e+00 0.00000000e+00 0.00000000e+00 0.00000000e+00
 0.00000000e+00 0.00000000e+00 0.00000000e+00 6.04885945e-01
 0.00000000e+00 0.00000000e+00 2.84217094e-14 0.00000000e+00
 4.33596303e-15 6.04884950e-01 0.00000000e+00 0.00000000e+00
 7.10542736e-15 1.02082600e-23 0.00000000e+00 7.10542736e-15
 0.00000000e+00 0.00000000e+00 0.00000000e+00 9.38720158e-24
 0.00000000e+00 0.00000000e+00 0.00000000e+00 0.00000000e+00
 0.00000000e+00 0.00000000e+00 0.00000000e+00 0.00000000e+00
 0.00000000e+00 0.00000000e+00 0.00000000e+00 0.00000000e+00
 0.00000000e+00 0.00000000e+00 0.00000000e+00 0.00000000e+00
 0.00000000e+00 0.00000000e+00 0.00000000e+00 0.00000000e+00
 0.00000000e+00]
sweep    1  f = 45.71180534  (Delta f = 0.00243)
sweep    2  f = 45.71180289  (Delta f = 2.45e-06)
sweep    3  f = 45.71180181  (Delta f = 1.08e-06)
sweep    4  f = 45.71180132  (Delta f = 4.9e-07)
sweep    5  f = 45.7118011  (Delta f = 2.18e-07)
sweep    6  f = 45.711801  (Delta f = 9.86e-08)
sweep    7  f = 45.71180096  (Delta f = 4.39e-08)
sweep    8  f = 45.71180094  (Delta f = 1.94e-08)
sweep    9  f = 45.71180093  (Delta f = 8.98e-09)
New op index: 13	$R_Y$[4]
Current grad: 50.61354743098424
[ 3.14159265 -3.14150311  3.14159265  3.14159265  3.14159265  3.14159265
  3.14159265 -3.14159265  3.14159265  3.14159265 -3.14159255  3.14159265
  3.14159265  1.57089451  3.14159265  3.14159265 -3.14159241  3.14159265
  3.14159265 -3.14159261  3.14159265  3.14159265  3.14159235  3.14159265
  3.14159265  3.14159265  3.14159265  3.14159265  3.14159265  3.14159265
  3.14159265  3.14159265  3.14159265  3.14159265  3.14159265  3.14159265
  3.14159265  3.14159265  3.14159265  3.14159265  3.14159265  3.14159265
  3.14159265  3.14159265  3.14159265] 
 [0.00000000e+00 2.44977105e-09 0.00000000e+00 0.00000000e+00
 0.00000000e+00 0.00000000e+00 0.00000000e+00 0.00000000e+00
 0.00000000e+00 0.00000000e+00 5.11590770e-13 0.00000000e+00
 0.00000000e+00 5.06085074e+01 0.00000000e+00 0.00000000e+00
 1.80966353e-14 0.00000000e+00 0.00000000e+00 1.13686838e-13
 0.00000000e+00 0.00000000e+00 2.86437540e-14 0.00000000e+00
 0.00000000e+00 0.00000000e+00 0.00000000e+00 0.00000000e+00
 0.00000000e+00 0.00000000e+00 0.00000000e+00 0.00000000e+00
 0.00000000e+00 0.00000000e+00 0.00000000e+00 0.00000000e+00
 0.00000000e+00 0.00000000e+00 0.00000000e+00 0.00000000e+00
 0.00000000e+00 0.00000000e+00 0.00000000e+00 0.00000000e+00
 0.00000000e+00]
sweep    1  f = -4.897959122  (Delta f = 0.00125)
sweep    2  f = -4.897959184  (Delta f = 6.14e-08)
sweep    3  f = -4.897959184  (Delta f = 8.76e-12)
New op index: 10	$R_Y$[3]
Current grad: 8.713691550474193e-06
[ 3.14159265  3.14159265  0.          3.14159265 -3.14159263  3.14159265
  3.14159265 -3.14159263  0.          3.14159265 -3.14159261  3.14159265
  3.14159265  3.14159261  3.14159265  3.14159265  3.14159264  0.
  3.14159265  3.14159265  3.14159265  3.14159265 -3.14159263  0.
  3.14159265  3.14159265  3.14159265  3.14159265  3.14159265  3.14159265
  3.14159265  3.14159265  3.14159265  3.14159265  3.14159265  3.14159265
  3.14159265  3.14159265  3.14159265  3.14159265  3.14159265  0.
  3.14159265  3.14159265  0.        ] 
 [0.00000000e+00 0.00000000e+00 6.12106503e-17 0.00000000e+00
 1.42108547e-14 0.00000000e+00 0.00000000e+00 1.42108547e-14
 3.22005561e-16 0.00000000e+00 4.97379915e-14 0.00000000e+00
 0.00000000e+00 4.97379915e-14 0.00000000e+00 0.00000000e+00
 7.10542736e-15 5.31588207e-16 0.00000000e+00 0.00000000e+00
 0.00000000e+00 0.00000000e+00 7.10542736e-15 2.70793296e-16
 0.00000000e+00 0.00000000e+00 0.00000000e+00 0.00000000e+00
 0.00000000e+00 0.00000000e+00 0.00000000e+00 0.00000000e+00
 0.00000000e+00 0.00000000e+00 0.00000000e+00 0.00000000e+00
 0.00000000e+00 0.00000000e+00 0.00000000e+00 0.00000000e+00
 0.00000000e+00 2.66024865e-16 0.00000000e+00 0.00000000e+00
 5.22995377e-18]
Precision cutoff reached.
Calculating energies for FreeWilson2D(N_x=2, N_y=2, mass=-3.061, r=1.000)
h_im: 0.0
New op index: 10	$R_Y$[3]
Current grad: 6.244897959183669
[ 3.14159265 -1.57079633  3.14159265  3.14159265  1.57079633  3.14159265
  3.14159265 -1.57079633  3.14159265  3.14159265  0.8150924   0.
  3.14159265  0.8150924   0.          3.14159265 -1.57079633  3.14159265
  3.14159265  1.57079633  3.14159265  3.14159265 -1.57079633  3.14159265
  3.14159265  3.14159265  3.14159265  3.14159265  3.14159265  3.14159265
  3.14159265  0.          0.          3.14159265  3.14159265  3.14159265
  3.14159265  0.          0.          3.14159265  3.14159265  3.14159265
  3.14159265  3.14159265  3.14159265] 
 [0.         0.53061224 0.         0.         1.03061224 0.
 0.         1.03061224 0.         0.         1.22907431 1.
 0.         1.22907431 1.         0.         1.03061224 0.
 0.         1.03061224 0.         0.         0.53061224 0.
 0.         0.         0.         0.         0.         0.
 0.         1.         1.         0.         0.         0.
 0.         1.         1.         0.         0.         0.
 0.         0.         0.        ]
sweep    1  f = 199.2709257  (Delta f = 3.41e-13)
New op index: 16	$R_Y$[5]
Current grad: 254.04995731326142
[ 3.14159265 -1.57079633  3.14159265  3.14159265 -1.57079633  3.14159265
  3.14159265 -1.57079633  0.          3.14159265  3.14159265  3.14159265
  3.14159265 -1.58045657  3.14159265  3.14159265 -1.57079633  0.
  0.         -1.57079633  0.          0.         -1.57079633  0.
  3.14159265  3.14159265  3.14159265  3.14159265  0.          0.
  3.14159265  3.14159265  3.14159265  3.14159265  3.14159265  0.
  3.14159265  3.14159265  3.14159265  0.          0.          0.
  0.          0.          0.        ] 
 [0.00000000e+00 3.69200608e+01 0.00000000e+00 0.00000000e+00
 3.53588363e+01 0.00000000e+00 0.00000000e+00 3.65771603e+01
 3.46944695e-18 0.00000000e+00 0.00000000e+00 0.00000000e+00
 0.00000000e+00 3.51536976e+01 0.00000000e+00 0.00000000e+00
 3.74200608e+01 2.42861287e-17 6.28217716e-15 3.53588363e+01
 6.93889390e-18 3.45309099e-15 3.69200608e+01 2.08166817e-17
 0.00000000e+00 0.00000000e+00 0.00000000e+00 0.00000000e+00
 3.46944695e-18 3.46944695e-18 0.00000000e+00 0.00000000e+00
 0.00000000e+00 0.00000000e+00 0.00000000e+00 6.93889390e-18
 0.00000000e+00 0.00000000e+00 0.00000000e+00 5.94054284e-15
 5.91625671e-15 3.12250226e-17 7.31359417e-15 7.28583860e-15
 2.77555756e-17]
sweep    1  f = 148.4363018  (Delta f = 13.4)
sweep    2  f = 148.4363018  (Delta f = 0)
New op index: 4	$R_Y$[1]
Current grad: 3.678732493331657
[ 3.14159265 -1.57079633  3.14159265  3.14159265  1.57079633  3.14159265
  3.14159265 -1.57079633  0.          3.14159265 -3.14159261  3.14159265
  0.          2.32911784  3.14159265  3.14159265 -3.14159257  0.
  3.14159265  2.32420349  3.14159265  3.14159265 -1.57079633  3.14159265
  3.14159265  3.14159265  3.14159265  3.14159265  0.          0.
  3.14159265  3.14159265  3.14159265  3.14159265  3.14159265  3.14159265
  3.14159265  3.14159265  3.14159265  3.14159265  3.14159265  3.14159265
  3.14159265  3.14159265  3.14159265] 
 [0.00000000e+00 5.28164634e-01 0.00000000e+00 0.00000000e+00
 1.03305986e+00 0.00000000e+00 0.00000000e+00 5.23217360e-01
 6.38752666e-24 0.00000000e+00 4.26325641e-14 0.00000000e+00
 5.45309119e-15 2.29303776e-01 0.00000000e+00 0.00000000e+00
 1.77635684e-13 3.53864069e-24 0.00000000e+00 2.30857616e-01
 0.00000000e+00 0.00000000e+00 5.28164634e-01 0.00000000e+00
 0.00000000e+00 0.00000000e+00 0.00000000e+00 0.00000000e+00
 6.38752666e-24 6.38752666e-24 0.00000000e+00 0.00000000e+00
 0.00000000e+00 0.00000000e+00 0.00000000e+00 0.00000000e+00
 0.00000000e+00 0.00000000e+00 0.00000000e+00 0.00000000e+00
 0.00000000e+00 0.00000000e+00 0.00000000e+00 0.00000000e+00
 0.00000000e+00]
sweep    1  f = 147.2097012  (Delta f = 0.194)
sweep    2  f = 147.2097012  (Delta f = 0)
New op index: 22	$R_Y$[7]
Current grad: 182.47831926197654
[ 3.14159265 -1.58433824  3.14159265  3.14159265 -3.14159265  3.14159265
  3.14159265 -1.58433824  3.14159265  3.14159265  3.14158998  3.14159265
  0.         -1.59429799  3.14159265  3.14159265  3.14159262  0.
  3.14159265 -1.58473895  3.14159265  0.         -1.57079633  0.
  3.14159265  3.14159265  3.14159265  3.14159265  3.14159265  3.14159265
  3.14159265  3.14159265  3.14159265  3.14159265  3.14159265  3.14159265
  3.14159265  3.14159265  3.14159265  3.14159265  3.14159265  3.14159265
  3.14159265  3.14159265  3.14159265] 
 [0.00000000e+00 3.64235382e+01 0.00000000e+00 0.00000000e+00
 0.00000000e+00 0.00000000e+00 0.00000000e+00 3.64235382e+01
 0.00000000e+00 0.00000000e+00 2.61324296e-12 0.00000000e+00
 3.10621710e-15 3.50259338e+01 0.00000000e+00 0.00000000e+00
 5.68434189e-14 3.92910791e-24 0.00000000e+00 3.53624139e+01
 0.00000000e+00 1.98163481e-14 3.69201526e+01 2.89513214e-24
 0.00000000e+00 0.00000000e+00 0.00000000e+00 0.00000000e+00
 0.00000000e+00 0.00000000e+00 0.00000000e+00 0.00000000e+00
 0.00000000e+00 0.00000000e+00 0.00000000e+00 0.00000000e+00
 0.00000000e+00 0.00000000e+00 0.00000000e+00 0.00000000e+00
 0.00000000e+00 0.00000000e+00 0.00000000e+00 0.00000000e+00
 0.00000000e+00]
sweep    1  f = 96.87507733  (Delta f = 13.4)
sweep    2  f = 96.87507733  (Delta f = 0)
New op index: 19	$R_Y$[6]
Current grad: 2.1224496901721555
[ 3.14159265 -2.3288082   3.14159265  3.14159265 -3.14159265  3.14159265
  3.14159265 -2.3288082   3.14159265  3.14159265  3.14159264  3.14159265
  0.          2.32911788  3.14159265  3.14159265 -3.14159265  3.14159265
  3.14159265  2.32420355  3.14159265  3.14159265  3.14159265  3.14159265
  3.14159265  3.14159265  3.14159265  3.14159265  3.14159265  3.14159265
  3.14159265  3.14159265  3.14159265  3.14159265  3.14159265  3.14159265
  3.14159265  3.14159265  3.14159265  3.14159265  3.14159265  3.14159265
  3.14159265  3.14159265  3.14159265] 
 [0.00000000e+00 2.27294924e-01 0.00000000e+00 0.00000000e+00
 0.00000000e+00 0.00000000e+00 0.00000000e+00 2.27294924e-01
 0.00000000e+00 0.00000000e+00 7.10542736e-15 0.00000000e+00
 2.05058258e-15 2.29303737e-01 0.00000000e+00 0.00000000e+00
 0.00000000e+00 0.00000000e+00 0.00000000e+00 2.30857568e-01
 0.00000000e+00 0.00000000e+00 0.00000000e+00 0.00000000e+00
 0.00000000e+00 0.00000000e+00 0.00000000e+00 0.00000000e+00
 0.00000000e+00 0.00000000e+00 0.00000000e+00 0.00000000e+00
 0.00000000e+00 0.00000000e+00 0.00000000e+00 0.00000000e+00
 0.00000000e+00 0.00000000e+00 0.00000000e+00 0.00000000e+00
 0.00000000e+00 0.00000000e+00 0.00000000e+00 0.00000000e+00
 0.00000000e+00]
sweep    1  f = 96.63932862  (Delta f = 0.00489)
sweep    2  f = 96.63928468  (Delta f = 4.39e-05)
sweep    3  f = 96.63928362  (Delta f = 1.07e-06)
sweep    4  f = 96.63928359  (Delta f = 2.8e-08)
sweep    5  f = 96.63928359  (Delta f = 7.53e-10)
New op index: 1	$R_Y$[0]
Current grad: 112.9646919518289
[ 3.14159265 -1.58395048  3.14159265  3.14159265 -3.14159265  3.14159265
  3.14159265 -1.58395048  3.14159265  3.14159265  3.14159085  3.14159265
  0.         -1.58026201  3.14159265  3.14159265  3.14159261  3.14159265
  3.14159265  3.14159265  3.14159265  3.14159265 -3.14159265  3.14159265
  3.14159265  3.14159265  3.14159265  3.14159265  3.14159265  3.14159265
  3.14159265  3.14159265  3.14159265  3.14159265  3.14159265  3.14159265
  3.14159265  3.14159265  3.14159265  3.14159265  3.14159265  3.14159265
  3.14159265  3.14159265  3.14159265] 
 [0.00000000e+00 3.75119184e+01 0.00000000e+00 0.00000000e+00
 0.00000000e+00 0.00000000e+00 0.00000000e+00 3.75119184e+01
 0.00000000e+00 0.00000000e+00 2.11333173e-11 0.00000000e+00
 8.76866486e-16 3.65993179e+01 0.00000000e+00 0.00000000e+00
 7.10542736e-14 0.00000000e+00 0.00000000e+00 0.00000000e+00
 0.00000000e+00 0.00000000e+00 0.00000000e+00 0.00000000e+00
 0.00000000e+00 0.00000000e+00 0.00000000e+00 0.00000000e+00
 0.00000000e+00 0.00000000e+00 0.00000000e+00 0.00000000e+00
 0.00000000e+00 0.00000000e+00 0.00000000e+00 0.00000000e+00
 0.00000000e+00 0.00000000e+00 0.00000000e+00 0.00000000e+00
 0.00000000e+00 0.00000000e+00 0.00000000e+00 0.00000000e+00
 0.00000000e+00]
sweep    1  f = 46.80900239  (Delta f = 12.3)
sweep    2  f = 46.80890535  (Delta f = 9.7e-05)
sweep    3  f = 46.80890535  (Delta f = 4.26e-14)
New op index: 13	$R_Y$[4]
Current grad: 1.061226761677582
[ 3.14159265 -3.14159263  3.14159265  3.14159265 -3.14159265  3.14159265
  3.14159265 -1.58016385  3.14159265  3.14159265  3.14159265  3.14159265
  0.          1.58935593  3.14159265  3.14159265  3.14159264  3.14159265
  3.14159265 -3.14159265  3.14159265  3.14159265 -3.14159265  3.14159265
  3.14159265  3.14159265  3.14159265  3.14159265  3.14159265  3.14159265
  3.14159265  3.14159265  3.14159265  3.14159265  3.14159265  3.14159265
  3.14159265  3.14159265  3.14159265  3.14159265  3.14159265  3.14159265
  3.14159265  3.14159265  3.14159265] 
 [0.00000000e+00 1.42108547e-14 0.00000000e+00 0.00000000e+00
 0.00000000e+00 0.00000000e+00 0.00000000e+00 5.23240570e-01
 0.00000000e+00 0.00000000e+00 0.00000000e+00 0.00000000e+00
 9.59662425e-15 5.23256656e-01 0.00000000e+00 0.00000000e+00
 7.10542736e-15 0.00000000e+00 0.00000000e+00 0.00000000e+00
 0.00000000e+00 0.00000000e+00 0.00000000e+00 0.00000000e+00
 0.00000000e+00 0.00000000e+00 0.00000000e+00 0.00000000e+00
 0.00000000e+00 0.00000000e+00 0.00000000e+00 0.00000000e+00
 0.00000000e+00 0.00000000e+00 0.00000000e+00 0.00000000e+00
 0.00000000e+00 0.00000000e+00 0.00000000e+00 0.00000000e+00
 0.00000000e+00 0.00000000e+00 0.00000000e+00 0.00000000e+00
 0.00000000e+00]
sweep    1  f = 46.28311653  (Delta f = 0.00253)
sweep    2  f = 46.28297303  (Delta f = 0.000143)
sweep    3  f = 46.28281452  (Delta f = 0.000159)
sweep    4  f = 46.2827444  (Delta f = 7.01e-05)
sweep    5  f = 46.2827324  (Delta f = 1.2e-05)
sweep    6  f = 46.28273133  (Delta f = 1.07e-06)
sweep    7  f = 46.28273126  (Delta f = 6.82e-08)
sweep    8  f = 46.28273125  (Delta f = 3.67e-09)
New op index: 7	$R_Y$[2]
Current grad: 50.2478418527066
[ 3.14159265 -3.14159264  3.14159265  3.14159265 -3.14159256  3.14159265
  3.14159265 -1.57089516  3.14159265  3.14159265 -3.14159068  3.14159265
  3.14159265  3.14159265  3.14159265  3.14159265  3.14159257  3.14159265
  3.14159265 -3.14157424  3.14159265  3.14159265  3.14159265  3.14159265
  3.14159265  3.14159265  3.14159265  3.14159265  3.14159265  3.14159265
  3.14159265  3.14159265  3.14159265  3.14159265  3.14159265  3.14159265
  3.14159265  3.14159265  3.14159265  3.14159265  3.14159265  3.14159265
  3.14159265  3.14159265  3.14159265] 
 [0.00000000e+00 1.42108547e-14 0.00000000e+00 0.00000000e+00
 3.44169138e-15 0.00000000e+00 0.00000000e+00 5.02428514e+01
 0.00000000e+00 0.00000000e+00 1.46815893e-12 0.00000000e+00
 0.00000000e+00 0.00000000e+00 0.00000000e+00 0.00000000e+00
 3.12638804e-13 0.00000000e+00 0.00000000e+00 1.26670896e-10
 0.00000000e+00 0.00000000e+00 0.00000000e+00 0.00000000e+00
 0.00000000e+00 0.00000000e+00 0.00000000e+00 0.00000000e+00
 0.00000000e+00 0.00000000e+00 0.00000000e+00 0.00000000e+00
 0.00000000e+00 0.00000000e+00 0.00000000e+00 0.00000000e+00
 0.00000000e+00 0.00000000e+00 0.00000000e+00 0.00000000e+00
 0.00000000e+00 0.00000000e+00 0.00000000e+00 0.00000000e+00
 0.00000000e+00]
sweep    1  f = -4.244861895  (Delta f = 0.285)
sweep    2  f = -4.244897957  (Delta f = 3.61e-05)
sweep    3  f = -4.244897959  (Delta f = 2.17e-09)
New op index: 16	$R_Y$[5]
Current grad: 2.1486432397198834e-05
[ 3.14159265  3.14159265  0.          3.14159265  3.14159265  0.
  3.14159265 -3.14159264  3.14159265  3.14159265 -3.14159255  3.14159265
  3.14159265  3.1415926   3.14159265  3.14159265 -3.14159247  3.14159265
  3.14159265  3.14159263  3.14159265  3.14159265 -3.14159261  3.14159265
  3.14159265  3.14159265  0.          3.14159265  3.14159265  3.14159265
  3.14159265  3.14159265  3.14159265  3.14159265  3.14159265  3.14159265
  3.14159265  3.14159265  3.14159265  3.14159265  3.14159265  3.14159265
  3.14159265  3.14159265  3.14159265] 
 [0.00000000e+00 0.00000000e+00 1.49878072e-16 0.00000000e+00
 0.00000000e+00 6.51309732e-16 0.00000000e+00 0.00000000e+00
 0.00000000e+00 0.00000000e+00 2.48689958e-13 0.00000000e+00
 0.00000000e+00 8.52651283e-14 0.00000000e+00 0.00000000e+00
 8.52651283e-13 0.00000000e+00 0.00000000e+00 1.42108547e-14
 0.00000000e+00 0.00000000e+00 3.55271368e-14 0.00000000e+00
 0.00000000e+00 0.00000000e+00 8.01187804e-16 0.00000000e+00
 0.00000000e+00 0.00000000e+00 0.00000000e+00 0.00000000e+00
 0.00000000e+00 0.00000000e+00 0.00000000e+00 0.00000000e+00
 0.00000000e+00 0.00000000e+00 0.00000000e+00 0.00000000e+00
 0.00000000e+00 0.00000000e+00 0.00000000e+00 0.00000000e+00
 0.00000000e+00]
Precision cutoff reached.
Calculating energies for FreeWilson2D(N_x=2, N_y=2, mass=-2.898, r=1.000)
h_im: 0.0
New op index: 10	$R_Y$[3]
Current grad: 5.591836734693873
[ 3.14159265 -1.57079633  3.14159265  3.14159265  1.57079633  3.14159265
  3.14159265 -1.57079633  3.14159265  3.14159265  0.73168643  0.
  3.14159265  0.73168643  0.          3.14159265 -1.57079633  3.14159265
  3.14159265  1.57079633  3.14159265  3.14159265 -1.57079633  3.14159265
  3.14159265  3.14159265  3.14159265  3.14159265  3.14159265  3.14159265
  3.14159265  0.          0.          3.14159265  3.14159265  3.14159265
  3.14159265  0.          0.          3.14159265  3.14159265  3.14159265
  3.14159265  3.14159265  3.14159265] 
 [0.         0.44897959 0.         0.         0.94897959 0.
 0.         0.94897959 0.         0.         1.17199901 1.
 0.         1.17199901 1.         0.         0.94897959 0.
 0.         0.94897959 0.         0.         0.44897959 0.
 0.         0.         0.         0.         0.         0.
 0.         1.         1.         0.         0.         0.
 0.         1.         1.         0.         0.         0.
 0.         0.         0.        ]
sweep    1  f = 199.328001  (Delta f = 1.71e-13)
New op index: 16	$R_Y$[5]
Current grad: 233.08677331553403
[ 3.14159265 -1.57079633  3.14159265  3.14159265 -1.57079633  3.14159265
  3.14159265 -1.57079633  3.14159265  3.14159265  3.14159265  3.14159265
  0.         -1.5821995   3.14159265  3.14159265 -1.57079633  3.14159265
  3.14159265 -1.57079633  3.14159265  3.14159265 -1.57079633  0.
  3.14159265  3.14159265  3.14159265  3.14159265  3.14159265  3.14159265
  3.14159265  3.14159265  3.14159265  3.14159265  3.14159265  3.14159265
  3.14159265  3.14159265  3.14159265  3.14159265  3.14159265  3.14159265
  3.14159265  3.14159265  3.14159265] 
 [0.00000000e+00 3.38552483e+01 0.00000000e+00 0.00000000e+00
 3.24572891e+01 0.00000000e+00 0.00000000e+00 3.34832239e+01
 0.00000000e+00 0.00000000e+00 0.00000000e+00 0.00000000e+00
 1.79575742e-15 3.22533232e+01 0.00000000e+00 0.00000000e+00
 3.43552483e+01 0.00000000e+00 0.00000000e+00 3.24572891e+01
 0.00000000e+00 0.00000000e+00 3.38552483e+01 6.93889390e-18
 0.00000000e+00 0.00000000e+00 0.00000000e+00 0.00000000e+00
 0.00000000e+00 0.00000000e+00 0.00000000e+00 0.00000000e+00
 0.00000000e+00 0.00000000e+00 0.00000000e+00 0.00000000e+00
 0.00000000e+00 0.00000000e+00 0.00000000e+00 0.00000000e+00
 0.00000000e+00 0.00000000e+00 0.00000000e+00 0.00000000e+00
 0.00000000e+00]
sweep    1  f = 148.5995631  (Delta f = 16.4)
sweep    2  f = 148.5995631  (Delta f = 1.71e-13)
New op index: 4	$R_Y$[1]
Current grad: 3.1889227037322128
[ 3.14159265 -1.57079633  3.14159265  3.14159265  1.57079633  3.14159265
  3.14159265 -1.57079633  3.14159265  3.14159265  3.14159265  3.14159265
  0.          2.41209675  3.14159265  3.14159265 -3.14159265  0.
  3.14159265  2.40719405  3.14159265  3.14159265 -1.57079633  0.
  3.14159265  3.14159265  3.14159265  3.14159265  3.14159265  3.14159265
  3.14159265  3.14159265  3.14159265  3.14159265  3.14159265  3.14159265
  3.14159265  3.14159265  3.14159265  3.14159265  3.14159265  3.14159265
  3.14159265  3.14159265  3.14159265] 
 [0.00000000e+00 4.46524073e-01 0.00000000e+00 0.00000000e+00
 9.51435110e-01 0.00000000e+00 0.00000000e+00 4.41568815e-01
 0.00000000e+00 0.00000000e+00 0.00000000e+00 0.00000000e+00
 2.42208198e-15 1.72372931e-01 0.00000000e+00 0.00000000e+00
 0.00000000e+00 8.47201902e-25 0.00000000e+00 1.73642088e-01
 0.00000000e+00 0.00000000e+00 4.46524073e-01 8.67223192e-25
 0.00000000e+00 0.00000000e+00 0.00000000e+00 0.00000000e+00
 0.00000000e+00 0.00000000e+00 0.00000000e+00 0.00000000e+00
 0.00000000e+00 0.00000000e+00 0.00000000e+00 0.00000000e+00
 0.00000000e+00 0.00000000e+00 0.00000000e+00 0.00000000e+00
 0.00000000e+00 0.00000000e+00 0.00000000e+00 0.00000000e+00
 0.00000000e+00]
sweep    1  f = 147.4300418  (Delta f = 0.218)
sweep    2  f = 147.4300418  (Delta f = 3.67e-12)
New op index: 22	$R_Y$[7]
Current grad: 167.48039899736904
[ 3.14159265 -1.58556401  3.14159265  3.14159265 -3.14159265  3.14159265
  3.14159265 -1.58556401  3.14159265  3.14159265  3.1415923   3.14159265
  0.         -1.59724937  3.14159265  3.14159265  3.14159253  0.
  0.         -1.58596631  3.14159265  0.         -1.57079633  0.
  3.14159265  3.14159265  3.14159265  3.14159265  3.14159265  3.14159265
  3.14159265  3.14159265  3.14159265  3.14159265  3.14159265  3.14159265
  3.14159265  3.14159265  3.14159265  3.14159265  3.14159265  3.14159265
  0.          3.14159265  3.14159265] 
 [0.00000000e+00 3.33589534e+01 0.00000000e+00 0.00000000e+00
 0.00000000e+00 0.00000000e+00 0.00000000e+00 3.33589534e+01
 0.00000000e+00 0.00000000e+00 4.16333634e-14 0.00000000e+00
 2.06795153e-24 3.20968125e+01 0.00000000e+00 0.00000000e+00
 6.11066753e-13 2.89513214e-24 2.75063419e-15 3.24610948e+01
 0.00000000e+00 4.17579803e-14 3.38552614e+01 8.27180613e-25
 0.00000000e+00 0.00000000e+00 0.00000000e+00 0.00000000e+00
 0.00000000e+00 0.00000000e+00 0.00000000e+00 0.00000000e+00
 0.00000000e+00 0.00000000e+00 0.00000000e+00 0.00000000e+00
 0.00000000e+00 0.00000000e+00 0.00000000e+00 0.00000000e+00
 0.00000000e+00 0.00000000e+00 3.89574994e-14 0.00000000e+00
 0.00000000e+00]
sweep    1  f = 97.20160394  (Delta f = 16.4)
sweep    2  f = 97.20160394  (Delta f = 0)
New op index: 19	$R_Y$[6]
Current grad: 1.7959229664301863
[ 3.14159265 -2.41263161  3.14159265  3.14159265 -3.14159265  3.14159265
  3.14159265 -2.41263161  3.14159265  3.14159265  3.14159256  3.14159265
  3.14159265  2.41209676  3.14159265  3.14159265 -3.14159265  3.14159265
  0.          2.4071941   3.14159265  3.14159265  3.14159265  3.14159265
  3.14159265  3.14159265  3.14159265  3.14159265  3.14159265  3.14159265
  3.14159265  3.14159265  3.14159265  3.14159265  3.14159265  3.14159265
  3.14159265  3.14159265  3.14159265  3.14159265  3.14159265  3.14159265
  3.14159265  3.14159265  3.14159265] 
 [0.00000000e+00 1.70360938e-01 0.00000000e+00 0.00000000e+00
 0.00000000e+00 0.00000000e+00 0.00000000e+00 1.70360938e-01
 0.00000000e+00 0.00000000e+00 2.06057393e-13 0.00000000e+00
 0.00000000e+00 1.72372910e-01 0.00000000e+00 0.00000000e+00
 0.00000000e+00 0.00000000e+00 6.64619970e-15 1.73642055e-01
 0.00000000e+00 0.00000000e+00 0.00000000e+00 0.00000000e+00
 0.00000000e+00 0.00000000e+00 0.00000000e+00 0.00000000e+00
 0.00000000e+00 0.00000000e+00 0.00000000e+00 0.00000000e+00
 0.00000000e+00 0.00000000e+00 0.00000000e+00 0.00000000e+00
 0.00000000e+00 0.00000000e+00 0.00000000e+00 0.00000000e+00
 0.00000000e+00 0.00000000e+00 0.00000000e+00 0.00000000e+00
 0.00000000e+00]
sweep    1  f = 97.02455905  (Delta f = 0.0034)
sweep    2  f = 97.02454151  (Delta f = 1.75e-05)
sweep    3  f = 97.02454129  (Delta f = 2.18e-07)
sweep    4  f = 97.02454129  (Delta f = 2.9e-09)
New op index: 1	$R_Y$[0]
Current grad: 103.47355772220479
[ 3.14159265 -1.58516708  3.14159265  3.14159265 -3.14159265  3.14159265
  3.14159265 -1.58516708  3.14159265  3.14159265  3.14159063  3.14159265
  3.14159265 -1.58196989  3.14159265  3.14159265  3.14159262  3.14159265
  3.14159265  3.14159265  3.14159265  3.14159265 -3.14159265  3.14159265
  3.14159265  3.14159265  3.14159265  3.14159265  3.14159265  3.14159265
  3.14159265  3.14159265  3.14159265  3.14159265  3.14159265  3.14159265
  3.14159265  3.14159265  3.14159265  3.14159265  3.14159265  3.14159265
  3.14159265  3.14159265  3.14159265] 
 [0.00000000e+00 3.42940866e+01 0.00000000e+00 0.00000000e+00
 0.00000000e+00 0.00000000e+00 0.00000000e+00 3.42940866e+01
 0.00000000e+00 0.00000000e+00 3.28448380e-11 0.00000000e+00
 0.00000000e+00 3.35159344e+01 0.00000000e+00 0.00000000e+00
 4.26325641e-14 0.00000000e+00 0.00000000e+00 0.00000000e+00
 0.00000000e+00 0.00000000e+00 0.00000000e+00 0.00000000e+00
 0.00000000e+00 0.00000000e+00 0.00000000e+00 0.00000000e+00
 0.00000000e+00 0.00000000e+00 0.00000000e+00 0.00000000e+00
 0.00000000e+00 0.00000000e+00 0.00000000e+00 0.00000000e+00
 0.00000000e+00 0.00000000e+00 0.00000000e+00 0.00000000e+00
 0.00000000e+00 0.00000000e+00 0.00000000e+00 0.00000000e+00
 0.00000000e+00]
sweep    1  f = 47.29882786  (Delta f = 15.4)
sweep    2  f = 47.29868926  (Delta f = 0.000139)
sweep    3  f = 47.29868926  (Delta f = 0)
New op index: 13	$R_Y$[4]
Current grad: 0.8979633880863707
[ 3.14159265  3.14159263  3.14159265  3.14159265 -3.14159265  3.14159265
  3.14159265 -1.58189432  3.14159265  3.14159265 -3.14159262  3.14159265
  0.          1.59274623  3.14159265  3.14159265 -3.14159264  0.
  3.14159265  3.14159265  3.14159265  3.14159265  3.14159265  0.
  3.14159265  3.14159265  3.14159265  3.14159265  3.14159265  3.14159265
  3.14159265  3.14159265  3.14159265  3.14159265  3.14159265  3.14159265
  3.14159265  3.14159265  3.14159265  3.14159265  3.14159265  3.14159265
  3.14159265  3.14159265  3.14159265] 
 [0.00000000e+00 1.42108547e-14 0.00000000e+00 0.00000000e+00
 0.00000000e+00 0.00000000e+00 0.00000000e+00 4.41596289e-01
 0.00000000e+00 0.00000000e+00 2.84217094e-14 0.00000000e+00
 4.71368940e-16 4.41632908e-01 0.00000000e+00 0.00000000e+00
 7.10542736e-15 9.57115574e-24 0.00000000e+00 0.00000000e+00
 0.00000000e+00 0.00000000e+00 0.00000000e+00 8.46778221e-24
 0.00000000e+00 0.00000000e+00 0.00000000e+00 0.00000000e+00
 0.00000000e+00 0.00000000e+00 0.00000000e+00 0.00000000e+00
 0.00000000e+00 0.00000000e+00 0.00000000e+00 0.00000000e+00
 0.00000000e+00 0.00000000e+00 0.00000000e+00 0.00000000e+00
 0.00000000e+00 0.00000000e+00 0.00000000e+00 0.00000000e+00
 0.00000000e+00]
sweep    1  f = 46.85433012  (Delta f = 0.00273)
sweep    2  f = 46.85378136  (Delta f = 0.000549)
sweep    3  f = 46.85358983  (Delta f = 0.000192)
sweep    4  f = 46.85358282  (Delta f = 7.01e-06)
sweep    5  f = 46.8535826  (Delta f = 2.17e-07)
sweep    6  f = 46.85358259  (Delta f = 7.53e-09)
New op index: 7	$R_Y$[2]
Current grad: 50.02886584849653
[ 3.14159265  3.14159254  3.14159265  3.14159265  3.14159232  3.14159265
  3.14159265 -1.57089559  3.14159265  3.14159265 -3.14157603  3.14159265
  3.14159265  3.14159265  3.14159265  3.14159265 -3.14159264  3.14159265
  3.14159265  3.14158549  3.14159265  3.14159265 -3.14159265  3.14159265
  3.14159265  3.14159265  3.14159265  3.14159265  3.14159265  3.14159265
  3.14159265  3.14159265  3.14159265  3.14159265  3.14159265  3.14159265
  3.14159265  3.14159265  3.14159265  3.14159265  3.14159265  3.14159265
  3.14159265  3.14159265  3.14159265] 
 [0.00000000e+00 6.96331881e-13 0.00000000e+00 0.00000000e+00
 4.96269692e-14 0.00000000e+00 0.00000000e+00 5.00238680e+01
 0.00000000e+00 0.00000000e+00 1.07558296e-10 0.00000000e+00
 0.00000000e+00 0.00000000e+00 0.00000000e+00 0.00000000e+00
 0.00000000e+00 0.00000000e+00 0.00000000e+00 1.98547845e-11
 0.00000000e+00 0.00000000e+00 0.00000000e+00 0.00000000e+00
 0.00000000e+00 0.00000000e+00 0.00000000e+00 0.00000000e+00
 0.00000000e+00 0.00000000e+00 0.00000000e+00 0.00000000e+00
 0.00000000e+00 0.00000000e+00 0.00000000e+00 0.00000000e+00
 0.00000000e+00 0.00000000e+00 0.00000000e+00 0.00000000e+00
 0.00000000e+00 0.00000000e+00 0.00000000e+00 0.00000000e+00
 0.00000000e+00]
sweep    1  f = -3.591782333  (Delta f = 0.421)
sweep    2  f = -3.591836731  (Delta f = 5.44e-05)
sweep    3  f = -3.591836735  (Delta f = 3.27e-09)
New op index: 16	$R_Y$[5]
Current grad: 7.734954445882867e-06
[ 3.14159265 -3.14159265  0.          3.14159265 -3.14159264  3.14159265
  3.14159265 -3.14159265  3.14159265  3.14159265 -3.1415926   3.14159265
  3.14159265  3.14159265  3.14159265  3.14159265  3.1415926   3.14159265
  3.14159265  3.14159263  3.14159265  3.14159265  3.14159265  3.14159265
  3.14159265  3.14159265  3.14159265  3.14159265  3.14159265  3.14159265
  3.14159265  3.14159265  3.14159265  3.14159265  3.14159265  3.14159265
  3.14159265  3.14159265  3.14159265  3.14159265  3.14159265  3.14159265
  3.14159265  3.14159265  3.14159265] 
 [0.00000000e+00 0.00000000e+00 2.84285956e-17 0.00000000e+00
 7.10542736e-15 0.00000000e+00 0.00000000e+00 0.00000000e+00
 0.00000000e+00 0.00000000e+00 6.39488462e-14 0.00000000e+00
 0.00000000e+00 0.00000000e+00 0.00000000e+00 0.00000000e+00
 8.52651283e-14 0.00000000e+00 0.00000000e+00 1.42108547e-14
 0.00000000e+00 0.00000000e+00 0.00000000e+00 0.00000000e+00
 0.00000000e+00 0.00000000e+00 0.00000000e+00 0.00000000e+00
 0.00000000e+00 0.00000000e+00 0.00000000e+00 0.00000000e+00
 0.00000000e+00 0.00000000e+00 0.00000000e+00 0.00000000e+00
 0.00000000e+00 0.00000000e+00 0.00000000e+00 0.00000000e+00
 0.00000000e+00 0.00000000e+00 0.00000000e+00 0.00000000e+00
 0.00000000e+00]
Precision cutoff reached.
Calculating energies for FreeWilson2D(N_x=2, N_y=2, mass=-2.735, r=1.000)
h_im: 0.0
New op index: 10	$R_Y$[3]
Current grad: 4.938775510204079
[ 3.14159265 -1.57079633  3.14159265  3.14159265  1.57079633  3.14159265
  3.14159265 -1.57079633  3.14159265  3.14159265  0.63363301  0.
  3.14159265  0.63363301  0.          3.14159265 -1.57079633  3.14159265
  3.14159265  1.57079633  3.14159265  3.14159265 -1.57079633  3.14159265
  3.14159265  3.14159265  3.14159265  3.14159265  3.14159265  3.14159265
  3.14159265  0.          0.          3.14159265  3.14159265  3.14159265
  3.14159265  0.          0.          3.14159265  3.14159265  3.14159265
  3.14159265  3.14159265  3.14159265] 
 [0.         0.36734694 0.         0.         0.86734694 0.
 0.         0.86734694 0.         0.         1.12043837 1.
 0.         1.12043837 1.         0.         0.86734694 0.
 0.         0.86734694 0.         0.         0.36734694 0.
 0.         0.         0.         0.         0.         0.
 0.         1.         1.         0.         0.         0.
 0.         1.         1.         0.         0.         0.
 0.         0.         0.        ]
sweep    1  f = 199.3795616  (Delta f = -8.53e-14)
New op index: 16	$R_Y$[5]
Current grad: 206.39511970161445
[ 3.14159265 -1.57079633  3.14159265  3.14159265 -1.57079633  3.14159265
  3.14159265 -1.57079633  3.14159265  3.14159265  3.14159265  3.14159265
  3.14159265 -1.58471854  3.14159265  0.         -1.57079633  0.
  0.         -1.57079633  0.          3.14159265 -1.57079633  0.
  3.14159265  3.14159265  3.14159265  3.14159265  3.14159265  3.14159265
  3.14159265  3.14159265  3.14159265  3.14159265  3.14159265  0.
  3.14159265  3.14159265  3.14159265  0.          0.          0.
  3.14159265  3.14159265  0.        ] 
 [0.00000000e+00 2.99711686e+01 0.00000000e+00 0.00000000e+00
 2.87364748e+01 0.00000000e+00 0.00000000e+00 2.95682277e+01
 0.00000000e+00 0.00000000e+00 0.00000000e+00 0.00000000e+00
 0.00000000e+00 2.85403006e+01 0.00000000e+00 4.03163897e-16
 3.04711686e+01 1.38777878e-17 4.54752449e-15 2.87364748e+01
 4.16333634e-17 0.00000000e+00 2.99711686e+01 1.38777878e-17
 0.00000000e+00 0.00000000e+00 0.00000000e+00 0.00000000e+00
 0.00000000e+00 0.00000000e+00 0.00000000e+00 0.00000000e+00
 0.00000000e+00 0.00000000e+00 0.00000000e+00 4.16333634e-17
 0.00000000e+00 0.00000000e+00 0.00000000e+00 4.20128784e-15
 4.20128784e-15 5.55111512e-17 0.00000000e+00 0.00000000e+00
 5.55111512e-17]
sweep    1  f = 148.7628244  (Delta f = 20.1)
sweep    2  f = 148.7628244  (Delta f = 0)
New op index: 4	$R_Y$[1]
Current grad: 2.6991304471960462
[ 3.14159265 -1.57079633  3.14159265  3.14159265  1.57079633  3.14159265
  3.14159265 -1.57079633  3.14159265  3.14159265 -3.14159253  3.14159265
  0.          2.50948276  3.14159265  3.14159265 -3.14159254  3.14159265
  0.          2.50476721  3.14159265  3.14159265 -1.57079633  3.14159265
  3.14159265  3.14159265  3.14159265  3.14159265  3.14159265  3.14159265
  3.14159265  3.14159265  3.14159265  3.14159265  3.14159265  3.14159265
  3.14159265  3.14159265  3.14159265  3.14159265  3.14159265  3.14159265
  3.14159265  3.14159265  3.14159265] 
 [0.00000000e+00 3.64883392e-01 0.00000000e+00 0.00000000e+00
 8.69810485e-01 0.00000000e+00 0.00000000e+00 3.59920041e-01
 0.00000000e+00 0.00000000e+00 3.97903932e-13 0.00000000e+00
 1.76959618e-15 1.20934262e-01 0.00000000e+00 0.00000000e+00
 3.19744231e-13 0.00000000e+00 4.49417412e-15 1.21900182e-01
 0.00000000e+00 0.00000000e+00 3.64883392e-01 0.00000000e+00
 0.00000000e+00 0.00000000e+00 0.00000000e+00 0.00000000e+00
 0.00000000e+00 0.00000000e+00 0.00000000e+00 0.00000000e+00
 0.00000000e+00 0.00000000e+00 0.00000000e+00 0.00000000e+00
 0.00000000e+00 0.00000000e+00 0.00000000e+00 0.00000000e+00
 0.00000000e+00 0.00000000e+00 0.00000000e+00 0.00000000e+00
 0.00000000e+00]
sweep    1  f = 147.6448678  (Delta f = 0.248)
sweep    2  f = 147.6448678  (Delta f = 7.28e-12)
New op index: 22	$R_Y$[7]
Current grad: 148.38744345558717
[ 3.14159265 -1.58747737  3.14159265  3.14159265 -3.14159265  3.14159265
  3.14159265 -1.58747737  3.14159265  3.14159265  3.14158778  3.14159265
  3.14159265 -1.60167031  3.14159265  3.14159265  3.14159262  3.14159265
  3.14159265 -1.58789647  3.14159265  0.         -1.57079633  3.14159265
  3.14159265  3.14159265  3.14159265  3.14159265  3.14159265  3.14159265
  3.14159265  3.14159265  3.14159265  3.14159265  3.14159265  3.14159265
  3.14159265  3.14159265  3.14159265  3.14159265  3.14159265  3.14159265
  3.14159265  3.14159265  3.14159265] 
 [0.00000000e+00 2.94755354e+01 0.00000000e+00 0.00000000e+00
 0.00000000e+00 0.00000000e+00 0.00000000e+00 2.94755354e+01
 0.00000000e+00 0.00000000e+00 7.37421235e-12 0.00000000e+00
 0.00000000e+00 2.83476715e+01 0.00000000e+00 0.00000000e+00
 4.26325641e-14 0.00000000e+00 0.00000000e+00 2.87409464e+01
 0.00000000e+00 2.29646234e-14 2.99713651e+01 0.00000000e+00
 0.00000000e+00 0.00000000e+00 0.00000000e+00 0.00000000e+00
 0.00000000e+00 0.00000000e+00 0.00000000e+00 0.00000000e+00
 0.00000000e+00 0.00000000e+00 0.00000000e+00 0.00000000e+00
 0.00000000e+00 0.00000000e+00 0.00000000e+00 0.00000000e+00
 0.00000000e+00 0.00000000e+00 0.00000000e+00 0.00000000e+00
 0.00000000e+00]
sweep    1  f = 97.52813054  (Delta f = 20.1)
sweep    2  f = 97.52813054  (Delta f = 0)
New op index: 19	$R_Y$[6]
Current grad: 1.4693902233208438
[ 3.14159265 -2.51116698  3.14159265  3.14159265 -3.14159265  3.14159265
  3.14159265 -2.51116698  3.14159265  3.14159265 -3.14159264  3.14159265
  0.          2.50948283  3.14159265  3.14159265 -3.14159262  0.
  3.14159265  2.50476735  3.14159265  3.14159265  3.14159265  3.14159265
  3.14159265  3.14159265  3.14159265  3.14159265  3.14159265  3.14159265
  3.14159265  3.14159265  3.14159265  3.14159265  3.14159265  3.14159265
  3.14159265  3.14159265  3.14159265  3.14159265  3.14159265  3.14159265
  3.14159265  3.14159265  3.14159265] 
 [0.00000000e+00 1.18982981e-01 0.00000000e+00 0.00000000e+00
 0.00000000e+00 0.00000000e+00 0.00000000e+00 1.18982981e-01
 0.00000000e+00 0.00000000e+00 7.10542736e-15 0.00000000e+00
 7.40531384e-15 1.20934217e-01 0.00000000e+00 0.00000000e+00
 2.84217094e-14 3.10707698e-24 0.00000000e+00 1.21900116e-01
 0.00000000e+00 0.00000000e+00 0.00000000e+00 0.00000000e+00
 0.00000000e+00 0.00000000e+00 0.00000000e+00 0.00000000e+00
 0.00000000e+00 0.00000000e+00 0.00000000e+00 0.00000000e+00
 0.00000000e+00 0.00000000e+00 0.00000000e+00 0.00000000e+00
 0.00000000e+00 0.00000000e+00 0.00000000e+00 0.00000000e+00
 0.00000000e+00 0.00000000e+00 0.00000000e+00 0.00000000e+00
 0.00000000e+00]
sweep    1  f = 97.40404371  (Delta f = 0.00219)
sweep    2  f = 97.40403758  (Delta f = 6.13e-06)
sweep    3  f = 97.40403755  (Delta f = 3.66e-08)
sweep    4  f = 97.40403755  (Delta f = 2.04e-10)
New op index: 1	$R_Y$[0]
Current grad: 91.53873460481319
[ 3.14159265 -1.58705093  3.14159265  3.14159265 -3.14159265  3.14159265
  3.14159265 -1.58705093  3.14159265  3.14159265  3.14159196  3.14159265
  0.         -1.58443303  3.14159265  3.14159265  3.14159255  3.14159265
  3.14159265  3.14159265  3.14159265  3.14159265 -3.14159265  3.14159265
  3.14159265  3.14159265  3.14159265  3.14159265  3.14159265  3.14159265
  3.14159265  3.14159265  3.14159265  3.14159265  3.14159265  3.14159265
  3.14159265  3.14159265  3.14159265  3.14159265  3.14159265  3.14159265
  3.14159265  3.14159265  3.14159265] 
 [0.00000000e+00 3.02618659e+01 0.00000000e+00 0.00000000e+00
 0.00000000e+00 0.00000000e+00 0.00000000e+00 3.02618659e+01
 0.00000000e+00 0.00000000e+00 4.79261075e-12 0.00000000e+00
 4.53719802e-15 2.96164586e+01 0.00000000e+00 0.00000000e+00
 3.97903932e-13 0.00000000e+00 0.00000000e+00 0.00000000e+00
 0.00000000e+00 0.00000000e+00 0.00000000e+00 0.00000000e+00
 0.00000000e+00 0.00000000e+00 0.00000000e+00 0.00000000e+00
 0.00000000e+00 0.00000000e+00 0.00000000e+00 0.00000000e+00
 0.00000000e+00 0.00000000e+00 0.00000000e+00 0.00000000e+00
 0.00000000e+00 0.00000000e+00 0.00000000e+00 0.00000000e+00
 0.00000000e+00 0.00000000e+00 0.00000000e+00 0.00000000e+00
 0.00000000e+00]
sweep    1  f = 47.78866769  (Delta f = 19.4)
sweep    2  f = 47.78847313  (Delta f = 0.000195)
sweep    3  f = 47.78847313  (Delta f = -7.82e-14)
New op index: 13	$R_Y$[4]
Current grad: 0.7346982882487463
[ 3.14159265 -3.14159264  3.14159265  3.14159265 -3.14159265  3.14159265
  3.14159265 -1.58439922  3.14159265  3.14159265 -3.14159262  3.14159265
  3.14159265  1.59763225  3.14159265  3.14159265 -3.14159265  0.
  3.14159265 -3.14159261  3.14159265  3.14159265  3.14159265  0.
  3.14159265  3.14159265  3.14159265  3.14159265  3.14159265  3.14159265
  3.14159265  3.14159265  3.14159265  3.14159265  3.14159265  3.14159265
  3.14159265  3.14159265  3.14159265  3.14159265  3.14159265  3.14159265
  3.14159265  3.14159265  3.14159265] 
 [0.00000000e+00 0.00000000e+00 0.00000000e+00 0.00000000e+00
 0.00000000e+00 0.00000000e+00 0.00000000e+00 3.59953929e-01
 0.00000000e+00 0.00000000e+00 2.13162821e-14 0.00000000e+00
 0.00000000e+00 3.60016558e-01 0.00000000e+00 0.00000000e+00
 0.00000000e+00 7.27622842e-26 0.00000000e+00 4.26325641e-14
 0.00000000e+00 0.00000000e+00 0.00000000e+00 1.27774538e-25
 0.00000000e+00 0.00000000e+00 0.00000000e+00 0.00000000e+00
 0.00000000e+00 0.00000000e+00 0.00000000e+00 0.00000000e+00
 0.00000000e+00 0.00000000e+00 0.00000000e+00 0.00000000e+00
 0.00000000e+00 0.00000000e+00 0.00000000e+00 0.00000000e+00
 0.00000000e+00 0.00000000e+00 0.00000000e+00 0.00000000e+00
 0.00000000e+00]
sweep    1  f = 47.42519009  (Delta f = 0.00327)
sweep    2  f = 47.42423733  (Delta f = 0.000953)
sweep    3  f = 47.42420781  (Delta f = 2.95e-05)
sweep    4  f = 47.42420554  (Delta f = 2.27e-06)
sweep    5  f = 47.4242055  (Delta f = 3.65e-08)
sweep    6  f = 47.4242055  (Delta f = 7.06e-10)
New op index: 7	$R_Y$[2]
Current grad: 49.80416524098896
[ 3.14159265  3.1415926   3.14159265  3.14159265  3.1415925   3.14159265
  3.14159265 -1.57089603  3.14159265  3.14159265 -3.14158829  3.14159265
  3.14159265  3.14159265  3.14159265  3.14159265 -3.14159262  3.14159265
  3.14159265  3.14159001  3.14159265  3.14159265  3.14159263  3.14159265
  3.14159265  3.14159265  3.14159265  3.14159265  3.14159265  3.14159265
  3.14159265  3.14159265  3.14159265  3.14159265  3.14159265  3.14159265
  3.14159265  3.14159265  3.14159265  3.14159265  3.14159265  3.14159265
  3.14159265  3.14159265  3.14159265] 
 [0.00000000e+00 1.27897692e-13 0.00000000e+00 0.00000000e+00
 1.12132525e-14 0.00000000e+00 0.00000000e+00 4.97991835e+01
 0.00000000e+00 0.00000000e+00 7.73903164e-12 0.00000000e+00
 0.00000000e+00 0.00000000e+00 0.00000000e+00 0.00000000e+00
 5.68434189e-14 0.00000000e+00 0.00000000e+00 2.83484347e-12
 0.00000000e+00 0.00000000e+00 2.84217094e-14 0.00000000e+00
 0.00000000e+00 0.00000000e+00 0.00000000e+00 0.00000000e+00
 0.00000000e+00 0.00000000e+00 0.00000000e+00 0.00000000e+00
 0.00000000e+00 0.00000000e+00 0.00000000e+00 0.00000000e+00
 0.00000000e+00 0.00000000e+00 0.00000000e+00 0.00000000e+00
 0.00000000e+00 0.00000000e+00 0.00000000e+00 0.00000000e+00
 0.00000000e+00]
sweep    1  f = -2.938701091  (Delta f = 0.564)
sweep    2  f = -2.938775506  (Delta f = 7.44e-05)
sweep    3  f = -2.93877551  (Delta f = 4.41e-09)
New op index: 10	$R_Y$[3]
Current grad: 1.1459601446077095e-05
[ 3.14159265 -3.14159265  3.14159265  3.14159265 -3.14159264  3.14159265
  3.14159265 -3.14159263  3.14159265  3.14159265 -3.14159253  3.14159265
  3.14159265 -3.14159265  0.          3.14159265  3.14159265  0.
  3.14159265  3.14159263  3.14159265  3.14159265  3.14159263  0.
  3.14159265  3.14159265  3.14159265  3.14159265  3.14159265  3.14159265
  3.14159265  3.14159265  3.14159265  3.14159265  3.14159265  3.14159265
  3.14159265  3.14159265  0.          3.14159265  3.14159265  3.14159265
  3.14159265  3.14159265  3.14159265] 
 [0.00000000e+00 0.00000000e+00 0.00000000e+00 0.00000000e+00
 7.10542736e-15 0.00000000e+00 0.00000000e+00 2.13162821e-14
 0.00000000e+00 0.00000000e+00 4.05009359e-13 0.00000000e+00
 0.00000000e+00 0.00000000e+00 5.19233519e-16 0.00000000e+00
 0.00000000e+00 6.82444669e-18 0.00000000e+00 1.42108547e-14
 0.00000000e+00 0.00000000e+00 7.10542736e-15 6.57945165e-17
 0.00000000e+00 0.00000000e+00 0.00000000e+00 0.00000000e+00
 0.00000000e+00 0.00000000e+00 0.00000000e+00 0.00000000e+00
 0.00000000e+00 0.00000000e+00 0.00000000e+00 0.00000000e+00
 0.00000000e+00 0.00000000e+00 5.26057966e-16 0.00000000e+00
 0.00000000e+00 0.00000000e+00 0.00000000e+00 0.00000000e+00
 0.00000000e+00]
Precision cutoff reached.
Calculating energies for FreeWilson2D(N_x=2, N_y=2, mass=-2.571, r=1.000)
h_im: 0.0
New op index: 10	$R_Y$[3]
Current grad: 4.285714285714283
[ 3.14159265 -1.57079633  3.14159265  3.14159265  1.57079633  3.14159265
  3.14159265 -1.57079633  3.14159265  3.14159265  0.51914611  0.
  3.14159265  0.51914611  0.          3.14159265 -1.57079633  3.14159265
  3.14159265  1.57079633  3.14159265  3.14159265 -1.57079633  3.14159265
  3.14159265  3.14159265  3.14159265  3.14159265  3.14159265  3.14159265
  3.14159265  0.          0.          3.14159265  3.14159265  3.14159265
  3.14159265  0.          0.          3.14159265  3.14159265  3.14159265
  3.14159265  3.14159265  3.14159265] 
 [0.         0.28571429 0.         0.         0.78571429 0.
 0.         0.78571429 0.         0.         1.07587555 1.
 0.         1.07587555 1.         0.         0.78571429 0.
 0.         0.78571429 0.         0.         0.28571429 0.
 0.         0.         0.         0.         0.         0.
 0.         1.         1.         0.         0.         0.
 0.         1.         1.         0.         0.         0.
 0.         0.         0.        ]
sweep    1  f = 199.4241244  (Delta f = 3.98e-13)
New op index: 16	$R_Y$[5]
Current grad: 172.75215167027076
[ 3.14159265 -1.57079633  3.14159265  3.14159265 -1.57079633  3.14159265
  3.14159265 -1.57079633  3.14159265  3.14159265 -3.14159265  3.14159265
  3.14159265 -1.58867926  3.14159265  0.         -1.57079633  3.14159265
  0.         -1.57079633  0.          0.         -1.57079633  3.14159265
  3.14159265  3.14159265  3.14159265  3.14159265  3.14159265  3.14159265
  3.14159265  3.14159265  3.14159265  3.14159265  3.14159265  0.
  0.          3.14159265  3.14159265  0.          0.          0.
  0.          0.          0.        ] 
 [0.00000000e+00 2.50926612e+01 0.00000000e+00 0.00000000e+00
 2.40212326e+01 0.00000000e+00 0.00000000e+00 2.46585396e+01
 0.00000000e+00 0.00000000e+00 0.00000000e+00 0.00000000e+00
 0.00000000e+00 2.38429234e+01 0.00000000e+00 2.83899888e-15
 2.55926612e+01 0.00000000e+00 2.07373801e-15 2.40212326e+01
 2.77555756e-17 7.63674838e-15 2.50926612e+01 0.00000000e+00
 0.00000000e+00 0.00000000e+00 0.00000000e+00 0.00000000e+00
 0.00000000e+00 0.00000000e+00 0.00000000e+00 0.00000000e+00
 0.00000000e+00 0.00000000e+00 0.00000000e+00 2.77555756e-17
 2.83899888e-15 0.00000000e+00 0.00000000e+00 2.08166817e-15
 2.10942375e-15 2.77555756e-17 6.87941767e-15 6.96268440e-15
 2.77555756e-17]
sweep    1  f = 148.9260857  (Delta f = 24.9)
sweep    2  f = 148.9260857  (Delta f = 0)
New op index: 4	$R_Y$[1]
Current grad: 2.209315640256397
[ 3.14159265 -1.57079633  3.14159265  3.14159265  1.57079633  3.14159265
  3.14159265 -1.57079633  0.          3.14159265  3.14159263  3.14159265
  3.14159265  2.622998    3.14159265  3.14159265 -3.14159265  0.
  0.          2.61872824  3.14159265  3.14159265 -1.57079633  0.
  3.14159265  3.14159265  3.14159265  3.14159265  0.          0.
  3.14159265  3.14159265  3.14159265  3.14159265  3.14159265  3.14159265
  3.14159265  3.14159265  3.14159265  3.14159265  3.14159265  3.14159265
  0.          3.14159265  3.14159265] 
 [0.00000000e+00 2.83242807e-01 0.00000000e+00 0.00000000e+00
 7.88185764e-01 0.00000000e+00 0.00000000e+00 2.78271472e-01
 4.03458177e-25 0.00000000e+00 1.42108547e-14 0.00000000e+00
 0.00000000e+00 7.64468323e-02 0.00000000e+00 0.00000000e+00
 0.00000000e+00 6.30517589e-25 5.32368557e-15 7.71057408e-02
 0.00000000e+00 0.00000000e+00 2.83242807e-01 2.27059412e-25
 0.00000000e+00 0.00000000e+00 0.00000000e+00 0.00000000e+00
 4.03458177e-25 4.03458177e-25 0.00000000e+00 0.00000000e+00
 0.00000000e+00 0.00000000e+00 0.00000000e+00 0.00000000e+00
 0.00000000e+00 0.00000000e+00 0.00000000e+00 0.00000000e+00
 0.00000000e+00 0.00000000e+00 2.79688803e-15 0.00000000e+00
 0.00000000e+00]
sweep    1  f = 147.8526959  (Delta f = 0.285)
sweep    2  f = 147.8526959  (Delta f = 6.25e-13)
New op index: 22	$R_Y$[7]
Current grad: 124.32022971947526
[ 3.14159265 -1.59071987  3.14159265  3.14159265 -3.14159265  3.14159265
  3.14159265 -1.59071987  3.14159265  3.14159265 -3.14159163  3.14159265
  0.         -1.60887239  3.14159265  3.14159265  3.14159262  3.14159265
  3.14159265 -1.59118403  3.14159265  0.         -1.57079633  3.14159265
  3.14159265  3.14159265  3.14159265  3.14159265  3.14159265  3.14159265
  3.14159265  3.14159265  3.14159265  3.14159265  3.14159265  3.14159265
  3.14159265  3.14159265  3.14159265  3.14159265  3.14159265  3.14159265
  3.14159265  3.14159265  3.14159265] 
 [0.00000000e+00 2.45975978e+01 0.00000000e+00 0.00000000e+00
 0.00000000e+00 0.00000000e+00 0.00000000e+00 2.45975978e+01
 0.00000000e+00 0.00000000e+00 3.02424752e-13 0.00000000e+00
 2.07175547e-15 2.36048523e+01 0.00000000e+00 0.00000000e+00
 4.26325641e-14 0.00000000e+00 0.00000000e+00 2.40262853e+01
 0.00000000e+00 4.90084164e-15 2.50926167e+01 0.00000000e+00
 0.00000000e+00 0.00000000e+00 0.00000000e+00 0.00000000e+00
 0.00000000e+00 0.00000000e+00 0.00000000e+00 0.00000000e+00
 0.00000000e+00 0.00000000e+00 0.00000000e+00 0.00000000e+00
 0.00000000e+00 0.00000000e+00 0.00000000e+00 0.00000000e+00
 0.00000000e+00 0.00000000e+00 0.00000000e+00 0.00000000e+00
 0.00000000e+00]
sweep    1  f = 97.85465712  (Delta f = 24.9)
sweep    2  f = 97.85465712  (Delta f = 0)
New op index: 19	$R_Y$[6]
Current grad: 1.1428598225525026
[ 3.14159265 -2.62618069  3.14159265  3.14159265 -3.14159265  3.14159265
  3.14159265 -2.62618069  3.14159265  3.14159265  3.14159262  3.14159265
  3.14159265  2.62299799  3.14159265  3.14159265 -3.14159264  3.14159265
  0.          2.61872826  3.14159265  3.14159265 -3.14159265  0.
  3.14159265  3.14159265  3.14159265  3.14159265  3.14159265  3.14159265
  3.14159265  3.14159265  3.14159265  3.14159265  3.14159265  3.14159265
  3.14159265  3.14159265  3.14159265  3.14159265  3.14159265  3.14159265
  3.14159265  3.14159265  3.14159265] 
 [0.00000000e+00 7.46533673e-02 0.00000000e+00 0.00000000e+00
 0.00000000e+00 0.00000000e+00 0.00000000e+00 7.46533673e-02
 0.00000000e+00 0.00000000e+00 3.55271368e-14 0.00000000e+00
 0.00000000e+00 7.64468321e-02 0.00000000e+00 0.00000000e+00
 7.10542736e-15 0.00000000e+00 8.35937784e-15 7.71057354e-02
 0.00000000e+00 0.00000000e+00 0.00000000e+00 5.50435642e-40
 0.00000000e+00 0.00000000e+00 0.00000000e+00 0.00000000e+00
 0.00000000e+00 0.00000000e+00 0.00000000e+00 0.00000000e+00
 0.00000000e+00 0.00000000e+00 0.00000000e+00 0.00000000e+00
 0.00000000e+00 0.00000000e+00 0.00000000e+00 0.00000000e+00
 0.00000000e+00 0.00000000e+00 0.00000000e+00 0.00000000e+00
 0.00000000e+00]
sweep    1  f = 97.77630026  (Delta f = 0.00125)
sweep    2  f = 97.77629845  (Delta f = 1.81e-06)
sweep    3  f = 97.77629844  (Delta f = 4.81e-09)
New op index: 1	$R_Y$[0]
Current grad: 76.64087339048085
[ 3.14159265 -1.59022085  3.14159265  3.14159265 -3.14159265  3.14159265
  3.14159265 -1.59022085  3.14159265  3.14159265  3.14159159  3.14159265
  3.14159265 -1.58829361  3.14159265  3.14159265 -3.14159264  3.14159265
  3.14159265 -3.14159265  3.14159265  3.14159265  3.14159265  3.14159265
  3.14159265  3.14159265  3.14159265  3.14159265  3.14159265  3.14159265
  3.14159265  3.14159265  3.14159265  3.14159265  3.14159265  3.14159265
  3.14159265  3.14159265  3.14159265  3.14159265  3.14159265  3.14159265
  3.14159265  3.14159265  3.14159265] 
 [0.00000000e+00 2.52422811e+01 0.00000000e+00 0.00000000e+00
 0.00000000e+00 0.00000000e+00 0.00000000e+00 2.52422811e+01
 0.00000000e+00 0.00000000e+00 1.41007206e-11 0.00000000e+00
 0.00000000e+00 2.47294676e+01 0.00000000e+00 0.00000000e+00
 0.00000000e+00 0.00000000e+00 0.00000000e+00 0.00000000e+00
 0.00000000e+00 0.00000000e+00 0.00000000e+00 0.00000000e+00
 0.00000000e+00 0.00000000e+00 0.00000000e+00 0.00000000e+00
 0.00000000e+00 0.00000000e+00 0.00000000e+00 0.00000000e+00
 0.00000000e+00 0.00000000e+00 0.00000000e+00 0.00000000e+00
 0.00000000e+00 0.00000000e+00 0.00000000e+00 0.00000000e+00
 0.00000000e+00 0.00000000e+00 0.00000000e+00 0.00000000e+00
 0.00000000e+00]
sweep    1  f = 48.27852414  (Delta f = 24.3)
sweep    2  f = 48.27825696  (Delta f = 0.000267)
sweep    3  f = 48.27825696  (Delta f = 9.95e-14)
New op index: 13	$R_Y$[4]
Current grad: 0.5714327775852905
[ 3.14159265  3.14159264  3.14159265  3.14159265 -3.14159265  3.14159265
  3.14159265 -1.58834774  3.14159265  3.14159265 -3.14159261  3.14159265
  3.14159265  1.60528371  3.14159265  3.14159265  3.14159264  0.
  3.14159265 -3.14159263  3.14159265  3.14159265 -3.14159265  0.
  3.14159265  3.14159265  3.14159265  3.14159265  3.14159265  3.14159265
  3.14159265  3.14159265  3.14159265  3.14159265  3.14159265  3.14159265
  3.14159265  3.14159265  3.14159265  3.14159265  3.14159265  3.14159265
  3.14159265  3.14159265  3.14159265] 
 [0.00000000e+00 7.10542736e-15 0.00000000e+00 0.00000000e+00
 0.00000000e+00 0.00000000e+00 0.00000000e+00 2.78315073e-01
 0.00000000e+00 0.00000000e+00 4.26325641e-14 0.00000000e+00
 0.00000000e+00 2.78414062e-01 0.00000000e+00 0.00000000e+00
 0.00000000e+00 1.88568341e-24 0.00000000e+00 1.42108547e-14
 0.00000000e+00 0.00000000e+00 0.00000000e+00 1.65245416e-24
 0.00000000e+00 0.00000000e+00 0.00000000e+00 0.00000000e+00
 0.00000000e+00 0.00000000e+00 0.00000000e+00 0.00000000e+00
 0.00000000e+00 0.00000000e+00 0.00000000e+00 0.00000000e+00
 0.00000000e+00 0.00000000e+00 0.00000000e+00 0.00000000e+00
 0.00000000e+00 0.00000000e+00 0.00000000e+00 0.00000000e+00
 0.00000000e+00]
sweep    1  f = 47.99532547  (Delta f = 0.00452)
sweep    2  f = 47.9946254  (Delta f = 0.0007)
sweep    3  f = 47.9945879  (Delta f = 3.75e-05)
sweep    4  f = 47.99458725  (Delta f = 6.55e-07)
sweep    5  f = 47.99458724  (Delta f = 8.27e-09)
New op index: 7	$R_Y$[2]
Current grad: 49.56925423816896
[ 3.14159265 -3.1415926   3.14159265  3.14159265 -3.14159208  3.14159265
  3.14159265 -1.57089648  3.14159265  3.14159265 -3.14157848  3.14159265
  3.14159265 -3.14159265  3.14159265  3.14159265  3.1415926   3.14159265
  3.14159265 -3.14159185  3.14159265  3.14159265  3.14159264  3.14159265
  3.14159265  3.14159265  3.14159265  3.14159265  3.14159265  3.14159265
  3.14159265  3.14159265  3.14159265  3.14159265  3.14159265  3.14159265
  3.14159265  3.14159265  3.14159265  3.14159265  3.14159265  3.14159265
  3.14159265  3.14159265  3.14159265] 
 [0.00000000e+00 1.27897692e-13 0.00000000e+00 0.00000000e+00
 1.64979141e-13 0.00000000e+00 0.00000000e+00 4.95642646e+01
 0.00000000e+00 0.00000000e+00 8.66855476e-11 0.00000000e+00
 0.00000000e+00 0.00000000e+00 0.00000000e+00 0.00000000e+00
 1.56319402e-13 0.00000000e+00 0.00000000e+00 2.80775403e-13
 0.00000000e+00 0.00000000e+00 0.00000000e+00 0.00000000e+00
 0.00000000e+00 0.00000000e+00 0.00000000e+00 0.00000000e+00
 0.00000000e+00 0.00000000e+00 0.00000000e+00 0.00000000e+00
 0.00000000e+00 0.00000000e+00 0.00000000e+00 0.00000000e+00
 0.00000000e+00 0.00000000e+00 0.00000000e+00 0.00000000e+00
 0.00000000e+00 0.00000000e+00 0.00000000e+00 0.00000000e+00
 0.00000000e+00]
sweep    1  f = -2.285617097  (Delta f = 0.716)
sweep    2  f = -2.28571428  (Delta f = 9.72e-05)
sweep    3  f = -2.285714286  (Delta f = 5.7e-09)
New op index: 10	$R_Y$[3]
Current grad: 1.2265127515516813e-05
[ 3.14159265 -3.14159264  3.14159265  3.14159265 -3.14159263  3.14159265
  3.14159265  3.14159265  0.          3.14159265 -3.14159256  3.14159265
  3.14159265  3.14159265  3.14159265  3.14159265 -3.1415926   3.14159265
  3.14159265 -3.14159264  0.          3.14159265 -3.14159261  3.14159265
  3.14159265  3.14159265  3.14159265  3.14159265  3.14159265  3.14159265
  3.14159265  3.14159265  3.14159265  3.14159265  3.14159265  3.14159265
  3.14159265  3.14159265  3.14159265  3.14159265  3.14159265  3.14159265
  3.14159265  3.14159265  3.14159265] 
 [0.00000000e+00 7.10542736e-15 0.00000000e+00 0.00000000e+00
 1.42108547e-14 0.00000000e+00 0.00000000e+00 0.00000000e+00
 3.04386487e-16 0.00000000e+00 2.13162821e-13 0.00000000e+00
 0.00000000e+00 0.00000000e+00 0.00000000e+00 0.00000000e+00
 7.10542736e-14 0.00000000e+00 0.00000000e+00 7.10542736e-15
 3.38286474e-16 0.00000000e+00 3.55271368e-14 0.00000000e+00
 0.00000000e+00 0.00000000e+00 0.00000000e+00 0.00000000e+00
 0.00000000e+00 0.00000000e+00 0.00000000e+00 0.00000000e+00
 0.00000000e+00 0.00000000e+00 0.00000000e+00 0.00000000e+00
 0.00000000e+00 0.00000000e+00 0.00000000e+00 0.00000000e+00
 0.00000000e+00 0.00000000e+00 0.00000000e+00 0.00000000e+00
 0.00000000e+00]
Precision cutoff reached.
Calculating energies for FreeWilson2D(N_x=2, N_y=2, mass=-2.408, r=1.000)
h_im: 0.0
New op index: 10	$R_Y$[3]
Current grad: 3.632653061224488
[ 3.14159265 -1.57079633  3.14159265  3.14159265  1.57079633  3.14159265
  3.14159265 -1.57079633  3.14159265  3.14159265  0.38752381  0.
  3.14159265  0.38752381  0.          3.14159265 -1.57079633  3.14159265
  3.14159265  1.57079633  3.14159265  3.14159265 -1.57079633  3.14159265
  3.14159265  3.14159265  3.14159265  3.14159265  3.14159265  3.14159265
  3.14159265  0.          0.          3.14159265  3.14159265  3.14159265
  3.14159265  0.          0.          3.14159265  3.14159265  3.14159265
  3.14159265  3.14159265  3.14159265] 
 [0.         0.20408163 0.         0.         0.70408163 0.
 0.         0.70408163 0.         0.         1.04004566 1.
 0.         1.04004566 1.         0.         0.70408163 0.
 0.         0.70408163 0.         0.         0.20408163 0.
 0.         0.         0.         0.         0.         0.
 0.         1.         1.         0.         0.         0.
 0.         1.         1.         0.         0.         0.
 0.         0.         0.        ]
sweep    1  f = 199.4599543  (Delta f = -2.84e-13)
New op index: 16	$R_Y$[5]
Current grad: 131.31615841156446
[ 3.14159265 -1.57079633  3.14159265  3.14159265 -1.57079633  3.14159265
  3.14159265 -1.57079633  3.14159265  3.14159265  3.14159265  3.14159265
  3.14159265 -1.59581156  3.14159265  3.14159265 -1.57079633  0.
  0.         -1.57079633  0.          0.         -1.57079633  0.
  3.14159265  3.14159265  3.14159265  3.14159265  3.14159265  3.14159265
  3.14159265  3.14159265  3.14159265  3.14159265  3.14159265  0.
  3.14159265  3.14159265  3.14159265  3.14159265  3.14159265  0.
  0.          0.          0.        ] 
 [0.00000000e+00 1.90989315e+01 0.00000000e+00 0.00000000e+00
 1.81907682e+01 0.00000000e+00 0.00000000e+00 1.86360077e+01
 0.00000000e+00 0.00000000e+00 0.00000000e+00 0.00000000e+00
 0.00000000e+00 1.80446863e+01 0.00000000e+00 0.00000000e+00
 1.95989315e+01 1.38777878e-17 3.83055266e-16 1.81907682e+01
 1.38777878e-17 3.63796295e-16 1.90989315e+01 1.38777878e-17
 0.00000000e+00 0.00000000e+00 0.00000000e+00 0.00000000e+00
 0.00000000e+00 0.00000000e+00 0.00000000e+00 0.00000000e+00
 0.00000000e+00 0.00000000e+00 0.00000000e+00 1.38777878e-17
 0.00000000e+00 0.00000000e+00 0.00000000e+00 0.00000000e+00
 0.00000000e+00 2.77555756e-17 3.90843820e-17 1.13288064e-17
 2.77555756e-17]
sweep    1  f = 149.089347  (Delta f = 30.8)
sweep    2  f = 149.089347  (Delta f = 0)
New op index: 4	$R_Y$[1]
Current grad: 1.7195123750226913
[ 3.14159265 -1.57079633  3.14159265  3.14159265  1.57079633  3.14159265
  3.14159265 -1.57079633  3.14159265  3.14159265  3.14159261  3.14159265
  3.14159265  2.75331014  3.14159265  3.14159265 -3.14159265  3.14159265
  0.          2.74982539  3.14159265  0.         -1.57079633  0.
  3.14159265  3.14159265  3.14159265  3.14159265  3.14159265  3.14159265
  3.14159265  3.14159265  3.14159265  3.14159265  3.14159265  3.14159265
  3.14159265  3.14159265  3.14159265  3.14159265  3.14159265  3.14159265
  0.          3.14159265  3.14159265] 
 [0.00000000e+00 2.01602120e-01 0.00000000e+00 0.00000000e+00
 7.06561145e-01 0.00000000e+00 0.00000000e+00 1.96622712e-01
 0.00000000e+00 0.00000000e+00 3.55271368e-14 0.00000000e+00
 0.00000000e+00 4.06135807e-02 0.00000000e+00 0.00000000e+00
 0.00000000e+00 0.00000000e+00 4.22306580e-15 4.09875293e-02
 0.00000000e+00 6.93179594e-15 2.01602120e-01 5.07821319e-26
 0.00000000e+00 0.00000000e+00 0.00000000e+00 0.00000000e+00
 0.00000000e+00 0.00000000e+00 0.00000000e+00 0.00000000e+00
 0.00000000e+00 0.00000000e+00 0.00000000e+00 0.00000000e+00
 0.00000000e+00 0.00000000e+00 0.00000000e+00 0.00000000e+00
 0.00000000e+00 0.00000000e+00 1.11527442e-14 0.00000000e+00
 0.00000000e+00]
sweep    1  f = 148.0517911  (Delta f = 0.331)
sweep    2  f = 148.0517911  (Delta f = 6.74e-12)
New op index: 22	$R_Y$[7]
Current grad: 94.67862863203112
[ 3.14159265 -1.59696974  3.14159265  3.14159265 -3.14159265  3.14159265
  3.14159265 -1.59696974  3.14159265  3.14159265  3.14159137  3.14159265
  3.14159265 -1.62226933  3.14159265  3.14159265  3.14159265  3.14159265
  3.14159265 -1.59754104  3.14159265  3.14159265 -1.57079633  3.14159265
  3.14159265  3.14159265  3.14159265  3.14159265  3.14159265  3.14159265
  3.14159265  3.14159265  3.14159265  3.14159265  3.14159265  3.14159265
  3.14159265  3.14159265  3.14159265  3.14159265  3.14159265  3.14159265
  3.14159265  3.14159265  3.14159265] 
 [0.00000000e+00 1.86055346e+01 0.00000000e+00 0.00000000e+00
 0.00000000e+00 0.00000000e+00 0.00000000e+00 1.86055346e+01
 0.00000000e+00 0.00000000e+00 4.43534098e-13 0.00000000e+00
 0.00000000e+00 1.77526917e+01 0.00000000e+00 0.00000000e+00
 0.00000000e+00 0.00000000e+00 0.00000000e+00 1.81975141e+01
 0.00000000e+00 0.00000000e+00 1.90989908e+01 0.00000000e+00
 0.00000000e+00 0.00000000e+00 0.00000000e+00 0.00000000e+00
 0.00000000e+00 0.00000000e+00 0.00000000e+00 0.00000000e+00
 0.00000000e+00 0.00000000e+00 0.00000000e+00 0.00000000e+00
 0.00000000e+00 0.00000000e+00 0.00000000e+00 0.00000000e+00
 0.00000000e+00 0.00000000e+00 0.00000000e+00 0.00000000e+00
 0.00000000e+00]
sweep    1  f = 98.18118369  (Delta f = 30.8)
sweep    2  f = 98.18118369  (Delta f = 5.68e-14)
New op index: 19	$R_Y$[6]
Current grad: 0.8163286099264274
[ 3.14159265 -2.75832708  3.14159265  3.14159265 -3.14159265  3.14159265
  3.14159265 -2.75832708  3.14159265  3.14159265  3.14159264  3.14159265
  0.          2.75331015  3.14159265  3.14159265  3.14159262  0.
  3.14159265  2.74982536  3.14159265  3.14159265 -3.14159265  3.14159265
  3.14159265  3.14159265  3.14159265  3.14159265  3.14159265  3.14159265
  3.14159265  3.14159265  3.14159265  3.14159265  3.14159265  3.14159265
  3.14159265  3.14159265  3.14159265  3.14159265  3.14159265  3.14159265
  3.14159265  3.14159265  3.14159265] 
 [0.00000000e+00 3.91135399e-02 0.00000000e+00 0.00000000e+00
 0.00000000e+00 0.00000000e+00 0.00000000e+00 3.91135399e-02
 0.00000000e+00 0.00000000e+00 0.00000000e+00 0.00000000e+00
 2.94543030e-15 4.06135789e-02 0.00000000e+00 0.00000000e+00
 2.84217094e-14 1.09551954e-24 0.00000000e+00 4.09875348e-02
 0.00000000e+00 0.00000000e+00 0.00000000e+00 0.00000000e+00
 0.00000000e+00 0.00000000e+00 0.00000000e+00 0.00000000e+00
 0.00000000e+00 0.00000000e+00 0.00000000e+00 0.00000000e+00
 0.00000000e+00 0.00000000e+00 0.00000000e+00 0.00000000e+00
 0.00000000e+00 0.00000000e+00 0.00000000e+00 0.00000000e+00
 0.00000000e+00 0.00000000e+00 0.00000000e+00 0.00000000e+00
 0.00000000e+00]
sweep    1  f = 98.13960287  (Delta f = 0.000593)
sweep    2  f = 98.13960245  (Delta f = 4.23e-07)
sweep    3  f = 98.13960245  (Delta f = 4.8e-10)
New op index: 1	$R_Y$[0]
Current grad: 58.42728946999614
[ 3.14159265 -1.59628564  3.14159265  3.14159265 -3.14159265  3.14159265
  3.14159265 -1.59628564  3.14159265  3.14159265  3.14159243  3.14159265
  0.         -1.59520807  3.14159265  3.14159265 -3.14159262  3.14159265
  3.14159265 -3.14159265  3.14159265  3.14159265  3.14159265  3.14159265
  3.14159265  3.14159265  3.14159265  3.14159265  3.14159265  3.14159265
  3.14159265  3.14159265  3.14159265  3.14159265  3.14159265  3.14159265
  3.14159265  3.14159265  3.14159265  3.14159265  3.14159265  3.14159265
  3.14159265  3.14159265  3.14159265] 
 [0.00000000e+00 1.91181873e+01 0.00000000e+00 0.00000000e+00
 0.00000000e+00 0.00000000e+00 0.00000000e+00 1.91181873e+01
 0.00000000e+00 0.00000000e+00 7.81597009e-13 0.00000000e+00
 2.20319424e-16 1.87404870e+01 0.00000000e+00 0.00000000e+00
 2.84217094e-14 0.00000000e+00 0.00000000e+00 0.00000000e+00
 0.00000000e+00 0.00000000e+00 0.00000000e+00 0.00000000e+00
 0.00000000e+00 0.00000000e+00 0.00000000e+00 0.00000000e+00
 0.00000000e+00 0.00000000e+00 0.00000000e+00 0.00000000e+00
 0.00000000e+00 0.00000000e+00 0.00000000e+00 0.00000000e+00
 0.00000000e+00 0.00000000e+00 0.00000000e+00 0.00000000e+00
 0.00000000e+00 0.00000000e+00 0.00000000e+00 0.00000000e+00
 0.00000000e+00]
sweep    1  f = 48.76839734  (Delta f = 30.3)
sweep    2  f = 48.76804075  (Delta f = 0.000357)
sweep    3  f = 48.76804075  (Delta f = 0)
New op index: 13	$R_Y$[4]
Current grad: 0.4081647969004503
[ 3.14159265 -3.14159264  3.14159265  3.14159265 -3.14159265  3.14159265
  3.14159265 -1.595493    3.14159265  3.14159265 -3.14159265  3.14159265
  3.14159265  1.6189718   3.14159265  3.14159265  3.14159265  0.
  3.14159265  3.14159264  3.14159265  3.14159265 -3.14159265  0.
  3.14159265  3.14159265  3.14159265  3.14159265  3.14159265  3.14159265
  3.14159265  3.14159265  3.14159265  3.14159265  3.14159265  3.14159265
  3.14159265  3.14159265  3.14159265  3.14159265  3.14159265  3.14159265
  3.14159265  3.14159265  3.14159265] 
 [0.00000000e+00 0.00000000e+00 0.00000000e+00 0.00000000e+00
 0.00000000e+00 0.00000000e+00 0.00000000e+00 1.96684160e-01
 0.00000000e+00 0.00000000e+00 0.00000000e+00 0.00000000e+00
 0.00000000e+00 1.96841745e-01 0.00000000e+00 0.00000000e+00
 0.00000000e+00 3.97674771e-26 0.00000000e+00 7.10542736e-15
 0.00000000e+00 0.00000000e+00 0.00000000e+00 5.16108976e-26
 0.00000000e+00 0.00000000e+00 0.00000000e+00 0.00000000e+00
 0.00000000e+00 0.00000000e+00 0.00000000e+00 0.00000000e+00
 0.00000000e+00 0.00000000e+00 0.00000000e+00 0.00000000e+00
 0.00000000e+00 0.00000000e+00 0.00000000e+00 0.00000000e+00
 0.00000000e+00 0.00000000e+00 0.00000000e+00 0.00000000e+00
 0.00000000e+00]
sweep    1  f = 48.56506293  (Delta f = 0.00614)
sweep    2  f = 48.56474266  (Delta f = 0.00032)
sweep    3  f = 48.56470538  (Delta f = 3.73e-05)
sweep    4  f = 48.56470466  (Delta f = 7.25e-07)
sweep    5  f = 48.56470465  (Delta f = 5.06e-09)
New op index: 7	$R_Y$[2]
Current grad: 49.314717152530065
[ 3.14159265 -3.14159258  3.14159265  3.14159265  3.14159229  3.14159265
  3.14159265 -1.57089694  3.14159265  3.14159265 -3.14158489  3.14159265
  3.14159265  3.14159265  3.14159265  3.14159265 -3.14159265  3.14159265
  3.14159265  3.14158937  3.14159265  3.14159265  3.14159264  3.14159265
  3.14159265  3.14159265  3.14159265  3.14159265  3.14159265  3.14159265
  3.14159265  3.14159265  3.14159265  3.14159265  3.14159265  3.14159265
  3.14159265  3.14159265  3.14159265  3.14159265  3.14159265  3.14159265
  3.14159265  3.14159265  3.14159265] 
 [0.00000000e+00 2.41584530e-13 0.00000000e+00 0.00000000e+00
 7.10542736e-14 0.00000000e+00 0.00000000e+00 4.93097366e+01
 0.00000000e+00 0.00000000e+00 2.82656121e-11 0.00000000e+00
 0.00000000e+00 0.00000000e+00 0.00000000e+00 0.00000000e+00
 0.00000000e+00 0.00000000e+00 0.00000000e+00 5.02520248e-12
 0.00000000e+00 0.00000000e+00 0.00000000e+00 0.00000000e+00
 0.00000000e+00 0.00000000e+00 0.00000000e+00 0.00000000e+00
 0.00000000e+00 0.00000000e+00 0.00000000e+00 0.00000000e+00
 0.00000000e+00 0.00000000e+00 0.00000000e+00 0.00000000e+00
 0.00000000e+00 0.00000000e+00 0.00000000e+00 0.00000000e+00
 0.00000000e+00 0.00000000e+00 0.00000000e+00 0.00000000e+00
 0.00000000e+00]
sweep    1  f = -1.632528113  (Delta f = 0.887)
sweep    2  f = -1.632653054  (Delta f = 0.000125)
sweep    3  f = -1.632653061  (Delta f = 7.21e-09)
New op index: 16	$R_Y$[5]
Current grad: 1.6429417830368593e-05
[ 3.14159265  3.14159265  3.14159265  3.14159265 -3.14159264  3.14159265
  3.14159265  3.14159265  3.14159265  3.14159265 -3.14159263  3.14159265
  3.14159265  3.14159255  3.14159265  3.14159265  3.14159248  3.14159265
  3.14159265 -3.14159265  0.          3.14159265 -3.14159265  3.14159265
  3.14159265  3.14159265  3.14159265  3.14159265  3.14159265  3.14159265
  3.14159265  3.14159265  3.14159265  3.14159265  3.14159265  0.
  3.14159265  3.14159265  3.14159265  3.14159265  3.14159265  3.14159265
  3.14159265  3.14159265  0.        ] 
 [0.00000000e+00 0.00000000e+00 0.00000000e+00 0.00000000e+00
 0.00000000e+00 0.00000000e+00 0.00000000e+00 0.00000000e+00
 0.00000000e+00 0.00000000e+00 1.42108547e-14 0.00000000e+00
 0.00000000e+00 2.70006240e-13 0.00000000e+00 0.00000000e+00
 7.46069873e-13 0.00000000e+00 0.00000000e+00 0.00000000e+00
 5.60117258e-16 0.00000000e+00 0.00000000e+00 0.00000000e+00
 0.00000000e+00 0.00000000e+00 0.00000000e+00 0.00000000e+00
 0.00000000e+00 0.00000000e+00 0.00000000e+00 0.00000000e+00
 0.00000000e+00 0.00000000e+00 0.00000000e+00 2.20384650e-16
 0.00000000e+00 0.00000000e+00 0.00000000e+00 0.00000000e+00
 0.00000000e+00 0.00000000e+00 0.00000000e+00 0.00000000e+00
 4.37712636e-16]
Precision cutoff reached.
Calculating energies for FreeWilson2D(N_x=2, N_y=2, mass=-2.245, r=1.000)
h_im: 0.0
New op index: 10	$R_Y$[3]
Current grad: 2.9795918367346923
[ 3.14159265 -1.57079633  3.14159265  3.14159265  1.57079633  3.14159265
  3.14159265 -1.57079633  3.14159265  3.14159265  0.24017101  0.
  3.14159265  0.24017101  0.          3.14159265 -1.57079633  3.14159265
  3.14159265  1.57079633  3.14159265  3.14159265 -1.57079633  3.14159265
  3.14159265  3.14159265  3.14159265  3.14159265  3.14159265  3.14159265
  3.14159265  0.          0.          3.14159265  3.14159265  3.14159265
  3.14159265  0.          0.          3.14159265  3.14159265  3.14159265
  3.14159265  3.14159265  3.14159265] 
 [0.         0.12244898 0.         0.         0.62244898 0.
 0.         0.62244898 0.         0.         1.01477544 1.
 0.         1.01477544 1.         0.         0.62244898 0.
 0.         0.62244898 0.         0.         0.12244898 0.
 0.         0.         0.         0.         0.         0.
 0.         1.         1.         0.         0.         0.
 0.         1.         1.         0.         0.         0.
 0.         0.         0.        ]
sweep    1  f = 199.4852246  (Delta f = 5.68e-14)
New op index: 16	$R_Y$[5]
Current grad: 82.27192124195749
[ 3.14159265 -1.57079633  3.14159265  3.14159265 -1.57079633  3.14159265
  3.14159265 -1.57079633  3.14159265  3.14159265  3.14159265  3.14159265
  0.         -1.61245145  3.14159265  0.         -1.57079633  0.
  0.         -1.57079633  3.14159265  0.         -1.57079633  0.
  3.14159265  3.14159265  3.14159265  3.14159265  3.14159265  3.14159265
  3.14159265  3.14159265  3.14159265  3.14159265  3.14159265  3.14159265
  0.          3.14159265  3.14159265  0.          0.          3.14159265
  0.          0.          3.14159265] 
 [0.00000000e+00 1.20158854e+01 0.00000000e+00 0.00000000e+00
 1.12709875e+01 0.00000000e+00 0.00000000e+00 1.15302368e+01
 0.00000000e+00 0.00000000e+00 0.00000000e+00 0.00000000e+00
 3.10083591e-15 1.11765208e+01 0.00000000e+00 2.78334612e-15
 1.25158854e+01 1.38777878e-17 1.72693492e-15 1.12709875e+01
 0.00000000e+00 3.61813754e-16 1.20158854e+01 1.38777878e-17
 0.00000000e+00 0.00000000e+00 0.00000000e+00 0.00000000e+00
 0.00000000e+00 0.00000000e+00 0.00000000e+00 0.00000000e+00
 0.00000000e+00 0.00000000e+00 0.00000000e+00 0.00000000e+00
 3.84414722e-15 0.00000000e+00 0.00000000e+00 2.42861287e-15
 2.42861287e-15 0.00000000e+00 2.74100470e-15 2.79651585e-15
 0.00000000e+00]
sweep    1  f = 149.2526082  (Delta f = 37.7)
sweep    2  f = 149.2526082  (Delta f = 0)
New op index: 4	$R_Y$[1]
Current grad: 1.229708984485026
[ 3.14159265 -1.57079633  3.14159265  3.14159265  1.57079633  3.14159265
  3.14159265 -1.57079633  3.14159265  3.14159265  3.14159264  3.14159265
  0.          2.89905759  3.14159265  3.14159265  3.14159261  3.14159265
  0.          2.8967334   3.14159265  3.14159265 -1.57079633  0.
  3.14159265  3.14159265  3.14159265  3.14159265  3.14159265  3.14159265
  3.14159265  3.14159265  3.14159265  3.14159265  3.14159265  3.14159265
  3.14159265  3.14159265  3.14159265  3.14159265  3.14159265  3.14159265
  3.14159265  3.14159265  3.14159265] 
 [0.00000000e+00 1.19961370e-01 0.00000000e+00 0.00000000e+00
 6.24936590e-01 0.00000000e+00 0.00000000e+00 1.14973837e-01
 0.00000000e+00 0.00000000e+00 0.00000000e+00 0.00000000e+00
 1.87201972e-15 1.52254564e-02 0.00000000e+00 0.00000000e+00
 4.97379915e-14 0.00000000e+00 1.01986924e-14 1.53728222e-02
 0.00000000e+00 0.00000000e+00 1.19961370e-01 3.02362181e-24
 0.00000000e+00 0.00000000e+00 0.00000000e+00 0.00000000e+00
 0.00000000e+00 0.00000000e+00 0.00000000e+00 0.00000000e+00
 0.00000000e+00 0.00000000e+00 0.00000000e+00 0.00000000e+00
 0.00000000e+00 0.00000000e+00 0.00000000e+00 0.00000000e+00
 0.00000000e+00 0.00000000e+00 0.00000000e+00 0.00000000e+00
 0.00000000e+00]
sweep    1  f = 148.2403266  (Delta f = 0.387)
sweep    2  f = 148.2403266  (Delta f = 2.73e-12)
New op index: 22	$R_Y$[7]
Current grad: 59.58961181057248
[ 3.14159265 -1.61238393  3.14159265  3.14159265 -3.14159265  3.14159265
  3.14159265 -1.61238393  3.14159265  3.14159265 -3.14159257  3.14159265
  0.         -1.6543369   3.14159265  3.14159265 -3.14159263  0.
  0.         -1.61324814  3.14159265  0.         -1.57079633  0.
  3.14159265  3.14159265  3.14159265  3.14159265  3.14159265  3.14159265
  3.14159265  3.14159265  3.14159265  3.14159265  3.14159265  3.14159265
  3.14159265  3.14159265  3.14159265  3.14159265  3.14159265  3.14159265
  0.          3.14159265  3.14159265] 
 [0.00000000e+00 1.15262797e+01 0.00000000e+00 0.00000000e+00
 0.00000000e+00 0.00000000e+00 0.00000000e+00 1.15262797e+01
 0.00000000e+00 0.00000000e+00 1.88737914e-15 0.00000000e+00
 4.17551481e-15 1.08265294e+01 0.00000000e+00 0.00000000e+00
 1.42108547e-14 2.06795153e-25 1.24953902e-14 1.12815978e+01
 0.00000000e+00 1.11039296e-14 1.20158813e+01 4.13590306e-25
 0.00000000e+00 0.00000000e+00 0.00000000e+00 0.00000000e+00
 0.00000000e+00 0.00000000e+00 0.00000000e+00 0.00000000e+00
 0.00000000e+00 0.00000000e+00 0.00000000e+00 0.00000000e+00
 0.00000000e+00 0.00000000e+00 0.00000000e+00 0.00000000e+00
 0.00000000e+00 0.00000000e+00 2.49870986e-14 0.00000000e+00
 0.00000000e+00]
sweep    1  f = 98.50771025  (Delta f = 37.7)
sweep    2  f = 98.50771025  (Delta f = 0)
New op index: 19	$R_Y$[6]
Current grad: 0.48980280946382193
[ 3.14159265 -2.90612082  3.14159265  3.14159265 -3.14159265  3.14159265
  3.14159265 -2.90612082  3.14159265  3.14159265 -3.14159257  3.14159265
  3.14159265  2.89905744  3.14159265  3.14159265 -3.1415926   0.
  0.          2.89673327  3.14159265  3.14159265  3.14159265  0.
  3.14159265  3.14159265  3.14159265  3.14159265  3.14159265  3.14159265
  3.14159265  3.14159265  3.14159265  3.14159265  3.14159265  3.14159265
  3.14159265  3.14159265  3.14159265  3.14159265  3.14159265  3.14159265
  3.14159265  3.14159265  3.14159265] 
 [0.00000000e+00 1.41893804e-02 0.00000000e+00 0.00000000e+00
 0.00000000e+00 0.00000000e+00 0.00000000e+00 1.41893804e-02
 0.00000000e+00 0.00000000e+00 1.77635684e-13 0.00000000e+00
 0.00000000e+00 1.52254778e-02 0.00000000e+00 0.00000000e+00
 6.39488462e-14 1.62366507e-25 2.70274762e-14 1.53728389e-02
 0.00000000e+00 0.00000000e+00 0.00000000e+00 4.76665686e-41
 0.00000000e+00 0.00000000e+00 0.00000000e+00 0.00000000e+00
 0.00000000e+00 0.00000000e+00 0.00000000e+00 0.00000000e+00
 0.00000000e+00 0.00000000e+00 0.00000000e+00 0.00000000e+00
 0.00000000e+00 0.00000000e+00 0.00000000e+00 0.00000000e+00
 0.00000000e+00 0.00000000e+00 0.00000000e+00 0.00000000e+00
 0.00000000e+00]
sweep    1  f = 98.49214201  (Delta f = 0.000195)
sweep    2  f = 98.49214194  (Delta f = 6.56e-08)
sweep    3  f = 98.49214194  (Delta f = 3.24e-11)
New op index: 1	$R_Y$[0]
Current grad: 36.98639864228198
[ 3.14159265 -1.61106324  3.14159265  3.14159265 -3.14159265  3.14159265
  3.14159265 -1.61106324  3.14159265  3.14159265 -3.14159264  3.14159265
  3.14159265 -1.61115588  3.14159265  3.14159265  3.14159263  3.14159265
  3.14159265 -3.14159265  3.14159265  3.14159265 -3.14159265  3.14159265
  3.14159265  3.14159265  3.14159265  3.14159265  3.14159265  3.14159265
  3.14159265  3.14159265  3.14159265  3.14159265  3.14159265  3.14159265
  3.14159265  3.14159265  3.14159265  3.14159265  3.14159265  3.14159265
  3.14159265  3.14159265  3.14159265] 
 [0.00000000e+00 1.19204997e+01 0.00000000e+00 0.00000000e+00
 0.00000000e+00 0.00000000e+00 0.00000000e+00 1.19204997e+01
 0.00000000e+00 0.00000000e+00 7.10542736e-15 0.00000000e+00
 0.00000000e+00 1.16841863e+01 0.00000000e+00 0.00000000e+00
 1.42108547e-14 0.00000000e+00 0.00000000e+00 0.00000000e+00
 0.00000000e+00 0.00000000e+00 0.00000000e+00 0.00000000e+00
 0.00000000e+00 0.00000000e+00 0.00000000e+00 0.00000000e+00
 0.00000000e+00 0.00000000e+00 0.00000000e+00 0.00000000e+00
 0.00000000e+00 0.00000000e+00 0.00000000e+00 0.00000000e+00
 0.00000000e+00 0.00000000e+00 0.00000000e+00 0.00000000e+00
 0.00000000e+00 0.00000000e+00 0.00000000e+00 0.00000000e+00
 0.00000000e+00]
sweep    1  f = 49.25828359  (Delta f = 37.3)
sweep    2  f = 49.25782451  (Delta f = 0.000459)
sweep    3  f = 49.25782451  (Delta f = 1.28e-13)
New op index: 13	$R_Y$[4]
Current grad: 0.24490110428199682
[ 3.14159265 -3.14159263  3.14159265  3.14159265 -3.14159265  3.14159265
  3.14159265 -1.61235263  3.14159265  3.14159265  3.14159264  3.14159265
  0.          1.65046862  3.14159265  3.14159265  3.14159265  3.14159265
  3.14159265 -3.14159264  3.14159265  3.14159265 -3.14159265  3.14159265
  3.14159265  3.14159265  3.14159265  3.14159265  3.14159265  3.14159265
  3.14159265  3.14159265  3.14159265  3.14159265  3.14159265  3.14159265
  3.14159265  3.14159265  3.14159265  3.14159265  3.14159265  3.14159265
  3.14159265  3.14159265  3.14159265] 
 [0.00000000e+00 1.42108547e-14 0.00000000e+00 0.00000000e+00
 0.00000000e+00 0.00000000e+00 0.00000000e+00 1.15077500e-01
 0.00000000e+00 0.00000000e+00 7.10542736e-15 0.00000000e+00
 6.82149483e-15 1.15358589e-01 0.00000000e+00 0.00000000e+00
 0.00000000e+00 0.00000000e+00 0.00000000e+00 7.10542736e-15
 0.00000000e+00 0.00000000e+00 0.00000000e+00 0.00000000e+00
 0.00000000e+00 0.00000000e+00 0.00000000e+00 0.00000000e+00
 0.00000000e+00 0.00000000e+00 0.00000000e+00 0.00000000e+00
 0.00000000e+00 0.00000000e+00 0.00000000e+00 0.00000000e+00
 0.00000000e+00 0.00000000e+00 0.00000000e+00 0.00000000e+00
 0.00000000e+00 0.00000000e+00 0.00000000e+00 0.00000000e+00
 0.00000000e+00]
sweep    1  f = 49.13568584  (Delta f = 0.00678)
sweep    2  f = 49.13468152  (Delta f = 0.001)
sweep    3  f = 49.13451337  (Delta f = 0.000168)
sweep    4  f = 49.1345075  (Delta f = 5.87e-06)
sweep    5  f = 49.13450741  (Delta f = 9.06e-08)
sweep    6  f = 49.1345074  (Delta f = 4.28e-09)
New op index: 7	$R_Y$[2]
Current grad: 49.012529441841295
[ 3.14159265 -3.14159251  3.14159265  3.14159265  3.14159237  3.14159265
  3.14159265 -1.57089745  3.14159265  3.14159265  3.14156626  3.14159265
  3.14159265 -3.14159265  3.14159265  3.14159265 -3.14159177  3.14159265
  3.14159265  3.14159197  3.14159265  3.14159265  3.14159263  3.14159265
  3.14159265  3.14159265  3.14159265  3.14159265  3.14159265  3.14159265
  3.14159265  3.14159265  3.14159265  3.14159265  3.14159265  3.14159265
  3.14159265  3.14159265  3.14159265  3.14159265  3.14159265  3.14159265
  3.14159265  3.14159265  3.14159265] 
 [0.00000000e+00 1.06581410e-12 0.00000000e+00 0.00000000e+00
 5.12923037e-14 0.00000000e+00 0.00000000e+00 4.90074397e+01
 0.00000000e+00 0.00000000e+00 3.72925912e-10 0.00000000e+00
 0.00000000e+00 0.00000000e+00 0.00000000e+00 0.00000000e+00
 3.90372179e-11 0.00000000e+00 0.00000000e+00 2.46691556e-13
 0.00000000e+00 0.00000000e+00 2.84217094e-14 0.00000000e+00
 0.00000000e+00 0.00000000e+00 0.00000000e+00 0.00000000e+00
 0.00000000e+00 0.00000000e+00 0.00000000e+00 0.00000000e+00
 0.00000000e+00 0.00000000e+00 0.00000000e+00 0.00000000e+00
 0.00000000e+00 0.00000000e+00 0.00000000e+00 0.00000000e+00
 0.00000000e+00 0.00000000e+00 0.00000000e+00 0.00000000e+00
 0.00000000e+00]
sweep    1  f = -0.9794279166  (Delta f = 1.11)
sweep    2  f = -0.9795918275  (Delta f = 0.000164)
sweep    3  f = -0.9795918367  (Delta f = 9.24e-09)
New op index: 16	$R_Y$[5]
Current grad: 2.7759600376686442e-05
[ 3.14159265 -3.14159265  3.14159265  3.14159265 -3.14159264  0.
  3.14159265 -3.14159263  3.14159265  3.14159265  3.14159251  0.
  3.14159265  3.14159265  3.14159265  3.14159265 -3.1415923   3.14159265
  3.14159265 -3.14159265  0.          3.14159265  3.14159265  0.
  3.14159265  3.14159265  0.          3.14159265  3.14159265  3.14159265
  3.14159265  3.14159265  3.14159265  3.14159265  3.14159265  0.
  3.14159265  3.14159265  3.14159265  3.14159265  3.14159265  3.14159265
  3.14159265  3.14159265  0.        ] 
 [0.00000000e+00 0.00000000e+00 0.00000000e+00 0.00000000e+00
 7.10542736e-15 2.22140437e-15 0.00000000e+00 1.42108547e-14
 0.00000000e+00 0.00000000e+00 4.90274488e-13 2.10195356e-15
 0.00000000e+00 0.00000000e+00 0.00000000e+00 0.00000000e+00
 3.16191517e-12 0.00000000e+00 0.00000000e+00 0.00000000e+00
 1.39038338e-17 0.00000000e+00 0.00000000e+00 1.46975623e-15
 0.00000000e+00 0.00000000e+00 2.04696344e-15 0.00000000e+00
 0.00000000e+00 0.00000000e+00 0.00000000e+00 0.00000000e+00
 0.00000000e+00 0.00000000e+00 0.00000000e+00 2.20611339e-15
 0.00000000e+00 0.00000000e+00 0.00000000e+00 0.00000000e+00
 0.00000000e+00 0.00000000e+00 0.00000000e+00 0.00000000e+00
 1.48366006e-15]
Precision cutoff reached.
Calculating energies for FreeWilson2D(N_x=2, N_y=2, mass=-2.082, r=1.000)
h_im: 0.0
New op index: 10	$R_Y$[3]
Current grad: 2.3265306122448965
[ 3.14159265 -1.57079633  3.14159265  3.14159265  1.57079633  3.14159265
  3.14159265 -1.57079633  3.14159265  3.14159265  0.08145204  0.
  3.14159265  0.08145204  0.          3.14159265 -1.57079633  3.14159265
  3.14159265  1.57079633  3.14159265  3.14159265 -1.57079633  3.14159265
  3.14159265  3.14159265  3.14159265  3.14159265  3.14159265  3.14159265
  3.14159265  0.          0.          3.14159265  3.14159265  3.14159265
  3.14159265  0.          0.          3.14159265  3.14159265  3.14159265
  3.14159265  3.14159265  3.14159265] 
 [0.         0.04081633 0.         0.         0.54081633 0.
 0.         0.54081633 0.         0.         1.00166321 1.
 0.         1.00166321 1.         0.         0.54081633 0.
 0.         0.54081633 0.         0.         0.04081633 0.
 0.         0.         0.         0.         0.         0.
 0.         1.         1.         0.         0.         0.
 0.         1.         1.         0.         0.         0.
 0.         0.         0.        ]
sweep    1  f = 199.4983368  (Delta f = -3.98e-13)
New op index: 16	$R_Y$[5]
Current grad: 27.47849632329271
[ 3.14159265 -1.57079633  3.14159265  3.14159265 -1.57079633  3.14159265
  3.14159265 -1.57079633  0.          3.14159265  3.14159265  3.14159265
  3.14159265 -1.6951555   3.14159265  3.14159265 -1.57079633  0.
  3.14159265 -1.57079633  3.14159265  3.14159265 -1.57079633  3.14159265
  3.14159265  3.14159265  3.14159265  3.14159265  0.          0.
  3.14159265  3.14159265  3.14159265  3.14159265  3.14159265  3.14159265
  3.14159265  3.14159265  3.14159265  3.14159265  3.14159265  0.
  3.14159265  3.14159265  3.14159265] 
 [0.00000000e+00 4.10891680e+00 0.00000000e+00 0.00000000e+00
 3.52728415e+00 0.00000000e+00 0.00000000e+00 3.61057449e+00
 2.08166817e-17 0.00000000e+00 0.00000000e+00 0.00000000e+00
 0.00000000e+00 3.51928755e+00 0.00000000e+00 0.00000000e+00
 4.60891680e+00 2.08166817e-17 0.00000000e+00 3.52728415e+00
 0.00000000e+00 0.00000000e+00 4.10891680e+00 0.00000000e+00
 0.00000000e+00 0.00000000e+00 0.00000000e+00 0.00000000e+00
 2.08166817e-17 2.08166817e-17 0.00000000e+00 0.00000000e+00
 0.00000000e+00 0.00000000e+00 0.00000000e+00 0.00000000e+00
 0.00000000e+00 0.00000000e+00 0.00000000e+00 0.00000000e+00
 0.00000000e+00 2.08166817e-17 0.00000000e+00 0.00000000e+00
 0.00000000e+00]
sweep    1  f = 149.4158694  (Delta f = 45.5)
sweep    2  f = 149.4158694  (Delta f = 0)
New op index: 4	$R_Y$[1]
Current grad: 0.7399063602700291
[ 3.14159265 -1.57079633  3.14159265  3.14159265  1.57079633  3.14159265
  3.14159265 -1.57079633  0.          3.14159265 -3.14159259  3.14159265
  3.14159265  3.0560348   3.14159265  3.14159265  3.14159263  0.
  0.          3.05518419  3.14159265  0.         -1.57079633  0.
  3.14159265  3.14159265  3.14159265  3.14159265  0.          0.
  3.14159265  3.14159265  3.14159265  3.14159265  3.14159265  3.14159265
  3.14159265  3.14159265  3.14159265  3.14159265  3.14159265  3.14159265
  0.          3.14159265  3.14159265] 
 [0.00000000e+00 3.83205601e-02 0.00000000e+00 0.00000000e+00
 5.43312093e-01 0.00000000e+00 0.00000000e+00 3.33248577e-02
 2.22269449e-26 0.00000000e+00 9.23705556e-14 0.00000000e+00
 0.00000000e+00 1.85397540e-03 0.00000000e+00 0.00000000e+00
 1.42108547e-14 8.04953668e-25 2.31332788e-14 1.87243044e-03
 0.00000000e+00 9.28961190e-16 3.83205601e-02 7.82726723e-25
 0.00000000e+00 0.00000000e+00 0.00000000e+00 0.00000000e+00
 2.22269449e-26 2.22269449e-26 0.00000000e+00 0.00000000e+00
 0.00000000e+00 0.00000000e+00 0.00000000e+00 0.00000000e+00
 0.00000000e+00 0.00000000e+00 0.00000000e+00 0.00000000e+00
 0.00000000e+00 0.00000000e+00 2.15178377e-14 0.00000000e+00
 0.00000000e+00]
sweep    1  f = 148.4167041  (Delta f = 0.456)
sweep    2  f = 148.4167041  (Delta f = 3.41e-12)
New op index: 22	$R_Y$[7]
Current grad: 20.38245196182453
[ 3.14159265 -1.69188107  3.14159265  3.14159265 -3.14159265  3.14159265
  3.14159265 -1.69188107  3.14159265  3.14159265  3.1415882   3.14159265
  0.         -1.81377961  3.14159265  3.14159265 -3.14159228  3.14159265
  0.         -1.69431067  3.14159265  0.         -1.57079633  3.14159265
  3.14159265  3.14159265  3.14159265  3.14159265  3.14159265  3.14159265
  3.14159265  3.14159265  3.14159265  3.14159265  3.14159265  3.14159265
  3.14159265  3.14159265  3.14159265  3.14159265  3.14159265  3.14159265
  0.          3.14159265  3.14159265] 
 [0.00000000e+00 3.63944718e+00 0.00000000e+00 0.00000000e+00
 0.00000000e+00 0.00000000e+00 0.00000000e+00 3.63944718e+00
 0.00000000e+00 0.00000000e+00 4.98467934e-12 0.00000000e+00
 2.06835682e-15 3.15105468e+00 0.00000000e+00 0.00000000e+00
 3.83693077e-12 0.00000000e+00 5.53667089e-15 3.55842402e+00
 0.00000000e+00 1.38783542e-14 4.10913895e+00 0.00000000e+00
 0.00000000e+00 0.00000000e+00 0.00000000e+00 0.00000000e+00
 0.00000000e+00 0.00000000e+00 0.00000000e+00 0.00000000e+00
 0.00000000e+00 0.00000000e+00 0.00000000e+00 0.00000000e+00
 0.00000000e+00 0.00000000e+00 0.00000000e+00 0.00000000e+00
 0.00000000e+00 0.00000000e+00 2.08028039e-14 0.00000000e+00
 0.00000000e+00]
sweep    1  f = 98.8342368  (Delta f = 45.5)
sweep    2  f = 98.8342368  (Delta f = 0)
New op index: 19	$R_Y$[6]
Current grad: 0.16326918841413934
[ 3.14159265 -3.065101    3.14159265  3.14159265 -3.14159265  3.14159265
  3.14159265 -3.065101    3.14159265  3.14159265  3.14159264  3.14159265
  0.          3.05603491  3.14159265  3.14159265  3.14159259  0.
  3.14159265  3.05518423  3.14159265  3.14159265  3.14159265  3.14159265
  3.14159265  3.14159265  3.14159265  3.14159265  3.14159265  3.14159265
  3.14159265  3.14159265  3.14159265  3.14159265  3.14159265  3.14159265
  3.14159265  3.14159265  3.14159265  3.14159265  3.14159265  3.14159265
  3.14159265  3.14159265  3.14159265] 
 [0.00000000e+00 1.46631789e-03 0.00000000e+00 0.00000000e+00
 0.00000000e+00 0.00000000e+00 0.00000000e+00 1.46631789e-03
 0.00000000e+00 0.00000000e+00 0.00000000e+00 0.00000000e+00
 3.99315184e-15 1.85397059e-03 0.00000000e+00 0.00000000e+00
 1.20792265e-13 6.49773999e-24 0.00000000e+00 1.87242841e-03
 0.00000000e+00 0.00000000e+00 0.00000000e+00 0.00000000e+00
 0.00000000e+00 0.00000000e+00 0.00000000e+00 0.00000000e+00
 0.00000000e+00 0.00000000e+00 0.00000000e+00 0.00000000e+00
 0.00000000e+00 0.00000000e+00 0.00000000e+00 0.00000000e+00
 0.00000000e+00 0.00000000e+00 0.00000000e+00 0.00000000e+00
 0.00000000e+00 0.00000000e+00 0.00000000e+00 0.00000000e+00
 0.00000000e+00]
sweep    1  f = 98.8323438  (Delta f = 2.06e-05)
sweep    2  f = 98.8323438  (Delta f = 3.15e-09)
New op index: 1	$R_Y$[0]
Current grad: 13.125172114011725
[ 3.14159265 -1.68388957  3.14159265  3.14159265 -3.14159265  3.14159265
  3.14159265 -1.68388957  3.14159265  3.14159265  3.14159252  3.14159265
  0.         -1.68682163  3.14159265  3.14159265 -3.14159262  0.
  3.14159265  3.14159265  3.14159265  3.14159265  3.14159265  0.
  3.14159265  3.14159265  3.14159265  3.14159265  3.14159265  3.14159265
  3.14159265  3.14159265  3.14159265  3.14159265  3.14159265  3.14159265
  3.14159265  3.14159265  3.14159265  3.14159265  3.14159265  3.14159265
  3.14159265  3.14159265  3.14159265] 
 [0.00000000e+00 3.93056915e+00 0.00000000e+00 0.00000000e+00
 0.00000000e+00 0.00000000e+00 0.00000000e+00 3.93056915e+00
 0.00000000e+00 0.00000000e+00 3.97903932e-13 0.00000000e+00
 3.83488075e-15 3.84631451e+00 0.00000000e+00 0.00000000e+00
 2.13162821e-14 4.94931107e-24 0.00000000e+00 0.00000000e+00
 0.00000000e+00 0.00000000e+00 0.00000000e+00 4.68662670e-24
 0.00000000e+00 0.00000000e+00 0.00000000e+00 0.00000000e+00
 0.00000000e+00 0.00000000e+00 0.00000000e+00 0.00000000e+00
 0.00000000e+00 0.00000000e+00 0.00000000e+00 0.00000000e+00
 0.00000000e+00 0.00000000e+00 0.00000000e+00 0.00000000e+00
 0.00000000e+00 0.00000000e+00 0.00000000e+00 0.00000000e+00
 0.00000000e+00]
sweep    1  f = 49.74817232  (Delta f = 45.2)
sweep    2  f = 49.74760822  (Delta f = 0.000564)
sweep    3  f = 49.74760822  (Delta f = 0)
New op index: 13	$R_Y$[4]
Current grad: 0.08163781644215494
[ 3.14159265 -3.14159264  3.14159265  3.14159265 -3.14159265  3.14159265
  3.14159265 -1.70044189  3.14159265  3.14159265 -3.14159263  3.14159265
  0.          1.79751615  3.14159265  3.14159265  3.14159263  3.14159265
  3.14159265  3.14159262  3.14159265  3.14159265 -3.14159265  3.14159265
  3.14159265  3.14159265  3.14159265  3.14159265  3.14159265  3.14159265
  3.14159265  3.14159265  3.14159265  3.14159265  3.14159265  3.14159265
  3.14159265  3.14159265  3.14159265  3.14159265  3.14159265  3.14159265
  3.14159265  3.14159265  3.14159265] 
 [0.00000000e+00 7.10542736e-15 0.00000000e+00 0.00000000e+00
 0.00000000e+00 0.00000000e+00 0.00000000e+00 3.36492097e-02
 0.00000000e+00 0.00000000e+00 1.42108547e-14 0.00000000e+00
 6.57124341e-15 3.44576949e-02 0.00000000e+00 0.00000000e+00
 1.42108547e-14 0.00000000e+00 0.00000000e+00 2.13162821e-14
 0.00000000e+00 0.00000000e+00 0.00000000e+00 0.00000000e+00
 0.00000000e+00 0.00000000e+00 0.00000000e+00 0.00000000e+00
 0.00000000e+00 0.00000000e+00 0.00000000e+00 0.00000000e+00
 0.00000000e+00 0.00000000e+00 0.00000000e+00 0.00000000e+00
 0.00000000e+00 0.00000000e+00 0.00000000e+00 0.00000000e+00
 0.00000000e+00 0.00000000e+00 0.00000000e+00 0.00000000e+00
 0.00000000e+00]
sweep    1  f = 49.7038667  (Delta f = 0.00928)
sweep    2  f = 49.70383597  (Delta f = 3.07e-05)
sweep    3  f = 49.70383369  (Delta f = 2.28e-06)
sweep    4  f = 49.70383332  (Delta f = 3.66e-07)
sweep    5  f = 49.70383326  (Delta f = 6.05e-08)
sweep    6  f = 49.70383326  (Delta f = 4.49e-09)
New op index: 7	$R_Y$[2]
Current grad: 48.50744012742902
[ 3.14159265 -3.14158872  3.14159265  3.14159265  3.14159259  3.14159265
  3.14159265 -1.57089815  3.14159265  3.14159265 -3.14157824  3.14159265
  3.14159265  3.14159265  3.14159265  3.14159265 -3.14159255  3.14159265
  3.14159265  3.1415205   3.14159265  3.14159265  3.14159263  3.14159265
  3.14159265  3.14159265  3.14159265  3.14159265  3.14159265  3.14159265
  3.14159265  3.14159265  3.14159265  3.14159265  3.14159265  3.14159265
  3.14159265  3.14159265  3.14159265  3.14159265  3.14159265  3.14159265
  3.14159265  3.14159265  3.14159265] 
 [0.00000000e+00 7.61716024e-10 0.00000000e+00 0.00000000e+00
 2.66453526e-15 0.00000000e+00 0.00000000e+00 4.85019774e+01
 0.00000000e+00 0.00000000e+00 1.48787649e-10 0.00000000e+00
 0.00000000e+00 0.00000000e+00 0.00000000e+00 0.00000000e+00
 5.54223334e-13 0.00000000e+00 0.00000000e+00 3.71948072e-09
 0.00000000e+00 0.00000000e+00 1.42108547e-14 0.00000000e+00
 0.00000000e+00 0.00000000e+00 0.00000000e+00 0.00000000e+00
 0.00000000e+00 0.00000000e+00 0.00000000e+00 0.00000000e+00
 0.00000000e+00 0.00000000e+00 0.00000000e+00 0.00000000e+00
 0.00000000e+00 0.00000000e+00 0.00000000e+00 0.00000000e+00
 0.00000000e+00 0.00000000e+00 0.00000000e+00 0.00000000e+00
 0.00000000e+00]
sweep    1  f = -0.3262855152  (Delta f = 1.53)
sweep    2  f = -0.326530599  (Delta f = 0.000245)
sweep    3  f = -0.3265306122  (Delta f = 1.33e-08)
sweep    4  f = -0.3265306122  (Delta f = 1.44e-12)
New op index: 1	$R_Y$[0]
Current grad: 2.2140668391370853e-06
[ 3.14159265 -3.14159264  3.14159265  3.14159265 -3.14159264  0.
  3.14159265 -3.14159265  3.14159265  3.14159265  3.14159265  0.
  3.14159265  3.14159265  0.          3.14159265  3.14159265  0.
  3.14159265 -3.14159265  0.          3.14159265 -3.14159265  3.14159265
  3.14159265  3.14159265  0.          3.14159265  3.14159265  0.
  3.14159265  3.14159265  0.          3.14159265  3.14159265  0.
  3.14159265  3.14159265  0.          3.14159265  3.14159265  0.
  3.14159265  3.14159265  0.        ] 
 [0.00000000e+00 7.10542736e-15 0.00000000e+00 0.00000000e+00
 7.10542736e-15 1.03673196e-16 0.00000000e+00 0.00000000e+00
 0.00000000e+00 0.00000000e+00 0.00000000e+00 6.56351031e-17
 0.00000000e+00 0.00000000e+00 1.90197707e-17 0.00000000e+00
 0.00000000e+00 1.79305291e-17 0.00000000e+00 0.00000000e+00
 5.70578637e-17 0.00000000e+00 0.00000000e+00 0.00000000e+00
 0.00000000e+00 0.00000000e+00 1.43894336e-17 0.00000000e+00
 0.00000000e+00 8.13391050e-17 0.00000000e+00 0.00000000e+00
 4.33010120e-17 0.00000000e+00 0.00000000e+00 6.43054660e-17
 0.00000000e+00 0.00000000e+00 3.69502998e-17 0.00000000e+00
 0.00000000e+00 7.49883928e-17 0.00000000e+00 0.00000000e+00
 8.03872135e-18]
Precision cutoff reached.
Calculating energies for FreeWilson2D(N_x=2, N_y=2, mass=-1.918, r=1.000)
h_im: 0.0
New op index: 10	$R_Y$[3]
Current grad: 1.9999999999999982
[ 3.14159265  1.57079633  3.14159265  3.14159265  1.57079633  3.14159265
  3.14159265 -1.57079633  3.14159265  3.14159265 -0.08145204  0.
  3.14159265 -0.08145204  0.          3.14159265 -1.57079633  3.14159265
  3.14159265  1.57079633  3.14159265  3.14159265  1.57079633  3.14159265
  3.14159265  3.14159265  3.14159265  3.14159265  3.14159265  3.14159265
  3.14159265  0.          0.          3.14159265  3.14159265  3.14159265
  3.14159265  0.          0.          3.14159265  3.14159265  3.14159265
  3.14159265  3.14159265  3.14159265] 
 [0.         0.04081633 0.         0.         0.45918367 0.
 0.         0.45918367 0.         0.         1.00166321 1.
 0.         1.00166321 1.         0.         0.45918367 0.
 0.         0.45918367 0.         0.         0.04081633 0.
 0.         0.         0.         0.         0.         0.
 0.         1.         1.         0.         0.         0.
 0.         1.         1.         0.         0.         0.
 0.         0.         0.        ]
sweep    1  f = 199.4983368  (Delta f = 3.13e-13)
New op index: 7	$R_Y$[2]
Current grad: 29.47518093890818
[3.14159265 1.57079633 3.14159265 3.14159265 1.57079633 3.14159265
 3.14159265 1.57079633 3.14159265 3.14159265 3.14159265 3.14159265
 3.14159265 1.6951555  3.14159265 3.14159265 1.57079633 3.14159265
 3.14159265 1.57079633 3.14159265 3.14159265 1.57079633 3.14159265
 3.14159265 3.14159265 3.14159265 3.14159265 3.14159265 3.14159265
 3.14159265 3.14159265 3.14159265 3.14159265 3.14159265 3.14159265
 3.14159265 3.14159265 3.14159265 3.14159265 3.14159265 3.14159265
 3.14159265 3.14159265 3.14159265] 
 [0.         4.1089168  0.         0.         4.52728415 0.
 0.         4.60725911 0.         0.         0.         0.
 0.         3.51928755 0.         0.         3.6089168  0.
 0.         4.52728415 0.         0.         4.1089168  0.
 0.         0.         0.         0.         0.         0.
 0.         0.         0.         0.         0.         0.
 0.         0.         0.         0.         0.         0.
 0.         0.         0.        ]
sweep    1  f = 149.9083765  (Delta f = 45)
sweep    2  f = 149.9083765  (Delta f = 0)
New op index: 16	$R_Y$[5]
Current grad: 1.081635371387308
[ 3.14159265  1.57079633  3.14159265  3.14159265 -1.76498047  3.14159265
  3.14159265 -3.14159264  0.          3.14159265  3.14159262  3.14159265
  3.14159265 -1.76498053  3.14159265  0.         -1.57079633  0.
  0.          1.57079633  3.14159265  0.          1.57079633  0.
  3.14159265  3.14159265  3.14159265  3.14159265  3.14159265  3.14159265
  3.14159265  3.14159265  3.14159265  3.14159265  3.14159265  3.14159265
  3.14159265  3.14159265  3.14159265  0.          0.          3.14159265
  0.          0.          3.14159265] 
 [0.00000000e+00 3.08355846e-02 0.00000000e+00 0.00000000e+00
 4.17802053e-02 0.00000000e+00 0.00000000e+00 7.10542736e-15
 4.13590306e-25 0.00000000e+00 3.55271368e-14 0.00000000e+00
 0.00000000e+00 4.17801890e-02 0.00000000e+00 7.14993122e-16
 4.69164415e-01 1.72317308e-17 7.71619519e-16 4.49202932e-01
 0.00000000e+00 3.53966703e-15 3.08355846e-02 1.72317304e-17
 0.00000000e+00 0.00000000e+00 0.00000000e+00 0.00000000e+00
 0.00000000e+00 0.00000000e+00 0.00000000e+00 0.00000000e+00
 0.00000000e+00 0.00000000e+00 0.00000000e+00 0.00000000e+00
 0.00000000e+00 0.00000000e+00 0.00000000e+00 2.04056048e-15
 2.04582240e-15 0.00000000e+00 2.07244509e-15 2.01167202e-15
 0.00000000e+00]
sweep    1  f = 148.4991674  (Delta f = 0.94)
sweep    2  f = 148.4991674  (Delta f = 2.59e-12)
New op index: 1	$R_Y$[0]
Current grad: 10.134056392422693
[ 3.14159265  1.57079633  3.14159265  3.14159265  1.81578695  3.14159265
  3.14159265  3.14159251  3.14159265  3.14159265  3.1415913   3.14159265
  3.14159265  2.03874721  3.14159265  3.14159265 -3.14159265  3.14159265
  0.          1.81598286  3.14159265  3.14159265  1.57079633  3.14159265
  3.14159265  3.14159265  3.14159265  3.14159265  3.14159265  3.14159265
  3.14159265  3.14159265  3.14159265  3.14159265  3.14159265  3.14159265
  3.14159265  3.14159265  3.14159265  3.14159265  3.14159265  3.14159265
  0.          3.14159265  3.14159265] 
 [0.00000000e+00 2.07986722e+00 0.00000000e+00 0.00000000e+00
 1.56015523e+00 0.00000000e+00 0.00000000e+00 5.11590770e-13
 0.00000000e+00 0.00000000e+00 9.15711951e-13 0.00000000e+00
 0.00000000e+00 1.21650155e+00 0.00000000e+00 0.00000000e+00
 0.00000000e+00 0.00000000e+00 9.14196538e-15 1.55984014e+00
 0.00000000e+00 0.00000000e+00 2.07986722e+00 0.00000000e+00
 0.00000000e+00 0.00000000e+00 0.00000000e+00 0.00000000e+00
 0.00000000e+00 0.00000000e+00 0.00000000e+00 0.00000000e+00
 0.00000000e+00 0.00000000e+00 0.00000000e+00 0.00000000e+00
 0.00000000e+00 0.00000000e+00 0.00000000e+00 0.00000000e+00
 0.00000000e+00 0.00000000e+00 2.41491486e-15 0.00000000e+00
 0.00000000e+00]
sweep    1  f = 99.4083765  (Delta f = 47)
sweep    2  f = 99.4083765  (Delta f = 0)
New op index: 13	$R_Y$[4]
Current grad: 0.6831285473553503
[ 3.14159265 -3.14159265  3.14159265  3.14159265 -1.76498043  3.14159265
  3.14159265 -3.14159265  0.          3.14159265  3.14159263  3.14159265
  0.         -2.317835    3.14159265  3.14159265 -3.14159265  3.14159265
  0.         -3.04034592  3.14159265  0.          1.57079633  3.14159265
  3.14159265  3.14159265  3.14159265  3.14159265  3.14159265  3.14159265
  3.14159265  3.14159265  3.14159265  3.14159265  3.14159265  3.14159265
  3.14159265  3.14159265  3.14159265  3.14159265  3.14159265  3.14159265
  0.          3.14159265  3.14159265] 
 [0.00000000e+00 0.00000000e+00 0.00000000e+00 0.00000000e+00
 4.17801899e-02 0.00000000e+00 0.00000000e+00 0.00000000e+00
 4.59177481e-41 0.00000000e+00 1.42108547e-14 0.00000000e+00
 5.42495215e-16 2.40581333e-01 0.00000000e+00 0.00000000e+00
 0.00000000e+00 0.00000000e+00 5.39809157e-16 2.57371687e-03
 0.00000000e+00 5.42743805e-16 3.08355972e-02 0.00000000e+00
 0.00000000e+00 0.00000000e+00 0.00000000e+00 0.00000000e+00
 0.00000000e+00 0.00000000e+00 0.00000000e+00 0.00000000e+00
 0.00000000e+00 0.00000000e+00 0.00000000e+00 0.00000000e+00
 0.00000000e+00 0.00000000e+00 0.00000000e+00 0.00000000e+00
 0.00000000e+00 0.00000000e+00 8.11236430e-16 0.00000000e+00
 0.00000000e+00]
sweep    1  f = 99.15514582  (Delta f = 0.0126)
sweep    2  f = 99.15480506  (Delta f = 0.000341)
sweep    3  f = 99.15477554  (Delta f = 2.95e-05)
sweep    4  f = 99.15477252  (Delta f = 3.02e-06)
sweep    5  f = 99.1547722  (Delta f = 3.23e-07)
sweep    6  f = 99.15477217  (Delta f = 3.39e-08)
sweep    7  f = 99.15477216  (Delta f = 5.01e-09)
New op index: 22	$R_Y$[7]
Current grad: 116.38414539534436
[ 3.14159265 -3.14159265  3.14159265  3.14159265  1.58172398  3.14159265
  3.14159265 -3.14159265  0.          3.14159265 -3.14158415  3.14159265
  3.14159265 -3.14159265  3.14159265  3.14159265 -3.14159265  0.
  0.          1.58890442  3.14159265  0.          1.57079633  0.
  3.14159265  3.14159265  3.14159265  3.14159265  3.14159265  3.14159265
  3.14159265  3.14159265  3.14159265  3.14159265  3.14159265  3.14159265
  3.14159265  3.14159265  3.14159265  3.14159265  3.14159265  3.14159265
  0.          3.14159265  3.14159265] 
 [0.00000000e+00 0.00000000e+00 0.00000000e+00 0.00000000e+00
 3.83461318e+01 0.00000000e+00 0.00000000e+00 0.00000000e+00
 2.47406456e-25 0.00000000e+00 4.17060164e-10 0.00000000e+00
 0.00000000e+00 0.00000000e+00 0.00000000e+00 0.00000000e+00
 0.00000000e+00 2.47406468e-25 1.42899576e-17 3.80717466e+01
 0.00000000e+00 2.79214438e-15 3.88491042e+01 1.23531791e-32
 0.00000000e+00 0.00000000e+00 0.00000000e+00 0.00000000e+00
 0.00000000e+00 0.00000000e+00 0.00000000e+00 0.00000000e+00
 0.00000000e+00 0.00000000e+00 0.00000000e+00 0.00000000e+00
 0.00000000e+00 0.00000000e+00 0.00000000e+00 0.00000000e+00
 0.00000000e+00 0.00000000e+00 2.79927527e-15 0.00000000e+00
 0.00000000e+00]
sweep    1  f = 49.33200432  (Delta f = 11)
sweep    2  f = 49.33173902  (Delta f = 0.000265)
sweep    3  f = 49.33173902  (Delta f = 1.95e-12)
New op index: 19	$R_Y$[6]
Current grad: 0.0916210768785538
[ 3.14159265 -3.14159265  3.14159265  3.14159265 -3.05112305  3.14159265
  3.14159265 -3.14159263  0.          3.14159265 -3.14159264  3.14159265
  3.14159265  3.14159259  3.14159265  3.14159265 -3.14159265  0.
  0.         -3.05112304  3.14159265  3.14159265  3.14159263  0.
  3.14159265  3.14159265  3.14159265  3.14159265  3.14159265  3.14159265
  3.14159265  3.14159265  3.14159265  3.14159265  3.14159265  3.14159265
  3.14159265  3.14159265  3.14159265  3.14159265  3.14159265  3.14159265
  3.14159265  3.14159265  3.14159265] 
 [0.00000000e+00 0.00000000e+00 0.00000000e+00 0.00000000e+00
 2.07349693e-03 0.00000000e+00 0.00000000e+00 1.42108547e-14
 5.60545681e-24 0.00000000e+00 0.00000000e+00 0.00000000e+00
 0.00000000e+00 1.13686838e-13 0.00000000e+00 0.00000000e+00
 0.00000000e+00 5.60545681e-24 3.82098825e-15 2.07349705e-03
 0.00000000e+00 0.00000000e+00 1.42108547e-14 4.77697166e-40
 0.00000000e+00 0.00000000e+00 0.00000000e+00 0.00000000e+00
 0.00000000e+00 0.00000000e+00 0.00000000e+00 0.00000000e+00
 0.00000000e+00 0.00000000e+00 0.00000000e+00 0.00000000e+00
 0.00000000e+00 0.00000000e+00 0.00000000e+00 0.00000000e+00
 0.00000000e+00 0.00000000e+00 0.00000000e+00 0.00000000e+00
 0.00000000e+00]
sweep    1  f = 49.32962182  (Delta f = 4.37e-05)
sweep    2  f = 49.32962178  (Delta f = 3.56e-08)
sweep    3  f = 49.32962178  (Delta f = 1.62e-11)
New op index: 4	$R_Y$[1]
Current grad: 4.567875107277268
[ 3.14159265 -3.14159265  3.14159265  3.14159265  1.68053821  3.14159265
  3.14159265 -3.14159263  0.          3.14159265 -3.14159258  3.14159265
  3.14159265 -3.14159264  3.14159265  3.14159265 -3.14159265  0.
  3.14159265  3.14159265  3.14159265  3.14159265 -3.14159263  3.14159265
  3.14159265  3.14159265  3.14159265  3.14159265  3.14159265  3.14159265
  3.14159265  3.14159265  3.14159265  3.14159265  3.14159265  3.14159265
  3.14159265  3.14159265  3.14159265  3.14159265  3.14159265  3.14159265
  3.14159265  3.14159265  3.14159265] 
 [0.00000000e+00 0.00000000e+00 0.00000000e+00 0.00000000e+00
 4.09220418e+00 0.00000000e+00 0.00000000e+00 2.13162821e-14
 8.69799183e-24 0.00000000e+00 1.20792265e-13 0.00000000e+00
 0.00000000e+00 7.10542736e-15 0.00000000e+00 0.00000000e+00
 0.00000000e+00 7.80240205e-24 0.00000000e+00 0.00000000e+00
 0.00000000e+00 0.00000000e+00 1.42108547e-14 0.00000000e+00
 0.00000000e+00 0.00000000e+00 0.00000000e+00 0.00000000e+00
 0.00000000e+00 0.00000000e+00 0.00000000e+00 0.00000000e+00
 0.00000000e+00 0.00000000e+00 0.00000000e+00 0.00000000e+00
 0.00000000e+00 0.00000000e+00 0.00000000e+00 0.00000000e+00
 0.00000000e+00 0.00000000e+00 0.00000000e+00 0.00000000e+00
 0.00000000e+00]
sweep    1  f = -0.162571564  (Delta f = 45.4)
sweep    2  f = -0.1632652375  (Delta f = 0.000694)
sweep    3  f = -0.1632653061  (Delta f = 6.86e-08)
sweep    4  f = -0.1632653061  (Delta f = 5.69e-14)
Traceback (most recent call last):
  File "/home/s6nidich_hpc/PycharmProjects/QC-MasterThesis/main.py", line 261, in <module>
    run_adapt_vqe(f)
  File "/home/s6nidich_hpc/PycharmProjects/QC-MasterThesis/main.py", line 59, in run_adapt_vqe
    my_adapt_vqe.run({HamiltonianParameters.XExtend: [2],
  File "/home/s6nidich_hpc/PycharmProjects/QC-MasterThesis/solver/adapt_vqe.py", line 173, in run
    _, qbits, gname = self.ansatz.get_operator_info(int(new_op_index), True)
                      ^^^^^^^^^^^^^^^^^^^^^^^^^^^^^^^^^^^^^^^^^^^^^^^^^^^^^^
  File "/home/s6nidich_hpc/PycharmProjects/QC-MasterThesis/solver/circuits.py", line 171, in get_operator_info
    if gname.endswith(r"\right)$"):
       ^^^^^^^^^^^^^^
AttributeError: 'NoneType' object has no attribute 'endswith'
End 2026-07-24 13:54:45 | 26631349 MyPyJob | lmnode193 | /home/s6nidich_hpc/PycharmProjects/QC-MasterThesis 

