Start 2025-11-20 15:50:37 | 23963013 MyPyJob | lmnode212 | /home/s6nidich_hpc/PycharmProjects/QC-MasterThesis 

Used python interpreter:
/home/s6nidich_hpc/PycharmProjects/QC-MasterThesis/.venv_intel_3_12_3/bin/python
Python version:
Python 3.12.3

Currently Loaded Modules:
  1) GCCcore/13.3.0                   7) Tcl/8.6.14-GCCcore-13.3.0
  2) zlib/1.3.1-GCCcore-13.3.0        8) SQLite/3.45.3-GCCcore-13.3.0
  3) binutils/2.42-GCCcore-13.3.0     9) XZ/5.4.5-GCCcore-13.3.0
  4) bzip2/1.0.8-GCCcore-13.3.0      10) libffi/3.4.5-GCCcore-13.3.0
  5) ncurses/6.5-GCCcore-13.3.0      11) OpenSSL/3
  6) libreadline/8.2-GCCcore-13.3.0  12) Python/3.12.3-GCCcore-13.3.0

 

Start of Program:

-----Beginning pprint-----
/:
	Attributes:
-----Ending pprint-----
Calculating energies for FreeWilson2D(N_x=2, N_y=2, mass=-6.000, r=1.000)
h_im: 0.0
New op index: 39	$R_{YX-XY}$[1, 2]
Current grad: 93.99999999999991
0:	0.00e+00	0.00e+00
1:	-2.00e+00	0.00e+00
2:	0.00e+00	0.00e+00
3:	0.00e+00	0.00e+00
4:	2.50e+00	0.00e+00
5:	0.00e+00	0.00e+00
6:	0.00e+00	0.00e+00
7:	-2.50e+00	0.00e+00
8:	0.00e+00	0.00e+00
9:	0.00e+00	0.00e+00
10:	2.00e+00	-5.00e-01
11:	0.00e+00	-5.00e-01
12:	0.00e+00	0.00e+00
13:	2.00e+00	-5.00e-01
14:	0.00e+00	-5.00e-01
15:	0.00e+00	2.12e-15
16:	-2.50e+00	2.10e-15
17:	0.00e+00	1.39e-17
18:	0.00e+00	2.08e-15
19:	2.50e+00	2.09e-15
20:	0.00e+00	6.94e-18
21:	0.00e+00	2.12e-15
22:	-2.00e+00	2.09e-15
23:	0.00e+00	1.39e-17
24:	0.00e+00	0.00e+00
25:	-4.50e+00	0.00e+00
26:	0.00e+00	0.00e+00
27:	5.00e-01	0.00e+00
28:	0.00e+00	-5.00e-01
29:	-4.00e+00	-5.00e-01
30:	0.00e+00	-5.00e-01
31:	-4.00e+00	-5.00e-01
32:	0.00e+00	2.78e-17
33:	5.00e-01	2.78e-17
34:	0.00e+00	-2.08e-17
35:	-4.50e+00	-2.08e-17
36:	0.00e+00	1.39e-17
37:	-2.08e-17	1.39e-17
38:	0.00e+00	0.00e+00
39:	5.00e+00	0.00e+00
40:	0.00e+00	-5.00e-01
41:	5.00e-01	-5.00e-01
42:	0.00e+00	-5.00e-01
43:	5.00e-01	-5.00e-01
44:	0.00e+00	8.33e-17
45:	5.00e+00	8.33e-17
46:	0.00e+00	4.86e-17
47:	-6.94e-18	4.86e-17
48:	0.00e+00	8.33e-17
49:	4.50e+00	8.33e-17
50:	0.00e+00	-5.00e-01
51:	-4.50e+00	-5.00e-01
52:	0.00e+00	-5.00e-01
53:	-4.50e+00	-5.00e-01
54:	0.00e+00	2.78e-17
55:	-2.08e-17	2.78e-17
56:	0.00e+00	-3.47e-17
57:	-5.00e+00	-3.47e-17
58:	0.00e+00	0.00e+00
59:	-5.00e-01	0.00e+00
60:	0.00e+00	6.94e-18
61:	0.00e+00	-2.00e+00
62:	0.00e+00	-5.00e-01
63:	4.50e+00	-5.00e-01
64:	0.00e+00	-5.00e-01
65:	-5.00e-01	-5.00e-01
66:	0.00e+00	-5.00e-01
67:	4.00e+00	-5.00e-01
68:	0.00e+00	-5.00e-01
69:	4.50e+00	-5.00e-01
70:	0.00e+00	-5.00e-01
71:	-5.00e-01	-5.00e-01
72:	0.00e+00	-5.00e-01
73:	4.00e+00	-5.00e-01
74:	0.00e+00	2.08e-17
75:	-5.00e+00	2.08e-17
76:	0.00e+00	0.00e+00
77:	-5.00e-01	5.55e-17
78:	0.00e+00	2.08e-17
79:	4.50e+00	2.08e-17
New op index: 4	$R_Y$[1]
Current grad: 151.1539343316329
New op index: 39	$R_{YX-XY}$[1, 2]
Current grad: 76.53402367456096
New op index: 75	$R_{YX-XY}$[5, 6]
Current grad: 60.776795225169025
New op index: 16	$R_Y$[5]
Current grad: 120.77779754994982
New op index: 75	$R_{YX-XY}$[5, 6]
Current grad: 47.57255567387733
New op index: 29	$R_{YX-XY}$[0, 3]
Current grad: 33.72170088517189
New op index: 1	$R_Y$[0]
Current grad: 90.37138213580232
New op index: 29	$R_{YX-XY}$[0, 3]
Current grad: 24.54138821282027
New op index: 73	$R_{YX-XY}$[4, 7]
Current grad: 12.918716238431415
New op index: 13	$R_Y$[4]
Current grad: 75.59357022586593
New op index: 73	$R_{YX-XY}$[4, 7]
Current grad: 16.253861850800767
New op index: 1	$R_Y$[0]
Current grad: 0.0008014507577190918
Precision cutoff reached.
Calculating energies for FreeWilson2D(N_x=2, N_y=2, mass=-5.837, r=1.000)
h_im: 0.0
New op index: 39	$R_{YX-XY}$[1, 2]
Current grad: 90.73469387755094
0:	0.00e+00	0.00e+00
1:	-1.92e+00	0.00e+00
2:	0.00e+00	0.00e+00
3:	0.00e+00	0.00e+00
4:	2.42e+00	0.00e+00
5:	0.00e+00	0.00e+00
6:	0.00e+00	0.00e+00
7:	-2.42e+00	0.00e+00
8:	0.00e+00	0.00e+00
9:	0.00e+00	0.00e+00
10:	1.92e+00	-5.00e-01
11:	0.00e+00	-5.00e-01
12:	0.00e+00	0.00e+00
13:	1.92e+00	-5.00e-01
14:	0.00e+00	-5.00e-01
15:	0.00e+00	2.12e-15
16:	-2.42e+00	2.09e-15
17:	0.00e+00	1.39e-17
18:	0.00e+00	2.08e-15
19:	2.42e+00	2.09e-15
20:	0.00e+00	6.94e-18
21:	0.00e+00	2.12e-15
22:	-1.92e+00	2.09e-15
23:	0.00e+00	1.39e-17
24:	0.00e+00	0.00e+00
25:	-4.34e+00	0.00e+00
26:	0.00e+00	0.00e+00
27:	5.00e-01	0.00e+00
28:	0.00e+00	-5.00e-01
29:	-3.84e+00	-5.00e-01
30:	0.00e+00	-5.00e-01
31:	-3.84e+00	-5.00e-01
32:	0.00e+00	2.78e-17
33:	5.00e-01	2.78e-17
34:	0.00e+00	-1.86e-17
35:	-4.34e+00	-1.86e-17
36:	0.00e+00	1.39e-17
37:	-2.08e-17	1.39e-17
38:	0.00e+00	0.00e+00
39:	4.84e+00	0.00e+00
40:	0.00e+00	-5.00e-01
41:	5.00e-01	-5.00e-01
42:	0.00e+00	-5.00e-01
43:	5.00e-01	-5.00e-01
44:	0.00e+00	8.10e-17
45:	4.84e+00	8.10e-17
46:	0.00e+00	4.86e-17
47:	-6.94e-18	4.86e-17
48:	0.00e+00	8.10e-17
49:	4.34e+00	8.10e-17
50:	0.00e+00	-5.00e-01
51:	-4.34e+00	-5.00e-01
52:	0.00e+00	-5.00e-01
53:	-4.34e+00	-5.00e-01
54:	0.00e+00	2.78e-17
55:	-2.08e-17	2.78e-17
56:	0.00e+00	-3.24e-17
57:	-4.84e+00	-3.24e-17
58:	0.00e+00	0.00e+00
59:	-5.00e-01	0.00e+00
60:	0.00e+00	6.94e-18
61:	0.00e+00	-2.00e+00
62:	0.00e+00	-5.00e-01
63:	4.34e+00	-5.00e-01
64:	0.00e+00	-5.00e-01
65:	-5.00e-01	-5.00e-01
66:	0.00e+00	-5.00e-01
67:	3.84e+00	-5.00e-01
68:	0.00e+00	-5.00e-01
69:	4.34e+00	-5.00e-01
70:	0.00e+00	-5.00e-01
71:	-5.00e-01	-5.00e-01
72:	0.00e+00	-5.00e-01
73:	3.84e+00	-5.00e-01
74:	0.00e+00	2.08e-17
75:	-4.84e+00	2.08e-17
76:	0.00e+00	0.00e+00
77:	-5.00e-01	5.55e-17
78:	0.00e+00	2.08e-17
79:	4.34e+00	2.08e-17
New op index: 4	$R_Y$[1]
Current grad: 148.57113748436606
New op index: 39	$R_{YX-XY}$[1, 2]
Current grad: 74.20789186051375
New op index: 75	$R_{YX-XY}$[5, 6]
Current grad: 58.82705251393709
New op index: 16	$R_Y$[5]
Current grad: 119.40819576047454
New op index: 75	$R_{YX-XY}$[5, 6]
Current grad: 46.22267350334978
New op index: 67	$R_{YX-XY}$[3, 7]
Current grad: 32.75773857815242
New op index: 22	$R_Y$[7]
Current grad: 89.57569877819162
New op index: 67	$R_{YX-XY}$[3, 7]
Current grad: 23.79610587098251
New op index: 31	$R_{YX-XY}$[0, 4]
Current grad: 12.619742586310728
New op index: 13	$R_Y$[4]
Current grad: 75.49449858588477
New op index: 31	$R_{YX-XY}$[0, 4]
Current grad: 15.89642448392523
New op index: 1	$R_Y$[0]
Current grad: 0.029043975022603467
Parameter value cutoff reached.
Calculating energies for FreeWilson2D(N_x=2, N_y=2, mass=-5.673, r=1.000)
h_im: 0.0
New op index: 39	$R_{YX-XY}$[1, 2]
Current grad: 87.46938775510196
0:	0.00e+00	0.00e+00
1:	-1.84e+00	0.00e+00
2:	0.00e+00	0.00e+00
3:	0.00e+00	0.00e+00
4:	2.34e+00	0.00e+00
5:	0.00e+00	0.00e+00
6:	0.00e+00	0.00e+00
7:	-2.34e+00	0.00e+00
8:	0.00e+00	0.00e+00
9:	0.00e+00	0.00e+00
10:	1.84e+00	-5.00e-01
11:	0.00e+00	-5.00e-01
12:	0.00e+00	0.00e+00
13:	1.84e+00	-5.00e-01
14:	0.00e+00	-5.00e-01
15:	0.00e+00	2.12e-15
16:	-2.34e+00	2.09e-15
17:	0.00e+00	1.39e-17
18:	0.00e+00	2.08e-15
19:	2.34e+00	2.09e-15
20:	0.00e+00	6.94e-18
21:	0.00e+00	2.12e-15
22:	-1.84e+00	2.09e-15
23:	0.00e+00	1.39e-17
24:	0.00e+00	0.00e+00
25:	-4.17e+00	0.00e+00
26:	0.00e+00	0.00e+00
27:	5.00e-01	0.00e+00
28:	0.00e+00	-5.00e-01
29:	-3.67e+00	-5.00e-01
30:	0.00e+00	-5.00e-01
31:	-3.67e+00	-5.00e-01
32:	0.00e+00	2.78e-17
33:	5.00e-01	2.78e-17
34:	0.00e+00	-1.63e-17
35:	-4.17e+00	-1.63e-17
36:	0.00e+00	1.39e-17
37:	-2.08e-17	1.39e-17
38:	0.00e+00	0.00e+00
39:	4.67e+00	0.00e+00
40:	0.00e+00	-5.00e-01
41:	5.00e-01	-5.00e-01
42:	0.00e+00	-5.00e-01
43:	5.00e-01	-5.00e-01
44:	0.00e+00	7.87e-17
45:	4.67e+00	7.87e-17
46:	0.00e+00	4.86e-17
47:	-6.94e-18	4.86e-17
48:	0.00e+00	7.87e-17
49:	4.17e+00	7.87e-17
50:	0.00e+00	-5.00e-01
51:	-4.17e+00	-5.00e-01
52:	0.00e+00	-5.00e-01
53:	-4.17e+00	-5.00e-01
54:	0.00e+00	2.78e-17
55:	-2.08e-17	2.78e-17
56:	0.00e+00	-3.02e-17
57:	-4.67e+00	-3.02e-17
58:	0.00e+00	0.00e+00
59:	-5.00e-01	0.00e+00
60:	0.00e+00	6.94e-18
61:	0.00e+00	-2.00e+00
62:	0.00e+00	-5.00e-01
63:	4.17e+00	-5.00e-01
64:	0.00e+00	-5.00e-01
65:	-5.00e-01	-5.00e-01
66:	0.00e+00	-5.00e-01
67:	3.67e+00	-5.00e-01
68:	0.00e+00	-5.00e-01
69:	4.17e+00	-5.00e-01
70:	0.00e+00	-5.00e-01
71:	-5.00e-01	-5.00e-01
72:	0.00e+00	-5.00e-01
73:	3.67e+00	-5.00e-01
74:	0.00e+00	2.08e-17
75:	-4.67e+00	2.08e-17
76:	0.00e+00	0.00e+00
77:	-5.00e-01	5.55e-17
78:	0.00e+00	2.08e-17
79:	4.17e+00	2.08e-17
New op index: 4	$R_Y$[1]
Current grad: 146.00244673114486
New op index: 39	$R_{YX-XY}$[1, 2]
Current grad: 71.88308060725177
New op index: 75	$R_{YX-XY}$[5, 6]
Current grad: 56.87739928974963
New op index: 19	$R_Y$[6]
Current grad: 118.06259866154072
New op index: 75	$R_{YX-XY}$[5, 6]
Current grad: 44.876339197024535
New op index: 67	$R_{YX-XY}$[3, 7]
Current grad: 31.79328347576022
New op index: 22	$R_Y$[7]
Current grad: 88.78130063939636
New op index: 67	$R_{YX-XY}$[3, 7]
Current grad: 23.032628667021832
New op index: 31	$R_{YX-XY}$[0, 4]
Current grad: 12.280767404465285
New op index: 13	$R_Y$[4]
Current grad: 75.33014948252733
New op index: 31	$R_{YX-XY}$[0, 4]
Current grad: 15.568265035320227
New op index: 39	$R_{YX-XY}$[1, 2]
Current grad: 0.007333646850051013
Adding the same operator twice is not sensible, terminating.
Calculating energies for FreeWilson2D(N_x=2, N_y=2, mass=-5.510, r=1.000)
h_im: 0.0
New op index: 39	$R_{YX-XY}$[1, 2]
Current grad: 84.20408163265299
0:	0.00e+00	0.00e+00
1:	-1.76e+00	0.00e+00
2:	0.00e+00	0.00e+00
3:	0.00e+00	0.00e+00
4:	2.26e+00	0.00e+00
5:	0.00e+00	0.00e+00
6:	0.00e+00	0.00e+00
7:	-2.26e+00	0.00e+00
8:	0.00e+00	0.00e+00
9:	0.00e+00	0.00e+00
10:	1.76e+00	-5.00e-01
11:	0.00e+00	-5.00e-01
12:	0.00e+00	0.00e+00
13:	1.76e+00	-5.00e-01
14:	0.00e+00	-5.00e-01
15:	0.00e+00	2.12e-15
16:	-2.26e+00	2.09e-15
17:	0.00e+00	1.39e-17
18:	0.00e+00	2.08e-15
19:	2.26e+00	2.09e-15
20:	0.00e+00	6.94e-18
21:	0.00e+00	2.11e-15
22:	-1.76e+00	2.09e-15
23:	0.00e+00	1.39e-17
24:	0.00e+00	0.00e+00
25:	-4.01e+00	0.00e+00
26:	0.00e+00	0.00e+00
27:	5.00e-01	0.00e+00
28:	0.00e+00	-5.00e-01
29:	-3.51e+00	-5.00e-01
30:	0.00e+00	-5.00e-01
31:	-3.51e+00	-5.00e-01
32:	0.00e+00	2.78e-17
33:	5.00e-01	2.78e-17
34:	0.00e+00	-1.40e-17
35:	-4.01e+00	-1.40e-17
36:	0.00e+00	1.39e-17
37:	-2.08e-17	1.39e-17
38:	0.00e+00	0.00e+00
39:	4.51e+00	0.00e+00
40:	0.00e+00	-5.00e-01
41:	5.00e-01	-5.00e-01
42:	0.00e+00	-5.00e-01
43:	5.00e-01	-5.00e-01
44:	0.00e+00	7.65e-17
45:	4.51e+00	7.65e-17
46:	0.00e+00	4.86e-17
47:	-6.94e-18	4.86e-17
48:	0.00e+00	7.65e-17
49:	4.01e+00	7.65e-17
50:	0.00e+00	-5.00e-01
51:	-4.01e+00	-5.00e-01
52:	0.00e+00	-5.00e-01
53:	-4.01e+00	-5.00e-01
54:	0.00e+00	2.78e-17
55:	-2.08e-17	2.78e-17
56:	0.00e+00	-2.79e-17
57:	-4.51e+00	-2.79e-17
58:	0.00e+00	0.00e+00
59:	-5.00e-01	0.00e+00
60:	0.00e+00	6.94e-18
61:	0.00e+00	-2.00e+00
62:	0.00e+00	-5.00e-01
63:	4.01e+00	-5.00e-01
64:	0.00e+00	-5.00e-01
65:	-5.00e-01	-5.00e-01
66:	0.00e+00	-5.00e-01
67:	3.51e+00	-5.00e-01
68:	0.00e+00	-5.00e-01
69:	4.01e+00	-5.00e-01
70:	0.00e+00	-5.00e-01
71:	-5.00e-01	-5.00e-01
72:	0.00e+00	-5.00e-01
73:	3.51e+00	-5.00e-01
74:	0.00e+00	2.08e-17
75:	-4.51e+00	2.08e-17
76:	0.00e+00	0.00e+00
77:	-5.00e-01	5.55e-17
78:	0.00e+00	2.08e-17
79:	4.01e+00	2.08e-17
New op index: 4	$R_Y$[1]
Current grad: 143.44981035594424
New op index: 39	$R_{YX-XY}$[1, 2]
Current grad: 69.55968586707367
New op index: 75	$R_{YX-XY}$[5, 6]
Current grad: 54.932563104573575
New op index: 16	$R_Y$[5]
Current grad: 116.72805363018341
New op index: 75	$R_{YX-XY}$[5, 6]
Current grad: 43.53116079090652
New op index: 29	$R_{YX-XY}$[0, 3]
Current grad: 30.827101582497264
New op index: 1	$R_Y$[0]
Current grad: 88.00431133550194
New op index: 29	$R_{YX-XY}$[0, 3]
Current grad: 22.276289943027535
New op index: 73	$R_{YX-XY}$[4, 7]
Current grad: 11.953552315678873
New op index: 13	$R_Y$[4]
Current grad: 75.23014176957493
New op index: 73	$R_{YX-XY}$[4, 7]
Current grad: 15.18813496985312
New op index: 39	$R_{YX-XY}$[1, 2]
Current grad: 0.001802861875410833
Adding the same operator twice is not sensible, terminating.
Calculating energies for FreeWilson2D(N_x=2, N_y=2, mass=-5.347, r=1.000)
h_im: 0.0
New op index: 39	$R_{YX-XY}$[1, 2]
Current grad: 80.93877551020401
0:	0.00e+00	0.00e+00
1:	-1.67e+00	0.00e+00
2:	0.00e+00	0.00e+00
3:	0.00e+00	0.00e+00
4:	2.17e+00	0.00e+00
5:	0.00e+00	0.00e+00
6:	0.00e+00	0.00e+00
7:	-2.17e+00	0.00e+00
8:	0.00e+00	0.00e+00
9:	0.00e+00	0.00e+00
10:	1.67e+00	-5.00e-01
11:	0.00e+00	-5.00e-01
12:	0.00e+00	0.00e+00
13:	1.67e+00	-5.00e-01
14:	0.00e+00	-5.00e-01
15:	0.00e+00	2.12e-15
16:	-2.17e+00	2.09e-15
17:	0.00e+00	1.39e-17
18:	0.00e+00	2.08e-15
19:	2.17e+00	2.09e-15
20:	0.00e+00	6.94e-18
21:	0.00e+00	2.11e-15
22:	-1.67e+00	2.09e-15
23:	0.00e+00	1.39e-17
24:	0.00e+00	0.00e+00
25:	-3.85e+00	0.00e+00
26:	0.00e+00	0.00e+00
27:	5.00e-01	0.00e+00
28:	0.00e+00	-5.00e-01
29:	-3.35e+00	-5.00e-01
30:	0.00e+00	-5.00e-01
31:	-3.35e+00	-5.00e-01
32:	0.00e+00	2.78e-17
33:	5.00e-01	2.78e-17
34:	0.00e+00	-1.18e-17
35:	-3.85e+00	-1.18e-17
36:	0.00e+00	1.39e-17
37:	-2.08e-17	1.39e-17
38:	0.00e+00	0.00e+00
39:	4.35e+00	0.00e+00
40:	0.00e+00	-5.00e-01
41:	5.00e-01	-5.00e-01
42:	0.00e+00	-5.00e-01
43:	5.00e-01	-5.00e-01
44:	0.00e+00	7.42e-17
45:	4.35e+00	7.42e-17
46:	0.00e+00	4.86e-17
47:	-6.94e-18	4.86e-17
48:	0.00e+00	7.42e-17
49:	3.85e+00	7.42e-17
50:	0.00e+00	-5.00e-01
51:	-3.85e+00	-5.00e-01
52:	0.00e+00	-5.00e-01
53:	-3.85e+00	-5.00e-01
54:	0.00e+00	2.78e-17
55:	-2.08e-17	2.78e-17
56:	0.00e+00	-2.56e-17
57:	-4.35e+00	-2.56e-17
58:	0.00e+00	0.00e+00
59:	-5.00e-01	0.00e+00
60:	0.00e+00	6.94e-18
61:	0.00e+00	-2.00e+00
62:	0.00e+00	-5.00e-01
63:	3.85e+00	-5.00e-01
64:	0.00e+00	-5.00e-01
65:	-5.00e-01	-5.00e-01
66:	0.00e+00	-5.00e-01
67:	3.35e+00	-5.00e-01
68:	0.00e+00	-5.00e-01
69:	3.85e+00	-5.00e-01
70:	0.00e+00	-5.00e-01
71:	-5.00e-01	-5.00e-01
72:	0.00e+00	-5.00e-01
73:	3.35e+00	-5.00e-01
74:	0.00e+00	2.08e-17
75:	-4.35e+00	2.08e-17
76:	0.00e+00	0.00e+00
77:	-5.00e-01	5.55e-17
78:	0.00e+00	2.08e-17
79:	3.85e+00	2.08e-17
New op index: 4	$R_Y$[1]
Current grad: 140.91489507682593
New op index: 39	$R_{YX-XY}$[1, 2]
Current grad: 67.23765162428688
New op index: 75	$R_{YX-XY}$[5, 6]
Current grad: 52.97830060372932
New op index: 16	$R_Y$[5]
Current grad: 115.41297025419578
New op index: 75	$R_{YX-XY}$[5, 6]
Current grad: 42.188721469511876
New op index: 29	$R_{YX-XY}$[0, 3]
Current grad: 29.85466089419369
New op index: 1	$R_Y$[0]
Current grad: 87.16090454868782
New op index: 29	$R_{YX-XY}$[0, 3]
Current grad: 21.546050021021756
New op index: 73	$R_{YX-XY}$[4, 7]
Current grad: 11.643541520401518
New op index: 13	$R_Y$[4]
Current grad: 75.10641056131885
New op index: 73	$R_{YX-XY}$[4, 7]
Current grad: 14.839912637493494
New op index: 75	$R_{YX-XY}$[5, 6]
Current grad: 0.06820982830053546
Adding the same operator twice is not sensible, terminating.
Calculating energies for FreeWilson2D(N_x=2, N_y=2, mass=-5.184, r=1.000)
h_im: 0.0
New op index: 39	$R_{YX-XY}$[1, 2]
Current grad: 77.67346938775503
0:	0.00e+00	0.00e+00
1:	-1.59e+00	0.00e+00
2:	0.00e+00	0.00e+00
3:	0.00e+00	0.00e+00
4:	2.09e+00	0.00e+00
5:	0.00e+00	0.00e+00
6:	0.00e+00	0.00e+00
7:	-2.09e+00	0.00e+00
8:	0.00e+00	0.00e+00
9:	0.00e+00	0.00e+00
10:	1.59e+00	-5.00e-01
11:	0.00e+00	-5.00e-01
12:	0.00e+00	0.00e+00
13:	1.59e+00	-5.00e-01
14:	0.00e+00	-5.00e-01
15:	0.00e+00	2.12e-15
16:	-2.09e+00	2.09e-15
17:	0.00e+00	1.39e-17
18:	0.00e+00	2.08e-15
19:	2.09e+00	2.09e-15
20:	0.00e+00	6.94e-18
21:	0.00e+00	2.11e-15
22:	-1.59e+00	2.09e-15
23:	0.00e+00	1.39e-17
24:	0.00e+00	0.00e+00
25:	-3.68e+00	0.00e+00
26:	0.00e+00	0.00e+00
27:	5.00e-01	0.00e+00
28:	0.00e+00	-5.00e-01
29:	-3.18e+00	-5.00e-01
30:	0.00e+00	-5.00e-01
31:	-3.18e+00	-5.00e-01
32:	0.00e+00	2.78e-17
33:	5.00e-01	2.78e-17
34:	0.00e+00	-9.49e-18
35:	-3.68e+00	-9.49e-18
36:	0.00e+00	1.39e-17
37:	-2.08e-17	1.39e-17
38:	0.00e+00	0.00e+00
39:	4.18e+00	0.00e+00
40:	0.00e+00	-5.00e-01
41:	5.00e-01	-5.00e-01
42:	0.00e+00	-5.00e-01
43:	5.00e-01	-5.00e-01
44:	0.00e+00	7.19e-17
45:	4.18e+00	7.19e-17
46:	0.00e+00	4.86e-17
47:	-6.94e-18	4.86e-17
48:	0.00e+00	7.19e-17
49:	3.68e+00	7.19e-17
50:	0.00e+00	-5.00e-01
51:	-3.68e+00	-5.00e-01
52:	0.00e+00	-5.00e-01
53:	-3.68e+00	-5.00e-01
54:	0.00e+00	2.78e-17
55:	-2.08e-17	2.78e-17
56:	0.00e+00	-2.34e-17
57:	-4.18e+00	-2.34e-17
58:	0.00e+00	0.00e+00
59:	-5.00e-01	0.00e+00
60:	0.00e+00	6.94e-18
61:	0.00e+00	-2.00e+00
62:	0.00e+00	-5.00e-01
63:	3.68e+00	-5.00e-01
64:	0.00e+00	-5.00e-01
65:	-5.00e-01	-5.00e-01
66:	0.00e+00	-5.00e-01
67:	3.18e+00	-5.00e-01
68:	0.00e+00	-5.00e-01
69:	3.68e+00	-5.00e-01
70:	0.00e+00	-5.00e-01
71:	-5.00e-01	-5.00e-01
72:	0.00e+00	-5.00e-01
73:	3.18e+00	-5.00e-01
74:	0.00e+00	2.08e-17
75:	-4.18e+00	2.08e-17
76:	0.00e+00	0.00e+00
77:	-5.00e-01	5.55e-17
78:	0.00e+00	2.08e-17
79:	3.68e+00	2.08e-17
New op index: 7	$R_Y$[2]
Current grad: 138.40006884924858
New op index: 39	$R_{YX-XY}$[1, 2]
Current grad: 64.91709422147159
New op index: 75	$R_{YX-XY}$[5, 6]
Current grad: 51.02876969799136
New op index: 16	$R_Y$[5]
Current grad: 114.11437692801842
New op index: 75	$R_{YX-XY}$[5, 6]
Current grad: 40.84169481266395
New op index: 29	$R_{YX-XY}$[0, 3]
Current grad: 28.9038865923809
New op index: 1	$R_Y$[0]
Current grad: 86.30414924483198
New op index: 29	$R_{YX-XY}$[0, 3]
Current grad: 20.79421695047978
New op index: 73	$R_{YX-XY}$[4, 7]
Current grad: 11.311424418176717
New op index: 13	$R_Y$[4]
Current grad: 74.99326346796548
New op index: 73	$R_{YX-XY}$[4, 7]
Current grad: 14.483100815331376
New op index: 75	$R_{YX-XY}$[5, 6]
Current grad: 0.026743399352870824
Adding the same operator twice is not sensible, terminating.
Calculating energies for FreeWilson2D(N_x=2, N_y=2, mass=-5.020, r=1.000)
h_im: 0.0
New op index: 39	$R_{YX-XY}$[1, 2]
Current grad: 74.40816326530606
0:	0.00e+00	0.00e+00
1:	-1.51e+00	0.00e+00
2:	0.00e+00	0.00e+00
3:	0.00e+00	0.00e+00
4:	2.01e+00	0.00e+00
5:	0.00e+00	0.00e+00
6:	0.00e+00	0.00e+00
7:	-2.01e+00	0.00e+00
8:	0.00e+00	0.00e+00
9:	0.00e+00	0.00e+00
10:	1.51e+00	-5.00e-01
11:	0.00e+00	-5.00e-01
12:	0.00e+00	0.00e+00
13:	1.51e+00	-5.00e-01
14:	0.00e+00	-5.00e-01
15:	0.00e+00	2.12e-15
16:	-2.01e+00	2.09e-15
17:	0.00e+00	1.39e-17
18:	0.00e+00	2.09e-15
19:	2.01e+00	2.09e-15
20:	0.00e+00	6.94e-18
21:	0.00e+00	2.11e-15
22:	-1.51e+00	2.09e-15
23:	0.00e+00	1.39e-17
24:	0.00e+00	0.00e+00
25:	-3.52e+00	0.00e+00
26:	0.00e+00	0.00e+00
27:	5.00e-01	0.00e+00
28:	0.00e+00	-5.00e-01
29:	-3.02e+00	-5.00e-01
30:	0.00e+00	-5.00e-01
31:	-3.02e+00	-5.00e-01
32:	0.00e+00	2.78e-17
33:	5.00e-01	2.78e-17
34:	0.00e+00	-7.22e-18
35:	-3.52e+00	-7.22e-18
36:	0.00e+00	1.39e-17
37:	-2.08e-17	1.39e-17
38:	0.00e+00	0.00e+00
39:	4.02e+00	0.00e+00
40:	0.00e+00	-5.00e-01
41:	5.00e-01	-5.00e-01
42:	0.00e+00	-5.00e-01
43:	5.00e-01	-5.00e-01
44:	0.00e+00	6.97e-17
45:	4.02e+00	6.97e-17
46:	0.00e+00	4.86e-17
47:	-6.94e-18	4.86e-17
48:	0.00e+00	6.97e-17
49:	3.52e+00	6.97e-17
50:	0.00e+00	-5.00e-01
51:	-3.52e+00	-5.00e-01
52:	0.00e+00	-5.00e-01
53:	-3.52e+00	-5.00e-01
54:	0.00e+00	2.78e-17
55:	-2.08e-17	2.78e-17
56:	0.00e+00	-2.11e-17
57:	-4.02e+00	-2.11e-17
58:	0.00e+00	0.00e+00
59:	-5.00e-01	0.00e+00
60:	0.00e+00	6.94e-18
61:	0.00e+00	-2.00e+00
62:	0.00e+00	-5.00e-01
63:	3.52e+00	-5.00e-01
64:	0.00e+00	-5.00e-01
65:	-5.00e-01	-5.00e-01
66:	0.00e+00	-5.00e-01
67:	3.02e+00	-5.00e-01
68:	0.00e+00	-5.00e-01
69:	3.52e+00	-5.00e-01
70:	0.00e+00	-5.00e-01
71:	-5.00e-01	-5.00e-01
72:	0.00e+00	-5.00e-01
73:	3.02e+00	-5.00e-01
74:	0.00e+00	2.08e-17
75:	-4.02e+00	2.08e-17
76:	0.00e+00	0.00e+00
77:	-5.00e-01	5.55e-17
78:	0.00e+00	2.08e-17
79:	3.52e+00	2.08e-17
New op index: 7	$R_Y$[2]
Current grad: 135.90805202435698
New op index: 39	$R_{YX-XY}$[1, 2]
Current grad: 62.59801523165339
New op index: 75	$R_{YX-XY}$[5, 6]
Current grad: 49.079602275648085
New op index: 16	$R_Y$[5]
Current grad: 112.84379391648014
New op index: 75	$R_{YX-XY}$[5, 6]
Current grad: 39.50005767335868
New op index: 29	$R_{YX-XY}$[0, 3]
Current grad: 27.922158775128793
New op index: 10	$R_Y$[3]
Current grad: 95.62276915815113
New op index: 29	$R_{YX-XY}$[0, 3]
Current grad: 20.046660309302684
New op index: 73	$R_{YX-XY}$[4, 7]
Current grad: 11.011647854678063
New op index: 22	$R_Y$[7]
Current grad: 74.86636721900369
New op index: 73	$R_{YX-XY}$[4, 7]
Current grad: 14.134000822649714
New op index: 39	$R_{YX-XY}$[1, 2]
Current grad: 0.0024741297268595906
Adding the same operator twice is not sensible, terminating.
Calculating energies for FreeWilson2D(N_x=2, N_y=2, mass=-4.857, r=1.000)
h_im: 0.0
New op index: 39	$R_{YX-XY}$[1, 2]
Current grad: 71.14285714285708
0:	0.00e+00	0.00e+00
1:	-1.43e+00	0.00e+00
2:	0.00e+00	0.00e+00
3:	0.00e+00	0.00e+00
4:	1.93e+00	0.00e+00
5:	0.00e+00	0.00e+00
6:	0.00e+00	0.00e+00
7:	-1.93e+00	0.00e+00
8:	0.00e+00	0.00e+00
9:	0.00e+00	0.00e+00
10:	1.43e+00	-5.00e-01
11:	0.00e+00	-5.00e-01
12:	0.00e+00	0.00e+00
13:	1.43e+00	-5.00e-01
14:	0.00e+00	-5.00e-01
15:	0.00e+00	2.12e-15
16:	-1.93e+00	2.09e-15
17:	0.00e+00	1.39e-17
18:	0.00e+00	2.09e-15
19:	1.93e+00	2.09e-15
20:	0.00e+00	6.94e-18
21:	0.00e+00	2.11e-15
22:	-1.43e+00	2.08e-15
23:	0.00e+00	1.39e-17
24:	0.00e+00	0.00e+00
25:	-3.36e+00	0.00e+00
26:	0.00e+00	0.00e+00
27:	5.00e-01	0.00e+00
28:	0.00e+00	-5.00e-01
29:	-2.86e+00	-5.00e-01
30:	0.00e+00	-5.00e-01
31:	-2.86e+00	-5.00e-01
32:	0.00e+00	2.78e-17
33:	5.00e-01	2.78e-17
34:	0.00e+00	-4.96e-18
35:	-3.36e+00	-4.96e-18
36:	0.00e+00	1.39e-17
37:	-2.08e-17	1.39e-17
38:	0.00e+00	0.00e+00
39:	3.86e+00	0.00e+00
40:	0.00e+00	-5.00e-01
41:	5.00e-01	-5.00e-01
42:	0.00e+00	-5.00e-01
43:	5.00e-01	-5.00e-01
44:	0.00e+00	6.74e-17
45:	3.86e+00	6.74e-17
46:	0.00e+00	4.86e-17
47:	-6.94e-18	4.86e-17
48:	0.00e+00	6.74e-17
49:	3.36e+00	6.74e-17
50:	0.00e+00	-5.00e-01
51:	-3.36e+00	-5.00e-01
52:	0.00e+00	-5.00e-01
53:	-3.36e+00	-5.00e-01
54:	0.00e+00	2.78e-17
55:	-2.08e-17	2.78e-17
56:	0.00e+00	-1.88e-17
57:	-3.86e+00	-1.88e-17
58:	0.00e+00	0.00e+00
59:	-5.00e-01	0.00e+00
60:	0.00e+00	6.94e-18
61:	0.00e+00	-2.00e+00
62:	0.00e+00	-5.00e-01
63:	3.36e+00	-5.00e-01
64:	0.00e+00	-5.00e-01
65:	-5.00e-01	-5.00e-01
66:	0.00e+00	-5.00e-01
67:	2.86e+00	-5.00e-01
68:	0.00e+00	-5.00e-01
69:	3.36e+00	-5.00e-01
70:	0.00e+00	-5.00e-01
71:	-5.00e-01	-5.00e-01
72:	0.00e+00	-5.00e-01
73:	2.86e+00	-5.00e-01
74:	0.00e+00	2.08e-17
75:	-3.86e+00	2.08e-17
76:	0.00e+00	0.00e+00
77:	-5.00e-01	5.55e-17
78:	0.00e+00	2.08e-17
79:	3.36e+00	2.08e-17
New op index: 4	$R_Y$[1]
Current grad: 133.44222692190328
New op index: 39	$R_{YX-XY}$[1, 2]
Current grad: 60.280385201744565
New op index: 75	$R_{YX-XY}$[5, 6]
Current grad: 47.130165922388116
New op index: 16	$R_Y$[5]
Current grad: 111.59399836174043
New op index: 75	$R_{YX-XY}$[5, 6]
Current grad: 38.159520861128975
New op index: 67	$R_{YX-XY}$[3, 7]
Current grad: 26.955484227447446
New op index: 10	$R_Y$[3]
Current grad: 95.20247306161133
New op index: 67	$R_{YX-XY}$[3, 7]
Current grad: 19.317670273302735
New op index: 31	$R_{YX-XY}$[0, 4]
Current grad: 10.673824244118872
New op index: 1	$R_Y$[0]
Current grad: 74.7566854775925
New op index: 31	$R_{YX-XY}$[0, 4]
Current grad: 13.797478568209403
New op index: 1	$R_Y$[0]
Current grad: 0.013702205195625873
Parameter value cutoff reached.
Calculating energies for FreeWilson2D(N_x=2, N_y=2, mass=-4.694, r=1.000)
h_im: 0.0
New op index: 39	$R_{YX-XY}$[1, 2]
Current grad: 67.87755102040812
0:	0.00e+00	0.00e+00
1:	-1.35e+00	0.00e+00
2:	0.00e+00	0.00e+00
3:	0.00e+00	0.00e+00
4:	1.85e+00	0.00e+00
5:	0.00e+00	0.00e+00
6:	0.00e+00	0.00e+00
7:	-1.85e+00	0.00e+00
8:	0.00e+00	0.00e+00
9:	0.00e+00	0.00e+00
10:	1.35e+00	-5.00e-01
11:	0.00e+00	-5.00e-01
12:	0.00e+00	0.00e+00
13:	1.35e+00	-5.00e-01
14:	0.00e+00	-5.00e-01
15:	0.00e+00	2.12e-15
16:	-1.85e+00	2.09e-15
17:	0.00e+00	1.39e-17
18:	0.00e+00	2.09e-15
19:	1.85e+00	2.09e-15
20:	0.00e+00	6.94e-18
21:	0.00e+00	2.11e-15
22:	-1.35e+00	2.08e-15
23:	0.00e+00	1.39e-17
24:	0.00e+00	0.00e+00
25:	-3.19e+00	0.00e+00
26:	0.00e+00	0.00e+00
27:	5.00e-01	0.00e+00
28:	0.00e+00	-5.00e-01
29:	-2.69e+00	-5.00e-01
30:	0.00e+00	-5.00e-01
31:	-2.69e+00	-5.00e-01
32:	0.00e+00	2.78e-17
33:	5.00e-01	2.78e-17
34:	0.00e+00	-2.69e-18
35:	-3.19e+00	-2.69e-18
36:	0.00e+00	1.39e-17
37:	-2.08e-17	1.39e-17
38:	0.00e+00	0.00e+00
39:	3.69e+00	0.00e+00
40:	0.00e+00	-5.00e-01
41:	5.00e-01	-5.00e-01
42:	0.00e+00	-5.00e-01
43:	5.00e-01	-5.00e-01
44:	0.00e+00	6.51e-17
45:	3.69e+00	6.51e-17
46:	0.00e+00	4.86e-17
47:	-6.94e-18	4.86e-17
48:	0.00e+00	6.51e-17
49:	3.19e+00	6.51e-17
50:	0.00e+00	-5.00e-01
51:	-3.19e+00	-5.00e-01
52:	0.00e+00	-5.00e-01
53:	-3.19e+00	-5.00e-01
54:	0.00e+00	2.78e-17
55:	-2.08e-17	2.78e-17
56:	0.00e+00	-1.66e-17
57:	-3.69e+00	-1.66e-17
58:	0.00e+00	0.00e+00
59:	-5.00e-01	0.00e+00
60:	0.00e+00	6.94e-18
61:	0.00e+00	-2.00e+00
62:	0.00e+00	-5.00e-01
63:	3.19e+00	-5.00e-01
64:	0.00e+00	-5.00e-01
65:	-5.00e-01	-5.00e-01
66:	0.00e+00	-5.00e-01
67:	2.69e+00	-5.00e-01
68:	0.00e+00	-5.00e-01
69:	3.19e+00	-5.00e-01
70:	0.00e+00	-5.00e-01
71:	-5.00e-01	-5.00e-01
72:	0.00e+00	-5.00e-01
73:	2.69e+00	-5.00e-01
74:	0.00e+00	2.08e-17
75:	-3.69e+00	2.08e-17
76:	0.00e+00	0.00e+00
77:	-5.00e-01	5.55e-17
78:	0.00e+00	2.08e-17
79:	3.19e+00	2.08e-17
New op index: 7	$R_Y$[2]
Current grad: 131.0234332994625
New op index: 39	$R_{YX-XY}$[1, 2]
Current grad: 57.964370794795414
New op index: 75	$R_{YX-XY}$[5, 6]
Current grad: 45.18524667969747
New op index: 16	$R_Y$[5]
Current grad: 110.37413201326139
New op index: 75	$R_{YX-XY}$[5, 6]
Current grad: 36.82214750836742
New op index: 67	$R_{YX-XY}$[3, 7]
Current grad: 25.989317304789537
New op index: 10	$R_Y$[3]
Current grad: 94.81228322996617
New op index: 67	$R_{YX-XY}$[3, 7]
Current grad: 18.584513819324766
New op index: 31	$R_{YX-XY}$[0, 4]
Current grad: 10.358294818180298
New op index: 13	$R_Y$[4]
Current grad: 74.62433516601564
New op index: 31	$R_{YX-XY}$[0, 4]
Current grad: 13.446082109368913
New op index: 10	$R_Y$[3]
Current grad: 0.06298243641599505
Parameter value cutoff reached.
Calculating energies for FreeWilson2D(N_x=2, N_y=2, mass=-4.531, r=1.000)
h_im: 0.0
New op index: 39	$R_{YX-XY}$[1, 2]
Current grad: 64.61224489795913
0:	0.00e+00	0.00e+00
1:	-1.27e+00	0.00e+00
2:	0.00e+00	0.00e+00
3:	0.00e+00	0.00e+00
4:	1.77e+00	0.00e+00
5:	0.00e+00	0.00e+00
6:	0.00e+00	0.00e+00
7:	-1.77e+00	0.00e+00
8:	0.00e+00	0.00e+00
9:	0.00e+00	0.00e+00
10:	1.27e+00	-5.00e-01
11:	0.00e+00	-5.00e-01
12:	0.00e+00	0.00e+00
13:	1.27e+00	-5.00e-01
14:	0.00e+00	-5.00e-01
15:	0.00e+00	2.12e-15
16:	-1.77e+00	2.09e-15
17:	0.00e+00	1.39e-17
18:	0.00e+00	2.09e-15
19:	1.77e+00	2.09e-15
20:	0.00e+00	6.94e-18
21:	0.00e+00	2.11e-15
22:	-1.27e+00	2.08e-15
23:	0.00e+00	1.39e-17
24:	0.00e+00	0.00e+00
25:	-3.03e+00	0.00e+00
26:	0.00e+00	0.00e+00
27:	5.00e-01	0.00e+00
28:	0.00e+00	-5.00e-01
29:	-2.53e+00	-5.00e-01
30:	0.00e+00	-5.00e-01
31:	-2.53e+00	-5.00e-01
32:	0.00e+00	2.78e-17
33:	5.00e-01	2.78e-17
34:	0.00e+00	-4.25e-19
35:	-3.03e+00	-4.25e-19
36:	0.00e+00	1.39e-17
37:	-2.08e-17	1.39e-17
38:	0.00e+00	0.00e+00
39:	3.53e+00	0.00e+00
40:	0.00e+00	-5.00e-01
41:	5.00e-01	-5.00e-01
42:	0.00e+00	-5.00e-01
43:	5.00e-01	-5.00e-01
44:	0.00e+00	6.29e-17
45:	3.53e+00	6.29e-17
46:	0.00e+00	4.86e-17
47:	-6.94e-18	4.86e-17
48:	0.00e+00	6.29e-17
49:	3.03e+00	6.29e-17
50:	0.00e+00	-5.00e-01
51:	-3.03e+00	-5.00e-01
52:	0.00e+00	-5.00e-01
53:	-3.03e+00	-5.00e-01
54:	0.00e+00	2.78e-17
55:	-2.08e-17	2.78e-17
56:	0.00e+00	-1.43e-17
57:	-3.53e+00	-1.43e-17
58:	0.00e+00	0.00e+00
59:	-5.00e-01	0.00e+00
60:	0.00e+00	6.94e-18
61:	0.00e+00	-2.00e+00
62:	0.00e+00	-5.00e-01
63:	3.03e+00	-5.00e-01
64:	0.00e+00	-5.00e-01
65:	-5.00e-01	-5.00e-01
66:	0.00e+00	-5.00e-01
67:	2.53e+00	-5.00e-01
68:	0.00e+00	-5.00e-01
69:	3.03e+00	-5.00e-01
70:	0.00e+00	-5.00e-01
71:	-5.00e-01	-5.00e-01
72:	0.00e+00	-5.00e-01
73:	2.53e+00	-5.00e-01
74:	0.00e+00	2.08e-17
75:	-3.53e+00	2.08e-17
76:	0.00e+00	0.00e+00
77:	-5.00e-01	5.55e-17
78:	0.00e+00	2.08e-17
79:	3.03e+00	2.08e-17
New op index: 4	$R_Y$[1]
Current grad: 128.61639156128666
New op index: 39	$R_{YX-XY}$[1, 2]
Current grad: 55.64981493610364
New op index: 75	$R_{YX-XY}$[5, 6]
Current grad: 43.23405231343948
New op index: 16	$R_Y$[5]
Current grad: 109.18953593625989
New op index: 75	$R_{YX-XY}$[5, 6]
Current grad: 35.4863859353229
New op index: 29	$R_{YX-XY}$[0, 3]
Current grad: 25.023395858263644
New op index: 10	$R_Y$[3]
Current grad: 94.4668331225333
New op index: 29	$R_{YX-XY}$[0, 3]
Current grad: 17.85861414678789
New op index: 73	$R_{YX-XY}$[4, 7]
Current grad: 10.025880688155809
New op index: 13	$R_Y$[4]
Current grad: 74.4850095021186
New op index: 73	$R_{YX-XY}$[4, 7]
Current grad: 13.096134389029592
New op index: 39	$R_{YX-XY}$[1, 2]
Current grad: 0.0003964084520659864
Precision cutoff reached.
Calculating energies for FreeWilson2D(N_x=2, N_y=2, mass=-4.367, r=1.000)
h_im: 0.0
New op index: 39	$R_{YX-XY}$[1, 2]
Current grad: 61.346938775510154
0:	0.00e+00	0.00e+00
1:	-1.18e+00	0.00e+00
2:	0.00e+00	0.00e+00
3:	0.00e+00	0.00e+00
4:	1.68e+00	0.00e+00
5:	0.00e+00	0.00e+00
6:	0.00e+00	0.00e+00
7:	-1.68e+00	0.00e+00
8:	0.00e+00	0.00e+00
9:	0.00e+00	0.00e+00
10:	1.18e+00	-5.00e-01
11:	0.00e+00	-5.00e-01
12:	0.00e+00	0.00e+00
13:	1.18e+00	-5.00e-01
14:	0.00e+00	-5.00e-01
15:	0.00e+00	2.12e-15
16:	-1.68e+00	2.09e-15
17:	0.00e+00	1.39e-17
18:	0.00e+00	2.09e-15
19:	1.68e+00	2.09e-15
20:	0.00e+00	6.94e-18
21:	0.00e+00	2.11e-15
22:	-1.18e+00	2.08e-15
23:	0.00e+00	1.39e-17
24:	0.00e+00	0.00e+00
25:	-2.87e+00	0.00e+00
26:	0.00e+00	0.00e+00
27:	5.00e-01	0.00e+00
28:	0.00e+00	-5.00e-01
29:	-2.37e+00	-5.00e-01
30:	0.00e+00	-5.00e-01
31:	-2.37e+00	-5.00e-01
32:	0.00e+00	2.78e-17
33:	5.00e-01	2.78e-17
34:	0.00e+00	1.84e-18
35:	-2.87e+00	1.84e-18
36:	0.00e+00	1.39e-17
37:	-2.08e-17	1.39e-17
38:	0.00e+00	0.00e+00
39:	3.37e+00	0.00e+00
40:	0.00e+00	-5.00e-01
41:	5.00e-01	-5.00e-01
42:	0.00e+00	-5.00e-01
43:	5.00e-01	-5.00e-01
44:	0.00e+00	6.06e-17
45:	3.37e+00	6.06e-17
46:	0.00e+00	4.86e-17
47:	-6.94e-18	4.86e-17
48:	0.00e+00	6.06e-17
49:	2.87e+00	6.06e-17
50:	0.00e+00	-5.00e-01
51:	-2.87e+00	-5.00e-01
52:	0.00e+00	-5.00e-01
53:	-2.87e+00	-5.00e-01
54:	0.00e+00	2.78e-17
55:	-2.08e-17	2.78e-17
56:	0.00e+00	-1.20e-17
57:	-3.37e+00	-1.20e-17
58:	0.00e+00	0.00e+00
59:	-5.00e-01	0.00e+00
60:	0.00e+00	6.94e-18
61:	0.00e+00	-2.00e+00
62:	0.00e+00	-5.00e-01
63:	2.87e+00	-5.00e-01
64:	0.00e+00	-5.00e-01
65:	-5.00e-01	-5.00e-01
66:	0.00e+00	-5.00e-01
67:	2.37e+00	-5.00e-01
68:	0.00e+00	-5.00e-01
69:	2.87e+00	-5.00e-01
70:	0.00e+00	-5.00e-01
71:	-5.00e-01	-5.00e-01
72:	0.00e+00	-5.00e-01
73:	2.37e+00	-5.00e-01
74:	0.00e+00	2.08e-17
75:	-3.37e+00	2.08e-17
76:	0.00e+00	0.00e+00
77:	-5.00e-01	5.55e-17
78:	0.00e+00	2.08e-17
79:	2.87e+00	2.08e-17
New op index: 7	$R_Y$[2]
Current grad: 126.24253352546057
New op index: 39	$R_{YX-XY}$[1, 2]
Current grad: 53.3369886986333
New op index: 75	$R_{YX-XY}$[5, 6]
Current grad: 41.28481294954214
New op index: 16	$R_Y$[5]
Current grad: 108.04422906811104
New op index: 75	$R_{YX-XY}$[5, 6]
Current grad: 34.153192043457416
New op index: 29	$R_{YX-XY}$[0, 3]
Current grad: 24.057618832677136
New op index: 10	$R_Y$[3]
Current grad: 94.14055786424515
New op index: 29	$R_{YX-XY}$[0, 3]
Current grad: 17.121237009712473
New op index: 73	$R_{YX-XY}$[4, 7]
Current grad: 9.702479121145224
New op index: 13	$R_Y$[4]
Current grad: 74.37398115846467
New op index: 73	$R_{YX-XY}$[4, 7]
Current grad: 12.753171190471253
New op index: 39	$R_{YX-XY}$[1, 2]
Current grad: 0.00038967609814608136
Precision cutoff reached.
Calculating energies for FreeWilson2D(N_x=2, N_y=2, mass=-4.204, r=1.000)
h_im: 0.0
New op index: 39	$R_{YX-XY}$[1, 2]
Current grad: 58.08163265306118
0:	0.00e+00	0.00e+00
1:	-1.10e+00	0.00e+00
2:	0.00e+00	0.00e+00
3:	0.00e+00	0.00e+00
4:	1.60e+00	0.00e+00
5:	0.00e+00	0.00e+00
6:	0.00e+00	0.00e+00
7:	-1.60e+00	0.00e+00
8:	0.00e+00	0.00e+00
9:	0.00e+00	0.00e+00
10:	1.10e+00	-5.00e-01
11:	0.00e+00	-5.00e-01
12:	0.00e+00	0.00e+00
13:	1.10e+00	-5.00e-01
14:	0.00e+00	-5.00e-01
15:	0.00e+00	2.12e-15
16:	-1.60e+00	2.09e-15
17:	0.00e+00	1.39e-17
18:	0.00e+00	2.09e-15
19:	1.60e+00	2.09e-15
20:	0.00e+00	6.94e-18
21:	0.00e+00	2.11e-15
22:	-1.10e+00	2.08e-15
23:	0.00e+00	1.39e-17
24:	0.00e+00	0.00e+00
25:	-2.70e+00	0.00e+00
26:	0.00e+00	0.00e+00
27:	5.00e-01	0.00e+00
28:	0.00e+00	-5.00e-01
29:	-2.20e+00	-5.00e-01
30:	0.00e+00	-5.00e-01
31:	-2.20e+00	-5.00e-01
32:	0.00e+00	2.78e-17
33:	5.00e-01	2.78e-17
34:	0.00e+00	4.11e-18
35:	-2.70e+00	4.11e-18
36:	0.00e+00	1.39e-17
37:	-2.08e-17	1.39e-17
38:	0.00e+00	0.00e+00
39:	3.20e+00	0.00e+00
40:	0.00e+00	-5.00e-01
41:	5.00e-01	-5.00e-01
42:	0.00e+00	-5.00e-01
43:	5.00e-01	-5.00e-01
44:	0.00e+00	5.83e-17
45:	3.20e+00	5.83e-17
46:	0.00e+00	4.86e-17
47:	-6.94e-18	4.86e-17
48:	0.00e+00	5.83e-17
49:	2.70e+00	5.83e-17
50:	0.00e+00	-5.00e-01
51:	-2.70e+00	-5.00e-01
52:	0.00e+00	-5.00e-01
53:	-2.70e+00	-5.00e-01
54:	0.00e+00	2.78e-17
55:	-2.08e-17	2.78e-17
56:	0.00e+00	-9.77e-18
57:	-3.20e+00	-9.77e-18
58:	0.00e+00	0.00e+00
59:	-5.00e-01	0.00e+00
60:	0.00e+00	6.94e-18
61:	0.00e+00	-2.00e+00
62:	0.00e+00	-5.00e-01
63:	2.70e+00	-5.00e-01
64:	0.00e+00	-5.00e-01
65:	-5.00e-01	-5.00e-01
66:	0.00e+00	-5.00e-01
67:	2.20e+00	-5.00e-01
68:	0.00e+00	-5.00e-01
69:	2.70e+00	-5.00e-01
70:	0.00e+00	-5.00e-01
71:	-5.00e-01	-5.00e-01
72:	0.00e+00	-5.00e-01
73:	2.20e+00	-5.00e-01
74:	0.00e+00	2.08e-17
75:	-3.20e+00	2.08e-17
76:	0.00e+00	0.00e+00
77:	-5.00e-01	5.55e-17
78:	0.00e+00	2.08e-17
79:	2.70e+00	2.08e-17
New op index: 4	$R_Y$[1]
Current grad: 123.9316945873995
New op index: 39	$R_{YX-XY}$[1, 2]
Current grad: 51.02556387587664
New op index: 75	$R_{YX-XY}$[5, 6]
Current grad: 39.33625857434653
New op index: 16	$R_Y$[5]
Current grad: 106.94791960967976
New op index: 75	$R_{YX-XY}$[5, 6]
Current grad: 32.82053975743783
New op index: 29	$R_{YX-XY}$[0, 3]
Current grad: 23.092228318934808
New op index: 10	$R_Y$[3]
Current grad: 93.88244809379017
New op index: 29	$R_{YX-XY}$[0, 3]
Current grad: 16.399542601932303
New op index: 73	$R_{YX-XY}$[4, 7]
Current grad: 9.380186647467909
New op index: 13	$R_Y$[4]
Current grad: 74.24618046038229
New op index: 73	$R_{YX-XY}$[4, 7]
Current grad: 12.434115311875622
New op index: 13	$R_Y$[4]
Current grad: 0.0053614420471528035
Parameter value cutoff reached.
Calculating energies for FreeWilson2D(N_x=2, N_y=2, mass=-4.041, r=1.000)
h_im: 0.0
New op index: 39	$R_{YX-XY}$[1, 2]
Current grad: 54.81632653061219
0:	0.00e+00	0.00e+00
1:	-1.02e+00	0.00e+00
2:	0.00e+00	0.00e+00
3:	0.00e+00	0.00e+00
4:	1.52e+00	0.00e+00
5:	0.00e+00	0.00e+00
6:	0.00e+00	0.00e+00
7:	-1.52e+00	0.00e+00
8:	0.00e+00	0.00e+00
9:	0.00e+00	0.00e+00
10:	1.02e+00	-5.00e-01
11:	0.00e+00	-5.00e-01
12:	0.00e+00	0.00e+00
13:	1.02e+00	-5.00e-01
14:	0.00e+00	-5.00e-01
15:	0.00e+00	2.12e-15
16:	-1.52e+00	2.09e-15
17:	0.00e+00	1.39e-17
18:	0.00e+00	2.09e-15
19:	1.52e+00	2.10e-15
20:	0.00e+00	6.94e-18
21:	0.00e+00	2.11e-15
22:	-1.02e+00	2.08e-15
23:	0.00e+00	1.39e-17
24:	0.00e+00	0.00e+00
25:	-2.54e+00	0.00e+00
26:	0.00e+00	0.00e+00
27:	5.00e-01	0.00e+00
28:	0.00e+00	-5.00e-01
29:	-2.04e+00	-5.00e-01
30:	0.00e+00	-5.00e-01
31:	-2.04e+00	-5.00e-01
32:	0.00e+00	2.78e-17
33:	5.00e-01	2.78e-17
34:	0.00e+00	6.37e-18
35:	-2.54e+00	6.37e-18
36:	0.00e+00	1.39e-17
37:	-2.08e-17	1.39e-17
38:	0.00e+00	0.00e+00
39:	3.04e+00	0.00e+00
40:	0.00e+00	-5.00e-01
41:	5.00e-01	-5.00e-01
42:	0.00e+00	-5.00e-01
43:	5.00e-01	-5.00e-01
44:	0.00e+00	5.61e-17
45:	3.04e+00	5.61e-17
46:	0.00e+00	4.86e-17
47:	-6.94e-18	4.86e-17
48:	0.00e+00	5.61e-17
49:	2.54e+00	5.61e-17
50:	0.00e+00	-5.00e-01
51:	-2.54e+00	-5.00e-01
52:	0.00e+00	-5.00e-01
53:	-2.54e+00	-5.00e-01
54:	0.00e+00	2.78e-17
55:	-2.08e-17	2.78e-17
56:	0.00e+00	-7.51e-18
57:	-3.04e+00	-7.51e-18
58:	0.00e+00	0.00e+00
59:	-5.00e-01	0.00e+00
60:	0.00e+00	6.94e-18
61:	0.00e+00	-2.00e+00
62:	0.00e+00	-5.00e-01
63:	2.54e+00	-5.00e-01
64:	0.00e+00	-5.00e-01
65:	-5.00e-01	-5.00e-01
66:	0.00e+00	-5.00e-01
67:	2.04e+00	-5.00e-01
68:	0.00e+00	-5.00e-01
69:	2.54e+00	-5.00e-01
70:	0.00e+00	-5.00e-01
71:	-5.00e-01	-5.00e-01
72:	0.00e+00	-5.00e-01
73:	2.04e+00	-5.00e-01
74:	0.00e+00	2.08e-17
75:	-3.04e+00	2.08e-17
76:	0.00e+00	0.00e+00
77:	-5.00e-01	5.55e-17
78:	0.00e+00	2.08e-17
79:	2.54e+00	2.08e-17
New op index: 7	$R_Y$[2]
Current grad: 121.67031678058706
New op index: 39	$R_{YX-XY}$[1, 2]
Current grad: 48.725877616196726
New op index: 75	$R_{YX-XY}$[5, 6]
Current grad: 37.38634599813946
New op index: 16	$R_Y$[5]
Current grad: 105.90585790622069
New op index: 75	$R_{YX-XY}$[5, 6]
Current grad: 31.494773899501205
New op index: 67	$R_{YX-XY}$[3, 7]
Current grad: 22.135734072674317
New op index: 10	$R_Y$[3]
Current grad: 93.76727181372391
New op index: 67	$R_{YX-XY}$[3, 7]
Current grad: 15.6841213670988
New op index: 31	$R_{YX-XY}$[0, 4]
Current grad: 9.06126153576227
New op index: 13	$R_Y$[4]
Current grad: 74.12963681447741
New op index: 31	$R_{YX-XY}$[0, 4]
Current grad: 12.077150797149278
New op index: 31	$R_{YX-XY}$[0, 4]
Current grad: 0.027475125283447588
Adding the same operator twice is not sensible, terminating.
Calculating energies for FreeWilson2D(N_x=2, N_y=2, mass=-3.878, r=1.000)
h_im: 0.0
New op index: 39	$R_{YX-XY}$[1, 2]
Current grad: 51.551020408163225
0:	0.00e+00	0.00e+00
1:	-9.39e-01	0.00e+00
2:	0.00e+00	0.00e+00
3:	0.00e+00	0.00e+00
4:	1.44e+00	0.00e+00
5:	0.00e+00	0.00e+00
6:	0.00e+00	0.00e+00
7:	-1.44e+00	0.00e+00
8:	0.00e+00	0.00e+00
9:	0.00e+00	0.00e+00
10:	9.39e-01	-5.00e-01
11:	0.00e+00	-5.00e-01
12:	0.00e+00	0.00e+00
13:	9.39e-01	-5.00e-01
14:	0.00e+00	-5.00e-01
15:	0.00e+00	2.12e-15
16:	-1.44e+00	2.09e-15
17:	0.00e+00	1.39e-17
18:	0.00e+00	2.09e-15
19:	1.44e+00	2.10e-15
20:	0.00e+00	6.94e-18
21:	0.00e+00	2.11e-15
22:	-9.39e-01	2.08e-15
23:	0.00e+00	1.39e-17
24:	0.00e+00	0.00e+00
25:	-2.38e+00	0.00e+00
26:	0.00e+00	0.00e+00
27:	5.00e-01	0.00e+00
28:	0.00e+00	-5.00e-01
29:	-1.88e+00	-5.00e-01
30:	0.00e+00	-5.00e-01
31:	-1.88e+00	-5.00e-01
32:	0.00e+00	2.78e-17
33:	5.00e-01	2.78e-17
34:	0.00e+00	8.64e-18
35:	-2.38e+00	8.64e-18
36:	0.00e+00	1.39e-17
37:	-2.08e-17	1.39e-17
38:	0.00e+00	0.00e+00
39:	2.88e+00	0.00e+00
40:	0.00e+00	-5.00e-01
41:	5.00e-01	-5.00e-01
42:	0.00e+00	-5.00e-01
43:	5.00e-01	-5.00e-01
44:	0.00e+00	5.38e-17
45:	2.88e+00	5.38e-17
46:	0.00e+00	4.86e-17
47:	-6.94e-18	4.86e-17
48:	0.00e+00	5.38e-17
49:	2.38e+00	5.38e-17
50:	0.00e+00	-5.00e-01
51:	-2.38e+00	-5.00e-01
52:	0.00e+00	-5.00e-01
53:	-2.38e+00	-5.00e-01
54:	0.00e+00	2.78e-17
55:	-2.08e-17	2.78e-17
56:	0.00e+00	-5.24e-18
57:	-2.88e+00	-5.24e-18
58:	0.00e+00	0.00e+00
59:	-5.00e-01	0.00e+00
60:	0.00e+00	6.94e-18
61:	0.00e+00	-2.00e+00
62:	0.00e+00	-5.00e-01
63:	2.38e+00	-5.00e-01
64:	0.00e+00	-5.00e-01
65:	-5.00e-01	-5.00e-01
66:	0.00e+00	-5.00e-01
67:	1.88e+00	-5.00e-01
68:	0.00e+00	-5.00e-01
69:	2.38e+00	-5.00e-01
70:	0.00e+00	-5.00e-01
71:	-5.00e-01	-5.00e-01
72:	0.00e+00	-5.00e-01
73:	1.88e+00	-5.00e-01
74:	0.00e+00	2.08e-17
75:	-2.88e+00	2.08e-17
76:	0.00e+00	0.00e+00
77:	-5.00e-01	5.55e-17
78:	0.00e+00	2.08e-17
79:	2.38e+00	2.08e-17
New op index: 4	$R_Y$[1]
Current grad: 119.48037588375266
New op index: 39	$R_{YX-XY}$[1, 2]
Current grad: 46.41475852084173
New op index: 75	$R_{YX-XY}$[5, 6]
Current grad: 35.44121374549432
New op index: 16	$R_Y$[5]
Current grad: 104.93075970262828
New op index: 75	$R_{YX-XY}$[5, 6]
Current grad: 30.167231457267604
New op index: 67	$R_{YX-XY}$[3, 7]
Current grad: 21.162098139456035
New op index: 10	$R_Y$[3]
Current grad: 93.60703781004662
New op index: 67	$R_{YX-XY}$[3, 7]
Current grad: 14.969486951120755
New op index: 31	$R_{YX-XY}$[0, 4]
Current grad: 8.738554925942383
New op index: 13	$R_Y$[4]
Current grad: 74.00351242815998
New op index: 31	$R_{YX-XY}$[0, 4]
Current grad: 11.737746185988577
New op index: 13	$R_Y$[4]
Current grad: 0.032395650618839804
Parameter value cutoff reached.
Calculating energies for FreeWilson2D(N_x=2, N_y=2, mass=-3.714, r=1.000)
h_im: 0.0
New op index: 39	$R_{YX-XY}$[1, 2]
Current grad: 48.28571428571425
0:	0.00e+00	0.00e+00
1:	-8.57e-01	0.00e+00
2:	0.00e+00	0.00e+00
3:	0.00e+00	0.00e+00
4:	1.36e+00	0.00e+00
5:	0.00e+00	0.00e+00
6:	0.00e+00	0.00e+00
7:	-1.36e+00	0.00e+00
8:	0.00e+00	0.00e+00
9:	0.00e+00	0.00e+00
10:	8.57e-01	-5.00e-01
11:	0.00e+00	-5.00e-01
12:	0.00e+00	0.00e+00
13:	8.57e-01	-5.00e-01
14:	0.00e+00	-5.00e-01
15:	0.00e+00	2.12e-15
16:	-1.36e+00	2.09e-15
17:	0.00e+00	1.39e-17
18:	0.00e+00	2.09e-15
19:	1.36e+00	2.10e-15
20:	0.00e+00	6.94e-18
21:	0.00e+00	2.11e-15
22:	-8.57e-01	2.08e-15
23:	0.00e+00	1.39e-17
24:	0.00e+00	0.00e+00
25:	-2.21e+00	0.00e+00
26:	0.00e+00	0.00e+00
27:	5.00e-01	0.00e+00
28:	0.00e+00	-5.00e-01
29:	-1.71e+00	-5.00e-01
30:	0.00e+00	-5.00e-01
31:	-1.71e+00	-5.00e-01
32:	0.00e+00	2.78e-17
33:	5.00e-01	2.78e-17
34:	0.00e+00	1.09e-17
35:	-2.21e+00	1.09e-17
36:	0.00e+00	1.39e-17
37:	-2.08e-17	1.39e-17
38:	0.00e+00	0.00e+00
39:	2.71e+00	0.00e+00
40:	0.00e+00	-5.00e-01
41:	5.00e-01	-5.00e-01
42:	0.00e+00	-5.00e-01
43:	5.00e-01	-5.00e-01
44:	0.00e+00	5.15e-17
45:	2.71e+00	5.15e-17
46:	0.00e+00	4.86e-17
47:	-6.94e-18	4.86e-17
48:	0.00e+00	5.15e-17
49:	2.21e+00	5.15e-17
50:	0.00e+00	-5.00e-01
51:	-2.21e+00	-5.00e-01
52:	0.00e+00	-5.00e-01
53:	-2.21e+00	-5.00e-01
54:	0.00e+00	2.78e-17
55:	-2.08e-17	2.78e-17
56:	0.00e+00	-2.97e-18
57:	-2.71e+00	-2.97e-18
58:	0.00e+00	0.00e+00
59:	-5.00e-01	0.00e+00
60:	0.00e+00	6.94e-18
61:	0.00e+00	-2.00e+00
62:	0.00e+00	-5.00e-01
63:	2.21e+00	-5.00e-01
64:	0.00e+00	-5.00e-01
65:	-5.00e-01	-5.00e-01
66:	0.00e+00	-5.00e-01
67:	1.71e+00	-5.00e-01
68:	0.00e+00	-5.00e-01
69:	2.21e+00	-5.00e-01
70:	0.00e+00	-5.00e-01
71:	-5.00e-01	-5.00e-01
72:	0.00e+00	-5.00e-01
73:	1.71e+00	-5.00e-01
74:	0.00e+00	2.08e-17
75:	-2.71e+00	2.08e-17
76:	0.00e+00	0.00e+00
77:	-5.00e-01	5.55e-17
78:	0.00e+00	2.08e-17
79:	2.21e+00	2.08e-17
New op index: 4	$R_Y$[1]
Current grad: 117.36728219179459
New op index: 39	$R_{YX-XY}$[1, 2]
Current grad: 44.10763391926912
New op index: 75	$R_{YX-XY}$[5, 6]
Current grad: 33.489448212084696
New op index: 16	$R_Y$[5]
Current grad: 104.03543233405897
New op index: 75	$R_{YX-XY}$[5, 6]
Current grad: 28.844331852928192
New op index: 29	$R_{YX-XY}$[0, 3]
Current grad: 20.205485950793353
New op index: 10	$R_Y$[3]
Current grad: 93.61542457650583
New op index: 29	$R_{YX-XY}$[0, 3]
Current grad: 14.264611728830069
New op index: 73	$R_{YX-XY}$[4, 7]
Current grad: 8.432745717096987
New op index: 22	$R_Y$[7]
Current grad: 73.85101030474726
New op index: 73	$R_{YX-XY}$[4, 7]
Current grad: 11.414830635493065
New op index: 16	$R_Y$[5]
Current grad: 0.002062555613299548
Parameter value cutoff reached.
Calculating energies for FreeWilson2D(N_x=2, N_y=2, mass=-3.551, r=1.000)
h_im: 0.0
New op index: 39	$R_{YX-XY}$[1, 2]
Current grad: 45.02040816326527
0:	0.00e+00	0.00e+00
1:	-7.76e-01	0.00e+00
2:	0.00e+00	0.00e+00
3:	0.00e+00	0.00e+00
4:	1.28e+00	0.00e+00
5:	0.00e+00	0.00e+00
6:	0.00e+00	0.00e+00
7:	-1.28e+00	0.00e+00
8:	0.00e+00	0.00e+00
9:	0.00e+00	0.00e+00
10:	7.76e-01	-5.00e-01
11:	0.00e+00	-5.00e-01
12:	0.00e+00	0.00e+00
13:	7.76e-01	-5.00e-01
14:	0.00e+00	-5.00e-01
15:	0.00e+00	2.11e-15
16:	-1.28e+00	2.09e-15
17:	0.00e+00	1.39e-17
18:	0.00e+00	2.09e-15
19:	1.28e+00	2.10e-15
20:	0.00e+00	6.94e-18
21:	0.00e+00	2.11e-15
22:	-7.76e-01	2.08e-15
23:	0.00e+00	1.39e-17
24:	0.00e+00	0.00e+00
25:	-2.05e+00	0.00e+00
26:	0.00e+00	0.00e+00
27:	5.00e-01	0.00e+00
28:	0.00e+00	-5.00e-01
29:	-1.55e+00	-5.00e-01
30:	0.00e+00	-5.00e-01
31:	-1.55e+00	-5.00e-01
32:	0.00e+00	2.78e-17
33:	5.00e-01	2.78e-17
34:	0.00e+00	1.32e-17
35:	-2.05e+00	1.32e-17
36:	0.00e+00	1.39e-17
37:	-2.08e-17	1.39e-17
38:	0.00e+00	0.00e+00
39:	2.55e+00	0.00e+00
40:	0.00e+00	-5.00e-01
41:	5.00e-01	-5.00e-01
42:	0.00e+00	-5.00e-01
43:	5.00e-01	-5.00e-01
44:	0.00e+00	4.93e-17
45:	2.55e+00	4.93e-17
46:	0.00e+00	4.86e-17
47:	-6.94e-18	4.86e-17
48:	0.00e+00	4.93e-17
49:	2.05e+00	4.93e-17
50:	0.00e+00	-5.00e-01
51:	-2.05e+00	-5.00e-01
52:	0.00e+00	-5.00e-01
53:	-2.05e+00	-5.00e-01
54:	0.00e+00	2.78e-17
55:	-2.08e-17	2.78e-17
56:	0.00e+00	-7.08e-19
57:	-2.55e+00	-7.08e-19
58:	0.00e+00	0.00e+00
59:	-5.00e-01	0.00e+00
60:	0.00e+00	6.94e-18
61:	0.00e+00	-2.00e+00
62:	0.00e+00	-5.00e-01
63:	2.05e+00	-5.00e-01
64:	0.00e+00	-5.00e-01
65:	-5.00e-01	-5.00e-01
66:	0.00e+00	-5.00e-01
67:	1.55e+00	-5.00e-01
68:	0.00e+00	-5.00e-01
69:	2.05e+00	-5.00e-01
70:	0.00e+00	-5.00e-01
71:	-5.00e-01	-5.00e-01
72:	0.00e+00	-5.00e-01
73:	1.55e+00	-5.00e-01
74:	0.00e+00	2.08e-17
75:	-2.55e+00	2.08e-17
76:	0.00e+00	0.00e+00
77:	-5.00e-01	5.55e-17
78:	0.00e+00	2.08e-17
79:	2.05e+00	2.08e-17
New op index: 4	$R_Y$[1]
Current grad: 115.34943569632166
New op index: 39	$R_{YX-XY}$[1, 2]
Current grad: 41.80359265174859
New op index: 75	$R_{YX-XY}$[5, 6]
Current grad: 31.553943582174405
New op index: 19	$R_Y$[6]
Current grad: 103.24402859093593
New op index: 75	$R_{YX-XY}$[5, 6]
Current grad: 27.511976786112328
New op index: 29	$R_{YX-XY}$[0, 3]
Current grad: 19.245226906183504
New op index: 10	$R_Y$[3]
Current grad: 93.75534423398544
New op index: 29	$R_{YX-XY}$[0, 3]
Current grad: 13.55420037922186
New op index: 73	$R_{YX-XY}$[4, 7]
Current grad: 8.101858629401258
New op index: 13	$R_Y$[4]
Current grad: 73.74700402131563
New op index: 73	$R_{YX-XY}$[4, 7]
Current grad: 11.073875642277306
New op index: 73	$R_{YX-XY}$[4, 7]
Current grad: 0.011513804546871674
Adding the same operator twice is not sensible, terminating.
Calculating energies for FreeWilson2D(N_x=2, N_y=2, mass=-3.388, r=1.000)
h_im: 0.0
New op index: 39	$R_{YX-XY}$[1, 2]
Current grad: 41.7551020408163
0:	0.00e+00	0.00e+00
1:	-6.94e-01	0.00e+00
2:	0.00e+00	0.00e+00
3:	0.00e+00	0.00e+00
4:	1.19e+00	0.00e+00
5:	0.00e+00	0.00e+00
6:	0.00e+00	0.00e+00
7:	-1.19e+00	0.00e+00
8:	0.00e+00	0.00e+00
9:	0.00e+00	0.00e+00
10:	6.94e-01	-5.00e-01
11:	0.00e+00	-5.00e-01
12:	0.00e+00	0.00e+00
13:	6.94e-01	-5.00e-01
14:	0.00e+00	-5.00e-01
15:	0.00e+00	2.11e-15
16:	-1.19e+00	2.09e-15
17:	0.00e+00	1.39e-17
18:	0.00e+00	2.09e-15
19:	1.19e+00	2.10e-15
20:	0.00e+00	6.94e-18
21:	0.00e+00	2.11e-15
22:	-6.94e-01	2.08e-15
23:	0.00e+00	1.39e-17
24:	0.00e+00	0.00e+00
25:	-1.89e+00	0.00e+00
26:	0.00e+00	0.00e+00
27:	5.00e-01	0.00e+00
28:	0.00e+00	-5.00e-01
29:	-1.39e+00	-5.00e-01
30:	0.00e+00	-5.00e-01
31:	-1.39e+00	-5.00e-01
32:	0.00e+00	2.78e-17
33:	5.00e-01	2.78e-17
34:	0.00e+00	1.54e-17
35:	-1.89e+00	1.54e-17
36:	0.00e+00	1.39e-17
37:	-2.08e-17	1.39e-17
38:	0.00e+00	0.00e+00
39:	2.39e+00	0.00e+00
40:	0.00e+00	-5.00e-01
41:	5.00e-01	-5.00e-01
42:	0.00e+00	-5.00e-01
43:	5.00e-01	-5.00e-01
44:	0.00e+00	4.70e-17
45:	2.39e+00	4.70e-17
46:	0.00e+00	4.86e-17
47:	-6.94e-18	4.86e-17
48:	0.00e+00	4.70e-17
49:	1.89e+00	4.70e-17
50:	0.00e+00	-5.00e-01
51:	-1.89e+00	-5.00e-01
52:	0.00e+00	-5.00e-01
53:	-1.89e+00	-5.00e-01
54:	0.00e+00	2.78e-17
55:	-2.08e-17	2.78e-17
56:	0.00e+00	1.56e-18
57:	-2.39e+00	1.56e-18
58:	0.00e+00	0.00e+00
59:	-5.00e-01	0.00e+00
60:	0.00e+00	6.94e-18
61:	0.00e+00	-2.00e+00
62:	0.00e+00	-5.00e-01
63:	1.89e+00	-5.00e-01
64:	0.00e+00	-5.00e-01
65:	-5.00e-01	-5.00e-01
66:	0.00e+00	-5.00e-01
67:	1.39e+00	-5.00e-01
68:	0.00e+00	-5.00e-01
69:	1.89e+00	-5.00e-01
70:	0.00e+00	-5.00e-01
71:	-5.00e-01	-5.00e-01
72:	0.00e+00	-5.00e-01
73:	1.39e+00	-5.00e-01
74:	0.00e+00	2.08e-17
75:	-2.39e+00	2.08e-17
76:	0.00e+00	0.00e+00
77:	-5.00e-01	5.55e-17
78:	0.00e+00	2.08e-17
79:	1.89e+00	2.08e-17
New op index: 4	$R_Y$[1]
Current grad: 113.4504539705824
New op index: 39	$R_{YX-XY}$[1, 2]
Current grad: 39.502338079131846
New op index: 75	$R_{YX-XY}$[5, 6]
Current grad: 29.595036975436553
New op index: 16	$R_Y$[5]
Current grad: 102.57082556317648
New op index: 75	$R_{YX-XY}$[5, 6]
Current grad: 26.19004609354922
New op index: 29	$R_{YX-XY}$[0, 3]
Current grad: 18.272277163240066
New op index: 10	$R_Y$[3]
Current grad: 94.10851714750538
New op index: 29	$R_{YX-XY}$[0, 3]
Current grad: 12.854820082225352
New op index: 73	$R_{YX-XY}$[4, 7]
Current grad: 7.803264713478803
New op index: 13	$R_Y$[4]
Current grad: 73.61547402159006
New op index: 73	$R_{YX-XY}$[4, 7]
Current grad: 10.737693799966042
New op index: 10	$R_Y$[3]
Current grad: 0.0169899329657284
Parameter value cutoff reached.
Calculating energies for FreeWilson2D(N_x=2, N_y=2, mass=-3.224, r=1.000)
h_im: 0.0
New op index: 39	$R_{YX-XY}$[1, 2]
Current grad: 38.48979591836731
0:	0.00e+00	0.00e+00
1:	-6.12e-01	0.00e+00
2:	0.00e+00	0.00e+00
3:	0.00e+00	0.00e+00
4:	1.11e+00	0.00e+00
5:	0.00e+00	0.00e+00
6:	0.00e+00	0.00e+00
7:	-1.11e+00	0.00e+00
8:	0.00e+00	0.00e+00
9:	0.00e+00	0.00e+00
10:	6.12e-01	-5.00e-01
11:	0.00e+00	-5.00e-01
12:	0.00e+00	0.00e+00
13:	6.12e-01	-5.00e-01
14:	0.00e+00	-5.00e-01
15:	0.00e+00	2.11e-15
16:	-1.11e+00	2.09e-15
17:	0.00e+00	1.39e-17
18:	0.00e+00	2.09e-15
19:	1.11e+00	2.10e-15
20:	0.00e+00	6.94e-18
21:	0.00e+00	2.11e-15
22:	-6.12e-01	2.08e-15
23:	0.00e+00	1.39e-17
24:	0.00e+00	0.00e+00
25:	-1.72e+00	0.00e+00
26:	0.00e+00	0.00e+00
27:	5.00e-01	0.00e+00
28:	0.00e+00	-5.00e-01
29:	-1.22e+00	-5.00e-01
30:	0.00e+00	-5.00e-01
31:	-1.22e+00	-5.00e-01
32:	0.00e+00	2.78e-17
33:	5.00e-01	2.78e-17
34:	0.00e+00	1.77e-17
35:	-1.72e+00	1.77e-17
36:	0.00e+00	1.39e-17
37:	-2.08e-17	1.39e-17
38:	0.00e+00	0.00e+00
39:	2.22e+00	0.00e+00
40:	0.00e+00	-5.00e-01
41:	5.00e-01	-5.00e-01
42:	0.00e+00	-5.00e-01
43:	5.00e-01	-5.00e-01
44:	0.00e+00	4.47e-17
45:	2.22e+00	4.47e-17
46:	0.00e+00	4.86e-17
47:	-6.94e-18	4.86e-17
48:	0.00e+00	4.47e-17
49:	1.72e+00	4.47e-17
50:	0.00e+00	-5.00e-01
51:	-1.72e+00	-5.00e-01
52:	0.00e+00	-5.00e-01
53:	-1.72e+00	-5.00e-01
54:	0.00e+00	2.78e-17
55:	-2.08e-17	2.78e-17
56:	0.00e+00	3.82e-18
57:	-2.22e+00	3.82e-18
58:	0.00e+00	0.00e+00
59:	-5.00e-01	0.00e+00
60:	0.00e+00	6.94e-18
61:	0.00e+00	-2.00e+00
62:	0.00e+00	-5.00e-01
63:	1.72e+00	-5.00e-01
64:	0.00e+00	-5.00e-01
65:	-5.00e-01	-5.00e-01
66:	0.00e+00	-5.00e-01
67:	1.22e+00	-5.00e-01
68:	0.00e+00	-5.00e-01
69:	1.72e+00	-5.00e-01
70:	0.00e+00	-5.00e-01
71:	-5.00e-01	-5.00e-01
72:	0.00e+00	-5.00e-01
73:	1.22e+00	-5.00e-01
74:	0.00e+00	2.08e-17
75:	-2.22e+00	2.08e-17
76:	0.00e+00	0.00e+00
77:	-5.00e-01	5.55e-17
78:	0.00e+00	2.08e-17
79:	1.72e+00	2.08e-17
New op index: 4	$R_Y$[1]
Current grad: 111.69961008954925
New op index: 39	$R_{YX-XY}$[1, 2]
Current grad: 37.20356146601401
New op index: 75	$R_{YX-XY}$[5, 6]
Current grad: 27.648624155428315
New op index: 16	$R_Y$[5]
Current grad: 102.06446170086211
New op index: 75	$R_{YX-XY}$[5, 6]
Current grad: 24.871146119917974
New op index: 29	$R_{YX-XY}$[0, 3]
Current grad: 17.313256899861543
New op index: 10	$R_Y$[3]
Current grad: 94.7605149872484
New op index: 29	$R_{YX-XY}$[0, 3]
Current grad: 12.15347019049403
New op index: 73	$R_{YX-XY}$[4, 7]
Current grad: 7.454377783343769
New op index: 13	$R_Y$[4]
Current grad: 73.46326781921407
New op index: 73	$R_{YX-XY}$[4, 7]
Current grad: 10.450666317053305
New op index: 1	$R_Y$[0]
Current grad: 0.0006297221053694725
Precision cutoff reached.
Calculating energies for FreeWilson2D(N_x=2, N_y=2, mass=-3.061, r=1.000)
h_im: 0.0
New op index: 39	$R_{YX-XY}$[1, 2]
Current grad: 35.224489795918345
0:	0.00e+00	0.00e+00
1:	-5.31e-01	0.00e+00
2:	0.00e+00	0.00e+00
3:	0.00e+00	0.00e+00
4:	1.03e+00	0.00e+00
5:	0.00e+00	0.00e+00
6:	0.00e+00	0.00e+00
7:	-1.03e+00	0.00e+00
8:	0.00e+00	0.00e+00
9:	0.00e+00	0.00e+00
10:	5.31e-01	-5.00e-01
11:	0.00e+00	-5.00e-01
12:	0.00e+00	0.00e+00
13:	5.31e-01	-5.00e-01
14:	0.00e+00	-5.00e-01
15:	0.00e+00	2.11e-15
16:	-1.03e+00	2.09e-15
17:	0.00e+00	1.39e-17
18:	0.00e+00	2.09e-15
19:	1.03e+00	2.10e-15
20:	0.00e+00	6.94e-18
21:	0.00e+00	2.11e-15
22:	-5.31e-01	2.08e-15
23:	0.00e+00	1.39e-17
24:	0.00e+00	0.00e+00
25:	-1.56e+00	0.00e+00
26:	0.00e+00	0.00e+00
27:	5.00e-01	0.00e+00
28:	0.00e+00	-5.00e-01
29:	-1.06e+00	-5.00e-01
30:	0.00e+00	-5.00e-01
31:	-1.06e+00	-5.00e-01
32:	0.00e+00	2.78e-17
33:	5.00e-01	2.78e-17
34:	0.00e+00	2.00e-17
35:	-1.56e+00	2.00e-17
36:	0.00e+00	1.39e-17
37:	-2.08e-17	1.39e-17
38:	0.00e+00	0.00e+00
39:	2.06e+00	0.00e+00
40:	0.00e+00	-5.00e-01
41:	5.00e-01	-5.00e-01
42:	0.00e+00	-5.00e-01
43:	5.00e-01	-5.00e-01
44:	0.00e+00	4.25e-17
45:	2.06e+00	4.25e-17
46:	0.00e+00	4.86e-17
47:	-6.94e-18	4.86e-17
48:	0.00e+00	4.25e-17
49:	1.56e+00	4.25e-17
50:	0.00e+00	-5.00e-01
51:	-1.56e+00	-5.00e-01
52:	0.00e+00	-5.00e-01
53:	-1.56e+00	-5.00e-01
54:	0.00e+00	2.78e-17
55:	-2.08e-17	2.78e-17
56:	0.00e+00	6.09e-18
57:	-2.06e+00	6.09e-18
58:	0.00e+00	0.00e+00
59:	-5.00e-01	0.00e+00
60:	0.00e+00	6.94e-18
61:	0.00e+00	-2.00e+00
62:	0.00e+00	-5.00e-01
63:	1.56e+00	-5.00e-01
64:	0.00e+00	-5.00e-01
65:	-5.00e-01	-5.00e-01
66:	0.00e+00	-5.00e-01
67:	1.06e+00	-5.00e-01
68:	0.00e+00	-5.00e-01
69:	1.56e+00	-5.00e-01
70:	0.00e+00	-5.00e-01
71:	-5.00e-01	-5.00e-01
72:	0.00e+00	-5.00e-01
73:	1.06e+00	-5.00e-01
74:	0.00e+00	2.08e-17
75:	-2.06e+00	2.08e-17
76:	0.00e+00	0.00e+00
77:	-5.00e-01	5.55e-17
78:	0.00e+00	2.08e-17
79:	1.56e+00	2.08e-17
New op index: 4	$R_Y$[1]
Current grad: 110.1348919423975
New op index: 39	$R_{YX-XY}$[1, 2]
Current grad: 34.9047973818573
New op index: 75	$R_{YX-XY}$[5, 6]
Current grad: 25.703996007045355
New op index: 19	$R_Y$[6]
Current grad: 101.65860693201546
New op index: 75	$R_{YX-XY}$[5, 6]
Current grad: 23.553895903545445
New op index: 29	$R_{YX-XY}$[0, 3]
Current grad: 16.35120484290615
New op index: 10	$R_Y$[3]
Current grad: 95.84576212105809
New op index: 29	$R_{YX-XY}$[0, 3]
Current grad: 11.460861708977891
New op index: 73	$R_{YX-XY}$[4, 7]
Current grad: 7.142719857167329
New op index: 13	$R_Y$[4]
Current grad: 73.33076262353957
New op index: 73	$R_{YX-XY}$[4, 7]
Current grad: 10.117001714213126
New op index: 19	$R_Y$[6]
Current grad: 6.948236687841253e-05
Precision cutoff reached.
Calculating energies for FreeWilson2D(N_x=2, N_y=2, mass=-2.898, r=1.000)
h_im: 0.0
New op index: 39	$R_{YX-XY}$[1, 2]
Current grad: 31.959183673469358
0:	0.00e+00	0.00e+00
1:	-4.49e-01	0.00e+00
2:	0.00e+00	0.00e+00
3:	0.00e+00	0.00e+00
4:	9.49e-01	0.00e+00
5:	0.00e+00	0.00e+00
6:	0.00e+00	0.00e+00
7:	-9.49e-01	0.00e+00
8:	0.00e+00	0.00e+00
9:	0.00e+00	0.00e+00
10:	4.49e-01	-5.00e-01
11:	0.00e+00	-5.00e-01
12:	0.00e+00	0.00e+00
13:	4.49e-01	-5.00e-01
14:	0.00e+00	-5.00e-01
15:	0.00e+00	2.11e-15
16:	-9.49e-01	2.08e-15
17:	0.00e+00	1.39e-17
18:	0.00e+00	2.09e-15
19:	9.49e-01	2.10e-15
20:	0.00e+00	6.94e-18
21:	0.00e+00	2.11e-15
22:	-4.49e-01	2.08e-15
23:	0.00e+00	1.39e-17
24:	0.00e+00	0.00e+00
25:	-1.40e+00	0.00e+00
26:	0.00e+00	0.00e+00
27:	5.00e-01	0.00e+00
28:	0.00e+00	-5.00e-01
29:	-8.98e-01	-5.00e-01
30:	0.00e+00	-5.00e-01
31:	-8.98e-01	-5.00e-01
32:	0.00e+00	2.78e-17
33:	5.00e-01	2.78e-17
34:	0.00e+00	2.22e-17
35:	-1.40e+00	2.22e-17
36:	0.00e+00	1.39e-17
37:	-2.08e-17	1.39e-17
38:	0.00e+00	0.00e+00
39:	1.90e+00	0.00e+00
40:	0.00e+00	-5.00e-01
41:	5.00e-01	-5.00e-01
42:	0.00e+00	-5.00e-01
43:	5.00e-01	-5.00e-01
44:	0.00e+00	4.02e-17
45:	1.90e+00	4.02e-17
46:	0.00e+00	4.86e-17
47:	-6.94e-18	4.86e-17
48:	0.00e+00	4.02e-17
49:	1.40e+00	4.02e-17
50:	0.00e+00	-5.00e-01
51:	-1.40e+00	-5.00e-01
52:	0.00e+00	-5.00e-01
53:	-1.40e+00	-5.00e-01
54:	0.00e+00	2.78e-17
55:	-2.08e-17	2.78e-17
56:	0.00e+00	8.35e-18
57:	-1.90e+00	8.35e-18
58:	0.00e+00	0.00e+00
59:	-5.00e-01	0.00e+00
60:	0.00e+00	6.94e-18
61:	0.00e+00	-2.00e+00
62:	0.00e+00	-5.00e-01
63:	1.40e+00	-5.00e-01
64:	0.00e+00	-5.00e-01
65:	-5.00e-01	-5.00e-01
66:	0.00e+00	-5.00e-01
67:	8.98e-01	-5.00e-01
68:	0.00e+00	-5.00e-01
69:	1.40e+00	-5.00e-01
70:	0.00e+00	-5.00e-01
71:	-5.00e-01	-5.00e-01
72:	0.00e+00	-5.00e-01
73:	8.98e-01	-5.00e-01
74:	0.00e+00	2.08e-17
75:	-1.90e+00	2.08e-17
76:	0.00e+00	0.00e+00
77:	-5.00e-01	5.55e-17
78:	0.00e+00	2.08e-17
79:	1.40e+00	2.08e-17
New op index: 4	$R_Y$[1]
Current grad: 108.79151428023133
New op index: 75	$R_{YX-XY}$[5, 6]
Current grad: 32.604280705030014
New op index: 16	$R_Y$[5]
Current grad: 109.33418189646397
New op index: 75	$R_{YX-XY}$[5, 6]
Current grad: 29.182511112337394
New op index: 39	$R_{YX-XY}$[1, 2]
Current grad: 22.243108003318472
New op index: 27	$R_{YX-XY}$[0, 2]
Current grad: 15.390438703111528
New op index: 71	$R_{YX-XY}$[4, 6]
Current grad: 11.791123075458637
New op index: 67	$R_{YX-XY}$[3, 7]
Current grad: 7.025513211109393
New op index: 10	$R_Y$[3]
Current grad: 83.8861630218268
New op index: 67	$R_{YX-XY}$[3, 7]
Current grad: 5.263597374418497
New op index: 61	$R_{YX-XY}$[3, 4]
Current grad: 4.887557668278774
New op index: 25	$R_{YX-XY}$[0, 1]
Current grad: 5.119806911076284
New op index: 51	$R_{YX-XY}$[2, 3]
Current grad: 4.180100781286724
New op index: 7	$R_Y$[2]
Current grad: 6.033592296958738
New op index: 51	$R_{YX-XY}$[2, 3]
Current grad: 9.767919715701082
New op index: 7	$R_Y$[2]
Current grad: 0.014760002244169542
Parameter value cutoff reached.
Calculating energies for FreeWilson2D(N_x=2, N_y=2, mass=-2.735, r=1.000)
h_im: 0.0
New op index: 39	$R_{YX-XY}$[1, 2]
Current grad: 28.69387755102039
0:	0.00e+00	0.00e+00
1:	-3.67e-01	0.00e+00
2:	0.00e+00	0.00e+00
3:	0.00e+00	0.00e+00
4:	8.67e-01	0.00e+00
5:	0.00e+00	0.00e+00
6:	0.00e+00	0.00e+00
7:	-8.67e-01	0.00e+00
8:	0.00e+00	0.00e+00
9:	0.00e+00	0.00e+00
10:	3.67e-01	-5.00e-01
11:	0.00e+00	-5.00e-01
12:	0.00e+00	0.00e+00
13:	3.67e-01	-5.00e-01
14:	0.00e+00	-5.00e-01
15:	0.00e+00	2.11e-15
16:	-8.67e-01	2.08e-15
17:	0.00e+00	1.39e-17
18:	0.00e+00	2.09e-15
19:	8.67e-01	2.10e-15
20:	0.00e+00	6.94e-18
21:	0.00e+00	2.11e-15
22:	-3.67e-01	2.08e-15
23:	0.00e+00	1.39e-17
24:	0.00e+00	0.00e+00
25:	-1.23e+00	0.00e+00
26:	0.00e+00	0.00e+00
27:	5.00e-01	0.00e+00
28:	0.00e+00	-5.00e-01
29:	-7.35e-01	-5.00e-01
30:	0.00e+00	-5.00e-01
31:	-7.35e-01	-5.00e-01
32:	0.00e+00	2.78e-17
33:	5.00e-01	2.78e-17
34:	0.00e+00	2.45e-17
35:	-1.23e+00	2.45e-17
36:	0.00e+00	1.39e-17
37:	-2.08e-17	1.39e-17
38:	0.00e+00	0.00e+00
39:	1.73e+00	0.00e+00
40:	0.00e+00	-5.00e-01
41:	5.00e-01	-5.00e-01
42:	0.00e+00	-5.00e-01
43:	5.00e-01	-5.00e-01
44:	0.00e+00	3.80e-17
45:	1.73e+00	3.80e-17
46:	0.00e+00	4.86e-17
47:	-6.94e-18	4.86e-17
48:	0.00e+00	3.80e-17
49:	1.23e+00	3.80e-17
50:	0.00e+00	-5.00e-01
51:	-1.23e+00	-5.00e-01
52:	0.00e+00	-5.00e-01
53:	-1.23e+00	-5.00e-01
54:	0.00e+00	2.78e-17
55:	-2.08e-17	2.78e-17
56:	0.00e+00	1.06e-17
57:	-1.73e+00	1.06e-17
58:	0.00e+00	0.00e+00
59:	-5.00e-01	0.00e+00
60:	0.00e+00	6.94e-18
61:	0.00e+00	-2.00e+00
62:	0.00e+00	-5.00e-01
63:	1.23e+00	-5.00e-01
64:	0.00e+00	-5.00e-01
65:	-5.00e-01	-5.00e-01
66:	0.00e+00	-5.00e-01
67:	7.35e-01	-5.00e-01
68:	0.00e+00	-5.00e-01
69:	1.23e+00	-5.00e-01
70:	0.00e+00	-5.00e-01
71:	-5.00e-01	-5.00e-01
72:	0.00e+00	-5.00e-01
73:	7.35e-01	-5.00e-01
74:	0.00e+00	2.08e-17
75:	-1.73e+00	2.08e-17
76:	0.00e+00	0.00e+00
77:	-5.00e-01	5.55e-17
78:	0.00e+00	2.08e-17
79:	1.23e+00	2.08e-17
New op index: 4	$R_Y$[1]
Current grad: 107.77261294620948
New op index: 75	$R_{YX-XY}$[5, 6]
Current grad: 30.311217762617947
New op index: 16	$R_Y$[5]
Current grad: 109.07156461659875
New op index: 25	$R_{YX-XY}$[0, 1]
Current grad: 27.50323730942933
New op index: 69	$R_{YX-XY}$[4, 5]
Current grad: 12.087001538538768
New op index: 67	$R_{YX-XY}$[3, 7]
Current grad: 3.9394546715821805
New op index: 22	$R_Y$[7]
Current grad: 45.795255696229525
New op index: 67	$R_{YX-XY}$[3, 7]
Current grad: 1.5791842173946773
New op index: 61	$R_{YX-XY}$[3, 4]
Current grad: 3.071596734088879
New op index: 75	$R_{YX-XY}$[5, 6]
Current grad: 3.2756003621165597
New op index: 53	$R_{YX-XY}$[2, 4]
Current grad: 2.859981178369088
New op index: 39	$R_{YX-XY}$[1, 2]
Current grad: 3.0675419073998187
New op index: 1	$R_Y$[0]
Current grad: 5.655766173868374
New op index: 19	$R_Y$[6]
Current grad: 31.49311526970574
New op index: 37	$R_{YX-XY}$[0, 7]
Current grad: 18.583403080249433
New op index: 75	$R_{YX-XY}$[5, 6]
Current grad: 18.518829678170704
New op index: 71	$R_{YX-XY}$[4, 6]
Current grad: 10.677974520982506
New op index: 59	$R_{YX-XY}$[2, 7]
Current grad: 5.505791028164163
New op index: 33	$R_{YX-XY}$[0, 5]
Current grad: 3.4011873855124137
New op index: 43	$R_{YX-XY}$[1, 4]
Current grad: 1.5587396348302036
New op index: 27	$R_{YX-XY}$[0, 2]
Current grad: 0.009208511152966675
Parameter value cutoff reached.
Calculating energies for FreeWilson2D(N_x=2, N_y=2, mass=-2.571, r=1.000)
h_im: 0.0
New op index: 39	$R_{YX-XY}$[1, 2]
Current grad: 25.42857142857141
0:	0.00e+00	0.00e+00
1:	-2.86e-01	0.00e+00
2:	0.00e+00	0.00e+00
3:	0.00e+00	0.00e+00
4:	7.86e-01	0.00e+00
5:	0.00e+00	0.00e+00
6:	0.00e+00	0.00e+00
7:	-7.86e-01	0.00e+00
8:	0.00e+00	0.00e+00
9:	0.00e+00	0.00e+00
10:	2.86e-01	-5.00e-01
11:	0.00e+00	-5.00e-01
12:	0.00e+00	0.00e+00
13:	2.86e-01	-5.00e-01
14:	0.00e+00	-5.00e-01
15:	0.00e+00	2.11e-15
16:	-7.86e-01	2.08e-15
17:	0.00e+00	1.39e-17
18:	0.00e+00	2.09e-15
19:	7.86e-01	2.10e-15
20:	0.00e+00	6.94e-18
21:	0.00e+00	2.10e-15
22:	-2.86e-01	2.08e-15
23:	0.00e+00	1.39e-17
24:	0.00e+00	0.00e+00
25:	-1.07e+00	0.00e+00
26:	0.00e+00	0.00e+00
27:	5.00e-01	0.00e+00
28:	0.00e+00	-5.00e-01
29:	-5.71e-01	-5.00e-01
30:	0.00e+00	-5.00e-01
31:	-5.71e-01	-5.00e-01
32:	0.00e+00	2.78e-17
33:	5.00e-01	2.78e-17
34:	0.00e+00	2.68e-17
35:	-1.07e+00	2.68e-17
36:	0.00e+00	1.39e-17
37:	-2.08e-17	1.39e-17
38:	0.00e+00	0.00e+00
39:	1.57e+00	0.00e+00
40:	0.00e+00	-5.00e-01
41:	5.00e-01	-5.00e-01
42:	0.00e+00	-5.00e-01
43:	5.00e-01	-5.00e-01
44:	0.00e+00	3.57e-17
45:	1.57e+00	3.57e-17
46:	0.00e+00	4.86e-17
47:	-6.94e-18	4.86e-17
48:	0.00e+00	3.57e-17
49:	1.07e+00	3.57e-17
50:	0.00e+00	-5.00e-01
51:	-1.07e+00	-5.00e-01
52:	0.00e+00	-5.00e-01
53:	-1.07e+00	-5.00e-01
54:	0.00e+00	2.78e-17
55:	-2.08e-17	2.78e-17
56:	0.00e+00	1.29e-17
57:	-1.57e+00	1.29e-17
58:	0.00e+00	0.00e+00
59:	-5.00e-01	0.00e+00
60:	0.00e+00	6.94e-18
61:	0.00e+00	-2.00e+00
62:	0.00e+00	-5.00e-01
63:	1.07e+00	-5.00e-01
64:	0.00e+00	-5.00e-01
65:	-5.00e-01	-5.00e-01
66:	0.00e+00	-5.00e-01
67:	5.71e-01	-5.00e-01
68:	0.00e+00	-5.00e-01
69:	1.07e+00	-5.00e-01
70:	0.00e+00	-5.00e-01
71:	-5.00e-01	-5.00e-01
72:	0.00e+00	-5.00e-01
73:	5.71e-01	-5.00e-01
74:	0.00e+00	2.08e-17
75:	-1.57e+00	2.08e-17
76:	0.00e+00	0.00e+00
77:	-5.00e-01	5.55e-17
78:	0.00e+00	2.08e-17
79:	1.07e+00	2.08e-17
New op index: 4	$R_Y$[1]
Current grad: 107.54185089712226
New op index: 75	$R_{YX-XY}$[5, 6]
Current grad: 28.017518933223144
New op index: 16	$R_Y$[5]
Current grad: 109.60920172421118
New op index: 69	$R_{YX-XY}$[4, 5]
Current grad: 25.82828411912101
New op index: 41	$R_{YX-XY}$[1, 3]
Current grad: 15.132786500885649
New op index: 51	$R_{YX-XY}$[2, 3]
Current grad: 8.681491902199763
New op index: 1	$R_Y$[0]
Current grad: 0.5824874180113528
New op index: 22	$R_Y$[7]
Current grad: 24.81872150436414
New op index: 37	$R_{YX-XY}$[0, 7]
Current grad: 0.015175831245602562
New op index: 22	$R_Y$[7]
Current grad: 0.02414358408029364
Parameter value cutoff reached.
Calculating energies for FreeWilson2D(N_x=2, N_y=2, mass=-2.408, r=1.000)
h_im: 0.0
New op index: 39	$R_{YX-XY}$[1, 2]
Current grad: 22.16326530612244
0:	0.00e+00	0.00e+00
1:	-2.04e-01	0.00e+00
2:	0.00e+00	0.00e+00
3:	0.00e+00	0.00e+00
4:	7.04e-01	0.00e+00
5:	0.00e+00	0.00e+00
6:	0.00e+00	0.00e+00
7:	-7.04e-01	0.00e+00
8:	0.00e+00	0.00e+00
9:	0.00e+00	0.00e+00
10:	2.04e-01	-5.00e-01
11:	0.00e+00	-5.00e-01
12:	0.00e+00	0.00e+00
13:	2.04e-01	-5.00e-01
14:	0.00e+00	-5.00e-01
15:	0.00e+00	2.11e-15
16:	-7.04e-01	2.08e-15
17:	0.00e+00	1.39e-17
18:	0.00e+00	2.09e-15
19:	7.04e-01	2.10e-15
20:	0.00e+00	6.94e-18
21:	0.00e+00	2.10e-15
22:	-2.04e-01	2.08e-15
23:	0.00e+00	1.39e-17
24:	0.00e+00	0.00e+00
25:	-9.08e-01	0.00e+00
26:	0.00e+00	0.00e+00
27:	5.00e-01	0.00e+00
28:	0.00e+00	-5.00e-01
29:	-4.08e-01	-5.00e-01
30:	0.00e+00	-5.00e-01
31:	-4.08e-01	-5.00e-01
32:	0.00e+00	2.78e-17
33:	5.00e-01	2.78e-17
34:	0.00e+00	2.90e-17
35:	-9.08e-01	2.90e-17
36:	0.00e+00	1.39e-17
37:	-2.08e-17	1.39e-17
38:	0.00e+00	0.00e+00
39:	1.41e+00	0.00e+00
40:	0.00e+00	-5.00e-01
41:	5.00e-01	-5.00e-01
42:	0.00e+00	-5.00e-01
43:	5.00e-01	-5.00e-01
44:	0.00e+00	3.34e-17
45:	1.41e+00	3.34e-17
46:	0.00e+00	4.86e-17
47:	-6.94e-18	4.86e-17
48:	0.00e+00	3.34e-17
49:	9.08e-01	3.34e-17
50:	0.00e+00	-5.00e-01
51:	-9.08e-01	-5.00e-01
52:	0.00e+00	-5.00e-01
53:	-9.08e-01	-5.00e-01
54:	0.00e+00	2.78e-17
55:	-2.08e-17	2.78e-17
56:	0.00e+00	1.52e-17
57:	-1.41e+00	1.52e-17
58:	0.00e+00	0.00e+00
59:	-5.00e-01	0.00e+00
60:	0.00e+00	6.94e-18
61:	0.00e+00	-2.00e+00
62:	0.00e+00	-5.00e-01
63:	9.08e-01	-5.00e-01
64:	0.00e+00	-5.00e-01
65:	-5.00e-01	-5.00e-01
66:	0.00e+00	-5.00e-01
67:	4.08e-01	-5.00e-01
68:	0.00e+00	-5.00e-01
69:	9.08e-01	-5.00e-01
70:	0.00e+00	-5.00e-01
71:	-5.00e-01	-5.00e-01
72:	0.00e+00	-5.00e-01
73:	4.08e-01	-5.00e-01
74:	0.00e+00	2.08e-17
75:	-1.41e+00	2.08e-17
76:	0.00e+00	0.00e+00
77:	-5.00e-01	5.55e-17
78:	0.00e+00	2.08e-17
79:	9.08e-01	2.08e-17
New op index: 4	$R_Y$[1]
Current grad: 107.78818417095572
New op index: 25	$R_{YX-XY}$[0, 1]
Current grad: 25.722774459190333
New op index: 75	$R_{YX-XY}$[5, 6]
Current grad: 8.470860326055178
New op index: 19	$R_Y$[6]
Current grad: 97.1750581777853
New op index: 79	$R_{YX-XY}$[6, 7]
Current grad: 10.238117134610334
New op index: 10	$R_Y$[3]
Current grad: 0.4094832217579323
New op index: 13	$R_Y$[4]
Current grad: 50.83185543282508
New op index: 61	$R_{YX-XY}$[3, 4]
Current grad: 1.9902906455431426
New op index: 22	$R_Y$[7]
Current grad: 0.008280211868888634
Parameter value cutoff reached.
Calculating energies for FreeWilson2D(N_x=2, N_y=2, mass=-2.245, r=1.000)
h_im: 0.0
New op index: 39	$R_{YX-XY}$[1, 2]
Current grad: 18.897959183673457
0:	0.00e+00	0.00e+00
1:	-1.22e-01	0.00e+00
2:	0.00e+00	0.00e+00
3:	0.00e+00	0.00e+00
4:	6.22e-01	0.00e+00
5:	0.00e+00	0.00e+00
6:	0.00e+00	0.00e+00
7:	-6.22e-01	0.00e+00
8:	0.00e+00	0.00e+00
9:	0.00e+00	0.00e+00
10:	1.22e-01	-5.00e-01
11:	0.00e+00	-5.00e-01
12:	0.00e+00	0.00e+00
13:	1.22e-01	-5.00e-01
14:	0.00e+00	-5.00e-01
15:	0.00e+00	2.11e-15
16:	-6.22e-01	2.08e-15
17:	0.00e+00	1.39e-17
18:	0.00e+00	2.09e-15
19:	6.22e-01	2.10e-15
20:	0.00e+00	6.94e-18
21:	0.00e+00	2.10e-15
22:	-1.22e-01	2.08e-15
23:	0.00e+00	1.39e-17
24:	0.00e+00	0.00e+00
25:	-7.45e-01	0.00e+00
26:	0.00e+00	0.00e+00
27:	5.00e-01	0.00e+00
28:	0.00e+00	-5.00e-01
29:	-2.45e-01	-5.00e-01
30:	0.00e+00	-5.00e-01
31:	-2.45e-01	-5.00e-01
32:	0.00e+00	2.78e-17
33:	5.00e-01	2.78e-17
34:	0.00e+00	3.13e-17
35:	-7.45e-01	3.13e-17
36:	0.00e+00	1.39e-17
37:	-2.08e-17	1.39e-17
38:	0.00e+00	0.00e+00
39:	1.24e+00	0.00e+00
40:	0.00e+00	-5.00e-01
41:	5.00e-01	-5.00e-01
42:	0.00e+00	-5.00e-01
43:	5.00e-01	-5.00e-01
44:	0.00e+00	3.12e-17
45:	1.24e+00	3.12e-17
46:	0.00e+00	4.86e-17
47:	-6.94e-18	4.86e-17
48:	0.00e+00	3.12e-17
49:	7.45e-01	3.12e-17
50:	0.00e+00	-5.00e-01
51:	-7.45e-01	-5.00e-01
52:	0.00e+00	-5.00e-01
53:	-7.45e-01	-5.00e-01
54:	0.00e+00	2.78e-17
55:	-2.08e-17	2.78e-17
56:	0.00e+00	1.74e-17
57:	-1.24e+00	1.74e-17
58:	0.00e+00	0.00e+00
59:	-5.00e-01	0.00e+00
60:	0.00e+00	6.94e-18
61:	0.00e+00	-2.00e+00
62:	0.00e+00	-5.00e-01
63:	7.45e-01	-5.00e-01
64:	0.00e+00	-5.00e-01
65:	-5.00e-01	-5.00e-01
66:	0.00e+00	-5.00e-01
67:	2.45e-01	-5.00e-01
68:	0.00e+00	-5.00e-01
69:	7.45e-01	-5.00e-01
70:	0.00e+00	-5.00e-01
71:	-5.00e-01	-5.00e-01
72:	0.00e+00	-5.00e-01
73:	2.45e-01	-5.00e-01
74:	0.00e+00	2.08e-17
75:	-1.24e+00	2.08e-17
76:	0.00e+00	0.00e+00
77:	-5.00e-01	5.55e-17
78:	0.00e+00	2.08e-17
79:	7.45e-01	2.08e-17
New op index: 4	$R_Y$[1]
Current grad: 108.16834821044058
New op index: 25	$R_{YX-XY}$[0, 1]
Current grad: 23.42808987452186
New op index: 75	$R_{YX-XY}$[5, 6]
Current grad: 7.082470449093111
New op index: 19	$R_Y$[6]
Current grad: 99.43727701979931
New op index: 79	$R_{YX-XY}$[6, 7]
Current grad: 9.34160864925208
New op index: 10	$R_Y$[3]
Current grad: 0.24563994645668227
New op index: 13	$R_Y$[4]
Current grad: 50.879839209977945
New op index: 61	$R_{YX-XY}$[3, 4]
Current grad: 1.9903445293445077
New op index: 7	$R_Y$[2]
Current grad: 0.0006778535850368356
Precision cutoff reached.
Calculating energies for FreeWilson2D(N_x=2, N_y=2, mass=-2.082, r=1.000)
h_im: 0.0
New op index: 39	$R_{YX-XY}$[1, 2]
Current grad: 15.63265306122448
0:	0.00e+00	0.00e+00
1:	-4.08e-02	0.00e+00
2:	0.00e+00	0.00e+00
3:	0.00e+00	0.00e+00
4:	5.41e-01	0.00e+00
5:	0.00e+00	0.00e+00
6:	0.00e+00	0.00e+00
7:	-5.41e-01	0.00e+00
8:	0.00e+00	0.00e+00
9:	0.00e+00	0.00e+00
10:	4.08e-02	-5.00e-01
11:	0.00e+00	-5.00e-01
12:	0.00e+00	0.00e+00
13:	4.08e-02	-5.00e-01
14:	0.00e+00	-5.00e-01
15:	0.00e+00	2.11e-15
16:	-5.41e-01	2.08e-15
17:	0.00e+00	1.39e-17
18:	0.00e+00	2.10e-15
19:	5.41e-01	2.10e-15
20:	0.00e+00	6.94e-18
21:	0.00e+00	2.10e-15
22:	-4.08e-02	2.08e-15
23:	0.00e+00	1.39e-17
24:	0.00e+00	0.00e+00
25:	-5.82e-01	0.00e+00
26:	0.00e+00	0.00e+00
27:	5.00e-01	0.00e+00
28:	0.00e+00	-5.00e-01
29:	-8.16e-02	-5.00e-01
30:	0.00e+00	-5.00e-01
31:	-8.16e-02	-5.00e-01
32:	0.00e+00	2.78e-17
33:	5.00e-01	2.78e-17
34:	0.00e+00	3.36e-17
35:	-5.82e-01	3.36e-17
36:	0.00e+00	1.39e-17
37:	-2.08e-17	1.39e-17
38:	0.00e+00	0.00e+00
39:	1.08e+00	0.00e+00
40:	0.00e+00	-5.00e-01
41:	5.00e-01	-5.00e-01
42:	0.00e+00	-5.00e-01
43:	5.00e-01	-5.00e-01
44:	0.00e+00	2.89e-17
45:	1.08e+00	2.89e-17
46:	0.00e+00	4.86e-17
47:	-6.94e-18	4.86e-17
48:	0.00e+00	2.89e-17
49:	5.82e-01	2.89e-17
50:	0.00e+00	-5.00e-01
51:	-5.82e-01	-5.00e-01
52:	0.00e+00	-5.00e-01
53:	-5.82e-01	-5.00e-01
54:	0.00e+00	2.78e-17
55:	-2.08e-17	2.78e-17
56:	0.00e+00	1.97e-17
57:	-1.08e+00	1.97e-17
58:	0.00e+00	0.00e+00
59:	-5.00e-01	0.00e+00
60:	0.00e+00	6.94e-18
61:	0.00e+00	-2.00e+00
62:	0.00e+00	-5.00e-01
63:	5.82e-01	-5.00e-01
64:	0.00e+00	-5.00e-01
65:	-5.00e-01	-5.00e-01
66:	0.00e+00	-5.00e-01
67:	8.16e-02	-5.00e-01
68:	0.00e+00	-5.00e-01
69:	5.82e-01	-5.00e-01
70:	0.00e+00	-5.00e-01
71:	-5.00e-01	-5.00e-01
72:	0.00e+00	-5.00e-01
73:	8.16e-02	-5.00e-01
74:	0.00e+00	2.08e-17
75:	-1.08e+00	2.08e-17
76:	0.00e+00	0.00e+00
77:	-5.00e-01	5.55e-17
78:	0.00e+00	2.08e-17
79:	5.82e-01	2.08e-17
New op index: 4	$R_Y$[1]
Current grad: 107.84573066247602
New op index: 25	$R_{YX-XY}$[0, 1]
Current grad: 21.14249796706876
New op index: 75	$R_{YX-XY}$[5, 6]
Current grad: 5.694293444520585
New op index: 19	$R_Y$[6]
Current grad: 100.96863600298845
New op index: 79	$R_{YX-XY}$[6, 7]
Current grad: 8.449397039501424
New op index: 10	$R_Y$[3]
Current grad: 0.08209739937450485
New op index: 13	$R_Y$[4]
Current grad: 51.26449903567401
New op index: 61	$R_{YX-XY}$[3, 4]
Current grad: 1.9927467273497341
New op index: 61	$R_{YX-XY}$[3, 4]
Current grad: 0.0015535690403098918
Adding the same operator twice is not sensible, terminating.
Calculating energies for FreeWilson2D(N_x=2, N_y=2, mass=-1.918, r=1.000)
h_im: 0.0
New op index: 45	$R_{YX-XY}$[1, 5]
Current grad: 13.346938775510191
0:	0.00e+00	0.00e+00
1:	4.08e-02	0.00e+00
2:	0.00e+00	0.00e+00
3:	0.00e+00	0.00e+00
4:	4.59e-01	0.00e+00
5:	0.00e+00	0.00e+00
6:	0.00e+00	0.00e+00
7:	-4.59e-01	0.00e+00
8:	0.00e+00	0.00e+00
9:	0.00e+00	0.00e+00
10:	-4.08e-02	-5.00e-01
11:	0.00e+00	-5.00e-01
12:	0.00e+00	0.00e+00
13:	-4.08e-02	-5.00e-01
14:	0.00e+00	-5.00e-01
15:	0.00e+00	2.11e-15
16:	-4.59e-01	2.08e-15
17:	0.00e+00	1.39e-17
18:	0.00e+00	2.10e-15
19:	4.59e-01	2.10e-15
20:	0.00e+00	6.94e-18
21:	0.00e+00	2.10e-15
22:	4.08e-02	2.07e-15
23:	0.00e+00	1.39e-17
24:	0.00e+00	0.00e+00
25:	-4.18e-01	0.00e+00
26:	0.00e+00	0.00e+00
27:	5.00e-01	0.00e+00
28:	0.00e+00	-5.00e-01
29:	8.16e-02	-5.00e-01
30:	0.00e+00	-5.00e-01
31:	8.16e-02	-5.00e-01
32:	0.00e+00	2.78e-17
33:	5.00e-01	2.78e-17
34:	0.00e+00	3.58e-17
35:	-4.18e-01	3.58e-17
36:	0.00e+00	1.39e-17
37:	-2.08e-17	1.39e-17
38:	0.00e+00	0.00e+00
39:	9.18e-01	0.00e+00
40:	0.00e+00	-5.00e-01
41:	5.00e-01	-5.00e-01
42:	0.00e+00	-5.00e-01
43:	5.00e-01	-5.00e-01
44:	0.00e+00	2.66e-17
45:	9.18e-01	2.66e-17
46:	0.00e+00	4.86e-17
47:	-6.94e-18	4.86e-17
48:	0.00e+00	2.66e-17
49:	4.18e-01	2.66e-17
50:	0.00e+00	-5.00e-01
51:	-4.18e-01	-5.00e-01
52:	0.00e+00	-5.00e-01
53:	-4.18e-01	-5.00e-01
54:	0.00e+00	2.78e-17
55:	-2.08e-17	2.78e-17
56:	0.00e+00	2.19e-17
57:	-9.18e-01	2.19e-17
58:	0.00e+00	0.00e+00
59:	-5.00e-01	0.00e+00
60:	0.00e+00	6.94e-18
61:	0.00e+00	-2.00e+00
62:	0.00e+00	-5.00e-01
63:	4.18e-01	-5.00e-01
64:	0.00e+00	-5.00e-01
65:	-5.00e-01	-5.00e-01
66:	0.00e+00	-5.00e-01
67:	-8.16e-02	-5.00e-01
68:	0.00e+00	-5.00e-01
69:	4.18e-01	-5.00e-01
70:	0.00e+00	-5.00e-01
71:	-5.00e-01	-5.00e-01
72:	0.00e+00	-5.00e-01
73:	-8.16e-02	-5.00e-01
74:	0.00e+00	2.08e-17
75:	-9.18e-01	2.08e-17
76:	0.00e+00	0.00e+00
77:	-5.00e-01	5.55e-17
78:	0.00e+00	2.08e-17
79:	4.18e-01	2.08e-17
New op index: 16	$R_Y$[5]
Current grad: 80.02403421934754
New op index: 45	$R_{YX-XY}$[1, 5]
Current grad: 4.95346054905623
New op index: 75	$R_{YX-XY}$[5, 6]
Current grad: 1.9796078088503757
New op index: 79	$R_{YX-XY}$[6, 7]
Current grad: 4.142332923021781
New op index: 22	$R_Y$[7]
Current grad: 36.196435379324136
New op index: 77	$R_{YX-XY}$[5, 7]
Current grad: 3.2104476653965843
New op index: 75	$R_{YX-XY}$[5, 6]
Current grad: 5.848368392627691
New op index: 39	$R_{YX-XY}$[1, 2]
Current grad: 0.9959355154456188
New op index: 51	$R_{YX-XY}$[2, 3]
Current grad: 2.291384864223149
New op index: 10	$R_Y$[3]
Current grad: 56.98539167604869
New op index: 41	$R_{YX-XY}$[1, 3]
Current grad: 2.424842199802211
New op index: 39	$R_{YX-XY}$[1, 2]
Current grad: 4.701097639351115
New op index: 31	$R_{YX-XY}$[0, 4]
Current grad: 0.24757247854671813
New op index: 13	$R_Y$[4]
Current grad: 74.07887044466565
New op index: 31	$R_{YX-XY}$[0, 4]
Current grad: 0.17971417641273013
New op index: 61	$R_{YX-XY}$[3, 4]
Current grad: 6.64332884996574
New op index: 37	$R_{YX-XY}$[0, 7]
Current grad: 5.264201507041998
New op index: 63	$R_{YX-XY}$[3, 5]
Current grad: 3.830104284507514
New op index: 45	$R_{YX-XY}$[1, 5]
Current grad: 2.5313586748379633
New op index: 57	$R_{YX-XY}$[2, 6]
Current grad: 3.9559600273816136
New op index: 61	$R_{YX-XY}$[3, 4]
Current grad: 4.581712113392957
New op index: 47	$R_{YX-XY}$[1, 6]
Current grad: 3.6208964839942723
New op index: 39	$R_{YX-XY}$[1, 2]
Current grad: 2.9134421181024175
New op index: 59	$R_{YX-XY}$[2, 7]
Current grad: 3.9525856915307216
New op index: 45	$R_{YX-XY}$[1, 5]
Current grad: 2.9412578141789494
New op index: 55	$R_{YX-XY}$[2, 5]
Current grad: 2.5476619849758873
New op index: 49	$R_{YX-XY}$[1, 7]
Current grad: 1.782011834157184
New op index: 67	$R_{YX-XY}$[3, 7]
Current grad: 1.3599113944656076
New op index: 77	$R_{YX-XY}$[5, 7]
Current grad: 1.1918390406072108
New op index: 31	$R_{YX-XY}$[0, 4]
Current grad: 1.2169499841006806
New op index: 37	$R_{YX-XY}$[0, 7]
Current grad: 1.1113484831699325
New op index: 73	$R_{YX-XY}$[4, 7]
Current grad: 1.502945015644297
New op index: 71	$R_{YX-XY}$[4, 6]
Current grad: 1.3657707820653635
New op index: 65	$R_{YX-XY}$[3, 6]
Current grad: 1.4926446440292667
New op index: 25	$R_{YX-XY}$[0, 1]
Current grad: 0.9435977304058017
New op index: 79	$R_{YX-XY}$[6, 7]
Current grad: 0.8343016671969421
New op index: 51	$R_{YX-XY}$[2, 3]
Current grad: 0.41616550183641
New op index: 31	$R_{YX-XY}$[0, 4]
Current grad: 0.37501760082701663
New op index: 39	$R_{YX-XY}$[1, 2]
Current grad: 0.34426502767668793
New op index: 63	$R_{YX-XY}$[3, 5]
Current grad: 0.10684536575266933
New op index: 45	$R_{YX-XY}$[1, 5]
Current grad: 0.09455459924397726
New op index: 75	$R_{YX-XY}$[5, 6]
Current grad: 0.06342681764853703
New op index: 69	$R_{YX-XY}$[4, 5]
Current grad: 0.022297923182937673
New op index: 43	$R_{YX-XY}$[1, 4]
Current grad: 0.02320346850030982
Parameter value cutoff reached.
Calculating energies for FreeWilson2D(N_x=2, N_y=2, mass=-1.755, r=1.000)
h_im: 0.0
New op index: 39	$R_{YX-XY}$[1, 2]
Current grad: 12.040816326530607
0:	0.00e+00	0.00e+00
1:	1.22e-01	0.00e+00
2:	0.00e+00	0.00e+00
3:	0.00e+00	0.00e+00
4:	3.78e-01	0.00e+00
5:	0.00e+00	0.00e+00
6:	0.00e+00	0.00e+00
7:	-3.78e-01	0.00e+00
8:	0.00e+00	0.00e+00
9:	0.00e+00	0.00e+00
10:	-1.22e-01	-5.00e-01
11:	0.00e+00	-5.00e-01
12:	0.00e+00	0.00e+00
13:	-1.22e-01	-5.00e-01
14:	0.00e+00	-5.00e-01
15:	0.00e+00	2.11e-15
16:	-3.78e-01	2.08e-15
17:	0.00e+00	1.39e-17
18:	0.00e+00	2.10e-15
19:	3.78e-01	2.10e-15
20:	0.00e+00	6.94e-18
21:	0.00e+00	2.10e-15
22:	1.22e-01	2.07e-15
23:	0.00e+00	1.39e-17
24:	0.00e+00	0.00e+00
25:	-2.55e-01	0.00e+00
26:	0.00e+00	0.00e+00
27:	5.00e-01	0.00e+00
28:	0.00e+00	-5.00e-01
29:	2.45e-01	-5.00e-01
30:	0.00e+00	-5.00e-01
31:	2.45e-01	-5.00e-01
32:	0.00e+00	2.78e-17
33:	5.00e-01	2.78e-17
34:	0.00e+00	3.81e-17
35:	-2.55e-01	3.81e-17
36:	0.00e+00	1.39e-17
37:	-2.08e-17	1.39e-17
38:	0.00e+00	0.00e+00
39:	7.55e-01	0.00e+00
40:	0.00e+00	-5.00e-01
41:	5.00e-01	-5.00e-01
42:	0.00e+00	-5.00e-01
43:	5.00e-01	-5.00e-01
44:	0.00e+00	2.44e-17
45:	7.55e-01	2.44e-17
46:	0.00e+00	4.86e-17
47:	-6.94e-18	4.86e-17
48:	0.00e+00	2.44e-17
49:	2.55e-01	2.44e-17
50:	0.00e+00	-5.00e-01
51:	-2.55e-01	-5.00e-01
52:	0.00e+00	-5.00e-01
53:	-2.55e-01	-5.00e-01
54:	0.00e+00	2.78e-17
55:	-2.08e-17	2.78e-17
56:	0.00e+00	2.42e-17
57:	-7.55e-01	2.42e-17
58:	0.00e+00	0.00e+00
59:	-5.00e-01	0.00e+00
60:	0.00e+00	6.94e-18
61:	0.00e+00	-2.00e+00
62:	0.00e+00	-5.00e-01
63:	2.55e-01	-5.00e-01
64:	0.00e+00	-5.00e-01
65:	-5.00e-01	-5.00e-01
66:	0.00e+00	-5.00e-01
67:	-2.45e-01	-5.00e-01
68:	0.00e+00	-5.00e-01
69:	2.55e-01	-5.00e-01
70:	0.00e+00	-5.00e-01
71:	-5.00e-01	-5.00e-01
72:	0.00e+00	-5.00e-01
73:	-2.45e-01	-5.00e-01
74:	0.00e+00	2.08e-17
75:	-7.55e-01	2.08e-17
76:	0.00e+00	0.00e+00
77:	-5.00e-01	5.55e-17
78:	0.00e+00	2.08e-17
79:	2.55e-01	2.08e-17
New op index: 4	$R_Y$[1]
Current grad: 105.02830889037662
New op index: 25	$R_{YX-XY}$[0, 1]
Current grad: 20.489315035063633
New op index: 75	$R_{YX-XY}$[5, 6]
Current grad: 4.633457492309873
New op index: 19	$R_Y$[6]
Current grad: 99.44077168805221
New op index: 79	$R_{YX-XY}$[6, 7]
Current grad: 9.342485701129398
New op index: 10	$R_Y$[3]
Current grad: 0.24574577956099009
New op index: 13	$R_Y$[4]
Current grad: 50.88231947876261
New op index: 61	$R_{YX-XY}$[3, 4]
Current grad: 1.9913896006764142
New op index: 22	$R_Y$[7]
Current grad: 0.00011033639840329153
Precision cutoff reached.
Calculating energies for FreeWilson2D(N_x=2, N_y=2, mass=-1.592, r=1.000)
h_im: 0.0
New op index: 39	$R_{YX-XY}$[1, 2]
Current grad: 10.734693877551015
0:	0.00e+00	0.00e+00
1:	2.04e-01	0.00e+00
2:	0.00e+00	0.00e+00
3:	0.00e+00	0.00e+00
4:	2.96e-01	0.00e+00
5:	0.00e+00	0.00e+00
6:	0.00e+00	0.00e+00
7:	-2.96e-01	0.00e+00
8:	0.00e+00	0.00e+00
9:	0.00e+00	0.00e+00
10:	-2.04e-01	-5.00e-01
11:	0.00e+00	-5.00e-01
12:	0.00e+00	0.00e+00
13:	-2.04e-01	-5.00e-01
14:	0.00e+00	-5.00e-01
15:	0.00e+00	2.11e-15
16:	-2.96e-01	2.08e-15
17:	0.00e+00	1.39e-17
18:	0.00e+00	2.10e-15
19:	2.96e-01	2.10e-15
20:	0.00e+00	6.94e-18
21:	0.00e+00	2.10e-15
22:	2.04e-01	2.07e-15
23:	0.00e+00	1.39e-17
24:	0.00e+00	0.00e+00
25:	-9.18e-02	0.00e+00
26:	0.00e+00	0.00e+00
27:	5.00e-01	0.00e+00
28:	0.00e+00	-5.00e-01
29:	4.08e-01	-5.00e-01
30:	0.00e+00	-5.00e-01
31:	4.08e-01	-5.00e-01
32:	0.00e+00	2.78e-17
33:	5.00e-01	2.78e-17
34:	0.00e+00	4.04e-17
35:	-9.18e-02	4.04e-17
36:	0.00e+00	1.39e-17
37:	-2.08e-17	1.39e-17
38:	0.00e+00	0.00e+00
39:	5.92e-01	0.00e+00
40:	0.00e+00	-5.00e-01
41:	5.00e-01	-5.00e-01
42:	0.00e+00	-5.00e-01
43:	5.00e-01	-5.00e-01
44:	0.00e+00	2.21e-17
45:	5.92e-01	2.21e-17
46:	0.00e+00	4.86e-17
47:	-6.94e-18	4.86e-17
48:	0.00e+00	2.21e-17
49:	9.18e-02	2.21e-17
50:	0.00e+00	-5.00e-01
51:	-9.18e-02	-5.00e-01
52:	0.00e+00	-5.00e-01
53:	-9.18e-02	-5.00e-01
54:	0.00e+00	2.78e-17
55:	-2.08e-17	2.78e-17
56:	0.00e+00	2.65e-17
57:	-5.92e-01	2.65e-17
58:	0.00e+00	0.00e+00
59:	-5.00e-01	0.00e+00
60:	0.00e+00	6.94e-18
61:	0.00e+00	-2.00e+00
62:	0.00e+00	-5.00e-01
63:	9.18e-02	-5.00e-01
64:	0.00e+00	-5.00e-01
65:	-5.00e-01	-5.00e-01
66:	0.00e+00	-5.00e-01
67:	-4.08e-01	-5.00e-01
68:	0.00e+00	-5.00e-01
69:	9.18e-02	-5.00e-01
70:	0.00e+00	-5.00e-01
71:	-5.00e-01	-5.00e-01
72:	0.00e+00	-5.00e-01
73:	-4.08e-01	-5.00e-01
74:	0.00e+00	2.08e-17
75:	-5.92e-01	2.08e-17
76:	0.00e+00	0.00e+00
77:	-5.00e-01	5.55e-17
78:	0.00e+00	2.08e-17
79:	9.18e-02	2.08e-17
New op index: 4	$R_Y$[1]
Current grad: 102.45284595809488
New op index: 25	$R_{YX-XY}$[0, 1]
Current grad: 20.824843532965943
New op index: 75	$R_{YX-XY}$[5, 6]
Current grad: 4.389153569173883
New op index: 16	$R_Y$[5]
Current grad: 97.1734529875286
New op index: 69	$R_{YX-XY}$[4, 5]
Current grad: 10.266050730682597
New op index: 51	$R_{YX-XY}$[2, 3]
Current grad: 2.861258920776921
New op index: 22	$R_Y$[7]
Current grad: 0.41467198803761207
New op index: 1	$R_Y$[0]
Current grad: 18.853024116613344
New op index: 37	$R_{YX-XY}$[0, 7]
Current grad: 0.016420073786909177
New op index: 22	$R_Y$[7]
Current grad: 0.03618438583006823
Parameter value cutoff reached.
Calculating energies for FreeWilson2D(N_x=2, N_y=2, mass=-1.429, r=1.000)
h_im: 0.0
New op index: 29	$R_{YX-XY}$[0, 3]
Current grad: 10.571428571428559
0:	0.00e+00	0.00e+00
1:	2.86e-01	0.00e+00
2:	0.00e+00	0.00e+00
3:	0.00e+00	0.00e+00
4:	2.14e-01	0.00e+00
5:	0.00e+00	0.00e+00
6:	0.00e+00	0.00e+00
7:	-2.14e-01	0.00e+00
8:	0.00e+00	0.00e+00
9:	0.00e+00	0.00e+00
10:	-2.86e-01	-5.00e-01
11:	0.00e+00	-5.00e-01
12:	0.00e+00	0.00e+00
13:	-2.86e-01	-5.00e-01
14:	0.00e+00	-5.00e-01
15:	0.00e+00	2.11e-15
16:	-2.14e-01	2.08e-15
17:	0.00e+00	1.39e-17
18:	0.00e+00	2.10e-15
19:	2.14e-01	2.10e-15
20:	0.00e+00	6.94e-18
21:	0.00e+00	2.10e-15
22:	2.86e-01	2.07e-15
23:	0.00e+00	1.39e-17
24:	0.00e+00	0.00e+00
25:	7.14e-02	0.00e+00
26:	0.00e+00	0.00e+00
27:	5.00e-01	0.00e+00
28:	0.00e+00	-5.00e-01
29:	5.71e-01	-5.00e-01
30:	0.00e+00	-5.00e-01
31:	5.71e-01	-5.00e-01
32:	0.00e+00	2.78e-17
33:	5.00e-01	2.78e-17
34:	0.00e+00	4.26e-17
35:	7.14e-02	4.26e-17
36:	0.00e+00	1.39e-17
37:	-2.08e-17	1.39e-17
38:	0.00e+00	0.00e+00
39:	4.29e-01	0.00e+00
40:	0.00e+00	-5.00e-01
41:	5.00e-01	-5.00e-01
42:	0.00e+00	-5.00e-01
43:	5.00e-01	-5.00e-01
44:	0.00e+00	1.98e-17
45:	4.29e-01	1.98e-17
46:	0.00e+00	4.86e-17
47:	-6.94e-18	4.86e-17
48:	0.00e+00	1.98e-17
49:	-7.14e-02	1.98e-17
50:	0.00e+00	-5.00e-01
51:	7.14e-02	-5.00e-01
52:	0.00e+00	-5.00e-01
53:	7.14e-02	-5.00e-01
54:	0.00e+00	2.78e-17
55:	-2.08e-17	2.78e-17
56:	0.00e+00	2.87e-17
57:	-4.29e-01	2.87e-17
58:	0.00e+00	0.00e+00
59:	-5.00e-01	0.00e+00
60:	0.00e+00	6.94e-18
61:	0.00e+00	-2.00e+00
62:	0.00e+00	-5.00e-01
63:	-7.14e-02	-5.00e-01
64:	0.00e+00	-5.00e-01
65:	-5.00e-01	-5.00e-01
66:	0.00e+00	-5.00e-01
67:	-5.71e-01	-5.00e-01
68:	0.00e+00	-5.00e-01
69:	-7.14e-02	-5.00e-01
70:	0.00e+00	-5.00e-01
71:	-5.00e-01	-5.00e-01
72:	0.00e+00	-5.00e-01
73:	-5.71e-01	-5.00e-01
74:	0.00e+00	2.08e-17
75:	-4.29e-01	2.08e-17
76:	0.00e+00	0.00e+00
77:	-5.00e-01	5.55e-17
78:	0.00e+00	2.08e-17
79:	-7.14e-02	2.08e-17
New op index: 1	$R_Y$[0]
Current grad: 69.98445902552406
New op index: 29	$R_{YX-XY}$[0, 3]
Current grad: 9.859037594047116
New op index: 53	$R_{YX-XY}$[2, 4]
Current grad: 13.095984502338574
New op index: 13	$R_Y$[4]
Current grad: 94.00447151492634
New op index: 69	$R_{YX-XY}$[4, 5]
Current grad: 12.316241035047222
New op index: 61	$R_{YX-XY}$[3, 4]
Current grad: 4.0035129855565375
New op index: 79	$R_{YX-XY}$[6, 7]
Current grad: 2.512609496216615
New op index: 22	$R_Y$[7]
Current grad: 63.84238556751562
New op index: 79	$R_{YX-XY}$[6, 7]
Current grad: 3.4682183272455473
New op index: 77	$R_{YX-XY}$[5, 7]
Current grad: 1.6196503966569664
New op index: 16	$R_Y$[5]
Current grad: 1.5225828807079513
New op index: 4	$R_Y$[1]
Current grad: 1.3484401341713497
New op index: 27	$R_{YX-XY}$[0, 2]
Current grad: 8.455416095131987
New op index: 59	$R_{YX-XY}$[2, 7]
Current grad: 8.760566505825157
New op index: 33	$R_{YX-XY}$[0, 5]
Current grad: 10.180464697214088
New op index: 31	$R_{YX-XY}$[0, 4]
Current grad: 9.166335834633323
New op index: 73	$R_{YX-XY}$[4, 7]
Current grad: 9.243469031778757
New op index: 71	$R_{YX-XY}$[4, 6]
Current grad: 9.07003598921671
New op index: 61	$R_{YX-XY}$[3, 4]
Current grad: 6.607126116446956
New op index: 43	$R_{YX-XY}$[1, 4]
Current grad: 1.3563264955648877
New op index: 77	$R_{YX-XY}$[5, 7]
Current grad: 0.465166747242072
New op index: 47	$R_{YX-XY}$[1, 6]
Current grad: 0.29148351120910865
New op index: 55	$R_{YX-XY}$[2, 5]
Current grad: 0.34829667144606824
New op index: 65	$R_{YX-XY}$[3, 6]
Current grad: 0.190677793706188
New op index: 37	$R_{YX-XY}$[0, 7]
Current grad: 0.02893110717957215
Parameter value cutoff reached.
Calculating energies for FreeWilson2D(N_x=2, N_y=2, mass=-1.265, r=1.000)
h_im: 0.0
New op index: 29	$R_{YX-XY}$[0, 3]
Current grad: 11.87755102040815
0:	0.00e+00	0.00e+00
1:	3.67e-01	0.00e+00
2:	0.00e+00	0.00e+00
3:	0.00e+00	0.00e+00
4:	1.33e-01	0.00e+00
5:	0.00e+00	0.00e+00
6:	0.00e+00	0.00e+00
7:	-1.33e-01	0.00e+00
8:	0.00e+00	0.00e+00
9:	0.00e+00	0.00e+00
10:	-3.67e-01	-5.00e-01
11:	0.00e+00	-5.00e-01
12:	0.00e+00	0.00e+00
13:	-3.67e-01	-5.00e-01
14:	0.00e+00	-5.00e-01
15:	0.00e+00	2.11e-15
16:	-1.33e-01	2.08e-15
17:	0.00e+00	1.39e-17
18:	0.00e+00	2.10e-15
19:	1.33e-01	2.11e-15
20:	0.00e+00	6.94e-18
21:	0.00e+00	2.10e-15
22:	3.67e-01	2.07e-15
23:	0.00e+00	1.39e-17
24:	0.00e+00	0.00e+00
25:	2.35e-01	0.00e+00
26:	0.00e+00	0.00e+00
27:	5.00e-01	0.00e+00
28:	0.00e+00	-5.00e-01
29:	7.35e-01	-5.00e-01
30:	0.00e+00	-5.00e-01
31:	7.35e-01	-5.00e-01
32:	0.00e+00	2.78e-17
33:	5.00e-01	2.78e-17
34:	0.00e+00	4.49e-17
35:	2.35e-01	4.49e-17
36:	0.00e+00	1.39e-17
37:	-2.08e-17	1.39e-17
38:	0.00e+00	0.00e+00
39:	2.65e-01	0.00e+00
40:	0.00e+00	-5.00e-01
41:	5.00e-01	-5.00e-01
42:	0.00e+00	-5.00e-01
43:	5.00e-01	-5.00e-01
44:	0.00e+00	1.76e-17
45:	2.65e-01	1.76e-17
46:	0.00e+00	4.86e-17
47:	-6.94e-18	4.86e-17
48:	0.00e+00	1.76e-17
49:	-2.35e-01	1.76e-17
50:	0.00e+00	-5.00e-01
51:	2.35e-01	-5.00e-01
52:	0.00e+00	-5.00e-01
53:	2.35e-01	-5.00e-01
54:	0.00e+00	2.78e-17
55:	-2.08e-17	2.78e-17
56:	0.00e+00	3.10e-17
57:	-2.65e-01	3.10e-17
58:	0.00e+00	0.00e+00
59:	-5.00e-01	0.00e+00
60:	0.00e+00	6.94e-18
61:	0.00e+00	-2.00e+00
62:	0.00e+00	-5.00e-01
63:	-2.35e-01	-5.00e-01
64:	0.00e+00	-5.00e-01
65:	-5.00e-01	-5.00e-01
66:	0.00e+00	-5.00e-01
67:	-7.35e-01	-5.00e-01
68:	0.00e+00	-5.00e-01
69:	-2.35e-01	-5.00e-01
70:	0.00e+00	-5.00e-01
71:	-5.00e-01	-5.00e-01
72:	0.00e+00	-5.00e-01
73:	-7.35e-01	-5.00e-01
74:	0.00e+00	2.08e-17
75:	-2.65e-01	2.08e-17
76:	0.00e+00	0.00e+00
77:	-5.00e-01	5.55e-17
78:	0.00e+00	2.08e-17
79:	-2.35e-01	2.08e-17
New op index: 10	$R_Y$[3]
Current grad: 100.87030690927334
New op index: 29	$R_{YX-XY}$[0, 3]
Current grad: 11.537852605002545
New op index: 53	$R_{YX-XY}$[2, 4]
Current grad: 14.412995910331379
New op index: 13	$R_Y$[4]
Current grad: 92.71044986277731
New op index: 69	$R_{YX-XY}$[4, 5]
Current grad: 12.991570382048241
New op index: 61	$R_{YX-XY}$[3, 4]
Current grad: 4.583501199648804
New op index: 49	$R_{YX-XY}$[1, 7]
Current grad: 3.0756986301118774
New op index: 22	$R_Y$[7]
Current grad: 62.40252324802335
New op index: 49	$R_{YX-XY}$[1, 7]
Current grad: 1.9325266912436483
New op index: 27	$R_{YX-XY}$[0, 2]
Current grad: 1.6706874448959323
New op index: 16	$R_Y$[5]
Current grad: 1.439782220527412
New op index: 19	$R_Y$[6]
Current grad: 3.27783182929592
New op index: 59	$R_{YX-XY}$[2, 7]
Current grad: 8.102577113191515
New op index: 63	$R_{YX-XY}$[3, 5]
Current grad: 9.698968269236364
New op index: 25	$R_{YX-XY}$[0, 1]
Current grad: 7.964047046363179
New op index: 39	$R_{YX-XY}$[1, 2]
Current grad: 8.01924254097942
New op index: 33	$R_{YX-XY}$[0, 5]
Current grad: 5.819070642884434
New op index: 65	$R_{YX-XY}$[3, 6]
Current grad: 1.6259756972803092
New op index: 41	$R_{YX-XY}$[1, 3]
Current grad: 0.8835000715374108
New op index: 55	$R_{YX-XY}$[2, 5]
Current grad: 1.125923995710166
New op index: 43	$R_{YX-XY}$[1, 4]
Current grad: 1.1410348263037333
New op index: 59	$R_{YX-XY}$[2, 7]
Current grad: 1.3372438846336323
New op index: 27	$R_{YX-XY}$[0, 2]
Current grad: 0.7251619087262468
New op index: 47	$R_{YX-XY}$[1, 6]
Current grad: 0.054736256537294914
New op index: 65	$R_{YX-XY}$[3, 6]
Current grad: 0.016305357182635864
Parameter value cutoff reached.
Calculating energies for FreeWilson2D(N_x=2, N_y=2, mass=-1.102, r=1.000)
h_im: 0.0
New op index: 29	$R_{YX-XY}$[0, 3]
Current grad: 13.183673469387736
0:	0.00e+00	0.00e+00
1:	4.49e-01	0.00e+00
2:	0.00e+00	0.00e+00
3:	0.00e+00	0.00e+00
4:	5.10e-02	0.00e+00
5:	0.00e+00	0.00e+00
6:	0.00e+00	0.00e+00
7:	-5.10e-02	0.00e+00
8:	0.00e+00	0.00e+00
9:	0.00e+00	0.00e+00
10:	-4.49e-01	-5.00e-01
11:	0.00e+00	-5.00e-01
12:	0.00e+00	0.00e+00
13:	-4.49e-01	-5.00e-01
14:	0.00e+00	-5.00e-01
15:	0.00e+00	2.11e-15
16:	-5.10e-02	2.08e-15
17:	0.00e+00	1.39e-17
18:	0.00e+00	2.10e-15
19:	5.10e-02	2.11e-15
20:	0.00e+00	6.94e-18
21:	0.00e+00	2.10e-15
22:	4.49e-01	2.07e-15
23:	0.00e+00	1.39e-17
24:	0.00e+00	0.00e+00
25:	3.98e-01	0.00e+00
26:	0.00e+00	0.00e+00
27:	5.00e-01	0.00e+00
28:	0.00e+00	-5.00e-01
29:	8.98e-01	-5.00e-01
30:	0.00e+00	-5.00e-01
31:	8.98e-01	-5.00e-01
32:	0.00e+00	2.78e-17
33:	5.00e-01	2.78e-17
34:	0.00e+00	4.72e-17
35:	3.98e-01	4.72e-17
36:	0.00e+00	1.39e-17
37:	-2.08e-17	1.39e-17
38:	0.00e+00	0.00e+00
39:	1.02e-01	0.00e+00
40:	0.00e+00	-5.00e-01
41:	5.00e-01	-5.00e-01
42:	0.00e+00	-5.00e-01
43:	5.00e-01	-5.00e-01
44:	0.00e+00	1.53e-17
45:	1.02e-01	1.53e-17
46:	0.00e+00	4.86e-17
47:	-6.94e-18	4.86e-17
48:	0.00e+00	1.53e-17
49:	-3.98e-01	1.53e-17
50:	0.00e+00	-5.00e-01
51:	3.98e-01	-5.00e-01
52:	0.00e+00	-5.00e-01
53:	3.98e-01	-5.00e-01
54:	0.00e+00	2.78e-17
55:	-2.08e-17	2.78e-17
56:	0.00e+00	3.33e-17
57:	-1.02e-01	3.33e-17
58:	0.00e+00	0.00e+00
59:	-5.00e-01	0.00e+00
60:	0.00e+00	6.94e-18
61:	0.00e+00	-2.00e+00
62:	0.00e+00	-5.00e-01
63:	-3.98e-01	-5.00e-01
64:	0.00e+00	-5.00e-01
65:	-5.00e-01	-5.00e-01
66:	0.00e+00	-5.00e-01
67:	-8.98e-01	-5.00e-01
68:	0.00e+00	-5.00e-01
69:	-3.98e-01	-5.00e-01
70:	0.00e+00	-5.00e-01
71:	-5.00e-01	-5.00e-01
72:	0.00e+00	-5.00e-01
73:	-8.98e-01	-5.00e-01
74:	0.00e+00	2.08e-17
75:	-1.02e-01	2.08e-17
76:	0.00e+00	0.00e+00
77:	-5.00e-01	5.55e-17
78:	0.00e+00	2.08e-17
79:	-3.98e-01	2.08e-17
New op index: 10	$R_Y$[3]
Current grad: 99.16570293016012
New op index: 29	$R_{YX-XY}$[0, 3]
Current grad: 13.213591631918689
New op index: 53	$R_{YX-XY}$[2, 4]
Current grad: 15.704268272431019
New op index: 13	$R_Y$[4]
Current grad: 92.20335641941033
New op index: 53	$R_{YX-XY}$[2, 4]
Current grad: 13.646507724769053
New op index: 41	$R_{YX-XY}$[1, 3]
Current grad: 9.294205043588333
New op index: 69	$R_{YX-XY}$[4, 5]
Current grad: 6.5765876103309795
New op index: 77	$R_{YX-XY}$[5, 7]
Current grad: 5.366229451410347
New op index: 22	$R_Y$[7]
Current grad: 50.5823343558923
New op index: 19	$R_Y$[6]
Current grad: 6.773144221768305
New op index: 10	$R_Y$[3]
Current grad: 53.936884380380604
New op index: 61	$R_{YX-XY}$[3, 4]
Current grad: 4.00403296912577
New op index: 37	$R_{YX-XY}$[0, 7]
Current grad: 3.010071138153349
New op index: 55	$R_{YX-XY}$[2, 5]
Current grad: 2.987196452423569
New op index: 65	$R_{YX-XY}$[3, 6]
Current grad: 1.30817649315486
New op index: 77	$R_{YX-XY}$[5, 7]
Current grad: 0.8439183548410505
New op index: 16	$R_Y$[5]
Current grad: 0.0032934355476789638
Parameter value cutoff reached.
Calculating energies for FreeWilson2D(N_x=2, N_y=2, mass=-0.939, r=1.000)
h_im: 0.0
New op index: 29	$R_{YX-XY}$[0, 3]
Current grad: 15.224489795918343
0:	0.00e+00	0.00e+00
1:	5.31e-01	0.00e+00
2:	0.00e+00	0.00e+00
3:	0.00e+00	0.00e+00
4:	-3.06e-02	0.00e+00
5:	0.00e+00	0.00e+00
6:	0.00e+00	0.00e+00
7:	3.06e-02	0.00e+00
8:	0.00e+00	0.00e+00
9:	0.00e+00	0.00e+00
10:	-5.31e-01	-5.00e-01
11:	0.00e+00	-5.00e-01
12:	0.00e+00	0.00e+00
13:	-5.31e-01	-5.00e-01
14:	0.00e+00	-5.00e-01
15:	0.00e+00	2.11e-15
16:	3.06e-02	2.08e-15
17:	0.00e+00	1.39e-17
18:	0.00e+00	2.10e-15
19:	-3.06e-02	2.11e-15
20:	0.00e+00	6.94e-18
21:	0.00e+00	2.10e-15
22:	5.31e-01	2.07e-15
23:	0.00e+00	1.39e-17
24:	0.00e+00	0.00e+00
25:	5.61e-01	0.00e+00
26:	0.00e+00	0.00e+00
27:	5.00e-01	0.00e+00
28:	0.00e+00	-5.00e-01
29:	1.06e+00	-5.00e-01
30:	0.00e+00	-5.00e-01
31:	1.06e+00	-5.00e-01
32:	0.00e+00	2.78e-17
33:	5.00e-01	2.78e-17
34:	0.00e+00	4.94e-17
35:	5.61e-01	4.94e-17
36:	0.00e+00	1.39e-17
37:	-2.08e-17	1.39e-17
38:	0.00e+00	0.00e+00
39:	-6.12e-02	0.00e+00
40:	0.00e+00	-5.00e-01
41:	5.00e-01	-5.00e-01
42:	0.00e+00	-5.00e-01
43:	5.00e-01	-5.00e-01
44:	0.00e+00	1.30e-17
45:	-6.12e-02	1.30e-17
46:	0.00e+00	4.86e-17
47:	-6.94e-18	4.86e-17
48:	0.00e+00	1.30e-17
49:	-5.61e-01	1.30e-17
50:	0.00e+00	-5.00e-01
51:	5.61e-01	-5.00e-01
52:	0.00e+00	-5.00e-01
53:	5.61e-01	-5.00e-01
54:	0.00e+00	2.78e-17
55:	-2.08e-17	2.78e-17
56:	0.00e+00	3.55e-17
57:	6.12e-02	3.55e-17
58:	0.00e+00	0.00e+00
59:	-5.00e-01	0.00e+00
60:	0.00e+00	6.94e-18
61:	0.00e+00	-2.00e+00
62:	0.00e+00	-5.00e-01
63:	-5.61e-01	-5.00e-01
64:	0.00e+00	-5.00e-01
65:	-5.00e-01	-5.00e-01
66:	0.00e+00	-5.00e-01
67:	-1.06e+00	-5.00e-01
68:	0.00e+00	-5.00e-01
69:	-5.61e-01	-5.00e-01
70:	0.00e+00	-5.00e-01
71:	-5.00e-01	-5.00e-01
72:	0.00e+00	-5.00e-01
73:	-1.06e+00	-5.00e-01
74:	0.00e+00	2.08e-17
75:	6.12e-02	2.08e-17
76:	0.00e+00	0.00e+00
77:	-5.00e-01	5.55e-17
78:	0.00e+00	2.08e-17
79:	-5.61e-01	2.08e-17
New op index: 10	$R_Y$[3]
Current grad: 99.02636172296576
New op index: 29	$R_{YX-XY}$[0, 3]
Current grad: 15.138526394306304
New op index: 53	$R_{YX-XY}$[2, 4]
Current grad: 17.25395224319829
New op index: 13	$R_Y$[4]
Current grad: 92.16316570418554
New op index: 53	$R_{YX-XY}$[2, 4]
Current grad: 14.604212571018614
New op index: 49	$R_{YX-XY}$[1, 7]
Current grad: 9.868168045337423
New op index: 22	$R_Y$[7]
Current grad: 77.01451729353575
New op index: 49	$R_{YX-XY}$[1, 7]
Current grad: 10.299386780188582
New op index: 75	$R_{YX-XY}$[5, 6]
Current grad: 5.122794800111017
New op index: 19	$R_Y$[6]
Current grad: 73.68172494605658
New op index: 75	$R_{YX-XY}$[5, 6]
Current grad: 10.083010895690387
New op index: 22	$R_Y$[7]
Current grad: 0.00019992723700597325
Precision cutoff reached.
Calculating energies for FreeWilson2D(N_x=2, N_y=2, mass=-0.776, r=1.000)
h_im: 0.0
New op index: 29	$R_{YX-XY}$[0, 3]
Current grad: 18.48979591836732
0:	0.00e+00	0.00e+00
1:	6.12e-01	0.00e+00
2:	0.00e+00	0.00e+00
3:	0.00e+00	0.00e+00
4:	-1.12e-01	0.00e+00
5:	0.00e+00	0.00e+00
6:	0.00e+00	0.00e+00
7:	1.12e-01	0.00e+00
8:	0.00e+00	0.00e+00
9:	0.00e+00	0.00e+00
10:	-6.12e-01	-5.00e-01
11:	0.00e+00	-5.00e-01
12:	0.00e+00	0.00e+00
13:	-6.12e-01	-5.00e-01
14:	0.00e+00	-5.00e-01
15:	0.00e+00	2.11e-15
16:	1.12e-01	2.08e-15
17:	0.00e+00	1.39e-17
18:	0.00e+00	2.10e-15
19:	-1.12e-01	2.11e-15
20:	0.00e+00	6.94e-18
21:	0.00e+00	2.10e-15
22:	6.12e-01	2.07e-15
23:	0.00e+00	1.39e-17
24:	0.00e+00	0.00e+00
25:	7.24e-01	0.00e+00
26:	0.00e+00	0.00e+00
27:	5.00e-01	0.00e+00
28:	0.00e+00	-5.00e-01
29:	1.22e+00	-5.00e-01
30:	0.00e+00	-5.00e-01
31:	1.22e+00	-5.00e-01
32:	0.00e+00	2.78e-17
33:	5.00e-01	2.78e-17
34:	0.00e+00	5.17e-17
35:	7.24e-01	5.17e-17
36:	0.00e+00	1.39e-17
37:	-2.08e-17	1.39e-17
38:	0.00e+00	0.00e+00
39:	-2.24e-01	0.00e+00
40:	0.00e+00	-5.00e-01
41:	5.00e-01	-5.00e-01
42:	0.00e+00	-5.00e-01
43:	5.00e-01	-5.00e-01
44:	0.00e+00	1.08e-17
45:	-2.24e-01	1.08e-17
46:	0.00e+00	4.86e-17
47:	-6.94e-18	4.86e-17
48:	0.00e+00	1.08e-17
49:	-7.24e-01	1.08e-17
50:	0.00e+00	-5.00e-01
51:	7.24e-01	-5.00e-01
52:	0.00e+00	-5.00e-01
53:	7.24e-01	-5.00e-01
54:	0.00e+00	2.78e-17
55:	-2.08e-17	2.78e-17
56:	0.00e+00	3.78e-17
57:	2.24e-01	3.78e-17
58:	0.00e+00	0.00e+00
59:	-5.00e-01	0.00e+00
60:	0.00e+00	6.94e-18
61:	0.00e+00	-2.00e+00
62:	0.00e+00	-5.00e-01
63:	-7.24e-01	-5.00e-01
64:	0.00e+00	-5.00e-01
65:	-5.00e-01	-5.00e-01
66:	0.00e+00	-5.00e-01
67:	-1.22e+00	-5.00e-01
68:	0.00e+00	-5.00e-01
69:	-7.24e-01	-5.00e-01
70:	0.00e+00	-5.00e-01
71:	-5.00e-01	-5.00e-01
72:	0.00e+00	-5.00e-01
73:	-1.22e+00	-5.00e-01
74:	0.00e+00	2.08e-17
75:	2.24e-01	2.08e-17
76:	0.00e+00	0.00e+00
77:	-5.00e-01	5.55e-17
78:	0.00e+00	2.08e-17
79:	-7.24e-01	2.08e-17
New op index: 10	$R_Y$[3]
Current grad: 100.03570809344363
New op index: 29	$R_{YX-XY}$[0, 3]
Current grad: 17.486019782375966
New op index: 53	$R_{YX-XY}$[2, 4]
Current grad: 19.211172076377906
New op index: 13	$R_Y$[4]
Current grad: 92.79924094172581
New op index: 53	$R_{YX-XY}$[2, 4]
Current grad: 15.934199643365913
New op index: 49	$R_{YX-XY}$[1, 7]
Current grad: 10.834670505926546
New op index: 22	$R_Y$[7]
Current grad: 77.69096532721167
New op index: 49	$R_{YX-XY}$[1, 7]
Current grad: 10.97062354402484
New op index: 75	$R_{YX-XY}$[5, 6]
Current grad: 5.463301341721815
New op index: 19	$R_Y$[6]
Current grad: 73.76488920188018
New op index: 75	$R_{YX-XY}$[5, 6]
Current grad: 10.421039660299567
New op index: 16	$R_Y$[5]
Current grad: 0.00021959740306784568
Precision cutoff reached.
Calculating energies for FreeWilson2D(N_x=2, N_y=2, mass=-0.612, r=1.000)
h_im: 0.0
New op index: 29	$R_{YX-XY}$[0, 3]
Current grad: 21.755102040816304
0:	0.00e+00	0.00e+00
1:	6.94e-01	0.00e+00
2:	0.00e+00	0.00e+00
3:	0.00e+00	0.00e+00
4:	-1.94e-01	0.00e+00
5:	0.00e+00	0.00e+00
6:	0.00e+00	0.00e+00
7:	1.94e-01	0.00e+00
8:	0.00e+00	0.00e+00
9:	0.00e+00	0.00e+00
10:	-6.94e-01	-5.00e-01
11:	0.00e+00	-5.00e-01
12:	0.00e+00	0.00e+00
13:	-6.94e-01	-5.00e-01
14:	0.00e+00	-5.00e-01
15:	0.00e+00	2.10e-15
16:	1.94e-01	2.08e-15
17:	0.00e+00	1.39e-17
18:	0.00e+00	2.10e-15
19:	-1.94e-01	2.11e-15
20:	0.00e+00	6.94e-18
21:	0.00e+00	2.10e-15
22:	6.94e-01	2.07e-15
23:	0.00e+00	1.39e-17
24:	0.00e+00	0.00e+00
25:	8.88e-01	0.00e+00
26:	0.00e+00	0.00e+00
27:	5.00e-01	0.00e+00
28:	0.00e+00	-5.00e-01
29:	1.39e+00	-5.00e-01
30:	0.00e+00	-5.00e-01
31:	1.39e+00	-5.00e-01
32:	0.00e+00	2.78e-17
33:	5.00e-01	2.78e-17
34:	0.00e+00	5.40e-17
35:	8.88e-01	5.40e-17
36:	0.00e+00	1.39e-17
37:	-2.08e-17	1.39e-17
38:	0.00e+00	0.00e+00
39:	-3.88e-01	0.00e+00
40:	0.00e+00	-5.00e-01
41:	5.00e-01	-5.00e-01
42:	0.00e+00	-5.00e-01
43:	5.00e-01	-5.00e-01
44:	0.00e+00	8.50e-18
45:	-3.88e-01	8.50e-18
46:	0.00e+00	4.86e-17
47:	-6.94e-18	4.86e-17
48:	0.00e+00	8.50e-18
49:	-8.88e-01	8.50e-18
50:	0.00e+00	-5.00e-01
51:	8.88e-01	-5.00e-01
52:	0.00e+00	-5.00e-01
53:	8.88e-01	-5.00e-01
54:	0.00e+00	2.78e-17
55:	-2.08e-17	2.78e-17
56:	0.00e+00	4.01e-17
57:	3.88e-01	4.01e-17
58:	0.00e+00	0.00e+00
59:	-5.00e-01	0.00e+00
60:	0.00e+00	6.94e-18
61:	0.00e+00	-2.00e+00
62:	0.00e+00	-5.00e-01
63:	-8.88e-01	-5.00e-01
64:	0.00e+00	-5.00e-01
65:	-5.00e-01	-5.00e-01
66:	0.00e+00	-5.00e-01
67:	-1.39e+00	-5.00e-01
68:	0.00e+00	-5.00e-01
69:	-8.88e-01	-5.00e-01
70:	0.00e+00	-5.00e-01
71:	-5.00e-01	-5.00e-01
72:	0.00e+00	-5.00e-01
73:	-1.39e+00	-5.00e-01
74:	0.00e+00	2.08e-17
75:	3.88e-01	2.08e-17
76:	0.00e+00	0.00e+00
77:	-5.00e-01	5.55e-17
78:	0.00e+00	2.08e-17
79:	-8.88e-01	2.08e-17
New op index: 10	$R_Y$[3]
Current grad: 101.46678049748691
New op index: 29	$R_{YX-XY}$[0, 3]
Current grad: 19.83265557498139
New op index: 53	$R_{YX-XY}$[2, 4]
Current grad: 21.17194691931327
New op index: 13	$R_Y$[4]
Current grad: 93.59978071162689
New op index: 53	$R_{YX-XY}$[2, 4]
Current grad: 17.26639649518147
New op index: 49	$R_{YX-XY}$[1, 7]
Current grad: 11.805456487584873
New op index: 22	$R_Y$[7]
Current grad: 78.37033549458029
New op index: 49	$R_{YX-XY}$[1, 7]
Current grad: 11.640056331308154
New op index: 75	$R_{YX-XY}$[5, 6]
Current grad: 5.836882908755516
New op index: 19	$R_Y$[6]
Current grad: 73.87131279744582
New op index: 75	$R_{YX-XY}$[5, 6]
Current grad: 10.754665128938514
New op index: 22	$R_Y$[7]
Current grad: 0.0010939523870966382
Parameter value cutoff reached.
Calculating energies for FreeWilson2D(N_x=2, N_y=2, mass=-0.449, r=1.000)
h_im: 0.0
New op index: 29	$R_{YX-XY}$[0, 3]
Current grad: 25.020408163265287
0:	0.00e+00	0.00e+00
1:	7.76e-01	0.00e+00
2:	0.00e+00	0.00e+00
3:	0.00e+00	0.00e+00
4:	-2.76e-01	0.00e+00
5:	0.00e+00	0.00e+00
6:	0.00e+00	0.00e+00
7:	2.76e-01	0.00e+00
8:	0.00e+00	0.00e+00
9:	0.00e+00	0.00e+00
10:	-7.76e-01	-5.00e-01
11:	0.00e+00	-5.00e-01
12:	0.00e+00	0.00e+00
13:	-7.76e-01	-5.00e-01
14:	0.00e+00	-5.00e-01
15:	0.00e+00	2.10e-15
16:	2.76e-01	2.08e-15
17:	0.00e+00	1.39e-17
18:	0.00e+00	2.10e-15
19:	-2.76e-01	2.11e-15
20:	0.00e+00	6.94e-18
21:	0.00e+00	2.10e-15
22:	7.76e-01	2.07e-15
23:	0.00e+00	1.39e-17
24:	0.00e+00	0.00e+00
25:	1.05e+00	0.00e+00
26:	0.00e+00	0.00e+00
27:	5.00e-01	0.00e+00
28:	0.00e+00	-5.00e-01
29:	1.55e+00	-5.00e-01
30:	0.00e+00	-5.00e-01
31:	1.55e+00	-5.00e-01
32:	0.00e+00	2.78e-17
33:	5.00e-01	2.78e-17
34:	0.00e+00	5.62e-17
35:	1.05e+00	5.62e-17
36:	0.00e+00	1.39e-17
37:	-2.08e-17	1.39e-17
38:	0.00e+00	0.00e+00
39:	-5.51e-01	0.00e+00
40:	0.00e+00	-5.00e-01
41:	5.00e-01	-5.00e-01
42:	0.00e+00	-5.00e-01
43:	5.00e-01	-5.00e-01
44:	0.00e+00	6.23e-18
45:	-5.51e-01	6.23e-18
46:	0.00e+00	4.86e-17
47:	-6.94e-18	4.86e-17
48:	0.00e+00	6.23e-18
49:	-1.05e+00	6.23e-18
50:	0.00e+00	-5.00e-01
51:	1.05e+00	-5.00e-01
52:	0.00e+00	-5.00e-01
53:	1.05e+00	-5.00e-01
54:	0.00e+00	2.78e-17
55:	-2.08e-17	2.78e-17
56:	0.00e+00	4.23e-17
57:	5.51e-01	4.23e-17
58:	0.00e+00	0.00e+00
59:	-5.00e-01	0.00e+00
60:	0.00e+00	6.94e-18
61:	0.00e+00	-2.00e+00
62:	0.00e+00	-5.00e-01
63:	-1.05e+00	-5.00e-01
64:	0.00e+00	-5.00e-01
65:	-5.00e-01	-5.00e-01
66:	0.00e+00	-5.00e-01
67:	-1.55e+00	-5.00e-01
68:	0.00e+00	-5.00e-01
69:	-1.05e+00	-5.00e-01
70:	0.00e+00	-5.00e-01
71:	-5.00e-01	-5.00e-01
72:	0.00e+00	-5.00e-01
73:	-1.55e+00	-5.00e-01
74:	0.00e+00	2.08e-17
75:	5.51e-01	2.08e-17
76:	0.00e+00	0.00e+00
77:	-5.00e-01	5.55e-17
78:	0.00e+00	2.08e-17
79:	-1.05e+00	2.08e-17
New op index: 10	$R_Y$[3]
Current grad: 103.17708937296551
New op index: 29	$R_{YX-XY}$[0, 3]
Current grad: 22.19239631113417
New op index: 53	$R_{YX-XY}$[2, 4]
Current grad: 23.131755532672376
New op index: 13	$R_Y$[4]
Current grad: 94.53207137115699
New op index: 53	$R_{YX-XY}$[2, 4]
Current grad: 18.600757538661135
New op index: 49	$R_{YX-XY}$[1, 7]
Current grad: 12.79729247448302
New op index: 22	$R_Y$[7]
Current grad: 79.03090266107937
New op index: 49	$R_{YX-XY}$[1, 7]
Current grad: 12.313567507996781
New op index: 75	$R_{YX-XY}$[5, 6]
Current grad: 6.102519286035301
New op index: 16	$R_Y$[5]
Current grad: 74.06896567574341
New op index: 75	$R_{YX-XY}$[5, 6]
Current grad: 11.077812009139695
New op index: 75	$R_{YX-XY}$[5, 6]
Current grad: 0.009642200265159282
Adding the same operator twice is not sensible, terminating.
Calculating energies for FreeWilson2D(N_x=2, N_y=2, mass=-0.286, r=1.000)
h_im: 0.0
New op index: 29	$R_{YX-XY}$[0, 3]
Current grad: 28.285714285714246
0:	0.00e+00	0.00e+00
1:	8.57e-01	0.00e+00
2:	0.00e+00	0.00e+00
3:	0.00e+00	0.00e+00
4:	-3.57e-01	0.00e+00
5:	0.00e+00	0.00e+00
6:	0.00e+00	0.00e+00
7:	3.57e-01	0.00e+00
8:	0.00e+00	0.00e+00
9:	0.00e+00	0.00e+00
10:	-8.57e-01	-5.00e-01
11:	0.00e+00	-5.00e-01
12:	0.00e+00	0.00e+00
13:	-8.57e-01	-5.00e-01
14:	0.00e+00	-5.00e-01
15:	0.00e+00	2.10e-15
16:	3.57e-01	2.08e-15
17:	0.00e+00	1.39e-17
18:	0.00e+00	2.10e-15
19:	-3.57e-01	2.11e-15
20:	0.00e+00	6.94e-18
21:	0.00e+00	2.10e-15
22:	8.57e-01	2.07e-15
23:	0.00e+00	1.39e-17
24:	0.00e+00	0.00e+00
25:	1.21e+00	0.00e+00
26:	0.00e+00	0.00e+00
27:	5.00e-01	0.00e+00
28:	0.00e+00	-5.00e-01
29:	1.71e+00	-5.00e-01
30:	0.00e+00	-5.00e-01
31:	1.71e+00	-5.00e-01
32:	0.00e+00	2.78e-17
33:	5.00e-01	2.78e-17
34:	0.00e+00	5.85e-17
35:	1.21e+00	5.85e-17
36:	0.00e+00	1.39e-17
37:	-2.08e-17	1.39e-17
38:	0.00e+00	0.00e+00
39:	-7.14e-01	0.00e+00
40:	0.00e+00	-5.00e-01
41:	5.00e-01	-5.00e-01
42:	0.00e+00	-5.00e-01
43:	5.00e-01	-5.00e-01
44:	0.00e+00	3.97e-18
45:	-7.14e-01	3.97e-18
46:	0.00e+00	4.86e-17
47:	-6.94e-18	4.86e-17
48:	0.00e+00	3.97e-18
49:	-1.21e+00	3.97e-18
50:	0.00e+00	-5.00e-01
51:	1.21e+00	-5.00e-01
52:	0.00e+00	-5.00e-01
53:	1.21e+00	-5.00e-01
54:	0.00e+00	2.78e-17
55:	-2.08e-17	2.78e-17
56:	0.00e+00	4.46e-17
57:	7.14e-01	4.46e-17
58:	0.00e+00	0.00e+00
59:	-5.00e-01	0.00e+00
60:	0.00e+00	6.94e-18
61:	0.00e+00	-2.00e+00
62:	0.00e+00	-5.00e-01
63:	-1.21e+00	-5.00e-01
64:	0.00e+00	-5.00e-01
65:	-5.00e-01	-5.00e-01
66:	0.00e+00	-5.00e-01
67:	-1.71e+00	-5.00e-01
68:	0.00e+00	-5.00e-01
69:	-1.21e+00	-5.00e-01
70:	0.00e+00	-5.00e-01
71:	-5.00e-01	-5.00e-01
72:	0.00e+00	-5.00e-01
73:	-1.71e+00	-5.00e-01
74:	0.00e+00	2.08e-17
75:	7.14e-01	2.08e-17
76:	0.00e+00	0.00e+00
77:	-5.00e-01	5.55e-17
78:	0.00e+00	2.08e-17
79:	-1.21e+00	2.08e-17
New op index: 10	$R_Y$[3]
Current grad: 105.09838078907849
New op index: 29	$R_{YX-XY}$[0, 3]
Current grad: 24.558216985181375
New op index: 53	$R_{YX-XY}$[2, 4]
Current grad: 25.083840003167417
New op index: 13	$R_Y$[4]
Current grad: 95.5661328970539
New op index: 53	$R_{YX-XY}$[2, 4]
Current grad: 19.937072161100126
New op index: 49	$R_{YX-XY}$[1, 7]
Current grad: 13.752665189470642
New op index: 22	$R_Y$[7]
Current grad: 79.72149043030579
New op index: 49	$R_{YX-XY}$[1, 7]
Current grad: 12.987808292646303
New op index: 75	$R_{YX-XY}$[5, 6]
Current grad: 6.430813235349241
New op index: 19	$R_Y$[6]
Current grad: 74.09262251576092
New op index: 75	$R_{YX-XY}$[5, 6]
Current grad: 11.409080024568265
New op index: 7	$R_Y$[2]
Current grad: 0.017537622227439244
Parameter value cutoff reached.
Calculating energies for FreeWilson2D(N_x=2, N_y=2, mass=-0.122, r=1.000)
h_im: 0.0
New op index: 29	$R_{YX-XY}$[0, 3]
Current grad: 31.55102040816322
0:	0.00e+00	0.00e+00
1:	9.39e-01	0.00e+00
2:	0.00e+00	0.00e+00
3:	0.00e+00	0.00e+00
4:	-4.39e-01	0.00e+00
5:	0.00e+00	0.00e+00
6:	0.00e+00	0.00e+00
7:	4.39e-01	0.00e+00
8:	0.00e+00	0.00e+00
9:	0.00e+00	0.00e+00
10:	-9.39e-01	-5.00e-01
11:	0.00e+00	-5.00e-01
12:	0.00e+00	0.00e+00
13:	-9.39e-01	-5.00e-01
14:	0.00e+00	-5.00e-01
15:	0.00e+00	2.10e-15
16:	4.39e-01	2.08e-15
17:	0.00e+00	1.39e-17
18:	0.00e+00	2.10e-15
19:	-4.39e-01	2.11e-15
20:	0.00e+00	6.94e-18
21:	0.00e+00	2.10e-15
22:	9.39e-01	2.07e-15
23:	0.00e+00	1.39e-17
24:	0.00e+00	0.00e+00
25:	1.38e+00	0.00e+00
26:	0.00e+00	0.00e+00
27:	5.00e-01	0.00e+00
28:	0.00e+00	-5.00e-01
29:	1.88e+00	-5.00e-01
30:	0.00e+00	-5.00e-01
31:	1.88e+00	-5.00e-01
32:	0.00e+00	2.78e-17
33:	5.00e-01	2.78e-17
34:	0.00e+00	6.08e-17
35:	1.38e+00	6.08e-17
36:	0.00e+00	1.39e-17
37:	-2.08e-17	1.39e-17
38:	0.00e+00	0.00e+00
39:	-8.78e-01	0.00e+00
40:	0.00e+00	-5.00e-01
41:	5.00e-01	-5.00e-01
42:	0.00e+00	-5.00e-01
43:	5.00e-01	-5.00e-01
44:	0.00e+00	1.70e-18
45:	-8.78e-01	1.70e-18
46:	0.00e+00	4.86e-17
47:	-6.94e-18	4.86e-17
48:	0.00e+00	1.70e-18
49:	-1.38e+00	1.70e-18
50:	0.00e+00	-5.00e-01
51:	1.38e+00	-5.00e-01
52:	0.00e+00	-5.00e-01
53:	1.38e+00	-5.00e-01
54:	0.00e+00	2.78e-17
55:	-2.08e-17	2.78e-17
56:	0.00e+00	4.69e-17
57:	8.78e-01	4.69e-17
58:	0.00e+00	0.00e+00
59:	-5.00e-01	0.00e+00
60:	0.00e+00	6.94e-18
61:	0.00e+00	-2.00e+00
62:	0.00e+00	-5.00e-01
63:	-1.38e+00	-5.00e-01
64:	0.00e+00	-5.00e-01
65:	-5.00e-01	-5.00e-01
66:	0.00e+00	-5.00e-01
67:	-1.88e+00	-5.00e-01
68:	0.00e+00	-5.00e-01
69:	-1.38e+00	-5.00e-01
70:	0.00e+00	-5.00e-01
71:	-5.00e-01	-5.00e-01
72:	0.00e+00	-5.00e-01
73:	-1.88e+00	-5.00e-01
74:	0.00e+00	2.08e-17
75:	8.78e-01	2.08e-17
76:	0.00e+00	0.00e+00
77:	-5.00e-01	5.55e-17
78:	0.00e+00	2.08e-17
79:	-1.38e+00	2.08e-17
New op index: 10	$R_Y$[3]
Current grad: 107.17884712841499
New op index: 29	$R_{YX-XY}$[0, 3]
Current grad: 26.93005519973918
New op index: 53	$R_{YX-XY}$[2, 4]
Current grad: 27.041554594040406
New op index: 13	$R_Y$[4]
Current grad: 96.69574529558744
New op index: 53	$R_{YX-XY}$[2, 4]
Current grad: 21.275272475697136
New op index: 49	$R_{YX-XY}$[1, 7]
Current grad: 14.725143374101236
New op index: 22	$R_Y$[7]
Current grad: 80.39604916556523
New op index: 49	$R_{YX-XY}$[1, 7]
Current grad: 13.672903070633172
New op index: 75	$R_{YX-XY}$[5, 6]
Current grad: 6.746592314052976
New op index: 19	$R_Y$[6]
Current grad: 74.18941244148999
New op index: 75	$R_{YX-XY}$[5, 6]
Current grad: 11.74669019914873
New op index: 7	$R_Y$[2]
Current grad: 0.00031246346496029685
Precision cutoff reached.
Calculating energies for FreeWilson2D(N_x=2, N_y=2, mass=0.041, r=1.000)
h_im: 0.0
New op index: 29	$R_{YX-XY}$[0, 3]
Current grad: 34.81632653061221
0:	0.00e+00	0.00e+00
1:	1.02e+00	0.00e+00
2:	0.00e+00	0.00e+00
3:	0.00e+00	0.00e+00
4:	-5.20e-01	0.00e+00
5:	0.00e+00	0.00e+00
6:	0.00e+00	0.00e+00
7:	5.20e-01	0.00e+00
8:	0.00e+00	0.00e+00
9:	0.00e+00	0.00e+00
10:	-1.02e+00	-5.00e-01
11:	0.00e+00	-5.00e-01
12:	0.00e+00	0.00e+00
13:	-1.02e+00	-5.00e-01
14:	0.00e+00	-5.00e-01
15:	0.00e+00	2.10e-15
16:	5.20e-01	2.07e-15
17:	0.00e+00	1.39e-17
18:	0.00e+00	2.10e-15
19:	-5.20e-01	2.11e-15
20:	0.00e+00	6.94e-18
21:	0.00e+00	2.10e-15
22:	1.02e+00	2.07e-15
23:	0.00e+00	1.39e-17
24:	0.00e+00	0.00e+00
25:	1.54e+00	0.00e+00
26:	0.00e+00	0.00e+00
27:	5.00e-01	0.00e+00
28:	0.00e+00	-5.00e-01
29:	2.04e+00	-5.00e-01
30:	0.00e+00	-5.00e-01
31:	2.04e+00	-5.00e-01
32:	0.00e+00	2.78e-17
33:	5.00e-01	2.78e-17
34:	0.00e+00	6.30e-17
35:	1.54e+00	6.30e-17
36:	0.00e+00	1.39e-17
37:	-2.08e-17	1.39e-17
38:	0.00e+00	0.00e+00
39:	-1.04e+00	0.00e+00
40:	0.00e+00	-5.00e-01
41:	5.00e-01	-5.00e-01
42:	0.00e+00	-5.00e-01
43:	5.00e-01	-5.00e-01
44:	0.00e+00	-5.66e-19
45:	-1.04e+00	-5.66e-19
46:	0.00e+00	4.86e-17
47:	-6.94e-18	4.86e-17
48:	0.00e+00	-5.66e-19
49:	-1.54e+00	-5.66e-19
50:	0.00e+00	-5.00e-01
51:	1.54e+00	-5.00e-01
52:	0.00e+00	-5.00e-01
53:	1.54e+00	-5.00e-01
54:	0.00e+00	2.78e-17
55:	-2.08e-17	2.78e-17
56:	0.00e+00	4.91e-17
57:	1.04e+00	4.91e-17
58:	0.00e+00	0.00e+00
59:	-5.00e-01	0.00e+00
60:	0.00e+00	6.94e-18
61:	0.00e+00	-2.00e+00
62:	0.00e+00	-5.00e-01
63:	-1.54e+00	-5.00e-01
64:	0.00e+00	-5.00e-01
65:	-5.00e-01	-5.00e-01
66:	0.00e+00	-5.00e-01
67:	-2.04e+00	-5.00e-01
68:	0.00e+00	-5.00e-01
69:	-1.54e+00	-5.00e-01
70:	0.00e+00	-5.00e-01
71:	-5.00e-01	-5.00e-01
72:	0.00e+00	-5.00e-01
73:	-2.04e+00	-5.00e-01
74:	0.00e+00	2.08e-17
75:	1.04e+00	2.08e-17
76:	0.00e+00	0.00e+00
77:	-5.00e-01	5.55e-17
78:	0.00e+00	2.08e-17
79:	-1.54e+00	2.08e-17
New op index: 10	$R_Y$[3]
Current grad: 109.3689292712848
New op index: 29	$R_{YX-XY}$[0, 3]
Current grad: 29.30785864815808
New op index: 53	$R_{YX-XY}$[2, 4]
Current grad: 29.00279406834957
New op index: 13	$R_Y$[4]
Current grad: 97.84816769370451
New op index: 53	$R_{YX-XY}$[2, 4]
Current grad: 22.615301972513713
New op index: 49	$R_{YX-XY}$[1, 7]
Current grad: 15.705467381666704
New op index: 22	$R_Y$[7]
Current grad: 81.06319724683239
New op index: 49	$R_{YX-XY}$[1, 7]
Current grad: 14.351552113364527
New op index: 75	$R_{YX-XY}$[5, 6]
Current grad: 7.071802905141454
New op index: 19	$R_Y$[6]
Current grad: 74.30034126966694
New op index: 75	$R_{YX-XY}$[5, 6]
Current grad: 12.084281733545541
New op index: 10	$R_Y$[3]
Current grad: 0.0003261132609092725
Precision cutoff reached.
Calculating energies for FreeWilson2D(N_x=2, N_y=2, mass=0.204, r=1.000)
h_im: 0.0
New op index: 29	$R_{YX-XY}$[0, 3]
Current grad: 38.08163265306119
0:	0.00e+00	0.00e+00
1:	1.10e+00	0.00e+00
2:	0.00e+00	0.00e+00
3:	0.00e+00	0.00e+00
4:	-6.02e-01	0.00e+00
5:	0.00e+00	0.00e+00
6:	0.00e+00	0.00e+00
7:	6.02e-01	0.00e+00
8:	0.00e+00	0.00e+00
9:	0.00e+00	0.00e+00
10:	-1.10e+00	-5.00e-01
11:	0.00e+00	-5.00e-01
12:	0.00e+00	0.00e+00
13:	-1.10e+00	-5.00e-01
14:	0.00e+00	-5.00e-01
15:	0.00e+00	2.10e-15
16:	6.02e-01	2.07e-15
17:	0.00e+00	1.39e-17
18:	0.00e+00	2.10e-15
19:	-6.02e-01	2.11e-15
20:	0.00e+00	6.94e-18
21:	0.00e+00	2.09e-15
22:	1.10e+00	2.07e-15
23:	0.00e+00	1.39e-17
24:	0.00e+00	0.00e+00
25:	1.70e+00	0.00e+00
26:	0.00e+00	0.00e+00
27:	5.00e-01	0.00e+00
28:	0.00e+00	-5.00e-01
29:	2.20e+00	-5.00e-01
30:	0.00e+00	-5.00e-01
31:	2.20e+00	-5.00e-01
32:	0.00e+00	2.78e-17
33:	5.00e-01	2.78e-17
34:	0.00e+00	6.53e-17
35:	1.70e+00	6.53e-17
36:	0.00e+00	1.39e-17
37:	-2.08e-17	1.39e-17
38:	0.00e+00	0.00e+00
39:	-1.20e+00	0.00e+00
40:	0.00e+00	-5.00e-01
41:	5.00e-01	-5.00e-01
42:	0.00e+00	-5.00e-01
43:	5.00e-01	-5.00e-01
44:	0.00e+00	-2.83e-18
45:	-1.20e+00	-2.83e-18
46:	0.00e+00	4.86e-17
47:	-6.94e-18	4.86e-17
48:	0.00e+00	-2.83e-18
49:	-1.70e+00	-2.83e-18
50:	0.00e+00	-5.00e-01
51:	1.70e+00	-5.00e-01
52:	0.00e+00	-5.00e-01
53:	1.70e+00	-5.00e-01
54:	0.00e+00	2.78e-17
55:	-2.08e-17	2.78e-17
56:	0.00e+00	5.14e-17
57:	1.20e+00	5.14e-17
58:	0.00e+00	0.00e+00
59:	-5.00e-01	0.00e+00
60:	0.00e+00	6.94e-18
61:	0.00e+00	-2.00e+00
62:	0.00e+00	-5.00e-01
63:	-1.70e+00	-5.00e-01
64:	0.00e+00	-5.00e-01
65:	-5.00e-01	-5.00e-01
66:	0.00e+00	-5.00e-01
67:	-2.20e+00	-5.00e-01
68:	0.00e+00	-5.00e-01
69:	-1.70e+00	-5.00e-01
70:	0.00e+00	-5.00e-01
71:	-5.00e-01	-5.00e-01
72:	0.00e+00	-5.00e-01
73:	-2.20e+00	-5.00e-01
74:	0.00e+00	2.08e-17
75:	1.20e+00	2.08e-17
76:	0.00e+00	0.00e+00
77:	-5.00e-01	5.55e-17
78:	0.00e+00	2.08e-17
79:	-1.70e+00	2.08e-17
New op index: 10	$R_Y$[3]
Current grad: 111.64747780063746
New op index: 29	$R_{YX-XY}$[0, 3]
Current grad: 31.691758776317364
New op index: 53	$R_{YX-XY}$[2, 4]
Current grad: 30.957310851398095
New op index: 13	$R_Y$[4]
Current grad: 99.07015705526042
New op index: 53	$R_{YX-XY}$[2, 4]
Current grad: 23.9593399173107
New op index: 49	$R_{YX-XY}$[1, 7]
Current grad: 16.67166859316395
New op index: 22	$R_Y$[7]
Current grad: 81.7977233055255
New op index: 49	$R_{YX-XY}$[1, 7]
Current grad: 15.027387308318774
New op index: 75	$R_{YX-XY}$[5, 6]
Current grad: 7.398063850824926
New op index: 19	$R_Y$[6]
Current grad: 74.42260612894604
New op index: 75	$R_{YX-XY}$[5, 6]
Current grad: 12.418912527818431
New op index: 22	$R_Y$[7]
Current grad: 0.016280822925355702
Parameter value cutoff reached.
Calculating energies for FreeWilson2D(N_x=2, N_y=2, mass=0.367, r=1.000)
h_im: 0.0
New op index: 29	$R_{YX-XY}$[0, 3]
Current grad: 41.346938775510154
0:	0.00e+00	0.00e+00
1:	1.18e+00	0.00e+00
2:	0.00e+00	0.00e+00
3:	0.00e+00	0.00e+00
4:	-6.84e-01	0.00e+00
5:	0.00e+00	0.00e+00
6:	0.00e+00	0.00e+00
7:	6.84e-01	0.00e+00
8:	0.00e+00	0.00e+00
9:	0.00e+00	0.00e+00
10:	-1.18e+00	-5.00e-01
11:	0.00e+00	-5.00e-01
12:	0.00e+00	0.00e+00
13:	-1.18e+00	-5.00e-01
14:	0.00e+00	-5.00e-01
15:	0.00e+00	2.10e-15
16:	6.84e-01	2.07e-15
17:	0.00e+00	1.39e-17
18:	0.00e+00	2.10e-15
19:	-6.84e-01	2.11e-15
20:	0.00e+00	6.94e-18
21:	0.00e+00	2.09e-15
22:	1.18e+00	2.07e-15
23:	0.00e+00	1.39e-17
24:	0.00e+00	0.00e+00
25:	1.87e+00	0.00e+00
26:	0.00e+00	0.00e+00
27:	5.00e-01	0.00e+00
28:	0.00e+00	-5.00e-01
29:	2.37e+00	-5.00e-01
30:	0.00e+00	-5.00e-01
31:	2.37e+00	-5.00e-01
32:	0.00e+00	2.78e-17
33:	5.00e-01	2.78e-17
34:	0.00e+00	6.75e-17
35:	1.87e+00	6.75e-17
36:	0.00e+00	1.39e-17
37:	-2.08e-17	1.39e-17
38:	0.00e+00	0.00e+00
39:	-1.37e+00	0.00e+00
40:	0.00e+00	-5.00e-01
41:	5.00e-01	-5.00e-01
42:	0.00e+00	-5.00e-01
43:	5.00e-01	-5.00e-01
44:	0.00e+00	-5.10e-18
45:	-1.37e+00	-5.10e-18
46:	0.00e+00	4.86e-17
47:	-6.94e-18	4.86e-17
48:	0.00e+00	-5.10e-18
49:	-1.87e+00	-5.10e-18
50:	0.00e+00	-5.00e-01
51:	1.87e+00	-5.00e-01
52:	0.00e+00	-5.00e-01
53:	1.87e+00	-5.00e-01
54:	0.00e+00	2.78e-17
55:	-2.08e-17	2.78e-17
56:	0.00e+00	5.37e-17
57:	1.37e+00	5.37e-17
58:	0.00e+00	0.00e+00
59:	-5.00e-01	0.00e+00
60:	0.00e+00	6.94e-18
61:	0.00e+00	-2.00e+00
62:	0.00e+00	-5.00e-01
63:	-1.87e+00	-5.00e-01
64:	0.00e+00	-5.00e-01
65:	-5.00e-01	-5.00e-01
66:	0.00e+00	-5.00e-01
67:	-2.37e+00	-5.00e-01
68:	0.00e+00	-5.00e-01
69:	-1.87e+00	-5.00e-01
70:	0.00e+00	-5.00e-01
71:	-5.00e-01	-5.00e-01
72:	0.00e+00	-5.00e-01
73:	-2.37e+00	-5.00e-01
74:	0.00e+00	2.08e-17
75:	1.37e+00	2.08e-17
76:	0.00e+00	0.00e+00
77:	-5.00e-01	5.55e-17
78:	0.00e+00	2.08e-17
79:	-1.87e+00	2.08e-17
New op index: 10	$R_Y$[3]
Current grad: 113.99537559902681
New op index: 29	$R_{YX-XY}$[0, 3]
Current grad: 34.081542054742535
New op index: 53	$R_{YX-XY}$[2, 4]
Current grad: 32.914807170439666
New op index: 13	$R_Y$[4]
Current grad: 100.33285072934308
New op index: 53	$R_{YX-XY}$[2, 4]
Current grad: 25.303903139549107
New op index: 49	$R_{YX-XY}$[1, 7]
Current grad: 17.644994324403577
New op index: 22	$R_Y$[7]
Current grad: 82.42455186574679
New op index: 49	$R_{YX-XY}$[1, 7]
Current grad: 15.709187140923895
New op index: 75	$R_{YX-XY}$[5, 6]
Current grad: 7.7246103810605495
New op index: 16	$R_Y$[5]
Current grad: 74.54517152455124
New op index: 75	$R_{YX-XY}$[5, 6]
Current grad: 12.752321376887599
New op index: 4	$R_Y$[1]
Current grad: 0.024097400962506118
Parameter value cutoff reached.
Calculating energies for FreeWilson2D(N_x=2, N_y=2, mass=0.531, r=1.000)
h_im: 0.0
New op index: 29	$R_{YX-XY}$[0, 3]
Current grad: 44.61224489795913
0:	0.00e+00	0.00e+00
1:	1.27e+00	0.00e+00
2:	0.00e+00	0.00e+00
3:	0.00e+00	0.00e+00
4:	-7.65e-01	0.00e+00
5:	0.00e+00	0.00e+00
6:	0.00e+00	0.00e+00
7:	7.65e-01	0.00e+00
8:	0.00e+00	0.00e+00
9:	0.00e+00	0.00e+00
10:	-1.27e+00	-5.00e-01
11:	0.00e+00	-5.00e-01
12:	0.00e+00	0.00e+00
13:	-1.27e+00	-5.00e-01
14:	0.00e+00	-5.00e-01
15:	0.00e+00	2.10e-15
16:	7.65e-01	2.07e-15
17:	0.00e+00	1.39e-17
18:	0.00e+00	2.10e-15
19:	-7.65e-01	2.11e-15
20:	0.00e+00	6.94e-18
21:	0.00e+00	2.09e-15
22:	1.27e+00	2.07e-15
23:	0.00e+00	1.39e-17
24:	0.00e+00	0.00e+00
25:	2.03e+00	0.00e+00
26:	0.00e+00	0.00e+00
27:	5.00e-01	0.00e+00
28:	0.00e+00	-5.00e-01
29:	2.53e+00	-5.00e-01
30:	0.00e+00	-5.00e-01
31:	2.53e+00	-5.00e-01
32:	0.00e+00	2.78e-17
33:	5.00e-01	2.78e-17
34:	0.00e+00	6.98e-17
35:	2.03e+00	6.98e-17
36:	0.00e+00	1.39e-17
37:	-2.08e-17	1.39e-17
38:	0.00e+00	0.00e+00
39:	-1.53e+00	0.00e+00
40:	0.00e+00	-5.00e-01
41:	5.00e-01	-5.00e-01
42:	0.00e+00	-5.00e-01
43:	5.00e-01	-5.00e-01
44:	0.00e+00	-7.36e-18
45:	-1.53e+00	-7.36e-18
46:	0.00e+00	4.86e-17
47:	-6.94e-18	4.86e-17
48:	0.00e+00	-7.36e-18
49:	-2.03e+00	-7.36e-18
50:	0.00e+00	-5.00e-01
51:	2.03e+00	-5.00e-01
52:	0.00e+00	-5.00e-01
53:	2.03e+00	-5.00e-01
54:	0.00e+00	2.78e-17
55:	-2.08e-17	2.78e-17
56:	0.00e+00	5.59e-17
57:	1.53e+00	5.59e-17
58:	0.00e+00	0.00e+00
59:	-5.00e-01	0.00e+00
60:	0.00e+00	6.94e-18
61:	0.00e+00	-2.00e+00
62:	0.00e+00	-5.00e-01
63:	-2.03e+00	-5.00e-01
64:	0.00e+00	-5.00e-01
65:	-5.00e-01	-5.00e-01
66:	0.00e+00	-5.00e-01
67:	-2.53e+00	-5.00e-01
68:	0.00e+00	-5.00e-01
69:	-2.03e+00	-5.00e-01
70:	0.00e+00	-5.00e-01
71:	-5.00e-01	-5.00e-01
72:	0.00e+00	-5.00e-01
73:	-2.53e+00	-5.00e-01
74:	0.00e+00	2.08e-17
75:	1.53e+00	2.08e-17
76:	0.00e+00	0.00e+00
77:	-5.00e-01	5.55e-17
78:	0.00e+00	2.08e-17
79:	-2.03e+00	2.08e-17
New op index: 10	$R_Y$[3]
Current grad: 116.39967519883359
New op index: 29	$R_{YX-XY}$[0, 3]
Current grad: 36.47741700454209
New op index: 53	$R_{YX-XY}$[2, 4]
Current grad: 34.87251596436225
New op index: 13	$R_Y$[4]
Current grad: 101.63945112271038
New op index: 53	$R_{YX-XY}$[2, 4]
Current grad: 26.65001620429046
New op index: 49	$R_{YX-XY}$[1, 7]
Current grad: 18.61833125237218
New op index: 22	$R_Y$[7]
Current grad: 83.09119761344193
New op index: 49	$R_{YX-XY}$[1, 7]
Current grad: 16.38901906512633
New op index: 75	$R_{YX-XY}$[5, 6]
Current grad: 8.049840650556519
New op index: 19	$R_Y$[6]
Current grad: 74.64003414245404
New op index: 75	$R_{YX-XY}$[5, 6]
Current grad: 13.107942561154026
New op index: 22	$R_Y$[7]
Current grad: 0.021623051423726523
Parameter value cutoff reached.
Calculating energies for FreeWilson2D(N_x=2, N_y=2, mass=0.694, r=1.000)
h_im: 0.0
New op index: 29	$R_{YX-XY}$[0, 3]
Current grad: 47.87755102040811
0:	0.00e+00	0.00e+00
1:	1.35e+00	0.00e+00
2:	0.00e+00	0.00e+00
3:	0.00e+00	0.00e+00
4:	-8.47e-01	0.00e+00
5:	0.00e+00	0.00e+00
6:	0.00e+00	0.00e+00
7:	8.47e-01	0.00e+00
8:	0.00e+00	0.00e+00
9:	0.00e+00	0.00e+00
10:	-1.35e+00	-5.00e-01
11:	0.00e+00	-5.00e-01
12:	0.00e+00	0.00e+00
13:	-1.35e+00	-5.00e-01
14:	0.00e+00	-5.00e-01
15:	0.00e+00	2.10e-15
16:	8.47e-01	2.07e-15
17:	0.00e+00	1.39e-17
18:	0.00e+00	2.10e-15
19:	-8.47e-01	2.11e-15
20:	0.00e+00	6.94e-18
21:	0.00e+00	2.09e-15
22:	1.35e+00	2.07e-15
23:	0.00e+00	1.39e-17
24:	0.00e+00	0.00e+00
25:	2.19e+00	0.00e+00
26:	0.00e+00	0.00e+00
27:	5.00e-01	0.00e+00
28:	0.00e+00	-5.00e-01
29:	2.69e+00	-5.00e-01
30:	0.00e+00	-5.00e-01
31:	2.69e+00	-5.00e-01
32:	0.00e+00	2.78e-17
33:	5.00e-01	2.78e-17
34:	0.00e+00	7.21e-17
35:	2.19e+00	7.21e-17
36:	0.00e+00	1.39e-17
37:	-2.08e-17	1.39e-17
38:	0.00e+00	0.00e+00
39:	-1.69e+00	0.00e+00
40:	0.00e+00	-5.00e-01
41:	5.00e-01	-5.00e-01
42:	0.00e+00	-5.00e-01
43:	5.00e-01	-5.00e-01
44:	0.00e+00	-9.63e-18
45:	-1.69e+00	-9.63e-18
46:	0.00e+00	4.86e-17
47:	-6.94e-18	4.86e-17
48:	0.00e+00	-9.63e-18
49:	-2.19e+00	-9.63e-18
50:	0.00e+00	-5.00e-01
51:	2.19e+00	-5.00e-01
52:	0.00e+00	-5.00e-01
53:	2.19e+00	-5.00e-01
54:	0.00e+00	2.78e-17
55:	-2.08e-17	2.78e-17
56:	0.00e+00	5.82e-17
57:	1.69e+00	5.82e-17
58:	0.00e+00	0.00e+00
59:	-5.00e-01	0.00e+00
60:	0.00e+00	6.94e-18
61:	0.00e+00	-2.00e+00
62:	0.00e+00	-5.00e-01
63:	-2.19e+00	-5.00e-01
64:	0.00e+00	-5.00e-01
65:	-5.00e-01	-5.00e-01
66:	0.00e+00	-5.00e-01
67:	-2.69e+00	-5.00e-01
68:	0.00e+00	-5.00e-01
69:	-2.19e+00	-5.00e-01
70:	0.00e+00	-5.00e-01
71:	-5.00e-01	-5.00e-01
72:	0.00e+00	-5.00e-01
73:	-2.69e+00	-5.00e-01
74:	0.00e+00	2.08e-17
75:	1.69e+00	2.08e-17
76:	0.00e+00	0.00e+00
77:	-5.00e-01	5.55e-17
78:	0.00e+00	2.08e-17
79:	-2.19e+00	2.08e-17
New op index: 10	$R_Y$[3]
Current grad: 118.84895935135646
New op index: 29	$R_{YX-XY}$[0, 3]
Current grad: 38.8794823346833
New op index: 53	$R_{YX-XY}$[2, 4]
Current grad: 36.8310886564084
New op index: 13	$R_Y$[4]
Current grad: 102.9565473724254
New op index: 53	$R_{YX-XY}$[2, 4]
Current grad: 27.99799052119674
New op index: 49	$R_{YX-XY}$[1, 7]
Current grad: 19.59209245410437
New op index: 22	$R_Y$[7]
Current grad: 83.76823313275958
New op index: 49	$R_{YX-XY}$[1, 7]
Current grad: 17.08029504828228
New op index: 75	$R_{YX-XY}$[5, 6]
Current grad: 8.377469427291036
New op index: 19	$R_Y$[6]
Current grad: 74.75247240678392
New op index: 75	$R_{YX-XY}$[5, 6]
Current grad: 13.445125631747636
New op index: 1	$R_Y$[0]
Current grad: 0.001176149359635657
Parameter value cutoff reached.
Calculating energies for FreeWilson2D(N_x=2, N_y=2, mass=0.857, r=1.000)
h_im: 0.0
New op index: 29	$R_{YX-XY}$[0, 3]
Current grad: 51.142857142857096
0:	0.00e+00	0.00e+00
1:	1.43e+00	0.00e+00
2:	0.00e+00	0.00e+00
3:	0.00e+00	0.00e+00
4:	-9.29e-01	0.00e+00
5:	0.00e+00	0.00e+00
6:	0.00e+00	0.00e+00
7:	9.29e-01	0.00e+00
8:	0.00e+00	0.00e+00
9:	0.00e+00	0.00e+00
10:	-1.43e+00	-5.00e-01
11:	0.00e+00	-5.00e-01
12:	0.00e+00	0.00e+00
13:	-1.43e+00	-5.00e-01
14:	0.00e+00	-5.00e-01
15:	0.00e+00	2.10e-15
16:	9.29e-01	2.07e-15
17:	0.00e+00	1.39e-17
18:	0.00e+00	2.11e-15
19:	-9.29e-01	2.11e-15
20:	0.00e+00	6.94e-18
21:	0.00e+00	2.09e-15
22:	1.43e+00	2.06e-15
23:	0.00e+00	1.39e-17
24:	0.00e+00	0.00e+00
25:	2.36e+00	0.00e+00
26:	0.00e+00	0.00e+00
27:	5.00e-01	0.00e+00
28:	0.00e+00	-5.00e-01
29:	2.86e+00	-5.00e-01
30:	0.00e+00	-5.00e-01
31:	2.86e+00	-5.00e-01
32:	0.00e+00	2.78e-17
33:	5.00e-01	2.78e-17
34:	0.00e+00	7.43e-17
35:	2.36e+00	7.43e-17
36:	0.00e+00	1.39e-17
37:	-2.08e-17	1.39e-17
38:	0.00e+00	0.00e+00
39:	-1.86e+00	0.00e+00
40:	0.00e+00	-5.00e-01
41:	5.00e-01	-5.00e-01
42:	0.00e+00	-5.00e-01
43:	5.00e-01	-5.00e-01
44:	0.00e+00	-1.19e-17
45:	-1.86e+00	-1.19e-17
46:	0.00e+00	4.86e-17
47:	-6.94e-18	4.86e-17
48:	0.00e+00	-1.19e-17
49:	-2.36e+00	-1.19e-17
50:	0.00e+00	-5.00e-01
51:	2.36e+00	-5.00e-01
52:	0.00e+00	-5.00e-01
53:	2.36e+00	-5.00e-01
54:	0.00e+00	2.78e-17
55:	-2.08e-17	2.78e-17
56:	0.00e+00	6.05e-17
57:	1.86e+00	6.05e-17
58:	0.00e+00	0.00e+00
59:	-5.00e-01	0.00e+00
60:	0.00e+00	6.94e-18
61:	0.00e+00	-2.00e+00
62:	0.00e+00	-5.00e-01
63:	-2.36e+00	-5.00e-01
64:	0.00e+00	-5.00e-01
65:	-5.00e-01	-5.00e-01
66:	0.00e+00	-5.00e-01
67:	-2.86e+00	-5.00e-01
68:	0.00e+00	-5.00e-01
69:	-2.36e+00	-5.00e-01
70:	0.00e+00	-5.00e-01
71:	-5.00e-01	-5.00e-01
72:	0.00e+00	-5.00e-01
73:	-2.86e+00	-5.00e-01
74:	0.00e+00	2.08e-17
75:	1.86e+00	2.08e-17
76:	0.00e+00	0.00e+00
77:	-5.00e-01	5.55e-17
78:	0.00e+00	2.08e-17
79:	-2.36e+00	2.08e-17
New op index: 10	$R_Y$[3]
Current grad: 121.33231004990577
New op index: 29	$R_{YX-XY}$[0, 3]
Current grad: 41.287175587524004
New op index: 53	$R_{YX-XY}$[2, 4]
Current grad: 38.786909476300146
New op index: 13	$R_Y$[4]
Current grad: 104.30556294628393
New op index: 53	$R_{YX-XY}$[2, 4]
Current grad: 29.348329794189535
New op index: 49	$R_{YX-XY}$[1, 7]
Current grad: 20.565110090029037
New op index: 22	$R_Y$[7]
Current grad: 84.4403913397232
New op index: 49	$R_{YX-XY}$[1, 7]
Current grad: 17.76679528579622
New op index: 75	$R_{YX-XY}$[5, 6]
Current grad: 8.707148012053729
New op index: 19	$R_Y$[6]
Current grad: 74.86718687669774
New op index: 75	$R_{YX-XY}$[5, 6]
Current grad: 13.791631415189002
New op index: 13	$R_Y$[4]
Current grad: 0.0047401669829918915
Parameter value cutoff reached.
Calculating energies for FreeWilson2D(N_x=2, N_y=2, mass=1.020, r=1.000)
h_im: 0.0
New op index: 29	$R_{YX-XY}$[0, 3]
Current grad: 54.40816326530607
0:	0.00e+00	0.00e+00
1:	1.51e+00	0.00e+00
2:	0.00e+00	0.00e+00
3:	0.00e+00	0.00e+00
4:	-1.01e+00	0.00e+00
5:	0.00e+00	0.00e+00
6:	0.00e+00	0.00e+00
7:	1.01e+00	0.00e+00
8:	0.00e+00	0.00e+00
9:	0.00e+00	0.00e+00
10:	-1.51e+00	-5.00e-01
11:	0.00e+00	-5.00e-01
12:	0.00e+00	0.00e+00
13:	-1.51e+00	-5.00e-01
14:	0.00e+00	-5.00e-01
15:	0.00e+00	2.10e-15
16:	1.01e+00	2.07e-15
17:	0.00e+00	1.39e-17
18:	0.00e+00	2.11e-15
19:	-1.01e+00	2.11e-15
20:	0.00e+00	6.94e-18
21:	0.00e+00	2.09e-15
22:	1.51e+00	2.06e-15
23:	0.00e+00	1.39e-17
24:	0.00e+00	0.00e+00
25:	2.52e+00	0.00e+00
26:	0.00e+00	0.00e+00
27:	5.00e-01	0.00e+00
28:	0.00e+00	-5.00e-01
29:	3.02e+00	-5.00e-01
30:	0.00e+00	-5.00e-01
31:	3.02e+00	-5.00e-01
32:	0.00e+00	2.78e-17
33:	5.00e-01	2.78e-17
34:	0.00e+00	7.66e-17
35:	2.52e+00	7.66e-17
36:	0.00e+00	1.39e-17
37:	-2.08e-17	1.39e-17
38:	0.00e+00	0.00e+00
39:	-2.02e+00	0.00e+00
40:	0.00e+00	-5.00e-01
41:	5.00e-01	-5.00e-01
42:	0.00e+00	-5.00e-01
43:	5.00e-01	-5.00e-01
44:	0.00e+00	-1.42e-17
45:	-2.02e+00	-1.42e-17
46:	0.00e+00	4.86e-17
47:	-6.94e-18	4.86e-17
48:	0.00e+00	-1.42e-17
49:	-2.52e+00	-1.42e-17
50:	0.00e+00	-5.00e-01
51:	2.52e+00	-5.00e-01
52:	0.00e+00	-5.00e-01
53:	2.52e+00	-5.00e-01
54:	0.00e+00	2.78e-17
55:	-2.08e-17	2.78e-17
56:	0.00e+00	6.27e-17
57:	2.02e+00	6.27e-17
58:	0.00e+00	0.00e+00
59:	-5.00e-01	0.00e+00
60:	0.00e+00	6.94e-18
61:	0.00e+00	-2.00e+00
62:	0.00e+00	-5.00e-01
63:	-2.52e+00	-5.00e-01
64:	0.00e+00	-5.00e-01
65:	-5.00e-01	-5.00e-01
66:	0.00e+00	-5.00e-01
67:	-3.02e+00	-5.00e-01
68:	0.00e+00	-5.00e-01
69:	-2.52e+00	-5.00e-01
70:	0.00e+00	-5.00e-01
71:	-5.00e-01	-5.00e-01
72:	0.00e+00	-5.00e-01
73:	-3.02e+00	-5.00e-01
74:	0.00e+00	2.08e-17
75:	2.02e+00	2.08e-17
76:	0.00e+00	0.00e+00
77:	-5.00e-01	5.55e-17
78:	0.00e+00	2.08e-17
79:	-2.52e+00	2.08e-17
New op index: 10	$R_Y$[3]
Current grad: 123.84858667757081
New op index: 29	$R_{YX-XY}$[0, 3]
Current grad: 43.70026509779946
New op index: 53	$R_{YX-XY}$[2, 4]
Current grad: 40.74471470813543
New op index: 13	$R_Y$[4]
Current grad: 105.6747545047482
New op index: 53	$R_{YX-XY}$[2, 4]
Current grad: 30.693616138075175
New op index: 49	$R_{YX-XY}$[1, 7]
Current grad: 21.53938485833497
New op index: 22	$R_Y$[7]
Current grad: 85.10319402873438
New op index: 49	$R_{YX-XY}$[1, 7]
Current grad: 18.45224495873181
New op index: 75	$R_{YX-XY}$[5, 6]
Current grad: 9.082930548719578
New op index: 19	$R_Y$[6]
Current grad: 74.98537385167332
New op index: 75	$R_{YX-XY}$[5, 6]
Current grad: 14.130230185328573
New op index: 29	$R_{YX-XY}$[0, 3]
Current grad: 0.0053700440358256715
Adding the same operator twice is not sensible, terminating.
Calculating energies for FreeWilson2D(N_x=2, N_y=2, mass=1.184, r=1.000)
h_im: 0.0
New op index: 29	$R_{YX-XY}$[0, 3]
Current grad: 57.673469387755034
0:	0.00e+00	0.00e+00
1:	1.59e+00	0.00e+00
2:	0.00e+00	0.00e+00
3:	0.00e+00	0.00e+00
4:	-1.09e+00	0.00e+00
5:	0.00e+00	0.00e+00
6:	0.00e+00	0.00e+00
7:	1.09e+00	0.00e+00
8:	0.00e+00	0.00e+00
9:	0.00e+00	0.00e+00
10:	-1.59e+00	-5.00e-01
11:	0.00e+00	-5.00e-01
12:	0.00e+00	0.00e+00
13:	-1.59e+00	-5.00e-01
14:	0.00e+00	-5.00e-01
15:	0.00e+00	2.10e-15
16:	1.09e+00	2.07e-15
17:	0.00e+00	1.39e-17
18:	0.00e+00	2.11e-15
19:	-1.09e+00	2.11e-15
20:	0.00e+00	6.94e-18
21:	0.00e+00	2.09e-15
22:	1.59e+00	2.06e-15
23:	0.00e+00	1.39e-17
24:	0.00e+00	0.00e+00
25:	2.68e+00	0.00e+00
26:	0.00e+00	0.00e+00
27:	5.00e-01	0.00e+00
28:	0.00e+00	-5.00e-01
29:	3.18e+00	-5.00e-01
30:	0.00e+00	-5.00e-01
31:	3.18e+00	-5.00e-01
32:	0.00e+00	2.78e-17
33:	5.00e-01	2.78e-17
34:	0.00e+00	7.89e-17
35:	2.68e+00	7.89e-17
36:	0.00e+00	1.39e-17
37:	-2.08e-17	1.39e-17
38:	0.00e+00	0.00e+00
39:	-2.18e+00	0.00e+00
40:	0.00e+00	-5.00e-01
41:	5.00e-01	-5.00e-01
42:	0.00e+00	-5.00e-01
43:	5.00e-01	-5.00e-01
44:	0.00e+00	-1.64e-17
45:	-2.18e+00	-1.64e-17
46:	0.00e+00	4.86e-17
47:	-6.94e-18	4.86e-17
48:	0.00e+00	-1.64e-17
49:	-2.68e+00	-1.64e-17
50:	0.00e+00	-5.00e-01
51:	2.68e+00	-5.00e-01
52:	0.00e+00	-5.00e-01
53:	2.68e+00	-5.00e-01
54:	0.00e+00	2.78e-17
55:	-2.08e-17	2.78e-17
56:	0.00e+00	6.50e-17
57:	2.18e+00	6.50e-17
58:	0.00e+00	0.00e+00
59:	-5.00e-01	0.00e+00
60:	0.00e+00	6.94e-18
61:	0.00e+00	-2.00e+00
62:	0.00e+00	-5.00e-01
63:	-2.68e+00	-5.00e-01
64:	0.00e+00	-5.00e-01
65:	-5.00e-01	-5.00e-01
66:	0.00e+00	-5.00e-01
67:	-3.18e+00	-5.00e-01
68:	0.00e+00	-5.00e-01
69:	-2.68e+00	-5.00e-01
70:	0.00e+00	-5.00e-01
71:	-5.00e-01	-5.00e-01
72:	0.00e+00	-5.00e-01
73:	-3.18e+00	-5.00e-01
74:	0.00e+00	2.08e-17
75:	2.18e+00	2.08e-17
76:	0.00e+00	0.00e+00
77:	-5.00e-01	5.55e-17
78:	0.00e+00	2.08e-17
79:	-2.68e+00	2.08e-17
New op index: 1	$R_Y$[0]
Current grad: 126.50368744260996
New op index: 29	$R_{YX-XY}$[0, 3]
Current grad: 46.12953161913771
New op index: 53	$R_{YX-XY}$[2, 4]
Current grad: 42.702278328987944
New op index: 13	$R_Y$[4]
Current grad: 107.06145548330433
New op index: 53	$R_{YX-XY}$[2, 4]
Current grad: 32.04561935027174
New op index: 49	$R_{YX-XY}$[1, 7]
Current grad: 22.51529773823856
New op index: 22	$R_Y$[7]
Current grad: 85.79092638032142
New op index: 49	$R_{YX-XY}$[1, 7]
Current grad: 19.143711274497015
New op index: 75	$R_{YX-XY}$[5, 6]
Current grad: 9.364948646392651
New op index: 16	$R_Y$[5]
Current grad: 75.18625541299086
New op index: 75	$R_{YX-XY}$[5, 6]
Current grad: 14.495056323307306
New op index: 19	$R_Y$[6]
Current grad: 0.016625916816240927
Parameter value cutoff reached.
Calculating energies for FreeWilson2D(N_x=2, N_y=2, mass=1.347, r=1.000)
h_im: 0.0
New op index: 29	$R_{YX-XY}$[0, 3]
Current grad: 60.93877551020401
0:	0.00e+00	0.00e+00
1:	1.67e+00	0.00e+00
2:	0.00e+00	0.00e+00
3:	0.00e+00	0.00e+00
4:	-1.17e+00	0.00e+00
5:	0.00e+00	0.00e+00
6:	0.00e+00	0.00e+00
7:	1.17e+00	0.00e+00
8:	0.00e+00	0.00e+00
9:	0.00e+00	0.00e+00
10:	-1.67e+00	-5.00e-01
11:	0.00e+00	-5.00e-01
12:	0.00e+00	0.00e+00
13:	-1.67e+00	-5.00e-01
14:	0.00e+00	-5.00e-01
15:	0.00e+00	2.10e-15
16:	1.17e+00	2.07e-15
17:	0.00e+00	1.39e-17
18:	0.00e+00	2.11e-15
19:	-1.17e+00	2.11e-15
20:	0.00e+00	6.94e-18
21:	0.00e+00	2.09e-15
22:	1.67e+00	2.06e-15
23:	0.00e+00	1.39e-17
24:	0.00e+00	0.00e+00
25:	2.85e+00	0.00e+00
26:	0.00e+00	0.00e+00
27:	5.00e-01	0.00e+00
28:	0.00e+00	-5.00e-01
29:	3.35e+00	-5.00e-01
30:	0.00e+00	-5.00e-01
31:	3.35e+00	-5.00e-01
32:	0.00e+00	2.78e-17
33:	5.00e-01	2.78e-17
34:	0.00e+00	8.11e-17
35:	2.85e+00	8.11e-17
36:	0.00e+00	1.39e-17
37:	-2.08e-17	1.39e-17
38:	0.00e+00	0.00e+00
39:	-2.35e+00	0.00e+00
40:	0.00e+00	-5.00e-01
41:	5.00e-01	-5.00e-01
42:	0.00e+00	-5.00e-01
43:	5.00e-01	-5.00e-01
44:	0.00e+00	-1.87e-17
45:	-2.35e+00	-1.87e-17
46:	0.00e+00	4.86e-17
47:	-6.94e-18	4.86e-17
48:	0.00e+00	-1.87e-17
49:	-2.85e+00	-1.87e-17
50:	0.00e+00	-5.00e-01
51:	2.85e+00	-5.00e-01
52:	0.00e+00	-5.00e-01
53:	2.85e+00	-5.00e-01
54:	0.00e+00	2.78e-17
55:	-2.08e-17	2.78e-17
56:	0.00e+00	6.73e-17
57:	2.35e+00	6.73e-17
58:	0.00e+00	0.00e+00
59:	-5.00e-01	0.00e+00
60:	0.00e+00	6.94e-18
61:	0.00e+00	-2.00e+00
62:	0.00e+00	-5.00e-01
63:	-2.85e+00	-5.00e-01
64:	0.00e+00	-5.00e-01
65:	-5.00e-01	-5.00e-01
66:	0.00e+00	-5.00e-01
67:	-3.35e+00	-5.00e-01
68:	0.00e+00	-5.00e-01
69:	-2.85e+00	-5.00e-01
70:	0.00e+00	-5.00e-01
71:	-5.00e-01	-5.00e-01
72:	0.00e+00	-5.00e-01
73:	-3.35e+00	-5.00e-01
74:	0.00e+00	2.08e-17
75:	2.35e+00	2.08e-17
76:	0.00e+00	0.00e+00
77:	-5.00e-01	5.55e-17
78:	0.00e+00	2.08e-17
79:	-2.85e+00	2.08e-17
New op index: 1	$R_Y$[0]
Current grad: 129.44557187695239
New op index: 29	$R_{YX-XY}$[0, 3]
Current grad: 48.554877389084
New op index: 53	$R_{YX-XY}$[2, 4]
Current grad: 44.67009889929903
New op index: 13	$R_Y$[4]
Current grad: 108.46823963306197
New op index: 53	$R_{YX-XY}$[2, 4]
Current grad: 33.40010143510818
New op index: 49	$R_{YX-XY}$[1, 7]
Current grad: 23.485012695783833
New op index: 22	$R_Y$[7]
Current grad: 86.44535644388372
New op index: 49	$R_{YX-XY}$[1, 7]
Current grad: 19.837285830576203
New op index: 75	$R_{YX-XY}$[5, 6]
Current grad: 9.696265217237947
New op index: 19	$R_Y$[6]
Current grad: 75.21469849300153
New op index: 75	$R_{YX-XY}$[5, 6]
Current grad: 14.83335270217326
New op index: 53	$R_{YX-XY}$[2, 4]
Current grad: 0.02077784241912209
Adding the same operator twice is not sensible, terminating.
Calculating energies for FreeWilson2D(N_x=2, N_y=2, mass=1.510, r=1.000)
h_im: 0.0
New op index: 29	$R_{YX-XY}$[0, 3]
Current grad: 64.204081632653
0:	0.00e+00	0.00e+00
1:	1.76e+00	0.00e+00
2:	0.00e+00	0.00e+00
3:	0.00e+00	0.00e+00
4:	-1.26e+00	0.00e+00
5:	0.00e+00	0.00e+00
6:	0.00e+00	0.00e+00
7:	1.26e+00	0.00e+00
8:	0.00e+00	0.00e+00
9:	0.00e+00	0.00e+00
10:	-1.76e+00	-5.00e-01
11:	0.00e+00	-5.00e-01
12:	0.00e+00	0.00e+00
13:	-1.76e+00	-5.00e-01
14:	0.00e+00	-5.00e-01
15:	0.00e+00	2.10e-15
16:	1.26e+00	2.07e-15
17:	0.00e+00	1.39e-17
18:	0.00e+00	2.11e-15
19:	-1.26e+00	2.11e-15
20:	0.00e+00	6.94e-18
21:	0.00e+00	2.09e-15
22:	1.76e+00	2.06e-15
23:	0.00e+00	1.39e-17
24:	0.00e+00	0.00e+00
25:	3.01e+00	0.00e+00
26:	0.00e+00	0.00e+00
27:	5.00e-01	0.00e+00
28:	0.00e+00	-5.00e-01
29:	3.51e+00	-5.00e-01
30:	0.00e+00	-5.00e-01
31:	3.51e+00	-5.00e-01
32:	0.00e+00	2.78e-17
33:	5.00e-01	2.78e-17
34:	0.00e+00	8.34e-17
35:	3.01e+00	8.34e-17
36:	0.00e+00	1.39e-17
37:	-2.08e-17	1.39e-17
38:	0.00e+00	0.00e+00
39:	-2.51e+00	0.00e+00
40:	0.00e+00	-5.00e-01
41:	5.00e-01	-5.00e-01
42:	0.00e+00	-5.00e-01
43:	5.00e-01	-5.00e-01
44:	0.00e+00	-2.10e-17
45:	-2.51e+00	-2.10e-17
46:	0.00e+00	4.86e-17
47:	-6.94e-18	4.86e-17
48:	0.00e+00	-2.10e-17
49:	-3.01e+00	-2.10e-17
50:	0.00e+00	-5.00e-01
51:	3.01e+00	-5.00e-01
52:	0.00e+00	-5.00e-01
53:	3.01e+00	-5.00e-01
54:	0.00e+00	2.78e-17
55:	-2.08e-17	2.78e-17
56:	0.00e+00	6.95e-17
57:	2.51e+00	6.95e-17
58:	0.00e+00	0.00e+00
59:	-5.00e-01	0.00e+00
60:	0.00e+00	6.94e-18
61:	0.00e+00	-2.00e+00
62:	0.00e+00	-5.00e-01
63:	-3.01e+00	-5.00e-01
64:	0.00e+00	-5.00e-01
65:	-5.00e-01	-5.00e-01
66:	0.00e+00	-5.00e-01
67:	-3.51e+00	-5.00e-01
68:	0.00e+00	-5.00e-01
69:	-3.01e+00	-5.00e-01
70:	0.00e+00	-5.00e-01
71:	-5.00e-01	-5.00e-01
72:	0.00e+00	-5.00e-01
73:	-3.51e+00	-5.00e-01
74:	0.00e+00	2.08e-17
75:	2.51e+00	2.08e-17
76:	0.00e+00	0.00e+00
77:	-5.00e-01	5.55e-17
78:	0.00e+00	2.08e-17
79:	-3.01e+00	2.08e-17
New op index: 1	$R_Y$[0]
Current grad: 132.37159351852063
New op index: 29	$R_{YX-XY}$[0, 3]
Current grad: 50.980444873802185
New op index: 53	$R_{YX-XY}$[2, 4]
Current grad: 46.61737252697442
New op index: 13	$R_Y$[4]
Current grad: 109.87796058339276
New op index: 53	$R_{YX-XY}$[2, 4]
Current grad: 34.75664985856137
New op index: 49	$R_{YX-XY}$[1, 7]
Current grad: 24.459496279314777
New op index: 22	$R_Y$[7]
Current grad: 87.12066322577549
New op index: 49	$R_{YX-XY}$[1, 7]
Current grad: 20.529080110764976
New op index: 75	$R_{YX-XY}$[5, 6]
Current grad: 10.010349596918722
New op index: 19	$R_Y$[6]
Current grad: 75.33152307824848
New op index: 75	$R_{YX-XY}$[5, 6]
Current grad: 15.207622779827188
New op index: 53	$R_{YX-XY}$[2, 4]
Current grad: 0.001736795974357412
Adding the same operator twice is not sensible, terminating.
Calculating energies for FreeWilson2D(N_x=2, N_y=2, mass=1.673, r=1.000)
h_im: 0.0
New op index: 29	$R_{YX-XY}$[0, 3]
Current grad: 67.46938775510198
0:	0.00e+00	0.00e+00
1:	1.84e+00	0.00e+00
2:	0.00e+00	0.00e+00
3:	0.00e+00	0.00e+00
4:	-1.34e+00	0.00e+00
5:	0.00e+00	0.00e+00
6:	0.00e+00	0.00e+00
7:	1.34e+00	0.00e+00
8:	0.00e+00	0.00e+00
9:	0.00e+00	0.00e+00
10:	-1.84e+00	-5.00e-01
11:	0.00e+00	-5.00e-01
12:	0.00e+00	0.00e+00
13:	-1.84e+00	-5.00e-01
14:	0.00e+00	-5.00e-01
15:	0.00e+00	2.10e-15
16:	1.34e+00	2.07e-15
17:	0.00e+00	1.39e-17
18:	0.00e+00	2.11e-15
19:	-1.34e+00	2.12e-15
20:	0.00e+00	6.94e-18
21:	0.00e+00	2.09e-15
22:	1.84e+00	2.06e-15
23:	0.00e+00	1.39e-17
24:	0.00e+00	0.00e+00
25:	3.17e+00	0.00e+00
26:	0.00e+00	0.00e+00
27:	5.00e-01	0.00e+00
28:	0.00e+00	-5.00e-01
29:	3.67e+00	-5.00e-01
30:	0.00e+00	-5.00e-01
31:	3.67e+00	-5.00e-01
32:	0.00e+00	2.78e-17
33:	5.00e-01	2.78e-17
34:	0.00e+00	8.57e-17
35:	3.17e+00	8.57e-17
36:	0.00e+00	1.39e-17
37:	-2.08e-17	1.39e-17
38:	0.00e+00	0.00e+00
39:	-2.67e+00	0.00e+00
40:	0.00e+00	-5.00e-01
41:	5.00e-01	-5.00e-01
42:	0.00e+00	-5.00e-01
43:	5.00e-01	-5.00e-01
44:	0.00e+00	-2.32e-17
45:	-2.67e+00	-2.32e-17
46:	0.00e+00	4.86e-17
47:	-6.94e-18	4.86e-17
48:	0.00e+00	-2.32e-17
49:	-3.17e+00	-2.32e-17
50:	0.00e+00	-5.00e-01
51:	3.17e+00	-5.00e-01
52:	0.00e+00	-5.00e-01
53:	3.17e+00	-5.00e-01
54:	0.00e+00	2.78e-17
55:	-2.08e-17	2.78e-17
56:	0.00e+00	7.18e-17
57:	2.67e+00	7.18e-17
58:	0.00e+00	0.00e+00
59:	-5.00e-01	0.00e+00
60:	0.00e+00	6.94e-18
61:	0.00e+00	-2.00e+00
62:	0.00e+00	-5.00e-01
63:	-3.17e+00	-5.00e-01
64:	0.00e+00	-5.00e-01
65:	-5.00e-01	-5.00e-01
66:	0.00e+00	-5.00e-01
67:	-3.67e+00	-5.00e-01
68:	0.00e+00	-5.00e-01
69:	-3.17e+00	-5.00e-01
70:	0.00e+00	-5.00e-01
71:	-5.00e-01	-5.00e-01
72:	0.00e+00	-5.00e-01
73:	-3.67e+00	-5.00e-01
74:	0.00e+00	2.08e-17
75:	2.67e+00	2.08e-17
76:	0.00e+00	0.00e+00
77:	-5.00e-01	5.55e-17
78:	0.00e+00	2.08e-17
79:	-3.17e+00	2.08e-17
New op index: 1	$R_Y$[0]
Current grad: 135.27236345593946
New op index: 29	$R_{YX-XY}$[0, 3]
Current grad: 53.417431477973366
New op index: 53	$R_{YX-XY}$[2, 4]
Current grad: 48.57935128711652
New op index: 13	$R_Y$[4]
Current grad: 111.30496934450372
New op index: 53	$R_{YX-XY}$[2, 4]
Current grad: 36.11426537501222
New op index: 49	$R_{YX-XY}$[1, 7]
Current grad: 25.458326084090572
New op index: 22	$R_Y$[7]
Current grad: 92.6123432592366
New op index: 49	$R_{YX-XY}$[1, 7]
Current grad: 21.228477178851534
New op index: 75	$R_{YX-XY}$[5, 6]
Current grad: 10.346869515575294
New op index: 19	$R_Y$[6]
Current grad: 75.45222579001519
New op index: 75	$R_{YX-XY}$[5, 6]
Current grad: 15.538798575516273
New op index: 1	$R_Y$[0]
Current grad: 0.001686315014092463
Parameter value cutoff reached.
Calculating energies for FreeWilson2D(N_x=2, N_y=2, mass=1.837, r=1.000)
h_im: 0.0
New op index: 29	$R_{YX-XY}$[0, 3]
Current grad: 70.73469387755094
0:	0.00e+00	0.00e+00
1:	1.92e+00	0.00e+00
2:	0.00e+00	0.00e+00
3:	0.00e+00	0.00e+00
4:	-1.42e+00	0.00e+00
5:	0.00e+00	0.00e+00
6:	0.00e+00	0.00e+00
7:	1.42e+00	0.00e+00
8:	0.00e+00	0.00e+00
9:	0.00e+00	0.00e+00
10:	-1.92e+00	-5.00e-01
11:	0.00e+00	-5.00e-01
12:	0.00e+00	0.00e+00
13:	-1.92e+00	-5.00e-01
14:	0.00e+00	-5.00e-01
15:	0.00e+00	2.10e-15
16:	1.42e+00	2.07e-15
17:	0.00e+00	1.39e-17
18:	0.00e+00	2.11e-15
19:	-1.42e+00	2.12e-15
20:	0.00e+00	6.94e-18
21:	0.00e+00	2.09e-15
22:	1.92e+00	2.06e-15
23:	0.00e+00	1.39e-17
24:	0.00e+00	0.00e+00
25:	3.34e+00	0.00e+00
26:	0.00e+00	0.00e+00
27:	5.00e-01	0.00e+00
28:	0.00e+00	-5.00e-01
29:	3.84e+00	-5.00e-01
30:	0.00e+00	-5.00e-01
31:	3.84e+00	-5.00e-01
32:	0.00e+00	2.78e-17
33:	5.00e-01	2.78e-17
34:	0.00e+00	8.79e-17
35:	3.34e+00	8.79e-17
36:	0.00e+00	1.39e-17
37:	-2.08e-17	1.39e-17
38:	0.00e+00	0.00e+00
39:	-2.84e+00	0.00e+00
40:	0.00e+00	-5.00e-01
41:	5.00e-01	-5.00e-01
42:	0.00e+00	-5.00e-01
43:	5.00e-01	-5.00e-01
44:	0.00e+00	-2.55e-17
45:	-2.84e+00	-2.55e-17
46:	0.00e+00	4.86e-17
47:	-6.94e-18	4.86e-17
48:	0.00e+00	-2.55e-17
49:	-3.34e+00	-2.55e-17
50:	0.00e+00	-5.00e-01
51:	3.34e+00	-5.00e-01
52:	0.00e+00	-5.00e-01
53:	3.34e+00	-5.00e-01
54:	0.00e+00	2.78e-17
55:	-2.08e-17	2.78e-17
56:	0.00e+00	7.41e-17
57:	2.84e+00	7.41e-17
58:	0.00e+00	0.00e+00
59:	-5.00e-01	0.00e+00
60:	0.00e+00	6.94e-18
61:	0.00e+00	-2.00e+00
62:	0.00e+00	-5.00e-01
63:	-3.34e+00	-5.00e-01
64:	0.00e+00	-5.00e-01
65:	-5.00e-01	-5.00e-01
66:	0.00e+00	-5.00e-01
67:	-3.84e+00	-5.00e-01
68:	0.00e+00	-5.00e-01
69:	-3.34e+00	-5.00e-01
70:	0.00e+00	-5.00e-01
71:	-5.00e-01	-5.00e-01
72:	0.00e+00	-5.00e-01
73:	-3.84e+00	-5.00e-01
74:	0.00e+00	2.08e-17
75:	2.84e+00	2.08e-17
76:	0.00e+00	0.00e+00
77:	-5.00e-01	5.55e-17
78:	0.00e+00	2.08e-17
79:	-3.34e+00	2.08e-17
New op index: 1	$R_Y$[0]
Current grad: 138.18232720914745
New op index: 29	$R_{YX-XY}$[0, 3]
Current grad: 55.860090693272674
New op index: 53	$R_{YX-XY}$[2, 4]
Current grad: 50.53253004126515
New op index: 13	$R_Y$[4]
Current grad: 112.74129492353731
New op index: 53	$R_{YX-XY}$[2, 4]
Current grad: 37.47345133905387
New op index: 49	$R_{YX-XY}$[1, 7]
Current grad: 26.41169030435988
New op index: 22	$R_Y$[7]
Current grad: 93.28598887152664
New op index: 49	$R_{YX-XY}$[1, 7]
Current grad: 21.9265800773237
New op index: 75	$R_{YX-XY}$[5, 6]
Current grad: 10.673594471588117
New op index: 19	$R_Y$[6]
Current grad: 75.56622685015566
New op index: 75	$R_{YX-XY}$[5, 6]
Current grad: 15.894078252744645
New op index: 16	$R_Y$[5]
Current grad: 0.031067767031990268
Parameter value cutoff reached.
Calculating energies for FreeWilson2D(N_x=2, N_y=2, mass=2.000, r=1.000)
h_im: 0.0
New op index: 29	$R_{YX-XY}$[0, 3]
Current grad: 73.99999999999993
0:	0.00e+00	0.00e+00
1:	2.00e+00	0.00e+00
2:	0.00e+00	0.00e+00
3:	0.00e+00	0.00e+00
4:	-1.50e+00	0.00e+00
5:	0.00e+00	0.00e+00
6:	0.00e+00	0.00e+00
7:	1.50e+00	0.00e+00
8:	0.00e+00	0.00e+00
9:	0.00e+00	0.00e+00
10:	-2.00e+00	-5.00e-01
11:	0.00e+00	-5.00e-01
12:	0.00e+00	0.00e+00
13:	-2.00e+00	-5.00e-01
14:	0.00e+00	-5.00e-01
15:	0.00e+00	2.10e-15
16:	1.50e+00	2.07e-15
17:	0.00e+00	1.39e-17
18:	0.00e+00	2.11e-15
19:	-1.50e+00	2.12e-15
20:	0.00e+00	6.94e-18
21:	0.00e+00	2.09e-15
22:	2.00e+00	2.06e-15
23:	0.00e+00	1.39e-17
24:	0.00e+00	0.00e+00
25:	3.50e+00	0.00e+00
26:	0.00e+00	0.00e+00
27:	5.00e-01	0.00e+00
28:	0.00e+00	-5.00e-01
29:	4.00e+00	-5.00e-01
30:	0.00e+00	-5.00e-01
31:	4.00e+00	-5.00e-01
32:	0.00e+00	2.78e-17
33:	5.00e-01	2.78e-17
34:	0.00e+00	9.02e-17
35:	3.50e+00	9.02e-17
36:	0.00e+00	1.39e-17
37:	-2.08e-17	1.39e-17
38:	0.00e+00	0.00e+00
39:	-3.00e+00	0.00e+00
40:	0.00e+00	-5.00e-01
41:	5.00e-01	-5.00e-01
42:	0.00e+00	-5.00e-01
43:	5.00e-01	-5.00e-01
44:	0.00e+00	-2.78e-17
45:	-3.00e+00	-2.78e-17
46:	0.00e+00	4.86e-17
47:	-6.94e-18	4.86e-17
48:	0.00e+00	-2.78e-17
49:	-3.50e+00	-2.78e-17
50:	0.00e+00	-5.00e-01
51:	3.50e+00	-5.00e-01
52:	0.00e+00	-5.00e-01
53:	3.50e+00	-5.00e-01
54:	0.00e+00	2.78e-17
55:	-2.08e-17	2.78e-17
56:	0.00e+00	7.63e-17
57:	3.00e+00	7.63e-17
58:	0.00e+00	0.00e+00
59:	-5.00e-01	0.00e+00
60:	0.00e+00	6.94e-18
61:	0.00e+00	-2.00e+00
62:	0.00e+00	-5.00e-01
63:	-3.50e+00	-5.00e-01
64:	0.00e+00	-5.00e-01
65:	-5.00e-01	-5.00e-01
66:	0.00e+00	-5.00e-01
67:	-4.00e+00	-5.00e-01
68:	0.00e+00	-5.00e-01
69:	-3.50e+00	-5.00e-01
70:	0.00e+00	-5.00e-01
71:	-5.00e-01	-5.00e-01
72:	0.00e+00	-5.00e-01
73:	-4.00e+00	-5.00e-01
74:	0.00e+00	2.08e-17
75:	3.00e+00	2.08e-17
76:	0.00e+00	0.00e+00
77:	-5.00e-01	5.55e-17
78:	0.00e+00	2.08e-17
79:	-3.50e+00	2.08e-17
New op index: 1	$R_Y$[0]
Current grad: 141.07150494480126
New op index: 29	$R_{YX-XY}$[0, 3]
Current grad: 58.3085070969222
New op index: 53	$R_{YX-XY}$[2, 4]
Current grad: 52.490156237107584
New op index: 13	$R_Y$[4]
Current grad: 114.18604078140707
New op index: 53	$R_{YX-XY}$[2, 4]
Current grad: 38.83416232018077
New op index: 49	$R_{YX-XY}$[1, 7]
Current grad: 27.38963158196909
New op index: 22	$R_Y$[7]
Current grad: 93.96553671074925
New op index: 49	$R_{YX-XY}$[1, 7]
Current grad: 22.626296575524293
New op index: 75	$R_{YX-XY}$[5, 6]
Current grad: 10.971025857355146
New op index: 19	$R_Y$[6]
Current grad: 75.68411887873948
New op index: 75	$R_{YX-XY}$[5, 6]
Current grad: 16.251850032603414
New op index: 10	$R_Y$[3]
Current grad: 0.004155131534706502
Parameter value cutoff reached.
-----Beginning pprint-----
/:
	Attributes:
		ProcessId: 23963013
	2025-11-20_15-50-39-23963013:
		Attributes:
			HamiltonianType: ZeroChargePenalty
			Last-Modified: 2025-11-20_15-50-39
			ProcessId: 23963013
			SimulatorType: Statevector
			SolverName: AdaptVQE
			SystemName: FreeWilson2D
			n_x: 2
			n_y: 2
			r: 1.0
		AdaptOptions:
			Attributes:
				gradient_hamiltonian_type: HamiltonianType.ZeroChargePenalty
				max_depth: 50
				prec_cutoff: 0.001
				precision: 0
		AnsatzOperatorDerivatives: Dataset (dtype=float64, shape=(50, 45, 80), maxshape=(50, None, 80))
			Attributes:
				DIMENSION_LABELS: ['mass' 'AnsatzOperatorAxis' 'AnsatzPoolOperatorAxis']
				NDataDims: 2
		AnsatzOperatorSecondDerivatives: Dataset (dtype=float64, shape=(50, 45, 80), maxshape=(50, None, 80))
			Attributes:
				DIMENSION_LABELS: ['mass' 'AnsatzOperatorAxis' 'AnsatzPoolOperatorAxis']
				NDataDims: 2
		AnsatzOperators: Dataset (dtype=int64, shape=(50, 45), maxshape=(50, None))
			Attributes:
				DIMENSION_LABELS: ['mass' 'AnsatzOperatorAxis']
				NDataDims: 1
		Circuit:
			Attributes:
				Ansatz: HardwareAdaptAnsatz21
			AnsatzOptions:
				Attributes:
					num_qubits: 8
		CircuitParameters: Dataset (dtype=float64, shape=(50, 26140, 45), maxshape=(50, None, None))
			Attributes:
				DIMENSION_LABELS: ['mass' 'IterationAxis' 'CircuitParameterAxis']
				NDataDims: 2
		Data:
			Attributes:
			evs:
				Attributes:
				Hamiltonian: Dataset (dtype=float64, shape=(50, 26140), maxshape=(50, None))
					Attributes:
						DIMENSION_LABELS: ['mass' 'IterationAxis']
						NDataDims: 1
			stds:
				Attributes:
				Hamiltonian: Dataset (dtype=float64, shape=(50, 26140), maxshape=(50, None))
					Attributes:
						DIMENSION_LABELS: ['mass' 'IterationAxis']
						NDataDims: 1
		EstimatorOptions:
			Attributes:
				_VERSION: 2
				default_precision: Unset
				default_shots: Unset
				experimental: Unset
				max_execution_time: Unset
				resilience_level: Unset
				seed_estimator: 23963013
			dynamical_decoupling:
				Attributes:
					enable: Unset
					extra_slack_distribution: Unset
					scheduling_method: Unset
					sequence_type: Unset
					skip_reset_qubits: Unset
			environment:
				Attributes:
					callback: None
					job_tags: None
					log_level: WARNING
					private: False
			execution:
				Attributes:
					init_qubits: Unset
					rep_delay: Unset
			resilience:
				Attributes:
					layer_noise_model: Unset
					measure_mitigation: Unset
					pec_mitigation: Unset
					zne_mitigation: Unset
				layer_noise_learning:
					Attributes:
						layer_pair_depths: Unset
						max_layers_to_learn: Unset
						num_randomizations: Unset
						shots_per_randomization: Unset
				measure_noise_learning:
					Attributes:
						num_randomizations: Unset
						shots_per_randomization: Unset
				pec:
					Attributes:
						max_overhead: Unset
						noise_gain: Unset
				zne:
					Attributes:
						amplifier: Unset
						extrapolated_noise_factors: Unset
						extrapolator: Unset
						noise_factors: Unset
			simulator:
				Attributes:
					basis_gates: Unset
					coupling_map: Unset
					noise_model: Unset
					seed_simulator: Unset
			twirling:
				Attributes:
					enable_gates: Unset
					enable_measure: Unset
					num_randomizations: Unset
					shots_per_randomization: Unset
					strategy: Unset
		MetaData:
			Attributes:
			circuit_metadata: Dataset (dtype=object, shape=(50, 26140), maxshape=(50, None))
				Attributes:
					DIMENSION_LABELS: ['mass' 'IterationAxis']
					NDataDims: 1
			target_precision: Dataset (dtype=float64, shape=(50, 26140), maxshape=(50, None))
				Attributes:
					DIMENSION_LABELS: ['mass' 'IterationAxis']
					NDataDims: 1
			version: Dataset (dtype=int64, shape=(50, 26140), maxshape=(50, None))
				Attributes:
					DIMENSION_LABELS: ['mass' 'IterationAxis']
					NDataDims: 1
		NIterations: Dataset (dtype=int64, shape=(50,), maxshape=(50,))
			Attributes:
				DIMENSION_LABELS: ['mass']
				NDataDims: 0
		OptimizerOptions:
			Attributes:
				bounds: None
				callback: None
				constraints: []
				method: slsqp
				tol: None
				x0Seed: 23963013
			options:
				Attributes:
					disp: 0
					maxiter: 20000
		PresetPassManagerOptions:
			Attributes:
		SimulatorOptions:
			Attributes:
		StartIterations: Dataset (dtype=int64, shape=(50, 45), maxshape=(50, None))
			Attributes:
				DIMENSION_LABELS: ['mass' 'AnsatzOperatorAxis']
				NDataDims: 1
		VersionInfo:
			Attributes:
				QiskitAerVersion: 0.17.1
				QiskitIBMRuntimeVersion: 0.41.1
				QiskitVersion: 2.1.2
		mass: Dataset (dtype=float64, shape=(50,), maxshape=(50,))
			Attributes:
-----Ending pprint-----
End 2025-11-20 16:08:35 | 23963013 MyPyJob | lmnode212 | /home/s6nidich_hpc/PycharmProjects/QC-MasterThesis 

