Start 2025-09-06 15:50:11 | 23147802 MyPyJob | node078 | /home/s6nidich_hpc/PycharmProjects/QC-MasterThesis 

Used python interpreter:
/home/s6nidich_hpc/PycharmProjects/QC-MasterThesis/.venv_intel_3_12_3/bin/python
Python version:
Python 3.12.3

Currently Loaded Modules:
  1) GCCcore/13.3.0                   7) Tcl/8.6.14-GCCcore-13.3.0
  2) zlib/1.3.1-GCCcore-13.3.0        8) SQLite/3.45.3-GCCcore-13.3.0
  3) binutils/2.42-GCCcore-13.3.0     9) XZ/5.4.5-GCCcore-13.3.0
  4) bzip2/1.0.8-GCCcore-13.3.0      10) libffi/3.4.5-GCCcore-13.3.0
  5) ncurses/6.5-GCCcore-13.3.0      11) OpenSSL/3
  6) libreadline/8.2-GCCcore-13.3.0  12) Python/3.12.3-GCCcore-13.3.0

 

Start of Program:

-----Beginning pprint-----
/:
	Attributes:
-----Ending pprint-----
Calculating energies for FreeWilson2D(N_x=2, N_y=2, mass=-6.000, r=1.000)
Return from COBYLA because the objective function has been evaluated MAXFUN times.
Number of function values = 20000   Least value of F = -15.999885172743323
The corresponding X is:
[6.32065559 1.71974632 2.84107487 3.57362744 3.1424008  4.84172253
 3.14113576 0.9722068  4.13148557 3.25083183 1.34766986 7.72101721
 0.05284088 0.64181273 3.92879972 3.10423091 7.70915002 1.57992448
 1.1722679  4.76596528 4.99655813 3.28714086 2.65949387 3.42740983
 1.59409416 6.77125227 6.01732547 4.69138695 1.22248905 4.89480957
 1.23220956 1.09433834 0.15691679 3.05781663 3.14289161 5.24707779
 4.37983267 3.66704277 3.67669913 4.94069806 4.61760393 3.61227689
 3.76506433 4.00012913 2.93548998 1.23106027 5.67585204 6.2827245
 6.07248791 4.38095491 3.97141749 4.91803136 6.7006018  6.10476437
 2.73129835 5.96701889 5.854024   0.62934462 0.675791   6.17688212]

Calculating energies for FreeWilson2D(N_x=2, N_y=2, mass=-5.920, r=1.000)
Return from COBYLA because the objective function has been evaluated MAXFUN times.
Number of function values = 20000   Least value of F = -15.679937149923385
The corresponding X is:
[6.28433343 1.67635534 3.03686904 3.72076321 3.14553496 4.91610044
 3.14112365 0.82086303 4.41874329 3.61256677 1.64468677 7.8029387
 0.66861163 0.33967673 3.53787921 3.14072492 7.81524916 1.56645529
 0.98430996 4.70948267 4.89209035 3.65977075 3.18646895 3.65376178
 1.79367546 6.90439446 5.65545345 4.60759289 1.27143737 5.24887131
 1.15096227 1.35807559 0.12081814 2.98515042 3.14400375 5.23356111
 3.98417802 3.65639783 3.70147266 4.58179074 4.70049468 3.53271736
 3.32156384 3.71539827 3.19945118 1.13883095 5.84395383 6.28167704
 5.78093534 4.60342343 4.39418506 4.97212592 6.26877085 6.53764542
 2.1252552  6.12502979 5.83323545 0.57597758 0.62686689 5.96041832]

Calculating energies for FreeWilson2D(N_x=2, N_y=2, mass=-5.840, r=1.000)
Return from COBYLA because the trust region radius reaches its lower bound.
Number of function values = 18347   Least value of F = -15.359991118459869
The corresponding X is:
[6.28323408 1.970276   3.1413824  3.99006261 3.14093113 4.71231338
 3.1414242  0.91616756 4.33573137 3.38455647 1.71190234 7.76302915
 0.63226449 0.49413671 3.64040218 3.14156769 7.85368397 1.57064022
 0.7177979  4.7124148  4.711948   3.66667361 3.11186046 3.70774541
 1.55334446 6.92772267 5.80289676 4.56635353 1.04944635 5.27909006
 1.09726344 1.05303666 0.45424631 2.97302041 3.14164833 5.21601473
 3.99367715 3.46477739 3.9772197  4.58364919 4.85034973 3.2967866
 3.1974391  3.78393986 3.28042712 1.16573871 5.53369185 6.28449407
 5.79870539 4.71208828 4.20904939 5.03781292 6.45536886 6.64709062
 2.15959808 5.98428104 5.79700808 0.72243528 0.72114975 5.9129535 ]

Calculating energies for FreeWilson2D(N_x=2, N_y=2, mass=-5.760, r=1.000)
Return from COBYLA because the objective function has been evaluated MAXFUN times.
Number of function values = 20000   Least value of F = -15.03998612697392
The corresponding X is:
[6.28350207 1.93273593 2.85194709 3.74130283 3.14020188 5.178992
 3.14117388 0.97374491 3.84143535 3.43389457 1.31559972 7.51284126
 0.27422755 0.44440294 3.79031395 3.1412692  7.60335195 1.60447407
 0.96079786 4.76541874 5.16516149 3.16137245 2.88451937 3.60135959
 1.67913855 6.83214436 5.58603953 4.68033573 0.99213573 4.70001027
 0.85131771 1.02173683 0.36397286 2.89806931 3.14133869 5.23543189
 4.32791976 3.50117119 3.5006189  4.82932222 4.50896639 3.57314376
 3.422448   3.45226854 3.00631101 0.85143434 5.56886299 6.28475069
 5.72660009 4.38425437 4.26049984 5.13941543 7.42904054 6.26163646
 2.40801318 5.97380355 6.02616646 0.78038972 0.72647616 5.84730413]

Calculating energies for FreeWilson2D(N_x=2, N_y=2, mass=-5.680, r=1.000)
Return from COBYLA because the trust region radius reaches its lower bound.
Number of function values = 14579   Least value of F = -14.719993277198851
The corresponding X is:
[6.28316289 1.76892192 3.14164327 4.03863472 3.15179252 4.71226308
 3.14251139 1.18500056 4.13939638 3.72644853 1.89613457 7.59457533
 0.98127881 0.45648982 3.6085877  3.14157467 7.85386052 1.57334459
 0.67314992 4.71242895 4.72518104 3.7381227  2.58520103 3.52756613
 2.12079104 7.0238615  5.94775097 5.22036817 1.14383837 4.6811618
 1.08714911 0.90283484 0.23914304 2.83775099 3.14165098 4.36361814
 3.89846646 3.05541388 4.10078909 5.22109011 4.41968394 3.72334157
 2.88903495 3.98815739 3.25858353 1.08411534 5.32403514 6.27764312
 5.7952379  4.71224915 3.79805654 5.27089162 6.65488862 5.38716189
 2.17169188 6.47051261 5.31224954 0.2078185  0.54686551 5.91358815]

Calculating energies for FreeWilson2D(N_x=2, N_y=2, mass=-5.600, r=1.000)
Return from COBYLA because the trust region radius reaches its lower bound.
Number of function values = 10975   Least value of F = -14.39999869475837
The corresponding X is:
[6.28353935 1.904576   3.14184304 3.68920662 3.14443752 4.71281361
 3.1418898  0.47171624 3.89776621 2.97168306 0.65003872 6.93053357
 0.77546644 0.3431762  3.48550905 3.14120411 7.85370668 1.57201193
 1.02313089 4.71258029 4.71435368 3.96255236 2.98180013 3.39267289
 1.33001448 7.08552436 5.64104788 4.82327933 1.16646544 4.71218948
 0.91828915 0.84589968 0.47110578 2.95362498 3.14169329 4.43269476
 3.78920046 3.47280609 3.45273818 5.6368526  3.79392349 4.04681924
 2.95198436 4.03426738 3.2404272  0.986202   5.72561773 6.27883747
 5.84626628 4.71205253 4.00842133 5.0370422  6.33393908 5.56813238
 2.74116831 6.67678803 4.93644846 0.32448406 0.92674403 6.33605003]

Calculating energies for FreeWilson2D(N_x=2, N_y=2, mass=-5.520, r=1.000)
Return from COBYLA because the objective function has been evaluated MAXFUN times.
Number of function values = 20000   Least value of F = -14.079906505416425
The corresponding X is:
[6.1938896  1.62225585 3.29571499 3.49039736 3.27467442 5.40625003
 3.14195846 0.79303819 3.94832013 3.01513325 0.77940562 7.09117689
 0.92347107 0.19992587 3.37969551 3.23608791 7.73993938 1.68050031
 1.2390979  4.77776152 5.07430812 3.91854676 2.81727199 3.74703091
 1.55921827 7.27577912 5.9316624  5.00611578 1.04832892 4.51775979
 0.79966504 1.14062045 0.0618265  2.83982126 3.1784779  4.27860171
 3.69413249 3.21887227 3.46576648 5.72758382 3.88847943 3.88822672
 2.90155522 4.09391829 3.38368878 0.9800935  5.90275978 6.27053314
 5.85934041 4.56323137 4.35797451 5.2015448  6.39348009 5.51928402
 2.73900448 6.55851531 5.00167912 0.49672323 0.81411082 6.18107092]

Calculating energies for FreeWilson2D(N_x=2, N_y=2, mass=-5.440, r=1.000)
Return from COBYLA because the objective function has been evaluated MAXFUN times.
Number of function values = 20000   Least value of F = -13.759961628312741
The corresponding X is:
[6.28179777 1.68838332 3.14174064 3.72405373 3.41238832 4.72949862
 3.1459132  0.56957213 4.03430682 2.90748865 0.90816144 6.89149579
 0.58818099 0.37489296 3.50370743 3.14254566 7.85109163 1.61833899
 0.98240794 4.71430108 5.17422058 4.10211258 3.02532217 3.64309295
 1.54828292 6.78126817 5.63559655 4.93346576 1.20744729 4.59276465
 0.98445807 0.68905236 0.22270412 3.11836587 3.14158355 4.47020888
 3.73566151 3.29505328 3.67101536 5.60005176 3.91113448 3.79692862
 2.65746843 4.24285858 3.26431177 1.07429122 5.38904823 6.09596772
 6.20366582 4.7093517  4.21518813 4.99213314 6.39020263 5.54845304
 3.01495348 6.33345639 5.55487311 0.29525531 0.38912038 5.93884383]

Calculating energies for FreeWilson2D(N_x=2, N_y=2, mass=-5.360, r=1.000)
Return from COBYLA because the objective function has been evaluated MAXFUN times.
Number of function values = 20000   Least value of F = -13.439930297525889
The corresponding X is:
[6.26740888 1.87838949 3.51465488 3.65496783 3.24718267 5.33380198
 3.14206729 0.74365021 3.93545172 3.07476811 0.33653895 6.94987981
 0.93824701 0.39012632 3.56124706 3.15755319 7.54980444 1.89474813
 1.05604057 4.89314468 5.09178208 3.69541563 3.17294122 3.58313748
 1.38839437 6.97757293 5.79351083 5.06710298 1.20136882 4.54944143
 0.8460671  1.12087866 0.31796982 3.05234229 3.20716027 4.32608118
 3.77936545 3.2945307  3.53475297 5.59255152 3.93638849 3.91045324
 3.11668431 3.84660511 3.27708804 0.92714074 6.2532557  6.22461196
 6.13272228 4.37476653 3.35259933 5.24900076 6.94618688 5.5799533
 2.80870078 6.42472682 5.36802925 0.18493443 0.03134269 5.73676156]

Calculating energies for FreeWilson2D(N_x=2, N_y=2, mass=-5.280, r=1.000)
Return from COBYLA because the objective function has been evaluated MAXFUN times.
Number of function values = 20000   Least value of F = -13.119912379991447
The corresponding X is:
[6.28303164 1.6937335  3.18784744 3.65436533 3.24254343 4.88906931
 3.14445212 0.51180043 4.20989566 3.13341453 0.564409   6.82934521
 0.68861423 0.35237353 3.55392385 3.14193171 7.81038019 1.6029236
 1.04737966 4.75246036 4.89893583 3.86568853 2.64323581 3.46434237
 1.34561044 6.98089686 5.58055441 5.04243894 1.22965038 4.45608269
 0.75606821 0.83512486 0.17992123 2.95064875 3.14630664 4.04848858
 3.62663762 3.24380499 3.31119065 5.6651415  3.75489515 3.52961142
 3.09763065 3.96073699 3.3516596  0.7924964  5.88499061 6.23823425
 5.95808372 4.6488894  3.69625746 5.21539346 6.85723365 5.43508745
 2.42627713 6.62544033 5.58298748 0.20417426 0.66296731 5.43270019]

Calculating energies for FreeWilson2D(N_x=2, N_y=2, mass=-5.200, r=1.000)
Return from COBYLA because the objective function has been evaluated MAXFUN times.
Number of function values = 20000   Least value of F = -12.79998826555191
The corresponding X is:
[6.2831293  2.08534665 3.14158756 3.79272907 3.15283613 4.71267632
 3.14265295 1.10908115 3.72567737 2.90486611 0.73076206 7.15181791
 0.76883161 0.0884705  3.2244671  3.14156151 7.85385729 1.57130692
 0.92172909 4.71250982 4.72695508 3.74388365 2.92573439 3.44606083
 2.18140958 6.13781754 6.0228907  4.9178141  0.90325988 4.74478357
 0.64512754 0.67902264 0.60191421 3.04434791 3.14149411 4.62823432
 3.86973524 3.53278711 3.30218062 5.77104804 3.72618047 3.65028359
 3.21257591 4.07027264 3.58608941 1.1128704  5.63403124 6.26536194
 6.11586721 4.71227416 4.70286621 5.24734202 6.57163135 5.6332004
 2.08796941 6.33857729 5.58866774 0.07313989 0.23116506 5.93845845]

Calculating energies for FreeWilson2D(N_x=2, N_y=2, mass=-5.120, r=1.000)
Return from COBYLA because the objective function has been evaluated MAXFUN times.
Number of function values = 20000   Least value of F = -12.479892553818024
The corresponding X is:
[ 6.28269395  1.88276602  3.14184181  3.70867322  3.20008487  4.71229668
  3.15166764  0.5695151   3.8145559   2.98884874  1.62011471  6.54671493
  0.65467643  0.09121392  3.24641255  3.14141194  7.85386685  1.65586954
  0.99765169  4.71221102  4.97821173  3.96384078  2.93997218  3.42565507
  1.35313376  6.61999505  5.65974839  5.249894    1.20458935  4.69579599
  0.73733341  0.52125274  0.47620191  2.85442461  3.14197992  4.28762054
  3.57059111  3.44845758  3.61579474  5.50125222  3.90048059  3.65396188
  2.88071784  3.9900822   3.48319807  0.80983658  5.80418866  6.20629595
  5.8917268   4.71224562  3.50671533  5.28957528  6.4861833   5.5545425
  2.40908272  6.19663068  6.12043    -0.05236217  0.03574744  5.29352001]

Calculating energies for FreeWilson2D(N_x=2, N_y=2, mass=-5.040, r=1.000)
Return from COBYLA because the objective function has been evaluated MAXFUN times.
Number of function values = 20000   Least value of F = -12.159990239292576
The corresponding X is:
[ 6.28341525  1.81512197  3.1416858   3.78339386  3.30385842  4.71253795
  3.14328391  0.52994784  3.91799148  2.86878842  1.51742638  6.71624544
  0.66649337  0.09731061  3.24382002  3.14125987  7.85391019  1.66880033
  0.9274705   4.71238359  5.110503    3.96150404  3.05155692  3.46703038
  1.46413373  6.80087307  5.66375563  5.04407218  1.28464036  4.57916875
  0.85688547  0.56066921  0.39647666  3.12773126  3.14175457  4.39124899
  3.67865757  3.4239778   3.72775601  5.80586388  3.86540555  3.69577275
  3.00823419  3.99273141  3.18875345  0.79854479  5.65436398  6.07860019
  6.25347453  4.71237714  3.74175534  5.10528168  6.60661     5.51873817
  2.28470161  6.22739297  6.00217488  0.15186899 -0.0134779   5.56759522]

Calculating energies for FreeWilson2D(N_x=2, N_y=2, mass=-4.960, r=1.000)
Return from COBYLA because the trust region radius reaches its lower bound.
Number of function values = 16713   Least value of F = -11.839995410556297
The corresponding X is:
[6.28328039 1.57892432 3.14164219 3.69617399 3.5446265  4.71160244
 3.14237703 0.86148624 3.82009258 2.47568667 1.49147322 6.4720249
 0.88132975 0.01910261 3.16991591 3.1413713  7.85387138 1.5736386
 1.06273366 4.71239905 5.18970683 3.87368313 3.00070019 3.31508863
 1.52305756 6.86825325 6.00073113 5.25448568 1.36576654 4.60423719
 0.99017752 0.90001219 0.01159214 2.87280955 3.14165041 4.47702438
 3.68837897 3.51545607 3.58350279 5.55424663 3.7666179  3.51668399
 2.89545543 3.91828434 3.35105916 0.95867229 6.06160852 6.27378167
 5.94734681 4.71231059 3.83726703 5.19344271 6.47670243 5.87430481
 2.56072733 6.38175472 5.29672088 0.16625305 0.42102907 5.49252294]

Calculating energies for FreeWilson2D(N_x=2, N_y=2, mass=-4.880, r=1.000)
Return from COBYLA because the trust region radius reaches its lower bound.
Number of function values = 15342   Least value of F = -11.519996654293218
The corresponding X is:
[6.28315314 2.02507678 3.14162849 3.41221197 3.7734196  4.71240637
 3.14186448 0.61936852 4.13561263 3.15402927 0.60544846 7.53353175
 1.00849922 0.56893832 3.70672964 3.14153314 7.85396868 1.70408577
 1.30021077 4.71244328 4.92664987 4.2997744  3.03866429 3.83980543
 1.3906387  6.75991876 5.95870502 4.95721495 1.27864794 3.59220275
 0.56066333 1.14880498 0.65861595 2.97168415 3.14164405 4.9701782
 3.15300627 3.1513607  3.12176879 5.80439689 4.05341027 3.93580294
 3.31950195 3.78857185 3.78788272 1.21472414 5.78659155 5.74271055
 6.11177372 4.71234834 4.61887282 5.32034701 6.77299383 5.53670079
 2.80992763 5.46030488 6.35781157 0.29624453 0.38183362 5.9721427 ]

Calculating energies for FreeWilson2D(N_x=2, N_y=2, mass=-4.800, r=1.000)
Return from COBYLA because the objective function has been evaluated MAXFUN times.
Number of function values = 20000   Least value of F = -11.199948839925153
The corresponding X is:
[6.2790791  2.03687165 3.18655448 3.63678442 3.64759412 4.96969168
 3.14167511 0.43776668 3.92854589 3.40918729 0.37351811 7.55761153
 1.00180598 0.44653888 3.58709824 3.1447519  7.71986176 1.85616764
 1.07534306 4.81115066 5.09260226 4.20746836 2.95338786 3.96020076
 1.55686513 6.65967141 5.75978112 5.14975796 1.19706581 3.67379112
 0.69348595 0.82842286 0.67996862 3.07661282 3.17380949 4.98538284
 3.18499518 3.08877603 3.34798064 6.0532568  3.88504993 3.96317235
 3.07665753 3.81402767 3.77949027 1.13756156 6.16789486 5.7945459
 6.21603351 4.6621934  4.91642463 5.39231305 6.94428997 5.48508144
 2.75151051 5.87702203 6.28232104 0.3835721  0.50452408 5.62415645]

Calculating energies for FreeWilson2D(N_x=2, N_y=2, mass=-4.720, r=1.000)
Return from COBYLA because the objective function has been evaluated MAXFUN times.
Number of function values = 20000   Least value of F = -10.879949951758425
The corresponding X is:
[6.19988064 2.05687194 3.12524409 3.69239725 3.31960709 4.77154916
 3.14153154 0.54485265 3.94082613 3.1589517  0.86402187 6.76865453
 0.53349988 0.22585882 3.36750817 3.22271045 7.80786126 2.06185749
 1.01974979 4.74788176 5.41188883 3.31943404 2.63504    3.56504604
 1.41378555 6.83396524 5.61720161 5.40601945 1.65521902 4.82393452
 1.16576415 0.51829649 0.62143251 3.14191189 3.12495766 5.01164106
 4.28543367 3.64744671 3.31629777 5.83152203 4.38453495 4.15483127
 3.4067496  3.66821439 3.14344203 1.4416213  5.61999773 5.76845823
 6.28379842 4.66211103 4.01544294 5.07283634 6.69754455 5.50609901
 2.76853076 6.42339391 5.63934821 0.32186586 0.36781757 5.73371531]

Calculating energies for FreeWilson2D(N_x=2, N_y=2, mass=-4.640, r=1.000)
Return from COBYLA because the trust region radius reaches its lower bound.
Number of function values = 5677   Least value of F = -10.559999288977185
The corresponding X is:
[6.28328518 2.51230892 3.14159211 3.79437258 3.26435295 4.71245187
 3.14196585 1.17805101 4.54301502 3.33166301 0.86292256 7.12403924
 0.62247769 0.22338905 3.36424348 3.14146653 7.85393661 1.70089458
 0.91804375 4.71236333 4.91206666 3.75479139 2.31606006 3.2953009
 1.70671655 6.48671441 5.81139556 5.10687465 1.01556243 4.5768715
 1.56698456 0.73564432 0.92225034 3.14066276 3.14158246 5.33406194
 4.30555836 3.07821838 3.05242136 6.32537285 4.03808464 3.87158686
 3.21078908 4.24928114 3.49739251 1.23753179 5.83182351 5.77458884
 6.28018399 4.71238673 3.99535676 5.09437186 6.76280593 5.84093791
 2.72852637 5.73206582 6.41428048 0.67704029 0.54790828 5.64618617]

Calculating energies for FreeWilson2D(N_x=2, N_y=2, mass=-4.560, r=1.000)
Return from COBYLA because the objective function has been evaluated MAXFUN times.
Number of function values = 20000   Least value of F = -10.239991745969746
The corresponding X is:
[6.28323886 2.10816461 3.14264588 3.50188655 3.1500034  4.74178847
 3.14144207 0.60885406 4.16359294 3.63516079 0.6004304  6.78963169
 1.00482422 0.26484981 3.40810377 3.14128518 7.83510321 1.71814233
 1.21017872 4.7123265  4.95475329 3.71681057 2.35247988 3.44653239
 1.76644236 6.5744568  5.30017768 5.28812584 1.24138656 4.51683272
 1.30863552 1.26851341 0.63550091 3.05064118 3.14115539 4.87347061
 4.15521668 3.34327858 3.30833684 6.38371899 3.91135944 4.03313342
 3.30942745 4.46089452 3.51358016 1.19279766 5.51257277 6.27143213
 6.07501019 4.71032169 3.97075685 5.11321818 7.05525402 5.95299378
 2.60665285 5.53222264 6.23344539 0.8911404  1.06181346 5.29395554]

Calculating energies for FreeWilson2D(N_x=2, N_y=2, mass=-4.480, r=1.000)
Return from COBYLA because the trust region radius reaches its lower bound.
Number of function values = 5455   Least value of F = -9.919999826446594
The corresponding X is:
[6.03472681 2.46263763 3.14152989 3.60782021 3.14161799 4.71237595
 3.14158545 0.53869389 3.68029487 3.21928797 0.92276922 6.79746597
 0.32893787 0.32409129 3.46586893 3.39005345 7.85406049 1.57176437
 1.10455201 4.71237041 4.71313272 3.7477961  3.00208352 4.35175675
 1.05448297 6.83556661 5.53840874 5.10184498 0.51103233 3.70936582
 1.27114657 1.18980664 0.9851419  2.86766837 3.14164328 4.87343807
 4.32579972 3.28955171 2.91282202 5.98227368 4.62245785 3.69259617
 3.17135472 4.16112512 3.32755398 0.99327014 5.6142682  6.28302037
 5.76632602 4.71237537 4.05682158 5.24895734 5.14599589 5.90687334
 3.86937682 6.89679205 5.47025708 1.87402604 0.75297914 4.81804239]

Calculating energies for FreeWilson2D(N_x=2, N_y=2, mass=-4.400, r=1.000)
Return from COBYLA because the objective function has been evaluated MAXFUN times.
Number of function values = 20000   Least value of F = -9.59993351636052
The corresponding X is:
[6.28295695 2.20664059 3.24172789 3.74136953 3.14270275 5.25274112
 3.14155114 0.43189014 4.41656335 3.32315755 0.39273591 6.99593647
 1.05051739 0.32980538 3.4863197  3.14176604 7.44482438 1.67479436
 0.97174991 4.71128195 4.77894253 3.25140431 2.58269477 4.1025161
 1.18797847 6.90097928 5.5496624  5.04660275 0.64748975 4.68681435
 1.39624945 1.58909184 0.53884949 3.06579156 3.14095396 4.71417501
 4.60247128 3.16721644 3.07440251 5.95317505 3.86621778 3.96346914
 3.21529828 4.06099912 3.17111848 1.3913993  5.60965887 6.27990752
 5.75413173 4.60497904 3.97635755 4.85036603 5.41883499 6.11336032
 3.86367111 6.2481893  4.88887886 1.40759881 0.71812681 4.92969265]

Calculating energies for FreeWilson2D(N_x=2, N_y=2, mass=-4.320, r=1.000)
Return from COBYLA because the objective function has been evaluated MAXFUN times.
Number of function values = 20000   Least value of F = -9.279979307017312
The corresponding X is:
[6.28331309 1.99567082 3.16841558 4.13799849 3.14097431 5.45516754
 3.14223754 0.28594719 4.076491   3.21624763 0.58730462 6.43090864
 0.71584727 0.22820637 3.77631413 3.1425106  7.47643142 2.00553924
 1.02708325 4.74831649 5.60899269 3.14111601 2.97950449 3.978043
 0.77426293 6.77092696 5.44322518 5.41806186 0.94074835 4.40072324
 1.40378103 1.42353251 0.51663111 2.51893099 3.13791261 4.9556793
 4.4605085  3.44814849 3.33781803 6.09462629 4.09503319 3.19151109
 4.02592484 4.02555152 3.6321262  1.38918863 5.75128182 6.28349861
 5.7631698  4.53868234 4.30107527 5.00050176 5.16957644 5.69028617
 4.43618513 6.40723358 5.12935853 1.61712614 0.81019488 4.75312948]

Calculating energies for FreeWilson2D(N_x=2, N_y=2, mass=-4.240, r=1.000)
Return from COBYLA because the objective function has been evaluated MAXFUN times.
Number of function values = 20000   Least value of F = -8.959993794134544
The corresponding X is:
[6.28323931 2.42115401 3.14698452 3.77330109 3.14175069 5.13524908
 3.1411613  0.33424843 4.16230106 3.17988544 0.0674987  6.3342522
 0.98019033 0.25157885 3.39650948 3.14158251 7.41583561 1.98908801
 0.93913215 4.71373631 5.11695089 3.45673182 2.63286389 4.44200162
 1.07604112 6.94314174 5.11185549 5.10305621 0.9992374  4.30418583
 1.32120666 1.49775465 0.86641858 2.96957181 3.14196989 4.89983422
 4.41761293 3.25141584 3.23381624 5.89104887 3.98077948 3.41485369
 3.53675677 4.3561232  3.57739502 1.32363613 5.62896656 6.28312039
 5.66072394 4.70347477 4.05484245 5.00294858 5.28379898 6.03334315
 3.67926254 6.5115038  5.30247358 1.4114106  0.41504664 4.90007716]

Calculating energies for FreeWilson2D(N_x=2, N_y=2, mass=-4.160, r=1.000)
Return from COBYLA because the trust region radius reaches its lower bound.
Number of function values = 6954   Least value of F = -8.639998823426533
The corresponding X is:
[6.28318062e+00 1.57098509e+00 3.14152265e+00 4.71234092e+00
 3.38233624e+00 4.21573576e+00 3.74200678e+00 1.03723889e+00
 3.07552216e+00 2.65651956e+00 6.75618909e-01 6.85803752e+00
 8.78525402e-01 1.64424683e-01 3.62049142e+00 3.14163398e+00
 7.85406651e+00 1.57092719e+00 8.80200057e-01 4.71242683e+00
 5.40874278e+00 4.04286668e+00 3.48344529e+00 3.00234637e+00
 1.45057931e+00 6.66517485e+00 5.78306238e+00 4.35817851e+00
 1.22083542e+00 4.35760091e+00 1.20570754e+00 1.42775711e+00
 3.14450638e-04 2.04487890e+00 3.14162191e+00 4.46123520e+00
 4.18547991e+00 3.24538430e+00 3.92921577e+00 5.79165266e+00
 3.89956913e+00 4.06657214e+00 3.77800029e+00 3.75233189e+00
 2.14984847e+00 1.22338444e+00 5.60375263e+00 6.16243346e+00
 5.87116365e+00 4.71247041e+00 4.28526947e+00 4.71672609e+00
 5.49607531e+00 5.62513810e+00 1.96764956e+00 6.37719639e+00
 5.20704325e+00 1.81208802e-01 1.27410812e+00 5.76528229e+00]

Calculating energies for FreeWilson2D(N_x=2, N_y=2, mass=-4.080, r=1.000)
Return from COBYLA because the trust region radius reaches its lower bound.
Number of function values = 4376   Least value of F = -8.319999550564015
The corresponding X is:
[6.28318872e+00 1.57084724e+00 3.14154562e+00 4.71236246e+00
 3.36948206e+00 4.32154702e+00 3.88939323e+00 8.67264634e-01
 2.99907219e+00 2.59736496e+00 4.90006784e-01 6.92856142e+00
 9.89147150e-01 3.11554462e-01 3.78592767e+00 3.14160312e+00
 7.85407710e+00 1.57084875e+00 7.42367792e-01 4.71238477e+00
 5.13486777e+00 4.14183972e+00 3.30382399e+00 3.05473497e+00
 1.30979765e+00 6.45157300e+00 5.83535279e+00 4.40926459e+00
 1.27535876e+00 4.34941826e+00 1.09097836e+00 1.49559443e+00
 1.53559382e-04 2.11380417e+00 3.14161853e+00 4.43762240e+00
 3.97101975e+00 2.88309348e+00 3.63606608e+00 5.67920181e+00
 3.70735518e+00 3.74212734e+00 3.69702687e+00 3.97494914e+00
 1.77699649e+00 1.08796016e+00 5.55501134e+00 6.27917290e+00
 5.96345587e+00 4.71249736e+00 4.27996567e+00 4.79150774e+00
 5.39777418e+00 5.71718567e+00 2.16618009e+00 6.58031417e+00
 5.35900221e+00 1.81970452e-01 1.13612804e+00 5.65178469e+00]

Calculating energies for FreeWilson2D(N_x=2, N_y=2, mass=-4.000, r=1.000)
Return from COBYLA because the trust region radius reaches its lower bound.
Number of function values = 8967   Least value of F = -7.999998587027793
The corresponding X is:
[6.28319314e+00 1.57101487e+00 3.14134936e+00 4.71209205e+00
 3.31231489e+00 4.28688761e+00 3.62934125e+00 1.05053838e+00
 3.10734043e+00 2.64826957e+00 4.98700459e-01 7.13054936e+00
 1.26113694e+00 2.26002730e-01 3.52472427e+00 3.14160020e+00
 7.85431890e+00 1.57092600e+00 7.45157413e-01 4.71238911e+00
 5.31396980e+00 4.32211386e+00 3.44080974e+00 3.01686129e+00
 1.26712795e+00 6.41901413e+00 5.93294766e+00 4.45432744e+00
 1.31505349e+00 4.44859742e+00 1.02616827e+00 1.51439355e+00
 6.38009319e-04 1.96330506e+00 3.14152505e+00 4.28072218e+00
 3.95829305e+00 3.02981623e+00 3.68451424e+00 5.63045714e+00
 3.59119859e+00 4.02607249e+00 3.81306351e+00 4.17095702e+00
 1.87024170e+00 1.07931154e+00 5.60150308e+00 6.20002401e+00
 5.95941144e+00 4.71277422e+00 4.18580256e+00 4.71979793e+00
 5.40362404e+00 5.69653388e+00 2.05464903e+00 6.62818524e+00
 5.32344976e+00 1.40288758e-01 1.61029060e+00 5.80528002e+00]

Calculating energies for FreeWilson2D(N_x=2, N_y=2, mass=-3.920, r=1.000)
Return from COBYLA because the trust region radius reaches its lower bound.
Number of function values = 9177   Least value of F = -7.839999198277056
The corresponding X is:
[6.28296552 2.34635559 2.19819393 3.89064456 3.14316297 4.96032573
 3.51955108 0.65143687 4.33788278 3.11702211 0.73237074 6.90492905
 1.59037359 0.21063458 3.77366388 3.14158409 7.14607768 2.34396922
 0.93164677 4.71343915 5.21577019 4.42338162 3.00373213 2.92732091
 0.94669241 6.48375314 5.77984806 4.67169699 1.17474973 3.41342104
 0.92674792 0.92967743 0.66263913 3.73746062 3.14238747 4.95181745
 3.48464313 3.84780501 2.48804497 6.91594848 3.7823848  3.59481417
 4.25279779 3.83874825 2.06368092 2.04386291 5.67874372 6.28049027
 5.73333552 4.71143024 4.11626043 4.97856011 5.06825252 4.52606331
 3.84854154 5.81604705 5.2885246  0.18028167 1.40429562 4.60762472]

Calculating energies for FreeWilson2D(N_x=2, N_y=2, mass=-3.840, r=1.000)
Return from COBYLA because the trust region radius reaches its lower bound.
Number of function values = 8585   Least value of F = -7.679999375630397
The corresponding X is:
[ 6.2833636   2.08876146  2.69814948  4.03772793  3.14462086  4.22012183
  2.61742458  0.5522967   3.89212745  3.62241747  0.37417693  6.90598148
  0.52034006 -0.04793688  3.49477284  3.14136463  7.34797787  2.43126273
  1.12702304  4.71227493  4.74912769  4.01774036  3.32677387  2.96979172
  1.13915089  6.3744178   6.05473424  5.81402432  1.29092471  4.19026327
  1.2829565   1.05059364  2.03411857  1.81324483  3.14162431  4.9471047
  4.04954849  2.8150161   2.4967746   5.78175348  5.02114662  3.80601755
  3.67111959  2.10753371  2.59518954  0.50921899  5.12627395  6.28204113
  5.54402814  4.71240769  4.20590292  5.33583911  5.39827173  4.62457198
  2.42782306  5.56312013  5.22061154  0.55401244  0.03339854  4.86718518]

Calculating energies for FreeWilson2D(N_x=2, N_y=2, mass=-3.760, r=1.000)
Return from COBYLA because the trust region radius reaches its lower bound.
Number of function values = 17028   Least value of F = -7.519997542862018
The corresponding X is:
[6.06194074 2.37546215 2.68238269 4.18178745 3.14756088 4.05000903
 2.9373767  0.79916416 3.94157591 3.50565389 0.42886092 6.99213884
 0.60732821 0.26383406 3.2169104  3.3635639  7.56377598 2.20515154
 1.27534052 4.71130067 4.98978479 4.09353895 3.35246745 2.90335232
 1.17006056 6.24344722 6.2990612  5.95348249 1.00189688 3.84015883
 1.66500616 1.05052387 2.16028861 1.80065861 3.13999817 5.32414228
 4.09696141 2.56258444 2.61840342 5.97526622 4.80463908 3.53901033
 3.1427608  2.07674347 2.81909522 0.88018381 5.55898747 6.27560967
 5.83501173 4.71055472 4.4858567  5.25452703 5.36015174 4.25573164
 2.23074177 5.40032852 5.72334893 0.35872831 0.07685997 4.75418688]

Calculating energies for FreeWilson2D(N_x=2, N_y=2, mass=-3.680, r=1.000)
Return from COBYLA because the trust region radius reaches its lower bound.
Number of function values = 15927   Least value of F = -7.35999744676452
The corresponding X is:
[ 5.9961247   1.78476509  2.76265147  3.84486768  3.15407618  4.53869377
  2.87698739  0.85129484  3.99723869  3.41164659  0.63140876  6.68967069
  0.70475937  0.1502518   3.56019549  3.42894703  7.1635612   2.40290301
  1.11605035  4.71202729  4.91107933  3.97468659  3.4413142   3.46713731
  1.55359253  6.62604433  6.12885392  5.91869696  1.1476414   3.83101831
  1.4788756   0.88395384  1.93829633  2.158999    3.1396598   4.82051043
  4.0528586   2.48956788  1.95851425  5.90744568  5.10235752  3.68753001
  3.47852286  2.25150885  2.48612548  0.7104433   5.46208229  6.28414744
  5.28103355  4.71266071  3.89007869  5.47676435  5.30032333  4.65764477
  2.25170869  5.57302461  5.43663144  0.60870091 -0.05316684  4.56309238]

Calculating energies for FreeWilson2D(N_x=2, N_y=2, mass=-3.600, r=1.000)
Return from COBYLA because the trust region radius reaches its lower bound.
Number of function values = 17339   Least value of F = -7.199997267832906
The corresponding X is:
[ 6.28268713  2.35711841  2.29255597  3.99656712  3.14751492  4.72862215
  3.83257237  0.39040502  4.60298946  3.34252364  0.67668215  7.13082829
  1.69164487  0.12308099  5.22031428  3.14168616  6.55698754  1.82426627
  2.27301143  4.71329731  6.04821019  4.70032627  3.12790335  2.83441711
  1.15453713  6.61528322  5.51916457  5.90398373  1.20565086  4.87808486
  1.75670076 -0.75191624  2.39343954  2.13754552  3.13465033  5.17626344
  3.79716376  2.53875063  2.9406714   5.90842988  5.30467961  4.37100415
  3.17992123  2.91203913  3.27823483  0.95769132  6.4804801   6.28434199
  7.51564429  4.70276     4.14944044  4.94142336  5.74085615  5.98749044
  2.7419043   6.68695087  5.18558355  1.35580914 -0.07581107  4.61380261]

Calculating energies for FreeWilson2D(N_x=2, N_y=2, mass=-3.520, r=1.000)
Return from COBYLA because the trust region radius reaches its lower bound.
Number of function values = 8108   Least value of F = -7.039994358685922
The corresponding X is:
[ 6.28318083  2.81807106  2.38387197  3.86574608  3.1418801   4.31931918
  3.92178723  0.46317337  5.07296363  3.15503347 -0.15425856  7.44555205
  1.37492988 -0.18283338  5.05215932  3.14132287  7.24577962  2.34492655
  1.89715185  4.7134935   5.05788099  4.57443968  2.6833223   2.69980352
  0.64438137  6.57729061  5.59370686  6.09779249  1.0322034   5.22967855
  2.39667767 -1.09818663  2.05428359  2.40274531  3.14165122  5.72013791
  4.18789669  3.49734993  3.06220746  6.5876174   5.46317687  3.72820653
  3.5012272   1.94387377  1.57580792  1.61537559  6.54655773  6.25835217
  5.94828649  4.71236719  4.15215899  4.85334299  6.29838145  5.66618121
  2.72313453  5.8624044   5.78798356  0.01793157  0.31821854  6.7738592 ]

Calculating energies for FreeWilson2D(N_x=2, N_y=2, mass=-3.440, r=1.000)
Return from COBYLA because the trust region radius reaches its lower bound.
Number of function values = 3426   Least value of F = -6.879999172473422
The corresponding X is:
[ 6.28353604  2.2117664   2.62579915  3.25866115  3.13163006  4.84357937
  3.52153378  0.37574355  4.77378851  3.30657755  0.83976965  6.24637874
  1.41633715  0.65862823  5.39603706  3.14054942  6.80873554  1.60279468
  2.42627537  4.70997755  5.57852693  4.24906551  3.68971527  2.62282695
  0.8368503   6.52307525  5.50314634  6.05474493  1.0988964   4.29449603
  3.04714097 -0.01659876  1.78402622  1.79269215  3.15068525  5.53261549
  3.97080121  3.28532075  2.76784834  6.37040222  5.06096439  3.32518269
  3.37204572  2.84172942  2.63516213  2.2739404   5.58059211  5.81016658
  6.02742926  4.71221227  4.32680538  5.35009156  6.06474805  4.43135882
  2.83006711  6.82866936  6.26356769  0.68259582  0.42360014  6.15366989]

Calculating energies for FreeWilson2D(N_x=2, N_y=2, mass=-3.360, r=1.000)
Return from COBYLA because the trust region radius reaches its lower bound.
Number of function values = 12813   Least value of F = -6.719998588112239
The corresponding X is:
[ 6.02095264  2.50357509  2.42423214  4.12488647  3.52503763  4.39600365
  3.14470243  0.35319608  4.65919858  3.50509226  1.06645576  7.60789285
  1.99981296 -0.2212118   6.05625621  3.7239343   6.98097063  2.22973179
  2.55483999  4.93222884  4.78122701  4.38234084  3.7439256   2.95065429
  1.30179308  6.18493007  6.2861529   6.18266019  1.63649989  5.08435524
  2.1347965   0.08513328  0.68272857  2.11815435  2.56169598  5.24017024
  5.71165928  2.7386889   2.4707009   6.1133028   4.28551911  4.8916657
  3.30733378  3.78407465  1.71999949  1.35676175  5.76279339  6.28299891
  5.72364866  4.71225944  5.04129607  5.41947474  5.28621684  4.73761325
  2.22192509  5.66762036  6.44235804 -0.39179021  1.36549434  4.83655191]

Calculating energies for FreeWilson2D(N_x=2, N_y=2, mass=-3.280, r=1.000)
Return from COBYLA because the trust region radius reaches its lower bound.
Number of function values = 11424   Least value of F = -6.559998471966925
The corresponding X is:
[ 6.28562173e+00  1.85245459e+00  2.31025134e+00  4.08032774e+00
  3.13489848e+00  5.09402734e+00  3.13521280e+00  5.51842306e-01
  4.12349990e+00  3.06972921e+00  1.13129742e+00  7.29799621e+00
  1.75506271e+00  3.67995913e-02  5.27295142e+00  3.13867657e+00
  7.55020053e+00  2.05460620e+00  1.97128982e+00  4.71156414e+00
  6.05630403e+00  4.14029247e+00  2.71574341e+00  2.81807153e+00
  8.67615285e-01  6.59536898e+00  7.18020848e+00  4.42641323e+00
  3.67718109e-01  3.46276498e+00  9.41166817e-01 -6.11130204e-03
  9.52368975e-01  3.81882121e+00  3.14254378e+00  5.21204541e+00
  4.07000294e+00  4.79322771e+00  2.83828241e+00  7.09874057e+00
  5.76571836e+00  4.55787237e+00  3.04669193e+00  3.77421140e+00
  2.11350504e+00  1.21594444e+00  5.63031994e+00  5.90299606e+00
  5.07394461e+00  4.71310340e+00  5.27797751e+00  5.27493272e+00
  5.47557909e+00  5.34991762e+00  3.41503232e+00  5.77212780e+00
  6.65694765e+00  3.71219468e-01  4.28989551e-01  4.15879841e+00]

Calculating energies for FreeWilson2D(N_x=2, N_y=2, mass=-3.200, r=1.000)
Return from COBYLA because the trust region radius reaches its lower bound.
Number of function values = 5750   Least value of F = -6.39998892147657
The corresponding X is:
[ 6.32733402  2.16152584  2.5188347   3.91717269  3.19151236  4.8838095
  3.43564507  0.42913042  4.21968264  2.76696835  1.23748129  6.58456788
  1.8322893   0.0292009   4.96452341  3.1035408   7.11933832  1.8735412
  1.64088812  4.7301707   5.82303289  4.05835127  3.1899782   3.74683418
  1.52086579  7.20613701  7.71976971  4.54444366  0.39127758  3.6645848
  0.75116026  0.05898851  0.83004332  3.61818556  3.18140437  5.06384935
  3.7965783   3.73547445  2.24182776  7.04071706  5.17408162  4.52269125
  3.08432466  3.39120069  1.90311198  1.20186155  5.49978216  6.0039652
  5.18363579  4.71277722  4.99439936  5.6494418   4.96666893  5.44382206
  3.50261664  6.63911387  6.68567035  0.21296872 -0.04680556  4.41766099]

Calculating energies for FreeWilson2D(N_x=2, N_y=2, mass=-3.120, r=1.000)
Return from COBYLA because the trust region radius reaches its lower bound.
Number of function values = 19391   Least value of F = -6.2399896434361795
The corresponding X is:
[ 6.28422224  1.69626661  2.27869058  3.99577734  2.89288819  5.11921387
  3.21999744  0.3663339   3.53979953  3.65151991  1.68724384  7.05912536
  2.04645842 -0.16053928  5.19175451  3.14395939  7.66496168  2.17353584
  1.65489298  4.69982305  6.09774739  4.12799431  2.30115421  2.95492321
  2.04210041  6.79240317  6.8860014   4.54121803  0.31716979  3.75150276
  0.62591142 -0.28718782  1.04529798  3.71630963  3.15103621  4.9151865
  4.0389711   3.79405864  2.57767527  6.91679643  5.59075682  4.53718135
  3.04421255  3.64858078  2.22317381  1.19058038  5.66476922  6.17193199
  5.10247362  4.70784458  5.42239866  5.49716483  5.07949064  5.0608531
  3.98101215  5.25464985  6.4741473   0.4575188   0.01642233  4.33557588]

Calculating energies for FreeWilson2D(N_x=2, N_y=2, mass=-3.040, r=1.000)
Return from COBYLA because the trust region radius reaches its lower bound.
Number of function values = 13105   Least value of F = -6.07999468228727
The corresponding X is:
[ 6.26217734e+00  1.95050137e+00  2.31106996e+00  4.21181412e+00
  3.09505174e+00  5.06763095e+00  3.68216732e+00  7.23679523e-01
  3.83237659e+00  3.62769378e+00  1.52364041e+00  6.75792556e+00
  2.11142722e+00 -1.80796923e-01  5.39096731e+00  3.16351882e+00
  7.50160277e+00  2.19107372e+00  1.95647530e+00  4.70607763e+00
  5.90579031e+00  4.19812379e+00  2.60967633e+00  2.92475072e+00
  1.99229170e+00  6.78911531e+00  7.16566681e+00  4.54178740e+00
 -1.93261924e-03  3.64798844e+00  7.69921784e-01 -2.77288063e-01
  1.00189873e+00  2.99177024e+00  3.14340658e+00  5.03481600e+00
  4.10369586e+00  4.03950423e+00  2.48728627e+00  6.85243360e+00
  4.75819702e+00  4.47128072e+00  3.14675219e+00  3.31699642e+00
  1.90734900e+00  1.05264272e+00  5.62347457e+00  6.23482116e+00
  5.43865962e+00  4.71175881e+00  5.04615242e+00  5.93057533e+00
  5.98683443e+00  5.05411639e+00  4.45316868e+00  5.56668369e+00
  6.55594987e+00  4.79385974e-01  3.25976427e-01  4.90498865e+00]

Calculating energies for FreeWilson2D(N_x=2, N_y=2, mass=-2.960, r=1.000)
Return from COBYLA because the trust region radius reaches its lower bound.
Number of function values = 10629   Least value of F = -5.9199966738708865
The corresponding X is:
[ 6.27945932  2.07023561  2.38376353  3.85809223  2.92819434  4.82037988
  3.82835847  0.25569439  3.96341228  3.55463471  1.7715927   6.98737088
  2.202031   -0.0473977   5.52677376  3.14341628  7.5006791   1.82804128
  1.94213808  4.68037105  6.07263885  3.89122341  2.39679114  3.36766667
  1.13961109  6.58360348  7.88892556  4.68968003  0.23202693  3.31061507
  0.94757065 -0.16566996  0.98369472  3.21395884  3.13731616  4.8293306
  4.69065741  4.0485332   2.2840453   7.38817178  5.12700293  5.12509892
  2.90112694  2.85356252  1.68502789  1.04640011  5.56645905  6.04256788
  5.09654792  4.71418061  4.86484144  5.15346055  5.4411352   4.96371617
  3.49443072  6.27049588  6.76115977 -0.03838861  0.68874567  4.28544417]

Calculating energies for FreeWilson2D(N_x=2, N_y=2, mass=-2.880, r=1.000)
Return from COBYLA because the objective function has been evaluated MAXFUN times.
Number of function values = 20000   Least value of F = -5.7599840410851915
The corresponding X is:
[ 6.32347927  2.24920548  2.30756048  3.75006188  3.24803784  4.85603645
  3.78543061 -0.35299122  4.68181506  3.52133796  0.46577844  7.2585278
  3.29807657  0.0691266   5.17266863  3.11840517  7.23663513  2.20245739
  2.28138772  4.77613144  6.31095888  3.76417819  3.36220828  3.22407345
  1.01600309  6.56821387  6.67539686  4.82992678  0.0234051   4.24044628
  0.65798615  0.03846531  1.08707128  2.52591316  3.2262607   5.32051519
  4.68026979  3.4870062   2.47963498  7.31320281  4.35931093  3.60529647
  3.33103152  2.46867225  1.51062977  2.91183813  5.52070409  6.02621692
  5.89008212  4.71588712  4.79287967  4.82260599  5.75766637  5.23316889
  3.57017383  7.17051509  6.62116206  1.30453516 -0.09519664  5.06410263]

Calculating energies for FreeWilson2D(N_x=2, N_y=2, mass=-2.800, r=1.000)
Return from COBYLA because the objective function has been evaluated MAXFUN times.
Number of function values = 20000   Least value of F = -5.5998896495843695
The corresponding X is:
[ 5.13090137  2.39601238  3.11122141  3.33613294  4.38453942  4.43370309
  3.17357744  1.06547175  4.3034452   3.40227103  0.47213886  7.16518034
  1.98215366 -0.0853638   5.50317625  4.10171451  7.34102574  1.29254295
  1.68911919  4.82501395  5.76631491  3.83316238  3.43559448  2.83183532
  0.93312365  6.22527984  7.28683881  4.49625338  1.35855528  3.23462648
  1.13328084 -0.38020513  0.47602406  3.30527281  3.5502242   5.69214126
  4.07862022  2.32808299  2.68869747  7.61823317  4.0414002   4.04928586
  3.02829973  2.12995731  1.23784226  2.11455926  6.19773726  5.65401306
  5.56529193  4.49033268  4.68205242  4.72179356  5.41071691  5.09408582
  3.5150886   7.22797548  6.53421133  1.27510923 -0.48704613  4.56465796]

Calculating energies for FreeWilson2D(N_x=2, N_y=2, mass=-2.720, r=1.000)
Return from COBYLA because the objective function has been evaluated MAXFUN times.
Number of function values = 20000   Least value of F = -5.43999092587039
The corresponding X is:
[ 6.30080983e+00  2.14105577e+00  2.32738270e+00  4.21586063e+00
  3.19729831e+00  4.86864728e+00  4.08567741e+00  6.58683594e-01
  4.30307447e+00  3.60121787e+00  6.00664556e-01  7.36529709e+00
  2.23926473e+00  1.76058985e-01  5.01165513e+00  3.12540132e+00
  7.48899049e+00  2.03502222e+00  2.26125243e+00  4.72209250e+00
  6.62119136e+00  3.65129756e+00  3.30585305e+00  2.83368848e+00
  1.67721751e+00  6.56754459e+00  7.33790855e+00  4.79856047e+00
 -3.11921153e-01  4.32579371e+00  5.73662224e-01 -1.40898973e-03
  6.61601085e-01  2.44705060e+00  3.15712247e+00  4.93856145e+00
  4.11689569e+00  3.61865029e+00  2.52048466e+00  7.44258602e+00
  4.17832840e+00  3.48792485e+00  3.04242724e+00  2.01841653e+00
  1.57676055e+00  2.75150023e+00  5.50692519e+00  5.99591125e+00
  6.21513025e+00  4.71350324e+00  4.80807109e+00  5.60318633e+00
  5.32743214e+00  4.91340214e+00  3.13224574e+00  7.05118447e+00
  6.41316512e+00  1.04153793e+00  1.91980352e-01  4.70892305e+00]

Calculating energies for FreeWilson2D(N_x=2, N_y=2, mass=-2.640, r=1.000)
Return from COBYLA because the trust region radius reaches its lower bound.
Number of function values = 15851   Least value of F = -5.2799973888989316
The corresponding X is:
[ 6.33667873e+00  2.15071910e+00  3.79056721e+00  4.65994320e+00
  3.14595415e+00  4.67345184e+00  4.71985159e+00  7.40690490e-01
  4.46891191e+00  2.63886597e+00  1.88661784e+00  6.86016976e+00
  1.46375805e+00 -2.09164045e-01  4.97137320e+00  3.34419550e+00
  7.12702155e+00  1.62894578e+00  2.39454675e+00  4.71237563e+00
  4.97003159e+00  4.96156681e+00  1.90166519e+00  3.51391615e+00
  1.77818017e+00  6.43167264e+00  6.64486396e+00  5.49779030e+00
  1.52210502e+00  4.64135004e+00  1.55849768e+00  2.47324549e-03
  4.72143329e-01  2.36397101e+00  3.39004844e+00  4.52517713e+00
  4.60549051e+00  2.55228503e+00  2.27375904e+00  7.20099384e+00
  3.87615691e+00  3.40382391e+00  3.26553040e+00  3.46050529e+00
  3.16998241e+00  7.73761488e-01  5.30252153e+00  5.44237458e+00
  6.17075385e+00  4.71275763e+00  5.48466539e+00  4.90419803e+00
  5.67325872e+00  4.49567059e+00  2.53861990e+00  5.59248330e+00
  5.01378690e+00  6.72947952e-02  1.22433279e+00  4.31844280e+00]

Calculating energies for FreeWilson2D(N_x=2, N_y=2, mass=-2.560, r=1.000)
Return from COBYLA because the objective function has been evaluated MAXFUN times.
Number of function values = 20000   Least value of F = -5.119977188927008
The corresponding X is:
[6.14259294 2.11410647 2.50159211 4.15798933 3.13546343 4.62546003
 2.29649825 1.26415681 4.47093439 2.07798697 2.50881707 7.42611415
 2.48547384 0.72594735 5.28493303 3.28380364 7.09370318 1.53820389
 2.24231053 4.71333513 5.60374987 4.19376447 3.52804421 3.51717052
 1.97686049 5.38156704 6.9101244  6.84626705 0.8393895  5.16125361
 1.4683552  0.14752711 1.17033814 1.9470113  3.13291958 4.68073189
 4.08703094 2.77906441 2.38879727 6.57677567 4.23299719 3.54854138
 3.24100952 2.54551456 1.78357091 0.69078078 5.57337705 6.17626844
 5.81462809 4.70832155 5.30795488 5.01930635 5.58116183 4.66943444
 2.51556148 5.28470043 5.60298874 0.28649042 1.32207017 5.17482187]

Calculating energies for FreeWilson2D(N_x=2, N_y=2, mass=-2.480, r=1.000)
Return from COBYLA because the objective function has been evaluated MAXFUN times.
Number of function values = 20000   Least value of F = -4.95996991804444
The corresponding X is:
[ 6.2640513   2.24629445  4.05038568  3.32409781  4.29750463  5.013979
  2.4209348   1.24157245  4.69526886  3.14745701  0.9130177   6.07684627
 -0.03297462 -0.1440559   4.40795636  4.02451561  7.56510459  1.85527583
  1.90734793  4.3295043   5.02139471  4.04008421  3.9158984   4.61069682
  0.2106351   7.3121398   5.99469862  5.66814363  0.47826736  3.01624806
  0.6865333   0.05660745  0.99818321  2.27678259  1.95825343  4.78962064
  3.44315107  3.01483677  2.59320281  5.7472329   3.84292464  4.65297061
  2.96222793  2.31510258  1.17826465  0.16805018  5.99359756  5.24998341
  5.74485741  4.7310624   4.40372009  6.39386285  5.10028742  4.94292018
  3.14157647  4.56411272  5.58091824  0.21605716 -0.05339103  4.60294585]

Calculating energies for FreeWilson2D(N_x=2, N_y=2, mass=-2.400, r=1.000)
Return from COBYLA because the objective function has been evaluated MAXFUN times.
Number of function values = 20000   Least value of F = -4.799968041878002
The corresponding X is:
[ 5.74679696e+00  2.58802335e+00  3.15838488e+00  4.70223102e+00
  5.41218175e+00  5.57578354e+00  2.51391255e+00  1.79458996e+00
  5.01301797e+00  3.24609440e+00  1.84927622e-02  6.30185089e+00
  1.67638020e-01  7.68590017e-02  4.57915167e+00  2.95083955e+00
  7.62852759e+00  1.39240315e+00  3.14358213e+00  4.70222093e+00
  4.60430620e+00  3.84339581e+00  3.22211718e+00  3.46885528e+00
  1.06589505e+00  6.43300902e+00  6.23466197e+00  6.38345186e+00
 -4.38775926e-01  3.81866889e+00  1.35255588e+00  6.70925045e-03
  1.18985291e+00  2.24107998e+00  2.20151610e+00  4.66896203e+00
  4.13698177e+00  2.19009198e+00  2.41804784e+00  6.14023292e+00
  3.65411872e+00  4.43702756e+00  2.78556273e+00  2.33242140e+00
  2.56045127e+00  6.73656389e-01  6.28351886e+00  6.27115586e+00
  5.34681298e+00  3.67239439e+00  4.15080264e+00  5.89505586e+00
  5.40828099e+00  4.50107180e+00  2.75812003e+00  6.03284466e+00
  4.93054773e+00  7.69192085e-01  9.70299349e-02  4.24554777e+00]

Calculating energies for FreeWilson2D(N_x=2, N_y=2, mass=-2.320, r=1.000)
Return from COBYLA because the trust region radius reaches its lower bound.
Number of function values = 15947   Least value of F = -4.639975578486926
The corresponding X is:
[ 6.25262931  2.11074729  3.57743364  3.80221199  5.26815947  4.74684193
  3.84243419  2.88491612  4.33242197  3.56019196  1.24699326  6.23392008
 -0.49919472 -0.69068291  5.71567062  3.0472514   7.13610563  2.08909512
  2.10383285  4.66054245  5.31163494  4.20839104  2.54486059  2.94082192
  1.36715279  6.35267682  6.21492328  6.46350636  0.37703298  3.83758455
  1.48499536  0.18593906  1.32164773  2.63286921  3.16987247  4.62070228
  4.24103958  2.79091951  2.50577339  6.43423276  4.06142801  3.78980469
  3.10575212  1.56462673  2.06483526  0.70090975  6.2445679   5.79162738
  5.44567508  4.88747584  4.48425969  5.90017991  5.37874147  5.74173759
  2.33633919  4.95940056  5.9903457   0.33124647  1.26877122  4.96260731]

Calculating energies for FreeWilson2D(N_x=2, N_y=2, mass=-2.240, r=1.000)
Return from COBYLA because the objective function has been evaluated MAXFUN times.
Number of function values = 20000   Least value of F = -4.479980527126655
The corresponding X is:
[ 5.82224437e+00  2.09631586e+00  3.41061449e+00  3.54995301e+00
  3.66226711e+00  6.24008570e+00  2.89830008e+00  1.58821259e+00
  3.96779219e+00  2.59653824e+00  1.45175772e+00  6.56854636e+00
 -1.07960608e-01 -6.61033776e-01  5.07687559e+00  3.59919568e+00
  7.33133257e+00  1.42823280e+00  2.19854004e+00  4.88126744e+00
  4.40945333e+00  3.88476333e+00  1.93319221e+00  3.56741999e+00
  7.93551389e-01  6.39034330e+00  5.44196846e+00  5.82613554e+00
  3.04562048e-01  3.39412002e+00  2.06140862e+00 -3.84646437e-03
  1.57730130e+00  2.44407174e+00  3.49794065e+00  4.67461111e+00
  4.33727390e+00  2.30349536e+00  3.27883535e+00  7.05971612e+00
  4.39352482e+00  4.88443045e+00  2.76248344e+00  2.72417111e+00
  1.99162930e+00  9.86762578e-01  5.51771876e+00  5.54581571e+00
  5.35270874e+00  4.71259330e+00  4.31513816e+00  5.43353645e+00
  5.05745012e+00  4.17799934e+00  3.11203282e+00  6.19105214e+00
  6.10168237e+00  9.53384213e-01  9.32948418e-02  4.10260564e+00]

Calculating energies for FreeWilson2D(N_x=2, N_y=2, mass=-2.160, r=1.000)
Return from COBYLA because the trust region radius reaches its lower bound.
Number of function values = 15475   Least value of F = -4.319998407995428
The corresponding X is:
[ 6.28557133  2.17531375  4.09381849  3.7345985   4.09872972  5.15801397
  2.56520874  1.84665964  4.14653869  3.46117283  1.36800496  6.58153942
  1.16433648  0.12683361  5.57259845  3.14948182  7.77609071  1.81825915
  2.0649659   5.23270344  5.68080147  4.05762867  1.69792996  3.58536161
  1.61744739  5.97055787  5.48310404  5.84507924 -0.39298356  3.44064763
  1.18656845  0.36936158  1.40070919  2.44095715  3.1500986   4.76593866
  4.13009659  3.87323268  2.7267222   6.51564007  3.7400209   4.89032841
  3.29084232  2.44037892  1.79998029  0.59043811  5.68533271  5.79179964
  5.80862197  4.71169306  4.71486533  5.76865699  5.31980766  4.78111586
  2.85890352  5.49834881  5.55698011  0.24859762  0.16469164  4.36730476]

Calculating energies for FreeWilson2D(N_x=2, N_y=2, mass=-2.080, r=1.000)
Return from COBYLA because the objective function has been evaluated MAXFUN times.
Number of function values = 20000   Least value of F = -4.15996387946091
The corresponding X is:
[ 5.61309365  2.80628793  3.26992939  3.08157757  4.28342645  5.61253467
  2.91818523  1.80597219  4.28063405  2.95454295  0.54459259  6.95554366
  0.60408312 -0.10413727  4.64641394  3.98542701  7.94254168  1.67553583
  1.71435707  5.39954145  4.53364808  3.89521213  1.26905798  2.34846522
  1.39813547  7.16070684  5.54755765  6.50144317  0.13666908  3.09308656
  1.12700091 -0.41331852  1.21480472  1.82040503  3.27454584  4.38374391
  3.9728414   2.82804997  2.07132971  6.80323037  3.57767629  4.50528473
  3.00156865  2.2035456   2.30749177  1.28778201  6.15811187  5.90131035
  5.25262097  4.5163269   3.79830785  6.16828602  4.87635556  4.7731827
  4.00185048  5.66469048  5.30345416  0.52009755 -0.37376137  4.46689071]

Calculating energies for FreeWilson2D(N_x=2, N_y=2, mass=-2.000, r=1.000)
Return from COBYLA because the objective function has been evaluated MAXFUN times.
Number of function values = 20000   Least value of F = -3.9999548695193177
The corresponding X is:
[ 6.04833768  2.29640354  3.87530237  3.60673557  4.69510418  6.21474885
  3.1623435   1.28653567  3.98447958  3.21038751  1.05878374  6.04977723
  0.54280797 -0.02041886  4.58327945  4.62709559  7.75904252  2.44130926
  2.45930554  4.70835377  5.61256942  3.59523398  2.38397303  3.4750553
  1.27613804  6.57666572  5.15353072  6.17643407  0.19363454  3.45755637
  1.29026     0.12635513  0.42067396  2.66464758  3.04564677  4.77155489
  3.48281989  2.72239453  2.7582544   5.96802865  3.64329185  4.4687719
  3.34754701  2.38665521  1.88821903  1.11959946  5.77683036  5.76131971
  5.72807846  4.56421284  4.06052971  4.80606331  5.40477071  4.90480812
  4.12978852  5.41215122  5.3760966   0.19933997 -0.11518794  4.45498417]

Calculating energies for FreeWilson2D(N_x=2, N_y=2, mass=-1.920, r=1.000)
Return from COBYLA because the objective function has been evaluated MAXFUN times.
Number of function values = 20000   Least value of F = -4.159992860807146
The corresponding X is:
[ 6.50276898  2.18140833  3.95950638  3.81625609  5.39753073  5.67777519
  3.80260086  1.32290749  4.62918414  2.68769664  0.89414181  5.76332154
  1.18639306 -0.04119162  5.34939414  4.10645547  7.23897109  2.29842912
  1.6022586   4.68699604  5.01920651  4.48705041  1.9763838   2.49022436
  1.8466419   6.95568159  6.04792577  5.43076852  0.09253591  3.70067167
  1.67265528 -0.33047828  1.62529427  2.27420964  2.16965589  4.31395375
  4.82917857  3.5192568   2.65437655  5.75386332  4.32448851  5.24847134
  3.49322955  2.05881981  1.49182135  1.03851877  5.551882    5.62013951
  4.75136076  4.40732286  4.32582625  5.65468978  5.06908256  4.03514871
  3.85630485  4.79738878  5.51702257  0.64052856  0.94749601  4.62313677]

Calculating energies for FreeWilson2D(N_x=2, N_y=2, mass=-1.840, r=1.000)
Return from COBYLA because the objective function has been evaluated MAXFUN times.
Number of function values = 20000   Least value of F = -4.319982794138867
The corresponding X is:
[6.21686932 3.13660287 3.62146585 4.1502648  4.72579998 5.45767855
 2.81177    2.42790998 3.724402   2.67404039 0.29924041 4.92439001
 0.72139131 0.33398113 5.42050845 3.09195428 6.84998284 1.66268871
 1.79964019 4.72651076 6.10527039 4.39067357 2.15650316 4.46212811
 1.22157346 5.91968749 6.11048825 5.10223084 1.94279799 3.96665021
 1.51029097 1.56623544 1.06832105 2.00504646 1.58122375 5.21461407
 4.08123011 2.94737066 2.95660715 7.15243793 3.55366779 4.91997534
 2.72600709 2.67345495 1.44594607 0.81721599 5.49835054 6.03333093
 6.84284024 4.64861467 4.04636947 4.71530696 5.35202302 4.84626099
 3.24300593 5.74245092 5.76897177 0.12618971 1.00073165 4.62257121]

Calculating energies for FreeWilson2D(N_x=2, N_y=2, mass=-1.760, r=1.000)
Return from COBYLA because the objective function has been evaluated MAXFUN times.
Number of function values = 20000   Least value of F = -4.479970136201641
The corresponding X is:
[ 6.18463288  2.35876176  3.9510059   4.21970302  4.58372672  4.7221339
  3.54812057  1.8595484   4.90029404  2.89245686  1.00491487  6.41999698
  0.80130013  0.1895356   4.71441007  2.4346323   6.29324029  2.11974763
  0.7634576   4.4859438   6.16998456  3.96774929  2.54788827  3.16793318
  2.50869467  6.65547477  5.70783086  5.65384117  2.28147465  3.59674298
  1.41577238 -0.06429857  0.67499141  2.08221546  3.99812849  4.5902933
  4.41940687  4.32065338  2.9300529   6.6961816   3.93531284  4.70589568
  3.24092627  3.11420842  1.75742464  0.99747944  5.49300798  6.77621056
  5.48994877  4.68568232  4.52702703  4.56105703  5.43663893  4.24457027
  2.76430676  5.32722633  5.58959931 -0.22738585  0.24276069  4.88912348]

Calculating energies for FreeWilson2D(N_x=2, N_y=2, mass=-1.680, r=1.000)
Return from COBYLA because the objective function has been evaluated MAXFUN times.
Number of function values = 20000   Least value of F = -4.639942701570665
The corresponding X is:
[ 6.13173541  2.35792677  3.65710646  4.34823227  4.38832704  4.74660104
  3.41886878  1.59408305  4.84184001  2.59594981  1.3265488   6.04364985
  0.82227393 -0.14967039  5.07552247  1.8860673   6.309753    2.18524869
  1.04814879  4.55608523  6.20809967  4.01501187  2.06237141  3.06380544
  2.02046271  5.86058149  5.80132942  5.75417618  1.46512192  3.37764532
  1.09216479 -0.16589552  0.80710541  2.41859006  3.44485991  4.84047668
  4.51305147  3.93855213  2.97159791  6.62638662  3.58871619  4.81990824
  3.44321675  2.54923461  1.66357673  0.97546822  5.42596979  6.35804691
  5.56222498  4.69870938  4.63827428  4.07091116  5.10599632  4.46220425
  2.86231718  5.65370206  5.83802828 -0.1989479   0.29299368  5.18348118]

Calculating energies for FreeWilson2D(N_x=2, N_y=2, mass=-1.600, r=1.000)
Return from COBYLA because the objective function has been evaluated MAXFUN times.
Number of function values = 20000   Least value of F = -4.799968929884001
The corresponding X is:
[ 5.97350903  0.78284592  3.6318172   3.99339049  4.09639662  4.76721257
  3.69062231  1.57436047  3.35396896  3.24753761  1.14728013  6.40766461
  0.88856955 -0.03279416  5.34519604  4.17162214  6.22503414  1.97241407
  0.91889678  4.57790947  6.50231279  4.2260788   2.39087282  4.00544175
  2.04318878  6.17774193  6.08846933  5.87563243  1.3276323   3.86329086
  1.11868008 -0.14169012  0.81257513  1.94760099  2.48908591  4.38578724
  4.11090188  3.77361172  3.52069549  6.74736087  3.87879527  4.70601056
  3.58508216  2.38995262  1.7978512   0.76189948  5.45851825  6.17778211
  5.5191478   4.72598917  4.0774993   4.08173627  5.65720706  4.66211674
  3.75047751  5.37921141  5.64634114  0.22262552 -0.07813001  4.59965283]

Calculating energies for FreeWilson2D(N_x=2, N_y=2, mass=-1.520, r=1.000)
Return from COBYLA because the trust region radius reaches its lower bound.
Number of function values = 14685   Least value of F = -4.959996881415324
The corresponding X is:
[ 6.13487911  0.7851268   3.26300387  4.22160225  4.23576992  4.8047466
  3.36478716  1.28010932  3.48462349  3.09560201  1.13612182  6.14300876
  0.41160728  0.03975529  4.81752372  4.46875048  6.2800955   2.05544474
  1.28496232  4.64220788  6.4584967   4.31347648  1.94522006  3.5995946
  1.75261487  6.25154793  5.51014968  5.60749742  1.55868805  3.62789162
  1.13208129 -0.01285636  0.84212744  2.02908561  2.8230668   5.22898357
  4.19185285  4.1960653   3.57232517  6.1905124   4.647262    5.17059622
  3.59405886  2.70470433  1.72302802  0.69131807  5.36170406  5.85914639
  5.5845371   4.71273344  4.07958243  4.31121654  5.48090773  4.31418344
  3.67964042  5.56596724  5.11804287  0.01791185  0.14639911  4.59421536]

Calculating energies for FreeWilson2D(N_x=2, N_y=2, mass=-1.440, r=1.000)
Return from COBYLA because the trust region radius reaches its lower bound.
Number of function values = 4893   Least value of F = -5.119999594588073
The corresponding X is:
[ 6.08561418e+00  7.85326363e-01  3.20639800e+00  4.18736870e+00
  4.04244607e+00  4.81753283e+00  3.61166207e+00  1.98449023e+00
  3.61582212e+00  3.24071523e+00  9.85643412e-01  6.12390485e+00
  3.88913683e-01  1.50257837e-01  4.71906307e+00  4.22554752e+00
  6.28223255e+00  2.02872609e+00  1.21415452e+00  4.69582040e+00
  6.59085249e+00  4.26289349e+00  2.15591149e+00  3.89979376e+00
  1.86545882e+00  6.28286137e+00  5.62459964e+00  5.70629926e+00
  1.71221704e+00  3.32686223e+00  1.24754690e+00 -2.80396208e-03
  8.01109990e-01  1.97724815e+00  2.61330064e+00  4.89772913e+00
  4.15969722e+00  3.62086310e+00  3.44341944e+00  6.07217302e+00
  4.54621860e+00  4.97001840e+00  3.75360321e+00  2.40019385e+00
  1.48926519e+00  5.58291332e-01  5.54171986e+00  5.78122930e+00
  5.78406988e+00  4.71193434e+00  4.17308853e+00  4.31877946e+00
  5.50838000e+00  4.39259607e+00  3.80650473e+00  5.26473930e+00
  5.48910571e+00  3.23853206e-01 -1.08647964e-01  4.87771580e+00]

Calculating energies for FreeWilson2D(N_x=2, N_y=2, mass=-1.360, r=1.000)
Return from COBYLA because the trust region radius reaches its lower bound.
Number of function values = 16099   Least value of F = -5.279995595325439
The corresponding X is:
[ 6.24364663  0.78525944  3.77666741  4.11932938  4.39181144  4.72205529
  3.68669404  2.01848833  3.18804813  3.37547725  0.86800739  6.02599904
  0.87014679 -0.06115209  4.8691914   4.6483711   6.26415251  1.89975062
  1.00448937  4.70027373  6.30632169  4.31051399  2.07349644  3.96112857
  1.89839348  6.72713675  5.64848192  5.54817723  1.44581056  3.45272951
  0.96268992 -0.48617178  0.72828325  2.01774383  3.05916438  4.78972356
  4.30192044  4.32574443  3.39905174  6.74300719  4.11871635  4.6893392
  3.12654011  2.3197008   1.65337109  0.81054526  5.08133921  6.28367328
  5.7960482   4.71411277  4.28500537  4.31092765  5.88357057  4.64123316
  3.72869074  5.43195844  5.13959766  0.1653189   0.45811208  4.51388591]

Calculating energies for FreeWilson2D(N_x=2, N_y=2, mass=-1.280, r=1.000)
Return from COBYLA because the objective function has been evaluated MAXFUN times.
Number of function values = 20000   Least value of F = -5.4399919195005415
The corresponding X is:
[ 7.35450755  0.23882889  3.66646203  4.5271903   3.14195153  5.29924273
  3.41452349  1.34179917  4.48374289  4.13283658  1.00954916  6.60000014
  0.59929831  0.23135059  5.10567485  3.64274542  7.56967693  2.50105897
  1.66372928  4.71021483  6.50382059  4.39001358  1.98978669  3.02994588
  1.88466902  5.8869803   5.27473987  4.56848709  0.87947339  3.38500425
  0.85336439  0.03694027  0.62361903  2.43440175  3.142451    4.90506858
  3.70721851  2.31334507  3.75095874  6.80576387  3.86653509  4.39918386
  3.32171235  2.41858572  1.20842474  0.40046189  5.53533214  5.91492077
  5.93097791  4.71140961  4.0686199   4.50357878  5.52625512  4.60609335
  4.14561249  5.48641228  5.59518458 -0.02392575  0.11405262  4.74753049]

Calculating energies for FreeWilson2D(N_x=2, N_y=2, mass=-1.200, r=1.000)
Return from COBYLA because the objective function has been evaluated MAXFUN times.
Number of function values = 20000   Least value of F = -5.599979629906311
The corresponding X is:
[ 7.58376698  0.48592602  3.581137    4.24951279  3.14379009  5.25443134
  3.65759839  1.15144109  4.29726582  4.38882114  1.15432653  6.36104578
  0.62911322 -0.03017903  4.95328095  3.41574762  7.24063866  2.17614159
  1.64021214  4.70969528  6.52894833  4.17891269  1.84110642  2.81109367
  2.06716765  6.05002229  5.68458689  4.56226781  0.6227681   3.08745526
  0.94649599  0.14477809  0.53498537  2.34806279  3.14479313  4.865967
  4.09063314  2.70630039  3.94576766  6.73539309  3.82032917  4.52955997
  3.44237041  2.61134442  1.84954253  0.39989574  5.55293383  6.17091533
  5.90583987  4.71040103  4.15477873  4.45071697  5.2861686   4.37785805
  4.17314884  5.53828728  5.47342909  0.13637343  0.13373311  4.84395707]

Calculating energies for FreeWilson2D(N_x=2, N_y=2, mass=-1.120, r=1.000)
Return from COBYLA because the objective function has been evaluated MAXFUN times.
Number of function values = 20000   Least value of F = -5.759936971992583
The corresponding X is:
[7.44308064 0.18456459 3.6415752  4.38844029 3.3822057  5.33072325
 3.35616655 1.12563268 4.33432929 3.58698895 0.556234   6.11475703
 0.69686257 0.37763432 4.93644395 3.35828639 7.58173818 2.36706891
 2.16024148 4.69409005 6.23611073 4.13495369 2.41142626 2.89790509
 2.2895304  6.24354367 5.95776296 4.63418107 0.12316124 3.53460225
 1.94003808 0.46361975 0.75720476 2.09265856 2.92100635 5.17844807
 4.32953293 2.95910441 1.91958782 7.09430373 3.55381791 5.11883338
 3.44431651 2.46648868 1.86370766 1.02156793 5.5409835  6.20012729
 5.5037222  4.71021882 4.24048764 4.21107061 4.87858583 4.44180403
 4.23573568 5.38836045 5.60823153 0.05380691 0.32293323 4.51081874]

Calculating energies for FreeWilson2D(N_x=2, N_y=2, mass=-1.040, r=1.000)
Return from COBYLA because the trust region radius reaches its lower bound.
Number of function values = 9545   Least value of F = -5.9199994915745595
The corresponding X is:
[ 7.20167467e+00  2.83714378e-01  3.55813015e+00  4.41603599e+00
  3.14217678e+00  5.35888255e+00  3.45454861e+00  5.03817427e-01
  4.46680688e+00  4.05282523e+00  9.38751001e-01  6.22379245e+00
  4.70767417e-01  3.89443972e-02  5.06736980e+00  3.46617898e+00
  7.44863439e+00  2.08756537e+00  2.01937022e+00  4.49434394e+00
  6.31506385e+00  4.39132283e+00  1.59631223e+00  3.63859730e+00
  5.01689278e-01  6.47625906e+00  6.02603467e+00  4.41808736e+00
  6.29671588e-01  3.72890910e+00  1.15867076e+00 -8.87131218e-04
  6.91442085e-01  2.02910810e+00  2.63591506e+00  5.20430015e+00
  4.10101284e+00  2.28048104e+00  4.12421008e+00  7.34916606e+00
  3.97998666e+00  4.85094546e+00  3.33789284e+00  2.78938075e+00
  1.95302300e+00  9.58526705e-01  5.45126293e+00  5.91032011e+00
  5.67171567e+00  4.71123789e+00  4.07806687e+00  4.50963480e+00
  5.00018704e+00  4.53876277e+00  4.12165545e+00  5.59347617e+00
  5.41486376e+00  3.50732841e-01  1.95152054e-01  4.28919823e+00]

Calculating energies for FreeWilson2D(N_x=2, N_y=2, mass=-0.960, r=1.000)
Return from COBYLA because the trust region radius reaches its lower bound.
Number of function values = 8577   Least value of F = -6.0799976129645
The corresponding X is:
[7.06135395 1.3818765  3.79669761 3.8648347  3.13505694 5.09927246
 4.82036389 0.95317064 4.09939705 3.93871235 1.27892447 6.25815927
 0.42261462 0.09612926 5.07119655 3.93299093 7.39202696 3.39760599
 2.33397204 4.70673552 5.05770498 3.71382798 1.986646   3.02303067
 0.76738686 6.67459861 7.52495011 5.48488972 0.03193558 3.19142175
 0.59325771 0.01161801 1.00758455 2.84839937 3.13708866 4.82154568
 3.85298931 2.65863815 3.62874938 7.06802269 3.78390717 4.45962377
 3.26708064 3.82933622 1.42693677 1.25997132 5.55155496 5.79288701
 5.4836863  4.71168552 4.21086916 5.38598807 5.26181794 4.4189286
 2.99175259 5.27596378 5.57120493 0.03149741 0.26882451 4.60144926]

Calculating energies for FreeWilson2D(N_x=2, N_y=2, mass=-0.880, r=1.000)
Return from COBYLA because the trust region radius reaches its lower bound.
Number of function values = 7307   Least value of F = -6.239999487054292
The corresponding X is:
[ 7.27624771e+00  1.29036471e+00  3.77710037e+00  3.78660014e+00
  3.14136093e+00  5.12023397e+00  4.90442710e+00  7.97560016e-01
  4.27405515e+00  4.12708899e+00  1.14245739e+00  6.16709939e+00
  3.92299162e-01 -1.93230244e-01  5.33702266e+00  3.65221288e+00
  7.41518817e+00  3.48164094e+00  2.52744220e+00  4.54082876e+00
  4.95714891e+00  3.60900873e+00  1.57737233e+00  3.48503223e+00
  3.48058498e-01  6.21918839e+00  7.38929456e+00  5.42936987e+00
 -1.75230510e-01  3.25294222e+00  7.65595135e-01  8.93792846e-04
  9.56322594e-01  2.68385898e+00  2.90586423e+00  4.91422904e+00
  3.94339308e+00  2.34634135e+00  3.57088920e+00  7.22814093e+00
  4.13442695e+00  4.68853116e+00  3.47247405e+00  3.85481418e+00
  1.45232411e+00  1.47229698e+00  5.45542307e+00  5.80948217e+00
  5.68803933e+00  4.71193504e+00  4.18723819e+00  5.20995206e+00
  5.08683017e+00  4.36383920e+00  3.16387739e+00  5.55028308e+00
  5.36866198e+00 -4.36415564e-02  5.65511679e-02  4.86531923e+00]

Calculating energies for FreeWilson2D(N_x=2, N_y=2, mass=-0.800, r=1.000)
Return from COBYLA because the objective function has been evaluated MAXFUN times.
Number of function values = 20000   Least value of F = -6.3999751359282655
The corresponding X is:
[ 7.49659230e+00  1.04469999e+00  3.90171676e+00  3.72597989e+00
  3.13546974e+00  4.93067734e+00  4.34682917e+00  1.05452300e+00
  4.31106951e+00  3.74760887e+00  7.65025422e-01  6.22557937e+00
  4.04269893e-01  1.04986943e+00  4.18284758e+00  3.45741862e+00
  7.69657766e+00  2.32017404e+00  2.12133913e+00  4.70676556e+00
  6.12842929e+00  4.16823742e+00  1.60744335e+00  3.01573061e+00
  8.60690062e-01  6.63600637e+00  6.11916224e+00  4.52634392e+00
 -1.70149357e-01  5.01733888e+00  1.42370199e+00  4.67673805e-03
  4.06078116e-01  3.00323239e+00  3.08826535e+00  4.39845278e+00
  4.29366519e+00  3.01142854e+00  4.07707210e+00  6.79169029e+00
  3.94064386e+00  3.96485315e+00  4.27404484e+00  1.81668257e+00
  2.14922189e+00  2.28381141e+00  5.43335245e+00  5.60905088e+00
  6.30295425e+00  4.70879279e+00  4.44628532e+00  5.49149930e+00
  5.66160052e+00  4.92555407e+00  2.77671256e+00  6.70184858e+00
  6.21679852e+00 -2.06828836e-01  1.49022171e-01  6.00580040e+00]

Calculating energies for FreeWilson2D(N_x=2, N_y=2, mass=-0.720, r=1.000)
Return from COBYLA because the trust region radius reaches its lower bound.
Number of function values = 11646   Least value of F = -6.559999531580326
The corresponding X is:
[ 7.52646900e+00  9.78582757e-01  3.68363284e+00  3.89290559e+00
  3.14147519e+00  4.71361419e+00  4.58587154e+00  7.75650455e-01
  4.29455189e+00  4.13162631e+00  1.98477453e+00  6.12740663e+00
  5.79036280e-01 -3.23580367e-02  4.72532070e+00  3.38397868e+00
  7.01540391e+00  2.76293639e+00  1.17197780e+00  4.52961724e+00
  5.45154818e+00  5.14842073e+00  2.04659396e+00  4.13604254e+00
  9.99136711e-01  5.81830641e+00  8.35402701e+00  4.54005209e+00
  1.90919552e-01  4.07393124e+00  6.27288841e-01  7.75449915e-05
  1.20139924e+00  2.71012590e+00  2.91650210e+00  4.95940816e+00
  3.99238631e+00  2.67600396e+00  3.77371266e+00  6.91116868e+00
  3.88125423e+00  4.60606369e+00  4.10886350e+00  3.21320308e+00
  1.49443327e+00  1.24040139e+00  5.66618237e+00  5.36397888e+00
  6.86304573e+00  4.71092346e+00  3.98005145e+00  5.59240734e+00
  5.57903088e+00  5.23027325e+00  3.43333120e+00  5.16775225e+00
  6.85727098e+00  3.79301870e-01 -6.14588108e-03  5.09721919e+00]

Calculating energies for FreeWilson2D(N_x=2, N_y=2, mass=-0.640, r=1.000)
Return from COBYLA because the trust region radius reaches its lower bound.
Number of function values = 12245   Least value of F = -6.719998478822481
The corresponding X is:
[ 7.30759772e+00  8.75996226e-01  4.05310049e+00  3.90406855e+00
  3.68236696e+00  4.50265984e+00  4.25268819e+00  2.08085280e-01
  4.06690661e+00  4.62586168e+00  1.64503674e+00  6.06195849e+00
  6.82272967e-01 -1.96368795e-01  4.70218981e+00  3.17138399e+00
  6.81495271e+00  2.12955372e+00  1.03975984e+00  4.37089451e+00
  6.28823751e+00  4.61246610e+00  1.72122749e+00  3.79010635e+00
  1.09666478e+00  6.73984228e+00  5.57268983e+00  4.91517803e+00
  6.81968390e-01  3.49406103e+00  7.11407037e-01 -3.82652052e-01
  7.33644012e-01  2.23705764e+00  2.26235529e+00  5.33742900e+00
  4.31420744e+00  3.01835572e+00  3.72754027e+00  6.97233953e+00
  4.07859440e+00  3.43335531e+00  3.59490813e+00  2.97414956e+00
  2.55982547e+00  1.20749856e+00  5.55345821e+00  7.08391547e+00
  5.51007662e+00  4.71101988e+00  3.88762599e+00  4.71595193e+00
  5.42889653e+00  4.56560397e+00  2.86774621e+00  5.25197179e+00
  5.39864502e+00  1.78654609e-01  1.25266631e-03  4.42546310e+00]

Calculating energies for FreeWilson2D(N_x=2, N_y=2, mass=-0.560, r=1.000)
Return from COBYLA because the objective function has been evaluated MAXFUN times.
Number of function values = 20000   Least value of F = -6.879972553344896
The corresponding X is:
[ 6.38760605  1.57143203  3.74327041  3.68562076  3.41475344  4.28590986
  4.87039472  0.85063135  4.17510967  4.07185633  2.44637309  5.94694981
  0.36562636 -0.0638808   4.79368336  3.07179866  6.915369    1.88194888
  1.26252075  4.24031337  6.31678683  4.73675417  1.90009713  4.16196253
  1.26975793  5.27024383  5.25512034  5.03861979  0.87423035  3.04673747
  1.5361819   0.6261454   1.09102288  2.54893789  1.59420977  4.89252614
  3.87082891  2.63161884  3.01779282  7.12098361  4.20850196  2.7155662
  3.51168273  3.36158741  3.05856034  1.31244129  5.47579355  7.71114408
  5.78934047  4.68353876  3.90449129  6.1442012   4.7522314   4.79903554
  2.79210979  5.60025013  5.51715971  0.08401476  1.60704751  4.69175624]

Calculating energies for FreeWilson2D(N_x=2, N_y=2, mass=-0.480, r=1.000)
Return from COBYLA because the trust region radius reaches its lower bound.
Number of function values = 18291   Least value of F = -7.03999239029735
The corresponding X is:
[6.36862243 0.87104855 3.86466567 3.971513   3.64086994 4.60572033
 4.73066781 0.77216947 4.71120376 3.68056861 1.72364903 4.87155704
 0.60521513 0.24453585 4.57901731 3.21549564 6.89929258 2.63152784
 0.78336608 4.38343308 6.59152511 4.84490438 1.87752133 3.4456741
 1.57163652 5.8069972  5.42101322 5.05265852 1.21160766 3.39668816
 1.56201749 0.34843359 0.98538371 2.28613258 1.68789336 4.86575993
 4.34951059 3.34093173 3.47584088 8.02614231 4.2691227  4.10826758
 3.02994305 2.87477798 2.52594612 1.22994516 5.48406159 7.16463899
 5.63331993 4.60898874 4.03943498 5.06213713 5.18963378 4.5562985
 4.15860768 5.43055115 5.46391477 0.52685    0.2781144  5.56213883]

Calculating energies for FreeWilson2D(N_x=2, N_y=2, mass=-0.400, r=1.000)
Return from COBYLA because the trust region radius reaches its lower bound.
Number of function values = 9639   Least value of F = -7.199999250627341
The corresponding X is:
[ 7.12501563e+00  8.66289313e-01  3.73739685e+00  3.89032352e+00
  3.14445255e+00  4.49335248e+00  4.79942164e+00  5.78740816e-01
  4.33577096e+00  3.61209847e+00  2.20160818e+00  5.91868476e+00
  8.62438680e-02 -3.73777823e-01  4.12230821e+00  3.63561400e+00
  5.75793273e+00  2.71109385e+00  7.44923492e-01  4.45030887e+00
  6.43201743e+00  4.60192433e+00  2.36123995e+00  4.48645764e+00
  1.34105877e+00  5.43633485e+00  6.79240252e+00  5.41236134e+00
  1.74239720e+00  3.64247425e+00  9.78036701e-01 -2.06628794e-03
  1.18563515e+00  2.19224332e+00  2.69121842e+00  4.87230835e+00
  4.29084468e+00  3.17802423e+00  4.50986665e+00  7.12894593e+00
  4.15806338e+00  3.58378887e+00  2.57665514e+00  2.63207810e+00
  2.17862137e+00  4.49690430e-01  5.56527741e+00  6.75376950e+00
  5.82112838e+00  4.71228791e+00  3.92050457e+00  5.43434719e+00
  5.70026161e+00  4.83457409e+00  4.49920325e+00  5.45882317e+00
  5.77103859e+00 -8.43858230e-02  3.48281515e-01  5.58012931e+00]

Calculating energies for FreeWilson2D(N_x=2, N_y=2, mass=-0.320, r=1.000)
Return from COBYLA because the objective function has been evaluated MAXFUN times.
Number of function values = 20000   Least value of F = -7.3599161062232135
The corresponding X is:
[ 7.02016649  0.81180358  3.56270152  3.90452973  3.38102006  4.55806933
  4.98608312  0.2949012   4.2454488   3.47081838  2.00022771  5.55147707
  0.20672088 -0.24647936  4.0229319   3.39460685  6.04646876  2.7126794
  0.67929112  4.43688008  6.40106494  4.61370244  2.07747585  4.62676614
  1.22250428  5.4303177   7.17492051  5.48837488  1.5836878   3.58807245
  1.06295433 -0.07352655  1.43212478  2.20074089  2.35885808  4.83381703
  4.51605902  3.15310501  4.52877143  6.62444591  3.73546013  3.64311815
  2.32188295  2.48016611  1.88214561  0.7072997   5.6006006   6.68285305
  5.84417489  4.71512074  3.86223142  5.32089599  5.88887208  4.74139528
  4.53979872  5.24520802  5.70662629 -0.30144747 -0.21438761  5.90246922]

Calculating energies for FreeWilson2D(N_x=2, N_y=2, mass=-0.240, r=1.000)
Return from COBYLA because the objective function has been evaluated MAXFUN times.
Number of function values = 20000   Least value of F = -7.519917218026216
The corresponding X is:
[ 7.46013974e+00  7.88330369e-01  3.57434431e+00  4.10816547e+00
  3.25251243e+00  4.73388672e+00  3.79066204e+00  5.13410754e-01
  4.10606968e+00  4.26769459e+00  2.46155479e+00  5.75180593e+00
  8.20789883e-01  4.74427289e-01  3.98832543e+00  3.35368857e+00
  6.38513639e+00  1.78034500e+00  7.91834871e-01  4.72199217e+00
  5.92612062e+00  4.39817201e+00  1.87002811e+00  3.91882361e+00
  1.05644521e+00  6.13898452e+00  5.86005413e+00  5.73248252e+00
  1.78984893e+00  3.47121273e+00  1.17906871e+00 -5.07431643e-03
  5.18616097e-01  1.67927747e+00  2.89815243e+00  5.39211047e+00
  4.65619609e+00  2.03582451e+00  3.83709303e+00  7.24637349e+00
  4.93458460e+00  4.64746683e+00  4.59612592e+00  1.73428220e+00
  1.26066644e+00  9.35807826e-01  5.65383741e+00  5.52267443e+00
  5.63414398e+00  4.70384941e+00  4.09709511e+00  4.89585437e+00
  4.84661466e+00  5.37557671e+00  4.05626660e+00  5.54031244e+00
  6.83343495e+00  6.76557752e-01  7.21192558e-02  4.53539485e+00]

Calculating energies for FreeWilson2D(N_x=2, N_y=2, mass=-0.160, r=1.000)
Return from COBYLA because the objective function has been evaluated MAXFUN times.
Number of function values = 20000   Least value of F = -7.679976020040352
The corresponding X is:
[ 7.47239183  0.78481369  3.75060278  4.09875368  3.25567828  4.79543931
  3.97710766  0.53129859  4.19469013  4.22774948  2.39764306  5.90455594
  0.92780943  0.50094756  3.96937843  3.39133511  6.34816452  2.09463926
  0.80916928  4.71310109  6.12643695  4.17960973  2.10364775  4.03677645
  1.01301523  6.50308925  5.84297516  5.86320585  1.37999285  3.55285786
  1.08893071 -0.00793024  0.76927509  1.5974776   2.91240278  5.38960902
  4.63099679  2.22850223  4.00977693  7.11744347  5.0701518   4.8366165
  4.46787787  1.8563      1.74625587  0.98894538  5.62428043  5.68276416
  5.96377609  4.70713776  4.21402327  4.67913133  5.13585759  5.37155381
  4.18486339  5.76932733  6.72564131  0.197762    0.08968338  4.72317001]

Calculating energies for FreeWilson2D(N_x=2, N_y=2, mass=-0.080, r=1.000)
Return from COBYLA because the objective function has been evaluated MAXFUN times.
Number of function values = 20000   Least value of F = -7.839909289707821
The corresponding X is:
[ 7.12726571e+00  7.85378019e-01  3.51537359e+00  3.96453923e+00
  3.44606576e+00  4.75197435e+00  3.92107574e+00  5.68246294e-01
  4.44577876e+00  4.19857115e+00  2.72138573e+00  6.08010335e+00
  7.74992465e-01  3.22528952e-01  3.91654591e+00  3.31549920e+00
  6.27512259e+00  1.90687210e+00  9.37798866e-01  4.60720072e+00
  6.21263326e+00  4.22735271e+00  1.77983441e+00  4.24461069e+00
  9.90170969e-01  6.08000004e+00  5.77493476e+00  5.67520658e+00
  1.81543713e+00  3.40832020e+00  1.07837436e+00 -7.89532279e-04
  6.26176076e-01  1.60511934e+00  2.43926867e+00  5.01707314e+00
  4.60336254e+00  2.29799503e+00  3.87932890e+00  6.72057034e+00
  5.17142431e+00  4.62958995e+00  4.56270193e+00  2.41887320e+00
  1.61244615e+00  9.83297262e-01  5.61068480e+00  5.74255192e+00
  5.51727655e+00  4.71164664e+00  4.34006033e+00  4.63701964e+00
  5.20000320e+00  5.20519345e+00  3.92014785e+00  5.60949178e+00
  6.61941109e+00  3.02073707e-01  3.01726395e-01  4.61053912e+00]

Calculating energies for FreeWilson2D(N_x=2, N_y=2, mass=0.000, r=1.000)
Return from COBYLA because the objective function has been evaluated MAXFUN times.
Number of function values = 20000   Least value of F = -7.999987075561572
The corresponding X is:
[ 7.05204671e+00  1.41084542e+00  3.22843168e+00  3.94288831e+00
  3.11794586e+00  4.25810057e+00  4.60994021e+00  6.79182855e-01
  4.29085834e+00  3.85702295e+00  2.82405330e+00  6.20510331e+00
  4.66057197e-01  5.83567377e-02  4.11349318e+00  3.47870652e+00
  6.25783868e+00  2.79355846e+00  1.36600050e+00  4.68182345e+00
  6.13315059e+00  4.26463504e+00  1.86269867e+00  3.78217567e+00
  1.30082326e+00  5.85030409e+00  6.78946873e+00  6.32937122e+00
  1.49459057e+00  3.49952231e+00  1.54321536e+00 -2.70023612e-03
  4.84638888e-01  2.75190823e+00  2.63279635e+00  5.44783130e+00
  4.00577949e+00  2.67971980e+00  3.61020760e+00  6.90086866e+00
  4.90840597e+00  4.65034445e+00  4.31639553e+00  1.84793121e+00
  2.01906333e+00  7.56852733e-01  5.57559584e+00  6.15322478e+00
  6.01898825e+00  4.70742315e+00  3.97104330e+00  5.19223971e+00
  5.00858096e+00  5.16955375e+00  4.93105604e+00  5.78953271e+00
  6.17791456e+00  3.23277089e-01  2.89785524e-01  4.69967765e+00]

Calculating energies for FreeWilson2D(N_x=2, N_y=2, mass=0.080, r=1.000)
Return from COBYLA because the trust region radius reaches its lower bound.
Number of function values = 9047   Least value of F = -8.319999415410978
The corresponding X is:
[ 6.88261268e+00  1.57051023e+00  3.14217034e+00  3.98887000e+00
  3.20354310e+00  4.19686482e+00  4.76925121e+00  7.69594103e-01
  4.41843906e+00  3.86243767e+00  2.63203608e+00  6.14984913e+00
  3.66957775e-01  1.71323197e-01  3.95713211e+00  3.38618207e+00
  6.28317737e+00  3.13968895e+00  1.25724906e+00  4.77516160e+00
  6.03465531e+00  4.50942196e+00  1.89591725e+00  3.77270783e+00
  1.42709474e+00  6.17285196e+00  6.62575898e+00  6.35374512e+00
  1.35647650e+00  3.34267510e+00  1.59970873e+00 -1.51479126e-04
  2.69807316e-03  2.83933529e+00  2.38628231e+00  5.33059158e+00
  3.81159503e+00  2.70580479e+00  3.60723556e+00  7.00280992e+00
  5.07657105e+00  5.18650443e+00  4.28327361e+00  2.36747449e+00
  1.97195356e+00  7.79503765e-01  5.56525782e+00  6.28202225e+00
  6.02841044e+00  4.71214128e+00  4.28908961e+00  5.08588959e+00
  5.14974121e+00  5.43038032e+00  4.33959862e+00  5.55885115e+00
  6.36246287e+00  1.98680596e-01  3.15956952e-01  4.89106219e+00]

Calculating energies for FreeWilson2D(N_x=2, N_y=2, mass=0.160, r=1.000)
Return from COBYLA because the trust region radius reaches its lower bound.
Number of function values = 9404   Least value of F = -8.63999905456062
The corresponding X is:
[ 7.00784206e+00  1.57047386e+00  3.14208596e+00  3.75935231e+00
  3.23675682e+00  4.21024838e+00  4.69433971e+00  7.29035279e-01
  4.46108684e+00  3.69495866e+00  2.46521557e+00  6.16766382e+00
  3.81131326e-01 -1.09227350e-02  3.85998911e+00  3.52773301e+00
  6.28318449e+00  3.13823729e+00  1.35197755e+00  4.80747009e+00
  6.18958096e+00  4.20429493e+00  2.03232071e+00  3.62621200e+00
  1.35249488e+00  5.89115557e+00  6.78096555e+00  6.40165647e+00
  1.43031446e+00  3.31848696e+00  1.65965562e+00 -2.08017949e-04
  3.70753272e-03  2.86967459e+00  2.60806502e+00  5.02440024e+00
  3.62141660e+00  2.73243763e+00  3.84607371e+00  6.87392197e+00
  4.92310308e+00  5.10008091e+00  4.07399617e+00  2.28764987e+00
  2.08202112e+00  8.77814325e-01  5.66080044e+00  6.28252312e+00
  6.00604868e+00  4.71211776e+00  4.28720133e+00  5.08114669e+00
  5.21514984e+00  5.29002581e+00  4.47533990e+00  5.64162070e+00
  6.36590732e+00  3.86644466e-01  2.06761275e-01  4.98705276e+00]

Calculating energies for FreeWilson2D(N_x=2, N_y=2, mass=0.240, r=1.000)
Return from COBYLA because the trust region radius reaches its lower bound.
Number of function values = 10711   Least value of F = -8.95999942997255
The corresponding X is:
[ 6.89932212e+00  1.57060906e+00  3.14184906e+00  3.87930299e+00
  3.35195117e+00  4.44481632e+00  4.70871134e+00  5.03531283e-01
  4.24905751e+00  3.80866245e+00  2.61804427e+00  6.13325685e+00
  5.12132439e-01  1.12625917e-01  4.08336423e+00  3.38877931e+00
  6.28313178e+00  3.13899834e+00  1.40883232e+00  4.92970353e+00
  6.15257787e+00  4.35307913e+00  1.97509658e+00  3.89616842e+00
  1.42360640e+00  5.98437501e+00  6.76959687e+00  6.21604816e+00
  1.51120711e+00  3.40880121e+00  1.64923199e+00 -2.15192036e-05
  3.14607612e-03  2.92264047e+00  2.38814529e+00  5.10484032e+00
  3.72289415e+00  2.59147584e+00  3.79515583e+00  7.00427430e+00
  4.93788217e+00  5.05243132e+00  4.21827333e+00  2.28022946e+00
  2.14017068e+00  9.72987672e-01  5.72612792e+00  6.28304427e+00
  6.13530638e+00  4.71233696e+00  4.16129835e+00  5.18231049e+00
  5.14889870e+00  5.29241173e+00  4.47196972e+00  5.44520602e+00
  6.19539559e+00  2.68529390e-01  3.87527395e-01  4.68350109e+00]

Calculating energies for FreeWilson2D(N_x=2, N_y=2, mass=0.320, r=1.000)
Return from COBYLA because the trust region radius reaches its lower bound.
Number of function values = 18337   Least value of F = -9.2799933981491
The corresponding X is:
[ 7.09651232e+00  1.57037368e+00  3.14330086e+00  4.08327260e+00
  3.29923606e+00  3.94529716e+00  4.70899990e+00  4.52330930e-01
  4.47220704e+00  4.46135694e+00  2.46754613e+00  6.25231913e+00
  5.91261989e-01  2.42323541e-02  3.95501374e+00  3.32904163e+00
  6.28306810e+00  2.94168201e+00  1.56630411e+00  4.58097172e+00
  6.28132405e+00  4.60509914e+00  2.03212077e+00  4.18945263e+00
  1.10798892e+00  6.39156903e+00  6.20937747e+00  5.95172322e+00
  1.05926207e+00  3.03329697e+00  1.22377912e+00 -4.43226282e-04
  3.08613896e-01  3.12237880e+00  2.45155583e+00  5.20102618e+00
  3.43547264e+00  2.77959837e+00  3.88233898e+00  6.89143083e+00
  4.90328994e+00  5.13515946e+00  4.19106727e+00  2.69369331e+00
  2.60807499e+00  1.29672105e+00  6.01840091e+00  6.28228229e+00
  6.26205605e+00  4.71275117e+00  4.68963455e+00  5.19263169e+00
  5.67498116e+00  6.10734760e+00  4.00810730e+00  5.57365598e+00
  6.54882062e+00  2.29599111e-01  2.72370682e-01  4.73072752e+00]

Calculating energies for FreeWilson2D(N_x=2, N_y=2, mass=0.400, r=1.000)
Return from COBYLA because the trust region radius reaches its lower bound.
Number of function values = 14594   Least value of F = -9.599997422515436
The corresponding X is:
[ 7.11563939e+00  1.57052940e+00  3.14279324e+00  3.79646843e+00
  3.09435487e+00  3.79112478e+00  4.71191121e+00  6.70824573e-01
  4.46326412e+00  4.28034282e+00  2.22397293e+00  6.13683436e+00
  7.08325338e-01 -3.00191619e-02  3.98071072e+00  3.16233955e+00
  6.28317157e+00  2.63388615e+00  1.56877981e+00  4.36348511e+00
  6.28290811e+00  4.32980324e+00  1.90855972e+00  3.90655364e+00
  1.19348116e+00  6.38548627e+00  6.08029926e+00  5.90215985e+00
  1.10580877e+00  2.95301324e+00  1.14588198e+00 -2.24530153e-04
  5.01704452e-01  2.99390957e+00  2.35457868e+00  5.33507817e+00
  3.30062633e+00  2.98728351e+00  3.92755723e+00  6.98587418e+00
  4.86030479e+00  5.15022861e+00  4.07359451e+00  2.62509297e+00
  2.81119943e+00  1.39194857e+00  6.28324949e+00  6.28273944e+00
  6.13110551e+00  4.58161445e+00  4.50402298e+00  5.34847137e+00
  5.64884517e+00  6.54477227e+00  3.81312551e+00  5.29115285e+00
  6.37694315e+00  7.00055686e-02  3.27994620e-01  4.74799980e+00]

Calculating energies for FreeWilson2D(N_x=2, N_y=2, mass=0.480, r=1.000)
Return from COBYLA because the trust region radius reaches its lower bound.
Number of function values = 5299   Least value of F = -9.919999804339113
The corresponding X is:
[ 7.11457108e+00  1.57069189e+00  3.14169953e+00  3.75563654e+00
  3.55366613e+00  4.25984843e+00  4.71212041e+00  5.08461854e-01
  4.43390866e+00  4.71842316e+00  2.38899006e+00  6.30758456e+00
  5.66857004e-01  2.46188584e-01  3.91236165e+00  3.21178080e+00
  6.28317417e+00  2.65796724e+00  1.57075490e+00  4.61344793e+00
  6.28332046e+00  4.17622147e+00  1.95003834e+00  4.03427673e+00
  1.17485073e+00  6.27171168e+00  6.19367810e+00  5.87260210e+00
  1.17287355e+00  3.55682629e+00  1.05633016e+00  7.68888899e-06
  5.36488031e-01  3.14053642e+00  2.31663448e+00  4.86816976e+00
  3.73988695e+00  2.80637057e+00  3.49708132e+00  6.94242397e+00
  4.83893176e+00  4.53096535e+00  3.90135946e+00  1.94792164e+00
  2.25342508e+00  1.33400626e+00  5.89793514e+00  6.28312194e+00
  6.28237043e+00  4.71250883e+00  4.60518134e+00  5.32574932e+00
  5.57083180e+00  5.74575444e+00  3.80170402e+00  5.43921212e+00
  6.29990270e+00 -1.99542795e-01  4.20319086e-01  4.69408593e+00]

Calculating energies for FreeWilson2D(N_x=2, N_y=2, mass=0.560, r=1.000)
Return from COBYLA because the trust region radius reaches its lower bound.
Number of function values = 4661   Least value of F = -10.239999812811124
The corresponding X is:
[ 6.95858348e+00  1.57071374e+00  3.14170627e+00  3.61818888e+00
  3.52880876e+00  4.30928069e+00  4.71225459e+00  4.34229120e-01
  4.23757775e+00  4.35026822e+00  1.86013930e+00  6.11760243e+00
  5.77228406e-01 -3.47322998e-01  3.89162622e+00  3.26473390e+00
  6.28319423e+00  2.59802554e+00  1.57041192e+00  4.66077115e+00
  6.28335574e+00  4.09459932e+00  2.03004468e+00  3.76285989e+00
  1.30460791e+00  6.49381108e+00  6.03839269e+00  5.78786070e+00
  1.09350765e+00  3.48727866e+00  1.05574530e+00 -3.35872429e-05
  4.41660204e-01  3.14063462e+00  2.26286217e+00  4.98089240e+00
  3.76370944e+00  2.88177276e+00  3.57399865e+00  6.80835219e+00
  4.89928960e+00  4.64681601e+00  3.97965204e+00  2.06668409e+00
  2.28965003e+00  1.47073579e+00  6.28321113e+00  6.28314070e+00
  6.28246692e+00  4.50142644e+00  4.50079969e+00  5.38008194e+00
  5.60447206e+00  5.78782397e+00  3.88075964e+00  5.47705625e+00
  6.30665910e+00  1.33829241e-01  2.23109281e-01  4.79829587e+00]

Calculating energies for FreeWilson2D(N_x=2, N_y=2, mass=0.640, r=1.000)
Return from COBYLA because the trust region radius reaches its lower bound.
Number of function values = 10520   Least value of F = -10.559996471458936
The corresponding X is:
[ 7.18129420e+00  1.57156524e+00  3.14158675e+00  3.90906684e+00
  3.32707944e+00  4.60567202e+00  4.71242595e+00  8.52545892e-01
  4.45685382e+00  4.55887071e+00  2.34454642e+00  6.30493582e+00
  5.38761210e-01 -3.20316952e-01  3.97643116e+00  3.34744831e+00
  6.28323993e+00  2.61415359e+00  1.57086895e+00  4.67343527e+00
  6.28324259e+00  4.60234425e+00  1.87666391e+00  3.92397780e+00
  1.27219736e+00  6.44803047e+00  6.05977153e+00  5.73449835e+00
  1.07004855e+00  3.54464459e+00  1.19508570e+00 -2.71453927e-05
  4.91609050e-01  2.35983615e+00  2.59327679e+00  4.93131406e+00
  3.42214227e+00  2.60157940e+00  4.05705877e+00  7.03877951e+00
  5.00582744e+00  5.08819653e+00  3.84333541e+00  2.34558817e+00
  2.72005454e+00  1.27345301e+00  6.26911338e+00  6.28313699e+00
  5.47073825e+00  4.63901842e+00  4.66791012e+00  5.51402568e+00
  5.59374327e+00  5.80104532e+00  4.42891055e+00  5.55710539e+00
  6.46310953e+00 -4.94922843e-01  7.33468555e-01  4.52864424e+00]

Calculating energies for FreeWilson2D(N_x=2, N_y=2, mass=0.720, r=1.000)
Return from COBYLA because the trust region radius reaches its lower bound.
Number of function values = 4023   Least value of F = -10.87999969416068
The corresponding X is:
[ 7.19369486e+00  1.57101906e+00  3.14159234e+00  3.60350361e+00
  3.45207748e+00  4.51861680e+00  4.71236660e+00  3.45163783e-01
  4.02906194e+00  4.72226251e+00  2.39184333e+00  6.23844051e+00
  7.65331722e-01 -3.82859186e-01  3.98529782e+00  3.25368775e+00
  6.28315919e+00  2.59420785e+00  1.57085076e+00  4.66290114e+00
  6.28301032e+00  4.52324818e+00  1.87469807e+00  3.79545896e+00
  1.30492200e+00  6.61009405e+00  5.99561217e+00  5.91044821e+00
  1.15163725e+00  3.61692578e+00  1.10321319e+00 -4.71693059e-05
  2.79523406e-01  2.58613937e+00  2.49309999e+00  5.10445047e+00
  3.44125322e+00  2.54568136e+00  4.15770337e+00  6.87617874e+00
  4.81110299e+00  4.98344394e+00  3.78428009e+00  2.45637321e+00
  2.69093678e+00  1.35737597e+00  5.98782422e+00  6.28313319e+00
  5.70812234e+00  4.71145477e+00  4.70933350e+00  5.66518598e+00
  5.64083994e+00  5.99278487e+00  4.18944200e+00  5.51645314e+00
  6.36122706e+00 -3.68236932e-01  1.00464707e+00  4.67197210e+00]

Calculating energies for FreeWilson2D(N_x=2, N_y=2, mass=0.800, r=1.000)
Return from COBYLA because the trust region radius reaches its lower bound.
Number of function values = 6757   Least value of F = -11.199999279280261
The corresponding X is:
[ 7.16331681e+00  1.57078047e+00  3.14173741e+00  3.79234281e+00
  3.34624852e+00  4.30133130e+00  4.71185242e+00  5.89171007e-01
  4.28684944e+00  4.54335420e+00  2.33993084e+00  6.20967477e+00
  7.18691043e-01 -7.50346481e-02  3.91702450e+00  3.20099012e+00
  6.28320756e+00  2.76134883e+00  1.57078074e+00  4.67369080e+00
  6.28331620e+00  4.19438186e+00  2.04355668e+00  3.76561561e+00
  1.32177376e+00  6.40269752e+00  6.07597668e+00  5.98111220e+00
  1.33671573e+00  3.82345247e+00  1.26949666e+00  1.85446098e-06
  4.97913748e-01  2.93120850e+00  2.27900143e+00  5.02989281e+00
  3.21528502e+00  2.56342079e+00  4.19131301e+00  7.07384619e+00
  4.90314653e+00  4.64778582e+00  3.97216104e+00  2.30100949e+00
  2.43545858e+00  4.98415568e-01  6.28306475e+00  6.28314513e+00
  6.07437176e+00  4.48641431e+00  4.61580891e+00  5.20592095e+00
  5.55774275e+00  5.84443609e+00  4.31934359e+00  5.32276869e+00
  6.62310716e+00  1.59020776e-02  7.44409219e-01  4.76200179e+00]

Calculating energies for FreeWilson2D(N_x=2, N_y=2, mass=0.880, r=1.000)
Return from COBYLA because the objective function has been evaluated MAXFUN times.
Number of function values = 20000   Least value of F = -11.519935598614778
The corresponding X is:
[ 7.21735252e+00  1.57097019e+00  3.24323850e+00  4.12198570e+00
  3.57392432e+00  4.64691188e+00  5.14069996e+00  4.29152081e-01
  4.26886278e+00  4.19585312e+00  1.84185567e+00  6.27845790e+00
  3.68296038e-01  5.55440085e-01  3.99470635e+00  3.43801629e+00
  6.28367221e+00  3.13711131e+00  3.38953230e-01  4.80755198e+00
  5.00226141e+00  4.90430811e+00  1.98486274e+00  4.15152460e+00
  1.08938070e+00  5.26297814e+00  6.68563239e+00  4.75331393e+00
  1.56537853e-01  3.14187303e+00  1.02942765e+00 -1.04189859e-03
  1.05674564e-01  2.46422904e+00  2.61880048e+00  4.33697621e+00
  3.73114139e+00  2.84083081e+00  4.04903002e+00  6.73213507e+00
  4.08137310e+00  4.70461393e+00  3.38790978e+00  2.55531601e+00
  2.19735906e+00  9.62304746e-01  6.53217209e+00  6.24435396e+00
  6.58431250e+00  4.71036085e+00  5.94194536e+00  5.61055931e+00
  4.65390113e+00  6.18520546e+00  4.56520345e+00  6.41697596e+00
  4.86634800e+00  1.09332195e+00  1.37907186e+00  4.86116624e+00]

Calculating energies for FreeWilson2D(N_x=2, N_y=2, mass=0.960, r=1.000)
Return from COBYLA because the objective function has been evaluated MAXFUN times.
Number of function values = 20000   Least value of F = -11.839949134894814
The corresponding X is:
[ 7.10491445e+00  1.57044612e+00  3.21400733e+00  4.46421988e+00
  3.45592170e+00  4.37982736e+00  5.03152034e+00  6.17270266e-01
  4.33846838e+00  3.85771745e+00  1.85247123e+00  5.98573565e+00
  1.83793360e-01  1.81482556e-01  3.75689255e+00  3.33133168e+00
  6.28357868e+00  3.13640949e+00  6.79429941e-01  4.84152196e+00
  5.47810081e+00  4.82915898e+00  1.91092422e+00  4.24143329e+00
  1.23580129e+00  5.32508337e+00  6.60129957e+00  5.09531302e+00
  1.49158033e-01  3.30976743e+00  1.29129376e+00 -5.56739663e-04
  7.47589813e-02  2.45228386e+00  2.51451657e+00  4.32012167e+00
  3.39576449e+00  2.41191646e+00  3.84303797e+00  6.56506951e+00
  3.88443459e+00  5.13154669e+00  3.69867109e+00  2.41899312e+00
  2.34213921e+00  1.39821859e+00  6.28826462e+00  6.22283941e+00
  6.82363359e+00  4.58665185e+00  5.78225426e+00  5.53303161e+00
  4.72312524e+00  5.74791788e+00  4.11252610e+00  6.67675794e+00
  4.55931094e+00  1.17994672e+00  1.27439855e+00  4.79440230e+00]

Calculating energies for FreeWilson2D(N_x=2, N_y=2, mass=1.040, r=1.000)
Return from COBYLA because the trust region radius reaches its lower bound.
Number of function values = 5564   Least value of F = -12.159999506475796
The corresponding X is:
[7.16829534e+00 1.57067337e+00 3.14246898e+00 4.12618161e+00
 3.36469110e+00 4.37220383e+00 5.05378045e+00 5.78814326e-01
 4.39432757e+00 3.99502454e+00 1.91434115e+00 5.98988889e+00
 3.28050689e-01 2.06361212e-01 3.90396359e+00 3.60210943e+00
 6.28342564e+00 3.14144637e+00 5.92002792e-01 4.63405599e+00
 5.26438982e+00 4.93982807e+00 1.96103369e+00 4.16296558e+00
 8.74932592e-01 5.45097005e+00 6.79326220e+00 5.35904836e+00
 2.85835968e-01 3.32803194e+00 9.92402494e-01 8.32748141e-06
 9.07942442e-04 2.44979027e+00 2.68368323e+00 4.40091833e+00
 4.00328940e+00 2.52565243e+00 3.87843714e+00 6.60877142e+00
 3.86943299e+00 5.05057706e+00 3.62810644e+00 2.62366159e+00
 2.06759787e+00 1.00321244e+00 6.65491602e+00 6.28230570e+00
 6.60849960e+00 4.71144768e+00 5.38331744e+00 5.26590323e+00
 4.60371753e+00 6.08854855e+00 4.33616241e+00 6.95717298e+00
 5.34296001e+00 1.02240567e+00 1.34459298e+00 4.68554142e+00]

Calculating energies for FreeWilson2D(N_x=2, N_y=2, mass=1.120, r=1.000)
Return from COBYLA because the trust region radius reaches its lower bound.
Number of function values = 2779   Least value of F = -12.479999944160843
The corresponding X is:
[ 7.16207805e+00  1.57078636e+00  3.14175239e+00  4.25056120e+00
  3.43837509e+00  4.43694565e+00  4.77409335e+00  4.59424158e-01
  4.51742422e+00  4.01469489e+00  1.97194163e+00  6.08427286e+00
  5.89389253e-01  2.33800072e-01  3.94272787e+00  3.57969747e+00
  6.28323468e+00  3.14155085e+00  8.53740991e-01  4.56812100e+00
  5.31148992e+00  4.85455460e+00  1.98697291e+00  4.05683180e+00
  7.44455666e-01  5.34080611e+00  6.75280507e+00  5.33839826e+00
  9.74289404e-02  3.32315331e+00  9.28907530e-01 -5.73955436e-06
  2.18182394e-04  2.36723839e+00  2.52971830e+00  4.48530414e+00
  3.89472496e+00  2.60149842e+00  4.00678795e+00  6.58160729e+00
  3.91120276e+00  4.97793150e+00  3.84404406e+00  2.56908130e+00
  2.10856506e+00  1.00840167e+00  6.86487542e+00  6.28295408e+00
  6.51081718e+00  4.71229002e+00  5.54172929e+00  5.24165615e+00
  4.58849372e+00  6.20970588e+00  4.31561042e+00  7.08152304e+00
  5.42652958e+00  1.30079254e+00  1.31805257e+00  4.71151856e+00]

Calculating energies for FreeWilson2D(N_x=2, N_y=2, mass=1.200, r=1.000)
Return from COBYLA because the trust region radius reaches its lower bound.
Number of function values = 4750   Least value of F = -12.799999789495129
The corresponding X is:
[7.29336838e+00 1.57067383e+00 3.14161013e+00 4.17228372e+00
 3.47885063e+00 4.49766432e+00 4.71480140e+00 5.17072192e-01
 4.28175641e+00 4.09398413e+00 1.81454206e+00 6.12947357e+00
 4.14295910e-01 2.94498460e-01 4.03267272e+00 3.55709615e+00
 6.28335685e+00 3.14157805e+00 9.30266738e-01 4.83241399e+00
 5.35179080e+00 4.98914340e+00 2.08242307e+00 4.12042577e+00
 8.99707519e-01 5.31719362e+00 6.96041238e+00 5.18656581e+00
 9.15116035e-02 3.37406608e+00 1.04664579e+00 3.41677087e-05
 9.99899467e-06 2.57379738e+00 2.79622679e+00 4.41711406e+00
 3.94393835e+00 2.65517531e+00 3.85011045e+00 6.66514748e+00
 3.77373280e+00 4.96329329e+00 3.67912879e+00 2.58722619e+00
 2.03724958e+00 9.72220360e-01 6.71259342e+00 6.28313257e+00
 6.71855545e+00 4.71173556e+00 5.54570591e+00 5.21712970e+00
 4.70030495e+00 6.15998560e+00 4.36423070e+00 6.37587954e+00
 5.17181126e+00 1.22965535e+00 1.23281595e+00 4.73620609e+00]

Calculating energies for FreeWilson2D(N_x=2, N_y=2, mass=1.280, r=1.000)
Return from COBYLA because the trust region radius reaches its lower bound.
Number of function values = 3055   Least value of F = -13.119999824458882
The corresponding X is:
[7.18596869e+00 1.57067527e+00 3.14173201e+00 4.06201808e+00
 3.31055523e+00 4.51013681e+00 4.91056979e+00 5.14145847e-01
 4.29282792e+00 3.91983765e+00 1.69836305e+00 6.08849869e+00
 5.68607694e-01 3.33800726e-01 4.11727303e+00 3.61858423e+00
 6.28334169e+00 3.14150011e+00 7.97864392e-01 4.64005363e+00
 5.31659410e+00 4.85451098e+00 2.09033464e+00 4.22834119e+00
 9.59673627e-01 5.44516051e+00 6.97581544e+00 5.23602375e+00
 1.89924623e-01 3.34503837e+00 1.04111324e+00 3.91124502e-05
 1.61363657e-04 2.71054414e+00 2.73816684e+00 4.50984619e+00
 3.72573193e+00 2.65346978e+00 3.90677139e+00 6.75662030e+00
 3.94295727e+00 4.95445428e+00 3.32247512e+00 2.32544182e+00
 1.84840823e+00 9.60659974e-01 7.01917622e+00 6.28301752e+00
 6.67432963e+00 4.71204721e+00 5.49427433e+00 5.37711532e+00
 4.74297420e+00 6.15762865e+00 4.37865012e+00 6.46943948e+00
 5.36566370e+00 1.78713391e+00 1.18024128e+00 4.88088155e+00]

Calculating energies for FreeWilson2D(N_x=2, N_y=2, mass=1.360, r=1.000)
Return from COBYLA because the trust region radius reaches its lower bound.
Number of function values = 2949   Least value of F = -13.439999827804709
The corresponding X is:
[7.10157773e+00 1.57068322e+00 3.14161791e+00 4.14931961e+00
 3.17649140e+00 4.45863714e+00 4.76035661e+00 5.44142858e-01
 4.36448068e+00 3.73876589e+00 1.65927595e+00 6.02955252e+00
 4.19631949e-01 2.68058252e-01 4.00547751e+00 3.61653211e+00
 6.28333071e+00 3.14157222e+00 8.51153847e-01 4.48626747e+00
 5.25639700e+00 4.77902693e+00 1.91681086e+00 4.09637985e+00
 9.09776447e-01 5.35856924e+00 6.95676516e+00 5.15898637e+00
 8.42061690e-02 3.25786379e+00 1.05936683e+00 8.40460000e-05
 6.90283221e-05 2.54924153e+00 2.65696985e+00 4.53692788e+00
 3.76773114e+00 2.47842651e+00 3.82463200e+00 6.49390517e+00
 3.77367558e+00 4.98530475e+00 3.56979922e+00 2.42575884e+00
 2.05348966e+00 1.08023531e+00 6.87239993e+00 6.28316965e+00
 6.69025724e+00 4.71198200e+00 5.48491299e+00 5.29427017e+00
 4.57171601e+00 6.04806378e+00 4.25051137e+00 6.30370187e+00
 5.46414459e+00 1.75309591e+00 1.08411849e+00 4.71720201e+00]

Calculating energies for FreeWilson2D(N_x=2, N_y=2, mass=1.440, r=1.000)
Return from COBYLA because the trust region radius reaches its lower bound.
Number of function values = 4409   Least value of F = -13.759999724754547
The corresponding X is:
[ 7.11183319e+00  1.57064532e+00  3.14164692e+00  4.17892252e+00
  3.32782477e+00  4.52000543e+00  5.00159222e+00  4.07733233e-01
  4.38870945e+00  3.95368689e+00  1.68532861e+00  5.99901723e+00
  2.93748684e-01  1.58182700e-01  3.86776092e+00  3.58029805e+00
  6.28346457e+00  3.14152783e+00  9.35609915e-01  4.61554295e+00
  5.23254149e+00  4.83312905e+00  1.95284554e+00  4.10289935e+00
  8.43779771e-01  5.39609577e+00  6.69581205e+00  5.25434258e+00
  1.24241956e-01  3.30360316e+00  1.13030604e+00 -1.27152630e-05
  1.24005574e-04  2.61195522e+00  2.59979096e+00  4.40081973e+00
  3.75169984e+00  2.62897472e+00  3.84358076e+00  6.42521074e+00
  3.75861398e+00  5.26541931e+00  3.79790267e+00  2.41370519e+00
  1.88578182e+00  1.10637091e+00  6.83676076e+00  6.28307584e+00
  6.67160017e+00  4.71168475e+00  5.44237875e+00  5.24620552e+00
  4.61942892e+00  6.06882636e+00  4.36953224e+00  6.46590044e+00
  5.29359728e+00  1.67767843e+00  1.17258489e+00  4.93114503e+00]

Calculating energies for FreeWilson2D(N_x=2, N_y=2, mass=1.520, r=1.000)
Return from COBYLA because the trust region radius reaches its lower bound.
Number of function values = 2751   Least value of F = -14.079999935184992
The corresponding X is:
[7.16707070e+00 1.57077253e+00 3.14179991e+00 4.11935281e+00
 3.45600187e+00 4.63325353e+00 5.01062865e+00 4.38889704e-01
 4.18527989e+00 4.01966870e+00 1.82265961e+00 5.87566879e+00
 6.12370984e-01 4.70553911e-01 4.06993095e+00 3.61859329e+00
 6.28320257e+00 3.14154759e+00 7.53557286e-01 4.65141019e+00
 5.15666236e+00 4.93980647e+00 2.04823090e+00 4.16206795e+00
 1.03528488e+00 5.32968260e+00 6.98848922e+00 5.20132116e+00
 1.11709694e-01 3.35645472e+00 8.63807388e-01 4.38208168e-05
 2.44032893e-04 2.54830693e+00 2.67182716e+00 4.67437642e+00
 4.00434624e+00 2.45628141e+00 3.91074930e+00 6.56205026e+00
 3.95113150e+00 5.14067229e+00 3.71640046e+00 2.51599998e+00
 1.91997908e+00 7.78625070e-01 6.90486724e+00 6.28299928e+00
 6.63651209e+00 4.71232035e+00 5.52249814e+00 5.28603055e+00
 4.56805599e+00 6.08301733e+00 4.36240751e+00 6.50154559e+00
 5.23776909e+00 1.62999476e+00 1.17859391e+00 4.66006498e+00]

Calculating energies for FreeWilson2D(N_x=2, N_y=2, mass=1.600, r=1.000)
Return from COBYLA because the trust region radius reaches its lower bound.
Number of function values = 11427   Least value of F = -14.3999973020353
The corresponding X is:
[ 7.27974597e+00  1.57048201e+00  3.14161342e+00  4.03632356e+00
  3.22726514e+00  4.44900815e+00  4.90805103e+00  7.12780959e-01
  4.26687044e+00  3.88015211e+00  1.86438433e+00  5.91283908e+00
  2.02850214e-01  2.14781511e-01  3.81683241e+00  3.64897023e+00
  6.28374220e+00  3.14154275e+00  1.08368179e+00  4.66008824e+00
  5.22189582e+00  4.87361414e+00  2.21103683e+00  4.17215773e+00
  8.83593240e-01  5.38159363e+00  6.98704186e+00  5.44338681e+00
  2.72890637e-01  3.41685487e+00  9.99830376e-01 -2.19522571e-04
  1.46939655e-04  2.82903646e+00  2.90912859e+00  4.35858926e+00
  3.91104830e+00  2.38585351e+00  3.80212973e+00  6.60682420e+00
  3.73552670e+00  5.15172043e+00  3.80069322e+00  2.49113596e+00
  1.92621540e+00  8.51936040e-01  6.48791861e+00  6.28316476e+00
  6.65230618e+00  4.70787301e+00  5.52446165e+00  5.11812156e+00
  4.65262320e+00  6.12251848e+00  4.50729791e+00  6.31716665e+00
  5.43879643e+00  1.14999435e+00  1.31345202e+00  4.63267958e+00]

Calculating energies for FreeWilson2D(N_x=2, N_y=2, mass=1.680, r=1.000)
Return from COBYLA because the trust region radius reaches its lower bound.
Number of function values = 2390   Least value of F = -14.719999897672034
The corresponding X is:
[7.28929205e+00 1.57072084e+00 3.14161480e+00 4.15764258e+00
 3.47576625e+00 4.44757066e+00 4.98088725e+00 4.27107783e-01
 4.14847737e+00 4.12380468e+00 1.66223703e+00 6.07942986e+00
 4.54242691e-01 8.71445777e-02 3.96136285e+00 3.48998221e+00
 6.28329696e+00 3.14156466e+00 1.01123206e+00 4.80780806e+00
 5.11833921e+00 5.02354876e+00 1.92195075e+00 3.97131281e+00
 9.52717186e-01 5.51641369e+00 6.91104996e+00 5.26457016e+00
 8.35435776e-02 3.23539321e+00 1.02556352e+00 1.72056098e-04
 6.19950067e-05 2.70254735e+00 2.76679130e+00 4.45318253e+00
 3.97166755e+00 2.57359806e+00 3.80741280e+00 6.62270901e+00
 3.78009984e+00 5.08349338e+00 3.79334912e+00 2.50945203e+00
 1.90663945e+00 1.02479725e+00 6.95135922e+00 6.28316350e+00
 6.63153555e+00 4.71213825e+00 5.38111598e+00 5.19657317e+00
 4.75432426e+00 6.04897331e+00 4.33093520e+00 6.48003242e+00
 5.30644245e+00 1.22469584e+00 1.22871086e+00 4.68047855e+00]

Calculating energies for FreeWilson2D(N_x=2, N_y=2, mass=1.760, r=1.000)
Return from COBYLA because the objective function has been evaluated MAXFUN times.
Number of function values = 20000   Least value of F = -15.039975437443854
The corresponding X is:
[ 7.14333948e+00  1.57087868e+00  3.17949849e+00  3.94744528e+00
  3.32712877e+00  4.32048664e+00  5.03236513e+00  4.91177877e-01
  4.34836471e+00  4.09322188e+00  2.06854887e+00  6.06125996e+00
  4.35709660e-01  4.18769965e-01  3.72392259e+00  3.64171752e+00
  6.28293467e+00  3.14103501e+00  4.45555242e-01  4.69159815e+00
  5.27100334e+00  4.60100333e+00  2.10535271e+00  4.12554899e+00
  9.58040449e-01  5.32457705e+00  6.68217574e+00  5.26794188e+00
  1.37967000e-01  3.29547954e+00  1.17798331e+00 -2.56811622e-04
  4.05715063e-02  2.42008512e+00  2.71429487e+00  4.43209285e+00
  3.92637364e+00  2.50344777e+00  3.98302862e+00  6.67693473e+00
  3.73959314e+00  5.21967787e+00  3.79551505e+00  2.59300827e+00
  2.04815837e+00  9.26552193e-01  6.83466397e+00  6.25751125e+00
  6.43271770e+00  4.71266330e+00  5.31928543e+00  5.31117114e+00
  4.59828080e+00  6.07371911e+00  4.43068954e+00  6.52491849e+00
  5.38447268e+00  1.01960096e+00  1.30303328e+00  4.81502639e+00]

Calculating energies for FreeWilson2D(N_x=2, N_y=2, mass=1.840, r=1.000)
Return from COBYLA because the objective function has been evaluated MAXFUN times.
Number of function values = 20000   Least value of F = -15.35997051450586
The corresponding X is:
[7.25515575e+00 1.56524350e+00 3.14166483e+00 4.09320423e+00
 3.35907825e+00 4.57029783e+00 4.87687317e+00 5.58743411e-01
 4.34692074e+00 3.85127534e+00 1.78018845e+00 6.04774175e+00
 5.23991037e-01 3.37185190e-02 3.80995641e+00 3.11848245e+00
 6.29409695e+00 3.14138169e+00 8.80897881e-01 4.81615850e+00
 5.09896996e+00 4.98822776e+00 1.81728553e+00 4.18165428e+00
 1.11917625e+00 5.29967728e+00 6.70472640e+00 5.47003800e+00
 1.21927679e-01 3.50626052e+00 1.18166229e+00 7.01988730e-04
 5.17324783e-05 2.52708201e+00 2.48343407e+00 4.34015288e+00
 4.19519584e+00 2.96778800e+00 3.59860423e+00 6.67195239e+00
 3.76150786e+00 4.95964739e+00 3.66459366e+00 2.32429110e+00
 1.52964384e+00 1.29951993e+00 6.34673407e+00 6.28295490e+00
 6.72198784e+00 4.51756679e+00 5.34979978e+00 5.16962293e+00
 4.63549871e+00 6.14212347e+00 3.78904399e+00 6.99651673e+00
 5.48490369e+00 1.21206997e+00 1.34595221e+00 4.58809042e+00]

Calculating energies for FreeWilson2D(N_x=2, N_y=2, mass=1.920, r=1.000)
Return from COBYLA because the objective function has been evaluated MAXFUN times.
Number of function values = 20000   Least value of F = -15.679991684274396
The corresponding X is:
[7.20731456e+00 1.56886147e+00 3.14176476e+00 4.06918480e+00
 3.19183867e+00 4.47065219e+00 4.92472552e+00 4.49042693e-01
 4.48752974e+00 3.78561396e+00 1.72112048e+00 6.23418649e+00
 7.84986101e-01 3.55878310e-02 3.76326901e+00 3.29543593e+00
 6.28793873e+00 3.14148425e+00 8.51994016e-01 4.67433486e+00
 5.06427822e+00 4.96185427e+00 2.00736861e+00 3.97685634e+00
 9.19815577e-01 5.21455378e+00 6.57661290e+00 5.28406085e+00
 7.54946645e-02 3.57350951e+00 1.08640208e+00 1.34711296e-04
 1.79008772e-04 2.57215011e+00 2.53028309e+00 4.49049392e+00
 4.10719040e+00 3.15107893e+00 3.69534021e+00 6.52440537e+00
 3.82073134e+00 5.22873059e+00 3.67598777e+00 2.52194734e+00
 1.55290390e+00 1.16200131e+00 6.30818574e+00 6.28292482e+00
 6.51600083e+00 4.49777843e+00 5.28285500e+00 5.36512754e+00
 4.61163337e+00 5.92598550e+00 3.76416499e+00 7.08738656e+00
 5.35207011e+00 1.33802147e+00 1.33020365e+00 4.43422415e+00]

Calculating energies for FreeWilson2D(N_x=2, N_y=2, mass=2.000, r=1.000)
Return from COBYLA because the trust region radius reaches its lower bound.
Number of function values = 18995   Least value of F = -15.999992409390211
The corresponding X is:
[7.21705726e+00 1.56913913e+00 3.14165047e+00 3.93468755e+00
 3.32469570e+00 4.48242756e+00 4.77890572e+00 4.65255650e-01
 4.46504073e+00 3.73128091e+00 1.95109747e+00 6.01911783e+00
 6.40412396e-01 5.63375274e-02 3.99458447e+00 3.13466012e+00
 6.28761896e+00 3.14150437e+00 8.93805481e-01 4.78015891e+00
 5.05422731e+00 4.92819343e+00 1.85793088e+00 3.95105867e+00
 9.17360937e-01 5.25312749e+00 6.58002187e+00 5.48673316e+00
 2.26019722e-01 3.49876829e+00 1.22630963e+00 2.75070519e-04
 1.22863892e-04 2.61853447e+00 2.46768303e+00 4.45046941e+00
 4.16336592e+00 2.90685617e+00 3.83812755e+00 6.66751578e+00
 3.57253933e+00 5.14707687e+00 3.59088874e+00 2.56078596e+00
 1.48463922e+00 1.33540811e+00 6.30648718e+00 6.28307779e+00
 6.66502287e+00 4.50839373e+00 5.37064939e+00 5.12374119e+00
 4.72115692e+00 6.11070560e+00 3.87000617e+00 7.11590340e+00
 5.29880058e+00 1.26533993e+00 1.21527129e+00 4.72422211e+00]

-----Beginning pprint-----
/:
	Attributes:
		ProcessId: 23147802
	2025-09-06_15-50-13:
		Attributes:
			HamiltonianType: ZeroChargePenalty
			Last-Modified: 2025-09-06_15-50-13
			ProcessId: 23147802
			SimulatorType: Statevector
			SolverName: VQE
			SystemName: FreeWilson2D
			n_x: 2
			n_y: 2
			r: 1.0
		Circuit:
			Attributes:
				Ansatz: XXPlusYYRZAnsatz1
				NumParameters: 60
			AnsatzOptions:
				Attributes:
					num_layers: 4
					num_qubits: 8
		CircuitParameters: <HDF5 dataset "CircuitParameters": shape (101, 20000, 60), type "<f8">
			Attributes:
				DIMENSION_LABELS: ['mass' 'IterationAxis' 'CircuitParameterAxis']
				NDataDims: 2
		Data:
			Attributes:
			evs:
				Attributes:
				Hamiltonian: <HDF5 dataset "Hamiltonian": shape (101, 20000), type "<f8">
					Attributes:
						DIMENSION_LABELS: ['mass' 'IterationAxis']
						NDataDims: 1
			stds:
				Attributes:
				Hamiltonian: <HDF5 dataset "Hamiltonian": shape (101, 20000), type "<f8">
					Attributes:
						DIMENSION_LABELS: ['mass' 'IterationAxis']
						NDataDims: 1
		EstimatorOptions:
			Attributes:
				_VERSION: 2
				default_precision: Unset
				default_shots: Unset
				experimental: Unset
				max_execution_time: Unset
				resilience_level: Unset
				seed_estimator: 23147802
			dynamical_decoupling:
				Attributes:
					enable: Unset
					extra_slack_distribution: Unset
					scheduling_method: Unset
					sequence_type: Unset
					skip_reset_qubits: Unset
			environment:
				Attributes:
					callback: None
					job_tags: None
					log_level: WARNING
					private: False
			execution:
				Attributes:
					init_qubits: Unset
					rep_delay: Unset
			resilience:
				Attributes:
					layer_noise_model: Unset
					measure_mitigation: Unset
					pec_mitigation: Unset
					zne_mitigation: Unset
				layer_noise_learning:
					Attributes:
						layer_pair_depths: Unset
						max_layers_to_learn: Unset
						num_randomizations: Unset
						shots_per_randomization: Unset
				measure_noise_learning:
					Attributes:
						num_randomizations: Unset
						shots_per_randomization: Unset
				pec:
					Attributes:
						max_overhead: Unset
						noise_gain: Unset
				zne:
					Attributes:
						amplifier: Unset
						extrapolated_noise_factors: Unset
						extrapolator: Unset
						noise_factors: Unset
			simulator:
				Attributes:
					basis_gates: Unset
					coupling_map: Unset
					noise_model: Unset
					seed_simulator: 42
			twirling:
				Attributes:
					enable_gates: Unset
					enable_measure: Unset
					num_randomizations: Unset
					shots_per_randomization: Unset
					strategy: Unset
		MetaData:
			Attributes:
			circuit_metadata: <HDF5 dataset "circuit_metadata": shape (101, 20000), type "|O">
				Attributes:
					DIMENSION_LABELS: ['mass' 'IterationAxis']
					NDataDims: 1
			target_precision: <HDF5 dataset "target_precision": shape (101, 20000), type "<f8">
				Attributes:
					DIMENSION_LABELS: ['mass' 'IterationAxis']
					NDataDims: 1
			version: <HDF5 dataset "version": shape (101, 20000), type "<i8">
				Attributes:
					DIMENSION_LABELS: ['mass' 'IterationAxis']
					NDataDims: 1
		NIterations: <HDF5 dataset "NIterations": shape (101,), type "<i8">
			Attributes:
				DIMENSION_LABELS: ['mass']
				NDataDims: 0
		OptimizerOptions:
			Attributes:
				bounds: None
				callback: None
				constraints: []
				method: cobyla
				tol: None
				x0Seed: 23147802
			options:
				Attributes:
					disp: 1
					maxiter: 20000
		PresetPassManagerOptions:
			Attributes:
				approximation_degree: 1.0
				optimization_level: 3
				seed_transpiler: 42
		SimulatorOptions:
			Attributes:
		VersionInfo:
			Attributes:
				QiskitAerVersion: 0.17.1
				QiskitIBMRuntimeVersion: 0.41.1
				QiskitVersion: 2.1.2
		mass: <HDF5 dataset "mass": shape (101,), type "<f8">
			Attributes:
-----Ending pprint-----
End 2025-09-06 21:23:19 | 23147802 MyPyJob | node078 | /home/s6nidich_hpc/PycharmProjects/QC-MasterThesis 

