Start 2026-08-07 12:13:54 | 26895081 MyPyJob | lmnode193 | /home/s6nidich_hpc/PycharmProjects/QC-MasterThesis 

Used python interpreter:
/home/s6nidich_hpc/PycharmProjects/QC-MasterThesis/.venv_intel_3_13_1/bin/python
Python version:
Python 3.13.1
Pip list:
Package                   Version
------------------------- -----------
annotated-types           0.7.0
anyio                     4.12.1
argon2-cffi               25.1.0
argon2-cffi-bindings      25.1.0
arrow                     1.4.0
asttokens                 3.0.1
async-lru                 2.1.0
attrs                     25.4.0
babel                     2.18.0
beautifulsoup4            4.14.3
bleach                    6.3.0
certifi                   2026.1.4
cffi                      2.0.0
charset-normalizer        3.4.4
comm                      0.2.3
contourpy                 1.3.3
cryptography              46.0.5
cycler                    0.12.1
debugpy                   1.8.20
decorator                 5.2.1
defusedxml                0.7.1
dill                      0.4.1
executing                 2.2.1
fastjsonschema            2.21.2
fonttools                 4.61.1
fqdn                      1.5.1
h11                       0.16.0
h5py                      3.15.1
httpcore                  1.0.9
httpx                     0.28.1
ibm-cloud-sdk-core        3.24.4
ibm-platform-services     0.73.2
idna                      3.11
ipykernel                 7.2.0
ipython                   9.10.0
ipython_pygments_lexers   1.1.1
isoduration               20.11.0
jedi                      0.19.2
Jinja2                    3.1.6
json5                     0.13.0
jsonpointer               3.0.0
jsonschema                4.26.0
jsonschema-specifications 2025.9.1
jupyter_client            8.8.0
jupyter_core              5.9.1
jupyter-events            0.12.0
jupyter-lsp               2.3.0
jupyter_server            2.17.0
jupyter_server_terminals  0.5.4
jupyterlab                4.5.4
jupyterlab_pygments       0.3.0
jupyterlab_server         2.28.0
kiwisolver                1.4.9
lark                      1.3.1
MarkupSafe                3.0.3
matplotlib                3.10.8
matplotlib-inline         0.2.1
mistune                   3.2.0
nbclient                  0.10.4
nbconvert                 7.17.0
nbformat                  5.10.4
nest-asyncio              1.6.0
notebook                  7.5.3
notebook_shim             0.2.4
numpy                     2.4.2
numpyencoder              0.3.2
packaging                 26.0
pandocfilters             1.5.1
parso                     0.8.6
pexpect                   4.9.0
pillow                    12.1.1
pip                       24.3.1
platformdirs              4.5.1
prometheus_client         0.24.1
prompt_toolkit            3.0.52
psutil                    7.2.2
ptyprocess                0.7.0
pure_eval                 0.2.3
pycparser                 3.0
pydantic                  2.12.5
pydantic_core             2.41.5
Pygments                  2.19.2
PyJWT                     2.11.0
pylatexenc                2.10
pyparsing                 3.3.2
pyspnego                  0.12.0
python-dateutil           2.9.0.post0
python-json-logger        4.0.0
PyYAML                    6.0.3
pyzmq                     27.1.0
qiskit                    2.5.1
qiskit-aer                0.17.2
qiskit-ibm-runtime        0.45.0
referencing               0.37.0
requests                  2.32.5
requests_ntlm             1.3.0
rfc3339-validator         0.1.4
rfc3986-validator         0.1.1
rfc3987-syntax            1.1.0
rpds-py                   0.30.0
rustworkx                 0.17.1
scipy                     1.17.0
Send2Trash                2.1.0
setuptools                82.0.0
six                       1.17.0
soupsieve                 2.8.3
stack-data                0.6.3
stevedore                 5.6.0
terminado                 0.18.1
tinycss2                  1.4.0
tornado                   6.5.4
traitlets                 5.14.3
typing_extensions         4.15.0
typing-inspection         0.4.2
tzdata                    2025.3
uri-template              1.3.0
urllib3                   2.6.3
wcwidth                   0.6.0
webcolors                 25.10.0
webencodings              0.5.1
websocket-client          1.9.0
Module list:

Currently Loaded Modules:
  1) GCCcore/14.2.0                   7) Tcl/8.6.16-GCCcore-14.2.0
  2) zlib/1.3.1-GCCcore-14.2.0        8) SQLite/3.47.2-GCCcore-14.2.0
  3) binutils/2.42-GCCcore-14.2.0     9) XZ/5.6.3-GCCcore-14.2.0
  4) bzip2/1.0.8-GCCcore-14.2.0      10) libffi/3.4.5-GCCcore-14.2.0
  5) ncurses/6.5-GCCcore-14.2.0      11) OpenSSL/3
  6) libreadline/8.2-GCCcore-14.2.0  12) Python/3.13.1-GCCcore-14.2.0

 

Start of Program:

-----Beginning pprint-----
/:
	Attributes:
-----Ending pprint-----
Calculating energies for FreeWilson2D(N_x=2, N_y=2, mass=-6.000, r=1.000)
h_im: 0.0
Lets GO!
Current gradient magnitude: 5651.999999999995
New op index: 61	IIIIZYII	$R_{YZ}$[2, 3]
gradient: -49.99999999999996
second_gradient: -0.49999999999999956
b: -1.5607966601082315
f: 50.50249993750308
Optimization terminated successfully    (Exit mode 0)
            Current function value: 149.99750006249673
            Iterations: 1
            Function evaluations: 2
            Gradient evaluations: 1
Current gradient magnitude: 2694.7385623578375
New op index: 59	IIIIIIZY	$R_{YZ}$[0, 1]
gradient: -49.999999999999964
second_gradient: -1.3582279188341113e-17
b: -1.5707963267948966
f: 49.999999999999964
Optimization terminated successfully    (Exit mode 0)
            Current function value: 99.99750006249656
            Iterations: 1
            Function evaluations: 3
            Gradient evaluations: 1
Current gradient magnitude: 1981.0615965052693
New op index: 456	IIZYYYII	$R_{YYYZ}$[2, 3, 4, 5]
gradient: -50.00249993750307
second_gradient: -1.6650604216652152e-15
b: -1.5707963267948966
f: 50.00249993750307
Optimization terminated successfully    (Exit mode 0)
            Current function value: 49.9925001875047
            Iterations: 2
            Function evaluations: 10
            Gradient evaluations: 2
Current gradient magnitude: 599.1741710821443
New op index: 65	ZYIIIIII	$R_{YZ}$[6, 7]
gradient: -49.99999999999995
second_gradient: 0.005000125015882502
b: -1.570896329294881
f: 49.99500012499657
Optimization terminated successfully    (Exit mode 0)
            Current function value: -0.0049998749901408795
            Iterations: 2
            Function evaluations: 15
            Gradient evaluations: 2
Current gradient magnitude: 204.28525635200168
New op index: 37	YXIIIIII	$R_{XY}$[6, 7]
gradient: -3.999999999999994
second_gradient: 7.142656205003703e-16
b: -1.5707963267948968
f: 3.999999999999993
Optimization terminated successfully    (Exit mode 0)
            Current function value: -4.004999874990137
            Iterations: 1
            Function evaluations: 6
            Gradient evaluations: 1
Current gradient magnitude: 167.29614544802837
New op index: 31	IIIIIIYX	$R_{XY}$[0, 1]
gradient: 3.999999999999367
second_gradient: 4.848414083845327e-15
b: 1.570796326794898
f: 3.9999999999993623
Optimization terminated successfully    (Exit mode 0)
            Current function value: -8.004999874989526
            Iterations: 1
            Function evaluations: 7
            Gradient evaluations: 1
Current gradient magnitude: 130.30692762886838
New op index: 47	IIIIXYII	$R_{YX}$[2, 3]
gradient: -3.9999000082625287
second_gradient: 0.004999730939729046
b: -1.5720462901253616
f: 3.994903402063375
Optimization terminated successfully    (Exit mode 0)
            Current function value: -12.001225946758844
            Iterations: 3
            Function evaluations: 27
            Gradient evaluations: 3
Current gradient magnitude: 71.98320549510146
New op index: 49	IIXYIIII	$R_{YX}$[4, 5]
gradient: 4.001143626549478
second_gradient: 0.00241553227171685
b: 1.5714000371846533
f: 3.9987288234187477
Optimization terminated successfully    (Exit mode 0)
            Current function value: -15.999998854494237
            Iterations: 2
            Function evaluations: 22
            Gradient evaluations: 2
Current gradient magnitude: 0.07179476786383386
New op index: 47	IIIIXYII	$R_{YX}$[2, 3]
gradient: -0.0020545165339222187
second_gradient: 4.00000028247824
b: -3.1410790245377527
f: 5.276297017076104e-07
Precision cutoff reached.
Calculating energies for FreeWilson2D(N_x=2, N_y=2, mass=-5.837, r=1.000)
h_im: 0.0
Lets GO!
Current gradient magnitude: 5647.102040816322
New op index: 61	IIIIZYII	$R_{YZ}$[2, 3]
gradient: -49.99999999999996
second_gradient: -0.49999999999999956
b: -1.5607966601082315
f: 50.50249993750308
Optimization terminated successfully    (Exit mode 0)
            Current function value: 149.99750006249673
            Iterations: 1
            Function evaluations: 2
            Gradient evaluations: 1
Current gradient magnitude: 2688.856227900269
New op index: 59	IIIIIIZY	$R_{YZ}$[0, 1]
gradient: -49.999999999999964
second_gradient: -1.3582279188341113e-17
b: -1.5707963267948966
f: 49.999999999999964
Optimization terminated successfully    (Exit mode 0)
            Current function value: 99.99750006249656
            Iterations: 1
            Function evaluations: 3
            Gradient evaluations: 1
Current gradient magnitude: 1975.414356415623
New op index: 456	IIZYYYII	$R_{YYYZ}$[2, 3, 4, 5]
gradient: -50.00249993750307
second_gradient: -1.6290459290861234e-15
b: -1.5707963267948966
f: 50.00249993750307
Optimization terminated successfully    (Exit mode 0)
            Current function value: 49.9925001875047
            Iterations: 2
            Function evaluations: 10
            Gradient evaluations: 2
Current gradient magnitude: 592.5466449676137
New op index: 65	ZYIIIIII	$R_{YZ}$[6, 7]
gradient: -49.99999999999995
second_gradient: 0.0050001250158825
b: -1.570896329294881
f: 49.99500012499657
Optimization terminated successfully    (Exit mode 0)
            Current function value: -0.004999874990033739
            Iterations: 2
            Function evaluations: 15
            Gradient evaluations: 2
Current gradient magnitude: 197.09356534290205
New op index: 268	XYXXIIII	$R_{XXYX}$[4, 5, 6, 7]
gradient: 3.836734693877546
second_gradient: -9.71837168465642e-15
b: 1.5707963267948941
f: 3.8367346938775557
Optimization terminated successfully    (Exit mode 0)
            Current function value: -3.8417345688675937
            Iterations: 1
            Function evaluations: 6
            Gradient evaluations: 1
Current gradient magnitude: 161.7370688490044
New op index: 31	IIIIIIYX	$R_{XY}$[0, 1]
gradient: 3.8367346938769504
second_gradient: -3.9147243486627434e-26
b: 1.5707963267948966
f: 3.8367346938769504
Optimization terminated successfully    (Exit mode 0)
            Current function value: -7.678469262744541
            Iterations: 1
            Function evaluations: 7
            Gradient evaluations: 1
Current gradient magnitude: 126.38045197964566
New op index: 47	IIIIXYII	$R_{YX}$[2, 3]
gradient: -3.8366387843450553
second_gradient: 0.004999707233072181
b: -1.5720994738160126
f: 3.8316423347892377
Optimization terminated successfully    (Exit mode 0)
            Current function value: -11.51143107389646
            Iterations: 3
            Function evaluations: 27
            Gradient evaluations: 3
Current gradient magnitude: 70.02759788532262
New op index: 428	ZZXYIIII	$R_{YXZZ}$[4, 5, 6, 7]
gradient: -3.8378830922663028
second_gradient: 0.0024195589696287345
b: -1.5714267677413518
f: 3.835464295991223
Optimization terminated successfully    (Exit mode 0)
            Current function value: -15.346937560420006
            Iterations: 2
            Function evaluations: 22
            Gradient evaluations: 2
Current gradient magnitude: 0.0757084496411762
New op index: 47	IIIIXYII	$R_{YX}$[2, 3]
gradient: -0.002078420105407556
second_gradient: 3.8367351138100645
b: -3.141050937823537
f: 5.629564836517886e-07
Precision cutoff reached.
Calculating energies for FreeWilson2D(N_x=2, N_y=2, mass=-5.673, r=1.000)
h_im: 0.0
Lets GO!
Current gradient magnitude: 5642.204081632649
New op index: 61	IIIIZYII	$R_{YZ}$[2, 3]
gradient: -49.99999999999996
second_gradient: -0.49999999999999956
b: -1.5607966601082315
f: 50.50249993750308
Optimization terminated successfully    (Exit mode 0)
            Current function value: 149.99750006249673
            Iterations: 1
            Function evaluations: 2
            Gradient evaluations: 1
Current gradient magnitude: 2682.9738934426996
New op index: 59	IIIIIIZY	$R_{YZ}$[0, 1]
gradient: -49.999999999999964
second_gradient: -1.3582279188341113e-17
b: -1.5707963267948966
f: 49.999999999999964
Optimization terminated successfully    (Exit mode 0)
            Current function value: 99.99750006249656
            Iterations: 1
            Function evaluations: 3
            Gradient evaluations: 1
Current gradient magnitude: 1969.767116325977
New op index: 456	IIZYYYII	$R_{YYYZ}$[2, 3, 4, 5]
gradient: -50.00249993750307
second_gradient: -1.5930314365070313e-15
b: -1.5707963267948966
f: 50.00249993750307
Optimization terminated successfully    (Exit mode 0)
            Current function value: 49.9925001875047
            Iterations: 2
            Function evaluations: 10
            Gradient evaluations: 2
Current gradient magnitude: 585.9191188530833
New op index: 65	ZYIIIIII	$R_{YZ}$[6, 7]
gradient: -49.99999999999995
second_gradient: 0.0050001250158824995
b: -1.570896329294881
f: 49.99500012499657
Optimization terminated successfully    (Exit mode 0)
            Current function value: -0.004999874989941864
            Iterations: 2
            Function evaluations: 15
            Gradient evaluations: 2
Current gradient magnitude: 189.90195357746057
New op index: 51	XYIIIIII	$R_{YX}$[6, 7]
gradient: 3.6734693877550972
second_gradient: -3.669255931941585e-15
b: 1.5707963267948957
f: 3.673469387755101
Optimization terminated successfully    (Exit mode 0)
            Current function value: -3.678469262745028
            Iterations: 1
            Function evaluations: 6
            Gradient evaluations: 1
Current gradient magnitude: 156.1780635597912
New op index: 294	IIIIXXYX	$R_{XYXX}$[0, 1, 2, 3]
gradient: 3.673469387754526
second_gradient: 2.432048378790763e-24
b: 1.5707963267948966
f: 3.673469387754526
Optimization terminated successfully    (Exit mode 0)
            Current function value: -7.351938650499579
            Iterations: 1
            Function evaluations: 7
            Gradient evaluations: 1
Current gradient magnitude: 122.45406015467549
New op index: 47	IIIIXYII	$R_{YX}$[2, 3]
gradient: -3.673377559134046
second_gradient: 0.004999716631724285
b: -1.5721573939500983
f: 3.668381244977893
Optimization terminated successfully    (Exit mode 0)
            Current function value: -11.021636204174467
            Iterations: 3
            Function evaluations: 27
            Gradient evaluations: 3
Current gradient magnitude: 68.07062612102578
New op index: 157	IZXYIIII	$R_{YXZ}$[4, 5, 6]
gradient: 3.67462258475652
second_gradient: 0.0024236004312661735
b: 1.5714558775443783
f: 3.672199783569023
Optimization terminated successfully    (Exit mode 0)
            Current function value: -14.693876275489936
            Iterations: 2
            Function evaluations: 22
            Gradient evaluations: 2
Current gradient magnitude: 0.07513660968486144
New op index: 47	IIIIXYII	$R_{YX}$[2, 3]
gradient: -0.0020796942037747098
second_gradient: 3.6734699735716845
b: -3.1410265147628675
f: 5.886978340363669e-07
Precision cutoff reached.
Calculating energies for FreeWilson2D(N_x=2, N_y=2, mass=-5.510, r=1.000)
h_im: 0.0
Lets GO!
Current gradient magnitude: 5637.306122448976
New op index: 61	IIIIZYII	$R_{YZ}$[2, 3]
gradient: -49.99999999999996
second_gradient: -0.49999999999999956
b: -1.5607966601082315
f: 50.50249993750308
Optimization terminated successfully    (Exit mode 0)
            Current function value: 149.99750006249673
            Iterations: 1
            Function evaluations: 2
            Gradient evaluations: 1
Current gradient magnitude: 2677.091558985131
New op index: 59	IIIIIIZY	$R_{YZ}$[0, 1]
gradient: -49.999999999999964
second_gradient: -1.3582279188341113e-17
b: -1.5707963267948966
f: 49.999999999999964
Optimization terminated successfully    (Exit mode 0)
            Current function value: 99.99750006249656
            Iterations: 1
            Function evaluations: 3
            Gradient evaluations: 1
Current gradient magnitude: 1964.1198762363308
New op index: 456	IIZYYYII	$R_{YYYZ}$[2, 3, 4, 5]
gradient: -50.00249993750307
second_gradient: -1.5570169439279396e-15
b: -1.5707963267948966
f: 50.00249993750307
Optimization terminated successfully    (Exit mode 0)
            Current function value: 49.9925001875047
            Iterations: 2
            Function evaluations: 10
            Gradient evaluations: 2
Current gradient magnitude: 579.2915927385528
New op index: 65	ZYIIIIII	$R_{YZ}$[6, 7]
gradient: -49.99999999999995
second_gradient: 0.005000125015882499
b: -1.570896329294881
f: 49.99500012499657
Optimization terminated successfully    (Exit mode 0)
            Current function value: -0.004999874990396405
            Iterations: 2
            Function evaluations: 15
            Gradient evaluations: 2
Current gradient magnitude: 182.71025310843916
New op index: 37	YXIIIIII	$R_{XY}$[6, 7]
gradient: -3.510204081632648
second_gradient: 7.239290518282479e-17
b: -1.5707963267948966
f: 3.510204081632648
Optimization terminated successfully    (Exit mode 0)
            Current function value: -3.5152039566230884
            Iterations: 1
            Function evaluations: 6
            Gradient evaluations: 1
Current gradient magnitude: 150.61900376247266
New op index: 45	IIIIIIXY	$R_{YX}$[0, 1]
gradient: -3.5102040816320965
second_gradient: -3.743048851927125e-24
b: -1.5707963267948966
f: 3.5102040816320965
Optimization terminated successfully    (Exit mode 0)
            Current function value: -7.02540803825517
            Iterations: 1
            Function evaluations: 7
            Gradient evaluations: 1
Current gradient magnitude: 118.52776546008988
New op index: 47	IIIIXYII	$R_{YX}$[2, 3]
gradient: -3.5101163324424434
second_gradient: 0.0049997690846249505
b: -1.572220714259524
f: 3.5051201241626253
Optimization terminated successfully    (Exit mode 0)
            Current function value: -10.531841336290515
            Iterations: 3
            Function evaluations: 27
            Gradient evaluations: 3
Current gradient magnitude: 66.1148843668313
New op index: 428	ZZXYIIII	$R_{YXZZ}$[4, 5, 6, 7]
gradient: -3.5113620410118997
second_gradient: 0.002427590485279848
b: -1.5714876796289694
f: 3.508935289687434
Optimization terminated successfully    (Exit mode 0)
            Current function value: -14.04081496884603
            Iterations: 2
            Function evaluations: 22
            Gradient evaluations: 2
Current gradient magnitude: 0.08301547374230515
New op index: 47	IIIIXYII	$R_{YX}$[2, 3]
gradient: -0.0021044429148594722
second_gradient: 3.510204901770514
b: -3.1409931322736253
f: 6.308292119783232e-07
Precision cutoff reached.
Calculating energies for FreeWilson2D(N_x=2, N_y=2, mass=-5.347, r=1.000)
h_im: 0.0
Lets GO!
Current gradient magnitude: 5632.4081632653015
New op index: 61	IIIIZYII	$R_{YZ}$[2, 3]
gradient: -49.99999999999996
second_gradient: -0.49999999999999956
b: -1.5607966601082315
f: 50.50249993750308
Optimization terminated successfully    (Exit mode 0)
            Current function value: 149.99750006249673
            Iterations: 1
            Function evaluations: 2
            Gradient evaluations: 1
Current gradient magnitude: 2671.2092245275626
New op index: 59	IIIIIIZY	$R_{YZ}$[0, 1]
gradient: -49.999999999999964
second_gradient: -1.3582279188341113e-17
b: -1.5707963267948966
f: 49.999999999999964
Optimization terminated successfully    (Exit mode 0)
            Current function value: 99.99750006249656
            Iterations: 1
            Function evaluations: 3
            Gradient evaluations: 1
Current gradient magnitude: 1958.4726361466842
New op index: 456	IIZYYYII	$R_{YYYZ}$[2, 3, 4, 5]
gradient: -50.00249993750307
second_gradient: -1.5210024513488476e-15
b: -1.5707963267948966
f: 50.00249993750307
Optimization terminated successfully    (Exit mode 0)
            Current function value: 49.9925001875047
            Iterations: 2
            Function evaluations: 10
            Gradient evaluations: 2
Current gradient magnitude: 572.6640666240223
New op index: 65	ZYIIIIII	$R_{YZ}$[6, 7]
gradient: -49.99999999999995
second_gradient: 0.005000125015882497
b: -1.570896329294881
f: 49.99500012499657
Optimization terminated successfully    (Exit mode 0)
            Current function value: -0.004999874990382083
            Iterations: 2
            Function evaluations: 15
            Gradient evaluations: 2
Current gradient magnitude: 175.51860466343913
New op index: 51	XYIIIIII	$R_{YX}$[6, 7]
gradient: 3.3469387755102007
second_gradient: -4.231839447546047e-15
b: 1.5707963267948954
f: 3.346938775510205
Optimization terminated successfully    (Exit mode 0)
            Current function value: -3.3519386505005873
            Iterations: 1
            Function evaluations: 6
            Gradient evaluations: 1
Current gradient magnitude: 145.05994480137554
New op index: 31	IIIIIIYX	$R_{XY}$[0, 1]
gradient: 3.346938775509674
second_gradient: 8.23003671825555e-25
b: 1.5707963267948966
f: 3.346938775509674
Optimization terminated successfully    (Exit mode 0)
            Current function value: -6.69887742601025
            Iterations: 1
            Function evaluations: 7
            Gradient evaluations: 1
Current gradient magnitude: 114.60116512779544
New op index: 47	IIIIXYII	$R_{YX}$[2, 3]
gradient: -3.3468551084735196
second_gradient: 0.004999745306886662
b: -1.572290189369061
f: 3.3418590976335243
Optimization terminated successfully    (Exit mode 0)
            Current function value: -10.04204647371386
            Iterations: 3
            Function evaluations: 27
            Gradient evaluations: 3
Current gradient magnitude: 64.15783805936998
New op index: 428	ZZXYIIII	$R_{YXZZ}$[4, 5, 6, 7]
gradient: -3.348101600371706
second_gradient: 0.0024316751985396074
b: -1.5715226114365302
f: 3.34567080821738
Optimization terminated successfully    (Exit mode 0)
            Current function value: -13.38775367213217
            Iterations: 2
            Function evaluations: 22
            Gradient evaluations: 2
Current gradient magnitude: 0.07458646702996921
New op index: 47	IIIIXYII	$R_{YX}$[2, 3]
gradient: -0.0021019180778931367
second_gradient: 3.346939890637657
b: -3.140964641772957
f: 6.600147175461757e-07
Precision cutoff reached.
Calculating energies for FreeWilson2D(N_x=2, N_y=2, mass=-5.184, r=1.000)
h_im: 0.0
Lets GO!
Current gradient magnitude: 5627.510204081628
New op index: 61	IIIIZYII	$R_{YZ}$[2, 3]
gradient: -49.99999999999996
second_gradient: -0.49999999999999956
b: -1.5607966601082315
f: 50.50249993750308
Optimization terminated successfully    (Exit mode 0)
            Current function value: 149.99750006249673
            Iterations: 1
            Function evaluations: 2
            Gradient evaluations: 1
Current gradient magnitude: 2665.326890069994
New op index: 59	IIIIIIZY	$R_{YZ}$[0, 1]
gradient: -49.999999999999964
second_gradient: -1.3582279188341113e-17
b: -1.5707963267948966
f: 49.999999999999964
Optimization terminated successfully    (Exit mode 0)
            Current function value: 99.99750006249656
            Iterations: 1
            Function evaluations: 3
            Gradient evaluations: 1
Current gradient magnitude: 1952.825396057038
New op index: 456	IIZYYYII	$R_{YYYZ}$[2, 3, 4, 5]
gradient: -50.00249993750307
second_gradient: -1.4849879587697557e-15
b: -1.5707963267948966
f: 50.00249993750307
Optimization terminated successfully    (Exit mode 0)
            Current function value: 49.9925001875047
            Iterations: 2
            Function evaluations: 10
            Gradient evaluations: 2
Current gradient magnitude: 566.0365405094917
New op index: 65	ZYIIIIII	$R_{YZ}$[6, 7]
gradient: -49.99999999999995
second_gradient: 0.005000125015882496
b: -1.570896329294881
f: 49.99500012499657
Optimization terminated successfully    (Exit mode 0)
            Current function value: -0.0049998749905313545
            Iterations: 2
            Function evaluations: 15
            Gradient evaluations: 2
Current gradient magnitude: 168.32692106145788
New op index: 37	YXIIIIII	$R_{XY}$[6, 7]
gradient: -3.183673469387751
second_gradient: 1.4936893369870795e-17
b: -1.5707963267948966
f: 3.183673469387751
Optimization terminated successfully    (Exit mode 0)
            Current function value: -3.1886733443782846
            Iterations: 1
            Function evaluations: 6
            Gradient evaluations: 1
Current gradient magnitude: 139.50088829374553
New op index: 45	IIIIIIXY	$R_{YX}$[0, 1]
gradient: -3.1836734693872515
second_gradient: 2.0040806873190386e-24
b: -1.5707963267948966
f: 3.1836734693872515
Optimization terminated successfully    (Exit mode 0)
            Current function value: -6.372346813765543
            Iterations: 1
            Function evaluations: 7
            Gradient evaluations: 1
Current gradient magnitude: 110.67486594002929
New op index: 336	IIZZYXII	$R_{XYZZ}$[2, 3, 4, 5]
gradient: -3.183593883213626
second_gradient: 0.0049997596391791145
b: -1.572366802085443
f: 3.1785980495747395
Optimization terminated successfully    (Exit mode 0)
            Current function value: -9.55225161506846
            Iterations: 3
            Function evaluations: 27
            Gradient evaluations: 3
Current gradient magnitude: 62.20217456973883
New op index: 616	IIYXZZII	$R_{ZZXY}$[2, 3, 4, 5]
gradient: 3.1848411739613667
second_gradient: 0.0024357611464654798
b: 1.5715611249554688
f: 3.1824063442477684
Optimization terminated successfully    (Exit mode 0)
            Current function value: -12.734692376122116
            Iterations: 2
            Function evaluations: 22
            Gradient evaluations: 2
Current gradient magnitude: 0.08362318345013744
New op index: 49	IIXYIIII	$R_{YX}$[4, 5]
gradient: 0.0020921793521000015
second_gradient: 3.1836749403425273
b: 3.140935495088963
f: 6.874467479711655e-07
Precision cutoff reached.
Calculating energies for FreeWilson2D(N_x=2, N_y=2, mass=-5.020, r=1.000)
h_im: 0.0
Lets GO!
Current gradient magnitude: 5622.612244897955
New op index: 61	IIIIZYII	$R_{YZ}$[2, 3]
gradient: -49.99999999999996
second_gradient: -0.49999999999999956
b: -1.5607966601082315
f: 50.50249993750308
Optimization terminated successfully    (Exit mode 0)
            Current function value: 149.99750006249673
            Iterations: 1
            Function evaluations: 2
            Gradient evaluations: 1
Current gradient magnitude: 2659.4445556124256
New op index: 59	IIIIIIZY	$R_{YZ}$[0, 1]
gradient: -49.999999999999964
second_gradient: -1.3582279188341113e-17
b: -1.5707963267948966
f: 49.999999999999964
Optimization terminated successfully    (Exit mode 0)
            Current function value: 99.99750006249656
            Iterations: 1
            Function evaluations: 3
            Gradient evaluations: 1
Current gradient magnitude: 1947.1781559673918
New op index: 456	IIZYYYII	$R_{YYYZ}$[2, 3, 4, 5]
gradient: -50.00249993750307
second_gradient: -1.4489734661906638e-15
b: -1.5707963267948966
f: 50.00249993750307
Optimization terminated successfully    (Exit mode 0)
            Current function value: 49.9925001875047
            Iterations: 2
            Function evaluations: 10
            Gradient evaluations: 2
Current gradient magnitude: 559.4090143949613
New op index: 65	ZYIIIIII	$R_{YZ}$[6, 7]
gradient: -49.99999999999995
second_gradient: 0.005000125015882495
b: -1.570896329294881
f: 49.99500012499657
Optimization terminated successfully    (Exit mode 0)
            Current function value: -0.0049998749903750654
            Iterations: 2
            Function evaluations: 15
            Gradient evaluations: 2
Current gradient magnitude: 161.1352632480059
New op index: 37	YXIIIIII	$R_{XY}$[6, 7]
gradient: -3.020408163265301
second_gradient: 9.254448329303144e-17
b: -1.5707963267948966
f: 3.020408163265301
Optimization terminated successfully    (Exit mode 0)
            Current function value: -3.025408038255634
            Iterations: 1
            Function evaluations: 6
            Gradient evaluations: 1
Current gradient magnitude: 133.9418327870854
New op index: 45	IIIIIIXY	$R_{YX}$[0, 1]
gradient: -3.0204081632648254
second_gradient: 1.3498952976071466e-24
b: -1.5707963267948966
f: 3.0204081632648254
Optimization terminated successfully    (Exit mode 0)
            Current function value: -6.045816201520459
            Iterations: 1
            Function evaluations: 7
            Gradient evaluations: 1
Current gradient magnitude: 106.74841461634242
New op index: 436	IIYXYYII	$R_{YYXY}$[2, 3, 4, 5]
gradient: -3.0203326594501902
second_gradient: 0.004999725976806697
b: -1.5724516813448053
f: 3.0153370716339003
Optimization terminated successfully    (Exit mode 0)
            Current function value: -9.06245676025713
            Iterations: 3
            Function evaluations: 27
            Gradient evaluations: 3
Current gradient magnitude: 60.23350227343129
New op index: 47	IIIIXYII	$R_{YX}$[2, 3]
gradient: -3.021580721728803
second_gradient: 0.0024398066371357358
b: -1.5716037869727253
f: 3.0191419001150717
Optimization terminated successfully    (Exit mode 0)
            Current function value: -12.081631024904988
            Iterations: 2
            Function evaluations: 22
            Gradient evaluations: 2
Current gradient magnitude: 0.0804063164071498
New op index: 49	IIXYIIII	$R_{YX}$[4, 5]
gradient: 0.00214014275852039
second_gradient: 3.02041023487147
b: 3.1408840934161937
f: 7.582099939007492e-07
Precision cutoff reached.
Calculating energies for FreeWilson2D(N_x=2, N_y=2, mass=-4.857, r=1.000)
h_im: 0.0
Lets GO!
Current gradient magnitude: 5617.714285714281
New op index: 61	IIIIZYII	$R_{YZ}$[2, 3]
gradient: -49.99999999999996
second_gradient: -0.49999999999999956
b: -1.5607966601082315
f: 50.50249993750308
Optimization terminated successfully    (Exit mode 0)
            Current function value: 149.99750006249673
            Iterations: 1
            Function evaluations: 2
            Gradient evaluations: 1
Current gradient magnitude: 2653.562221154856
New op index: 59	IIIIIIZY	$R_{YZ}$[0, 1]
gradient: -49.999999999999964
second_gradient: -1.3582279188341113e-17
b: -1.5707963267948966
f: 49.999999999999964
Optimization terminated successfully    (Exit mode 0)
            Current function value: 99.99750006249656
            Iterations: 1
            Function evaluations: 3
            Gradient evaluations: 1
Current gradient magnitude: 1941.5309158777457
New op index: 456	IIZYYYII	$R_{YYYZ}$[2, 3, 4, 5]
gradient: -50.00249993750307
second_gradient: -1.4129589736115718e-15
b: -1.5707963267948966
f: 50.00249993750307
Optimization terminated successfully    (Exit mode 0)
            Current function value: 49.9925001875047
            Iterations: 2
            Function evaluations: 10
            Gradient evaluations: 2
Current gradient magnitude: 552.7814882804307
New op index: 65	ZYIIIIII	$R_{YZ}$[6, 7]
gradient: -49.99999999999995
second_gradient: 0.005000125015882494
b: -1.570896329294881
f: 49.99500012499657
Optimization terminated successfully    (Exit mode 0)
            Current function value: -0.0049998749900479166
            Iterations: 2
            Function evaluations: 15
            Gradient evaluations: 2
Current gradient magnitude: 153.94366965304692
New op index: 51	XYIIIIII	$R_{YX}$[6, 7]
gradient: 2.8571428571428537
second_gradient: -6.800582467865731e-15
b: 1.5707963267948943
f: 2.8571428571428603
Optimization terminated successfully    (Exit mode 0)
            Current function value: -2.862142732132969
            Iterations: 1
            Function evaluations: 6
            Gradient evaluations: 1
Current gradient magnitude: 128.38284033510146
New op index: 294	IIIIXXYX	$R_{XYXX}$[0, 1, 2, 3]
gradient: 2.8571428571424122
second_gradient: -7.579507351416206e-24
b: 1.5707963267948966
f: 2.8571428571424122
Optimization terminated successfully    (Exit mode 0)
            Current function value: -5.719285589275333
            Iterations: 1
            Function evaluations: 7
            Gradient evaluations: 1
Current gradient magnitude: 102.82189786301569
New op index: 47	IIIIXYII	$R_{YX}$[2, 3]
gradient: -2.8570714343332
second_gradient: 0.004999735841645415
b: -1.57254627629842
f: 2.8520760731352977
Optimization terminated successfully    (Exit mode 0)
            Current function value: -8.572661912371103
            Iterations: 3
            Function evaluations: 27
            Gradient evaluations: 3
Current gradient magnitude: 58.29022667352915
New op index: 428	ZZXYIIII	$R_{YXZZ}$[4, 5, 6, 7]
gradient: -2.8583203583920067
second_gradient: 0.0024439310084500266
b: -1.571651350062571
f: 2.855877472192559
Optimization terminated successfully    (Exit mode 0)
            Current function value: -11.4285696964125
            Iterations: 2
            Function evaluations: 22
            Gradient evaluations: 2
Current gradient magnitude: 0.076076745725789
New op index: 47	IIIIXYII	$R_{YX}$[2, 3]
gradient: -0.0021470236360825504
second_gradient: 2.857145636707621
b: -3.1408411961896645
f: 8.066984378274356e-07
Precision cutoff reached.
Calculating energies for FreeWilson2D(N_x=2, N_y=2, mass=-4.694, r=1.000)
h_im: 0.0
Lets GO!
Current gradient magnitude: 5612.8163265306075
New op index: 61	IIIIZYII	$R_{YZ}$[2, 3]
gradient: -49.99999999999996
second_gradient: -0.49999999999999956
b: -1.5607966601082315
f: 50.50249993750308
Optimization terminated successfully    (Exit mode 0)
            Current function value: 149.99750006249673
            Iterations: 1
            Function evaluations: 2
            Gradient evaluations: 1
Current gradient magnitude: 2647.6798866972877
New op index: 59	IIIIIIZY	$R_{YZ}$[0, 1]
gradient: -49.999999999999964
second_gradient: -1.3582279188341113e-17
b: -1.5707963267948966
f: 49.999999999999964
Optimization terminated successfully    (Exit mode 0)
            Current function value: 99.99750006249656
            Iterations: 1
            Function evaluations: 3
            Gradient evaluations: 1
Current gradient magnitude: 1935.8836757880993
New op index: 456	IIZYYYII	$R_{YYYZ}$[2, 3, 4, 5]
gradient: -50.00249993750307
second_gradient: -1.37694448103248e-15
b: -1.5707963267948966
f: 50.00249993750307
Optimization terminated successfully    (Exit mode 0)
            Current function value: 49.9925001875047
            Iterations: 2
            Function evaluations: 10
            Gradient evaluations: 2
Current gradient magnitude: 546.1539621659003
New op index: 65	ZYIIIIII	$R_{YZ}$[6, 7]
gradient: -49.99999999999995
second_gradient: 0.005000125015882493
b: -1.570896329294881
f: 49.99500012499657
Optimization terminated successfully    (Exit mode 0)
            Current function value: -0.004999874989927345
            Iterations: 2
            Function evaluations: 15
            Gradient evaluations: 2
Current gradient magnitude: 146.7520192633344
New op index: 37	YXIIIIII	$R_{XY}$[6, 7]
gradient: -2.693877551020405
second_gradient: -6.718540216838832e-17
b: -1.5707963267948966
f: 2.693877551020405
Optimization terminated successfully    (Exit mode 0)
            Current function value: -2.6988774260103403
            Iterations: 1
            Function evaluations: 6
            Gradient evaluations: 1
Current gradient magnitude: 122.82380293300277
New op index: 45	IIIIIIXY	$R_{YX}$[0, 1]
gradient: -2.6938775510199804
second_gradient: -2.8808186075056767e-26
b: -1.5707963267948966
f: 2.6938775510199804
Optimization terminated successfully    (Exit mode 0)
            Current function value: -5.392754977030343
            Iterations: 1
            Function evaluations: 7
            Gradient evaluations: 1
Current gradient magnitude: 98.8956094538295
New op index: 47	IIIIXYII	$R_{YX}$[2, 3]
gradient: -2.6938102095156538
second_gradient: 0.0049997357859507775
b: -1.572652333586809
f: 2.688815113502823
Optimization terminated successfully    (Exit mode 0)
            Current function value: -8.082867070816175
            Iterations: 3
            Function evaluations: 27
            Gradient evaluations: 3
Current gradient magnitude: 56.33577446029105
New op index: 616	IIYXZZII	$R_{ZZXY}$[2, 3, 4, 5]
gradient: 2.695059996907837
second_gradient: 0.002448043553990278
b: 1.571704671278327
f: 2.6926130651873517
Optimization terminated successfully    (Exit mode 0)
            Current function value: -10.775508345468648
            Iterations: 2
            Function evaluations: 22
            Gradient evaluations: 2
Current gradient magnitude: 0.08018841818614403
New op index: 49	IIXYIIII	$R_{YX}$[4, 5]
gradient: 0.0021579552636625254
second_gradient: 2.6938813751062725
b: 3.1407915957473724
f: 8.643235398508864e-07
Precision cutoff reached.
Calculating energies for FreeWilson2D(N_x=2, N_y=2, mass=-4.531, r=1.000)
h_im: 0.0
Lets GO!
Current gradient magnitude: 5607.918367346934
New op index: 61	IIIIZYII	$R_{YZ}$[2, 3]
gradient: -49.99999999999996
second_gradient: -0.49999999999999956
b: -1.5607966601082315
f: 50.50249993750308
Optimization terminated successfully    (Exit mode 0)
            Current function value: 149.99750006249673
            Iterations: 1
            Function evaluations: 2
            Gradient evaluations: 1
Current gradient magnitude: 2641.797552239719
New op index: 59	IIIIIIZY	$R_{YZ}$[0, 1]
gradient: -49.999999999999964
second_gradient: -1.3582279188341113e-17
b: -1.5707963267948966
f: 49.999999999999964
Optimization terminated successfully    (Exit mode 0)
            Current function value: 99.99750006249656
            Iterations: 1
            Function evaluations: 3
            Gradient evaluations: 1
Current gradient magnitude: 1930.236435698453
New op index: 456	IIZYYYII	$R_{YYYZ}$[2, 3, 4, 5]
gradient: -50.00249993750307
second_gradient: -1.340929988453388e-15
b: -1.5707963267948966
f: 50.00249993750307
Optimization terminated successfully    (Exit mode 0)
            Current function value: 49.9925001875047
            Iterations: 2
            Function evaluations: 10
            Gradient evaluations: 2
Current gradient magnitude: 539.5264360513697
New op index: 65	ZYIIIIII	$R_{YZ}$[6, 7]
gradient: -49.99999999999995
second_gradient: 0.005000125015882492
b: -1.570896329294881
f: 49.99500012499657
Optimization terminated successfully    (Exit mode 0)
            Current function value: -0.004999874990446226
            Iterations: 2
            Function evaluations: 15
            Gradient evaluations: 2
Current gradient magnitude: 139.56028169180362
New op index: 37	YXIIIIII	$R_{XY}$[6, 7]
gradient: -2.530612244897955
second_gradient: 2.676646349135522e-16
b: -1.5707963267948968
f: 2.5306122448979544
Optimization terminated successfully    (Exit mode 0)
            Current function value: -2.5356121198884143
            Iterations: 1
            Function evaluations: 6
            Gradient evaluations: 1
Current gradient magnitude: 117.26469039221328
New op index: 45	IIIIIIXY	$R_{YX}$[0, 1]
gradient: -2.5306122448975614
second_gradient: -1.0107487597926677e-23
b: -1.5707963267948966
f: 2.5306122448975614
Optimization terminated successfully    (Exit mode 0)
            Current function value: -5.0662243647859615
            Iterations: 1
            Function evaluations: 7
            Gradient evaluations: 1
Current gradient magnitude: 94.96910730506856
New op index: 446	IIXYYYII	$R_{YYYX}$[2, 3, 4, 5]
gradient: 2.530548984697738
second_gradient: 0.004999735738104514
b: 1.5727720756393995
f: 2.525554188072294
Optimization terminated successfully    (Exit mode 0)
            Current function value: -7.593072237942019
            Iterations: 3
            Function evaluations: 27
            Gradient evaluations: 3
Current gradient magnitude: 54.381238283278606
New op index: 33	IIIIYXII	$R_{XY}$[2, 3]
gradient: 2.531799648174612
second_gradient: 0.002452155591162449
b: 1.571764869004057
f: 2.529348680091639
Optimization terminated successfully    (Exit mode 0)
            Current function value: -10.122446991279714
            Iterations: 2
            Function evaluations: 22
            Gradient evaluations: 2
Current gradient magnitude: 0.07857062036670973
New op index: 33	IIIIYXII	$R_{XY}$[2, 3]
gradient: 0.0021516973333151126
second_gradient: 2.5306174869442586
b: 3.1407423880613634
f: 9.14757090075824e-07
Precision cutoff reached.
Calculating energies for FreeWilson2D(N_x=2, N_y=2, mass=-4.367, r=1.000)
h_im: 0.0
Lets GO!
Current gradient magnitude: 5603.020408163261
New op index: 61	IIIIZYII	$R_{YZ}$[2, 3]
gradient: -49.99999999999996
second_gradient: -0.49999999999999956
b: -1.5607966601082315
f: 50.50249993750308
Optimization terminated successfully    (Exit mode 0)
            Current function value: 149.99750006249673
            Iterations: 1
            Function evaluations: 2
            Gradient evaluations: 1
Current gradient magnitude: 2635.9152177821506
New op index: 59	IIIIIIZY	$R_{YZ}$[0, 1]
gradient: -49.999999999999964
second_gradient: -1.3582279188341113e-17
b: -1.5707963267948966
f: 49.999999999999964
Optimization terminated successfully    (Exit mode 0)
            Current function value: 99.99750006249656
            Iterations: 1
            Function evaluations: 3
            Gradient evaluations: 1
Current gradient magnitude: 1924.5891956088071
New op index: 456	IIZYYYII	$R_{YYYZ}$[2, 3, 4, 5]
gradient: -50.00249993750307
second_gradient: -1.304915495874296e-15
b: -1.5707963267948966
f: 50.00249993750307
Optimization terminated successfully    (Exit mode 0)
            Current function value: 49.9925001875047
            Iterations: 2
            Function evaluations: 10
            Gradient evaluations: 2
Current gradient magnitude: 532.8989099368391
New op index: 65	ZYIIIIII	$R_{YZ}$[6, 7]
gradient: -49.99999999999995
second_gradient: 0.005000125015882491
b: -1.570896329294881
f: 49.99500012499657
Optimization terminated successfully    (Exit mode 0)
            Current function value: -0.004999874990311055
            Iterations: 2
            Function evaluations: 15
            Gradient evaluations: 2
Current gradient magnitude: 132.36867503632152
New op index: 51	XYIIIIII	$R_{YX}$[6, 7]
gradient: 2.3673469387755075
second_gradient: -1.7967947112891412e-15
b: 1.570796326794896
f: 2.3673469387755093
Optimization terminated successfully    (Exit mode 0)
            Current function value: -2.37234681376587
            Iterations: 1
            Function evaluations: 6
            Gradient evaluations: 1
Current gradient magnitude: 111.70570232995854
New op index: 31	IIIIIIYX	$R_{XY}$[0, 1]
gradient: 2.3673469387751367
second_gradient: -2.0191403997286736e-24
b: 1.5707963267948966
f: 2.3673469387751367
Optimization terminated successfully    (Exit mode 0)
            Current function value: -4.739693752540991
            Iterations: 1
            Function evaluations: 7
            Gradient evaluations: 1
Current gradient magnitude: 91.04260900441025
New op index: 386	IIXXXYII	$R_{YXXX}$[2, 3, 4, 5]
gradient: -2.3672877592007993
second_gradient: 0.004999764366086221
b: -1.572908345881984
f: 2.3622932746355616
Optimization terminated successfully    (Exit mode 0)
            Current function value: -7.103277416098235
            Iterations: 3
            Function evaluations: 27
            Gradient evaluations: 3
Current gradient magnitude: 52.42267271203416
New op index: 616	IIYXZZII	$R_{ZZXY}$[2, 3, 4, 5]
gradient: 2.3685394209545407
second_gradient: 0.0024563791402515364
b: 1.5718334124510904
f: 2.3660843155521896
Optimization terminated successfully    (Exit mode 0)
            Current function value: -9.469385641071902
            Iterations: 2
            Function evaluations: 22
            Gradient evaluations: 2
Current gradient magnitude: 0.0752869889935956
New op index: 616	IIYXZZII	$R_{ZZXY}$[2, 3, 4, 5]
gradient: 0.0021393453292411144
second_gradient: 2.367354014151701
b: 3.1406889675613887
f: 9.666483076209431e-07
Precision cutoff reached.
Calculating energies for FreeWilson2D(N_x=2, N_y=2, mass=-4.204, r=1.000)
h_im: 0.0
Lets GO!
Current gradient magnitude: 5598.122448979588
New op index: 61	IIIIZYII	$R_{YZ}$[2, 3]
gradient: -49.99999999999996
second_gradient: -0.49999999999999956
b: -1.5607966601082315
f: 50.50249993750308
Optimization terminated successfully    (Exit mode 0)
            Current function value: 149.99750006249673
            Iterations: 1
            Function evaluations: 2
            Gradient evaluations: 1
Current gradient magnitude: 2630.0328833245817
New op index: 59	IIIIIIZY	$R_{YZ}$[0, 1]
gradient: -49.999999999999964
second_gradient: -1.3582279188341113e-17
b: -1.5707963267948966
f: 49.999999999999964
Optimization terminated successfully    (Exit mode 0)
            Current function value: 99.99750006249656
            Iterations: 1
            Function evaluations: 3
            Gradient evaluations: 1
Current gradient magnitude: 1918.9419555191605
New op index: 456	IIZYYYII	$R_{YYYZ}$[2, 3, 4, 5]
gradient: -50.00249993750307
second_gradient: -1.2689010032952041e-15
b: -1.5707963267948966
f: 50.00249993750307
Optimization terminated successfully    (Exit mode 0)
            Current function value: 49.9925001875047
            Iterations: 2
            Function evaluations: 10
            Gradient evaluations: 2
Current gradient magnitude: 526.2713838223087
New op index: 65	ZYIIIIII	$R_{YZ}$[6, 7]
gradient: -49.99999999999995
second_gradient: 0.005000125015882489
b: -1.570896329294881
f: 49.99500012499657
Optimization terminated successfully    (Exit mode 0)
            Current function value: -0.004999874990417669
            Iterations: 2
            Function evaluations: 15
            Gradient evaluations: 2
Current gradient magnitude: 125.1770008831935
New op index: 37	YXIIIIII	$R_{XY}$[6, 7]
gradient: -2.2040816326530583
second_gradient: 6.2224740063896896e-18
b: -1.5707963267948966
f: 2.2040816326530583
Optimization terminated successfully    (Exit mode 0)
            Current function value: -2.2090815076434756
            Iterations: 1
            Function evaluations: 6
            Gradient evaluations: 1
Current gradient magnitude: 106.146634100706
New op index: 45	IIIIIIXY	$R_{YX}$[0, 1]
gradient: -2.2040816326527093
second_gradient: 8.22921465312931e-24
b: -1.5707963267948966
f: 2.2040816326527093
Optimization terminated successfully    (Exit mode 0)
            Current function value: -4.413163140296184
            Iterations: 1
            Function evaluations: 7
            Gradient evaluations: 1
Current gradient magnitude: 87.11627894814312
New op index: 35	IIYXIIII	$R_{XY}$[4, 5]
gradient: -2.2040265346394956
second_gradient: 0.004999754785494623
b: -1.5730647868750343
f: 2.1990324507285033
Optimization terminated successfully    (Exit mode 0)
            Current function value: -6.613482606333274
            Iterations: 3
            Function evaluations: 27
            Gradient evaluations: 3
Current gradient magnitude: 50.47029143031821
New op index: 426	IIZZXYII	$R_{YXZZ}$[2, 3, 4, 5]
gradient: 2.2052791828150546
second_gradient: 0.0024605772878900454
b: 1.5719120931277848
f: 2.2028199782419557
Optimization terminated successfully    (Exit mode 0)
            Current function value: -8.816326530608372
            Iterations: 4
            Function evaluations: 43
            Gradient evaluations: 4
Current gradient magnitude: 0.00026864119115127945
New op index: 143	IIIXXYII	$R_{YXX}$[2, 3, 4]
gradient: 1.1366289168840454e-05
second_gradient: 53.30612244897803
b: 3.141592440363082
f: 1.2150280781497713e-12
Precision cutoff reached.
Calculating energies for FreeWilson2D(N_x=2, N_y=2, mass=-4.041, r=1.000)
h_im: 0.0
Lets GO!
Current gradient magnitude: 5593.2244897959135
New op index: 61	IIIIZYII	$R_{YZ}$[2, 3]
gradient: -49.99999999999996
second_gradient: -0.49999999999999956
b: -1.5607966601082315
f: 50.50249993750308
Optimization terminated successfully    (Exit mode 0)
            Current function value: 149.99750006249673
            Iterations: 1
            Function evaluations: 2
            Gradient evaluations: 1
Current gradient magnitude: 2624.150548867013
New op index: 59	IIIIIIZY	$R_{YZ}$[0, 1]
gradient: -49.999999999999964
second_gradient: -1.3582279188341113e-17
b: -1.5707963267948966
f: 49.999999999999964
Optimization terminated successfully    (Exit mode 0)
            Current function value: 99.99750006249656
            Iterations: 1
            Function evaluations: 3
            Gradient evaluations: 1
Current gradient magnitude: 1913.2947154295143
New op index: 456	IIZYYYII	$R_{YYYZ}$[2, 3, 4, 5]
gradient: -50.00249993750307
second_gradient: -1.2328865107161122e-15
b: -1.5707963267948966
f: 50.00249993750307
Optimization terminated successfully    (Exit mode 0)
            Current function value: 49.9925001875047
            Iterations: 2
            Function evaluations: 10
            Gradient evaluations: 2
Current gradient magnitude: 519.6438577077782
New op index: 65	ZYIIIIII	$R_{YZ}$[6, 7]
gradient: -49.99999999999995
second_gradient: 0.005000125015882488
b: -1.570896329294881
f: 49.99500012499657
Optimization terminated successfully    (Exit mode 0)
            Current function value: -0.004999874990048161
            Iterations: 2
            Function evaluations: 15
            Gradient evaluations: 2
Current gradient magnitude: 117.98536816068024
New op index: 37	YXIIIIII	$R_{XY}$[6, 7]
gradient: -2.040816326530609
second_gradient: -1.8332203928221155e-17
b: -1.5707963267948966
f: 2.040816326530609
Optimization terminated successfully    (Exit mode 0)
            Current function value: -2.0458162015206756
            Iterations: 1
            Function evaluations: 6
            Gradient evaluations: 1
Current gradient magnitude: 100.58760408991067
New op index: 45	IIIIIIXY	$R_{YX}$[0, 1]
gradient: -2.0408163265302903
second_gradient: -2.0369864194088678e-24
b: -1.5707963267948966
f: 2.0408163265302903
Optimization terminated successfully    (Exit mode 0)
            Current function value: -4.0866325280509805
            Iterations: 1
            Function evaluations: 7
            Gradient evaluations: 1
Current gradient magnitude: 83.18985718120382
New op index: 47	IIIIXYII	$R_{YX}$[2, 3]
gradient: -2.040765310435617
second_gradient: 0.004999726158136601
b: -1.573246248953796
f: 2.0357717087504956
Optimization terminated successfully    (Exit mode 0)
            Current function value: -6.1236878107647215
            Iterations: 3
            Function evaluations: 27
            Gradient evaluations: 3
Current gradient magnitude: 48.51373292475891
New op index: 49	IIXYIIII	$R_{YX}$[4, 5]
gradient: 2.0420189662318577
second_gradient: 0.0024647834973224847
b: 1.572003358825979
f: 2.0395556702710316
Optimization terminated successfully    (Exit mode 0)
            Current function value: -8.163265306104421
            Iterations: 4
            Function evaluations: 43
            Gradient evaluations: 4
Current gradient magnitude: 0.00037300443369411504
New op index: 35	IIYXIIII	$R_{XY}$[4, 5]
gradient: 5.165014602643483e-06
second_gradient: 2.040816326545695
b: 3.141590122732638
f: 6.5361049905732216e-12
Precision cutoff reached.
Calculating energies for FreeWilson2D(N_x=2, N_y=2, mass=-3.878, r=1.000)
h_im: 0.0
Lets GO!
Current gradient magnitude: 5588.32653061224
New op index: 61	IIIIZYII	$R_{YZ}$[2, 3]
gradient: -49.99999999999996
second_gradient: -0.49999999999999956
b: -1.5607966601082315
f: 50.50249993750308
Optimization terminated successfully    (Exit mode 0)
            Current function value: 149.99750006249673
            Iterations: 1
            Function evaluations: 2
            Gradient evaluations: 1
Current gradient magnitude: 2618.2682144094447
New op index: 59	IIIIIIZY	$R_{YZ}$[0, 1]
gradient: -49.999999999999964
second_gradient: -1.3582279188341113e-17
b: -1.5707963267948966
f: 49.999999999999964
Optimization terminated successfully    (Exit mode 0)
            Current function value: 99.99750006249656
            Iterations: 1
            Function evaluations: 3
            Gradient evaluations: 1
Current gradient magnitude: 1907.6474753398682
New op index: 456	IIZYYYII	$R_{YYYZ}$[2, 3, 4, 5]
gradient: -50.00249993750307
second_gradient: -1.1968720181370203e-15
b: -1.5707963267948966
f: 50.00249993750307
Optimization terminated successfully    (Exit mode 0)
            Current function value: 49.9925001875047
            Iterations: 2
            Function evaluations: 10
            Gradient evaluations: 2
Current gradient magnitude: 513.0163315932477
New op index: 65	ZYIIIIII	$R_{YZ}$[6, 7]
gradient: -49.99999999999995
second_gradient: 0.005000125015882487
b: -1.570896329294881
f: 49.99500012499657
Optimization terminated successfully    (Exit mode 0)
            Current function value: -0.0049998749904531575
            Iterations: 2
            Function evaluations: 15
            Gradient evaluations: 2
Current gradient magnitude: 110.79365116483885
New op index: 51	XYIIIIII	$R_{YX}$[6, 7]
gradient: 1.877551020408161
second_gradient: -1.821695119644049e-15
b: 1.5707963267948957
f: 1.8775510204081627
Optimization terminated successfully    (Exit mode 0)
            Current function value: -1.8825508953985723
            Iterations: 1
            Function evaluations: 6
            Gradient evaluations: 1
Current gradient magnitude: 95.02850793125015
New op index: 45	IIIIIIXY	$R_{YX}$[0, 1]
gradient: -1.8775510204078714
second_gradient: 8.840793506088754e-24
b: -1.5707963267948966
f: 1.8775510204078714
Optimization terminated successfully    (Exit mode 0)
            Current function value: -3.760101915806436
            Iterations: 1
            Function evaluations: 7
            Gradient evaluations: 1
Current gradient magnitude: 79.26337208023371
New op index: 33	IIIIYXII	$R_{XY}$[2, 3]
gradient: 1.8775040853302016
second_gradient: 0.00499974056894407
b: 1.5734592923722506
f: 1.872511001833707
Optimization terminated successfully    (Exit mode 0)
            Current function value: -5.633893036262499
            Iterations: 3
            Function evaluations: 27
            Gradient evaluations: 3
Current gradient magnitude: 46.54417081263206
New op index: 626	IIXYZZII	$R_{ZZYX}$[2, 3, 4, 5]
gradient: -1.8787588259720351
second_gradient: 0.0024690536763684956
b: -1.572110520091449
f: 1.8762913947027953
Optimization terminated successfully    (Exit mode 0)
            Current function value: -7.510202919857924
            Iterations: 4
            Function evaluations: 42
            Gradient evaluations: 4
Current gradient magnitude: 0.0600384449994667
New op index: 33	IIIIYXII	$R_{XY}$[2, 3]
gradient: -0.0013658688885392067
second_gradient: 1.8775599682748805
b: -3.1408651835378785
f: 4.968143776373779e-07
Precision cutoff reached.
Calculating energies for FreeWilson2D(N_x=2, N_y=2, mass=-3.714, r=1.000)
h_im: 0.0
Lets GO!
Current gradient magnitude: 5583.428571428567
New op index: 61	IIIIZYII	$R_{YZ}$[2, 3]
gradient: -49.99999999999996
second_gradient: -0.49999999999999956
b: -1.5607966601082315
f: 50.50249993750308
Optimization terminated successfully    (Exit mode 0)
            Current function value: 149.99750006249673
            Iterations: 1
            Function evaluations: 2
            Gradient evaluations: 1
Current gradient magnitude: 2612.3858799518757
New op index: 59	IIIIIIZY	$R_{YZ}$[0, 1]
gradient: -49.999999999999964
second_gradient: -1.3582279188341113e-17
b: -1.5707963267948966
f: 49.999999999999964
Optimization terminated successfully    (Exit mode 0)
            Current function value: 99.99750006249656
            Iterations: 1
            Function evaluations: 3
            Gradient evaluations: 1
Current gradient magnitude: 1902.0002352502217
New op index: 456	IIZYYYII	$R_{YYYZ}$[2, 3, 4, 5]
gradient: -50.00249993750307
second_gradient: -1.1608575255579283e-15
b: -1.5707963267948966
f: 50.00249993750307
Optimization terminated successfully    (Exit mode 0)
            Current function value: 49.9925001875047
            Iterations: 2
            Function evaluations: 10
            Gradient evaluations: 2
Current gradient magnitude: 506.38880547871725
New op index: 65	ZYIIIIII	$R_{YZ}$[6, 7]
gradient: -49.99999999999995
second_gradient: 0.0050001250158824865
b: -1.570896329294881
f: 49.99500012499657
Optimization terminated successfully    (Exit mode 0)
            Current function value: -0.004999874990517079
            Iterations: 2
            Function evaluations: 15
            Gradient evaluations: 2
Current gradient magnitude: 103.60200509705184
New op index: 37	YXIIIIII	$R_{XY}$[6, 7]
gradient: -1.7142857142857117
second_gradient: -9.956026002510305e-17
b: -1.5707963267948966
f: 1.7142857142857117
Optimization terminated successfully    (Exit mode 0)
            Current function value: -1.7192855892761347
            Iterations: 1
            Function evaluations: 6
            Gradient evaluations: 1
Current gradient magnitude: 89.46947285236183
New op index: 31	IIIIIIYX	$R_{XY}$[0, 1]
gradient: 1.714285714285445
second_gradient: 3.5646502287051284e-16
b: 1.5707963267948968
f: 1.7142857142854446
Optimization terminated successfully    (Exit mode 0)
            Current function value: -3.43357130356158
            Iterations: 1
            Function evaluations: 7
            Gradient evaluations: 1
Current gradient magnitude: 75.33681965967813
New op index: 33	IIIIYXII	$R_{XY}$[2, 3]
gradient: 1.7142428604369684
second_gradient: 0.004999745346644503
b: 1.5737129095529891
f: 1.7092504061810285
Optimization terminated successfully    (Exit mode 0)
            Current function value: -5.144097363413487
            Iterations: 2
            Function evaluations: 19
            Gradient evaluations: 2
Current gradient magnitude: 44.56671798893108
New op index: 35	IIYXIIII	$R_{XY}$[4, 5]
gradient: -1.715504973496941
second_gradient: 0.002479710561993627
b: -1.5722417955479948
f: 1.7130270551073266
Optimization terminated successfully    (Exit mode 0)
            Current function value: -6.857142553402219
            Iterations: 4
            Function evaluations: 39
            Gradient evaluations: 4
Current gradient magnitude: 0.026494112758236946
New op index: 121	IZYXIIII	$R_{XYZ}$[4, 5, 6]
gradient: 0.0008448938472677827
second_gradient: 1.7142896971404156
b: 3.1410998000305215
f: 2.082044743278999e-07
Precision cutoff reached.
Calculating energies for FreeWilson2D(N_x=2, N_y=2, mass=-3.551, r=1.000)
h_im: 0.0
Lets GO!
Current gradient magnitude: 5578.530612244893
New op index: 61	IIIIZYII	$R_{YZ}$[2, 3]
gradient: -49.99999999999996
second_gradient: -0.49999999999999956
b: -1.5607966601082315
f: 50.50249993750308
Optimization terminated successfully    (Exit mode 0)
            Current function value: 149.99750006249673
            Iterations: 1
            Function evaluations: 2
            Gradient evaluations: 1
Current gradient magnitude: 2606.5035454943077
New op index: 59	IIIIIIZY	$R_{YZ}$[0, 1]
gradient: -49.999999999999964
second_gradient: -1.3582279188341113e-17
b: -1.5707963267948966
f: 49.999999999999964
Optimization terminated successfully    (Exit mode 0)
            Current function value: 99.99750006249656
            Iterations: 1
            Function evaluations: 3
            Gradient evaluations: 1
Current gradient magnitude: 1896.3529951605758
New op index: 456	IIZYYYII	$R_{YYYZ}$[2, 3, 4, 5]
gradient: -50.00249993750307
second_gradient: -1.1248430329788364e-15
b: -1.5707963267948966
f: 50.00249993750307
Optimization terminated successfully    (Exit mode 0)
            Current function value: 49.9925001875047
            Iterations: 2
            Function evaluations: 10
            Gradient evaluations: 2
Current gradient magnitude: 499.7612793641867
New op index: 65	ZYIIIIII	$R_{YZ}$[6, 7]
gradient: -49.99999999999995
second_gradient: 0.005000125015882485
b: -1.570896329294881
f: 49.99500012499657
Optimization terminated successfully    (Exit mode 0)
            Current function value: -0.0049998749900766115
            Iterations: 2
            Function evaluations: 15
            Gradient evaluations: 2
Current gradient magnitude: 96.41039617002001
New op index: 51	XYIIIIII	$R_{YX}$[6, 7]
gradient: 1.551020408163264
second_gradient: -6.291801862276348e-15
b: 1.5707963267948926
f: 1.5510204081632701
Optimization terminated successfully    (Exit mode 0)
            Current function value: -1.5560202831533707
            Iterations: 1
            Function evaluations: 6
            Gradient evaluations: 1
Current gradient magnitude: 83.91046719730603
New op index: 384	IIIIXXXY	$R_{YXXX}$[0, 1, 2, 3]
gradient: -1.5510204081630263
second_gradient: -5.247505975551733e-24
b: -1.5707963267948966
f: 1.5510204081630263
Optimization terminated successfully    (Exit mode 0)
            Current function value: -3.107040691316397
            Iterations: 1
            Function evaluations: 7
            Gradient evaluations: 1
Current gradient magnitude: 71.41055543385335
New op index: 426	IIZZXYII	$R_{YXZZ}$[2, 3, 4, 5]
gradient: 1.550981635930582
second_gradient: 0.004999726189654435
b: 1.5740199038867744
f: 1.5459899682493112
Optimization terminated successfully    (Exit mode 0)
            Current function value: -4.654303019767008
            Iterations: 3
            Function evaluations: 28
            Gradient evaluations: 3
Current gradient magnitude: 42.633934244285726
New op index: 626	IIXYZZII	$R_{ZZYX}$[2, 3, 4, 5]
gradient: -1.552243718447194
second_gradient: 0.0024828049972988606
b: -1.5723958197420895
f: 1.5497628990648598
Optimization terminated successfully    (Exit mode 0)
            Current function value: -6.20408162399242
            Iterations: 6
            Function evaluations: 58
            Gradient evaluations: 6
Current gradient magnitude: 0.006454339117459973
New op index: 35	IIYXIIII	$R_{XY}$[4, 5]
gradient: -0.00011457651474127903
second_gradient: 1.5510204039324762
b: -3.1415187818894323
f: 4.231980987867701e-09
Precision cutoff reached.
Calculating energies for FreeWilson2D(N_x=2, N_y=2, mass=-3.388, r=1.000)
h_im: 0.0
Lets GO!
Current gradient magnitude: 5573.6326530612205
New op index: 61	IIIIZYII	$R_{YZ}$[2, 3]
gradient: -49.99999999999996
second_gradient: -0.49999999999999956
b: -1.5607966601082315
f: 50.50249993750308
Optimization terminated successfully    (Exit mode 0)
            Current function value: 149.99750006249673
            Iterations: 1
            Function evaluations: 2
            Gradient evaluations: 1
Current gradient magnitude: 2600.6212110367387
New op index: 59	IIIIIIZY	$R_{YZ}$[0, 1]
gradient: -49.999999999999964
second_gradient: -1.3582279188341113e-17
b: -1.5707963267948966
f: 49.999999999999964
Optimization terminated successfully    (Exit mode 0)
            Current function value: 99.99750006249656
            Iterations: 1
            Function evaluations: 3
            Gradient evaluations: 1
Current gradient magnitude: 1890.7057550709294
New op index: 456	IIZYYYII	$R_{YYYZ}$[2, 3, 4, 5]
gradient: -50.00249993750307
second_gradient: -1.0888285403997445e-15
b: -1.5707963267948966
f: 50.00249993750307
Optimization terminated successfully    (Exit mode 0)
            Current function value: 49.9925001875047
            Iterations: 2
            Function evaluations: 10
            Gradient evaluations: 2
Current gradient magnitude: 493.13375324965625
New op index: 65	ZYIIIIII	$R_{YZ}$[6, 7]
gradient: -49.99999999999995
second_gradient: 0.005000125015882484
b: -1.570896329294881
f: 49.99500012499657
Optimization terminated successfully    (Exit mode 0)
            Current function value: -0.0049998749904602855
            Iterations: 2
            Function evaluations: 15
            Gradient evaluations: 2
Current gradient magnitude: 89.21867937873108
New op index: 37	YXIIIIII	$R_{XY}$[6, 7]
gradient: -1.3877551020408143
second_gradient: 2.1021016310569094e-17
b: -1.5707963267948966
f: 1.3877551020408143
Optimization terminated successfully    (Exit mode 0)
            Current function value: -1.3927549770312742
            Iterations: 1
            Function evaluations: 6
            Gradient evaluations: 1
Current gradient magnitude: 78.35137876235385
New op index: 45	IIIIIIXY	$R_{YX}$[0, 1]
gradient: -1.3877551020406003
second_gradient: -4.982622161656451e-25
b: -1.5707963267948966
f: 1.3877551020406003
Optimization terminated successfully    (Exit mode 0)
            Current function value: -2.780510079071882
            Iterations: 1
            Function evaluations: 7
            Gradient evaluations: 1
Current gradient magnitude: 67.48408210036999
New op index: 33	IIIIYXII	$R_{XY}$[2, 3]
gradient: 1.3877204106987193
second_gradient: 0.004999754801788677
b: 1.5743991657602991
f: 1.382729662562382
Optimization terminated successfully    (Exit mode 0)
            Current function value: -4.164508583198894
            Iterations: 3
            Function evaluations: 29
            Gradient evaluations: 3
Current gradient magnitude: 40.667098329939805
New op index: 121	IZYXIIII	$R_{XYZ}$[4, 5, 6]
gradient: -1.388982174074549
second_gradient: 0.0024855975440326566
b: -1.5725858349233548
f: 1.3864988005296144
Optimization terminated successfully    (Exit mode 0)
            Current function value: -5.55102020268831
            Iterations: 4
            Function evaluations: 41
            Gradient evaluations: 4
Current gradient magnitude: 0.029912895856403922
New op index: 179	IIIXZYII	$R_{YZX}$[2, 3, 4]
gradient: 0.0006319765295107062
second_gradient: 1.3877597240043045
b: 3.1411372602858285
f: 1.4389894231747746e-07
Precision cutoff reached.
Calculating energies for FreeWilson2D(N_x=2, N_y=2, mass=-3.224, r=1.000)
h_im: 0.0
Lets GO!
Current gradient magnitude: 5568.734693877546
New op index: 61	IIIIZYII	$R_{YZ}$[2, 3]
gradient: -49.99999999999996
second_gradient: -0.49999999999999956
b: -1.5607966601082315
f: 50.50249993750308
Optimization terminated successfully    (Exit mode 0)
            Current function value: 149.99750006249673
            Iterations: 1
            Function evaluations: 2
            Gradient evaluations: 1
Current gradient magnitude: 2594.73887657917
New op index: 59	IIIIIIZY	$R_{YZ}$[0, 1]
gradient: -49.999999999999964
second_gradient: -1.3582279188341113e-17
b: -1.5707963267948966
f: 49.999999999999964
Optimization terminated successfully    (Exit mode 0)
            Current function value: 99.99750006249656
            Iterations: 1
            Function evaluations: 3
            Gradient evaluations: 1
Current gradient magnitude: 1885.0585149812828
New op index: 456	IIZYYYII	$R_{YYYZ}$[2, 3, 4, 5]
gradient: -50.00249993750307
second_gradient: -1.0528140478206525e-15
b: -1.5707963267948966
f: 50.00249993750307
Optimization terminated successfully    (Exit mode 0)
            Current function value: 49.9925001875047
            Iterations: 2
            Function evaluations: 10
            Gradient evaluations: 2
Current gradient magnitude: 486.50622713512576
New op index: 65	ZYIIIIII	$R_{YZ}$[6, 7]
gradient: -49.99999999999995
second_gradient: 0.005000125015882483
b: -1.570896329294881
f: 49.99500012499657
Optimization terminated successfully    (Exit mode 0)
            Current function value: -0.004999874990367911
            Iterations: 2
            Function evaluations: 15
            Gradient evaluations: 2
Current gradient magnitude: 82.02702640579602
New op index: 51	XYIIIIII	$R_{YX}$[6, 7]
gradient: 1.224489795918366
second_gradient: -6.3426501544508856e-15
b: 1.5707963267948915
f: 1.2244897959183725
Optimization terminated successfully    (Exit mode 0)
            Current function value: -1.2294896709087872
            Iterations: 1
            Function evaluations: 6
            Gradient evaluations: 1
Current gradient magnitude: 72.79233033611467
New op index: 31	IIIIIIYX	$R_{XY}$[0, 1]
gradient: 1.2244897959181877
second_gradient: 1.004166998917145e-23
b: 1.5707963267948966
f: 1.2244897959181877
Optimization terminated successfully    (Exit mode 0)
            Current function value: -2.4539794668269614
            Iterations: 1
            Function evaluations: 7
            Gradient evaluations: 1
Current gradient magnitude: 63.55750864155773
New op index: 336	IIZZYXII	$R_{XYZZ}$[2, 3, 4, 5]
gradient: -1.224459186144366
second_gradient: 0.004999735714072482
b: -1.5748795236744586
f: 1.2194696578971087
Optimization terminated successfully    (Exit mode 0)
            Current function value: -3.6747141663107827
            Iterations: 3
            Function evaluations: 26
            Gradient evaluations: 3
Current gradient magnitude: 38.73741943019532
New op index: 428	ZZXYIIII	$R_{YXZZ}$[4, 5, 6, 7]
gradient: -1.2257209007925098
second_gradient: 0.0024886568215175425
b: -1.572826685745451
f: 1.2232347704051865
Optimization terminated successfully    (Exit mode 0)
            Current function value: -4.897959078426919
            Iterations: 4
            Function evaluations: 42
            Gradient evaluations: 4
Current gradient magnitude: 0.01766293519601517
New op index: 47	IIIIXYII	$R_{YX}$[2, 3]
gradient: -0.0003576953915083104
second_gradient: 1.2244942853605494
b: -3.141300536766048
f: 5.224442123363815e-08
Precision cutoff reached.
Calculating energies for FreeWilson2D(N_x=2, N_y=2, mass=-3.061, r=1.000)
h_im: 0.0
Lets GO!
Current gradient magnitude: 5563.836734693873
New op index: 61	IIIIZYII	$R_{YZ}$[2, 3]
gradient: -49.99999999999996
second_gradient: -0.49999999999999956
b: -1.5607966601082315
f: 50.50249993750308
Optimization terminated successfully    (Exit mode 0)
            Current function value: 149.99750006249673
            Iterations: 1
            Function evaluations: 2
            Gradient evaluations: 1
Current gradient magnitude: 2588.8565421216017
New op index: 59	IIIIIIZY	$R_{YZ}$[0, 1]
gradient: -49.999999999999964
second_gradient: -1.3582279188341113e-17
b: -1.5707963267948966
f: 49.999999999999964
Optimization terminated successfully    (Exit mode 0)
            Current function value: 99.99750006249656
            Iterations: 1
            Function evaluations: 3
            Gradient evaluations: 1
Current gradient magnitude: 1879.4112748916366
New op index: 456	IIZYYYII	$R_{YYYZ}$[2, 3, 4, 5]
gradient: -50.00249993750307
second_gradient: -1.0167995552415608e-15
b: -1.5707963267948966
f: 50.00249993750307
Optimization terminated successfully    (Exit mode 0)
            Current function value: 49.9925001875047
            Iterations: 2
            Function evaluations: 10
            Gradient evaluations: 2
Current gradient magnitude: 479.8787010205952
New op index: 65	ZYIIIIII	$R_{YZ}$[6, 7]
gradient: -49.99999999999995
second_gradient: 0.005000125015882481
b: -1.570896329294881
f: 49.99500012499657
Optimization terminated successfully    (Exit mode 0)
            Current function value: -0.00499987499040336
            Iterations: 2
            Function evaluations: 15
            Gradient evaluations: 2
Current gradient magnitude: 74.83535929228097
New op index: 268	XYXXIIII	$R_{XXYX}$[4, 5, 6, 7]
gradient: 1.061224489795917
second_gradient: -4.330460137099087e-15
b: 1.5707963267948926
f: 1.0612244897959215
Optimization terminated successfully    (Exit mode 0)
            Current function value: -1.0662243647863283
            Iterations: 1
            Function evaluations: 6
            Gradient evaluations: 1
Current gradient magnitude: 67.23327737376816
New op index: 31	IIIIIIYX	$R_{XY}$[0, 1]
gradient: 1.0612244897957595
second_gradient: -7.505741166808277e-24
b: 1.5707963267948966
f: 1.0612244897957595
Optimization terminated successfully    (Exit mode 0)
            Current function value: -2.1274488545820764
            Iterations: 1
            Function evaluations: 7
            Gradient evaluations: 1
Current gradient magnitude: 59.63106795522539
New op index: 33	IIIIYXII	$R_{XY}$[2, 3]
gradient: 1.0611979613752922
second_gradient: 0.004999730986315369
b: 1.5755076946784088
f: 1.0562100081967603
Optimization terminated successfully    (Exit mode 0)
            Current function value: -3.1849197729517402
            Iterations: 3
            Function evaluations: 29
            Gradient evaluations: 3
Current gradient magnitude: 36.77122506474754
New op index: 626	IIXYZZII	$R_{ZZYX}$[2, 3, 4, 5]
gradient: -1.0624601754072955
second_gradient: 0.0024922606158299027
b: -1.573142067465743
f: 1.0599708378913504
Optimization terminated successfully    (Exit mode 0)
            Current function value: -4.244894780615415
            Iterations: 2
            Function evaluations: 21
            Gradient evaluations: 2
Current gradient magnitude: 0.0940258192471314
New op index: 180	IIXZYIII	$R_{YZX}$[3, 4, 5]
gradient: 0.0022932884396512686
second_gradient: 1.061747168393559
b: 3.139432737423617
f: 2.476656350003381e-06
Precision cutoff reached.
Calculating energies for FreeWilson2D(N_x=2, N_y=2, mass=-2.898, r=1.000)
h_im: 0.0
Lets GO!
Current gradient magnitude: 5558.9387755102
New op index: 61	IIIIZYII	$R_{YZ}$[2, 3]
gradient: -49.99999999999996
second_gradient: -0.49999999999999956
b: -1.5607966601082315
f: 50.50249993750308
Optimization terminated successfully    (Exit mode 0)
            Current function value: 149.99750006249673
            Iterations: 1
            Function evaluations: 2
            Gradient evaluations: 1
Current gradient magnitude: 2582.9742076640323
New op index: 59	IIIIIIZY	$R_{YZ}$[0, 1]
gradient: -49.999999999999964
second_gradient: -1.3582279188341113e-17
b: -1.5707963267948966
f: 49.999999999999964
Optimization terminated successfully    (Exit mode 0)
            Current function value: 99.99750006249656
            Iterations: 1
            Function evaluations: 3
            Gradient evaluations: 1
Current gradient magnitude: 1873.7640348019904
New op index: 456	IIZYYYII	$R_{YYYZ}$[2, 3, 4, 5]
gradient: -50.00249993750307
second_gradient: -9.807850626624689e-16
b: -1.5707963267948966
f: 50.00249993750307
Optimization terminated successfully    (Exit mode 0)
            Current function value: 49.9925001875047
            Iterations: 2
            Function evaluations: 10
            Gradient evaluations: 2
Current gradient magnitude: 473.25117490606476
New op index: 65	ZYIIIIII	$R_{YZ}$[6, 7]
gradient: -49.99999999999995
second_gradient: 0.0050001250158824805
b: -1.570896329294881
f: 49.99500012499657
Optimization terminated successfully    (Exit mode 0)
            Current function value: -0.004999874990431855
            Iterations: 2
            Function evaluations: 15
            Gradient evaluations: 2
Current gradient magnitude: 67.64371817664171
New op index: 37	YXIIIIII	$R_{XY}$[6, 7]
gradient: -0.8979591836734683
second_gradient: -1.5860808966291257e-17
b: -1.5707963267948966
f: 0.8979591836734683
Optimization terminated successfully    (Exit mode 0)
            Current function value: -0.9029590586638483
            Iterations: 1
            Function evaluations: 6
            Gradient evaluations: 1
Current gradient magnitude: 61.67424720012281
New op index: 45	IIIIIIXY	$R_{YX}$[0, 1]
gradient: -0.8979591836733292
second_gradient: -2.821094400704274e-24
b: -1.5707963267948966
f: 0.8979591836733292
Optimization terminated successfully    (Exit mode 0)
            Current function value: -1.8009182423372059
            Iterations: 1
            Function evaluations: 7
            Gradient evaluations: 1
Current gradient magnitude: 55.704782121552995
New op index: 426	IIZZXYII	$R_{YXZZ}$[2, 3, 4, 5]
gradient: 0.8979367365055287
second_gradient: 0.004999735751412045
b: 1.576364295985048
f: 0.8929509199773888
Optimization terminated successfully    (Exit mode 0)
            Current function value: -2.6951253802341117
            Iterations: 3
            Function evaluations: 29
            Gradient evaluations: 3
Current gradient magnitude: 34.83311578149198
New op index: 121	IZYXIIII	$R_{XYZ}$[4, 5, 6]
gradient: -0.8992000422786575
second_gradient: 0.002496450490872762
b: -1.5735726212337706
f: 0.896707057230818
Optimization terminated successfully    (Exit mode 0)
            Current function value: -3.591833314414524
            Iterations: 1
            Function evaluations: 10
            Gradient evaluations: 1
Current gradient magnitude: 0.16637183764801275
New op index: 180	IIXZYIII	$R_{YZX}$[3, 4, 5]
gradient: 0.0027932856422994016
second_gradient: 0.8987344914387805
b: 3.1384846426313047
f: 4.3407846874732314e-06
Precision cutoff reached.
Calculating energies for FreeWilson2D(N_x=2, N_y=2, mass=-2.735, r=1.000)
h_im: 0.0
Lets GO!
Current gradient magnitude: 5554.040816326526
New op index: 61	IIIIZYII	$R_{YZ}$[2, 3]
gradient: -49.99999999999996
second_gradient: -0.49999999999999956
b: -1.5607966601082315
f: 50.50249993750308
Optimization terminated successfully    (Exit mode 0)
            Current function value: 149.99750006249673
            Iterations: 1
            Function evaluations: 2
            Gradient evaluations: 1
Current gradient magnitude: 2577.0918732064642
New op index: 59	IIIIIIZY	$R_{YZ}$[0, 1]
gradient: -49.999999999999964
second_gradient: -1.3582279188341113e-17
b: -1.5707963267948966
f: 49.999999999999964
Optimization terminated successfully    (Exit mode 0)
            Current function value: 99.99750006249656
            Iterations: 1
            Function evaluations: 3
            Gradient evaluations: 1
Current gradient magnitude: 1868.1167947123445
New op index: 456	IIZYYYII	$R_{YYYZ}$[2, 3, 4, 5]
gradient: -50.00249993750307
second_gradient: -9.44770570083377e-16
b: -1.5707963267948966
f: 50.00249993750307
Optimization terminated successfully    (Exit mode 0)
            Current function value: 49.9925001875047
            Iterations: 2
            Function evaluations: 10
            Gradient evaluations: 2
Current gradient magnitude: 466.62364879153427
New op index: 65	ZYIIIIII	$R_{YZ}$[6, 7]
gradient: -49.99999999999995
second_gradient: 0.00500012501588248
b: -1.570896329294881
f: 49.99500012499657
Optimization terminated successfully    (Exit mode 0)
            Current function value: -0.004999874990225783
            Iterations: 2
            Function evaluations: 15
            Gradient evaluations: 2
Current gradient magnitude: 60.45209306043305
New op index: 268	XYXXIIII	$R_{XXYX}$[4, 5, 6, 7]
gradient: 0.7346938775510209
second_gradient: -1.77437840241045e-14
b: 1.5707963267948726
f: 0.7346938775510387
Optimization terminated successfully    (Exit mode 0)
            Current function value: -0.7396937525412901
            Iterations: 1
            Function evaluations: 6
            Gradient evaluations: 1
Current gradient magnitude: 56.11522499583904
New op index: 31	IIIIIIYX	$R_{XY}$[0, 1]
gradient: 0.7346938775509206
second_gradient: -1.4244257017701441e-24
b: 1.5707963267948966
f: 0.7346938775509206
Optimization terminated successfully    (Exit mode 0)
            Current function value: -1.4743876300922072
            Iterations: 1
            Function evaluations: 7
            Gradient evaluations: 1
Current gradient magnitude: 51.77824039325772
New op index: 316	IIYYYXII	$R_{XYYY}$[2, 3, 4, 5]
gradient: 0.7346755117221946
second_gradient: 0.004999730873597417
b: 1.5776015811036777
f: 0.7296927931342878
Optimization terminated successfully    (Exit mode 0)
            Current function value: -2.20533100997224
            Iterations: 3
            Function evaluations: 29
            Gradient evaluations: 3
Current gradient magnitude: 32.923962725722134
New op index: 428	ZZXYIIII	$R_{YXZZ}$[4, 5, 6, 7]
gradient: -0.7359407682228394
second_gradient: 0.0025014910989226476
b: -1.5741953523325105
f: 0.7334435284440736
Optimization terminated successfully    (Exit mode 0)
            Current function value: -2.93877455542622
            Iterations: 1
            Function evaluations: 12
            Gradient evaluations: 1
Current gradient magnitude: 0.1049857994875836
New op index: 131	IIIYZXII	$R_{XZY}$[2, 3, 4]
gradient: 0.0038270566121621484
second_gradient: 0.7361652503063354
b: 3.1363940624655045
f: 9.947673671351076e-06
Precision cutoff reached.
Calculating energies for FreeWilson2D(N_x=2, N_y=2, mass=-2.571, r=1.000)
h_im: 0.0
Lets GO!
Current gradient magnitude: 5549.142857142853
New op index: 61	IIIIZYII	$R_{YZ}$[2, 3]
gradient: -49.99999999999996
second_gradient: -0.49999999999999956
b: -1.5607966601082315
f: 50.50249993750308
Optimization terminated successfully    (Exit mode 0)
            Current function value: 149.99750006249673
            Iterations: 1
            Function evaluations: 2
            Gradient evaluations: 1
Current gradient magnitude: 2571.2095387488953
New op index: 59	IIIIIIZY	$R_{YZ}$[0, 1]
gradient: -49.999999999999964
second_gradient: -1.3582279188341113e-17
b: -1.5707963267948966
f: 49.999999999999964
Optimization terminated successfully    (Exit mode 0)
            Current function value: 99.99750006249656
            Iterations: 1
            Function evaluations: 3
            Gradient evaluations: 1
Current gradient magnitude: 1862.469554622698
New op index: 456	IIZYYYII	$R_{YYYZ}$[2, 3, 4, 5]
gradient: -50.00249993750307
second_gradient: -9.08756077504285e-16
b: -1.5707963267948966
f: 50.00249993750307
Optimization terminated successfully    (Exit mode 0)
            Current function value: 49.9925001875047
            Iterations: 2
            Function evaluations: 10
            Gradient evaluations: 2
Current gradient magnitude: 459.99612267700377
New op index: 65	ZYIIIIII	$R_{YZ}$[6, 7]
gradient: -49.99999999999995
second_gradient: 0.005000125015882479
b: -1.570896329294881
f: 49.99500012499657
Optimization terminated successfully    (Exit mode 0)
            Current function value: -0.004999874990396331
            Iterations: 2
            Function evaluations: 15
            Gradient evaluations: 2
Current gradient magnitude: 53.26041541327609
New op index: 37	YXIIIIII	$R_{XY}$[6, 7]
gradient: -0.5714285714285705
second_gradient: -2.7526175620840834e-18
b: -1.5707963267948966
f: 0.5714285714285705
Optimization terminated successfully    (Exit mode 0)
            Current function value: -0.5764284464189877
            Iterations: 1
            Function evaluations: 6
            Gradient evaluations: 1
Current gradient magnitude: 50.55618350901319
New op index: 45	IIIIIIXY	$R_{YX}$[0, 1]
gradient: -0.571428571428477
second_gradient: -1.57012106107515e-23
b: -1.5707963267948966
f: 0.571428571428477
Optimization terminated successfully    (Exit mode 0)
            Current function value: -1.1478570178474008
            Iterations: 1
            Function evaluations: 7
            Gradient evaluations: 1
Current gradient magnitude: 47.85195344839084
New op index: 426	IIZZXYII	$R_{YXZZ}$[2, 3, 4, 5]
gradient: 0.5714142867038142
second_gradient: 0.004999764336557646
b: 1.5795459098316718
f: 0.5664363954334116
Optimization terminated successfully    (Exit mode 0)
            Current function value: -1.7155366814207313
            Iterations: 3
            Function evaluations: 29
            Gradient evaluations: 3
Current gradient magnitude: 30.99486675023115
New op index: 338	ZZYXIIII	$R_{XYZZ}$[4, 5, 6, 7]
gradient: 0.5726833046929016
second_gradient: 0.0025083304618575067
b: 1.5751762596504602
f: 0.570180467399327
Optimization terminated successfully    (Exit mode 0)
            Current function value: -2.2857173134800877
            Iterations: 1
            Function evaluations: 11
            Gradient evaluations: 1
Current gradient magnitude: 0.2456216590497739
New op index: 180	IIXZYIII	$R_{YZX}$[3, 4, 5]
gradient: 0.005230205250355243
second_gradient: 0.5742115982065528
b: 3.132484407373553
f: 2.3819163261218357e-05
Precision cutoff reached.
Calculating energies for FreeWilson2D(N_x=2, N_y=2, mass=-2.408, r=1.000)
h_im: 0.0
Lets GO!
Current gradient magnitude: 5544.244897959179
New op index: 61	IIIIZYII	$R_{YZ}$[2, 3]
gradient: -49.99999999999996
second_gradient: -0.49999999999999956
b: -1.5607966601082315
f: 50.50249993750308
Optimization terminated successfully    (Exit mode 0)
            Current function value: 149.99750006249673
            Iterations: 1
            Function evaluations: 2
            Gradient evaluations: 1
Current gradient magnitude: 2565.327204291327
New op index: 59	IIIIIIZY	$R_{YZ}$[0, 1]
gradient: -49.999999999999964
second_gradient: -1.3582279188341113e-17
b: -1.5707963267948966
f: 49.999999999999964
Optimization terminated successfully    (Exit mode 0)
            Current function value: 99.99750006249656
            Iterations: 1
            Function evaluations: 3
            Gradient evaluations: 1
Current gradient magnitude: 1856.8223145330517
New op index: 456	IIZYYYII	$R_{YYYZ}$[2, 3, 4, 5]
gradient: -50.00249993750307
second_gradient: -8.727415849251931e-16
b: -1.5707963267948966
f: 50.00249993750307
Optimization terminated successfully    (Exit mode 0)
            Current function value: 49.9925001875047
            Iterations: 2
            Function evaluations: 10
            Gradient evaluations: 2
Current gradient magnitude: 453.36859656247316
New op index: 65	ZYIIIIII	$R_{YZ}$[6, 7]
gradient: -49.99999999999995
second_gradient: 0.005000125015882477
b: -1.570896329294881
f: 49.99500012499657
Optimization terminated successfully    (Exit mode 0)
            Current function value: -0.004999874990382128
            Iterations: 2
            Function evaluations: 15
            Gradient evaluations: 2
Current gradient magnitude: 46.06872587706884
New op index: 258	YXXXIIII	$R_{XXXY}$[4, 5, 6, 7]
gradient: -0.4081632653061226
second_gradient: -6.679702243158431e-17
b: -1.5707963267948966
f: 0.4081632653061227
Optimization terminated successfully    (Exit mode 0)
            Current function value: -0.41316314029653634
            Iterations: 1
            Function evaluations: 6
            Gradient evaluations: 1
Current gradient magnitude: 44.997094699676445
New op index: 45	IIIIIIXY	$R_{YX}$[0, 1]
gradient: -0.40816326530605807
second_gradient: 2.0623996186700477e-24
b: -1.5707963267948966
f: 0.40816326530605807
Optimization terminated successfully    (Exit mode 0)
            Current function value: -0.8213264056025589
            Iterations: 1
            Function evaluations: 7
            Gradient evaluations: 1
Current gradient magnitude: 43.92546481869561
New op index: 35	IIYXIIII	$R_{XY}$[4, 5]
gradient: -0.40815306204810753
second_gradient: 0.004999735718668903
b: -1.5830453728735452
f: 0.4031839477089062
Optimization terminated successfully    (Exit mode 0)
            Current function value: -1.2257424487013022
            Iterations: 3
            Function evaluations: 29
            Gradient evaluations: 3
Current gradient magnitude: 29.149214481537093
New op index: 33	IIIIYXII	$R_{XY}$[2, 3]
gradient: 0.40942955825293836
second_gradient: 0.0025188612376426636
b: 1.5769483727552192
f: 0.4069184451147838
Optimization terminated successfully    (Exit mode 0)
            Current function value: -1.6335444640682786
            Iterations: 10
            Function evaluations: 97
            Gradient evaluations: 10
Current gradient magnitude: 7.440941430837007
New op index: 180	IIXZYIII	$R_{YZX}$[3, 4, 5]
gradient: 0.07729190655185902
second_gradient: 0.7032583823976708
b: 3.032126578914452
f: 0.004234650240114157
Optimization terminated successfully    (Exit mode 0)
            Current function value: -2.8163265267332327
            Iterations: 17
            Function evaluations: 185
            Gradient evaluations: 17
Current gradient magnitude: 10.00792399121503
New op index: 485	IIIZXZYI	$R_{YZXZ}$[1, 2, 3, 4]
gradient: 0.4999999988120396
second_gradient: 100.7040818679864
b: 3.136627652360536
f: 0.0012412528542427026
Optimization terminated successfully    (Exit mode 0)
            Current function value: -2.8175677795874967
            Iterations: 1
            Function evaluations: 11
            Gradient evaluations: 1
Current gradient magnitude: 10.03284561735779
New op index: 375	IIIYZZXI	$R_{XZZY}$[1, 2, 3, 4]
gradient: 0.9975113419879332
second_gradient: 100.7028468093472
b: 3.131687484563858
f: 0.004940299615952881
Optimization terminated successfully    (Exit mode 0)
            Current function value: -3.2305397397430835
            Iterations: 9
            Function evaluations: 119
            Gradient evaluations: 9
Current gradient magnitude: 8.444766318058758
New op index: 507	IXZZYIII	$R_{YZZX}$[3, 4, 5, 6]
gradient: 0.7071066940385516
second_gradient: 100.91118784201046
b: 3.1345855502520874
f: 0.0024773949745338086
Optimization terminated successfully    (Exit mode 0)
            Current function value: -3.233017225117225
            Iterations: 1
            Function evaluations: 16
            Gradient evaluations: 1
Current gradient magnitude: 8.465024433892838
New op index: 377	IYZZXIII	$R_{XZZY}$[3, 4, 5, 6]
gradient: -1.4092489471303147
second_gradient: 100.90872809040965
b: -3.1276279811005936
f: 0.00984000991179812
Optimization terminated successfully    (Exit mode 0)
            Current function value: -3.816326462779732
            Iterations: 13
            Function evaluations: 201
            Gradient evaluations: 13
Current gradient magnitude: 5.014171602661559
New op index: 134	YZXIIIII	$R_{XZY}$[5, 6, 7]
gradient: 0.5000000096725601
second_gradient: 100.70407968488787
b: 3.136627652145062
f: 0.0012412529350740442
Optimization terminated successfully    (Exit mode 0)
            Current function value: -3.8175677157148122
            Iterations: 1
            Function evaluations: 15
            Gradient evaluations: 1
Current gradient magnitude: 5.024043304222703
New op index: 182	XZYIIIII	$R_{YZX}$[5, 6, 7]
gradient: -0.997505203263684
second_gradient: 100.70532710063448
b: -3.13168778945557
f: 0.004940117143888756
Optimization terminated successfully    (Exit mode 0)
            Current function value: -4.115364614239607
            Iterations: 10
            Function evaluations: 175
            Gradient evaluations: 10
Current gradient magnitude: 5.2940883196323965
New op index: 129	IIIIIYZX	$R_{XZY}$[0, 1, 2]
gradient: -0.7499958249243653
second_gradient: 100.63709648689712
b: -3.134140312785207
f: 0.002794625178523802
Optimization terminated successfully    (Exit mode 0)
            Current function value: -4.118159299522484
            Iterations: 1
            Function evaluations: 20
            Gradient evaluations: 1
Current gradient magnitude: 5.271570780610787
New op index: 177	IIIIIXZY	$R_{YZX}$[0, 1, 2]
gradient: 1.496724005489671
second_gradient: 100.6380401438904
b: 3.1267214014653173
f: 0.011129285131232791
Optimization terminated successfully    (Exit mode 0)
            Current function value: -4.8163264019344165
            Iterations: 12
            Function evaluations: 237
            Gradient evaluations: 12
Current gradient magnitude: 0.12900664184314137
New op index: 375	IIIYZZXI	$R_{XZZY}$[1, 2, 3, 4]
gradient: -0.0021101332452437005
second_gradient: 101.20408154722337
b: -3.141571803311695
f: 2.1998431520842132e-08
Precision cutoff reached.
Calculating energies for FreeWilson2D(N_x=2, N_y=2, mass=-2.245, r=1.000)
h_im: 0.0
Lets GO!
Current gradient magnitude: 5539.346938775505
New op index: 61	IIIIZYII	$R_{YZ}$[2, 3]
gradient: -49.99999999999996
second_gradient: -0.49999999999999956
b: -1.5607966601082315
f: 50.50249993750308
Optimization terminated successfully    (Exit mode 0)
            Current function value: 149.99750006249673
            Iterations: 1
            Function evaluations: 2
            Gradient evaluations: 1
Current gradient magnitude: 2559.4448698337583
New op index: 59	IIIIIIZY	$R_{YZ}$[0, 1]
gradient: -49.999999999999964
second_gradient: -1.3582279188341113e-17
b: -1.5707963267948966
f: 49.999999999999964
Optimization terminated successfully    (Exit mode 0)
            Current function value: 99.99750006249656
            Iterations: 1
            Function evaluations: 3
            Gradient evaluations: 1
Current gradient magnitude: 1851.1750744434055
New op index: 456	IIZYYYII	$R_{YYYZ}$[2, 3, 4, 5]
gradient: -50.00249993750307
second_gradient: -8.367270923461011e-16
b: -1.5707963267948966
f: 50.00249993750307
Optimization terminated successfully    (Exit mode 0)
            Current function value: 49.9925001875047
            Iterations: 2
            Function evaluations: 10
            Gradient evaluations: 2
Current gradient magnitude: 446.74107044794266
New op index: 65	ZYIIIIII	$R_{YZ}$[6, 7]
gradient: -49.99999999999995
second_gradient: 0.005000125015882476
b: -1.570896329294881
f: 49.99500012499657
Optimization terminated successfully    (Exit mode 0)
            Current function value: -0.004999874990424751
            Iterations: 2
            Function evaluations: 15
            Gradient evaluations: 2
Current gradient magnitude: 38.87708215176461
New op index: 37	YXIIIIII	$R_{XY}$[6, 7]
gradient: -0.24489795918367346
second_gradient: -1.4256694796530866e-17
b: -1.5707963267948966
f: 0.2448979591836735
Optimization terminated successfully    (Exit mode 0)
            Current function value: -0.24989783417405617
            Iterations: 1
            Function evaluations: 6
            Gradient evaluations: 1
Current gradient magnitude: 39.4380709434261
New op index: 45	IIIIIIXY	$R_{YX}$[0, 1]
gradient: -0.244897959183632
second_gradient: 1.6874884399754188e-23
b: -1.5707963267948966
f: 0.244897959183632
Optimization terminated successfully    (Exit mode 0)
            Current function value: -0.49479579335774493
            Iterations: 1
            Function evaluations: 7
            Gradient evaluations: 1
Current gradient magnitude: 39.99906059050893
New op index: 426	IIZZXYII	$R_{YXZZ}$[2, 3, 4, 5]
gradient: 0.24489183717045757
second_gradient: 0.00499975956707391
b: 1.5912096861383709
f: 0.23994311031986615
Optimization terminated successfully    (Exit mode 0)
            Current function value: -0.7359486660098643
            Iterations: 3
            Function evaluations: 29
            Gradient evaluations: 3
Current gradient magnitude: 27.289273300858603
New op index: 338	ZZYXIIII	$R_{XYZZ}$[4, 5, 6, 7]
gradient: 0.24618732087222384
second_gradient: 0.0025407972247679985
b: 1.5811165456061937
f: 0.2436596345554803
Optimization terminated successfully    (Exit mode 0)
            Current function value: -0.9817219149038554
            Iterations: 11
            Function evaluations: 106
            Gradient evaluations: 11
Current gradient magnitude: 11.3929432045658
New op index: 180	IIXZYIII	$R_{YZX}$[3, 4, 5]
gradient: 0.11160912851831356
second_gradient: 0.7009650985063303
b: 2.9836959751890904
f: 0.00882970768247715
Optimization terminated successfully    (Exit mode 0)
            Current function value: -2.489795885763084
            Iterations: 15
            Function evaluations: 165
            Gradient evaluations: 15
Current gradient magnitude: 10.023398664603695
New op index: 557	IYZXZIII	$R_{ZXZY}$[3, 4, 5, 6]
gradient: 0.499999999976816
second_gradient: 100.6224489645481
b: 3.1366236244128376
f: 0.001242259850258165
Optimization terminated successfully    (Exit mode 0)
            Current function value: -2.491038150241936
            Iterations: 1
            Function evaluations: 15
            Gradient evaluations: 1
Current gradient magnitude: 10.029811765668256
New op index: 507	IXZZYIII	$R_{YZZX}$[3, 4, 5, 6]
gradient: 0.9975083296213897
second_gradient: 100.6212129038854
b: 3.1316794789695526
f: 0.004944277618349702
Optimization terminated successfully    (Exit mode 0)
            Current function value: -2.9040090631391497
            Iterations: 9
            Function evaluations: 120
            Gradient evaluations: 9
Current gradient magnitude: 8.523039874870932
New op index: 375	IIIYZZXI	$R_{XZZY}$[1, 2, 3, 4]
gradient: 0.7071067784898434
second_gradient: 100.82955619248082
b: 3.13457987664678
f: 0.0024794012174425006
Optimization terminated successfully    (Exit mode 0)
            Current function value: -2.9064888740070676
            Iterations: 1
            Function evaluations: 16
            Gradient evaluations: 1
Current gradient magnitude: 8.38841522582105
New op index: 505	IIIXZZYI	$R_{YZZX}$[1, 2, 3, 4]
gradient: -1.4092318838746858
second_gradient: 100.82709380859532
b: -3.127616845326853
f: 0.009847737595023887
Optimization terminated successfully    (Exit mode 0)
            Current function value: -3.489792958550571
            Iterations: 11
            Function evaluations: 169
            Gradient evaluations: 11
Current gradient magnitude: 5.485461721955588
New op index: 182	XZYIIIII	$R_{YZX}$[5, 6, 7]
gradient: -0.5000000005420853
second_gradient: 100.62244832324481
b: -3.1366236243755514
f: 0.0012422598609873603
Optimization terminated successfully    (Exit mode 0)
            Current function value: -3.4910358055405197
            Iterations: 1
            Function evaluations: 18
            Gradient evaluations: 1
Current gradient magnitude: 5.348519287764571
New op index: 134	YZXIIIII	$R_{XZY}$[5, 6, 7]
gradient: 0.9975019577866038
second_gradient: 100.6236970748634
b: 3.1316797870045083
f: 0.004944092399028932
Optimization terminated successfully    (Exit mode 0)
            Current function value: -3.788833970912709
            Iterations: 10
            Function evaluations: 178
            Gradient evaluations: 10
Current gradient magnitude: 5.303406219920857
New op index: 177	IIIIIXZY	$R_{YZX}$[0, 1, 2]
gradient: 0.749980855486857
second_gradient: 100.55547272685625
b: 3.134134412589945
f: 0.0027967819470831046
Optimization terminated successfully    (Exit mode 0)
            Current function value: -3.791630834561328
            Iterations: 1
            Function evaluations: 20
            Gradient evaluations: 1
Current gradient magnitude: 5.295820395735557
New op index: 129	IIIIIYZX	$R_{XZY}$[0, 1, 2]
gradient: -1.4967054115816993
second_gradient: 100.55641415604448
b: -3.1267095164783094
f: 0.011138041525697417
Optimization terminated successfully    (Exit mode 0)
            Current function value: -4.489795902895307
            Iterations: 13
            Function evaluations: 254
            Gradient evaluations: 13
Current gradient magnitude: 0.012013785943545362
New op index: 375	IIIYZZXI	$R_{XZZY}$[1, 2, 3, 4]
gradient: -0.00032852123818238876
second_gradient: 101.12244896949016
b: -3.141589404842937
f: 5.336460162652656e-10
Precision cutoff reached.
Calculating energies for FreeWilson2D(N_x=2, N_y=2, mass=-2.082, r=1.000)
h_im: 0.0
Lets GO!
Current gradient magnitude: 5534.4489795918325
New op index: 61	IIIIZYII	$R_{YZ}$[2, 3]
gradient: -49.99999999999996
second_gradient: -0.49999999999999956
b: -1.5607966601082315
f: 50.50249993750308
Optimization terminated successfully    (Exit mode 0)
            Current function value: 149.99750006249673
            Iterations: 1
            Function evaluations: 2
            Gradient evaluations: 1
Current gradient magnitude: 2553.5625353761893
New op index: 59	IIIIIIZY	$R_{YZ}$[0, 1]
gradient: -49.999999999999964
second_gradient: -1.3582279188341113e-17
b: -1.5707963267948966
f: 49.999999999999964
Optimization terminated successfully    (Exit mode 0)
            Current function value: 99.99750006249656
            Iterations: 1
            Function evaluations: 3
            Gradient evaluations: 1
Current gradient magnitude: 1845.527834353759
New op index: 456	IIZYYYII	$R_{YYYZ}$[2, 3, 4, 5]
gradient: -50.00249993750307
second_gradient: -8.007125997670092e-16
b: -1.5707963267948966
f: 50.00249993750307
Optimization terminated successfully    (Exit mode 0)
            Current function value: 49.9925001875047
            Iterations: 2
            Function evaluations: 10
            Gradient evaluations: 2
Current gradient magnitude: 440.11354433341216
New op index: 65	ZYIIIIII	$R_{YZ}$[6, 7]
gradient: -49.99999999999995
second_gradient: 0.005000125015882475
b: -1.570896329294881
f: 49.99500012499657
Optimization terminated successfully    (Exit mode 0)
            Current function value: -0.00499987499043186
            Iterations: 2
            Function evaluations: 15
            Gradient evaluations: 2
Current gradient magnitude: 31.68543889858104
New op index: 37	YXIIIIII	$R_{XY}$[6, 7]
gradient: -0.08163265306122444
second_gradient: -4.425039716295049e-18
b: -1.5707963267948966
f: 0.08163265306122444
Optimization terminated successfully    (Exit mode 0)
            Current function value: -0.08663252805161153
            Iterations: 1
            Function evaluations: 6
            Gradient evaluations: 1
Current gradient magnitude: 33.87904476237006
New op index: 384	IIIIXXXY	$R_{YXXX}$[0, 1, 2, 3]
gradient: -0.08163265306122014
second_gradient: 6.090622319184678e-24
b: -1.5707963267948966
f: 0.08163265306122014
Optimization terminated successfully    (Exit mode 0)
            Current function value: -0.16826518111278904
            Iterations: 1
            Function evaluations: 7
            Gradient evaluations: 1
Current gradient magnitude: 36.07265007767103
New op index: 47	IIIIXYII	$R_{YX}$[2, 3]
gradient: -0.08163061238627733
second_gradient: 0.004999764322812249
b: -1.6319685534746338
f: 0.07678381912669381
Optimization terminated successfully    (Exit mode 0)
            Current function value: -0.24618438239481485
            Iterations: 5
            Function evaluations: 47
            Gradient evaluations: 5
Current gradient magnitude: 25.704474869928156
New op index: 428	ZZXYIIII	$R_{YXZZ}$[4, 5, 6, 7]
gradient: -0.08298015759016408
second_gradient: 0.0025971928566772984
b: -1.602085075074916
f: 0.08042359950537645
Optimization terminated successfully    (Exit mode 0)
            Current function value: -0.3304295837621922
            Iterations: 11
            Function evaluations: 105
            Gradient evaluations: 11
Current gradient magnitude: 15.338665871816115
New op index: 131	IIIYZXII	$R_{XZY}$[2, 3, 4]
gradient: 0.14728777525885245
second_gradient: 0.6946784872604184
b: 2.932663753331362
f: 0.01544255129788652
Optimization terminated successfully    (Exit mode 0)
            Current function value: -2.163265297233848
            Iterations: 16
            Function evaluations: 175
            Gradient evaluations: 16
Current gradient magnitude: 10.024573600843134
New op index: 554	IIIIYZXZ	$R_{ZXZY}$[0, 1, 2, 3]
gradient: 0.5000000007876927
second_gradient: 100.54081628430862
b: 3.1366195899389737
f: 0.001243268476969206
Optimization terminated successfully    (Exit mode 0)
            Current function value: -2.1645085716204098
            Iterations: 1
            Function evaluations: 15
            Gradient evaluations: 1
Current gradient magnitude: 10.031184070233394
New op index: 375	IIIYZZXI	$R_{XZZY}$[1, 2, 3, 4]
gradient: 0.9975099415711342
second_gradient: 100.5395792096611
b: 3.131671414406497
f: 0.004948307947998387
Optimization terminated successfully    (Exit mode 0)
            Current function value: -2.5774764269462467
            Iterations: 9
            Function evaluations: 121
            Gradient evaluations: 9
Current gradient magnitude: 8.69168215991865
New op index: 377	IYZZXIII	$R_{XZZY}$[3, 4, 5, 6]
gradient: -0.707106451574546
second_gradient: 100.74787666482155
b: -3.13457419459545
f: 0.0024814090034510627
Optimization terminated successfully    (Exit mode 0)
            Current function value: -2.5799586249513387
            Iterations: 1
            Function evaluations: 16
            Gradient evaluations: 1
Current gradient magnitude: 8.530260330991709
New op index: 507	IXZZYIII	$R_{YZZX}$[3, 4, 5, 6]
gradient: 1.4092270620946674
second_gradient: 100.74541669469983
b: 3.127605564078858
f: 0.00985565320880255
Optimization terminated successfully    (Exit mode 0)
            Current function value: -3.1632636283884863
            Iterations: 10
            Function evaluations: 157
            Gradient evaluations: 10
Current gradient magnitude: 5.37753234764713
New op index: 129	IIIIIYZX	$R_{XZY}$[0, 1, 2]
gradient: -0.5000032530116507
second_gradient: 100.5408156333152
b: -3.136619557560274
f: 0.0012432846585284096
Optimization terminated successfully    (Exit mode 0)
            Current function value: -3.1645073040273948
            Iterations: 1
            Function evaluations: 18
            Gradient evaluations: 1
Current gradient magnitude: 5.2922324092277675
New op index: 177	IIIIIXZY	$R_{YZX}$[0, 1, 2]
gradient: 0.9974997015683765
second_gradient: 100.54206524167142
b: 3.1316717615437337
f: 0.004948084011914489
Optimization terminated successfully    (Exit mode 0)
            Current function value: -3.4623033740132736
            Iterations: 10
            Function evaluations: 178
            Gradient evaluations: 10
Current gradient magnitude: 5.299614907548488
New op index: 134	YZXIIIII	$R_{XZY}$[5, 6, 7]
gradient: 0.7499931402984068
second_gradient: 100.47383288624113
b: 3.1341282303720615
f: 0.002799146101622796
Optimization terminated successfully    (Exit mode 0)
            Current function value: -3.4651025743961754
            Iterations: 1
            Function evaluations: 20
            Gradient evaluations: 1
Current gradient magnitude: 5.285205975844983
New op index: 182	XZYIIIII	$R_{YZX}$[5, 6, 7]
gradient: -1.4967197026106869
second_gradient: 100.47477797128681
b: -3.12669728345046
f: 0.01114730308962919
Optimization terminated successfully    (Exit mode 0)
            Current function value: -4.163261844085759
            Iterations: 12
            Function evaluations: 235
            Gradient evaluations: 12
Current gradient magnitude: 0.3466687640129362
New op index: 377	IYZZXIII	$R_{XZZY}$[3, 4, 5, 6]
gradient: -0.019825758487307582
second_gradient: 101.04081420220062
b: -3.1413964382446435
f: 1.9450590258429656e-06
Precision cutoff reached.
Calculating energies for FreeWilson2D(N_x=2, N_y=2, mass=-1.918, r=1.000)
h_im: 0.0
Lets GO!
Current gradient magnitude: 5531.836734693873
New op index: 61	IIIIZYII	$R_{YZ}$[2, 3]
gradient: -49.99999999999996
second_gradient: -0.49999999999999956
b: -1.5607966601082315
f: 50.50249993750308
Optimization terminated successfully    (Exit mode 0)
            Current function value: 149.99750006249673
            Iterations: 1
            Function evaluations: 2
            Gradient evaluations: 1
Current gradient magnitude: 2552.386418671677
New op index: 59	IIIIIIZY	$R_{YZ}$[0, 1]
gradient: -49.999999999999964
second_gradient: -1.3582279188341113e-17
b: -1.5707963267948966
f: 49.999999999999964
Optimization terminated successfully    (Exit mode 0)
            Current function value: 99.99750006249656
            Iterations: 1
            Function evaluations: 3
            Gradient evaluations: 1
Current gradient magnitude: 1844.3009038633418
New op index: 456	IIZYYYII	$R_{YYYZ}$[2, 3, 4, 5]
gradient: -50.00249993750307
second_gradient: -7.646981071879173e-16
b: -1.5707963267948966
f: 50.00249993750307
Optimization terminated successfully    (Exit mode 0)
            Current function value: 49.9925001875047
            Iterations: 2
            Function evaluations: 10
            Gradient evaluations: 2
Current gradient magnitude: 440.11354433341216
New op index: 65	ZYIIIIII	$R_{YZ}$[6, 7]
gradient: -49.99999999999995
second_gradient: 0.0050001250158824735
b: -1.570896329294881
f: 49.99500012499657
Optimization terminated successfully    (Exit mode 0)
            Current function value: -0.004999874990005537
            Iterations: 2
            Function evaluations: 15
            Gradient evaluations: 2
Current gradient magnitude: 31.685464450877724
New op index: 37	YXIIIIII	$R_{XY}$[6, 7]
gradient: 0.08163265306122447
second_gradient: 2.2721876790122515e-19
b: 1.5707963267948966
f: 0.08163265306122447
Optimization terminated successfully    (Exit mode 0)
            Current function value: -0.08663252805118521
            Iterations: 1
            Function evaluations: 6
            Gradient evaluations: 1
Current gradient magnitude: 33.87905009409838
New op index: 31	IIIIIIYX	$R_{XY}$[0, 1]
gradient: -0.08163265306121338
second_gradient: 1.8261929631172743e-16
b: -1.5707963267948988
f: 0.0816326530612132
Optimization terminated successfully    (Exit mode 0)
            Current function value: -0.16826518111237693
            Iterations: 1
            Function evaluations: 7
            Gradient evaluations: 1
Current gradient magnitude: 36.07251792634088
New op index: 386	IIXXXYII	$R_{YXXX}$[2, 3, 4, 5]
gradient: 0.08163061243298131
second_gradient: 0.004999707106902524
b: 1.63196785514685
f: 0.07678387289139796
Optimization terminated successfully    (Exit mode 0)
            Current function value: -0.2461584332840751
            Iterations: 3
            Function evaluations: 29
            Gradient evaluations: 3
Current gradient magnitude: 26.019657909851787
New op index: 49	IIXYIIII	$R_{YX}$[4, 5]
gradient: -0.08302784941931662
second_gradient: 0.0026439644254986636
b: -1.6026298775195478
f: 0.08042597193585904
Optimization terminated successfully    (Exit mode 0)
            Current function value: -0.33042982804857296
            Iterations: 11
            Function evaluations: 107
            Gradient evaluations: 11
Current gradient magnitude: 15.427482320570988
New op index: 131	IIIYZXII	$R_{XZY}$[2, 3, 4]
gradient: 0.149683147058052
second_gradient: 0.7109149837856563
b: 2.9340737519595703
f: 0.015587018058910163
Optimization terminated successfully    (Exit mode 0)
            Current function value: -2.163265279345798
            Iterations: 19
            Function evaluations: 207
            Gradient evaluations: 19
Current gradient magnitude: 10.041300618356072
New op index: 594	IIIIXZYZ	$R_{ZYZX}$[0, 1, 2, 3]
gradient: -0.500000001237341
second_gradient: 100.54081631256376
b: -3.1366195899358993
f: 0.0012432684788592496
Optimization terminated successfully    (Exit mode 0)
            Current function value: -2.164508559486775
            Iterations: 1
            Function evaluations: 15
            Gradient evaluations: 1
Current gradient magnitude: 10.030219993967174
New op index: 505	IIIXZZYI	$R_{YZZX}$[1, 2, 3, 4]
gradient: -0.9975085020292054
second_gradient: 100.53957927960666
b: -3.131671428730151
f: 0.0049482936627498475
Optimization terminated successfully    (Exit mode 0)
            Current function value: -2.577478862860952
            Iterations: 12
            Function evaluations: 156
            Gradient evaluations: 12
Current gradient magnitude: 8.346091508341319
New op index: 377	IYZZXIII	$R_{XZZY}$[3, 4, 5, 6]
gradient: -0.7071067803595418
second_gradient: 100.7479229714327
b: -3.1345741945579464
f: 0.0024814101704890845
Optimization terminated successfully    (Exit mode 0)
            Current function value: -2.57996027303142
            Iterations: 1
            Function evaluations: 13
            Gradient evaluations: 1
Current gradient magnitude: 8.384441387659889
New op index: 507	IXZZYIII	$R_{YZZX}$[3, 4, 5, 6]
gradient: 1.4092333857593944
second_gradient: 100.74545903770886
b: 3.1276055072003692
f: 0.009855737513859708
Optimization terminated successfully    (Exit mode 0)
            Current function value: -3.163253751113466
            Iterations: 9
            Function evaluations: 140
            Gradient evaluations: 9
Current gradient magnitude: 6.079044563994929
New op index: 129	IIIIIYZX	$R_{XZY}$[0, 1, 2]
gradient: 0.5000014677689147
second_gradient: 100.54081455280476
b: 3.136619575262788
f: 0.0012432757937546057
Optimization terminated successfully    (Exit mode 0)
            Current function value: -3.1645015700198096
            Iterations: 2
            Function evaluations: 35
            Gradient evaluations: 2
Current gradient magnitude: 5.570057610379494
New op index: 177	IIIIIXZY	$R_{YZX}$[0, 1, 2]
gradient: -0.9975018985084293
second_gradient: 100.54206554191957
b: -3.131671739724555
f: 0.004948105792408342
Optimization terminated successfully    (Exit mode 0)
            Current function value: -3.462303323898632
            Iterations: 11
            Function evaluations: 192
            Gradient evaluations: 11
Current gradient magnitude: 5.297805479679511
New op index: 182	XZYIIIII	$R_{YZX}$[5, 6, 7]
gradient: 0.7500946176622385
second_gradient: 100.47377435057412
b: 3.1341272160911853
f: 0.0027999052469880326
Optimization terminated successfully    (Exit mode 0)
            Current function value: -3.4651032736688823
            Iterations: 1
            Function evaluations: 20
            Gradient evaluations: 1
Current gradient magnitude: 5.2786726689542505
New op index: 134	YZXIIIII	$R_{XZY}$[5, 6, 7]
gradient: -1.4969198220364515
second_gradient: 100.47471998073938
b: -3.126695283557501
f: 0.011150290466375168
Optimization terminated successfully    (Exit mode 0)
            Current function value: -4.163262933784092
            Iterations: 14
            Function evaluations: 274
            Gradient evaluations: 14
Current gradient magnitude: 0.177058773280006
New op index: 182	XZYIIIII	$R_{YZX}$[5, 6, 7]
gradient: 0.0034119644355627976
second_gradient: 101.0408146653016
b: 3.141558885409622
f: 5.760792021192174e-08
Precision cutoff reached.
Calculating energies for FreeWilson2D(N_x=2, N_y=2, mass=-1.755, r=1.000)
h_im: 0.0
Lets GO!
Current gradient magnitude: 5531.510204081627
New op index: 61	IIIIZYII	$R_{YZ}$[2, 3]
gradient: -49.99999999999996
second_gradient: -0.49999999999999956
b: -1.5607966601082315
f: 50.50249993750308
Optimization terminated successfully    (Exit mode 0)
            Current function value: 149.99750006249673
            Iterations: 1
            Function evaluations: 2
            Gradient evaluations: 1
Current gradient magnitude: 2555.816524719846
New op index: 59	IIIIIIZY	$R_{YZ}$[0, 1]
gradient: -49.999999999999964
second_gradient: -1.3582279188341113e-17
b: -1.5707963267948966
f: 49.999999999999964
Optimization terminated successfully    (Exit mode 0)
            Current function value: 99.99750006249656
            Iterations: 1
            Function evaluations: 3
            Gradient evaluations: 1
Current gradient magnitude: 1847.4942829721535
New op index: 456	IIZYYYII	$R_{YYYZ}$[2, 3, 4, 5]
gradient: -50.00249993750307
second_gradient: -7.286836146088256e-16
b: -1.5707963267948966
f: 50.00249993750307
Optimization terminated successfully    (Exit mode 0)
            Current function value: 49.9925001875047
            Iterations: 2
            Function evaluations: 10
            Gradient evaluations: 2
Current gradient magnitude: 446.7410704479426
New op index: 65	ZYIIIIII	$R_{YZ}$[6, 7]
gradient: -49.99999999999995
second_gradient: 0.005000125015882473
b: -1.570896329294881
f: 49.99500012499657
Optimization terminated successfully    (Exit mode 0)
            Current function value: -0.004999874990190276
            Iterations: 2
            Function evaluations: 15
            Gradient evaluations: 2
Current gradient magnitude: 38.87709517973798
New op index: 37	YXIIIIII	$R_{XY}$[6, 7]
gradient: 0.24489795918367246
second_gradient: -5.981228784889529e-18
b: 1.5707963267948966
f: 0.24489795918367246
Optimization terminated successfully    (Exit mode 0)
            Current function value: -0.24989783417391356
            Iterations: 1
            Function evaluations: 6
            Gradient evaluations: 1
Current gradient magnitude: 39.43807237675144
New op index: 45	IIIIIIXY	$R_{YX}$[0, 1]
gradient: 0.244897959183632
second_gradient: 1.518715257820169e-23
b: 1.5707963267948966
f: 0.244897959183632
Optimization terminated successfully    (Exit mode 0)
            Current function value: -0.4947957933575456
            Iterations: 1
            Function evaluations: 7
            Gradient evaluations: 1
Current gradient magnitude: 39.99905423963569
New op index: 426	IIZZXYII	$R_{YXZZ}$[2, 3, 4, 5]
gradient: -0.24489183727557556
second_gradient: 0.004999716646660514
b: -1.5912095109398972
f: 0.23994315246929043
Optimization terminated successfully    (Exit mode 0)
            Current function value: -0.7359486394729992
            Iterations: 3
            Function evaluations: 29
            Gradient evaluations: 3
Current gradient magnitude: 27.294949503678307
New op index: 35	IIYXIIII	$R_{XY}$[4, 5]
gradient: 0.24618731011938258
second_gradient: 0.002540787176046356
b: 1.5811165052438874
f: 0.24365963374823033
Optimization terminated successfully    (Exit mode 0)
            Current function value: -0.9817215090116256
            Iterations: 11
            Function evaluations: 107
            Gradient evaluations: 11
Current gradient magnitude: 11.48382035423364
New op index: 180	IIXZYIII	$R_{YZX}$[3, 4, 5]
gradient: 0.11254412412908611
second_gradient: 0.7036246240425044
b: 2.982987022979283
f: 0.008943822799578838
Optimization terminated successfully    (Exit mode 0)
            Current function value: -2.4897957253465264
            Iterations: 17
            Function evaluations: 184
            Gradient evaluations: 17
Current gradient magnitude: 10.129840799769628
New op index: 368	ZYZXIIII	$R_{XZYZ}$[4, 5, 6, 7]
gradient: -0.5000000016069155
second_gradient: 100.62244949200962
b: -3.1366236244226853
f: 0.0012422598518497807
Optimization terminated successfully    (Exit mode 0)
            Current function value: -2.491038137478959
            Iterations: 1
            Function evaluations: 15
            Gradient evaluations: 1
Current gradient magnitude: 10.045071218385832
New op index: 377	IYZZXIII	$R_{XZZY}$[3, 4, 5, 6]
gradient: -0.9975088025092919
second_gradient: 100.62121328474845
b: -3.1316794743078504
f: 0.004944282287368651
Optimization terminated successfully    (Exit mode 0)
            Current function value: -2.904003960180582
            Iterations: 11
            Function evaluations: 147
            Gradient evaluations: 11
Current gradient magnitude: 8.585930664079426
New op index: 375	IIIYZZXI	$R_{XZZY}$[1, 2, 3, 4]
gradient: 0.7071067593470317
second_gradient: 100.82955251494418
b: 3.134579876580857
f: 0.0024794011736304356
Optimization terminated successfully    (Exit mode 0)
            Current function value: -2.9064885387869213
            Iterations: 2
            Function evaluations: 31
            Gradient evaluations: 2
Current gradient magnitude: 8.511867470780233
New op index: 505	IIIXZZYI	$R_{YZZX}$[1, 2, 3, 4]
gradient: -1.4092323419859614
second_gradient: 100.82709322894556
b: -3.127616840703871
f: 0.009847744053899987
Optimization terminated successfully    (Exit mode 0)
            Current function value: -3.489795123180767
            Iterations: 12
            Function evaluations: 186
            Gradient evaluations: 12
Current gradient magnitude: 5.0987977779678655
New op index: 182	XZYIIIII	$R_{YZX}$[5, 6, 7]
gradient: 0.5000006457345995
second_gradient: 100.6224400959073
b: 3.136623617557412
f: 0.0012422631685353736
Optimization terminated successfully    (Exit mode 0)
            Current function value: -3.4910375675590597
            Iterations: 1
            Function evaluations: 18
            Gradient evaluations: 1
Current gradient magnitude: 5.096076084221595
New op index: 134	YZXIIIII	$R_{XZY}$[5, 6, 7]
gradient: -0.9974990839608349
second_gradient: 100.62368952140555
b: -3.1316798148177587
f: 0.004944064282796035
Optimization terminated successfully    (Exit mode 0)
            Current function value: -3.7888339947265526
            Iterations: 10
            Function evaluations: 179
            Gradient evaluations: 10
Current gradient magnitude: 5.296021607161798
New op index: 177	IIIIIXZY	$R_{YZX}$[0, 1, 2]
gradient: -0.7500049258554146
second_gradient: 100.55545882537953
b: -3.1341341721981593
f: 0.002796961857569613
Optimization terminated successfully    (Exit mode 0)
            Current function value: -3.7916310091994387
            Iterations: 1
            Function evaluations: 20
            Gradient evaluations: 1
Current gradient magnitude: 5.285325299275636
New op index: 129	IIIIIYZX	$R_{XZY}$[0, 1, 2]
gradient: 1.4967457758086442
second_gradient: 100.55640274109585
b: 3.126709113469148
f: 0.01113864352223004
Optimization terminated successfully    (Exit mode 0)
            Current function value: -4.489795917504906
            Iterations: 12
            Function evaluations: 238
            Gradient evaluations: 12
Current gradient magnitude: 0.002476696791574965
New op index: 129	IIIIIYZX	$R_{XZY}$[0, 1, 2]
gradient: 0.00016543145348846267
second_gradient: 101.1224489791267
b: 3.1415910176379827
f: 1.3531575859815348e-10
Precision cutoff reached.
Calculating energies for FreeWilson2D(N_x=2, N_y=2, mass=-1.592, r=1.000)
h_im: 0.0
Lets GO!
Current gradient magnitude: 5531.1836734693825
New op index: 61	IIIIZYII	$R_{YZ}$[2, 3]
gradient: -49.99999999999996
second_gradient: -0.49999999999999956
b: -1.5607966601082315
f: 50.50249993750308
Optimization terminated successfully    (Exit mode 0)
            Current function value: 149.99750006249673
            Iterations: 1
            Function evaluations: 2
            Gradient evaluations: 1
Current gradient magnitude: 2559.2466307680143
New op index: 59	IIIIIIZY	$R_{YZ}$[0, 1]
gradient: -49.999999999999964
second_gradient: -1.3582279188341113e-17
b: -1.5707963267948966
f: 49.999999999999964
Optimization terminated successfully    (Exit mode 0)
            Current function value: 99.99750006249656
            Iterations: 1
            Function evaluations: 3
            Gradient evaluations: 1
Current gradient magnitude: 1850.6876620809653
New op index: 456	IIZYYYII	$R_{YYYZ}$[2, 3, 4, 5]
gradient: -50.00249993750307
second_gradient: -6.926691220297336e-16
b: -1.5707963267948966
f: 50.00249993750307
Optimization terminated successfully    (Exit mode 0)
            Current function value: 49.9925001875047
            Iterations: 2
            Function evaluations: 10
            Gradient evaluations: 2
Current gradient magnitude: 453.36859656247316
New op index: 65	ZYIIIIII	$R_{YZ}$[6, 7]
gradient: -49.99999999999995
second_gradient: 0.005000125015882472
b: -1.570896329294881
f: 49.99500012499657
Optimization terminated successfully    (Exit mode 0)
            Current function value: -0.004999874990431867
            Iterations: 2
            Function evaluations: 15
            Gradient evaluations: 2
Current gradient magnitude: 46.06875571558004
New op index: 268	XYXXIIII	$R_{XXYX}$[4, 5, 6, 7]
gradient: -0.40816326530612096
second_gradient: -8.605253955317912e-15
b: -1.5707963267948755
f: 0.40816326530612956
Optimization terminated successfully    (Exit mode 0)
            Current function value: -0.4131631402965642
            Iterations: 1
            Function evaluations: 6
            Gradient evaluations: 1
Current gradient magnitude: 44.99711836804195
New op index: 31	IIIIIIYX	$R_{XY}$[0, 1]
gradient: -0.40816326530606684
second_gradient: -8.140935580700221e-24
b: -1.5707963267948966
f: 0.40816326530606684
Optimization terminated successfully    (Exit mode 0)
            Current function value: -0.8213264056026082
            Iterations: 1
            Function evaluations: 7
            Gradient evaluations: 1
Current gradient magnitude: 43.92535773563303
New op index: 316	IIYYYXII	$R_{XYYY}$[2, 3, 4, 5]
gradient: -0.4081530620286671
second_gradient: 0.004999740484677589
b: -1.58304538454939
f: 0.40318394298183613
Optimization terminated successfully    (Exit mode 0)
            Current function value: -1.2257424447420293
            Iterations: 3
            Function evaluations: 29
            Gradient evaluations: 3
Current gradient magnitude: 29.119432298306688
New op index: 428	ZZXYIIII	$R_{YXZZ}$[4, 5, 6, 7]
gradient: 0.40942959646743304
second_gradient: 0.002518899172400739
b: 1.5769484648302212
f: 0.4069184456271739
Optimization terminated successfully    (Exit mode 0)
            Current function value: -1.633544132320455
            Iterations: 12
            Function evaluations: 118
            Gradient evaluations: 12
Current gradient magnitude: 7.364800983223345
New op index: 131	IIIYZXII	$R_{XZY}$[2, 3, 4]
gradient: 0.07628385683034741
second_gradient: 0.6977765862073397
b: 3.0327009108402403
f: 0.004157449918621325
Optimization terminated successfully    (Exit mode 0)
            Current function value: -2.8163261830575492
            Iterations: 15
            Function evaluations: 165
            Gradient evaluations: 15
Current gradient magnitude: 10.20770112597543
New op index: 134	YZXIIIII	$R_{XZY}$[5, 6, 7]
gradient: -0.5000000021150143
second_gradient: 100.7040812472461
b: -3.1366276522971344
f: 0.0012412528782874688
Optimization terminated successfully    (Exit mode 0)
            Current function value: -2.817567764814132
            Iterations: 1
            Function evaluations: 15
            Gradient evaluations: 1
Current gradient magnitude: 10.02644204900622
New op index: 182	XZYIIIII	$R_{YZX}$[5, 6, 7]
gradient: 0.9975056654044292
second_gradient: 100.70532916034264
b: 3.1316877850695497
f: 0.004940121620222726
Optimization terminated successfully    (Exit mode 0)
            Current function value: -3.1153641867049675
            Iterations: 9
            Function evaluations: 122
            Gradient evaluations: 9
Current gradient magnitude: 12.425464361056715
New op index: 129	IIIIIYZX	$R_{XZY}$[0, 1, 2]
gradient: 0.7499632459164111
second_gradient: 100.63711510791383
b: 3.134140637873657
f: 0.002794381879155594
Optimization terminated successfully    (Exit mode 0)
            Current function value: -3.118158964298041
            Iterations: 1
            Function evaluations: 16
            Gradient evaluations: 1
Current gradient magnitude: 12.422937311044489
New op index: 177	IIIIIXZY	$R_{YZX}$[0, 1, 2]
gradient: -1.4966626133873289
second_gradient: 100.63805473920122
b: -3.126722013515555
f: 0.01112837059243077
Optimization terminated successfully    (Exit mode 0)
            Current function value: -3.8163265271303515
            Iterations: 12
            Function evaluations: 186
            Gradient evaluations: 12
Current gradient magnitude: 9.01080088847475
New op index: 130	IIIIYZXI	$R_{XZY}$[1, 2, 3]
gradient: 0.5000000000042638
second_gradient: 100.70408163142062
b: 3.1366276523370344
f: 0.0012412528630676434
Optimization terminated successfully    (Exit mode 0)
            Current function value: -3.817567779993455
            Iterations: 1
            Function evaluations: 15
            Gradient evaluations: 1
Current gradient magnitude: 9.030548998766927
New op index: 375	IIIYZZXI	$R_{XZZY}$[1, 2, 3, 4]
gradient: 0.9975113467808601
second_gradient: 100.70284655774769
b: 3.131687484491522
f: 0.004940299675766369
Optimization terminated successfully    (Exit mode 0)
            Current function value: -4.230539514293943
            Iterations: 11
            Function evaluations: 194
            Gradient evaluations: 11
Current gradient magnitude: 5.0967865130181655
New op index: 377	IYZZXIII	$R_{XZZY}$[3, 4, 5, 6]
gradient: -0.7071067051198403
second_gradient: 100.9111881121486
b: -3.1345855501610376
f: 0.0024773950455454496
Optimization terminated successfully    (Exit mode 0)
            Current function value: -4.233017294705668
            Iterations: 1
            Function evaluations: 21
            Gradient evaluations: 1
Current gradient magnitude: 4.990177752916409
New op index: 507	IXZZYIII	$R_{YZZX}$[3, 4, 5, 6]
gradient: 1.409239703383622
second_gradient: 100.90872835035552
b: 3.1276280727237262
f: 0.009839880805174062
Optimization terminated successfully    (Exit mode 0)
            Current function value: -4.816319788897763
            Iterations: 13
            Function evaluations: 256
            Gradient evaluations: 13
Current gradient magnitude: 0.4828501833991733
New op index: 46	IIIIIXYI	$R_{YX}$[1, 2]
gradient: -0.01671853220775203
second_gradient: 76.24056649834104
b: -3.1413733670248103
f: 1.8330747622030685e-06
Precision cutoff reached.
Calculating energies for FreeWilson2D(N_x=2, N_y=2, mass=-1.429, r=1.000)
h_im: 0.0
Lets GO!
Current gradient magnitude: 5530.857142857138
New op index: 61	IIIIZYII	$R_{YZ}$[2, 3]
gradient: -49.99999999999996
second_gradient: -0.49999999999999956
b: -1.5607966601082315
f: 50.50249993750308
Optimization terminated successfully    (Exit mode 0)
            Current function value: 149.99750006249673
            Iterations: 1
            Function evaluations: 2
            Gradient evaluations: 1
Current gradient magnitude: 2562.6767368161836
New op index: 59	IIIIIIZY	$R_{YZ}$[0, 1]
gradient: -49.999999999999964
second_gradient: -1.3582279188341113e-17
b: -1.5707963267948966
f: 49.999999999999964
Optimization terminated successfully    (Exit mode 0)
            Current function value: 99.99750006249656
            Iterations: 1
            Function evaluations: 3
            Gradient evaluations: 1
Current gradient magnitude: 1853.8810411897769
New op index: 456	IIZYYYII	$R_{YYYZ}$[2, 3, 4, 5]
gradient: -50.00249993750307
second_gradient: -6.566546294506417e-16
b: -1.5707963267948966
f: 50.00249993750307
Optimization terminated successfully    (Exit mode 0)
            Current function value: 49.9925001875047
            Iterations: 2
            Function evaluations: 10
            Gradient evaluations: 2
Current gradient magnitude: 459.99612267700365
New op index: 65	ZYIIIIII	$R_{YZ}$[6, 7]
gradient: -49.99999999999995
second_gradient: 0.00500012501588247
b: -1.570896329294881
f: 49.99500012499657
Optimization terminated successfully    (Exit mode 0)
            Current function value: -0.0049998749903466
            Iterations: 2
            Function evaluations: 15
            Gradient evaluations: 2
Current gradient magnitude: 53.260403467108645
New op index: 258	YXXXIIII	$R_{XXXY}$[4, 5, 6, 7]
gradient: 0.5714285714285705
second_gradient: -1.1923199591670565e-16
b: 1.5707963267948963
f: 0.5714285714285706
Optimization terminated successfully    (Exit mode 0)
            Current function value: -0.5764284464189164
            Iterations: 1
            Function evaluations: 6
            Gradient evaluations: 1
Current gradient magnitude: 50.556157119961654
New op index: 45	IIIIIIXY	$R_{YX}$[0, 1]
gradient: 0.5714285714284841
second_gradient: 6.44973823628874e-24
b: 1.5707963267948966
f: 0.5714285714284841
Optimization terminated successfully    (Exit mode 0)
            Current function value: -1.147857017847365
            Iterations: 1
            Function evaluations: 7
            Gradient evaluations: 1
Current gradient magnitude: 47.85191546841516
New op index: 47	IIIIXYII	$R_{YX}$[2, 3]
gradient: 0.5714142869218719
second_gradient: 0.004999726176204965
b: 1.5795458430511589
f: 0.566436433477932
Optimization terminated successfully    (Exit mode 0)
            Current function value: -1.7155366732388022
            Iterations: 3
            Function evaluations: 29
            Gradient evaluations: 3
Current gradient magnitude: 31.014286035051086
New op index: 157	IZXYIIII	$R_{YXZ}$[4, 5, 6]
gradient: 0.5726833415760098
second_gradient: 0.0025083674970226427
b: 1.5751763240366723
f: 0.5701804674091284
Optimization terminated successfully    (Exit mode 0)
            Current function value: -2.2857173003482676
            Iterations: 1
            Function evaluations: 11
            Gradient evaluations: 1
Current gradient magnitude: 0.2182000442224035
New op index: 131	IIIYZXII	$R_{XZY}$[2, 3, 4]
gradient: 0.005233261236080158
second_gradient: 0.574215140113985
b: 3.1324791419720164
f: 2.384685858947133e-05
Precision cutoff reached.
Calculating energies for FreeWilson2D(N_x=2, N_y=2, mass=-1.265, r=1.000)
h_im: 0.0
Lets GO!
Current gradient magnitude: 5530.530612244893
New op index: 61	IIIIZYII	$R_{YZ}$[2, 3]
gradient: -49.99999999999996
second_gradient: -0.49999999999999956
b: -1.5607966601082315
f: 50.50249993750308
Optimization terminated successfully    (Exit mode 0)
            Current function value: 149.99750006249673
            Iterations: 1
            Function evaluations: 2
            Gradient evaluations: 1
Current gradient magnitude: 2566.106842864352
New op index: 59	IIIIIIZY	$R_{YZ}$[0, 1]
gradient: -49.999999999999964
second_gradient: -1.3582279188341113e-17
b: -1.5707963267948966
f: 49.999999999999964
Optimization terminated successfully    (Exit mode 0)
            Current function value: 99.99750006249656
            Iterations: 1
            Function evaluations: 3
            Gradient evaluations: 1
Current gradient magnitude: 1857.0744202985884
New op index: 456	IIZYYYII	$R_{YYYZ}$[2, 3, 4, 5]
gradient: -50.00249993750307
second_gradient: -6.206401368715497e-16
b: -1.5707963267948966
f: 50.00249993750307
Optimization terminated successfully    (Exit mode 0)
            Current function value: 49.9925001875047
            Iterations: 2
            Function evaluations: 10
            Gradient evaluations: 2
Current gradient magnitude: 466.62364879153415
New op index: 65	ZYIIIIII	$R_{YZ}$[6, 7]
gradient: -49.99999999999995
second_gradient: 0.005000125015882469
b: -1.570896329294881
f: 49.99500012499657
Optimization terminated successfully    (Exit mode 0)
            Current function value: -0.0049998749903608294
            Iterations: 2
            Function evaluations: 15
            Gradient evaluations: 2
Current gradient magnitude: 60.452053299999314
New op index: 37	YXIIIIII	$R_{XY}$[6, 7]
gradient: 0.734693877551019
second_gradient: 3.528061345808452e-17
b: 1.5707963267948966
f: 0.734693877551019
Optimization terminated successfully    (Exit mode 0)
            Current function value: -0.7396937525413538
            Iterations: 1
            Function evaluations: 6
            Gradient evaluations: 1
Current gradient magnitude: 56.11519559511862
New op index: 45	IIIIIIXY	$R_{YX}$[0, 1]
gradient: 0.7346938775509031
second_gradient: -2.189095656786941e-23
b: 1.5707963267948966
f: 0.7346938775509031
Optimization terminated successfully    (Exit mode 0)
            Current function value: -1.4743876300922498
            Iterations: 1
            Function evaluations: 7
            Gradient evaluations: 1
Current gradient magnitude: 51.778342149561965
New op index: 316	IIYYYXII	$R_{XYYY}$[2, 3, 4, 5]
gradient: -0.7346755117215622
second_gradient: 0.004999730957892768
b: -1.5776015812184163
f: 0.7296927930499336
Optimization terminated successfully    (Exit mode 0)
            Current function value: -2.20533100499504
            Iterations: 3
            Function evaluations: 29
            Gradient evaluations: 3
Current gradient magnitude: 32.92459470891795
New op index: 428	ZZXYIIII	$R_{YXZZ}$[4, 5, 6, 7]
gradient: 0.7359408038143584
second_gradient: 0.002501526838059917
b: 1.5741954007300836
f: 0.7334435284177285
Optimization terminated successfully    (Exit mode 0)
            Current function value: -2.938774550695611
            Iterations: 1
            Function evaluations: 12
            Gradient evaluations: 1
Current gradient magnitude: 0.10665915774286618
New op index: 131	IIIYZXII	$R_{XZY}$[2, 3, 4]
gradient: 0.003830751468685883
second_gradient: 0.7361683779317758
b: 3.136389065649923
f: 9.966848561138164e-06
Precision cutoff reached.
Calculating energies for FreeWilson2D(N_x=2, N_y=2, mass=-1.102, r=1.000)
h_im: 0.0
Lets GO!
Current gradient magnitude: 5530.204081632648
New op index: 61	IIIIZYII	$R_{YZ}$[2, 3]
gradient: -49.99999999999996
second_gradient: -0.49999999999999956
b: -1.5607966601082315
f: 50.50249993750308
Optimization terminated successfully    (Exit mode 0)
            Current function value: 149.99750006249673
            Iterations: 1
            Function evaluations: 2
            Gradient evaluations: 1
Current gradient magnitude: 2569.536948912521
New op index: 59	IIIIIIZY	$R_{YZ}$[0, 1]
gradient: -49.999999999999964
second_gradient: -1.3582279188341113e-17
b: -1.5707963267948966
f: 49.999999999999964
Optimization terminated successfully    (Exit mode 0)
            Current function value: 99.99750006249656
            Iterations: 1
            Function evaluations: 3
            Gradient evaluations: 1
Current gradient magnitude: 1860.2677994074004
New op index: 456	IIZYYYII	$R_{YYYZ}$[2, 3, 4, 5]
gradient: -50.00249993750307
second_gradient: -5.846256442924579e-16
b: -1.5707963267948966
f: 50.00249993750307
Optimization terminated successfully    (Exit mode 0)
            Current function value: 49.9925001875047
            Iterations: 2
            Function evaluations: 10
            Gradient evaluations: 2
Current gradient magnitude: 473.25117490606465
New op index: 65	ZYIIIIII	$R_{YZ}$[6, 7]
gradient: -49.99999999999995
second_gradient: 0.005000125015882468
b: -1.570896329294881
f: 49.99500012499657
Optimization terminated successfully    (Exit mode 0)
            Current function value: -0.004999874990076564
            Iterations: 2
            Function evaluations: 15
            Gradient evaluations: 2
Current gradient magnitude: 67.6437201572753
New op index: 268	XYXXIIII	$R_{XXYX}$[4, 5, 6, 7]
gradient: -0.8979591836734667
second_gradient: -1.5429849653171335e-14
b: -1.5707963267948795
f: 0.8979591836734822
Optimization terminated successfully    (Exit mode 0)
            Current function value: -0.9029590586635278
            Iterations: 1
            Function evaluations: 6
            Gradient evaluations: 1
Current gradient magnitude: 61.674245187616066
New op index: 45	IIIIIIXY	$R_{YX}$[0, 1]
gradient: 0.8979591836733363
second_gradient: 2.8359679187492415e-23
b: 1.5707963267948966
f: 0.8979591836733363
Optimization terminated successfully    (Exit mode 0)
            Current function value: -1.800918242336864
            Iterations: 1
            Function evaluations: 7
            Gradient evaluations: 1
Current gradient magnitude: 55.704779892798655
New op index: 428	ZZXYIIII	$R_{YXZZ}$[4, 5, 6, 7]
gradient: 0.8979367367623396
second_gradient: 0.00499970715199808
b: 1.5763642641342994
f: 0.8929509486743703
Optimization terminated successfully    (Exit mode 0)
            Current function value: -2.695125381285686
            Iterations: 3
            Function evaluations: 29
            Gradient evaluations: 3
Current gradient magnitude: 34.83368303779343
New op index: 47	IIIIXYII	$R_{YX}$[2, 3]
gradient: 0.899200023736995
second_gradient: 0.0024964318227545
b: 1.5735726005303707
f: 0.8967070573055174
Optimization terminated successfully    (Exit mode 0)
            Current function value: -3.5918333025890274
            Iterations: 1
            Function evaluations: 10
            Gradient evaluations: 1
Current gradient magnitude: 0.15098563714996488
New op index: 131	IIIYZXII	$R_{XZY}$[2, 3, 4]
gradient: 0.0027910666397203488
second_gradient: 0.8987332324026838
b: 3.138487107287121
f: 4.333896824859629e-06
Precision cutoff reached.
Calculating energies for FreeWilson2D(N_x=2, N_y=2, mass=-0.939, r=1.000)
h_im: 0.0
Lets GO!
Current gradient magnitude: 5531.836734693873
New op index: 61	IIIIZYII	$R_{YZ}$[2, 3]
gradient: -49.99999999999996
second_gradient: -0.49999999999999956
b: -1.5607966601082315
f: 50.50249993750308
Optimization terminated successfully    (Exit mode 0)
            Current function value: 149.99750006249673
            Iterations: 1
            Function evaluations: 2
            Gradient evaluations: 1
Current gradient magnitude: 2573.8872528285024
New op index: 59	IIIIIIZY	$R_{YZ}$[0, 1]
gradient: -49.999999999999964
second_gradient: -1.3582279188341113e-17
b: -1.5707963267948966
f: 49.999999999999964
Optimization terminated successfully    (Exit mode 0)
            Current function value: 99.99750006249656
            Iterations: 1
            Function evaluations: 3
            Gradient evaluations: 1
Current gradient magnitude: 1864.381376384025
New op index: 456	IIZYYYII	$R_{YYYZ}$[2, 3, 4, 5]
gradient: -50.00249993750307
second_gradient: -5.486111517133659e-16
b: -1.5707963267948966
f: 50.00249993750307
Optimization terminated successfully    (Exit mode 0)
            Current function value: 49.9925001875047
            Iterations: 2
            Function evaluations: 10
            Gradient evaluations: 2
Current gradient magnitude: 479.87870102059514
New op index: 65	ZYIIIIII	$R_{YZ}$[6, 7]
gradient: -49.99999999999995
second_gradient: 0.0050001250158824674
b: -1.570896329294881
f: 49.99500012499657
Optimization terminated successfully    (Exit mode 0)
            Current function value: -0.004999874990538421
            Iterations: 2
            Function evaluations: 15
            Gradient evaluations: 2
Current gradient magnitude: 74.83537469173248
New op index: 37	YXIIIIII	$R_{XY}$[6, 7]
gradient: 1.0612244897959162
second_gradient: -2.766520684054513e-17
b: 1.5707963267948966
f: 1.0612244897959162
Optimization terminated successfully    (Exit mode 0)
            Current function value: -1.066224364786385
            Iterations: 1
            Function evaluations: 6
            Gradient evaluations: 1
Current gradient magnitude: 67.23329155680366
New op index: 45	IIIIIIXY	$R_{YX}$[0, 1]
gradient: 1.0612244897957552
second_gradient: 1.3716659898621977e-25
b: 1.5707963267948966
f: 1.0612244897957552
Optimization terminated successfully    (Exit mode 0)
            Current function value: -2.1274488545821466
            Iterations: 1
            Function evaluations: 7
            Gradient evaluations: 1
Current gradient magnitude: 59.63121466254922
New op index: 47	IIIIXYII	$R_{YX}$[2, 3]
gradient: 1.0611979611736118
second_gradient: 0.004999749990454037
b: 1.5755077125871004
f: 1.056209989080479
Optimization terminated successfully    (Exit mode 0)
            Current function value: -3.184919768498978
            Iterations: 3
            Function evaluations: 26
            Gradient evaluations: 3
Current gradient magnitude: 36.79449807496853
New op index: 616	IIYXZZII	$R_{ZZXY}$[2, 3, 4, 5]
gradient: -1.0624601945466594
second_gradient: 0.0024922799476053284
b: -1.5731420856186802
f: 1.0599708377442338
Optimization terminated successfully    (Exit mode 0)
            Current function value: -4.244895450566778
            Iterations: 3
            Function evaluations: 31
            Gradient evaluations: 3
Current gradient magnitude: 0.13050217168201567
New op index: 131	IIIYZXII	$R_{XZY}$[2, 3, 4]
gradient: 0.0017583818191740873
second_gradient: 1.061531924578901
b: 3.1399361982630922
f: 1.4563407984002907e-06
Precision cutoff reached.
Calculating energies for FreeWilson2D(N_x=2, N_y=2, mass=-0.776, r=1.000)
h_im: 0.0
Lets GO!
Current gradient magnitude: 5536.734693877546
New op index: 61	IIIIZYII	$R_{YZ}$[2, 3]
gradient: -49.99999999999996
second_gradient: -0.49999999999999956
b: -1.5607966601082315
f: 50.50249993750308
Optimization terminated successfully    (Exit mode 0)
            Current function value: 149.99750006249673
            Iterations: 1
            Function evaluations: 2
            Gradient evaluations: 1
Current gradient magnitude: 2579.7712198575064
New op index: 59	IIIIIIZY	$R_{YZ}$[0, 1]
gradient: -49.999999999999964
second_gradient: -1.3582279188341113e-17
b: -1.5707963267948966
f: 49.999999999999964
Optimization terminated successfully    (Exit mode 0)
            Current function value: 99.99750006249656
            Iterations: 1
            Function evaluations: 3
            Gradient evaluations: 1
Current gradient magnitude: 1870.0286164736713
New op index: 456	IIZYYYII	$R_{YYYZ}$[2, 3, 4, 5]
gradient: -50.00249993750307
second_gradient: -5.12596659134274e-16
b: -1.5707963267948966
f: 50.00249993750307
Optimization terminated successfully    (Exit mode 0)
            Current function value: 49.9925001875047
            Iterations: 2
            Function evaluations: 10
            Gradient evaluations: 2
Current gradient magnitude: 486.50622713512564
New op index: 65	ZYIIIIII	$R_{YZ}$[6, 7]
gradient: -49.99999999999995
second_gradient: 0.005000125015882466
b: -1.570896329294881
f: 49.99500012499657
Optimization terminated successfully    (Exit mode 0)
            Current function value: -0.004999874990190275
            Iterations: 2
            Function evaluations: 15
            Gradient evaluations: 2
Current gradient magnitude: 82.02704735175679
New op index: 37	YXIIIIII	$R_{XY}$[6, 7]
gradient: 1.2244897959183652
second_gradient: 8.320288831469753e-18
b: 1.5707963267948966
f: 1.2244897959183652
Optimization terminated successfully    (Exit mode 0)
            Current function value: -1.2294896709085381
            Iterations: 1
            Function evaluations: 6
            Gradient evaluations: 1
Current gradient magnitude: 72.79234985367566
New op index: 294	IIIIXXYX	$R_{XYXX}$[0, 1, 2, 3]
gradient: -1.2244897959181815
second_gradient: 7.112516432998503e-15
b: -1.5707963267949023
f: 1.2244897959181744
Optimization terminated successfully    (Exit mode 0)
            Current function value: -2.4539794668267265
            Iterations: 1
            Function evaluations: 7
            Gradient evaluations: 1
Current gradient magnitude: 63.55753843361042
New op index: 47	IIIIXYII	$R_{YX}$[2, 3]
gradient: 1.2244591863778567
second_gradient: 0.004999716645351682
b: 1.5748795081007618
f: 1.2194696771214573
Optimization terminated successfully    (Exit mode 0)
            Current function value: -3.674714174421648
            Iterations: 3
            Function evaluations: 29
            Gradient evaluations: 3
Current gradient magnitude: 38.73378203535121
New op index: 616	IIYXZZII	$R_{ZZXY}$[2, 3, 4, 5]
gradient: -1.2257210064247417
second_gradient: 0.002488763597497255
b: -1.572826772682909
f: 1.2232347694780188
Optimization terminated successfully    (Exit mode 0)
            Current function value: -4.8979554555406
            Iterations: 2
            Function evaluations: 20
            Gradient evaluations: 2
Current gradient magnitude: 0.12257511924609099
New op index: 47	IIIIXYII	$R_{YX}$[2, 3]
gradient: 0.0020809112238659197
second_gradient: 1.2245076079124928
b: 3.139893269112915
f: 1.7681345412245975e-06
Precision cutoff reached.
Calculating energies for FreeWilson2D(N_x=2, N_y=2, mass=-0.612, r=1.000)
h_im: 0.0
Lets GO!
Current gradient magnitude: 5541.6326530612205
New op index: 61	IIIIZYII	$R_{YZ}$[2, 3]
gradient: -49.99999999999996
second_gradient: -0.49999999999999956
b: -1.5607966601082315
f: 50.50249993750308
Optimization terminated successfully    (Exit mode 0)
            Current function value: 149.99750006249673
            Iterations: 1
            Function evaluations: 2
            Gradient evaluations: 1
Current gradient magnitude: 2585.655186886509
New op index: 59	IIIIIIZY	$R_{YZ}$[0, 1]
gradient: -49.999999999999964
second_gradient: -1.3582279188341113e-17
b: -1.5707963267948966
f: 49.999999999999964
Optimization terminated successfully    (Exit mode 0)
            Current function value: 99.99750006249656
            Iterations: 1
            Function evaluations: 3
            Gradient evaluations: 1
Current gradient magnitude: 1875.6758565633174
New op index: 456	IIZYYYII	$R_{YYYZ}$[2, 3, 4, 5]
gradient: -50.00249993750307
second_gradient: -4.76582166555182e-16
b: -1.5707963267948966
f: 50.00249993750307
Optimization terminated successfully    (Exit mode 0)
            Current function value: 49.9925001875047
            Iterations: 2
            Function evaluations: 10
            Gradient evaluations: 2
Current gradient magnitude: 493.13375324965614
New op index: 65	ZYIIIIII	$R_{YZ}$[6, 7]
gradient: -49.99999999999995
second_gradient: 0.005000125015882465
b: -1.570896329294881
f: 49.99500012499657
Optimization terminated successfully    (Exit mode 0)
            Current function value: -0.004999874990510005
            Iterations: 2
            Function evaluations: 15
            Gradient evaluations: 2
Current gradient magnitude: 89.21867887623156
New op index: 51	XYIIIIII	$R_{YX}$[6, 7]
gradient: -1.3877551020408143
second_gradient: -2.0410118991067326e-15
b: -1.5707963267948952
f: 1.3877551020408163
Optimization terminated successfully    (Exit mode 0)
            Current function value: -1.3927549770313523
            Iterations: 1
            Function evaluations: 6
            Gradient evaluations: 1
Current gradient magnitude: 78.35137234950028
New op index: 31	IIIIIIYX	$R_{XY}$[0, 1]
gradient: -1.3877551020405952
second_gradient: 1.7849700903943003e-24
b: -1.5707963267948966
f: 1.3877551020405952
Optimization terminated successfully    (Exit mode 0)
            Current function value: -2.7805100790719246
            Iterations: 1
            Function evaluations: 7
            Gradient evaluations: 1
Current gradient magnitude: 67.48394025660727
New op index: 386	IIXXXYII	$R_{YXXX}$[2, 3, 4, 5]
gradient: 1.3877204107651124
second_gradient: 0.004999750017230088
b: 1.5743991623123887
f: 1.3827296673960952
Optimization terminated successfully    (Exit mode 0)
            Current function value: -4.164508582327997
            Iterations: 3
            Function evaluations: 28
            Gradient evaluations: 3
Current gradient magnitude: 40.693848697222755
New op index: 428	ZZXYIIII	$R_{YXZZ}$[4, 5, 6, 7]
gradient: 1.3889822703693966
second_gradient: 0.0024856951357320237
b: 1.5725859050603672
f: 1.386498799407253
Optimization terminated successfully    (Exit mode 0)
            Current function value: -5.551020385272304
            Iterations: 4
            Function evaluations: 41
            Gradient evaluations: 4
Current gradient magnitude: 0.0062090675778682086
New op index: 47	IIIIXYII	$R_{YX}$[2, 3]
gradient: 0.0002247831015861306
second_gradient: 1.3877554702302177
b: 3.141430677575688
f: 1.8204735496851754e-08
Precision cutoff reached.
Calculating energies for FreeWilson2D(N_x=2, N_y=2, mass=-0.449, r=1.000)
h_im: 0.0
Lets GO!
Current gradient magnitude: 5546.530612244893
New op index: 61	IIIIZYII	$R_{YZ}$[2, 3]
gradient: -49.99999999999996
second_gradient: -0.49999999999999956
b: -1.5607966601082315
f: 50.50249993750308
Optimization terminated successfully    (Exit mode 0)
            Current function value: 149.99750006249673
            Iterations: 1
            Function evaluations: 2
            Gradient evaluations: 1
Current gradient magnitude: 2591.5391539155125
New op index: 59	IIIIIIZY	$R_{YZ}$[0, 1]
gradient: -49.999999999999964
second_gradient: -1.3582279188341113e-17
b: -1.5707963267948966
f: 49.999999999999964
Optimization terminated successfully    (Exit mode 0)
            Current function value: 99.99750006249656
            Iterations: 1
            Function evaluations: 3
            Gradient evaluations: 1
Current gradient magnitude: 1881.3230966529636
New op index: 456	IIZYYYII	$R_{YYYZ}$[2, 3, 4, 5]
gradient: -50.00249993750307
second_gradient: -4.405676739760901e-16
b: -1.5707963267948966
f: 50.00249993750307
Optimization terminated successfully    (Exit mode 0)
            Current function value: 49.9925001875047
            Iterations: 2
            Function evaluations: 10
            Gradient evaluations: 2
Current gradient magnitude: 499.76127936418675
New op index: 65	ZYIIIIII	$R_{YZ}$[6, 7]
gradient: -49.99999999999995
second_gradient: 0.005000125015882464
b: -1.570896329294881
f: 49.99500012499657
Optimization terminated successfully    (Exit mode 0)
            Current function value: -0.004999874989998427
            Iterations: 2
            Function evaluations: 15
            Gradient evaluations: 2
Current gradient magnitude: 96.41037940986061
New op index: 51	XYIIIIII	$R_{YX}$[6, 7]
gradient: -1.5510204081632628
second_gradient: -4.072580515295844e-15
b: -1.570796326794894
f: 1.5510204081632668
Optimization terminated successfully    (Exit mode 0)
            Current function value: -1.5560202831533352
            Iterations: 1
            Function evaluations: 6
            Gradient evaluations: 1
Current gradient magnitude: 83.91045396090396
New op index: 31	IIIIIIYX	$R_{XY}$[0, 1]
gradient: -1.5510204081630234
second_gradient: -2.8739087264013437e-24
b: -1.5707963267948966
f: 1.5510204081630234
Optimization terminated successfully    (Exit mode 0)
            Current function value: -3.1070406913163615
            Iterations: 1
            Function evaluations: 7
            Gradient evaluations: 1
Current gradient magnitude: 71.41040772251795
New op index: 47	IIIIXYII	$R_{YX}$[2, 3]
gradient: 1.550981636152045
second_gradient: 0.004999711910763926
b: 1.5740198946800528
f: 1.5459899827036347
Optimization terminated successfully    (Exit mode 0)
            Current function value: -4.6543030199315325
            Iterations: 3
            Function evaluations: 28
            Gradient evaluations: 3
Current gradient magnitude: 42.642003019317706
New op index: 428	ZZXYIIII	$R_{YXZZ}$[4, 5, 6, 7]
gradient: 1.5522436587260628
second_gradient: 0.002482744363262302
b: 1.5723957807415385
f: 1.549762899880859
Optimization terminated successfully    (Exit mode 0)
            Current function value: -6.204081578733858
            Iterations: 4
            Function evaluations: 41
            Gradient evaluations: 4
Current gradient magnitude: 0.009127370972008376
New op index: 49	IIXYIIII	$R_{YX}$[4, 5]
gradient: 0.00037927785636875794
second_gradient: 1.5510209244901034
b: 3.141348119268676
f: 4.637322681411149e-08
Precision cutoff reached.
Calculating energies for FreeWilson2D(N_x=2, N_y=2, mass=-0.286, r=1.000)
h_im: 0.0
Lets GO!
Current gradient magnitude: 5551.428571428567
New op index: 61	IIIIZYII	$R_{YZ}$[2, 3]
gradient: -49.99999999999996
second_gradient: -0.49999999999999956
b: -1.5607966601082315
f: 50.50249993750308
Optimization terminated successfully    (Exit mode 0)
            Current function value: 149.99750006249673
            Iterations: 1
            Function evaluations: 2
            Gradient evaluations: 1
Current gradient magnitude: 2597.423120944516
New op index: 59	IIIIIIZY	$R_{YZ}$[0, 1]
gradient: -49.999999999999964
second_gradient: -1.3582279188341113e-17
b: -1.5707963267948966
f: 49.999999999999964
Optimization terminated successfully    (Exit mode 0)
            Current function value: 99.99750006249656
            Iterations: 1
            Function evaluations: 3
            Gradient evaluations: 1
Current gradient magnitude: 1886.97033674261
New op index: 456	IIZYYYII	$R_{YYYZ}$[2, 3, 4, 5]
gradient: -50.00249993750307
second_gradient: -4.045531813969983e-16
b: -1.5707963267948966
f: 50.00249993750307
Optimization terminated successfully    (Exit mode 0)
            Current function value: 49.9925001875047
            Iterations: 2
            Function evaluations: 10
            Gradient evaluations: 2
Current gradient magnitude: 506.3888054787172
New op index: 65	ZYIIIIII	$R_{YZ}$[6, 7]
gradient: -49.99999999999995
second_gradient: 0.005000125015882462
b: -1.570896329294881
f: 49.99500012499657
Optimization terminated successfully    (Exit mode 0)
            Current function value: -0.00499987499027556
            Iterations: 2
            Function evaluations: 15
            Gradient evaluations: 2
Current gradient magnitude: 103.6019971088666
New op index: 37	YXIIIIII	$R_{XY}$[6, 7]
gradient: 1.7142857142857113
second_gradient: 3.2796150902372696e-17
b: 1.5707963267948966
f: 1.7142857142857113
Optimization terminated successfully    (Exit mode 0)
            Current function value: -1.7192855892760066
            Iterations: 1
            Function evaluations: 6
            Gradient evaluations: 1
Current gradient magnitude: 89.46946585166893
New op index: 45	IIIIIIXY	$R_{YX}$[0, 1]
gradient: 1.7142857142854453
second_gradient: -7.881076737068508e-24
b: 1.5707963267948966
f: 1.7142857142854453
Optimization terminated successfully    (Exit mode 0)
            Current function value: -3.4335713035614517
            Iterations: 1
            Function evaluations: 7
            Gradient evaluations: 1
Current gradient magnitude: 75.33694168642762
New op index: 426	IIZZXYII	$R_{YXZZ}$[2, 3, 4, 5]
gradient: -1.7142428609293818
second_gradient: 0.0049997166224985574
b: -1.5737128927961233
f: 1.70925043531381
Optimization terminated successfully    (Exit mode 0)
            Current function value: -5.144097361878162
            Iterations: 2
            Function evaluations: 19
            Gradient evaluations: 2
Current gradient magnitude: 44.572368443292575
New op index: 35	IIYXIIII	$R_{XY}$[4, 5]
gradient: 1.7155049766179862
second_gradient: 0.0024797137384232827
b: 1.5722417973969616
f: 1.71302705505653
Optimization terminated successfully    (Exit mode 0)
            Current function value: -6.857141038496623
            Iterations: 3
            Function evaluations: 31
            Gradient evaluations: 3
Current gradient magnitude: 0.14642848885601337
New op index: 647	IYZZZIII	$R_{ZZZY}$[3, 4, 5, 6]
gradient: -0.012366119262638753
second_gradient: 50.8571414896431
b: -3.141349499557602
f: 1.5034358895604782e-06
Precision cutoff reached.
Calculating energies for FreeWilson2D(N_x=2, N_y=2, mass=-0.122, r=1.000)
h_im: 0.0
Lets GO!
Current gradient magnitude: 5556.32653061224
New op index: 61	IIIIZYII	$R_{YZ}$[2, 3]
gradient: -49.99999999999996
second_gradient: -0.49999999999999956
b: -1.5607966601082315
f: 50.50249993750308
Optimization terminated successfully    (Exit mode 0)
            Current function value: 149.99750006249673
            Iterations: 1
            Function evaluations: 2
            Gradient evaluations: 1
Current gradient magnitude: 2603.3070879735196
New op index: 59	IIIIIIZY	$R_{YZ}$[0, 1]
gradient: -49.999999999999964
second_gradient: -1.3582279188341113e-17
b: -1.5707963267948966
f: 49.999999999999964
Optimization terminated successfully    (Exit mode 0)
            Current function value: 99.99750006249656
            Iterations: 1
            Function evaluations: 3
            Gradient evaluations: 1
Current gradient magnitude: 1892.6175768322564
New op index: 456	IIZYYYII	$R_{YYYZ}$[2, 3, 4, 5]
gradient: -50.00249993750307
second_gradient: -3.6853868881790634e-16
b: -1.5707963267948966
f: 50.00249993750307
Optimization terminated successfully    (Exit mode 0)
            Current function value: 49.9925001875047
            Iterations: 2
            Function evaluations: 10
            Gradient evaluations: 2
Current gradient magnitude: 513.0163315932476
New op index: 65	ZYIIIIII	$R_{YZ}$[6, 7]
gradient: -49.99999999999995
second_gradient: 0.005000125015882461
b: -1.570896329294881
f: 49.99500012499657
Optimization terminated successfully    (Exit mode 0)
            Current function value: -0.004999874990559798
            Iterations: 2
            Function evaluations: 15
            Gradient evaluations: 2
Current gradient magnitude: 110.79367659596963
New op index: 51	XYIIIIII	$R_{YX}$[6, 7]
gradient: -1.8775510204081605
second_gradient: -4.205251509463013e-15
b: -1.5707963267948943
f: 1.8775510204081647
Optimization terminated successfully    (Exit mode 0)
            Current function value: -1.8825508953986643
            Iterations: 1
            Function evaluations: 6
            Gradient evaluations: 1
Current gradient magnitude: 95.02854388416574
New op index: 294	IIIIXXYX	$R_{XYXX}$[0, 1, 2, 3]
gradient: -1.8775510204078756
second_gradient: -4.336770707727087e-19
b: -1.5707963267948966
f: 1.8775510204078756
Optimization terminated successfully    (Exit mode 0)
            Current function value: -3.760101915806543
            Iterations: 1
            Function evaluations: 7
            Gradient evaluations: 1
Current gradient magnitude: 79.26328522856419
New op index: 33	IIIIYXII	$R_{XY}$[2, 3]
gradient: -1.8775040848842437
second_gradient: 0.004999764320693713
b: -1.573459305023498
f: 1.872510977699251
Optimization terminated successfully    (Exit mode 0)
            Current function value: -5.6338930360696
            Iterations: 3
            Function evaluations: 27
            Gradient evaluations: 3
Current gradient magnitude: 46.542281155872864
New op index: 338	ZZYXIIII	$R_{XYZZ}$[4, 5, 6, 7]
gradient: -1.878758851844998
second_gradient: 0.002469080119882266
b: -1.5721105341483173
f: 1.876291394166974
Optimization terminated successfully    (Exit mode 0)
            Current function value: -7.51020372076094
            Iterations: 4
            Function evaluations: 40
            Gradient evaluations: 4
Current gradient magnitude: 0.06381644387429965
New op index: 12	IIIYIIII	$R_{Y}$[4]
gradient: -0.006038041426891161
second_gradient: 50.938775149409125
b: -3.141474118321112
f: 3.5786042928975803e-07
Precision cutoff reached.
Calculating energies for FreeWilson2D(N_x=2, N_y=2, mass=0.041, r=1.000)
h_im: 0.0
Lets GO!
Current gradient magnitude: 5561.2244897959135
New op index: 61	IIIIZYII	$R_{YZ}$[2, 3]
gradient: -49.99999999999996
second_gradient: -0.49999999999999956
b: -1.5607966601082315
f: 50.50249993750308
Optimization terminated successfully    (Exit mode 0)
            Current function value: 149.99750006249673
            Iterations: 1
            Function evaluations: 2
            Gradient evaluations: 1
Current gradient magnitude: 2609.1910550025223
New op index: 59	IIIIIIZY	$R_{YZ}$[0, 1]
gradient: -49.999999999999964
second_gradient: -1.3582279188341113e-17
b: -1.5707963267948966
f: 49.999999999999964
Optimization terminated successfully    (Exit mode 0)
            Current function value: 99.99750006249656
            Iterations: 1
            Function evaluations: 3
            Gradient evaluations: 1
Current gradient magnitude: 1898.2648169219024
New op index: 456	IIZYYYII	$R_{YYYZ}$[2, 3, 4, 5]
gradient: -50.00249993750307
second_gradient: -3.3252419623881446e-16
b: -1.5707963267948966
f: 50.00249993750307
Optimization terminated successfully    (Exit mode 0)
            Current function value: 49.9925001875047
            Iterations: 2
            Function evaluations: 10
            Gradient evaluations: 2
Current gradient magnitude: 519.6438577077781
New op index: 65	ZYIIIIII	$R_{YZ}$[6, 7]
gradient: -49.99999999999995
second_gradient: 0.0050001250158824605
b: -1.570896329294881
f: 49.99500012499657
Optimization terminated successfully    (Exit mode 0)
            Current function value: -0.004999874989714195
            Iterations: 2
            Function evaluations: 15
            Gradient evaluations: 2
Current gradient magnitude: 117.98538878673708
New op index: 51	XYIIIIII	$R_{YX}$[6, 7]
gradient: -2.0408163265306056
second_gradient: -1.3132448078101632e-14
b: -1.5707963267948901
f: 2.040816326530619
Optimization terminated successfully    (Exit mode 0)
            Current function value: -2.045816201520319
            Iterations: 1
            Function evaluations: 6
            Gradient evaluations: 1
Current gradient magnitude: 100.58761915200007
New op index: 31	IIIIIIYX	$R_{XY}$[0, 1]
gradient: -2.0408163265303036
second_gradient: 6.2732807623960316e-24
b: -1.5707963267948966
f: 2.0408163265303036
Optimization terminated successfully    (Exit mode 0)
            Current function value: -4.08663252805066
            Iterations: 1
            Function evaluations: 7
            Gradient evaluations: 1
Current gradient magnitude: 83.18973632771977
New op index: 296	IIXXYXII	$R_{XYXX}$[2, 3, 4, 5]
gradient: -2.0407653108247814
second_gradient: 0.0049997070886879545
b: -1.5732462396091216
f: 2.0357717281623886
Optimization terminated successfully    (Exit mode 0)
            Current function value: -6.123687810886265
            Iterations: 3
            Function evaluations: 27
            Gradient evaluations: 3
Current gradient magnitude: 48.49872653269726
New op index: 35	IIYXIIII	$R_{XY}$[4, 5]
gradient: 2.042018985336611
second_gradient: 0.0024648030745664865
b: 1.5720033684018722
f: 2.0395556698221573
Optimization terminated successfully    (Exit mode 0)
            Current function value: -8.163265306094692
            Iterations: 4
            Function evaluations: 43
            Gradient evaluations: 4
Current gradient magnitude: 0.00043554306638916623
New op index: 8	IIIIIIIY	$R_{Y}$[0]
gradient: 4.691522247226496e-05
second_gradient: 51.02040816324091
b: 3.141591734051433
f: 2.156497203031904e-11
Precision cutoff reached.
Calculating energies for FreeWilson2D(N_x=2, N_y=2, mass=0.204, r=1.000)
h_im: 0.0
Lets GO!
Current gradient magnitude: 5566.122448979588
New op index: 61	IIIIZYII	$R_{YZ}$[2, 3]
gradient: -49.99999999999996
second_gradient: -0.49999999999999956
b: -1.5607966601082315
f: 50.50249993750308
Optimization terminated successfully    (Exit mode 0)
            Current function value: 149.99750006249673
            Iterations: 1
            Function evaluations: 2
            Gradient evaluations: 1
Current gradient magnitude: 2615.075022031526
New op index: 59	IIIIIIZY	$R_{YZ}$[0, 1]
gradient: -49.999999999999964
second_gradient: -1.3582279188341113e-17
b: -1.5707963267948966
f: 49.999999999999964
Optimization terminated successfully    (Exit mode 0)
            Current function value: 99.99750006249656
            Iterations: 1
            Function evaluations: 3
            Gradient evaluations: 1
Current gradient magnitude: 1903.9120570115488
New op index: 456	IIZYYYII	$R_{YYYZ}$[2, 3, 4, 5]
gradient: -50.00249993750307
second_gradient: -2.965097036597225e-16
b: -1.5707963267948966
f: 50.00249993750307
Optimization terminated successfully    (Exit mode 0)
            Current function value: 49.9925001875047
            Iterations: 2
            Function evaluations: 10
            Gradient evaluations: 2
Current gradient magnitude: 526.2713838223087
New op index: 65	ZYIIIIII	$R_{YZ}$[6, 7]
gradient: -49.99999999999995
second_gradient: 0.00500012501588246
b: -1.570896329294881
f: 49.99500012499657
Optimization terminated successfully    (Exit mode 0)
            Current function value: -0.004999874990126324
            Iterations: 2
            Function evaluations: 15
            Gradient evaluations: 2
Current gradient magnitude: 125.17699756350422
New op index: 37	YXIIIIII	$R_{XY}$[6, 7]
gradient: 2.204081632653058
second_gradient: -1.0243843335416221e-17
b: 1.5707963267948966
f: 2.204081632653058
Optimization terminated successfully    (Exit mode 0)
            Current function value: -2.2090815076431625
            Iterations: 1
            Function evaluations: 6
            Gradient evaluations: 1
Current gradient magnitude: 106.14662554080724
New op index: 31	IIIIIIYX	$R_{XY}$[0, 1]
gradient: -2.2040816326527097
second_gradient: 4.1584254972236317e-16
b: -1.5707963267948968
f: 2.2040816326527093
Optimization terminated successfully    (Exit mode 0)
            Current function value: -4.413163140295893
            Iterations: 1
            Function evaluations: 7
            Gradient evaluations: 1
Current gradient magnitude: 87.11613483896045
New op index: 386	IIXXXYII	$R_{YXXX}$[2, 3, 4, 5]
gradient: 2.2040265354803594
second_gradient: 0.004999716635098351
b: 1.573064769564849
f: 2.1990324896332187
Optimization terminated successfully    (Exit mode 0)
            Current function value: -6.613482605513852
            Iterations: 3
            Function evaluations: 27
            Gradient evaluations: 3
Current gradient magnitude: 50.4687931727195
New op index: 49	IIXYIIII	$R_{YX}$[4, 5]
gradient: -2.205279211253824
second_gradient: 0.002460606511215121
b: -1.5719121063649102
f: 2.202819977489989
Optimization terminated successfully    (Exit mode 0)
            Current function value: -8.816326530377594
            Iterations: 4
            Function evaluations: 40
            Gradient evaluations: 4
Current gradient magnitude: 0.001647564463753123
New op index: 13	IIYIIIII	$R_{Y}$[5]
gradient: -0.00012683779351775967
second_gradient: 51.102040816234464
b: -3.1415901715403196
f: 1.574136376802926e-10
Precision cutoff reached.
Calculating energies for FreeWilson2D(N_x=2, N_y=2, mass=0.367, r=1.000)
h_im: 0.0
Lets GO!
Current gradient magnitude: 5571.020408163261
New op index: 61	IIIIZYII	$R_{YZ}$[2, 3]
gradient: -49.99999999999996
second_gradient: -0.49999999999999956
b: -1.5607966601082315
f: 50.50249993750308
Optimization terminated successfully    (Exit mode 0)
            Current function value: 149.99750006249673
            Iterations: 1
            Function evaluations: 2
            Gradient evaluations: 1
Current gradient magnitude: 2620.9589890605293
New op index: 59	IIIIIIZY	$R_{YZ}$[0, 1]
gradient: -49.999999999999964
second_gradient: -1.3582279188341113e-17
b: -1.5707963267948966
f: 49.999999999999964
Optimization terminated successfully    (Exit mode 0)
            Current function value: 99.99750006249656
            Iterations: 1
            Function evaluations: 3
            Gradient evaluations: 1
Current gradient magnitude: 1909.559297101195
New op index: 456	IIZYYYII	$R_{YYYZ}$[2, 3, 4, 5]
gradient: -50.00249993750307
second_gradient: -2.6049521108063074e-16
b: -1.5707963267948966
f: 50.00249993750307
Optimization terminated successfully    (Exit mode 0)
            Current function value: 49.9925001875047
            Iterations: 2
            Function evaluations: 10
            Gradient evaluations: 2
Current gradient magnitude: 532.8989099368391
New op index: 65	ZYIIIIII	$R_{YZ}$[6, 7]
gradient: -49.99999999999995
second_gradient: 0.005000125015882458
b: -1.570896329294881
f: 49.99500012499657
Optimization terminated successfully    (Exit mode 0)
            Current function value: -0.004999874990510043
            Iterations: 2
            Function evaluations: 15
            Gradient evaluations: 2
Current gradient magnitude: 132.36861825601147
New op index: 37	YXIIIIII	$R_{XY}$[6, 7]
gradient: 2.367346938775506
second_gradient: 5.4558051560243043e-17
b: 1.5707963267948966
f: 2.367346938775506
Optimization terminated successfully    (Exit mode 0)
            Current function value: -2.372346813765991
            Iterations: 1
            Function evaluations: 6
            Gradient evaluations: 1
Current gradient magnitude: 111.70563904277816
New op index: 45	IIIIIIXY	$R_{YX}$[0, 1]
gradient: 2.3673469387751354
second_gradient: 4.3710416360629436e-24
b: 1.5707963267948966
f: 2.3673469387751354
Optimization terminated successfully    (Exit mode 0)
            Current function value: -4.739693752541104
            Iterations: 1
            Function evaluations: 7
            Gradient evaluations: 1
Current gradient magnitude: 91.04266777791021
New op index: 33	IIIIYXII	$R_{XY}$[2, 3]
gradient: -2.3672877597653184
second_gradient: 0.004999740520278212
b: -1.572908335808475
f: 2.362293298995525
Optimization terminated successfully    (Exit mode 0)
            Current function value: -7.1032774162364145
            Iterations: 3
            Function evaluations: 27
            Gradient evaluations: 3
Current gradient magnitude: 52.408794578358005
New op index: 35	IIYXIIII	$R_{XY}$[4, 5]
gradient: 2.368539391658028
second_gradient: 0.0024563489657473416
b: 1.5718333997242222
f: 2.3660843163989034
Optimization terminated successfully    (Exit mode 0)
            Current function value: -9.469385644282438
            Iterations: 2
            Function evaluations: 22
            Gradient evaluations: 2
Current gradient magnitude: 0.0793322727222587
New op index: 33	IIIIYXII	$R_{XY}$[2, 3]
gradient: -0.002136240366973609
second_gradient: 2.3673540230131778
b: -3.1406902791386657
f: 9.638444296022897e-07
Precision cutoff reached.
Calculating energies for FreeWilson2D(N_x=2, N_y=2, mass=0.531, r=1.000)
h_im: 0.0
Lets GO!
Current gradient magnitude: 5575.918367346934
New op index: 61	IIIIZYII	$R_{YZ}$[2, 3]
gradient: -49.99999999999996
second_gradient: -0.49999999999999956
b: -1.5607966601082315
f: 50.50249993750308
Optimization terminated successfully    (Exit mode 0)
            Current function value: 149.99750006249673
            Iterations: 1
            Function evaluations: 2
            Gradient evaluations: 1
Current gradient magnitude: 2626.8429560895324
New op index: 59	IIIIIIZY	$R_{YZ}$[0, 1]
gradient: -49.999999999999964
second_gradient: -1.3582279188341113e-17
b: -1.5707963267948966
f: 49.999999999999964
Optimization terminated successfully    (Exit mode 0)
            Current function value: 99.99750006249656
            Iterations: 1
            Function evaluations: 3
            Gradient evaluations: 1
Current gradient magnitude: 1915.2065371908411
New op index: 456	IIZYYYII	$R_{YYYZ}$[2, 3, 4, 5]
gradient: -50.00249993750307
second_gradient: -2.244807185015387e-16
b: -1.5707963267948966
f: 50.00249993750307
Optimization terminated successfully    (Exit mode 0)
            Current function value: 49.9925001875047
            Iterations: 2
            Function evaluations: 10
            Gradient evaluations: 2
Current gradient magnitude: 539.5264360513697
New op index: 65	ZYIIIIII	$R_{YZ}$[6, 7]
gradient: -49.99999999999995
second_gradient: 0.005000125015882457
b: -1.570896329294881
f: 49.99500012499657
Optimization terminated successfully    (Exit mode 0)
            Current function value: -0.004999874990332387
            Iterations: 2
            Function evaluations: 15
            Gradient evaluations: 2
Current gradient magnitude: 139.5603000793503
New op index: 37	YXIIIIII	$R_{XY}$[6, 7]
gradient: 2.530612244897954
second_gradient: -3.050860009698246e-17
b: 1.5707963267948966
f: 2.530612244897954
Optimization terminated successfully    (Exit mode 0)
            Current function value: -2.5356121198882717
            Iterations: 1
            Function evaluations: 6
            Gradient evaluations: 1
Current gradient magnitude: 117.2647071283902
New op index: 384	IIIIXXXY	$R_{YXXX}$[0, 1, 2, 3]
gradient: 2.5306122448975543
second_gradient: 8.67360619899555e-19
b: 1.5707963267948966
f: 2.5306122448975543
Optimization terminated successfully    (Exit mode 0)
            Current function value: -5.066224364785847
            Iterations: 1
            Function evaluations: 7
            Gradient evaluations: 1
Current gradient magnitude: 94.96912435632395
New op index: 426	IIZZXYII	$R_{YXZZ}$[2, 3, 4, 5]
gradient: -2.5305489848190477
second_gradient: 0.004999730944564444
b: -1.5727720737450432
f: 2.5255541929776726
Optimization terminated successfully    (Exit mode 0)
            Current function value: -7.59307223832731
            Iterations: 3
            Function evaluations: 27
            Gradient evaluations: 3
Current gradient magnitude: 54.36544824026054
New op index: 121	IZYXIIII	$R_{XYZ}$[4, 5, 6]
gradient: -2.5317996622442536
second_gradient: 0.0024521701184103376
b: -1.5717648747365829
f: 2.5293486796480966
Optimization terminated successfully    (Exit mode 0)
            Current function value: -10.122446999522014
            Iterations: 2
            Function evaluations: 22
            Gradient evaluations: 2
Current gradient magnitude: 0.08660632866798743
New op index: 33	IIIIYXII	$R_{XY}$[2, 3]
gradient: -0.0021482552727381393
second_gradient: 2.530617417654966
b: -3.1407437482034197
f: 9.118327910506707e-07
Precision cutoff reached.
Calculating energies for FreeWilson2D(N_x=2, N_y=2, mass=0.694, r=1.000)
h_im: 0.0
Lets GO!
Current gradient magnitude: 5580.8163265306075
New op index: 61	IIIIZYII	$R_{YZ}$[2, 3]
gradient: -49.99999999999996
second_gradient: -0.49999999999999956
b: -1.5607966601082315
f: 50.50249993750308
Optimization terminated successfully    (Exit mode 0)
            Current function value: 149.99750006249673
            Iterations: 1
            Function evaluations: 2
            Gradient evaluations: 1
Current gradient magnitude: 2632.726923118536
New op index: 59	IIIIIIZY	$R_{YZ}$[0, 1]
gradient: -49.999999999999964
second_gradient: -1.3582279188341113e-17
b: -1.5707963267948966
f: 49.999999999999964
Optimization terminated successfully    (Exit mode 0)
            Current function value: 99.99750006249656
            Iterations: 1
            Function evaluations: 3
            Gradient evaluations: 1
Current gradient magnitude: 1920.8537772804875
New op index: 456	IIZYYYII	$R_{YYYZ}$[2, 3, 4, 5]
gradient: -50.00249993750307
second_gradient: -1.8846622592244678e-16
b: -1.5707963267948966
f: 50.00249993750307
Optimization terminated successfully    (Exit mode 0)
            Current function value: 49.9925001875047
            Iterations: 2
            Function evaluations: 10
            Gradient evaluations: 2
Current gradient magnitude: 546.1539621659001
New op index: 65	ZYIIIIII	$R_{YZ}$[6, 7]
gradient: -49.99999999999995
second_gradient: 0.005000125015882456
b: -1.570896329294881
f: 49.99500012499657
Optimization terminated successfully    (Exit mode 0)
            Current function value: -0.004999874990403356
            Iterations: 2
            Function evaluations: 15
            Gradient evaluations: 2
Current gradient magnitude: 146.7519714919825
New op index: 258	YXXXIIII	$R_{XXXY}$[4, 5, 6, 7]
gradient: 2.693877551020403
second_gradient: -4.0786544436586567e-16
b: 1.5707963267948966
f: 2.6938775510204036
Optimization terminated successfully    (Exit mode 0)
            Current function value: -2.6988774260108013
            Iterations: 1
            Function evaluations: 6
            Gradient evaluations: 1
Current gradient magnitude: 122.82378335274515
New op index: 45	IIIIIIXY	$R_{YX}$[0, 1]
gradient: 2.6938775510199875
second_gradient: -2.8141752243326078e-24
b: 1.5707963267948966
f: 2.6938775510199875
Optimization terminated successfully    (Exit mode 0)
            Current function value: -5.392754977030803
            Iterations: 1
            Function evaluations: 7
            Gradient evaluations: 1
Current gradient magnitude: 98.89560389975581
New op index: 33	IIIIYXII	$R_{XY}$[2, 3]
gradient: -2.6938102086180677
second_gradient: 0.004999769105879437
b: -1.5726523459564554
f: 2.688815079347152
Optimization terminated successfully    (Exit mode 0)
            Current function value: -8.082867070274407
            Iterations: 3
            Function evaluations: 27
            Gradient evaluations: 3
Current gradient magnitude: 56.32093168705448
New op index: 338	ZZYXIIII	$R_{XYZZ}$[4, 5, 6, 7]
gradient: -2.6950599938270656
second_gradient: 0.0024480403612561295
b: -1.5717046700947046
f: 2.6926130652964155
Optimization terminated successfully    (Exit mode 0)
            Current function value: -10.775508341421503
            Iterations: 2
            Function evaluations: 22
            Gradient evaluations: 2
Current gradient magnitude: 0.0774434284222453
New op index: 33	IIIIYXII	$R_{XY}$[2, 3]
gradient: -0.0021598718993058874
second_gradient: 2.693881362671789
b: -3.140790884266756
f: 8.658595618271647e-07
Precision cutoff reached.
Calculating energies for FreeWilson2D(N_x=2, N_y=2, mass=0.857, r=1.000)
h_im: 0.0
Lets GO!
Current gradient magnitude: 5585.714285714281
New op index: 61	IIIIZYII	$R_{YZ}$[2, 3]
gradient: -49.99999999999996
second_gradient: -0.49999999999999956
b: -1.5607966601082315
f: 50.50249993750308
Optimization terminated successfully    (Exit mode 0)
            Current function value: 149.99750006249673
            Iterations: 1
            Function evaluations: 2
            Gradient evaluations: 1
Current gradient magnitude: 2638.6108901475395
New op index: 59	IIIIIIZY	$R_{YZ}$[0, 1]
gradient: -49.999999999999964
second_gradient: -1.3582279188341113e-17
b: -1.5707963267948966
f: 49.999999999999964
Optimization terminated successfully    (Exit mode 0)
            Current function value: 99.99750006249656
            Iterations: 1
            Function evaluations: 3
            Gradient evaluations: 1
Current gradient magnitude: 1926.5010173701337
New op index: 456	IIZYYYII	$R_{YYYZ}$[2, 3, 4, 5]
gradient: -50.00249993750307
second_gradient: -1.5245173334335485e-16
b: -1.5707963267948966
f: 50.00249993750307
Optimization terminated successfully    (Exit mode 0)
            Current function value: 49.9925001875047
            Iterations: 2
            Function evaluations: 10
            Gradient evaluations: 2
Current gradient magnitude: 552.7814882804307
New op index: 65	ZYIIIIII	$R_{YZ}$[6, 7]
gradient: -49.99999999999995
second_gradient: 0.0050001250158824544
b: -1.570896329294881
f: 49.99500012499657
Optimization terminated successfully    (Exit mode 0)
            Current function value: -0.004999874990254035
            Iterations: 2
            Function evaluations: 15
            Gradient evaluations: 2
Current gradient magnitude: 153.9436293567448
New op index: 51	XYIIIIII	$R_{YX}$[6, 7]
gradient: -2.857142857142851
second_gradient: -9.03584563906109e-15
b: -1.5707963267948934
f: 2.85714285714286
Optimization terminated successfully    (Exit mode 0)
            Current function value: -2.862142732133097
            Iterations: 1
            Function evaluations: 6
            Gradient evaluations: 1
Current gradient magnitude: 128.38280609187592
New op index: 31	IIIIIIYX	$R_{XY}$[0, 1]
gradient: -2.8571428571424087
second_gradient: 1.7853883378105832e-23
b: -1.5707963267948966
f: 2.8571428571424087
Optimization terminated successfully    (Exit mode 0)
            Current function value: -5.71928558927551
            Iterations: 1
            Function evaluations: 7
            Gradient evaluations: 1
Current gradient magnitude: 102.82186219726005
New op index: 426	IIZZXYII	$R_{YXZZ}$[2, 3, 4, 5]
gradient: -2.857071434747476
second_gradient: 0.00499972134155093
b: -1.5725462712230218
f: 2.8520760880242935
Optimization terminated successfully    (Exit mode 0)
            Current function value: -8.572661911097585
            Iterations: 3
            Function evaluations: 27
            Gradient evaluations: 3
Current gradient magnitude: 58.27520800681497
New op index: 35	IIYXIIII	$R_{XY}$[4, 5]
gradient: 2.8583203194437417
second_gradient: 0.0024438905899887013
b: 1.5716513359335982
f: 2.8558774736282104
Optimization terminated successfully    (Exit mode 0)
            Current function value: -11.428569683126202
            Iterations: 2
            Function evaluations: 22
            Gradient evaluations: 2
Current gradient magnitude: 0.07235473516723809
New op index: 35	IIYXIIII	$R_{XY}$[4, 5]
gradient: 0.0021629570588953956
second_gradient: 2.857145686707881
b: 3.140835619513526
f: 8.18716138883957e-07
Precision cutoff reached.
Calculating energies for FreeWilson2D(N_x=2, N_y=2, mass=1.020, r=1.000)
h_im: 0.0
Lets GO!
Current gradient magnitude: 5590.612244897955
New op index: 61	IIIIZYII	$R_{YZ}$[2, 3]
gradient: -49.99999999999996
second_gradient: -0.49999999999999956
b: -1.5607966601082315
f: 50.50249993750308
Optimization terminated successfully    (Exit mode 0)
            Current function value: 149.99750006249673
            Iterations: 1
            Function evaluations: 2
            Gradient evaluations: 1
Current gradient magnitude: 2644.4948571765426
New op index: 59	IIIIIIZY	$R_{YZ}$[0, 1]
gradient: -49.999999999999964
second_gradient: -1.3582279188341113e-17
b: -1.5707963267948966
f: 49.999999999999964
Optimization terminated successfully    (Exit mode 0)
            Current function value: 99.99750006249656
            Iterations: 1
            Function evaluations: 3
            Gradient evaluations: 1
Current gradient magnitude: 1932.14825745978
New op index: 456	IIZYYYII	$R_{YYYZ}$[2, 3, 4, 5]
gradient: -50.00249993750307
second_gradient: -1.1643724076426282e-16
b: -1.5707963267948966
f: 50.00249993750307
Optimization terminated successfully    (Exit mode 0)
            Current function value: 49.9925001875047
            Iterations: 2
            Function evaluations: 10
            Gradient evaluations: 2
Current gradient magnitude: 559.4090143949613
New op index: 65	ZYIIIIII	$R_{YZ}$[6, 7]
gradient: -49.99999999999995
second_gradient: 0.005000125015882454
b: -1.570896329294881
f: 49.99500012499657
Optimization terminated successfully    (Exit mode 0)
            Current function value: -0.00499987498999127
            Iterations: 2
            Function evaluations: 15
            Gradient evaluations: 2
Current gradient magnitude: 161.13532924844702
New op index: 268	XYXXIIII	$R_{XXYX}$[4, 5, 6, 7]
gradient: -3.020408163265301
second_gradient: -8.707103981227677e-15
b: -1.5707963267948937
f: 3.02040816326531
Optimization terminated successfully    (Exit mode 0)
            Current function value: -3.025408038255336
            Iterations: 1
            Function evaluations: 6
            Gradient evaluations: 1
Current gradient magnitude: 133.94188764682906
New op index: 31	IIIIIIYX	$R_{XY}$[0, 1]
gradient: -3.0204081632648343
second_gradient: 1.4174171724794373e-23
b: -1.5707963267948966
f: 3.0204081632648343
Optimization terminated successfully    (Exit mode 0)
            Current function value: -6.045816201520161
            Iterations: 1
            Function evaluations: 7
            Gradient evaluations: 1
Current gradient magnitude: 106.74833195770339
New op index: 47	IIIIXYII	$R_{YX}$[2, 3]
gradient: 3.0203326594437385
second_gradient: 0.004999726190391824
b: 1.5724516814155243
f: 3.0153370714142174
Optimization terminated successfully    (Exit mode 0)
            Current function value: -9.062456760236572
            Iterations: 3
            Function evaluations: 27
            Gradient evaluations: 3
Current gradient magnitude: 60.24623486670892
New op index: 616	IIYXZZII	$R_{ZZXY}$[2, 3, 4, 5]
gradient: -3.021580760338807
second_gradient: 0.0024398468068196847
b: -1.5716038002566601
f: 3.0191418985878147
Optimization terminated successfully    (Exit mode 0)
            Current function value: -12.081631014805001
            Iterations: 2
            Function evaluations: 22
            Gradient evaluations: 2
Current gradient magnitude: 0.0740389126086516
New op index: 47	IIIIXYII	$R_{YX}$[2, 3]
gradient: 0.0021555760059194344
second_gradient: 3.0204102654771035
b: 3.1408789837732805
f: 7.691847989654832e-07
Precision cutoff reached.
Calculating energies for FreeWilson2D(N_x=2, N_y=2, mass=1.184, r=1.000)
h_im: 0.0
Lets GO!
Current gradient magnitude: 5595.510204081627
New op index: 61	IIIIZYII	$R_{YZ}$[2, 3]
gradient: -49.99999999999996
second_gradient: -0.49999999999999956
b: -1.5607966601082315
f: 50.50249993750308
Optimization terminated successfully    (Exit mode 0)
            Current function value: 149.99750006249673
            Iterations: 1
            Function evaluations: 2
            Gradient evaluations: 1
Current gradient magnitude: 2650.378824205546
New op index: 59	IIIIIIZY	$R_{YZ}$[0, 1]
gradient: -49.999999999999964
second_gradient: -1.3582279188341113e-17
b: -1.5707963267948966
f: 49.999999999999964
Optimization terminated successfully    (Exit mode 0)
            Current function value: 99.99750006249656
            Iterations: 1
            Function evaluations: 3
            Gradient evaluations: 1
Current gradient magnitude: 1937.7954975494265
New op index: 456	IIZYYYII	$R_{YYYZ}$[2, 3, 4, 5]
gradient: -50.00249993750307
second_gradient: -8.042274818517109e-17
b: -1.5707963267948966
f: 50.00249993750307
Optimization terminated successfully    (Exit mode 0)
            Current function value: 49.9925001875047
            Iterations: 2
            Function evaluations: 10
            Gradient evaluations: 2
Current gradient magnitude: 566.0365405094917
New op index: 65	ZYIIIIII	$R_{YZ}$[6, 7]
gradient: -49.99999999999995
second_gradient: 0.005000125015882453
b: -1.570896329294881
f: 49.99500012499657
Optimization terminated successfully    (Exit mode 0)
            Current function value: -0.00499987499022589
            Iterations: 2
            Function evaluations: 15
            Gradient evaluations: 2
Current gradient magnitude: 168.3269348360339
New op index: 268	XYXXIIII	$R_{XXYX}$[4, 5, 6, 7]
gradient: -3.1836734693877493
second_gradient: -6.268256856944702e-15
b: -1.5707963267948946
f: 3.1836734693877555
Optimization terminated successfully    (Exit mode 0)
            Current function value: -3.1886733443780564
            Iterations: 1
            Function evaluations: 6
            Gradient evaluations: 1
Current gradient magnitude: 139.5008889115703
New op index: 45	IIIIIIXY	$R_{YX}$[0, 1]
gradient: 3.1836734693872515
second_gradient: -5.858900154539909e-25
b: 1.5707963267948966
f: 3.1836734693872515
Optimization terminated successfully    (Exit mode 0)
            Current function value: -6.372346813765294
            Iterations: 1
            Function evaluations: 7
            Gradient evaluations: 1
Current gradient magnitude: 110.67485900203135
New op index: 33	IIIIYXII	$R_{XY}$[2, 3]
gradient: -3.183593884430273
second_gradient: 0.004999721423935702
b: -1.5723667900810665
f: 3.1785980889466128
Optimization terminated successfully    (Exit mode 0)
            Current function value: -9.552251614608554
            Iterations: 3
            Function evaluations: 27
            Gradient evaluations: 3
Current gradient magnitude: 62.188005927223166
New op index: 338	ZZYXIIII	$R_{XYZZ}$[4, 5, 6, 7]
gradient: -3.1848411656786557
second_gradient: 0.0024357525084021062
b: -1.5715611222452162
f: 3.1824063445965174
Optimization terminated successfully    (Exit mode 0)
            Current function value: -12.734692348837179
            Iterations: 2
            Function evaluations: 22
            Gradient evaluations: 2
Current gradient magnitude: 0.08100339745050207
New op index: 35	IIYXIIII	$R_{XY}$[4, 5]
gradient: 0.002127722167321961
second_gradient: 3.183674985365336
b: 3.1409243310190798
f: 7.110024009548965e-07
Precision cutoff reached.
Calculating energies for FreeWilson2D(N_x=2, N_y=2, mass=1.347, r=1.000)
h_im: 0.0
Lets GO!
Current gradient magnitude: 5600.4081632653015
New op index: 61	IIIIZYII	$R_{YZ}$[2, 3]
gradient: -49.99999999999996
second_gradient: -0.49999999999999956
b: -1.5607966601082315
f: 50.50249993750308
Optimization terminated successfully    (Exit mode 0)
            Current function value: 149.99750006249673
            Iterations: 1
            Function evaluations: 2
            Gradient evaluations: 1
Current gradient magnitude: 2656.2627912345497
New op index: 59	IIIIIIZY	$R_{YZ}$[0, 1]
gradient: -49.999999999999964
second_gradient: -1.3582279188341113e-17
b: -1.5707963267948966
f: 49.999999999999964
Optimization terminated successfully    (Exit mode 0)
            Current function value: 99.99750006249656
            Iterations: 1
            Function evaluations: 3
            Gradient evaluations: 1
Current gradient magnitude: 1943.4427376390727
New op index: 456	IIZYYYII	$R_{YYYZ}$[2, 3, 4, 5]
gradient: -50.00249993750307
second_gradient: -4.4408255606079156e-17
b: -1.5707963267948966
f: 50.00249993750307
Optimization terminated successfully    (Exit mode 0)
            Current function value: 49.9925001875047
            Iterations: 2
            Function evaluations: 10
            Gradient evaluations: 2
Current gradient magnitude: 572.6640666240223
New op index: 65	ZYIIIIII	$R_{YZ}$[6, 7]
gradient: -49.99999999999995
second_gradient: 0.005000125015882452
b: -1.570896329294881
f: 49.99500012499657
Optimization terminated successfully    (Exit mode 0)
            Current function value: -0.0049998749902968095
            Iterations: 2
            Function evaluations: 15
            Gradient evaluations: 2
Current gradient magnitude: 175.51861956462693
New op index: 37	YXIIIIII	$R_{XY}$[6, 7]
gradient: 3.346938775510199
second_gradient: -4.7137006775048294e-17
b: 1.5707963267948966
f: 3.346938775510199
Optimization terminated successfully    (Exit mode 0)
            Current function value: -3.351938650500459
            Iterations: 1
            Function evaluations: 6
            Gradient evaluations: 1
Current gradient magnitude: 145.05996470570963
New op index: 384	IIIIXXXY	$R_{YXXX}$[0, 1, 2, 3]
gradient: 3.3469387755096776
second_gradient: 3.8967063452356895e-24
b: 1.5707963267948966
f: 3.3469387755096776
Optimization terminated successfully    (Exit mode 0)
            Current function value: -6.698877426010116
            Iterations: 1
            Function evaluations: 7
            Gradient evaluations: 1
Current gradient magnitude: 114.60132723806254
New op index: 436	IIYXYYII	$R_{YYXY}$[2, 3, 4, 5]
gradient: 3.34685510815767
second_gradient: 0.004999754743840532
b: 1.572290192188844
f: 3.3418590878948193
Optimization terminated successfully    (Exit mode 0)
            Current function value: -10.04204647336887
            Iterations: 3
            Function evaluations: 27
            Gradient evaluations: 3
Current gradient magnitude: 64.14600860279741
New op index: 47	IIIIXYII	$R_{YX}$[2, 3]
gradient: 3.348101588935407
second_gradient: 0.0024316632407396614
b: 1.5715226078674964
f: 3.3456708087301994
Optimization terminated successfully    (Exit mode 0)
            Current function value: -13.387753665922695
            Iterations: 2
            Function evaluations: 22
            Gradient evaluations: 2
Current gradient magnitude: 0.08190404207366897
New op index: 49	IIXYIIII	$R_{YX}$[4, 5]
gradient: -0.0021118623794569302
second_gradient: 3.346939889771356
b: -3.1409616706116887
f: 6.662746292462884e-07
Precision cutoff reached.
Calculating energies for FreeWilson2D(N_x=2, N_y=2, mass=1.510, r=1.000)
h_im: 0.0
Lets GO!
Current gradient magnitude: 5605.306122448976
New op index: 61	IIIIZYII	$R_{YZ}$[2, 3]
gradient: -49.99999999999996
second_gradient: -0.49999999999999956
b: -1.5607966601082315
f: 50.50249993750308
Optimization terminated successfully    (Exit mode 0)
            Current function value: 149.99750006249673
            Iterations: 1
            Function evaluations: 2
            Gradient evaluations: 1
Current gradient magnitude: 2662.146758263553
New op index: 59	IIIIIIZY	$R_{YZ}$[0, 1]
gradient: -49.999999999999964
second_gradient: -1.3582279188341113e-17
b: -1.5707963267948966
f: 49.999999999999964
Optimization terminated successfully    (Exit mode 0)
            Current function value: 99.99750006249656
            Iterations: 1
            Function evaluations: 3
            Gradient evaluations: 1
Current gradient magnitude: 1949.0899777287188
New op index: 456	IIZYYYII	$R_{YYYZ}$[2, 3, 4, 5]
gradient: -50.00249993750307
second_gradient: -8.393763026987225e-18
b: -1.5707963267948966
f: 50.00249993750307
Optimization terminated successfully    (Exit mode 0)
            Current function value: 49.9925001875047
            Iterations: 2
            Function evaluations: 10
            Gradient evaluations: 2
Current gradient magnitude: 579.2915927385527
New op index: 65	ZYIIIIII	$R_{YZ}$[6, 7]
gradient: -49.99999999999995
second_gradient: 0.00500012501588245
b: -1.570896329294881
f: 49.99500012499657
Optimization terminated successfully    (Exit mode 0)
            Current function value: -0.0049998749904603184
            Iterations: 2
            Function evaluations: 15
            Gradient evaluations: 2
Current gradient magnitude: 182.7102063094292
New op index: 37	YXIIIIII	$R_{XY}$[6, 7]
gradient: 3.510204081632648
second_gradient: 8.701835263844152e-17
b: 1.5707963267948966
f: 3.510204081632648
Optimization terminated successfully    (Exit mode 0)
            Current function value: -3.5152039566231306
            Iterations: 1
            Function evaluations: 6
            Gradient evaluations: 1
Current gradient magnitude: 150.61894326386735
New op index: 45	IIIIIIXY	$R_{YX}$[0, 1]
gradient: 3.5102040816320965
second_gradient: 3.0675191892160843e-24
b: 1.5707963267948966
f: 3.5102040816320965
Optimization terminated successfully    (Exit mode 0)
            Current function value: -7.025408038255221
            Iterations: 1
            Function evaluations: 7
            Gradient evaluations: 1
Current gradient magnitude: 118.52768932628678
New op index: 336	IIZZYXII	$R_{XYZZ}$[2, 3, 4, 5]
gradient: 3.510116333280657
second_gradient: 0.004999745205517798
b: 1.5722207074562586
f: 3.5051201488459323
Optimization terminated successfully    (Exit mode 0)
            Current function value: -10.531841337350263
            Iterations: 3
            Function evaluations: 27
            Gradient evaluations: 3
Current gradient magnitude: 66.11482713128395
New op index: 157	IZXYIIII	$R_{YXZ}$[4, 5, 6]
gradient: 3.511362106004974
second_gradient: 0.002427658612061653
b: 1.571487699017974
f: 3.508935286600811
Optimization terminated successfully    (Exit mode 0)
            Current function value: -14.04081497264409
            Iterations: 2
            Function evaluations: 22
            Gradient evaluations: 2
Current gradient magnitude: 0.08082134137635347
New op index: 157	IZXYIIII	$R_{YXZ}$[4, 5, 6]
gradient: 0.00209643825834422
second_gradient: 3.5102048972310484
b: 3.140995412667836
f: 6.260393776713613e-07
Precision cutoff reached.
Calculating energies for FreeWilson2D(N_x=2, N_y=2, mass=1.673, r=1.000)
h_im: 0.0
Lets GO!
Current gradient magnitude: 5610.204081632649
New op index: 61	IIIIZYII	$R_{YZ}$[2, 3]
gradient: -49.99999999999996
second_gradient: -0.49999999999999956
b: -1.5607966601082315
f: 50.50249993750308
Optimization terminated successfully    (Exit mode 0)
            Current function value: 149.99750006249673
            Iterations: 1
            Function evaluations: 2
            Gradient evaluations: 1
Current gradient magnitude: 2668.030725292556
New op index: 59	IIIIIIZY	$R_{YZ}$[0, 1]
gradient: -49.999999999999964
second_gradient: -1.3582279188341113e-17
b: -1.5707963267948966
f: 49.999999999999964
Optimization terminated successfully    (Exit mode 0)
            Current function value: 99.99750006249656
            Iterations: 1
            Function evaluations: 3
            Gradient evaluations: 1
Current gradient magnitude: 1954.737217818365
New op index: 456	IIZYYYII	$R_{YYYZ}$[2, 3, 4, 5]
gradient: -50.00249993750307
second_gradient: 2.7620729552104805e-17
b: -1.5707963267948966
f: 50.00249993750307
Optimization terminated successfully    (Exit mode 0)
            Current function value: 49.9925001875047
            Iterations: 2
            Function evaluations: 10
            Gradient evaluations: 2
Current gradient magnitude: 585.9191188530832
New op index: 65	ZYIIIIII	$R_{YZ}$[6, 7]
gradient: -49.99999999999995
second_gradient: 0.005000125015882449
b: -1.570896329294881
f: 49.99500012499657
Optimization terminated successfully    (Exit mode 0)
            Current function value: -0.00499987498982101
            Iterations: 2
            Function evaluations: 15
            Gradient evaluations: 2
Current gradient magnitude: 189.90188169642585
New op index: 51	XYIIIIII	$R_{YX}$[6, 7]
gradient: -3.6734693877550955
second_gradient: -3.84887455087892e-15
b: -1.5707963267948957
f: 3.6734693877550995
Optimization terminated successfully    (Exit mode 0)
            Current function value: -3.678469262744921
            Iterations: 1
            Function evaluations: 6
            Gradient evaluations: 1
Current gradient magnitude: 156.1780026714802
New op index: 31	IIIIIIYX	$R_{XY}$[0, 1]
gradient: -3.67346938775452
second_gradient: -8.027517616007423e-24
b: -1.5707963267948966
f: 3.67346938775452
Optimization terminated successfully    (Exit mode 0)
            Current function value: -7.35193865049945
            Iterations: 1
            Function evaluations: 7
            Gradient evaluations: 1
Current gradient magnitude: 122.45399718296005
New op index: 426	IIZZXYII	$R_{YXZZ}$[2, 3, 4, 5]
gradient: -3.673377560010195
second_gradient: 0.0049996927809146125
b: -1.572157387456903
f: 3.6683812696723885
Optimization terminated successfully    (Exit mode 0)
            Current function value: -11.021636204455877
            Iterations: 3
            Function evaluations: 27
            Gradient evaluations: 3
Current gradient magnitude: 68.05515444272251
New op index: 338	ZZYXIIII	$R_{XYZZ}$[4, 5, 6, 7]
gradient: -3.67462258432154
second_gradient: 0.002423599972782591
b: -1.571455877419686
f: 3.6721997835922244
Optimization terminated successfully    (Exit mode 0)
            Current function value: -14.693876328725377
            Iterations: 2
            Function evaluations: 22
            Gradient evaluations: 2
Current gradient magnitude: 0.07280941916101594
New op index: 33	IIIIYXII	$R_{XY}$[2, 3]
gradient: -0.0019962782344450786
second_gradient: 3.67346993856291
b: -3.141049222427617
f: 5.424199134296259e-07
Precision cutoff reached.
Calculating energies for FreeWilson2D(N_x=2, N_y=2, mass=1.837, r=1.000)
h_im: 0.0
Lets GO!
Current gradient magnitude: 5615.102040816322
New op index: 61	IIIIZYII	$R_{YZ}$[2, 3]
gradient: -49.99999999999996
second_gradient: -0.49999999999999956
b: -1.5607966601082315
f: 50.50249993750308
Optimization terminated successfully    (Exit mode 0)
            Current function value: 149.99750006249673
            Iterations: 1
            Function evaluations: 2
            Gradient evaluations: 1
Current gradient magnitude: 2673.9146923215594
New op index: 59	IIIIIIZY	$R_{YZ}$[0, 1]
gradient: -49.999999999999964
second_gradient: -1.3582279188341113e-17
b: -1.5707963267948966
f: 49.999999999999964
Optimization terminated successfully    (Exit mode 0)
            Current function value: 99.99750006249656
            Iterations: 1
            Function evaluations: 3
            Gradient evaluations: 1
Current gradient magnitude: 1960.3844579080112
New op index: 456	IIZYYYII	$R_{YYYZ}$[2, 3, 4, 5]
gradient: -50.00249993750307
second_gradient: 6.363522213119674e-17
b: -1.5707963267948966
f: 50.00249993750307
Optimization terminated successfully    (Exit mode 0)
            Current function value: 49.9925001875047
            Iterations: 2
            Function evaluations: 10
            Gradient evaluations: 2
Current gradient magnitude: 592.5466449676137
New op index: 65	ZYIIIIII	$R_{YZ}$[6, 7]
gradient: -49.99999999999995
second_gradient: 0.005000125015882448
b: -1.570896329294881
f: 49.99500012499657
Optimization terminated successfully    (Exit mode 0)
            Current function value: -0.004999874989799443
            Iterations: 2
            Function evaluations: 15
            Gradient evaluations: 2
Current gradient magnitude: 197.0935533410451
New op index: 37	YXIIIIII	$R_{XY}$[6, 7]
gradient: 3.8367346938775446
second_gradient: -5.322265225403574e-17
b: 1.5707963267948966
f: 3.8367346938775446
Optimization terminated successfully    (Exit mode 0)
            Current function value: -3.8417345688673876
            Iterations: 1
            Function evaluations: 6
            Gradient evaluations: 1
Current gradient magnitude: 161.73706055893183
New op index: 45	IIIIIIXY	$R_{YX}$[0, 1]
gradient: 3.8367346938769415
second_gradient: 3.031868699548188e-25
b: 1.5707963267948966
f: 3.8367346938769415
Optimization terminated successfully    (Exit mode 0)
            Current function value: -7.678469262744327
            Iterations: 1
            Function evaluations: 7
            Gradient evaluations: 1
Current gradient magnitude: 126.38058344995372
New op index: 446	IIXYYYII	$R_{YYYX}$[2, 3, 4, 5]
gradient: -3.8366387847135854
second_gradient: 0.004999697627505291
b: -1.5720994713122505
f: 3.831642344750817
Optimization terminated successfully    (Exit mode 0)
            Current function value: -11.511431073861417
            Iterations: 3
            Function evaluations: 27
            Gradient evaluations: 3
Current gradient magnitude: 70.0293012707227
New op index: 33	IIIIYXII	$R_{XY}$[2, 3]
gradient: -3.837883090917636
second_gradient: 0.0024195575466073706
b: -1.5714267673707907
f: 3.8354642960646803
Optimization terminated successfully    (Exit mode 0)
            Current function value: -15.346937550719758
            Iterations: 2
            Function evaluations: 22
            Gradient evaluations: 2
Current gradient magnitude: 0.0808850748386909
New op index: 33	IIIIYXII	$R_{XY}$[2, 3]
gradient: -0.0020902542558663417
second_gradient: 3.8367351196201795
b: -3.1410478533927777
f: 5.693854792099273e-07
Precision cutoff reached.
Calculating energies for FreeWilson2D(N_x=2, N_y=2, mass=2.000, r=1.000)
h_im: 0.0
Lets GO!
Current gradient magnitude: 5619.999999999995
New op index: 61	IIIIZYII	$R_{YZ}$[2, 3]
gradient: -49.99999999999996
second_gradient: -0.49999999999999956
b: -1.5607966601082315
f: 50.50249993750308
Optimization terminated successfully    (Exit mode 0)
            Current function value: 149.99750006249673
            Iterations: 1
            Function evaluations: 2
            Gradient evaluations: 1
Current gradient magnitude: 2679.798659350563
New op index: 59	IIIIIIZY	$R_{YZ}$[0, 1]
gradient: -49.999999999999964
second_gradient: -1.3582279188341113e-17
b: -1.5707963267948966
f: 49.999999999999964
Optimization terminated successfully    (Exit mode 0)
            Current function value: 99.99750006249656
            Iterations: 1
            Function evaluations: 3
            Gradient evaluations: 1
Current gradient magnitude: 1966.0316979976578
New op index: 456	IIZYYYII	$R_{YYYZ}$[2, 3, 4, 5]
gradient: -50.00249993750307
second_gradient: 9.964971471028867e-17
b: -1.5707963267948966
f: 50.00249993750307
Optimization terminated successfully    (Exit mode 0)
            Current function value: 49.9925001875047
            Iterations: 2
            Function evaluations: 10
            Gradient evaluations: 2
Current gradient magnitude: 599.1741710821443
New op index: 65	ZYIIIIII	$R_{YZ}$[6, 7]
gradient: -49.99999999999995
second_gradient: 0.005000125015882447
b: -1.570896329294881
f: 49.99500012499657
Optimization terminated successfully    (Exit mode 0)
            Current function value: -0.004999874990225423
            Iterations: 2
            Function evaluations: 15
            Gradient evaluations: 2
Current gradient magnitude: 204.28525734668625
New op index: 51	XYIIIIII	$R_{YX}$[6, 7]
gradient: -3.999999999999995
second_gradient: -4.767334181585128e-15
b: -1.5707963267948954
f: 4.0
Optimization terminated successfully    (Exit mode 0)
            Current function value: -4.004999874990238
            Iterations: 1
            Function evaluations: 6
            Gradient evaluations: 1
Current gradient magnitude: 167.29615065037007
New op index: 31	IIIIIIYX	$R_{XY}$[0, 1]
gradient: -3.999999999999365
second_gradient: -7.26509376835764e-25
b: -1.5707963267948966
f: 3.999999999999365
Optimization terminated successfully    (Exit mode 0)
            Current function value: -8.004999874989648
            Iterations: 1
            Function evaluations: 7
            Gradient evaluations: 1
Current gradient magnitude: 130.3069254457518
New op index: 296	IIXXYXII	$R_{XYXX}$[2, 3, 4, 5]
gradient: -3.999900007310771
second_gradient: 0.004999754733829795
b: -1.5720462960743238
f: 3.9949033773472586
Optimization terminated successfully    (Exit mode 0)
            Current function value: -12.001225947230377
            Iterations: 3
            Function evaluations: 27
            Gradient evaluations: 3
Current gradient magnitude: 71.96846220331335
New op index: 338	ZZYXIIII	$R_{XYZZ}$[4, 5, 6, 7]
gradient: -4.0011436561585745
second_gradient: 0.002415563540675847
b: -1.5714000449951884
f: 3.9987288217777572
Optimization terminated successfully    (Exit mode 0)
            Current function value: -15.99999885134793
            Iterations: 2
            Function evaluations: 22
            Gradient evaluations: 2
Current gradient magnitude: 0.06976063885314504
New op index: 33	IIIIYXII	$R_{XY}$[2, 3]
gradient: -0.0020603741397569215
second_gradient: 4.000000283254373
b: -3.1410775601368845
f: 5.30642626728195e-07
Precision cutoff reached.
-----Beginning pprint-----
/:
	Attributes:
		ProcessId: 26895081
	2026-08-07_12-13-56-26895081:
		Attributes:
			HamiltonianType: ZeroChargePenalty
			Last-Modified: 2026-08-07_12-13-56
			ProcessId: 26895081
			SimulatorType: Statevector
			SolverName: AdaptVQE
			SystemName: FreeWilson2D
			n_x: 2
			n_y: 2
			r: 1.0
		AdaptOptions:
			Attributes:
				SelSeed: 26895081
				allow_duplicate_gates: False
				gradient_hamiltonian_type: HamiltonianType.ZeroChargePenalty
				max_depth: 50
				parameter_prec_cutoff: 0.001
				prec_cutoff: 0.001
				precision: 0
		AnsatzOperatorDerivatives: Dataset (dtype=float64, shape=(50, 18, 654), maxshape=(50, None, 654))
			Attributes:
				DIMENSION_LABELS: ['mass' 'AnsatzOperatorAxis' 'AnsatzPoolOperatorAxis']
				NDataDims: 2
		AnsatzOperatorSecondDerivatives: Dataset (dtype=float64, shape=(50, 18, 654), maxshape=(50, None, 654))
			Attributes:
				DIMENSION_LABELS: ['mass' 'AnsatzOperatorAxis' 'AnsatzPoolOperatorAxis']
				NDataDims: 2
		AnsatzOperators: Dataset (dtype=int64, shape=(50, 17), maxshape=(50, None))
			Attributes:
				DIMENSION_LABELS: ['mass' 'AnsatzOperatorAxis']
				NDataDims: 1
		Circuit:
			Attributes:
				Ansatz: HardwareAdaptAnsatz25
			AnsatzOptions:
				Attributes:
					num_qubits: 8
		CircuitParameters: Dataset (dtype=float64, shape=(50, 1240, 17), maxshape=(50, None, None))
			Attributes:
				DIMENSION_LABELS: ['mass' 'IterationAxis' 'CircuitParameterAxis']
				NDataDims: 2
		Data:
			Attributes:
			evs:
				Attributes:
				Hamiltonian: Dataset (dtype=float64, shape=(50, 1240), maxshape=(50, None))
					Attributes:
						DIMENSION_LABELS: ['mass' 'IterationAxis']
						NDataDims: 1
			stds:
				Attributes:
				Hamiltonian: Dataset (dtype=float64, shape=(50, 1240), maxshape=(50, None))
					Attributes:
						DIMENSION_LABELS: ['mass' 'IterationAxis']
						NDataDims: 1
		EstimatorOptions:
			Attributes:
				_VERSION: 2
				default_precision: Unset
				default_shots: Unset
				experimental: Unset
				max_execution_time: Unset
				resilience_level: Unset
				seed_estimator: 26895081
			dynamical_decoupling:
				Attributes:
					enable: Unset
					extra_slack_distribution: Unset
					scheduling_method: Unset
					sequence_type: Unset
					skip_reset_qubits: Unset
			environment:
				Attributes:
					job_tags: None
					log_level: WARNING
					private: False
			execution:
				Attributes:
					init_qubits: Unset
					rep_delay: Unset
			resilience:
				Attributes:
					layer_noise_model: Unset
					measure_mitigation: Unset
					pec_mitigation: Unset
					zne_mitigation: Unset
				layer_noise_learning:
					Attributes:
						layer_pair_depths: Unset
						max_layers_to_learn: Unset
						num_randomizations: Unset
						shots_per_randomization: Unset
				measure_noise_learning:
					Attributes:
						num_randomizations: Unset
						shots_per_randomization: Unset
				pec:
					Attributes:
						max_overhead: Unset
						noise_gain: Unset
				zne:
					Attributes:
						amplifier: Unset
						extrapolated_noise_factors: Unset
						extrapolator: Unset
						noise_factors: Unset
			simulator:
				Attributes:
					basis_gates: Unset
					coupling_map: Unset
					noise_model: Unset
					seed_simulator: Unset
			twirling:
				Attributes:
					enable_gates: Unset
					enable_measure: Unset
					num_randomizations: Unset
					shots_per_randomization: Unset
					strategy: Unset
		MetaData:
			Attributes:
			circuit_metadata: Dataset (dtype=object, shape=(50, 1240), maxshape=(50, None))
				Attributes:
					DIMENSION_LABELS: ['mass' 'IterationAxis']
					NDataDims: 1
			target_precision: Dataset (dtype=float64, shape=(50, 1240), maxshape=(50, None))
				Attributes:
					DIMENSION_LABELS: ['mass' 'IterationAxis']
					NDataDims: 1
			version: Dataset (dtype=int64, shape=(50, 1240), maxshape=(50, None))
				Attributes:
					DIMENSION_LABELS: ['mass' 'IterationAxis']
					NDataDims: 1
		NIterations: Dataset (dtype=int64, shape=(50,), maxshape=(50,))
			Attributes:
				DIMENSION_LABELS: ['mass']
				NDataDims: 0
		OptimizerOptions:
			Attributes:
				bounds: None
				callback: None
				constraints: []
				method: slsqp
				tol: None
				x0Seed: 26895081
			options:
				Attributes:
					disp: 1
					maxiter: 20000
		PresetPassManagerOptions:
			Attributes:
		SimulatorOptions:
			Attributes:
		StartIterations: Dataset (dtype=int64, shape=(50, 17), maxshape=(50, None))
			Attributes:
				DIMENSION_LABELS: ['mass' 'AnsatzOperatorAxis']
				NDataDims: 1
		VersionInfo:
			Attributes:
				QiskitAerVersion: 0.17.2
				QiskitIBMRuntimeVersion: 0.45.0
				QiskitVersion: 2.5.1
		mass: Dataset (dtype=float64, shape=(50,), maxshape=(50,))
			Attributes:
-----Ending pprint-----
End 2026-08-07 12:30:27 | 26895081 MyPyJob | lmnode193 | /home/s6nidich_hpc/PycharmProjects/QC-MasterThesis 

