Start 2026-07-24 14:32:55 | 26631496 MyPyJob | lmnode193 | /home/s6nidich_hpc/PycharmProjects/QC-MasterThesis 

Used python interpreter:
/home/s6nidich_hpc/PycharmProjects/QC-MasterThesis/.venv_intel_3_12_3/bin/python
Python version:
Python 3.12.3

Currently Loaded Modules:
  1) GCCcore/14.3.0                    8) Tcl/9.0.1-GCCcore-14.3.0
  2) zlib/1.3.1-GCCcore-14.3.0         9) SQLite/3.50.1-GCCcore-14.3.0
  3) binutils/2.44-GCCcore-14.3.0     10) XZ/5.8.1-GCCcore-14.3.0
  4) bzip2/1.0.8-GCCcore-14.3.0       11) libffi/3.5.1-GCCcore-14.3.0
  5) ncurses/6.5-GCCcore-14.3.0       12) OpenSSL/3
  6) libreadline/8.2-GCCcore-14.3.0   13) Python/3.13.5-GCCcore-14.3.0
  7) libtommath/1.3.0-GCCcore-14.3.0

 

Start of Program:

-----Beginning pprint-----
/:
	Attributes:
-----Ending pprint-----
Calculating energies for FreeWilson2D(N_x=2, N_y=2, mass=-6.000, r=1.000)
h_im: 0.0
New op index: 10	$R_Y$[3]
Current grad: 17.999999999999986
[ 3.14159265 -1.57079633  3.14159265  3.14159265  1.57079633  3.14159265
  3.14159265 -1.57079633  3.14159265  3.14159265  1.32581766  0.
  3.14159265  1.32581766  0.          3.14159265 -1.57079633  3.14159265
  3.14159265  1.57079633  3.14159265  3.14159265 -1.57079633  3.14159265
  3.14159265  3.14159265  3.14159265  3.14159265  3.14159265  3.14159265
  3.14159265  0.          0.          3.14159265  3.14159265  3.14159265
  3.14159265  0.          0.          3.14159265  3.14159265  3.14159265
  3.14159265  3.14159265  3.14159265] 
 [0.         2.         0.         0.         2.5        0.
 0.         2.5        0.         0.         2.56155281 1.
 0.         2.56155281 1.         0.         2.5        0.
 0.         2.5        0.         0.         2.         0.
 0.         0.         0.         0.         0.         0.
 0.         1.         1.         0.         0.         0.
 0.         1.         1.         0.         0.         0.
 0.         0.         0.        ]
sweep    1  f = 197.9384472  (Delta f = -2.84e-14)
New op index: 16	$R_Y$[5]
Current grad: 340.44353598827354
[ 3.14159265 -1.57079633  3.14159265  3.14159265 -1.57079633  3.14159265
  3.14159265 -1.57079633  3.14159265  3.14159265 -3.14159265  3.14159265
  0.         -1.57343131  3.14159265  0.         -1.57079633  3.14159265
  0.         -1.57079633  0.          0.         -1.57079633  3.14159265
  3.14159265  3.14159265  3.14159265  3.14159265  3.14159265  3.14159265
  3.14159265  3.14159265  3.14159265  3.14159265  3.14159265  0.
  0.          3.14159265  3.14159265  0.          0.          3.14159265
  0.          0.          3.14159265] 
 [0.00000000e+00 5.05071250e+01 0.00000000e+00 0.00000000e+00
 4.60071250e+01 0.00000000e+00 0.00000000e+00 5.03858572e+01
 0.00000000e+00 0.00000000e+00 0.00000000e+00 0.00000000e+00
 3.89618893e-15 4.59009457e+01 0.00000000e+00 6.73636494e-15
 5.10071250e+01 0.00000000e+00 2.23562488e-15 4.60071250e+01
 1.99493200e-17 1.09907743e-14 5.05071250e+01 0.00000000e+00
 0.00000000e+00 0.00000000e+00 0.00000000e+00 0.00000000e+00
 0.00000000e+00 0.00000000e+00 0.00000000e+00 0.00000000e+00
 0.00000000e+00 0.00000000e+00 0.00000000e+00 1.99493200e-17
 1.16100705e-14 0.00000000e+00 0.00000000e+00 7.13838710e-15
 7.16917845e-15 0.00000000e+00 8.63718819e-15 8.72045491e-15
 0.00000000e+00]
sweep    1  f = 145.4975962  (Delta f = 1.43)
sweep    2  f = 145.4975962  (Delta f = 0)
New op index: 4	$R_Y$[1]
Current grad: 12.495192873072796
[ 3.14159265 -1.57079633  3.14159265  3.14159265  1.57079633  3.14159265
  3.14159265 -1.57079633  0.          3.14159265  3.14159265  3.14159265
  0.          1.81776213  3.14159265  3.14159265 -3.14159265  0.
  0.          1.81550338  3.14159265  3.14159265 -1.57079633  0.
  3.14159265  3.14159265  3.14159265  3.14159265  0.          0.
  3.14159265  3.14159265  3.14159265  3.14159265  3.14159265  3.14159265
  3.14159265  3.14159265  3.14159265  3.14159265  3.14159265  3.14159265
  0.          3.14159265  3.14159265] 
 [0.00000000e+00 1.99768877e+00 0.00000000e+00 0.00000000e+00
 2.50231123e+00 0.00000000e+00 0.00000000e+00 1.99288131e+00
 4.39804158e-33 0.00000000e+00 0.00000000e+00 0.00000000e+00
 9.95559751e-15 1.56015762e+00 0.00000000e+00 0.00000000e+00
 0.00000000e+00 7.92791006e-33 5.73675002e-15 1.56379511e+00
 0.00000000e+00 0.00000000e+00 1.99768877e+00 3.52986848e-33
 0.00000000e+00 0.00000000e+00 0.00000000e+00 0.00000000e+00
 4.39804158e-33 4.39804158e-33 0.00000000e+00 0.00000000e+00
 0.00000000e+00 0.00000000e+00 0.00000000e+00 0.00000000e+00
 0.00000000e+00 0.00000000e+00 0.00000000e+00 0.00000000e+00
 0.00000000e+00 0.00000000e+00 6.42876746e-15 0.00000000e+00
 0.00000000e+00]
sweep    1  f = 142.9384472  (Delta f = 0.0568)
sweep    2  f = 142.9384472  (Delta f = 5.17e-11)
New op index: 22	$R_Y$[7]
Current grad: 244.53545941067935
[ 3.14159265 -1.5806956   3.14159265  3.14159265  3.14158695  3.14159265
  3.14159265 -1.5806956   3.14159265  3.14159265 -3.14158943  3.14159265
  0.         -1.58415413  3.14159265  3.14159265 -3.14159264  3.14159265
  0.         -1.58154696  3.14159265  3.14159265 -1.57079633  0.
  3.14159265  3.14159265  3.14159265  3.14159265  3.14159265  3.14159265
  3.14159265  3.14159265  3.14159265  3.14159265  3.14159265  3.14159265
  3.14159265  3.14159265  3.14159265  3.14159265  3.14159265  3.14159265
  0.          3.14159265  3.14159265] 
 [0.00000000e+00 5.00095608e+01 0.00000000e+00 0.00000000e+00
 6.50022258e-11 0.00000000e+00 0.00000000e+00 5.00095601e+01
 0.00000000e+00 0.00000000e+00 1.06963327e-11 0.00000000e+00
 2.50147125e-15 4.58899660e+01 0.00000000e+00 0.00000000e+00
 1.42108547e-14 0.00000000e+00 7.94156407e-15 4.60097736e+01
 0.00000000e+00 0.00000000e+00 5.05070859e+01 1.16322274e-25
 0.00000000e+00 0.00000000e+00 0.00000000e+00 0.00000000e+00
 0.00000000e+00 0.00000000e+00 0.00000000e+00 0.00000000e+00
 0.00000000e+00 0.00000000e+00 0.00000000e+00 0.00000000e+00
 0.00000000e+00 0.00000000e+00 0.00000000e+00 0.00000000e+00
 0.00000000e+00 0.00000000e+00 4.96304386e-15 0.00000000e+00
 0.00000000e+00]
sweep    1  f = 90.99759621  (Delta f = 1.43)
sweep    2  f = 90.99759621  (Delta f = 0)
New op index: 19	$R_Y$[6]
Current grad: 8.000009081349615
[ 3.14159265 -1.81604719  3.14159265  3.14159265  3.14159254  3.14159265
  3.14159265 -1.81604719  3.14159265  3.14159265  3.14159261  3.14159265
  3.14159265  1.81776212  3.14159265  3.14159265 -3.14159264  3.14159265
  3.14159265  1.81550338  3.14159265  3.14159265 -3.14159264  3.14159265
  3.14159265  3.14159265  3.14159265  3.14159265  3.14159265  3.14159265
  3.14159265  3.14159265  3.14159265  3.14159265  3.14159265  3.14159265
  3.14159265  3.14159265  3.14159265  3.14159265  3.14159265  3.14159265
  3.14159265  3.14159265  3.14159265] 
 [0.00000000e+00 1.55931069e+00 0.00000000e+00 0.00000000e+00
 3.19744231e-13 0.00000000e+00 0.00000000e+00 1.55931068e+00
 0.00000000e+00 0.00000000e+00 4.26325641e-14 0.00000000e+00
 0.00000000e+00 1.56015763e+00 0.00000000e+00 0.00000000e+00
 7.10542736e-15 0.00000000e+00 0.00000000e+00 1.56379509e+00
 0.00000000e+00 0.00000000e+00 0.00000000e+00 0.00000000e+00
 0.00000000e+00 0.00000000e+00 0.00000000e+00 0.00000000e+00
 0.00000000e+00 0.00000000e+00 0.00000000e+00 0.00000000e+00
 0.00000000e+00 0.00000000e+00 0.00000000e+00 0.00000000e+00
 0.00000000e+00 0.00000000e+00 0.00000000e+00 0.00000000e+00
 0.00000000e+00 0.00000000e+00 0.00000000e+00 0.00000000e+00
 0.00000000e+00]
sweep    1  f = 89.39862085  (Delta f = 0.0352)
sweep    2  f = 89.39862085  (Delta f = 2.02e-10)
New op index: 7	$R_Y$[2]
Current grad: 147.2831034093147
[ 3.14159265 -1.58071119  3.14159265  3.14159265 -3.14159099  3.14159265
  3.14159265 -1.58071119  3.14159265  3.14159265  3.14159068  3.14159265
  0.         -1.5746008   3.14159265  3.14159265  3.14159199  0.
  3.14159265 -3.14158947  3.14159265  3.14159265 -3.14159247  0.
  3.14159265  3.14159265  3.14159265  3.14159265  3.14159265  3.14159265
  3.14159265  3.14159265  3.14159265  3.14159265  3.14159265  3.14159265
  3.14159265  3.14159265  3.14159265  3.14159265  3.14159265  3.14159265
  3.14159265  3.14159265  3.14159265] 
 [0.00000000e+00 4.99301443e+01 0.00000000e+00 0.00000000e+00
 5.63282754e-12 0.00000000e+00 0.00000000e+00 4.99301445e+01
 0.00000000e+00 0.00000000e+00 5.48627810e-12 0.00000000e+00
 1.01382661e-14 4.62513682e+01 0.00000000e+00 0.00000000e+00
 2.22115659e-11 1.15111687e-13 0.00000000e+00 1.43800527e-11
 0.00000000e+00 0.00000000e+00 1.62003744e-12 1.15111687e-13
 0.00000000e+00 0.00000000e+00 0.00000000e+00 0.00000000e+00
 0.00000000e+00 0.00000000e+00 0.00000000e+00 0.00000000e+00
 0.00000000e+00 0.00000000e+00 0.00000000e+00 0.00000000e+00
 0.00000000e+00 0.00000000e+00 0.00000000e+00 0.00000000e+00
 0.00000000e+00 0.00000000e+00 0.00000000e+00 0.00000000e+00
 0.00000000e+00]
sweep    1  f = 37.9927883  (Delta f = 1.48)
sweep    2  f = 37.9927883  (Delta f = 0)
New op index: 1	$R_Y$[0]
Current grad: 4.000013903992142
[ 3.14159265 -1.57320307  3.14159265  3.14159265 -3.14159265  3.14159265
  3.14159265 -3.14159258  3.14159265  3.14159265  3.1415926   3.14159265
  3.14159265  1.57559842  3.14159265  3.14159265 -3.14159261  0.
  3.14159265  3.14159264  3.14159265  3.14159265  3.14159258  0.
  3.14159265  3.14159265  3.14159265  3.14159265  3.14159265  3.14159265
  3.14159265  3.14159265  3.14159265  3.14159265  3.14159265  3.14159265
  3.14159265  3.14159265  3.14159265  3.14159265  3.14159265  3.14159265
  3.14159265  3.14159265  3.14159265] 
 [0.00000000e+00 1.99288645e+00 0.00000000e+00 0.00000000e+00
 0.00000000e+00 0.00000000e+00 0.00000000e+00 1.49213975e-13
 0.00000000e+00 0.00000000e+00 7.10542736e-14 0.00000000e+00
 0.00000000e+00 1.99271953e+00 0.00000000e+00 0.00000000e+00
 4.26325641e-14 3.00633509e-15 0.00000000e+00 7.10542736e-15
 0.00000000e+00 0.00000000e+00 1.42108547e-13 3.00633509e-15
 0.00000000e+00 0.00000000e+00 0.00000000e+00 0.00000000e+00
 0.00000000e+00 0.00000000e+00 0.00000000e+00 0.00000000e+00
 0.00000000e+00 0.00000000e+00 0.00000000e+00 0.00000000e+00
 0.00000000e+00 0.00000000e+00 0.00000000e+00 0.00000000e+00
 0.00000000e+00 0.00000000e+00 0.00000000e+00 0.00000000e+00
 0.00000000e+00]
sweep    1  f = 35.99754935  (Delta f = 0.00235)
sweep    2  f = 35.99754901  (Delta f = 3.37e-07)
sweep    3  f = 35.99754901  (Delta f = 4.43e-10)
New op index: 13	$R_Y$[4]
Current grad: 52.00125805756432
[ 3.14159265 -3.14159265  3.14159265  3.14159265 -3.14159258  3.14159265
  3.14159265 -3.14157926  3.14159265  3.14159265 -3.14159264  3.14159265
  3.14159265  1.57089059  3.14159265  3.14159265  3.14159242  3.14159265
  3.14159265  3.1415926   3.14159265  3.14159265  3.14158513  3.14159265
  3.14159265  3.14159265  3.14159265  3.14159265  3.14159265  3.14159265
  3.14159265  3.14159265  3.14159265  3.14159265  3.14159265  3.14159265
  3.14159265  3.14159265  3.14159265  3.14159265  3.14159265  3.14159265
  3.14159265  3.14159265  3.14159265] 
 [0.00000000e+00 0.00000000e+00 0.00000000e+00 0.00000000e+00
 2.84217094e-13 0.00000000e+00 0.00000000e+00 1.79355197e-10
 0.00000000e+00 0.00000000e+00 0.00000000e+00 0.00000000e+00
 0.00000000e+00 5.19962998e+01 0.00000000e+00 0.00000000e+00
 5.46229728e-14 0.00000000e+00 0.00000000e+00 1.42108547e-13
 0.00000000e+00 0.00000000e+00 5.65003599e-11 0.00000000e+00
 0.00000000e+00 0.00000000e+00 0.00000000e+00 0.00000000e+00
 0.00000000e+00 0.00000000e+00 0.00000000e+00 0.00000000e+00
 0.00000000e+00 0.00000000e+00 0.00000000e+00 0.00000000e+00
 0.00000000e+00 0.00000000e+00 0.00000000e+00 0.00000000e+00
 0.00000000e+00 0.00000000e+00 0.00000000e+00 0.00000000e+00
 0.00000000e+00]
sweep    1  f = -16  (Delta f = 0.00125)
sweep    2  f = -16  (Delta f = 4.43e-11)
New op index: 19	$R_Y$[6]
Current grad: 1.228069147152285e-05
[ 3.14159265 -3.14159264  0.          3.14159265 -3.14159262  0.
  3.14159265 -3.14159263  3.14159265  3.14159265 -3.14159261  3.14159265
  3.14159265  3.14159264  0.          3.14159265 -3.14159265  0.
  3.14159265 -3.1415926   0.          3.14159265  3.1415926   0.
  3.14159265  3.14159265  0.          3.14159265  3.14159265  0.
  3.14159265  3.14159265  3.14159265  3.14159265  3.14159265  3.14159265
  3.14159265  3.14159265  0.          3.14159265  3.14159265  0.
  3.14159265  3.14159265  0.        ] 
 [0.00000000e+00 0.00000000e+00 3.29464666e-16 0.00000000e+00
 2.84217094e-14 3.09058057e-16 0.00000000e+00 7.10542736e-15
 0.00000000e+00 0.00000000e+00 5.68434189e-14 0.00000000e+00
 0.00000000e+00 7.10542736e-15 9.44081750e-17 0.00000000e+00
 0.00000000e+00 1.76251215e-16 0.00000000e+00 8.52651283e-14
 2.49065101e-15 0.00000000e+00 7.10542736e-14 7.95498178e-16
 0.00000000e+00 0.00000000e+00 6.38522724e-16 0.00000000e+00
 0.00000000e+00 1.92757605e-17 0.00000000e+00 0.00000000e+00
 0.00000000e+00 0.00000000e+00 0.00000000e+00 0.00000000e+00
 0.00000000e+00 0.00000000e+00 2.70659390e-16 0.00000000e+00
 0.00000000e+00 2.66690222e-15 0.00000000e+00 0.00000000e+00
 3.28614919e-15]
Precision cutoff reached.
Calculating energies for FreeWilson2D(N_x=2, N_y=2, mass=-5.837, r=1.000)
h_im: 0.0
New op index: 10	$R_Y$[3]
Current grad: 17.34693877551019
[ 3.14159265 -1.57079633  3.14159265  3.14159265  1.57079633  3.14159265
  3.14159265 -1.57079633  3.14159265  3.14159265  1.31583048  0.
  3.14159265  1.31583048  0.          3.14159265 -1.57079633  3.14159265
  3.14159265  1.57079633  3.14159265  3.14159265 -1.57079633  3.14159265
  3.14159265  3.14159265  3.14159265  3.14159265  3.14159265  3.14159265
  3.14159265  0.          0.          3.14159265  3.14159265  3.14159265
  3.14159265  0.          0.          3.14159265  3.14159265  3.14159265
  3.14159265  3.14159265  3.14159265] 
 [0.         1.91836735 0.         0.         2.41836735 0.
 0.         2.41836735 0.         0.         2.48245637 1.
 0.         2.48245637 1.         0.         2.41836735 0.
 0.         2.41836735 0.         0.         1.91836735 0.
 0.         0.         0.         0.         0.         0.
 0.         1.         1.         0.         0.         0.
 0.         1.         1.         0.         0.         0.
 0.         0.         0.        ]
sweep    1  f = 198.0175436  (Delta f = -2.84e-14)
New op index: 16	$R_Y$[5]
Current grad: 339.4935937631691
[ 3.14159265 -1.57079633  3.14159265  3.14159265 -1.57079633  3.14159265
  3.14159265 -1.57079633  0.          3.14159265 -3.14159265  3.14159265
  3.14159265 -1.57353887  3.14159265  3.14159265 -1.57079633  3.14159265
  3.14159265 -1.57079633  3.14159265  3.14159265 -1.57079633  3.14159265
  3.14159265  3.14159265  3.14159265  3.14159265  0.          0.
  3.14159265  3.14159265  3.14159265  3.14159265  3.14159265  3.14159265
  3.14159265  3.14159265  3.14159265  3.14159265  3.14159265  3.14159265
  3.14159265  3.14159265  3.14159265] 
 [0.00000000e+00 5.03019629e+01 0.00000000e+00 0.00000000e+00
 4.59652282e+01 0.00000000e+00 0.00000000e+00 5.01758567e+01
 9.97465999e-18 0.00000000e+00 0.00000000e+00 0.00000000e+00
 0.00000000e+00 4.58554590e+01 0.00000000e+00 0.00000000e+00
 5.08019629e+01 0.00000000e+00 0.00000000e+00 4.59652282e+01
 0.00000000e+00 0.00000000e+00 5.03019629e+01 0.00000000e+00
 0.00000000e+00 0.00000000e+00 0.00000000e+00 0.00000000e+00
 9.97465999e-18 9.97465999e-18 0.00000000e+00 0.00000000e+00
 0.00000000e+00 0.00000000e+00 0.00000000e+00 0.00000000e+00
 0.00000000e+00 0.00000000e+00 0.00000000e+00 0.00000000e+00
 0.00000000e+00 0.00000000e+00 0.00000000e+00 0.00000000e+00
 0.00000000e+00]
sweep    1  f = 145.6608577  (Delta f = 1.55)
sweep    2  f = 145.6608577  (Delta f = 0)
New op index: 4	$R_Y$[1]
Current grad: 12.005392144440114
[ 3.14159265 -1.57079633  3.14159265  3.14159265  1.57079633  3.14159265
  3.14159265 -1.57079633  0.          3.14159265  3.14159263  3.14159265
  0.          1.82781392  3.14159265  3.14159265  3.14159262  0.
  3.14159265  1.82546755  3.14159265  0.         -1.57079633  0.
  3.14159265  3.14159265  3.14159265  3.14159265  0.          0.
  3.14159265  3.14159265  3.14159265  3.14159265  3.14159265  3.14159265
  3.14159265  3.14159265  3.14159265  3.14159265  3.14159265  3.14159265
  0.          3.14159265  3.14159265] 
 [0.00000000e+00 1.91604886e+00 0.00000000e+00 0.00000000e+00
 2.42068584e+00 0.00000000e+00 0.00000000e+00 1.91123384e+00
 3.24491938e-24 0.00000000e+00 1.42108547e-14 0.00000000e+00
 1.57244174e-14 1.48110347e+00 0.00000000e+00 0.00000000e+00
 2.84217094e-14 3.37252552e-24 0.00000000e+00 1.48469998e+00
 0.00000000e+00 1.29722286e-14 1.91604886e+00 1.27606140e-25
 0.00000000e+00 0.00000000e+00 0.00000000e+00 0.00000000e+00
 3.24491938e-24 3.24491938e-24 0.00000000e+00 0.00000000e+00
 0.00000000e+00 0.00000000e+00 0.00000000e+00 0.00000000e+00
 0.00000000e+00 0.00000000e+00 0.00000000e+00 0.00000000e+00
 0.00000000e+00 0.00000000e+00 2.69004269e-15 0.00000000e+00
 0.00000000e+00]
sweep    1  f = 143.1808089  (Delta f = 0.0594)
sweep    2  f = 143.1808089  (Delta f = 0)
New op index: 22	$R_Y$[7]
Current grad: 243.83635693989612
[ 3.14159265 -1.58073597  3.14159265  3.14159265 -3.14159245  3.14159265
  3.14159265 -1.58073597  3.14159265  3.14159265  3.14159251  3.14159265
  3.14159265 -1.58427023  3.14159265  3.14159265  3.14159263  3.14159265
  0.         -1.58155665  3.14159265  0.         -1.57079633  0.
  3.14159265  3.14159265  3.14159265  3.14159265  3.14159265  3.14159265
  3.14159265  3.14159265  3.14159265  3.14159265  3.14159265  3.14159265
  3.14159265  3.14159265  3.14159265  3.14159265  3.14159265  3.14159265
  0.          3.14159265  3.14159265] 
 [0.00000000e+00 4.98044495e+01 0.00000000e+00 0.00000000e+00
 8.52651283e-14 0.00000000e+00 0.00000000e+00 4.98044496e+01
 0.00000000e+00 0.00000000e+00 1.93178806e-14 0.00000000e+00
 0.00000000e+00 4.58433419e+01 0.00000000e+00 0.00000000e+00
 1.42108547e-14 0.00000000e+00 2.48826080e-14 4.59679200e+01
 0.00000000e+00 1.18032001e-16 5.03019646e+01 1.52511425e-24
 0.00000000e+00 0.00000000e+00 0.00000000e+00 0.00000000e+00
 0.00000000e+00 0.00000000e+00 0.00000000e+00 0.00000000e+00
 0.00000000e+00 0.00000000e+00 0.00000000e+00 0.00000000e+00
 0.00000000e+00 0.00000000e+00 0.00000000e+00 0.00000000e+00
 0.00000000e+00 0.00000000e+00 2.78629338e-14 0.00000000e+00
 0.00000000e+00]
sweep    1  f = 91.32412304  (Delta f = 1.55)
sweep    2  f = 91.32412304  (Delta f = 0)
New op index: 19	$R_Y$[6]
Current grad: 7.67347777651211
[ 3.14159265 -1.82605747  3.14159265  3.14159265 -3.14159261  3.14159265
  3.14159265 -1.82605747  3.14159265  3.14159265  3.14159264  3.14159265
  0.          1.82781393  3.14159265  3.14159265  3.14159263  0.
  0.          1.82546754  3.14159265  3.14159265 -3.14159257  0.
  3.14159265  3.14159265  3.14159265  3.14159265  3.14159265  3.14159265
  3.14159265  3.14159265  3.14159265  3.14159265  3.14159265  3.14159265
  3.14159265  3.14159265  3.14159265  3.14159265  3.14159265  3.14159265
  3.14159265  3.14159265  3.14159265] 
 [0.00000000e+00 1.48021292e+00 0.00000000e+00 0.00000000e+00
 4.97379915e-14 0.00000000e+00 0.00000000e+00 1.48021292e+00
 0.00000000e+00 0.00000000e+00 7.10542736e-15 0.00000000e+00
 4.66043993e-15 1.48110347e+00 0.00000000e+00 0.00000000e+00
 1.42108547e-14 5.78153036e-25 1.26676403e-14 1.48470001e+00
 0.00000000e+00 0.00000000e+00 1.77635684e-13 3.35217135e-32
 0.00000000e+00 0.00000000e+00 0.00000000e+00 0.00000000e+00
 0.00000000e+00 0.00000000e+00 0.00000000e+00 0.00000000e+00
 0.00000000e+00 0.00000000e+00 0.00000000e+00 0.00000000e+00
 0.00000000e+00 0.00000000e+00 0.00000000e+00 0.00000000e+00
 0.00000000e+00 0.00000000e+00 0.00000000e+00 0.00000000e+00
 0.00000000e+00]
sweep    1  f = 89.80416908  (Delta f = 0.0353)
sweep    2  f = 89.80416908  (Delta f = 2.81e-10)
New op index: 7	$R_Y$[2]
Current grad: 147.02422945662033
[ 3.14159265 -1.58073893  3.14159265  3.14159265 -3.14159058  3.14159265
  3.14159265 -1.58073893  3.14159265  3.14159265 -3.14159248  3.14159265
  3.14159265 -1.57466913  3.14159265  3.14159265 -3.14159253  0.
  3.14159265 -3.14159004  3.14159265  3.14159265  3.14159265  0.
  3.14159265  3.14159265  3.14159265  3.14159265  3.14159265  3.14159265
  3.14159265  3.14159265  3.14159265  3.14159265  3.14159265  3.14159265
  3.14159265  3.14159265  3.14159265  3.14159265  3.14159265  3.14159265
  3.14159265  3.14159265  3.14159265] 
 [0.00000000e+00 4.97894642e+01 0.00000000e+00 0.00000000e+00
 8.73701111e-12 0.00000000e+00 0.00000000e+00 4.97894643e+01
 0.00000000e+00 0.00000000e+00 4.08562073e-14 0.00000000e+00
 0.00000000e+00 4.62706987e+01 0.00000000e+00 0.00000000e+00
 7.67386155e-13 2.44791360e-17 0.00000000e+00 9.49995638e-12
 0.00000000e+00 0.00000000e+00 0.00000000e+00 2.44791346e-17
 0.00000000e+00 0.00000000e+00 0.00000000e+00 0.00000000e+00
 0.00000000e+00 0.00000000e+00 0.00000000e+00 0.00000000e+00
 0.00000000e+00 0.00000000e+00 0.00000000e+00 0.00000000e+00
 0.00000000e+00 0.00000000e+00 0.00000000e+00 0.00000000e+00
 0.00000000e+00 0.00000000e+00 0.00000000e+00 0.00000000e+00
 0.00000000e+00]
sweep    1  f = 38.48257288  (Delta f = 1.53)
sweep    2  f = 38.48257288  (Delta f = 2.77e-13)
New op index: 1	$R_Y$[0]
Current grad: 3.8367544231245407
[ 3.14159265 -1.5733096   3.14159265  3.14159265 -3.14159263  3.14159265
  3.14159265 -3.14159244  3.14159265  3.14159265  3.14159261  3.14159265
  3.14159265  1.57581037  3.14159265  3.14159265  3.1415926   3.14159265
  3.14159265  3.14159264  3.14159265  3.14159265  3.14159263  3.14159265
  3.14159265  3.14159265  3.14159265  3.14159265  3.14159265  3.14159265
  3.14159265  3.14159265  3.14159265  3.14159265  3.14159265  3.14159265
  3.14159265  3.14159265  3.14159265  3.14159265  3.14159265  3.14159265
  3.14159265  3.14159265  3.14159265] 
 [0.00000000e+00 1.91123921e+00 0.00000000e+00 0.00000000e+00
 2.13162821e-14 0.00000000e+00 0.00000000e+00 1.15107923e-12
 0.00000000e+00 0.00000000e+00 4.26325641e-14 0.00000000e+00
 0.00000000e+00 1.91108006e+00 0.00000000e+00 0.00000000e+00
 7.10542736e-14 0.00000000e+00 0.00000000e+00 7.10542736e-15
 0.00000000e+00 0.00000000e+00 1.42108547e-14 0.00000000e+00
 0.00000000e+00 0.00000000e+00 0.00000000e+00 0.00000000e+00
 0.00000000e+00 0.00000000e+00 0.00000000e+00 0.00000000e+00
 0.00000000e+00 0.00000000e+00 0.00000000e+00 0.00000000e+00
 0.00000000e+00 0.00000000e+00 0.00000000e+00 0.00000000e+00
 0.00000000e+00 0.00000000e+00 0.00000000e+00 0.00000000e+00
 0.00000000e+00]
sweep    1  f = 36.568976  (Delta f = 0.00236)
sweep    2  f = 36.56897563  (Delta f = 3.7e-07)
sweep    3  f = 36.56897563  (Delta f = 5.04e-10)
New op index: 13	$R_Y$[4]
Current grad: 51.92003888409179
[ 3.14159265 -3.14159265  3.14159265  3.14159265 -3.14159174  3.14159265
  3.14159265 -3.14152311  3.14159265  3.14159265 -3.14159176  3.14159265
  3.14159265  1.57089084  3.14159265  3.14159265  3.14159004  3.14159265
  3.14159265  3.14159125  3.14159265  3.14159265  3.14159171  3.14159265
  3.14159265  3.14159265  3.14159265  3.14159265  3.14159265  3.14159265
  3.14159265  3.14159265  3.14159265  3.14159265  3.14159265  3.14159265
  3.14159265  3.14159265  3.14159265  3.14159265  3.14159265  3.14159265
  3.14159265  3.14159265  3.14159265] 
 [0.00000000e+00 0.00000000e+00 0.00000000e+00 0.00000000e+00
 4.26183533e-11 0.00000000e+00 0.00000000e+00 4.63595806e-09
 0.00000000e+00 0.00000000e+00 4.07567313e-11 0.00000000e+00
 0.00000000e+00 5.19146644e+01 0.00000000e+00 0.00000000e+00
 6.53899157e-12 0.00000000e+00 0.00000000e+00 1.00527586e-10
 0.00000000e+00 0.00000000e+00 8.61533067e-13 0.00000000e+00
 0.00000000e+00 0.00000000e+00 0.00000000e+00 0.00000000e+00
 0.00000000e+00 0.00000000e+00 0.00000000e+00 0.00000000e+00
 0.00000000e+00 0.00000000e+00 0.00000000e+00 0.00000000e+00
 0.00000000e+00 0.00000000e+00 0.00000000e+00 0.00000000e+00
 0.00000000e+00 0.00000000e+00 0.00000000e+00 0.00000000e+00
 0.00000000e+00]
sweep    1  f = -15.34693878  (Delta f = 0.00125)
sweep    2  f = -15.34693878  (Delta f = 4.39e-11)
New op index: 7	$R_Y$[2]
Current grad: 1.0058115906210913e-05
[ 3.14159265 -3.14159265  0.          3.14159265 -3.1415926   0.
  3.14159265  3.14159259  3.14159265  3.14159265 -3.14159265  3.14159265
  3.14159265 -3.14159265  3.14159265  3.14159265  3.14159264  3.14159265
  3.14159265 -3.14159263  0.          3.14159265  3.14159263  3.14159265
  3.14159265  3.14159265  0.          3.14159265  3.14159265  0.
  3.14159265  3.14159265  3.14159265  3.14159265  3.14159265  3.14159265
  3.14159265  3.14159265  3.14159265  3.14159265  3.14159265  3.14159265
  3.14159265  3.14159265  0.        ] 
 [0.00000000e+00 0.00000000e+00 3.48460643e-16 0.00000000e+00
 7.81597009e-14 9.46738955e-16 0.00000000e+00 9.94759830e-14
 0.00000000e+00 0.00000000e+00 0.00000000e+00 0.00000000e+00
 0.00000000e+00 0.00000000e+00 0.00000000e+00 0.00000000e+00
 7.10542736e-15 0.00000000e+00 0.00000000e+00 1.42108547e-14
 1.19738181e-15 0.00000000e+00 1.42108547e-14 0.00000000e+00
 0.00000000e+00 0.00000000e+00 1.29519960e-15 0.00000000e+00
 0.00000000e+00 2.80132660e-16 0.00000000e+00 0.00000000e+00
 0.00000000e+00 0.00000000e+00 0.00000000e+00 0.00000000e+00
 0.00000000e+00 0.00000000e+00 0.00000000e+00 0.00000000e+00
 0.00000000e+00 0.00000000e+00 0.00000000e+00 0.00000000e+00
 9.58091444e-16]
Precision cutoff reached.
Calculating energies for FreeWilson2D(N_x=2, N_y=2, mass=-5.673, r=1.000)
h_im: 0.0
New op index: 10	$R_Y$[3]
Current grad: 16.693877551020393
[ 3.14159265 -1.57079633  3.14159265  3.14159265  1.57079633  3.14159265
  3.14159265 -1.57079633  3.14159265  3.14159265  1.30501442  0.
  3.14159265  1.30501442  0.          3.14159265 -1.57079633  3.14159265
  3.14159265  1.57079633  3.14159265  3.14159265 -1.57079633  3.14159265
  3.14159265  3.14159265  3.14159265  3.14159265  3.14159265  3.14159265
  3.14159265  0.          0.          3.14159265  3.14159265  3.14159265
  3.14159265  0.          0.          3.14159265  3.14159265  3.14159265
  3.14159265  3.14159265  3.14159265] 
 [0.         1.83673469 0.         0.         2.33673469 0.
 0.         2.33673469 0.         0.         2.4035741  1.
 0.         2.4035741  1.         0.         2.33673469 0.
 0.         2.33673469 0.         0.         1.83673469 0.
 0.         0.         0.         0.         0.         0.
 0.         1.         1.         0.         0.         0.
 0.         1.         1.         0.         0.         0.
 0.         0.         0.        ]
sweep    1  f = 198.0964259  (Delta f = 3.13e-13)
New op index: 16	$R_Y$[5]
Current grad: 338.4335554312672
[ 3.14159265 -1.57079633  3.14159265  3.14159265 -1.57079633  3.14159265
  3.14159265 -1.57079633  3.14159265  3.14159265  3.14159265  3.14159265
  0.         -1.57365601  3.14159265  3.14159265 -1.57079633  3.14159265
  3.14159265 -1.57079633  0.          3.14159265 -1.57079633  3.14159265
  3.14159265  3.14159265  3.14159265  3.14159265  3.14159265  3.14159265
  3.14159265  3.14159265  3.14159265  3.14159265  3.14159265  0.
  0.          3.14159265  3.14159265  3.14159265  3.14159265  3.14159265
  3.14159265  3.14159265  3.14159265] 
 [0.00000000e+00 5.00811056e+01 0.00000000e+00 0.00000000e+00
 4.59076362e+01 0.00000000e+00 0.00000000e+00 4.99497737e+01
 0.00000000e+00 0.00000000e+00 0.00000000e+00 0.00000000e+00
 5.52619175e-15 4.57940484e+01 0.00000000e+00 0.00000000e+00
 5.05811056e+01 0.00000000e+00 0.00000000e+00 4.59076362e+01
 1.73472348e-18 0.00000000e+00 5.00811056e+01 0.00000000e+00
 0.00000000e+00 0.00000000e+00 0.00000000e+00 0.00000000e+00
 0.00000000e+00 0.00000000e+00 0.00000000e+00 0.00000000e+00
 0.00000000e+00 0.00000000e+00 0.00000000e+00 1.73472348e-18
 5.44018133e-15 0.00000000e+00 0.00000000e+00 0.00000000e+00
 0.00000000e+00 0.00000000e+00 0.00000000e+00 0.00000000e+00
 0.00000000e+00]
sweep    1  f = 145.8241193  (Delta f = 1.69)
sweep    2  f = 145.8241193  (Delta f = 0)
New op index: 4	$R_Y$[1]
Current grad: 11.515591035482505
[ 3.14159265 -1.57079633  3.14159265  3.14159265  1.57079633  3.14159265
  3.14159265 -1.57079633  0.          3.14159265 -3.14159261  3.14159265
  0.          1.8386979   3.14159265  3.14159265  3.14159259  0.
  0.          1.83625768  3.14159265  3.14159265 -1.57079633  0.
  3.14159265  3.14159265  3.14159265  3.14159265  0.          0.
  3.14159265  3.14159265  3.14159265  3.14159265  3.14159265  3.14159265
  3.14159265  3.14159265  3.14159265  3.14159265  3.14159265  3.14159265
  0.          3.14159265  3.14159265] 
 [0.00000000e+00 1.83440886e+00 0.00000000e+00 0.00000000e+00
 2.33906053e+00 0.00000000e+00 0.00000000e+00 1.82958623e+00
 7.32567791e-26 0.00000000e+00 4.97379915e-14 0.00000000e+00
 2.71211559e-15 1.40226662e+00 0.00000000e+00 0.00000000e+00
 9.94759830e-14 9.85291057e-24 1.10387883e-14 1.40581833e+00
 0.00000000e+00 0.00000000e+00 1.83440886e+00 9.77965379e-24
 0.00000000e+00 0.00000000e+00 0.00000000e+00 0.00000000e+00
 7.32567791e-26 7.32567791e-26 0.00000000e+00 0.00000000e+00
 0.00000000e+00 0.00000000e+00 0.00000000e+00 0.00000000e+00
 0.00000000e+00 0.00000000e+00 0.00000000e+00 0.00000000e+00
 0.00000000e+00 0.00000000e+00 1.06530436e-14 0.00000000e+00
 0.00000000e+00]
sweep    1  f = 143.4229565  (Delta f = 0.0621)
sweep    2  f = 143.4229565  (Delta f = 4.75e-12)
New op index: 22	$R_Y$[7]
Current grad: 243.05847808436926
[ 3.14159265 -1.58077981  3.14159265  3.14159265  3.14159174  3.14159265
  3.14159265 -1.58077981  3.14159265  3.14159265 -3.14159056  3.14159265
  3.14159265 -1.58439957  3.14159265  3.14159265  3.14159247  0.
  0.         -1.58157001  3.14159265  0.         -1.57079633  0.
  3.14159265  3.14159265  3.14159265  3.14159265  3.14159265  3.14159265
  3.14159265  3.14159265  3.14159265  3.14159265  3.14159265  3.14159265
  3.14159265  3.14159265  3.14159265  3.14159265  3.14159265  3.14159265
  0.          3.14159265  3.14159265] 
 [0.00000000e+00 4.95835740e+01 0.00000000e+00 0.00000000e+00
 1.70885528e-12 0.00000000e+00 0.00000000e+00 4.95835739e+01
 0.00000000e+00 0.00000000e+00 4.15867341e-12 0.00000000e+00
 0.00000000e+00 4.57805701e+01 0.00000000e+00 0.00000000e+00
 1.67688086e-12 2.22304790e-23 2.47094012e-14 4.59103023e+01
 0.00000000e+00 8.99224005e-15 5.00810781e+01 1.79911783e-23
 0.00000000e+00 0.00000000e+00 0.00000000e+00 0.00000000e+00
 0.00000000e+00 0.00000000e+00 0.00000000e+00 0.00000000e+00
 0.00000000e+00 0.00000000e+00 0.00000000e+00 0.00000000e+00
 0.00000000e+00 0.00000000e+00 0.00000000e+00 0.00000000e+00
 0.00000000e+00 0.00000000e+00 3.43955307e-14 0.00000000e+00
 0.00000000e+00]
sweep    1  f = 91.65064986  (Delta f = 1.69)
sweep    2  f = 91.65064986  (Delta f = 0)
New op index: 19	$R_Y$[6]
Current grad: 7.346947852692482
[ 3.14159265 -1.83689953  3.14159265  3.14159265 -3.14159265  3.14159265
  3.14159265 -1.83689953  3.14159265  3.14159265  3.1415926   3.14159265
  0.          1.83869787  3.14159265  3.14159265 -3.14159257  0.
  3.14159265  1.83625769  3.14159265  3.14159265 -3.14159262  0.
  3.14159265  3.14159265  3.14159265  3.14159265  3.14159265  3.14159265
  3.14159265  3.14159265  3.14159265  3.14159265  3.14159265  3.14159265
  3.14159265  3.14159265  3.14159265  3.14159265  3.14159265  3.14159265
  3.14159265  3.14159265  3.14159265] 
 [0.00000000e+00 1.40133007e+00 0.00000000e+00 0.00000000e+00
 0.00000000e+00 0.00000000e+00 0.00000000e+00 1.40133007e+00
 0.00000000e+00 0.00000000e+00 7.10542736e-14 0.00000000e+00
 8.14005089e-15 1.40226667e+00 0.00000000e+00 0.00000000e+00
 1.77635684e-13 3.88952636e-25 0.00000000e+00 1.40581831e+00
 0.00000000e+00 0.00000000e+00 2.84217094e-14 3.39896543e-32
 0.00000000e+00 0.00000000e+00 0.00000000e+00 0.00000000e+00
 0.00000000e+00 0.00000000e+00 0.00000000e+00 0.00000000e+00
 0.00000000e+00 0.00000000e+00 0.00000000e+00 0.00000000e+00
 0.00000000e+00 0.00000000e+00 0.00000000e+00 0.00000000e+00
 0.00000000e+00 0.00000000e+00 0.00000000e+00 0.00000000e+00
 0.00000000e+00]
sweep    1  f = 90.20961922  (Delta f = 0.0352)
sweep    2  f = 90.20961922  (Delta f = -4.26e-14)
New op index: 1	$R_Y$[0]
Current grad: 146.75914096422704
[ 3.14159265 -1.58076724  3.14159265  3.14159265  3.14159265  3.14159265
  3.14159265 -1.58076724  3.14159265  3.14159265 -3.14159097  3.14159265
  0.         -1.57473869  3.14159265  3.14159265  3.14159265  3.14159265
  3.14159265  3.14159148  3.14159265  3.14159265  3.14159255  3.14159265
  3.14159265  3.14159265  3.14159265  3.14159265  3.14159265  3.14159265
  3.14159265  3.14159265  3.14159265  3.14159265  3.14159265  3.14159265
  3.14159265  3.14159265  3.14159265  3.14159265  3.14159265  3.14159265
  3.14159265  3.14159265  3.14159265] 
 [0.00000000e+00 4.96466898e+01 0.00000000e+00 0.00000000e+00
 0.00000000e+00 0.00000000e+00 0.00000000e+00 4.96466898e+01
 0.00000000e+00 0.00000000e+00 3.86846111e-12 0.00000000e+00
 4.94349504e-15 4.62878832e+01 0.00000000e+00 0.00000000e+00
 0.00000000e+00 0.00000000e+00 0.00000000e+00 1.87627691e-12
 0.00000000e+00 0.00000000e+00 5.68434189e-13 0.00000000e+00
 0.00000000e+00 0.00000000e+00 0.00000000e+00 0.00000000e+00
 0.00000000e+00 0.00000000e+00 0.00000000e+00 0.00000000e+00
 0.00000000e+00 0.00000000e+00 0.00000000e+00 0.00000000e+00
 0.00000000e+00 0.00000000e+00 0.00000000e+00 0.00000000e+00
 0.00000000e+00 0.00000000e+00 0.00000000e+00 0.00000000e+00
 0.00000000e+00]
sweep    1  f = 38.97235764  (Delta f = 1.59)
sweep    2  f = 38.97235764  (Delta f = 1.85e-13)
New op index: 7	$R_Y$[2]
Current grad: 3.6734854019010754
[ 3.14159265  3.14159259  3.14159265  3.14159265 -3.14159263  3.14159265
  3.14159265 -1.57342551  3.14159265  3.14159265 -3.14159263  3.14159265
  3.14159265  1.5760409   3.14159265  3.14159265  3.14159265  0.
  3.14159265 -3.14159254  3.14159265  3.14159265 -3.14159258  0.
  3.14159265  3.14159265  3.14159265  3.14159265  3.14159265  3.14159265
  3.14159265  3.14159265  3.14159265  3.14159265  3.14159265  3.14159265
  3.14159265  3.14159265  3.14159265  3.14159265  3.14159265  3.14159265
  3.14159265  3.14159265  3.14159265] 
 [0.00000000e+00 1.20792265e-13 0.00000000e+00 0.00000000e+00
 2.13162821e-14 0.00000000e+00 0.00000000e+00 1.82959264e+00
 0.00000000e+00 0.00000000e+00 1.42108547e-14 0.00000000e+00
 0.00000000e+00 1.82944019e+00 0.00000000e+00 0.00000000e+00
 0.00000000e+00 2.24295163e-16 0.00000000e+00 3.19744231e-13
 0.00000000e+00 0.00000000e+00 1.42108547e-13 2.24295163e-16
 0.00000000e+00 0.00000000e+00 0.00000000e+00 0.00000000e+00
 0.00000000e+00 0.00000000e+00 0.00000000e+00 0.00000000e+00
 0.00000000e+00 0.00000000e+00 0.00000000e+00 0.00000000e+00
 0.00000000e+00 0.00000000e+00 0.00000000e+00 0.00000000e+00
 0.00000000e+00 0.00000000e+00 0.00000000e+00 0.00000000e+00
 0.00000000e+00]
sweep    1  f = 37.14040266  (Delta f = 0.00236)
sweep    2  f = 37.14040223  (Delta f = 4.31e-07)
sweep    3  f = 37.14040223  (Delta f = 1.64e-10)
New op index: 13	$R_Y$[4]
Current grad: 51.83811003648859
[ 3.14159265 -3.14154262  3.14159265  3.14159265 -3.1415922   3.14159265
  3.14159265 -3.14159265  3.14159265  3.14159265 -3.14159263  3.14159265
  0.          1.57089104  3.14159265  3.14159265  3.14159137  3.14159265
  3.14159265  3.14159241  3.14159265  3.14159265  3.14159101  3.14159265
  3.14159265  3.14159265  3.14159265  3.14159265  3.14159265  3.14159265
  3.14159265  3.14159265  3.14159265  3.14159265  3.14159265  3.14159265
  3.14159265  3.14159265  3.14159265  3.14159265  3.14159265  3.14159265
  3.14159265  3.14159265  3.14159265] 
 [0.00000000e+00 2.29738362e-09 0.00000000e+00 0.00000000e+00
 1.03312914e-11 0.00000000e+00 0.00000000e+00 0.00000000e+00
 0.00000000e+00 0.00000000e+00 2.84217094e-14 0.00000000e+00
 1.05934664e-15 5.18330304e+01 0.00000000e+00 0.00000000e+00
 1.52167168e-12 0.00000000e+00 0.00000000e+00 2.99849034e-12
 0.00000000e+00 0.00000000e+00 2.46624943e-12 0.00000000e+00
 0.00000000e+00 0.00000000e+00 0.00000000e+00 0.00000000e+00
 0.00000000e+00 0.00000000e+00 0.00000000e+00 0.00000000e+00
 0.00000000e+00 0.00000000e+00 0.00000000e+00 0.00000000e+00
 0.00000000e+00 0.00000000e+00 0.00000000e+00 0.00000000e+00
 0.00000000e+00 0.00000000e+00 0.00000000e+00 0.00000000e+00
 0.00000000e+00]
sweep    1  f = -14.69387755  (Delta f = 0.00125)
sweep    2  f = -14.69387755  (Delta f = 4.76e-11)
New op index: 1	$R_Y$[0]
Current grad: 1.4638026131087558e-05
[ 3.14159265  3.14159258  3.14159265  3.14159265  3.14159264  0.
  3.14159265  3.14159265  3.14159265  3.14159265 -3.14159264  3.14159265
  3.14159265  3.14159261  3.14159265  3.14159265  3.14159262  3.14159265
  3.14159265  3.14159261  3.14159265  3.14159265  3.1415926   3.14159265
  3.14159265  3.14159265  3.14159265  3.14159265  3.14159265  0.
  3.14159265  3.14159265  3.14159265  3.14159265  3.14159265  3.14159265
  3.14159265  3.14159265  3.14159265  3.14159265  3.14159265  3.14159265
  3.14159265  3.14159265  3.14159265] 
 [0.00000000e+00 1.42108547e-13 0.00000000e+00 0.00000000e+00
 7.10542736e-15 1.02847517e-15 0.00000000e+00 0.00000000e+00
 0.00000000e+00 0.00000000e+00 7.10542736e-15 0.00000000e+00
 0.00000000e+00 3.55271368e-14 0.00000000e+00 0.00000000e+00
 3.55271368e-14 0.00000000e+00 0.00000000e+00 4.97379915e-14
 0.00000000e+00 0.00000000e+00 7.10542736e-14 0.00000000e+00
 0.00000000e+00 0.00000000e+00 0.00000000e+00 0.00000000e+00
 0.00000000e+00 4.22184997e-16 0.00000000e+00 0.00000000e+00
 0.00000000e+00 0.00000000e+00 0.00000000e+00 0.00000000e+00
 0.00000000e+00 0.00000000e+00 0.00000000e+00 0.00000000e+00
 0.00000000e+00 0.00000000e+00 0.00000000e+00 0.00000000e+00
 0.00000000e+00]
Precision cutoff reached.
Calculating energies for FreeWilson2D(N_x=2, N_y=2, mass=-5.510, r=1.000)
h_im: 0.0
New op index: 10	$R_Y$[3]
Current grad: 16.040816326530596
[ 3.14159265 -1.57079633  3.14159265  3.14159265  1.57079633  3.14159265
  3.14159265 -1.57079633  3.14159265  3.14159265  1.29326472  0.
  3.14159265  1.29326472  0.          3.14159265 -1.57079633  3.14159265
  3.14159265  1.57079633  3.14159265  3.14159265 -1.57079633  3.14159265
  3.14159265  3.14159265  3.14159265  3.14159265  3.14159265  3.14159265
  3.14159265  0.          0.          3.14159265  3.14159265  3.14159265
  3.14159265  0.          0.          3.14159265  3.14159265  3.14159265
  3.14159265  3.14159265  3.14159265] 
 [0.         1.75510204 0.         0.         2.25510204 0.
 0.         2.25510204 0.         0.         2.32493375 1.
 0.         2.32493375 1.         0.         2.25510204 0.
 0.         2.25510204 0.         0.         1.75510204 0.
 0.         0.         0.         0.         0.         0.
 0.         1.         1.         0.         0.         0.
 0.         1.         1.         0.         0.         0.
 0.         0.         0.        ]
sweep    1  f = 198.1750663  (Delta f = 0)
New op index: 16	$R_Y$[5]
Current grad: 337.24437559212294
[ 3.14159265 -1.57079633  3.14159265  3.14159265 -1.57079633  3.14159265
  3.14159265 -1.57079633  0.          3.14159265 -3.14159265  3.14159265
  0.         -1.57378408  3.14159265  0.         -1.57079633  0.
  3.14159265 -1.57079633  3.14159265  3.14159265 -1.57079633  3.14159265
  3.14159265  3.14159265  3.14159265  3.14159265  0.          0.
  3.14159265  3.14159265  3.14159265  3.14159265  3.14159265  3.14159265
  0.          3.14159265  3.14159265  0.          0.          3.14159265
  3.14159265  3.14159265  3.14159265] 
 [0.00000000e+00 4.98418352e+01 0.00000000e+00 0.00000000e+00
 4.58316311e+01 0.00000000e+00 0.00000000e+00 4.97048439e+01
 2.25514052e-17 0.00000000e+00 0.00000000e+00 0.00000000e+00
 6.76896181e-16 4.57139772e+01 0.00000000e+00 3.40823600e-15
 5.03418352e+01 1.90819582e-17 0.00000000e+00 4.58316311e+01
 0.00000000e+00 0.00000000e+00 4.98418352e+01 0.00000000e+00
 0.00000000e+00 0.00000000e+00 0.00000000e+00 0.00000000e+00
 2.25514052e-17 2.25514052e-17 0.00000000e+00 0.00000000e+00
 0.00000000e+00 0.00000000e+00 0.00000000e+00 0.00000000e+00
 2.89511187e-15 0.00000000e+00 0.00000000e+00 1.56125113e-15
 1.55604696e-15 0.00000000e+00 0.00000000e+00 0.00000000e+00
 0.00000000e+00]
sweep    1  f = 145.9873808  (Delta f = 1.85)
sweep    2  f = 145.9873808  (Delta f = 0)
New op index: 4	$R_Y$[1]
Current grad: 11.025785685481646
[ 3.14159265 -1.57079633  3.14159265  3.14159265  1.57079633  3.14159265
  3.14159265 -1.57079633  0.          3.14159265 -3.14159261  3.14159265
  3.14159265  1.85051889  3.14159265  3.14159265  3.14159263  3.14159265
  0.          1.84797808  3.14159265  0.         -1.57079633  3.14159265
  3.14159265  3.14159265  3.14159265  3.14159265  0.          0.
  3.14159265  3.14159265  3.14159265  3.14159265  3.14159265  3.14159265
  3.14159265  3.14159265  3.14159265  3.14159265  3.14159265  3.14159265
  0.          3.14159265  3.14159265] 
 [0.00000000e+00 1.75276887e+00 0.00000000e+00 0.00000000e+00
 2.25743522e+00 0.00000000e+00 0.00000000e+00 1.74793863e+00
 1.77083496e-26 0.00000000e+00 4.97379915e-14 0.00000000e+00
 0.00000000e+00 1.32367518e+00 0.00000000e+00 0.00000000e+00
 2.13162821e-14 0.00000000e+00 2.48910323e-14 1.32717774e+00
 0.00000000e+00 2.98620746e-15 1.75276887e+00 0.00000000e+00
 0.00000000e+00 0.00000000e+00 0.00000000e+00 0.00000000e+00
 1.77083496e-26 1.77083496e-26 0.00000000e+00 0.00000000e+00
 0.00000000e+00 0.00000000e+00 0.00000000e+00 0.00000000e+00
 0.00000000e+00 0.00000000e+00 0.00000000e+00 0.00000000e+00
 0.00000000e+00 0.00000000e+00 2.81701437e-14 0.00000000e+00
 0.00000000e+00]
sweep    1  f = 143.6648622  (Delta f = 0.0651)
sweep    2  f = 143.6648622  (Delta f = 0)
New op index: 22	$R_Y$[7]
Current grad: 242.18890494362125
[ 3.14159265 -1.58082772  3.14159265  3.14159265  3.14159256  3.14159265
  3.14159265 -1.58082772  3.14159265  3.14159265  3.14159075  3.14159265
  3.14159265 -1.58454395  3.14159265  3.14159265 -3.14159263  0.
  0.         -1.58158767  3.14159265  0.         -1.57079633  0.
  3.14159265  3.14159265  3.14159265  3.14159265  3.14159265  3.14159265
  3.14159265  3.14159265  3.14159265  3.14159265  3.14159265  3.14159265
  3.14159265  3.14159265  3.14159265  3.14159265  3.14159265  3.14159265
  0.          3.14159265  3.14159265] 
 [0.00000000e+00 4.93443692e+01 0.00000000e+00 0.00000000e+00
 1.86517468e-14 0.00000000e+00 0.00000000e+00 4.93443691e+01
 0.00000000e+00 0.00000000e+00 3.30890870e-12 0.00000000e+00
 0.00000000e+00 4.56990455e+01 0.00000000e+00 0.00000000e+00
 2.84217094e-14 2.06795153e-25 2.56169448e-14 4.58343551e+01
 0.00000000e+00 6.75791622e-15 4.98418613e+01 4.13590306e-25
 0.00000000e+00 0.00000000e+00 0.00000000e+00 0.00000000e+00
 0.00000000e+00 0.00000000e+00 0.00000000e+00 0.00000000e+00
 0.00000000e+00 0.00000000e+00 0.00000000e+00 0.00000000e+00
 0.00000000e+00 0.00000000e+00 0.00000000e+00 0.00000000e+00
 0.00000000e+00 0.00000000e+00 3.56708356e-14 0.00000000e+00
 0.00000000e+00]
sweep    1  f = 91.97717667  (Delta f = 1.85)
sweep    2  f = 91.97717667  (Delta f = 1.99e-13)
New op index: 19	$R_Y$[6]
Current grad: 7.020419283510331
[ 3.14159265 -1.84867865  3.14159265  3.14159265  3.14159255  3.14159265
  3.14159265 -1.84867865  3.14159265  3.14159265  3.14159264  3.14159265
  3.14159265  1.85051887  3.14159265  3.14159265 -3.14159265  3.14159265
  0.          1.84797808  3.14159265  3.14159265  3.14159256  0.
  3.14159265  3.14159265  3.14159265  3.14159265  3.14159265  3.14159265
  3.14159265  3.14159265  3.14159265  3.14159265  3.14159265  3.14159265
  3.14159265  3.14159265  3.14159265  3.14159265  3.14159265  3.14159265
  3.14159265  3.14159265  3.14159265] 
 [0.00000000e+00 1.32268999e+00 0.00000000e+00 0.00000000e+00
 2.98427949e-13 0.00000000e+00 0.00000000e+00 1.32268999e+00
 0.00000000e+00 0.00000000e+00 7.10542736e-15 0.00000000e+00
 0.00000000e+00 1.32367519e+00 0.00000000e+00 0.00000000e+00
 0.00000000e+00 0.00000000e+00 4.55017159e-15 1.32717772e+00
 0.00000000e+00 0.00000000e+00 2.06057393e-13 4.78217433e-32
 0.00000000e+00 0.00000000e+00 0.00000000e+00 0.00000000e+00
 0.00000000e+00 0.00000000e+00 0.00000000e+00 0.00000000e+00
 0.00000000e+00 0.00000000e+00 0.00000000e+00 0.00000000e+00
 0.00000000e+00 0.00000000e+00 0.00000000e+00 0.00000000e+00
 0.00000000e+00 0.00000000e+00 0.00000000e+00 0.00000000e+00
 0.00000000e+00]
sweep    1  f = 90.61496786  (Delta f = 0.035)
sweep    2  f = 90.61496786  (Delta f = 0)
New op index: 1	$R_Y$[0]
Current grad: 146.4878651143929
[ 3.14159265 -1.58079612  3.14159265  3.14159265  3.14159208  3.14159265
  3.14159265 -1.58079612  3.14159265  3.14159265  3.14159148  3.14159265
  0.         -1.57480941  3.14159265  3.14159265 -3.14159264  0.
  3.14159265  3.14159002  3.14159265  3.14159265  3.14159264  0.
  3.14159265  3.14159265  3.14159265  3.14159265  3.14159265  3.14159265
  3.14159265  3.14159265  3.14159265  3.14159265  3.14159265  3.14159265
  3.14159265  3.14159265  3.14159265  3.14159265  3.14159265  3.14159265
  3.14159265  3.14159265  3.14159265] 
 [0.00000000e+00 4.95018512e+01 0.00000000e+00 0.00000000e+00
 6.57252031e-13 0.00000000e+00 0.00000000e+00 4.95018511e+01
 0.00000000e+00 0.00000000e+00 1.85007565e-12 0.00000000e+00
 5.07174841e-15 4.63029558e+01 0.00000000e+00 0.00000000e+00
 1.42108547e-14 2.20438266e-16 0.00000000e+00 9.32676159e-12
 0.00000000e+00 0.00000000e+00 1.42108547e-14 2.20438266e-16
 0.00000000e+00 0.00000000e+00 0.00000000e+00 0.00000000e+00
 0.00000000e+00 0.00000000e+00 0.00000000e+00 0.00000000e+00
 0.00000000e+00 0.00000000e+00 0.00000000e+00 0.00000000e+00
 0.00000000e+00 0.00000000e+00 0.00000000e+00 0.00000000e+00
 0.00000000e+00 0.00000000e+00 0.00000000e+00 0.00000000e+00
 0.00000000e+00]
sweep    1  f = 39.46214215  (Delta f = 1.65)
sweep    2  f = 39.46214215  (Delta f = 1.29e-12)
New op index: 7	$R_Y$[2]
Current grad: 3.510234996794451
[ 3.14159265 -3.14159258  3.14159265  3.14159265 -3.14159254  3.14159265
  3.14159265 -1.57355235  3.14159265  3.14159265 -3.14159259  3.14159265
  0.          1.57629323  3.14159265  3.14159265  3.14159264  3.14159265
  3.14159265  3.1415925   3.14159265  3.14159265  3.14159247  3.14159265
  3.14159265  3.14159265  3.14159265  3.14159265  3.14159265  3.14159265
  3.14159265  3.14159265  3.14159265  3.14159265  3.14159265  3.14159265
  3.14159265  3.14159265  3.14159265  3.14159265  3.14159265  3.14159265
  3.14159265  3.14159265  3.14159265] 
 [0.00000000e+00 1.27897692e-13 0.00000000e+00 0.00000000e+00
 3.12638804e-13 0.00000000e+00 0.00000000e+00 1.74794521e+00
 0.00000000e+00 0.00000000e+00 1.06581410e-13 0.00000000e+00
 3.33821289e-15 1.74780085e+00 0.00000000e+00 0.00000000e+00
 7.10542736e-15 0.00000000e+00 0.00000000e+00 6.18172180e-13
 0.00000000e+00 0.00000000e+00 8.59756710e-13 0.00000000e+00
 0.00000000e+00 0.00000000e+00 0.00000000e+00 0.00000000e+00
 0.00000000e+00 0.00000000e+00 0.00000000e+00 0.00000000e+00
 0.00000000e+00 0.00000000e+00 0.00000000e+00 0.00000000e+00
 0.00000000e+00 0.00000000e+00 0.00000000e+00 0.00000000e+00
 0.00000000e+00 0.00000000e+00 0.00000000e+00 0.00000000e+00
 0.00000000e+00]
sweep    1  f = 37.71182933  (Delta f = 0.00237)
sweep    2  f = 37.71182883  (Delta f = 4.95e-07)
sweep    3  f = 37.71182883  (Delta f = 1.88e-10)
New op index: 13	$R_Y$[4]
Current grad: 51.75653534191962
[ 3.14159265 -3.14154049  3.14159265  3.14159265 -3.14159222  3.14159265
  3.14159265 -3.14159265  3.14159265  3.14159265  3.14159244  3.14159265
  3.14159265  1.57089126  3.14159265  3.14159265  3.14159246  3.14159265
  3.14159265 -3.1415921   3.14159265  3.14159265 -3.14158514  3.14159265
  3.14159265  3.14159265  3.14159265  3.14159265  3.14159265  3.14159265
  3.14159265  3.14159265  3.14159265  3.14159265  3.14159265  3.14159265
  3.14159265  3.14159265  3.14159265  3.14159265  3.14159265  3.14159265
  3.14159265  3.14159265  3.14159265] 
 [0.00000000e+00 2.38617370e-09 0.00000000e+00 0.00000000e+00
 9.47864010e-12 0.00000000e+00 0.00000000e+00 0.00000000e+00
 0.00000000e+00 0.00000000e+00 2.24531505e-12 0.00000000e+00
 0.00000000e+00 5.17513960e+01 0.00000000e+00 0.00000000e+00
 3.39728246e-14 0.00000000e+00 0.00000000e+00 1.53903557e-11
 0.00000000e+00 0.00000000e+00 4.95625763e-11 0.00000000e+00
 0.00000000e+00 0.00000000e+00 0.00000000e+00 0.00000000e+00
 0.00000000e+00 0.00000000e+00 0.00000000e+00 0.00000000e+00
 0.00000000e+00 0.00000000e+00 0.00000000e+00 0.00000000e+00
 0.00000000e+00 0.00000000e+00 0.00000000e+00 0.00000000e+00
 0.00000000e+00 0.00000000e+00 0.00000000e+00 0.00000000e+00
 0.00000000e+00]
sweep    1  f = -14.04081633  (Delta f = 0.00125)
sweep    2  f = -14.04081633  (Delta f = 4.57e-11)
New op index: 22	$R_Y$[7]
Current grad: 1.3098322359733864e-05
[ 3.14159265  3.14159262  0.          3.14159265 -3.14159259  3.14159265
  3.14159265 -3.14159264  0.          3.14159265 -3.14159265  3.14159265
  3.14159265  3.14159264  3.14159265  3.14159265 -3.14159265  3.14159265
  3.14159265 -3.14159265  0.          3.14159265 -3.14159255  0.
  3.14159265  3.14159265  0.          3.14159265  3.14159265  0.
  3.14159265  3.14159265  3.14159265  3.14159265  3.14159265  3.14159265
  3.14159265  3.14159265  3.14159265  3.14159265  3.14159265  3.14159265
  3.14159265  3.14159265  0.        ] 
 [0.00000000e+00 2.84217094e-14 3.79890045e-15 0.00000000e+00
 9.94759830e-14 0.00000000e+00 0.00000000e+00 7.10542736e-15
 4.44269356e-16 0.00000000e+00 0.00000000e+00 0.00000000e+00
 0.00000000e+00 7.10542736e-15 0.00000000e+00 0.00000000e+00
 0.00000000e+00 0.00000000e+00 0.00000000e+00 0.00000000e+00
 4.64788226e-16 0.00000000e+00 2.84217094e-13 2.54706245e-15
 0.00000000e+00 0.00000000e+00 3.66966210e-15 0.00000000e+00
 0.00000000e+00 3.15031007e-16 0.00000000e+00 0.00000000e+00
 0.00000000e+00 0.00000000e+00 0.00000000e+00 0.00000000e+00
 0.00000000e+00 0.00000000e+00 0.00000000e+00 0.00000000e+00
 0.00000000e+00 0.00000000e+00 0.00000000e+00 0.00000000e+00
 3.01185068e-15]
Precision cutoff reached.
Calculating energies for FreeWilson2D(N_x=2, N_y=2, mass=-5.347, r=1.000)
h_im: 0.0
New op index: 10	$R_Y$[3]
Current grad: 15.387755102040801
[ 3.14159265 -1.57079633  3.14159265  3.14159265  1.57079633  3.14159265
  3.14159265 -1.57079633  3.14159265  3.14159265  1.28045873  0.
  3.14159265  1.28045873  0.          3.14159265 -1.57079633  3.14159265
  3.14159265  1.57079633  3.14159265  3.14159265 -1.57079633  3.14159265
  3.14159265  3.14159265  3.14159265  3.14159265  3.14159265  3.14159265
  3.14159265  0.          0.          3.14159265  3.14159265  3.14159265
  3.14159265  0.          0.          3.14159265  3.14159265  3.14159265
  3.14159265  3.14159265  3.14159265] 
 [0.         1.67346939 0.         0.         2.17346939 0.
 0.         2.17346939 0.         0.         2.246568   1.
 0.         2.246568   1.         0.         2.17346939 0.
 0.         2.17346939 0.         0.         1.67346939 0.
 0.         0.         0.         0.         0.         0.
 0.         1.         1.         0.         0.         0.
 0.         1.         1.         0.         0.         0.
 0.         0.         0.        ]
sweep    1  f = 198.253432  (Delta f = -2.84e-13)
New op index: 16	$R_Y$[5]
Current grad: 335.9028070157675
[ 3.14159265 -1.57079633  3.14159265  3.14159265 -1.57079633  3.14159265
  3.14159265 -1.57079633  3.14159265  3.14159265  3.14159265  3.14159265
  0.         -1.57392468  3.14159265  3.14159265 -1.57079633  3.14159265
  0.         -1.57079633  3.14159265  0.         -1.57079633  0.
  3.14159265  3.14159265  3.14159265  3.14159265  3.14159265  3.14159265
  3.14159265  3.14159265  3.14159265  3.14159265  3.14159265  3.14159265
  0.          3.14159265  3.14159265  3.14159265  3.14159265  3.14159265
  0.          0.          3.14159265] 
 [0.00000000e+00 4.95808335e+01 0.00000000e+00 0.00000000e+00
 4.57338948e+01 0.00000000e+00 0.00000000e+00 4.94376957e+01
 0.00000000e+00 0.00000000e+00 0.00000000e+00 0.00000000e+00
 1.53958479e-15 4.56119072e+01 0.00000000e+00 0.00000000e+00
 5.00808335e+01 0.00000000e+00 1.80428943e-16 4.57338948e+01
 0.00000000e+00 1.71719923e-16 4.95808335e+01 5.20417043e-18
 0.00000000e+00 0.00000000e+00 0.00000000e+00 0.00000000e+00
 0.00000000e+00 0.00000000e+00 0.00000000e+00 0.00000000e+00
 0.00000000e+00 0.00000000e+00 0.00000000e+00 0.00000000e+00
 1.20979261e-15 0.00000000e+00 0.00000000e+00 0.00000000e+00
 0.00000000e+00 0.00000000e+00 8.67361738e-17 3.12250226e-17
 0.00000000e+00]
sweep    1  f = 146.1506422  (Delta f = 2.02)
sweep    2  f = 146.1506422  (Delta f = 0)
New op index: 4	$R_Y$[1]
Current grad: 10.535978885785964
[ 3.14159265 -1.57079633  3.14159265  3.14159265  1.57079633  3.14159265
  3.14159265 -1.57079633  0.          3.14159265  3.14159265  3.14159265
  0.          1.86339957  3.14159265  3.14159265 -3.14159265  3.14159265
  3.14159265  1.86075079  3.14159265  0.         -1.57079633  3.14159265
  3.14159265  3.14159265  3.14159265  3.14159265  0.          0.
  3.14159265  3.14159265  3.14159265  3.14159265  3.14159265  3.14159265
  3.14159265  3.14159265  3.14159265  3.14159265  3.14159265  3.14159265
  0.          3.14159265  3.14159265] 
 [0.00000000e+00 1.67112886e+00 0.00000000e+00 0.00000000e+00
 2.17580991e+00 0.00000000e+00 0.00000000e+00 1.66629102e+00
 1.26488916e-28 0.00000000e+00 0.00000000e+00 0.00000000e+00
 8.39894724e-16 1.24536218e+00 0.00000000e+00 0.00000000e+00
 0.00000000e+00 0.00000000e+00 0.00000000e+00 1.24881070e+00
 0.00000000e+00 9.09993781e-15 1.67112886e+00 0.00000000e+00
 0.00000000e+00 0.00000000e+00 0.00000000e+00 0.00000000e+00
 1.26488916e-28 1.26488916e-28 0.00000000e+00 0.00000000e+00
 0.00000000e+00 0.00000000e+00 0.00000000e+00 0.00000000e+00
 0.00000000e+00 0.00000000e+00 0.00000000e+00 0.00000000e+00
 0.00000000e+00 0.00000000e+00 1.45682087e-15 0.00000000e+00
 0.00000000e+00]
sweep    1  f = 143.9064932  (Delta f = 0.0683)
sweep    2  f = 143.9064932  (Delta f = 0)
New op index: 22	$R_Y$[7]
Current grad: 241.21031394850561
[ 3.14159265 -1.58088053  3.14159265  3.14159265 -3.14159265  3.14159265
  3.14159265 -1.58088053  3.14159265  3.14159265  3.14159245  3.14159265
  0.         -1.58470595  3.14159265  3.14159265 -3.14159257  3.14159265
  0.         -1.58161048  3.14159265  0.         -1.57079633  3.14159265
  3.14159265  3.14159265  3.14159265  3.14159265  3.14159265  3.14159265
  3.14159265  3.14159265  3.14159265  3.14159265  3.14159265  3.14159265
  3.14159265  3.14159265  3.14159265  3.14159265  3.14159265  3.14159265
  0.          3.14159265  3.14159265] 
 [0.00000000e+00 4.90833576e+01 0.00000000e+00 0.00000000e+00
 0.00000000e+00 0.00000000e+00 0.00000000e+00 4.90833576e+01
 0.00000000e+00 0.00000000e+00 3.75255382e-14 0.00000000e+00
 3.53793312e-15 4.55952329e+01 0.00000000e+00 0.00000000e+00
 3.69482223e-13 0.00000000e+00 6.12769826e-15 4.57366013e+01
 0.00000000e+00 3.45040040e-15 4.95808365e+01 0.00000000e+00
 0.00000000e+00 0.00000000e+00 0.00000000e+00 0.00000000e+00
 0.00000000e+00 0.00000000e+00 0.00000000e+00 0.00000000e+00
 0.00000000e+00 0.00000000e+00 0.00000000e+00 0.00000000e+00
 0.00000000e+00 0.00000000e+00 0.00000000e+00 0.00000000e+00
 0.00000000e+00 0.00000000e+00 1.13995583e-14 0.00000000e+00
 0.00000000e+00]
sweep    1  f = 92.30370347  (Delta f = 2.02)
sweep    2  f = 92.30370347  (Delta f = 0)
New op index: 19	$R_Y$[6]
Current grad: 6.693896722662024
[ 3.14159265 -1.86151806  3.14159265  3.14159265 -3.14159255  3.14159265
  3.14159265 -1.86151806  3.14159265  3.14159265 -3.14159258  3.14159265
  3.14159265  1.86339958  3.14159265  3.14159265 -3.14159252  3.14159265
  3.14159265  1.86075078  3.14159265  3.14159265 -3.1415926   3.14159265
  3.14159265  3.14159265  3.14159265  3.14159265  3.14159265  3.14159265
  3.14159265  3.14159265  3.14159265  3.14159265  3.14159265  3.14159265
  3.14159265  3.14159265  3.14159265  3.14159265  3.14159265  3.14159265
  3.14159265  3.14159265  3.14159265] 
 [0.00000000e+00 1.24432553e+00 0.00000000e+00 0.00000000e+00
 3.05533376e-13 0.00000000e+00 0.00000000e+00 1.24432553e+00
 0.00000000e+00 0.00000000e+00 1.42108547e-13 0.00000000e+00
 0.00000000e+00 1.24536225e+00 0.00000000e+00 0.00000000e+00
 4.40536496e-13 0.00000000e+00 0.00000000e+00 1.24881074e+00
 0.00000000e+00 0.00000000e+00 7.10542736e-14 0.00000000e+00
 0.00000000e+00 0.00000000e+00 0.00000000e+00 0.00000000e+00
 0.00000000e+00 0.00000000e+00 0.00000000e+00 0.00000000e+00
 0.00000000e+00 0.00000000e+00 0.00000000e+00 0.00000000e+00
 0.00000000e+00 0.00000000e+00 0.00000000e+00 0.00000000e+00
 0.00000000e+00 0.00000000e+00 0.00000000e+00 0.00000000e+00
 0.00000000e+00]
sweep    1  f = 91.02021156  (Delta f = 0.0347)
sweep    2  f = 91.02021156  (Delta f = 6.11e-12)
New op index: 1	$R_Y$[0]
Current grad: 146.21038089251357
[ 3.14159265 -1.58082559  3.14159265  3.14159265  3.14158986  3.14159265
  3.14159265 -1.58082559  3.14159265  3.14159265  3.14158812  3.14159265
  0.         -1.57488124  3.14159265  3.14159265 -3.14159251  0.
  3.14159265 -3.14159102  3.14159265  3.14159265  3.14159246  0.
  3.14159265  3.14159265  3.14159265  3.14159265  3.14159265  3.14159265
  3.14159265  3.14159265  3.14159265  3.14159265  3.14159265  3.14159265
  3.14159265  3.14159265  3.14159265  3.14159265  3.14159265  3.14159265
  3.14159265  3.14159265  3.14159265] 
 [0.00000000e+00 4.93549270e+01 0.00000000e+00 0.00000000e+00
 1.55346846e-11 0.00000000e+00 0.00000000e+00 4.93549268e+01
 0.00000000e+00 0.00000000e+00 2.70730105e-11 0.00000000e+00
 1.40298305e-15 4.63158968e+01 0.00000000e+00 0.00000000e+00
 1.03739239e-12 2.68529471e-14 0.00000000e+00 3.52251561e-12
 0.00000000e+00 0.00000000e+00 1.86162197e-12 2.68529471e-14
 0.00000000e+00 0.00000000e+00 0.00000000e+00 0.00000000e+00
 0.00000000e+00 0.00000000e+00 0.00000000e+00 0.00000000e+00
 0.00000000e+00 0.00000000e+00 0.00000000e+00 0.00000000e+00
 0.00000000e+00 0.00000000e+00 0.00000000e+00 0.00000000e+00
 0.00000000e+00 0.00000000e+00 0.00000000e+00 0.00000000e+00
 0.00000000e+00]
sweep    1  f = 39.95192662  (Delta f = 1.71)
sweep    2  f = 39.95192662  (Delta f = -1.42e-14)
New op index: 7	$R_Y$[2]
Current grad: 3.3469561550380216
[ 3.14159265 -3.14159249  3.14159265  3.14159265 -3.14159261  3.14159265
  3.14159265 -1.57369159  3.14159265  3.14159265 -3.14159261  3.14159265
  0.          1.57657002  3.14159265  3.14159265 -3.14159257  3.14159265
  3.14159265  3.14159265  3.14159265  3.14159265  3.14159265  3.14159265
  3.14159265  3.14159265  3.14159265  3.14159265  3.14159265  3.14159265
  3.14159265  3.14159265  3.14159265  3.14159265  3.14159265  3.14159265
  3.14159265  3.14159265  3.14159265  3.14159265  3.14159265  3.14159265
  3.14159265  3.14159265  3.14159265] 
 [0.00000000e+00 7.24753590e-13 0.00000000e+00 0.00000000e+00
 3.55271368e-14 0.00000000e+00 0.00000000e+00 1.66629798e+00
 0.00000000e+00 0.00000000e+00 3.55271368e-14 0.00000000e+00
 2.47211839e-15 1.66616169e+00 0.00000000e+00 0.00000000e+00
 1.70530257e-13 0.00000000e+00 0.00000000e+00 0.00000000e+00
 0.00000000e+00 0.00000000e+00 0.00000000e+00 0.00000000e+00
 0.00000000e+00 0.00000000e+00 0.00000000e+00 0.00000000e+00
 0.00000000e+00 0.00000000e+00 0.00000000e+00 0.00000000e+00
 0.00000000e+00 0.00000000e+00 0.00000000e+00 0.00000000e+00
 0.00000000e+00 0.00000000e+00 0.00000000e+00 0.00000000e+00
 0.00000000e+00 0.00000000e+00 0.00000000e+00 0.00000000e+00
 0.00000000e+00]
sweep    1  f = 38.28325599  (Delta f = 0.00237)
sweep    2  f = 38.28325543  (Delta f = 5.58e-07)
sweep    3  f = 38.28325543  (Delta f = 4.09e-09)
New op index: 13	$R_Y$[4]
Current grad: 51.6752923448294
[ 3.14159265 -3.14158998  3.14159265  3.14159265  3.14159151  3.14159265
  3.14159265  3.14159265  3.14159265  3.14159265 -3.14158864  3.14159265
  0.          1.57089153  3.14159265  3.14159265 -3.14158424  3.14159265
  3.14159265 -3.14159198  3.14159265  3.14159265  3.14159177  3.14159265
  3.14159265  3.14159265  3.14159265  3.14159265  3.14159265  3.14159265
  3.14159265  3.14159265  3.14159265  3.14159265  3.14159265  3.14159265
  3.14159265  3.14159265  3.14159265  3.14159265  3.14159265  3.14159265
  3.14159265  3.14159265  3.14159265] 
 [0.00000000e+00 5.97855099e-12 0.00000000e+00 0.00000000e+00
 6.60804744e-11 0.00000000e+00 0.00000000e+00 0.00000000e+00
 0.00000000e+00 0.00000000e+00 8.18744184e-10 0.00000000e+00
 8.06218136e-15 5.16697604e+01 0.00000000e+00 0.00000000e+00
 5.92066396e-11 0.00000000e+00 0.00000000e+00 2.33484343e-11
 0.00000000e+00 0.00000000e+00 6.47260023e-13 0.00000000e+00
 0.00000000e+00 0.00000000e+00 0.00000000e+00 0.00000000e+00
 0.00000000e+00 0.00000000e+00 0.00000000e+00 0.00000000e+00
 0.00000000e+00 0.00000000e+00 0.00000000e+00 0.00000000e+00
 0.00000000e+00 0.00000000e+00 0.00000000e+00 0.00000000e+00
 0.00000000e+00 0.00000000e+00 0.00000000e+00 0.00000000e+00
 0.00000000e+00]
sweep    1  f = -13.3877551  (Delta f = 0.00125)
sweep    2  f = -13.3877551  (Delta f = 4.25e-11)
New op index: 19	$R_Y$[6]
Current grad: 1.241497218656378e-05
[ 3.14159265 -3.14159264  0.          3.14159265  3.14159262  0.
  3.14159265  3.14159265  3.14159265  3.14159265 -3.14159264  0.
  3.14159265 -3.14159264  0.          3.14159265  3.14159263  3.14159265
  3.14159265  3.14159257  0.          3.14159265  3.14159261  3.14159265
  3.14159265  3.14159265  0.          3.14159265  3.14159265  0.
  3.14159265  3.14159265  0.          3.14159265  3.14159265  0.
  3.14159265  3.14159265  0.          3.14159265  3.14159265  0.
  3.14159265  3.14159265  0.        ] 
 [0.00000000e+00 0.00000000e+00 5.99654660e-16 0.00000000e+00
 3.55271368e-14 3.79020784e-15 0.00000000e+00 0.00000000e+00
 0.00000000e+00 0.00000000e+00 7.10542736e-15 6.83579736e-16
 0.00000000e+00 7.10542736e-15 1.45634477e-15 0.00000000e+00
 2.13162821e-14 0.00000000e+00 0.00000000e+00 1.98951966e-13
 4.56297287e-15 0.00000000e+00 4.26325641e-14 0.00000000e+00
 0.00000000e+00 0.00000000e+00 4.38986250e-15 0.00000000e+00
 0.00000000e+00 3.77326347e-15 0.00000000e+00 0.00000000e+00
 6.66635370e-16 0.00000000e+00 0.00000000e+00 1.76042664e-15
 0.00000000e+00 0.00000000e+00 2.65564959e-16 0.00000000e+00
 0.00000000e+00 3.37219306e-15 0.00000000e+00 0.00000000e+00
 3.98879209e-15]
Precision cutoff reached.
Calculating energies for FreeWilson2D(N_x=2, N_y=2, mass=-5.184, r=1.000)
h_im: 0.0
New op index: 10	$R_Y$[3]
Current grad: 14.734693877551006
[ 3.14159265 -1.57079633  3.14159265  3.14159265  1.57079633  3.14159265
  3.14159265 -1.57079633  3.14159265  3.14159265  1.26645214  0.
  3.14159265  1.26645214  0.          3.14159265 -1.57079633  3.14159265
  3.14159265  1.57079633  3.14159265  3.14159265 -1.57079633  3.14159265
  3.14159265  3.14159265  3.14159265  3.14159265  3.14159265  3.14159265
  3.14159265  0.          0.          3.14159265  3.14159265  3.14159265
  3.14159265  0.          0.          3.14159265  3.14159265  3.14159265
  3.14159265  3.14159265  3.14159265] 
 [0.         1.59183673 0.         0.         2.09183673 0.
 0.         2.09183673 0.         0.         2.16851556 1.
 0.         2.16851556 1.         0.         2.09183673 0.
 0.         2.09183673 0.         0.         1.59183673 0.
 0.         0.         0.         0.         0.         0.
 0.         1.         1.         0.         0.         0.
 0.         1.         1.         0.         0.         0.
 0.         0.         0.        ]
sweep    1  f = 198.3314844  (Delta f = 0)
New op index: 16	$R_Y$[5]
Current grad: 334.38027018605186
[ 3.14159265 -1.57079633  3.14159265  3.14159265 -1.57079633  3.14159265
  3.14159265 -1.57079633  0.          3.14159265 -3.14159265  3.14159265
  3.14159265 -1.57407974  3.14159265  3.14159265 -1.57079633  0.
  3.14159265 -1.57079633  0.          3.14159265 -1.57079633  0.
  3.14159265  3.14159265  3.14159265  3.14159265  0.          0.
  3.14159265  3.14159265  3.14159265  3.14159265  3.14159265  0.
  3.14159265  3.14159265  3.14159265  3.14159265  3.14159265  0.
  3.14159265  3.14159265  0.        ] 
 [0.00000000e+00 4.92940209e+01 0.00000000e+00 0.00000000e+00
 4.56103474e+01 0.00000000e+00 0.00000000e+00 4.91441871e+01
 5.42101086e-17 0.00000000e+00 0.00000000e+00 0.00000000e+00
 0.00000000e+00 4.54837378e+01 0.00000000e+00 0.00000000e+00
 4.97940209e+01 5.68121938e-17 0.00000000e+00 4.56103474e+01
 3.90312782e-17 0.00000000e+00 4.92940209e+01 2.60208521e-18
 0.00000000e+00 0.00000000e+00 0.00000000e+00 0.00000000e+00
 5.42101086e-17 5.42101086e-17 0.00000000e+00 0.00000000e+00
 0.00000000e+00 0.00000000e+00 0.00000000e+00 3.90312782e-17
 0.00000000e+00 0.00000000e+00 0.00000000e+00 0.00000000e+00
 0.00000000e+00 9.58434720e-17 0.00000000e+00 0.00000000e+00
 4.16333634e-17]
sweep    1  f = 146.3139037  (Delta f = 2.22)
sweep    2  f = 146.3139037  (Delta f = 5.12e-13)
New op index: 4	$R_Y$[1]
Current grad: 10.046178100006525
[ 3.14159265 -1.57079633  3.14159265  3.14159265  1.57079633  3.14159265
  3.14159265 -1.57079633  0.          3.14159265 -3.14159263  3.14159265
  3.14159265  1.87748425  3.14159265  3.14159265 -3.14159262  0.
  3.14159265  1.87471938  3.14159265  0.         -1.57079633  0.
  3.14159265  3.14159265  3.14159265  3.14159265  0.          0.
  3.14159265  3.14159265  3.14159265  3.14159265  3.14159265  3.14159265
  3.14159265  3.14159265  3.14159265  3.14159265  3.14159265  3.14159265
  0.          3.14159265  3.14159265] 
 [0.00000000e+00 1.58948878e+00 0.00000000e+00 0.00000000e+00
 2.09418469e+00 0.00000000e+00 0.00000000e+00 1.58464327e+00
 1.19920742e-24 0.00000000e+00 1.42108547e-14 0.00000000e+00
 0.00000000e+00 1.16736676e+00 0.00000000e+00 0.00000000e+00
 3.55271368e-14 2.10951503e-24 0.00000000e+00 1.17075578e+00
 0.00000000e+00 2.03025699e-14 1.58948878e+00 9.10307619e-25
 0.00000000e+00 0.00000000e+00 0.00000000e+00 0.00000000e+00
 1.19920742e-24 1.19920742e-24 0.00000000e+00 0.00000000e+00
 0.00000000e+00 0.00000000e+00 0.00000000e+00 0.00000000e+00
 0.00000000e+00 0.00000000e+00 0.00000000e+00 0.00000000e+00
 0.00000000e+00 0.00000000e+00 1.82893257e-14 0.00000000e+00
 0.00000000e+00]
sweep    1  f = 144.147811  (Delta f = 0.0719)
sweep    2  f = 144.147811  (Delta f = 3.35e-11)
New op index: 22	$R_Y$[7]
Current grad: 240.10272593687205
[ 3.14159265 -1.5809392   3.14159265  3.14159265  3.141592    3.14159265
  3.14159265 -1.5809392   3.14159265  3.14159265 -3.14159218  3.14159265
  3.14159265 -1.58488842  3.14159265  3.14159265  3.14159265  0.
  3.14159265 -1.58163946  3.14159265  3.14159265 -1.57079633  3.14159265
  3.14159265  3.14159265  3.14159265  3.14159265  3.14159265  3.14159265
  3.14159265  3.14159265  3.14159265  3.14159265  3.14159265  3.14159265
  3.14159265  3.14159265  3.14159265  3.14159265  3.14159265  3.14159265
  3.14159265  3.14159265  3.14159265] 
 [0.00000000e+00 4.87965496e+01 0.00000000e+00 0.00000000e+00
 9.37028233e-13 0.00000000e+00 0.00000000e+00 4.87965495e+01
 0.00000000e+00 0.00000000e+00 1.84074977e-13 0.00000000e+00
 0.00000000e+00 4.54650852e+01 0.00000000e+00 0.00000000e+00
 0.00000000e+00 2.80708265e-26 0.00000000e+00 4.56130512e+01
 0.00000000e+00 0.00000000e+00 4.92940139e+01 0.00000000e+00
 0.00000000e+00 0.00000000e+00 0.00000000e+00 0.00000000e+00
 0.00000000e+00 0.00000000e+00 0.00000000e+00 0.00000000e+00
 0.00000000e+00 0.00000000e+00 0.00000000e+00 0.00000000e+00
 0.00000000e+00 0.00000000e+00 0.00000000e+00 0.00000000e+00
 0.00000000e+00 0.00000000e+00 0.00000000e+00 0.00000000e+00
 0.00000000e+00]
sweep    1  f = 92.63023025  (Delta f = 2.22)
sweep    2  f = 92.63023025  (Delta f = 0)
New op index: 19	$R_Y$[6]
Current grad: 6.367348319395143
[ 3.14159265 -1.87556278  3.14159265  3.14159265  3.14159264  3.14159265
  3.14159265 -1.87556278  3.14159265  3.14159265  3.14159265  3.14159265
  3.14159265  1.87748425  3.14159265  3.14159265  3.14159265  0.
  0.          1.87471939  3.14159265  3.14159265 -3.14159265  0.
  3.14159265  3.14159265  3.14159265  3.14159265  3.14159265  3.14159265
  3.14159265  3.14159265  3.14159265  3.14159265  3.14159265  3.14159265
  3.14159265  3.14159265  3.14159265  3.14159265  3.14159265  3.14159265
  3.14159265  3.14159265  3.14159265] 
 [0.00000000e+00 1.16627568e+00 0.00000000e+00 0.00000000e+00
 7.10542736e-15 0.00000000e+00 0.00000000e+00 1.16627568e+00
 0.00000000e+00 0.00000000e+00 0.00000000e+00 0.00000000e+00
 0.00000000e+00 1.16736674e+00 0.00000000e+00 0.00000000e+00
 0.00000000e+00 4.66477119e-26 6.51779860e-15 1.17075575e+00
 0.00000000e+00 0.00000000e+00 0.00000000e+00 1.20484518e-41
 0.00000000e+00 0.00000000e+00 0.00000000e+00 0.00000000e+00
 0.00000000e+00 0.00000000e+00 0.00000000e+00 0.00000000e+00
 0.00000000e+00 0.00000000e+00 0.00000000e+00 0.00000000e+00
 0.00000000e+00 0.00000000e+00 0.00000000e+00 0.00000000e+00
 0.00000000e+00 0.00000000e+00 0.00000000e+00 0.00000000e+00
 0.00000000e+00]
sweep    1  f = 91.42534684  (Delta f = 0.0341)
sweep    2  f = 91.42534684  (Delta f = 3.45e-11)
New op index: 7	$R_Y$[2]
Current grad: 145.92633958698644
[ 3.14159265 -1.58085568  3.14159265  3.14159265 -3.14159065  3.14159265
  3.14159265 -1.58085568  3.14159265  3.14159265  3.14159013  3.14159265
  0.         -1.57495424  3.14159265  3.14159265 -3.14159263  0.
  3.14159265 -3.1415864   3.14159265  3.14159265  3.1415926   0.
  3.14159265  3.14159265  3.14159265  3.14159265  3.14159265  3.14159265
  3.14159265  3.14159265  3.14159265  3.14159265  3.14159265  3.14159265
  3.14159265  3.14159265  3.14159265  3.14159265  3.14159265  3.14159265
  3.14159265  3.14159265  3.14159265] 
 [0.00000000e+00 4.92058397e+01 0.00000000e+00 0.00000000e+00
 7.98339173e-12 0.00000000e+00 0.00000000e+00 4.92058399e+01
 0.00000000e+00 0.00000000e+00 8.26050339e-12 0.00000000e+00
 9.97560811e-15 4.63266275e+01 0.00000000e+00 0.00000000e+00
 4.26325641e-14 1.37680952e-15 0.00000000e+00 5.05204767e-11
 0.00000000e+00 0.00000000e+00 1.27897692e-13 1.37680952e-15
 0.00000000e+00 0.00000000e+00 0.00000000e+00 0.00000000e+00
 0.00000000e+00 0.00000000e+00 0.00000000e+00 0.00000000e+00
 0.00000000e+00 0.00000000e+00 0.00000000e+00 0.00000000e+00
 0.00000000e+00 0.00000000e+00 0.00000000e+00 0.00000000e+00
 0.00000000e+00 0.00000000e+00 0.00000000e+00 0.00000000e+00
 0.00000000e+00]
sweep    1  f = 40.44171083  (Delta f = 1.78)
sweep    2  f = 40.44171083  (Delta f = 5.4e-13)
New op index: 1	$R_Y$[0]
Current grad: 3.183690448885668
[ 3.14159265 -1.57384506  3.14159265  3.14159265 -3.14159264  3.14159265
  3.14159265  3.14159265  3.14159265  3.14159265 -3.14159257  3.14159265
  0.          1.57687549  3.14159265  3.14159265 -3.14159263  0.
  3.14159265 -3.14159251  3.14159265  3.14159265  3.1415926   0.
  3.14159265  3.14159265  3.14159265  3.14159265  3.14159265  3.14159265
  3.14159265  3.14159265  3.14159265  3.14159265  3.14159265  3.14159265
  3.14159265  3.14159265  3.14159265  3.14159265  3.14159265  3.14159265
  3.14159265  3.14159265  3.14159265] 
 [0.00000000e+00 1.58465003e+00 0.00000000e+00 0.00000000e+00
 7.10542736e-15 0.00000000e+00 0.00000000e+00 0.00000000e+00
 0.00000000e+00 0.00000000e+00 1.98951966e-13 0.00000000e+00
 8.14736319e-16 1.58452334e+00 0.00000000e+00 0.00000000e+00
 1.42108547e-14 1.11974828e-15 0.00000000e+00 5.54223334e-13
 0.00000000e+00 0.00000000e+00 6.39488462e-14 1.11974828e-15
 0.00000000e+00 0.00000000e+00 0.00000000e+00 0.00000000e+00
 0.00000000e+00 0.00000000e+00 0.00000000e+00 0.00000000e+00
 0.00000000e+00 0.00000000e+00 0.00000000e+00 0.00000000e+00
 0.00000000e+00 0.00000000e+00 0.00000000e+00 0.00000000e+00
 0.00000000e+00 0.00000000e+00 0.00000000e+00 0.00000000e+00
 0.00000000e+00]
sweep    1  f = 38.85468267  (Delta f = 0.00238)
sweep    2  f = 38.85468258  (Delta f = 8.4e-08)
sweep    3  f = 38.85468253  (Delta f = 5.71e-08)
sweep    4  f = 38.85468212  (Delta f = 4.02e-07)
sweep    5  f = 38.85468202  (Delta f = 9.96e-08)
sweep    6  f = 38.85468202  (Delta f = 1.91e-09)
New op index: 13	$R_Y$[4]
Current grad: 51.59312896688301
[ 3.14159265  3.14159265  3.14159265  3.14159265 -3.1415923   3.14159265
  3.14159265  3.14159118  3.14159265  3.14159265 -3.14159246  3.14159265
  3.14159265  1.57089172  3.14159265  3.14159265 -3.14159222  0.
  3.14159265 -3.14159245  3.14159265  3.14159265  3.14159153  0.
  3.14159265  3.14159265  3.14159265  3.14159265  3.14159265  3.14159265
  3.14159265  3.14159265  3.14159265  3.14159265  3.14159265  3.14159265
  3.14159265  3.14159265  3.14159265  3.14159265  3.14159265  3.14159265
  3.14159265  3.14159265  3.14159265] 
 [0.00000000e+00 0.00000000e+00 0.00000000e+00 0.00000000e+00
 6.32383035e-12 0.00000000e+00 0.00000000e+00 1.71596071e-12
 0.00000000e+00 0.00000000e+00 1.89004368e-12 0.00000000e+00
 0.00000000e+00 5.15881265e+01 0.00000000e+00 0.00000000e+00
 1.50768287e-13 1.00296496e-13 0.00000000e+00 2.13162821e-12
 0.00000000e+00 0.00000000e+00 1.00275344e-12 1.00296496e-13
 0.00000000e+00 0.00000000e+00 0.00000000e+00 0.00000000e+00
 0.00000000e+00 0.00000000e+00 0.00000000e+00 0.00000000e+00
 0.00000000e+00 0.00000000e+00 0.00000000e+00 0.00000000e+00
 0.00000000e+00 0.00000000e+00 0.00000000e+00 0.00000000e+00
 0.00000000e+00 0.00000000e+00 0.00000000e+00 0.00000000e+00
 0.00000000e+00]
sweep    1  f = -12.73469388  (Delta f = 0.00125)
sweep    2  f = -12.73469388  (Delta f = 4.34e-11)
New op index: 7	$R_Y$[2]
Current grad: 1.2171233341925005e-05
[ 3.14159265  3.14159264  3.14159265  3.14159265  3.14159264  0.
  3.14159265  3.14159257  0.          3.14159265  3.14159264  3.14159265
  3.14159265 -3.14159265  0.          3.14159265 -3.14159263  0.
  3.14159265  3.14159258  0.          3.14159265  3.14159264  0.
  3.14159265  3.14159265  3.14159265  3.14159265  3.14159265  0.
  3.14159265  3.14159265  0.          3.14159265  3.14159265  3.14159265
  3.14159265  3.14159265  0.          3.14159265  3.14159265  0.
  3.14159265  3.14159265  0.        ] 
 [0.00000000e+00 0.00000000e+00 0.00000000e+00 0.00000000e+00
 0.00000000e+00 7.07672556e-16 0.00000000e+00 1.84741111e-13
 8.37243470e-16 0.00000000e+00 7.10542736e-15 0.00000000e+00
 0.00000000e+00 0.00000000e+00 1.36161923e-16 0.00000000e+00
 1.42108547e-14 2.02077848e-15 0.00000000e+00 1.35003120e-13
 1.06875326e-15 0.00000000e+00 7.10542736e-15 1.71290776e-16
 0.00000000e+00 0.00000000e+00 0.00000000e+00 0.00000000e+00
 0.00000000e+00 1.54491603e-15 0.00000000e+00 0.00000000e+00
 6.12324685e-16 0.00000000e+00 0.00000000e+00 0.00000000e+00
 0.00000000e+00 0.00000000e+00 2.15694040e-15 0.00000000e+00
 0.00000000e+00 3.08953174e-15 0.00000000e+00 0.00000000e+00
 1.24004404e-15]
Precision cutoff reached.
Calculating energies for FreeWilson2D(N_x=2, N_y=2, mass=-5.020, r=1.000)
h_im: 0.0
New op index: 10	$R_Y$[3]
Current grad: 14.08163265306121
[ 3.14159265 -1.57079633  3.14159265  3.14159265  1.57079633  3.14159265
  3.14159265 -1.57079633  3.14159265  3.14159265  1.25107417  0.
  3.14159265  1.25107417  0.          3.14159265 -1.57079633  3.14159265
  3.14159265  1.57079633  3.14159265  3.14159265 -1.57079633  3.14159265
  3.14159265  3.14159265  3.14159265  3.14159265  3.14159265  3.14159265
  3.14159265  0.          0.          3.14159265  3.14159265  3.14159265
  3.14159265  0.          0.          3.14159265  3.14159265  3.14159265
  3.14159265  3.14159265  3.14159265] 
 [0.         1.51020408 0.         0.         2.01020408 0.
 0.         2.01020408 0.         0.         2.09082254 1.
 0.         2.09082254 1.         0.         2.01020408 0.
 0.         2.01020408 0.         0.         1.51020408 0.
 0.         0.         0.         0.         0.         0.
 0.         1.         1.         0.         0.         0.
 0.         1.         1.         0.         0.         0.
 0.         0.         0.        ]
sweep    1  f = 198.4091775  (Delta f = 0)
New op index: 16	$R_Y$[5]
Current grad: 332.64136454334033
[ 3.14159265 -1.57079633  3.14159265  3.14159265 -1.57079633  3.14159265
  3.14159265 -1.57079633  0.          3.14159265  3.14159265  3.14159265
  3.14159265 -1.57425161  3.14159265  0.         -1.57079633  0.
  0.         -1.57079633  3.14159265  3.14159265 -1.57079633  0.
  3.14159265  3.14159265  3.14159265  3.14159265  0.          0.
  3.14159265  3.14159265  3.14159265  3.14159265  3.14159265  3.14159265
  0.          3.14159265  3.14159265  0.          0.          0.
  0.          0.          3.14159265] 
 [0.00000000e+00 4.89763431e+01 0.00000000e+00 0.00000000e+00
 4.54559350e+01 0.00000000e+00 0.00000000e+00 4.88191917e+01
 2.60208521e-18 0.00000000e+00 0.00000000e+00 0.00000000e+00
 0.00000000e+00 4.53243937e+01 0.00000000e+00 5.24100675e-15
 4.94763431e+01 1.12757026e-17 4.02850585e-15 4.54559350e+01
 0.00000000e+00 0.00000000e+00 4.89763431e+01 8.67361738e-18
 0.00000000e+00 0.00000000e+00 0.00000000e+00 0.00000000e+00
 2.60208521e-18 2.60208521e-18 0.00000000e+00 0.00000000e+00
 0.00000000e+00 0.00000000e+00 0.00000000e+00 0.00000000e+00
 3.92569693e-15 0.00000000e+00 0.00000000e+00 8.78032057e-15
 8.83843381e-15 2.60208521e-18 2.02268757e-15 1.96717642e-15
 0.00000000e+00]
sweep    1  f = 146.4771652  (Delta f = 2.46)
sweep    2  f = 146.4771652  (Delta f = 0)
New op index: 4	$R_Y$[1]
Current grad: 9.556374933359384
[ 3.14159265 -1.57079633  3.14159265  3.14159265  1.57079633  3.14159265
  3.14159265 -1.57079633  0.          3.14159265  3.14159259  3.14159265
  3.14159265  1.89294351  3.14159265  3.14159265 -3.14159265  0.
  3.14159265  1.89005378  3.14159265  0.         -1.57079633  0.
  3.14159265  3.14159265  3.14159265  3.14159265  0.          0.
  3.14159265  3.14159265  3.14159265  3.14159265  3.14159265  3.14159265
  3.14159265  3.14159265  3.14159265  3.14159265  3.14159265  3.14159265
  0.          3.14159265  3.14159265] 
 [0.00000000e+00 1.50784872e+00 0.00000000e+00 0.00000000e+00
 2.01255944e+00 0.00000000e+00 0.00000000e+00 1.50299558e+00
 8.91097279e-27 0.00000000e+00 1.06581410e-13 0.00000000e+00
 0.00000000e+00 1.08973544e+00 0.00000000e+00 0.00000000e+00
 0.00000000e+00 4.04679333e-25 0.00000000e+00 1.09305872e+00
 0.00000000e+00 7.13822444e-15 1.50784872e+00 3.95768361e-25
 0.00000000e+00 0.00000000e+00 0.00000000e+00 0.00000000e+00
 8.91097279e-27 8.91097279e-27 0.00000000e+00 0.00000000e+00
 0.00000000e+00 0.00000000e+00 0.00000000e+00 0.00000000e+00
 0.00000000e+00 0.00000000e+00 0.00000000e+00 0.00000000e+00
 0.00000000e+00 0.00000000e+00 9.14526017e-15 0.00000000e+00
 0.00000000e+00]
sweep    1  f = 144.3887693  (Delta f = 0.0758)
sweep    2  f = 144.3887693  (Delta f = 6.05e-12)
New op index: 22	$R_Y$[7]
Current grad: 238.8407689797477
[ 3.14159265 -1.58100499  3.14159265  3.14159265  3.14159165  3.14159265
  3.14159265 -1.58100499  3.14159265  3.14159265 -3.14159088  3.14159265
  3.14159265 -1.58509498  3.14159265  3.14159265  3.14159264  3.14159265
  0.         -1.58167589  3.14159265  3.14159265 -1.57079633  3.14159265
  3.14159265  3.14159265  3.14159265  3.14159265  3.14159265  3.14159265
  3.14159265  3.14159265  3.14159265  3.14159265  3.14159265  3.14159265
  3.14159265  3.14159265  3.14159265  3.14159265  3.14159265  3.14159265
  0.          3.14159265  3.14159265] 
 [0.00000000e+00 4.84788675e+01 0.00000000e+00 0.00000000e+00
 2.30482300e-12 0.00000000e+00 0.00000000e+00 4.84788673e+01
 0.00000000e+00 0.00000000e+00 2.49067433e-12 0.00000000e+00
 0.00000000e+00 4.53034532e+01 0.00000000e+00 0.00000000e+00
 0.00000000e+00 0.00000000e+00 8.21078254e-15 4.54586271e+01
 0.00000000e+00 0.00000000e+00 4.89763153e+01 0.00000000e+00
 0.00000000e+00 0.00000000e+00 0.00000000e+00 0.00000000e+00
 0.00000000e+00 0.00000000e+00 0.00000000e+00 0.00000000e+00
 0.00000000e+00 0.00000000e+00 0.00000000e+00 0.00000000e+00
 0.00000000e+00 0.00000000e+00 0.00000000e+00 0.00000000e+00
 0.00000000e+00 0.00000000e+00 3.88955095e-15 0.00000000e+00
 0.00000000e+00]
sweep    1  f = 92.95675703  (Delta f = 2.46)
sweep    2  f = 92.95675703  (Delta f = 0)
New op index: 19	$R_Y$[6]
Current grad: 6.040825418484474
[ 3.14159265 -1.89098451  3.14159265  3.14159265  3.14159257  3.14159265
  3.14159265 -1.89098451  3.14159265  3.14159265 -3.1415926   3.14159265
  0.          1.89294353  3.14159265  3.14159265  3.14159263  3.14159265
  0.          1.89005377  3.14159265  3.14159265 -3.14159264  0.
  3.14159265  3.14159265  3.14159265  3.14159265  3.14159265  3.14159265
  3.14159265  3.14159265  3.14159265  3.14159265  3.14159265  3.14159265
  3.14159265  3.14159265  3.14159265  3.14159265  3.14159265  3.14159265
  3.14159265  3.14159265  3.14159265] 
 [0.00000000e+00 1.08858667e+00 0.00000000e+00 0.00000000e+00
 1.91846539e-13 0.00000000e+00 0.00000000e+00 1.08858667e+00
 0.00000000e+00 0.00000000e+00 7.81597009e-14 0.00000000e+00
 5.40686455e-15 1.08973544e+00 0.00000000e+00 0.00000000e+00
 2.13162821e-14 0.00000000e+00 1.61737621e-14 1.09305877e+00
 0.00000000e+00 0.00000000e+00 0.00000000e+00 1.87439627e-33
 0.00000000e+00 0.00000000e+00 0.00000000e+00 0.00000000e+00
 0.00000000e+00 0.00000000e+00 0.00000000e+00 0.00000000e+00
 0.00000000e+00 0.00000000e+00 0.00000000e+00 0.00000000e+00
 0.00000000e+00 0.00000000e+00 0.00000000e+00 0.00000000e+00
 0.00000000e+00 0.00000000e+00 0.00000000e+00 0.00000000e+00
 0.00000000e+00]
sweep    1  f = 91.83037019  (Delta f = 0.0333)
sweep    2  f = 91.83037019  (Delta f = 1.13e-11)
New op index: 1	$R_Y$[0]
Current grad: 145.63590025970646
[ 3.14159265 -1.58088638  3.14159265  3.14159265  3.14158907  3.14159265
  3.14159265 -1.58088638  3.14159265  3.14159265  3.14158468  3.14159265
  0.         -1.57502834  3.14159265  3.14159265 -3.14159255  0.
  3.14159265 -3.14159038  3.14159265  3.14159265  3.14159245  0.
  3.14159265  3.14159265  3.14159265  3.14159265  3.14159265  3.14159265
  3.14159265  3.14159265  3.14159265  3.14159265  3.14159265  3.14159265
  3.14159265  3.14159265  3.14159265  3.14159265  3.14159265  3.14159265
  3.14159265  3.14159265  3.14159265] 
 [0.00000000e+00 4.90546018e+01 0.00000000e+00 0.00000000e+00
 2.54725130e-11 0.00000000e+00 0.00000000e+00 4.90546014e+01
 0.00000000e+00 0.00000000e+00 8.07105494e-11 0.00000000e+00
 6.15616629e-16 4.63351637e+01 0.00000000e+00 0.00000000e+00
 5.40012479e-13 2.07471890e-14 0.00000000e+00 6.54054588e-12
 0.00000000e+00 0.00000000e+00 2.08899564e-12 2.07471890e-14
 0.00000000e+00 0.00000000e+00 0.00000000e+00 0.00000000e+00
 0.00000000e+00 0.00000000e+00 0.00000000e+00 0.00000000e+00
 0.00000000e+00 0.00000000e+00 0.00000000e+00 0.00000000e+00
 0.00000000e+00 0.00000000e+00 0.00000000e+00 0.00000000e+00
 0.00000000e+00 0.00000000e+00 0.00000000e+00 0.00000000e+00
 0.00000000e+00]
sweep    1  f = 40.93149546  (Delta f = 1.84)
sweep    2  f = 40.93149546  (Delta f = 0)
New op index: 7	$R_Y$[2]
Current grad: 3.0204320624874708
[ 3.14159265  3.14159256  3.14159265  3.14159265 -3.1415926   3.14159265
  3.14159265 -1.57401519  3.14159265  3.14159265 -3.14159259  3.14159265
  3.14159265  1.5772134   3.14159265  3.14159265 -3.14159258  0.
  3.14159265 -3.14159254  3.14159265  3.14159265  3.14159259  0.
  3.14159265  3.14159265  3.14159265  3.14159265  3.14159265  3.14159265
  3.14159265  3.14159265  3.14159265  3.14159265  3.14159265  3.14159265
  3.14159265  3.14159265  3.14159265  3.14159265  3.14159265  3.14159265
  3.14159265  3.14159265  3.14159265] 
 [0.00000000e+00 2.20268248e-13 0.00000000e+00 0.00000000e+00
 7.10542736e-14 0.00000000e+00 0.00000000e+00 1.50300334e+00
 0.00000000e+00 0.00000000e+00 9.94759830e-14 0.00000000e+00
 0.00000000e+00 1.50288391e+00 0.00000000e+00 0.00000000e+00
 1.49213975e-13 5.01116895e-15 0.00000000e+00 3.26849658e-13
 0.00000000e+00 0.00000000e+00 1.13686838e-13 5.01116896e-15
 0.00000000e+00 0.00000000e+00 0.00000000e+00 0.00000000e+00
 0.00000000e+00 0.00000000e+00 0.00000000e+00 0.00000000e+00
 0.00000000e+00 0.00000000e+00 0.00000000e+00 0.00000000e+00
 0.00000000e+00 0.00000000e+00 0.00000000e+00 0.00000000e+00
 0.00000000e+00 0.00000000e+00 0.00000000e+00 0.00000000e+00
 0.00000000e+00]
sweep    1  f = 39.42610937  (Delta f = 0.00238)
sweep    2  f = 39.42610863  (Delta f = 7.41e-07)
sweep    3  f = 39.42610862  (Delta f = 9.16e-09)
New op index: 13	$R_Y$[4]
Current grad: 51.51203697698419
[ 3.14159265  3.14158904  3.14159265  3.14159265 -3.14159253  3.14159265
  3.14159265  3.14159265  3.14159265  3.14159265  3.14159068  3.14159265
  3.14159265  1.57089195  3.14159265  3.14159265 -3.14155378  0.
  3.14159265  3.14159003  3.14159265  3.14159265  3.14154211  0.
  3.14159265  3.14159265  3.14159265  3.14159265  3.14159265  3.14159265
  3.14159265  3.14159265  3.14159265  3.14159265  3.14159265  3.14159265
  3.14159265  3.14159265  3.14159265  3.14159265  3.14159265  3.14159265
  3.14159265  3.14159265  3.14159265] 
 [0.00000000e+00 9.86788429e-12 0.00000000e+00 0.00000000e+00
 7.53175300e-13 0.00000000e+00 0.00000000e+00 0.00000000e+00
 0.00000000e+00 0.00000000e+00 1.97175609e-10 0.00000000e+00
 0.00000000e+00 5.15064917e+01 0.00000000e+00 0.00000000e+00
 1.14219301e-09 1.05251539e-09 0.00000000e+00 3.50425466e-10
 0.00000000e+00 0.00000000e+00 1.92730099e-09 1.05251539e-09
 0.00000000e+00 0.00000000e+00 0.00000000e+00 0.00000000e+00
 0.00000000e+00 0.00000000e+00 0.00000000e+00 0.00000000e+00
 0.00000000e+00 0.00000000e+00 0.00000000e+00 0.00000000e+00
 0.00000000e+00 0.00000000e+00 0.00000000e+00 0.00000000e+00
 0.00000000e+00 0.00000000e+00 0.00000000e+00 0.00000000e+00
 0.00000000e+00]
sweep    1  f = -12.08163265  (Delta f = 0.00125)
sweep    2  f = -12.08163265  (Delta f = 3.96e-11)
New op index: 4	$R_Y$[1]
Current grad: 7.01289715478705e-06
[ 3.14159265 -3.14159263  3.14159265  3.14159265  3.1415926   3.14159265
  3.14159265 -3.14159264  3.14159265  3.14159265  3.14159264  3.14159265
  3.14159265 -3.14159263  3.14159265  3.14159265  3.14159265  0.
  3.14159265 -3.14159265  3.14159265  3.14159265  3.14159265  0.
  3.14159265  3.14159265  3.14159265  3.14159265  3.14159265  3.14159265
  3.14159265  3.14159265  3.14159265  3.14159265  3.14159265  3.14159265
  3.14159265  3.14159265  3.14159265  3.14159265  3.14159265  3.14159265
  3.14159265  3.14159265  3.14159265] 
 [0.00000000e+00 1.42108547e-14 0.00000000e+00 0.00000000e+00
 7.10542736e-14 0.00000000e+00 0.00000000e+00 7.10542736e-15
 0.00000000e+00 0.00000000e+00 7.10542736e-15 0.00000000e+00
 0.00000000e+00 1.42108547e-14 0.00000000e+00 0.00000000e+00
 0.00000000e+00 5.97058707e-18 0.00000000e+00 0.00000000e+00
 0.00000000e+00 0.00000000e+00 0.00000000e+00 8.67354958e-17
 0.00000000e+00 0.00000000e+00 0.00000000e+00 0.00000000e+00
 0.00000000e+00 0.00000000e+00 0.00000000e+00 0.00000000e+00
 0.00000000e+00 0.00000000e+00 0.00000000e+00 0.00000000e+00
 0.00000000e+00 0.00000000e+00 0.00000000e+00 0.00000000e+00
 0.00000000e+00 0.00000000e+00 0.00000000e+00 0.00000000e+00
 0.00000000e+00]
Precision cutoff reached.
Calculating energies for FreeWilson2D(N_x=2, N_y=2, mass=-4.857, r=1.000)
h_im: 0.0
New op index: 10	$R_Y$[3]
Current grad: 13.428571428571418
[ 3.14159265 -1.57079633  3.14159265  3.14159265  1.57079633  3.14159265
  3.14159265 -1.57079633  3.14159265  3.14159265  1.23412151  0.
  3.14159265  1.23412151  0.          3.14159265 -1.57079633  3.14159265
  3.14159265  1.57079633  3.14159265  3.14159265 -1.57079633  3.14159265
  3.14159265  3.14159265  3.14159265  3.14159265  3.14159265  3.14159265
  3.14159265  0.          0.          3.14159265  3.14159265  3.14159265
  3.14159265  0.          0.          3.14159265  3.14159265  3.14159265
  3.14159265  3.14159265  3.14159265] 
 [0.         1.42857143 0.         0.         1.92857143 0.
 0.         1.92857143 0.         0.         2.01354429 1.
 0.         2.01354429 1.         0.         1.92857143 0.
 0.         1.92857143 0.         0.         1.42857143 0.
 0.         0.         0.         0.         0.         0.
 0.         1.         1.         0.         0.         0.
 0.         1.         1.         0.         0.         0.
 0.         0.         0.        ]
sweep    1  f = 198.4864557  (Delta f = 0)
New op index: 16	$R_Y$[5]
Current grad: 330.6418917661503
[ 3.14159265 -1.57079633  3.14159265  3.14159265 -1.57079633  3.14159265
  3.14159265 -1.57079633  0.          3.14159265  3.14159265  3.14159265
  3.14159265 -1.57444317  3.14159265  0.         -1.57079633  0.
  0.         -1.57079633  0.          0.         -1.57079633  0.
  3.14159265  3.14159265  3.14159265  3.14159265  0.          0.
  3.14159265  3.14159265  3.14159265  3.14159265  3.14159265  0.
  0.          3.14159265  3.14159265  0.          0.          0.
  0.          0.          0.        ] 
 [0.00000000e+00 4.86214892e+01 0.00000000e+00 0.00000000e+00
 4.52643464e+01 0.00000000e+00 0.00000000e+00 4.84563140e+01
 5.46437895e-17 0.00000000e+00 0.00000000e+00 0.00000000e+00
 0.00000000e+00 4.51275432e+01 0.00000000e+00 7.50181167e-15
 4.91214892e+01 7.02563008e-17 4.69676381e-15 4.52643464e+01
 1.21430643e-17 2.01785513e-15 4.86214892e+01 1.56125113e-17
 0.00000000e+00 0.00000000e+00 0.00000000e+00 0.00000000e+00
 5.46437895e-17 5.46437895e-17 0.00000000e+00 0.00000000e+00
 0.00000000e+00 0.00000000e+00 0.00000000e+00 1.21430643e-17
 1.45283091e-15 0.00000000e+00 0.00000000e+00 9.97465999e-15
 1.00570594e-14 8.23993651e-17 7.27840407e-15 7.30615965e-15
 2.77555756e-17]
sweep    1  f = 146.6404266  (Delta f = 2.72)
sweep    2  f = 146.6404266  (Delta f = 0)
New op index: 4	$R_Y$[1]
Current grad: 9.066570616177664
[ 3.14159265 -1.57079633  3.14159265  3.14159265  1.57079633  3.14159265
  3.14159265 -1.57079633  0.          3.14159265 -3.14159264  3.14159265
  0.          1.90998035  3.14159265  3.14159265  3.14159261  3.14159265
  0.          1.90695618  3.14159265  3.14159265 -1.57079633  3.14159265
  3.14159265  3.14159265  3.14159265  3.14159265  0.          0.
  3.14159265  3.14159265  3.14159265  3.14159265  3.14159265  3.14159265
  3.14159265  3.14159265  3.14159265  3.14159265  3.14159265  3.14159265
  0.          3.14159265  3.14159265] 
 [0.00000000e+00 1.42620855e+00 0.00000000e+00 0.00000000e+00
 1.93093431e+00 0.00000000e+00 0.00000000e+00 1.42134766e+00
 3.24026195e-25 0.00000000e+00 7.10542736e-15 0.00000000e+00
 3.71931248e-15 1.01252418e+00 0.00000000e+00 0.00000000e+00
 5.68434189e-14 0.00000000e+00 1.47422411e-14 1.01577469e+00
 0.00000000e+00 0.00000000e+00 1.42620855e+00 0.00000000e+00
 0.00000000e+00 0.00000000e+00 0.00000000e+00 0.00000000e+00
 3.24026195e-25 3.24026195e-25 0.00000000e+00 0.00000000e+00
 0.00000000e+00 0.00000000e+00 0.00000000e+00 0.00000000e+00
 0.00000000e+00 0.00000000e+00 0.00000000e+00 0.00000000e+00
 0.00000000e+00 0.00000000e+00 2.69362333e-15 0.00000000e+00
 0.00000000e+00]
sweep    1  f = 144.6293128  (Delta f = 0.0802)
sweep    2  f = 144.6293128  (Delta f = 0)
New op index: 22	$R_Y$[7]
Current grad: 237.39312179894063
[ 3.14159265 -1.58107949  3.14159265  3.14159265  3.14159254  3.14159265
  3.14159265 -1.58107949  3.14159265  3.14159265 -3.14159208  3.14159265
  3.14159265 -1.5853301   3.14159265  3.14159265  3.14159258  0.
  3.14159265 -1.58172143  3.14159265  0.         -1.57079633  0.
  3.14159265  3.14159265  3.14159265  3.14159265  3.14159265  3.14159265
  3.14159265  3.14159265  3.14159265  3.14159265  3.14159265  3.14159265
  3.14159265  3.14159265  3.14159265  3.14159265  3.14159265  3.14159265
  3.14159265  3.14159265  3.14159265] 
 [0.00000000e+00 4.81240507e+01 0.00000000e+00 0.00000000e+00
 3.01980663e-14 0.00000000e+00 0.00000000e+00 4.81240506e+01
 0.00000000e+00 0.00000000e+00 2.45137244e-13 0.00000000e+00
 0.00000000e+00 4.51039954e+01 0.00000000e+00 0.00000000e+00
 2.41584530e-13 2.58493941e-25 0.00000000e+00 4.52670683e+01
 0.00000000e+00 2.26951394e-14 4.86214798e+01 5.16987883e-25
 0.00000000e+00 0.00000000e+00 0.00000000e+00 0.00000000e+00
 0.00000000e+00 0.00000000e+00 0.00000000e+00 0.00000000e+00
 0.00000000e+00 0.00000000e+00 0.00000000e+00 0.00000000e+00
 0.00000000e+00 0.00000000e+00 0.00000000e+00 0.00000000e+00
 0.00000000e+00 0.00000000e+00 0.00000000e+00 0.00000000e+00
 0.00000000e+00]
sweep    1  f = 93.28328379  (Delta f = 2.72)
sweep    2  f = 93.28328379  (Delta f = 4.26e-14)
New op index: 19	$R_Y$[6]
Current grad: 5.714291159221993
[ 3.14159265 -1.90798763  3.14159265  3.14159265  3.14159258  3.14159265
  3.14159265 -1.90798763  3.14159265  3.14159265 -3.14159265  3.14159265
  0.          1.90998034  3.14159265  3.14159265  3.14159264  3.14159265
  0.          1.90695618  3.14159265  3.14159265  3.14159265  3.14159265
  3.14159265  3.14159265  3.14159265  3.14159265  3.14159265  3.14159265
  3.14159265  3.14159265  3.14159265  3.14159265  3.14159265  3.14159265
  3.14159265  3.14159265  3.14159265  3.14159265  3.14159265  3.14159265
  3.14159265  3.14159265  3.14159265] 
 [0.00000000e+00 1.01131428e+00 0.00000000e+00 0.00000000e+00
 1.56319402e-13 0.00000000e+00 0.00000000e+00 1.01131428e+00
 0.00000000e+00 0.00000000e+00 0.00000000e+00 0.00000000e+00
 2.97656308e-15 1.01252419e+00 0.00000000e+00 0.00000000e+00
 1.42108547e-14 0.00000000e+00 8.36907491e-15 1.01577471e+00
 0.00000000e+00 0.00000000e+00 0.00000000e+00 0.00000000e+00
 0.00000000e+00 0.00000000e+00 0.00000000e+00 0.00000000e+00
 0.00000000e+00 0.00000000e+00 0.00000000e+00 0.00000000e+00
 0.00000000e+00 0.00000000e+00 0.00000000e+00 0.00000000e+00
 0.00000000e+00 0.00000000e+00 0.00000000e+00 0.00000000e+00
 0.00000000e+00 0.00000000e+00 0.00000000e+00 0.00000000e+00
 0.00000000e+00]
sweep    1  f = 92.23527813  (Delta f = 0.0322)
sweep    2  f = 92.23527813  (Delta f = 6.76e-12)
New op index: 7	$R_Y$[2]
Current grad: 145.33861226034776
[ 3.14159265 -1.58091773  3.14159265  3.14159265 -3.14159263  3.14159265
  3.14159265 -1.58091773  3.14159265  3.14159265 -3.14158828  3.14159265
  3.14159265 -1.57510363  3.14159265  3.14159265 -3.14159241  3.14159265
  3.14159265  3.14158775  3.14159265  3.14159265 -3.14159263  3.14159265
  3.14159265  3.14159265  3.14159265  3.14159265  3.14159265  3.14159265
  3.14159265  3.14159265  3.14159265  3.14159265  3.14159265  3.14159265
  3.14159265  3.14159265  3.14159265  3.14159265  3.14159265  3.14159265
  3.14159265  3.14159265  3.14159265] 
 [0.00000000e+00 4.89010987e+01 0.00000000e+00 0.00000000e+00
 8.88178420e-16 0.00000000e+00 0.00000000e+00 4.89010987e+01
 0.00000000e+00 0.00000000e+00 2.39031017e-11 0.00000000e+00
 0.00000000e+00 4.63413877e+01 0.00000000e+00 0.00000000e+00
 2.99849034e-12 0.00000000e+00 0.00000000e+00 2.99857916e-11
 0.00000000e+00 0.00000000e+00 4.26325641e-14 0.00000000e+00
 0.00000000e+00 0.00000000e+00 0.00000000e+00 0.00000000e+00
 0.00000000e+00 0.00000000e+00 0.00000000e+00 0.00000000e+00
 0.00000000e+00 0.00000000e+00 0.00000000e+00 0.00000000e+00
 0.00000000e+00 0.00000000e+00 0.00000000e+00 0.00000000e+00
 0.00000000e+00 0.00000000e+00 0.00000000e+00 0.00000000e+00
 0.00000000e+00]
sweep    1  f = 41.42127959  (Delta f = 1.91)
sweep    2  f = 41.42127959  (Delta f = 0)
New op index: 1	$R_Y$[0]
Current grad: 2.857163993562277
[ 3.14159265 -1.57420485  3.14159265  3.14159265 -3.1415926   3.14159265
  3.14159265  3.14159257  3.14159265  3.14159265 -3.1415926   3.14159265
  0.          1.57759057  3.14159265  3.14159265 -3.14159257  3.14159265
  3.14159265  3.14159261  3.14159265  3.14159265 -3.14159257  3.14159265
  3.14159265  3.14159265  3.14159265  3.14159265  3.14159265  3.14159265
  3.14159265  3.14159265  3.14159265  3.14159265  3.14159265  3.14159265
  3.14159265  3.14159265  3.14159265  3.14159265  3.14159265  3.14159265
  3.14159265  3.14159265  3.14159265] 
 [0.00000000e+00 1.42135523e+00 0.00000000e+00 0.00000000e+00
 8.52651283e-14 0.00000000e+00 0.00000000e+00 1.70530257e-13
 0.00000000e+00 0.00000000e+00 6.39488462e-14 0.00000000e+00
 8.11041230e-15 1.42124589e+00 0.00000000e+00 0.00000000e+00
 1.63424829e-13 0.00000000e+00 0.00000000e+00 4.97379915e-14
 0.00000000e+00 0.00000000e+00 1.98951966e-13 0.00000000e+00
 0.00000000e+00 0.00000000e+00 0.00000000e+00 0.00000000e+00
 0.00000000e+00 0.00000000e+00 0.00000000e+00 0.00000000e+00
 0.00000000e+00 0.00000000e+00 0.00000000e+00 0.00000000e+00
 0.00000000e+00 0.00000000e+00 0.00000000e+00 0.00000000e+00
 0.00000000e+00 0.00000000e+00 0.00000000e+00 0.00000000e+00
 0.00000000e+00]
sweep    1  f = 39.9975361  (Delta f = 0.00239)
sweep    2  f = 39.99753523  (Delta f = 8.62e-07)
sweep    3  f = 39.99753523  (Delta f = 2.81e-09)
New op index: 13	$R_Y$[4]
Current grad: 51.430877742967425
[ 3.14159265 -3.14159265  3.14159265  3.14159265  3.14158959  3.14159265
  3.14159265 -3.14141207  3.14159265  3.14159265  3.14159167  3.14159265
  0.          1.57089213  3.14159265  3.14159265 -3.14158916  3.14159265
  3.14159265 -3.14158866  3.14159265  3.14159265 -3.1415824   3.14159265
  3.14159265  3.14159265  3.14159265  3.14159265  3.14159265  3.14159265
  3.14159265  3.14159265  3.14159265  3.14159265  3.14159265  3.14159265
  3.14159265  3.14159265  3.14159265  3.14159265  3.14159265  3.14159265
  3.14159265  3.14159265  3.14159265] 
 [0.00000000e+00 0.00000000e+00 0.00000000e+00 0.00000000e+00
 4.77172080e-10 0.00000000e+00 0.00000000e+00 2.32734783e-08
 0.00000000e+00 0.00000000e+00 4.92974550e-11 0.00000000e+00
 3.81881004e-15 5.14248573e+01 0.00000000e+00 0.00000000e+00
 8.74300632e-12 0.00000000e+00 0.00000000e+00 8.09080802e-10
 0.00000000e+00 0.00000000e+00 7.50504103e-11 0.00000000e+00
 0.00000000e+00 0.00000000e+00 0.00000000e+00 0.00000000e+00
 0.00000000e+00 0.00000000e+00 0.00000000e+00 0.00000000e+00
 0.00000000e+00 0.00000000e+00 0.00000000e+00 0.00000000e+00
 0.00000000e+00 0.00000000e+00 0.00000000e+00 0.00000000e+00
 0.00000000e+00 0.00000000e+00 0.00000000e+00 0.00000000e+00
 0.00000000e+00]
sweep    1  f = -11.42857143  (Delta f = 0.00125)
sweep    2  f = -11.42857143  (Delta f = 7.5e-11)
New op index: 4	$R_Y$[1]
Current grad: 1.2852898778011315e-05
[ 3.14159265  3.14159264  0.          3.14159265 -3.14159259  3.14159265
  3.14159265 -3.14159261  0.          3.14159265 -3.1415926   3.14159265
  3.14159265 -3.14159265  0.          3.14159265  3.14159264  0.
  3.14159265  3.14159263  3.14159265  3.14159265  3.14159262  3.14159265
  3.14159265  3.14159265  3.14159265  3.14159265  3.14159265  3.14159265
  3.14159265  3.14159265  3.14159265  3.14159265  3.14159265  3.14159265
  3.14159265  3.14159265  0.          3.14159265  3.14159265  3.14159265
  3.14159265  3.14159265  3.14159265] 
 [0.00000000e+00 7.10542736e-15 1.27427052e-16 0.00000000e+00
 9.94759830e-14 0.00000000e+00 0.00000000e+00 6.39488462e-14
 1.06678559e-15 0.00000000e+00 6.39488462e-14 0.00000000e+00
 0.00000000e+00 0.00000000e+00 3.10135685e-16 0.00000000e+00
 7.10542736e-15 1.10172681e-16 0.00000000e+00 2.13162821e-14
 0.00000000e+00 0.00000000e+00 3.55271368e-14 0.00000000e+00
 0.00000000e+00 0.00000000e+00 0.00000000e+00 0.00000000e+00
 0.00000000e+00 0.00000000e+00 0.00000000e+00 0.00000000e+00
 0.00000000e+00 0.00000000e+00 0.00000000e+00 0.00000000e+00
 0.00000000e+00 0.00000000e+00 4.20308365e-16 0.00000000e+00
 0.00000000e+00 0.00000000e+00 0.00000000e+00 0.00000000e+00
 0.00000000e+00]
Precision cutoff reached.
Calculating energies for FreeWilson2D(N_x=2, N_y=2, mass=-4.694, r=1.000)
h_im: 0.0
New op index: 10	$R_Y$[3]
Current grad: 12.775510204081623
[ 3.14159265 -1.57079633  3.14159265  3.14159265  1.57079633  3.14159265
  3.14159265 -1.57079633  3.14159265  3.14159265  1.21535067  0.
  3.14159265  1.21535067  0.          3.14159265 -1.57079633  3.14159265
  3.14159265  1.57079633  3.14159265  3.14159265 -1.57079633  3.14159265
  3.14159265  3.14159265  3.14159265  3.14159265  3.14159265  3.14159265
  3.14159265  0.          0.          3.14159265  3.14159265  3.14159265
  3.14159265  0.          0.          3.14159265  3.14159265  3.14159265
  3.14159265  3.14159265  3.14159265] 
 [0.         1.34693878 0.         0.         1.84693878 0.
 0.         1.84693878 0.         0.         1.93674774 1.
 0.         1.93674774 1.         0.         1.84693878 0.
 0.         1.84693878 0.         0.         1.34693878 0.
 0.         0.         0.         0.         0.         0.
 0.         1.         1.         0.         0.         0.
 0.         1.         1.         0.         0.         0.
 0.         0.         0.        ]
sweep    1  f = 198.5632523  (Delta f = 3.69e-13)
New op index: 16	$R_Y$[5]
Current grad: 328.32620972311554
[ 3.14159265 -1.57079633  3.14159265  3.14159265 -1.57079633  3.14159265
  3.14159265 -1.57079633  3.14159265  3.14159265 -3.14159265  3.14159265
  0.         -1.57465801  3.14159265  3.14159265 -1.57079633  0.
  3.14159265 -1.57079633  3.14159265  3.14159265 -1.57079633  0.
  3.14159265  3.14159265  3.14159265  3.14159265  3.14159265  3.14159265
  3.14159265  3.14159265  3.14159265  3.14159265  3.14159265  3.14159265
  0.          3.14159265  3.14159265  3.14159265  3.14159265  0.
  3.14159265  3.14159265  0.        ] 
 [0.00000000e+00 4.82215132e+01 0.00000000e+00 0.00000000e+00
 4.50276356e+01 0.00000000e+00 0.00000000e+00 4.80475091e+01
 0.00000000e+00 0.00000000e+00 0.00000000e+00 0.00000000e+00
 3.09233931e-15 4.48852218e+01 0.00000000e+00 0.00000000e+00
 4.87215132e+01 6.93889390e-17 0.00000000e+00 4.50276356e+01
 0.00000000e+00 0.00000000e+00 4.82215132e+01 6.93889390e-17
 0.00000000e+00 0.00000000e+00 0.00000000e+00 0.00000000e+00
 0.00000000e+00 0.00000000e+00 0.00000000e+00 0.00000000e+00
 0.00000000e+00 0.00000000e+00 0.00000000e+00 0.00000000e+00
 6.28748754e-16 0.00000000e+00 0.00000000e+00 0.00000000e+00
 0.00000000e+00 2.77555756e-17 0.00000000e+00 0.00000000e+00
 2.77555756e-17]
sweep    1  f = 146.8036881  (Delta f = 3.04)
sweep    2  f = 146.8036881  (Delta f = -2.84e-14)
New op index: 4	$R_Y$[1]
Current grad: 8.576767494872973
[ 3.14159265 -1.57079633  3.14159265  3.14159265  1.57079633  3.14159265
  3.14159265 -1.57079633  3.14159265  3.14159265  3.14159263  3.14159265
  0.          1.92883757  3.14159265  3.14159265  3.14159261  3.14159265
  0.          1.92566873  3.14159265  0.         -1.57079633  3.14159265
  3.14159265  3.14159265  3.14159265  3.14159265  3.14159265  3.14159265
  3.14159265  3.14159265  3.14159265  3.14159265  3.14159265  3.14159265
  3.14159265  3.14159265  3.14159265  3.14159265  3.14159265  3.14159265
  0.          3.14159265  3.14159265] 
 [0.00000000e+00 1.34456840e+00 0.00000000e+00 0.00000000e+00
 1.84930915e+00 0.00000000e+00 0.00000000e+00 1.33969980e+00
 0.00000000e+00 0.00000000e+00 1.42108547e-14 0.00000000e+00
 3.62463208e-15 9.35800498e-01 0.00000000e+00 0.00000000e+00
 4.26325641e-14 0.00000000e+00 3.69940220e-15 9.38970166e-01
 0.00000000e+00 1.50700677e-14 1.34456840e+00 0.00000000e+00
 0.00000000e+00 0.00000000e+00 0.00000000e+00 0.00000000e+00
 0.00000000e+00 0.00000000e+00 0.00000000e+00 0.00000000e+00
 0.00000000e+00 0.00000000e+00 0.00000000e+00 0.00000000e+00
 0.00000000e+00 0.00000000e+00 0.00000000e+00 0.00000000e+00
 0.00000000e+00 0.00000000e+00 1.69602922e-14 0.00000000e+00
 0.00000000e+00]
sweep    1  f = 144.8693747  (Delta f = 0.085)
sweep    2  f = 144.8693747  (Delta f = 6.03e-12)
New op index: 22	$R_Y$[7]
Current grad: 235.71976689279035
[ 3.14159265 -1.58116477  3.14159265  3.14159265 -3.14159114  3.14159265
  3.14159265 -1.58116477  3.14159265  3.14159265 -3.14159196  3.14159265
  3.14159265 -1.58559954  3.14159265  3.14159265  3.14159257  3.14159265
  0.         -1.58177823  3.14159265  3.14159265 -1.57079633  3.14159265
  3.14159265  3.14159265  3.14159265  3.14159265  3.14159265  3.14159265
  3.14159265  3.14159265  3.14159265  3.14159265  3.14159265  3.14159265
  3.14159265  3.14159265  3.14159265  3.14159265  3.14159265  3.14159265
  0.          3.14159265  3.14159265] 
 [0.00000000e+00 4.77240932e+01 0.00000000e+00 0.00000000e+00
 5.67901282e-12 0.00000000e+00 0.00000000e+00 4.77240934e+01
 0.00000000e+00 0.00000000e+00 3.49054119e-13 0.00000000e+00
 0.00000000e+00 4.48586079e+01 0.00000000e+00 0.00000000e+00
 3.12638804e-13 0.00000000e+00 3.26956432e-14 4.50303690e+01
 0.00000000e+00 0.00000000e+00 4.82215010e+01 0.00000000e+00
 0.00000000e+00 0.00000000e+00 0.00000000e+00 0.00000000e+00
 0.00000000e+00 0.00000000e+00 0.00000000e+00 0.00000000e+00
 0.00000000e+00 0.00000000e+00 0.00000000e+00 0.00000000e+00
 0.00000000e+00 0.00000000e+00 0.00000000e+00 0.00000000e+00
 0.00000000e+00 0.00000000e+00 1.62116635e-14 0.00000000e+00
 0.00000000e+00]
sweep    1  f = 93.60981054  (Delta f = 3.04)
sweep    2  f = 93.60981054  (Delta f = 0)
New op index: 19	$R_Y$[6]
Current grad: 5.387761767114865
[ 3.14159265 -1.92681704  3.14159265  3.14159265  3.14159261  3.14159265
  3.14159265 -1.92681704  3.14159265  3.14159265 -3.14159262  3.14159265
  3.14159265  1.92883757  3.14159265  3.14159265 -3.14159265  0.
  0.          1.92566872  3.14159265  3.14159265  3.1415926   3.14159265
  3.14159265  3.14159265  3.14159265  3.14159265  3.14159265  3.14159265
  3.14159265  3.14159265  3.14159265  3.14159265  3.14159265  3.14159265
  3.14159265  3.14159265  3.14159265  3.14159265  3.14159265  3.14159265
  3.14159265  3.14159265  3.14159265] 
 [0.00000000e+00 9.34525741e-01 0.00000000e+00 0.00000000e+00
 4.26325641e-14 0.00000000e+00 0.00000000e+00 9.34525740e-01
 0.00000000e+00 0.00000000e+00 2.13162821e-14 0.00000000e+00
 0.00000000e+00 9.35800527e-01 0.00000000e+00 0.00000000e+00
 0.00000000e+00 2.49026793e-26 6.84472977e-15 9.38970211e-01
 0.00000000e+00 0.00000000e+00 7.10542736e-14 0.00000000e+00
 0.00000000e+00 0.00000000e+00 0.00000000e+00 0.00000000e+00
 0.00000000e+00 0.00000000e+00 0.00000000e+00 0.00000000e+00
 0.00000000e+00 0.00000000e+00 0.00000000e+00 0.00000000e+00
 0.00000000e+00 0.00000000e+00 0.00000000e+00 0.00000000e+00
 0.00000000e+00 0.00000000e+00 0.00000000e+00 0.00000000e+00
 0.00000000e+00]
sweep    1  f = 92.64006714  (Delta f = 0.0308)
sweep    2  f = 92.64006714  (Delta f = 2.95e-10)
New op index: 1	$R_Y$[0]
Current grad: 145.035661462541
[ 3.14159265 -1.58094968  3.14159265  3.14159265  3.14158864  3.14159265
  3.14159265 -1.58094968  3.14159265  3.14159265  3.14158901  3.14159265
  3.14159265 -1.57517967  3.14159265  3.14159265 -3.14159244  3.14159265
  3.14159265 -3.14158349  3.14159265  3.14159265 -3.14159211  3.14159265
  3.14159265  3.14159265  3.14159265  3.14159265  3.14159265  3.14159265
  3.14159265  3.14159265  3.14159265  3.14159265  3.14159265  3.14159265
  3.14159265  3.14159265  3.14159265  3.14159265  3.14159265  3.14159265
  3.14159265  3.14159265  3.14159265] 
 [0.00000000e+00 4.87456776e+01 0.00000000e+00 0.00000000e+00
 3.18154392e-11 0.00000000e+00 0.00000000e+00 4.87456772e+01
 0.00000000e+00 0.00000000e+00 1.62643232e-11 0.00000000e+00
 0.00000000e+00 4.63456662e+01 0.00000000e+00 0.00000000e+00
 2.18847163e-12 0.00000000e+00 0.00000000e+00 1.02934106e-10
 0.00000000e+00 0.00000000e+00 1.45092827e-11 0.00000000e+00
 0.00000000e+00 0.00000000e+00 0.00000000e+00 0.00000000e+00
 0.00000000e+00 0.00000000e+00 0.00000000e+00 0.00000000e+00
 0.00000000e+00 0.00000000e+00 0.00000000e+00 0.00000000e+00
 0.00000000e+00 0.00000000e+00 0.00000000e+00 0.00000000e+00
 0.00000000e+00 0.00000000e+00 0.00000000e+00 0.00000000e+00
 0.00000000e+00]
sweep    1  f = 41.91106415  (Delta f = 1.98)
sweep    2  f = 41.91106415  (Delta f = 0)
New op index: 7	$R_Y$[2]
Current grad: 2.6938863937905064
[ 3.14159265 -3.14159264  3.14159265  3.14159265  3.14159264  3.14159265
  3.14159265 -1.57441759  3.14159265  3.14159265  3.14159262  3.14159265
  3.14159265  1.57801263  3.14159265  3.14159265  3.14159262  0.
  3.14159265 -3.14159263  3.14159265  3.14159265 -3.1415926   0.
  3.14159265  3.14159265  3.14159265  3.14159265  3.14159265  3.14159265
  3.14159265  3.14159265  3.14159265  3.14159265  3.14159265  3.14159265
  3.14159265  3.14159265  3.14159265  3.14159265  3.14159265  3.14159265
  3.14159265  3.14159265  3.14159265] 
 [0.00000000e+00 0.00000000e+00 0.00000000e+00 0.00000000e+00
 7.10542736e-15 0.00000000e+00 0.00000000e+00 1.33970861e+00
 0.00000000e+00 0.00000000e+00 2.84217094e-14 0.00000000e+00
 0.00000000e+00 1.33960662e+00 0.00000000e+00 0.00000000e+00
 3.55271368e-14 1.86711165e-15 0.00000000e+00 2.13162821e-14
 0.00000000e+00 0.00000000e+00 7.10542736e-14 1.86711165e-15
 0.00000000e+00 0.00000000e+00 0.00000000e+00 0.00000000e+00
 0.00000000e+00 0.00000000e+00 0.00000000e+00 0.00000000e+00
 0.00000000e+00 0.00000000e+00 0.00000000e+00 0.00000000e+00
 0.00000000e+00 0.00000000e+00 0.00000000e+00 0.00000000e+00
 0.00000000e+00 0.00000000e+00 0.00000000e+00 0.00000000e+00
 0.00000000e+00]
sweep    1  f = 40.56896283  (Delta f = 0.00239)
sweep    2  f = 40.56896181  (Delta f = 1.03e-06)
sweep    3  f = 40.56896179  (Delta f = 1.73e-08)
sweep    4  f = 40.56896179  (Delta f = 1.65e-11)
New op index: 13	$R_Y$[4]
Current grad: 51.3482519922921
[ 3.14159265 -3.14156978  3.14159265  3.14159265 -3.14159244  3.14159265
  3.14159265 -3.14159265  3.14159265  3.14159265  3.14159244  3.14159265
  3.14159265  1.5708924   3.14159265  3.14159265 -3.1415914   3.14159265
  3.14159265 -3.14159255  3.14159265  3.14159265 -3.14158468  3.14159265
  3.14159265  3.14159265  3.14159265  3.14159265  3.14159265  3.14159265
  3.14159265  3.14159265  3.14159265  3.14159265  3.14159265  3.14159265
  3.14159265  3.14159265  3.14159265  3.14159265  3.14159265  3.14159265
  3.14159265  3.14159265  3.14159265] 
 [0.00000000e+00 3.52094576e-10 0.00000000e+00 0.00000000e+00
 2.30215846e-12 0.00000000e+00 0.00000000e+00 0.00000000e+00
 0.00000000e+00 0.00000000e+00 2.21689334e-12 0.00000000e+00
 0.00000000e+00 5.13432226e+01 0.00000000e+00 0.00000000e+00
 1.05648823e-12 0.00000000e+00 0.00000000e+00 5.25801624e-13
 0.00000000e+00 0.00000000e+00 4.27284874e-11 0.00000000e+00
 0.00000000e+00 0.00000000e+00 0.00000000e+00 0.00000000e+00
 0.00000000e+00 0.00000000e+00 0.00000000e+00 0.00000000e+00
 0.00000000e+00 0.00000000e+00 0.00000000e+00 0.00000000e+00
 0.00000000e+00 0.00000000e+00 0.00000000e+00 0.00000000e+00
 0.00000000e+00 0.00000000e+00 0.00000000e+00 0.00000000e+00
 0.00000000e+00]
sweep    1  f = -10.7755102  (Delta f = 0.00125)
sweep    2  f = -10.7755102  (Delta f = 4.4e-11)
New op index: 4	$R_Y$[1]
Current grad: 1.445550562983143e-05
[ 3.14159265  3.1415926   3.14159265  3.14159265 -3.14159257  0.
  3.14159265 -3.14159264  0.          3.14159265 -3.14159264  3.14159265
  3.14159265 -3.14159265  3.14159265  3.14159265 -3.14159263  0.
  3.14159265 -3.1415926   0.          3.14159265  3.14159262  3.14159265
  3.14159265  3.14159265  0.          3.14159265  3.14159265  0.
  3.14159265  3.14159265  3.14159265  3.14159265  3.14159265  3.14159265
  3.14159265  3.14159265  0.          3.14159265  3.14159265  0.
  3.14159265  3.14159265  0.        ] 
 [0.00000000e+00 9.23705556e-14 0.00000000e+00 0.00000000e+00
 1.98951966e-13 3.47020523e-15 0.00000000e+00 7.10542736e-15
 4.20182420e-16 0.00000000e+00 0.00000000e+00 0.00000000e+00
 0.00000000e+00 0.00000000e+00 0.00000000e+00 0.00000000e+00
 7.10542736e-15 4.60796621e-16 0.00000000e+00 7.81597009e-14
 4.63528038e-15 0.00000000e+00 2.84217094e-14 0.00000000e+00
 0.00000000e+00 0.00000000e+00 2.10239010e-15 0.00000000e+00
 0.00000000e+00 3.89038765e-15 0.00000000e+00 0.00000000e+00
 0.00000000e+00 0.00000000e+00 0.00000000e+00 0.00000000e+00
 0.00000000e+00 0.00000000e+00 3.82448081e-16 0.00000000e+00
 0.00000000e+00 5.09607700e-15 0.00000000e+00 0.00000000e+00
 3.30807945e-15]
Precision cutoff reached.
Calculating energies for FreeWilson2D(N_x=2, N_y=2, mass=-4.531, r=1.000)
h_im: 0.0
New op index: 10	$R_Y$[3]
Current grad: 12.122448979591827
[ 3.14159265 -1.57079633  3.14159265  3.14159265  1.57079633  3.14159265
  3.14159265 -1.57079633  3.14159265  3.14159265  1.1944682   0.
  3.14159265  1.1944682   0.          3.14159265 -1.57079633  3.14159265
  3.14159265  1.57079633  3.14159265  3.14159265 -1.57079633  3.14159265
  3.14159265  3.14159265  3.14159265  3.14159265  3.14159265  3.14159265
  3.14159265  0.          0.          3.14159265  3.14159265  3.14159265
  3.14159265  0.          0.          3.14159265  3.14159265  3.14159265
  3.14159265  3.14159265  3.14159265] 
 [0.         1.26530612 0.         0.         1.76530612 0.
 0.         1.76530612 0.         0.         1.86051446 1.
 0.         1.86051446 1.         0.         1.76530612 0.
 0.         1.76530612 0.         0.         1.26530612 0.
 0.         0.         0.         0.         0.         0.
 0.         1.         1.         0.         0.         0.
 0.         1.         1.         0.         0.         0.
 0.         0.         0.        ]
sweep    1  f = 198.6394855  (Delta f = 0)
New op index: 16	$R_Y$[5]
Current grad: 325.62366247670377
[ 3.14159265 -1.57079633  3.14159265  3.14159265 -1.57079633  3.14159265
  3.14159265 -1.57079633  0.          3.14159265 -3.14159265  3.14159265
  3.14159265 -1.57490064  3.14159265  0.         -1.57079633  3.14159265
  3.14159265 -1.57079633  3.14159265  0.         -1.57079633  3.14159265
  3.14159265  3.14159265  3.14159265  3.14159265  0.          0.
  3.14159265  3.14159265  3.14159265  3.14159265  3.14159265  3.14159265
  0.          3.14159265  3.14159265  3.14159265  3.14159265  3.14159265
  3.14159265  3.14159265  3.14159265] 
 [0.00000000e+00 4.77663233e+01 0.00000000e+00 0.00000000e+00
 4.47357111e+01 0.00000000e+00 0.00000000e+00 4.75825693e+01
 8.67361738e-19 0.00000000e+00 0.00000000e+00 0.00000000e+00
 0.00000000e+00 4.45873240e+01 0.00000000e+00 3.01415284e-15
 4.82663233e+01 0.00000000e+00 0.00000000e+00 4.47357111e+01
 0.00000000e+00 3.29252286e-15 4.77663233e+01 0.00000000e+00
 0.00000000e+00 0.00000000e+00 0.00000000e+00 0.00000000e+00
 8.67361738e-19 8.67361738e-19 0.00000000e+00 0.00000000e+00
 0.00000000e+00 0.00000000e+00 0.00000000e+00 0.00000000e+00
 2.92631919e-15 0.00000000e+00 0.00000000e+00 0.00000000e+00
 0.00000000e+00 0.00000000e+00 0.00000000e+00 0.00000000e+00
 0.00000000e+00]
sweep    1  f = 146.9669495  (Delta f = 3.41)
sweep    2  f = 146.9669495  (Delta f = 0)
New op index: 4	$R_Y$[1]
Current grad: 8.08696094178201
[ 3.14159265 -1.57079633  3.14159265  3.14159265  1.57079633  3.14159265
  3.14159265 -1.57079633  3.14159265  3.14159265  3.14159265  3.14159265
  0.          1.94980759  3.14159265  3.14159265 -3.14159265  3.14159265
  0.          1.94648316  3.14159265  0.         -1.57079633  3.14159265
  3.14159265  3.14159265  3.14159265  3.14159265  3.14159265  3.14159265
  3.14159265  3.14159265  3.14159265  3.14159265  3.14159265  3.14159265
  3.14159265  3.14159265  3.14159265  3.14159265  3.14159265  3.14159265
  3.14159265  3.14159265  3.14159265] 
 [0.00000000e+00 1.26292818e+00 0.00000000e+00 0.00000000e+00
 1.76768407e+00 0.00000000e+00 0.00000000e+00 1.25805182e+00
 0.00000000e+00 0.00000000e+00 0.00000000e+00 0.00000000e+00
 8.78008942e-16 8.59646649e-01 0.00000000e+00 0.00000000e+00
 0.00000000e+00 0.00000000e+00 8.07770342e-16 8.62726274e-01
 0.00000000e+00 9.74652186e-16 1.26292818e+00 0.00000000e+00
 0.00000000e+00 0.00000000e+00 0.00000000e+00 0.00000000e+00
 0.00000000e+00 0.00000000e+00 0.00000000e+00 0.00000000e+00
 0.00000000e+00 0.00000000e+00 0.00000000e+00 0.00000000e+00
 0.00000000e+00 0.00000000e+00 0.00000000e+00 0.00000000e+00
 0.00000000e+00 0.00000000e+00 0.00000000e+00 0.00000000e+00
 0.00000000e+00]
sweep    1  f = 145.1088733  (Delta f = 0.0904)
sweep    2  f = 145.1088733  (Delta f = 0)
New op index: 22	$R_Y$[7]
Current grad: 233.77033041517052
[ 3.14159265 -1.58126357  3.14159265  3.14159265 -3.14159243  3.14159265
  3.14159265 -1.58126357  3.14159265  3.14159265 -3.14159191  3.14159265
  0.         -1.58591055  3.14159265  3.14159265  3.14159261  0.
  3.14159265 -1.58184909  3.14159265  0.         -1.57079633  3.14159265
  3.14159265  3.14159265  3.14159265  3.14159265  3.14159265  3.14159265
  3.14159265  3.14159265  3.14159265  3.14159265  3.14159265  3.14159265
  3.14159265  3.14159265  3.14159265  3.14159265  3.14159265  3.14159265
  0.          3.14159265  3.14159265] 
 [0.00000000e+00 4.72689266e+01 0.00000000e+00 0.00000000e+00
 1.32338585e-13 0.00000000e+00 0.00000000e+00 4.72689266e+01
 0.00000000e+00 0.00000000e+00 3.73701070e-13 0.00000000e+00
 1.65120893e-15 4.45571104e+01 0.00000000e+00 0.00000000e+00
 8.52651283e-14 1.83530698e-24 0.00000000e+00 4.47384607e+01
 0.00000000e+00 3.92080076e-14 4.77663097e+01 0.00000000e+00
 0.00000000e+00 0.00000000e+00 0.00000000e+00 0.00000000e+00
 0.00000000e+00 0.00000000e+00 0.00000000e+00 0.00000000e+00
 0.00000000e+00 0.00000000e+00 0.00000000e+00 0.00000000e+00
 0.00000000e+00 0.00000000e+00 0.00000000e+00 0.00000000e+00
 0.00000000e+00 0.00000000e+00 3.54464544e-14 0.00000000e+00
 0.00000000e+00]
sweep    1  f = 93.93633727  (Delta f = 3.41)
sweep    2  f = 93.93633727  (Delta f = 0)
New op index: 19	$R_Y$[6]
Current grad: 5.061235765072856
[ 3.14159265 -1.94776783  3.14159265  3.14159265  3.1415926   3.14159265
  3.14159265 -1.94776783  3.14159265  3.14159265  3.14159253  3.14159265
  3.14159265  1.94980757  3.14159265  3.14159265  3.14159261  0.
  0.          1.94648317  3.14159265  3.14159265 -3.14159265  3.14159265
  3.14159265  3.14159265  3.14159265  3.14159265  3.14159265  3.14159265
  3.14159265  3.14159265  3.14159265  3.14159265  3.14159265  3.14159265
  3.14159265  3.14159265  3.14159265  3.14159265  3.14159265  3.14159265
  3.14159265  3.14159265  3.14159265] 
 [0.00000000e+00 8.58303253e-01 0.00000000e+00 0.00000000e+00
 7.10542736e-14 0.00000000e+00 0.00000000e+00 8.58303253e-01
 0.00000000e+00 0.00000000e+00 3.62376795e-13 0.00000000e+00
 0.00000000e+00 8.59646610e-01 0.00000000e+00 0.00000000e+00
 4.26325641e-14 2.96601601e-24 2.32820174e-15 8.62726219e-01
 0.00000000e+00 0.00000000e+00 0.00000000e+00 0.00000000e+00
 0.00000000e+00 0.00000000e+00 0.00000000e+00 0.00000000e+00
 0.00000000e+00 0.00000000e+00 0.00000000e+00 0.00000000e+00
 0.00000000e+00 0.00000000e+00 0.00000000e+00 0.00000000e+00
 0.00000000e+00 0.00000000e+00 0.00000000e+00 0.00000000e+00
 0.00000000e+00 0.00000000e+00 0.00000000e+00 0.00000000e+00
 0.00000000e+00]
sweep    1  f = 93.04473372  (Delta f = 0.0289)
sweep    2  f = 93.04473372  (Delta f = 1.4e-11)
New op index: 7	$R_Y$[2]
Current grad: 144.7256551048539
[ 3.14159265 -1.5809823   3.14159265  3.14159265 -3.14159151  3.14159265
  3.14159265 -1.5809823   3.14159265  3.14159265  3.14159095  3.14159265
  3.14159265 -1.57525685  3.14159265  3.14159265 -3.14159258  0.
  3.14159265 -3.14158745  3.14159265  3.14159265  3.14159259  0.
  3.14159265  3.14159265  3.14159265  3.14159265  3.14159265  3.14159265
  3.14159265  3.14159265  3.14159265  3.14159265  3.14159265  3.14159265
  3.14159265  3.14159265  3.14159265  3.14159265  3.14159265  3.14159265
  3.14159265  3.14159265  3.14159265] 
 [0.00000000e+00 4.85879573e+01 0.00000000e+00 0.00000000e+00
 2.58326693e-12 0.00000000e+00 0.00000000e+00 4.85879574e+01
 0.00000000e+00 0.00000000e+00 3.50786067e-12 0.00000000e+00
 0.00000000e+00 4.63476016e+01 0.00000000e+00 0.00000000e+00
 2.55795385e-13 4.62514419e-15 0.00000000e+00 3.26036975e-11
 0.00000000e+00 0.00000000e+00 2.13162821e-13 4.62514420e-15
 0.00000000e+00 0.00000000e+00 0.00000000e+00 0.00000000e+00
 0.00000000e+00 0.00000000e+00 0.00000000e+00 0.00000000e+00
 0.00000000e+00 0.00000000e+00 0.00000000e+00 0.00000000e+00
 0.00000000e+00 0.00000000e+00 0.00000000e+00 0.00000000e+00
 0.00000000e+00 0.00000000e+00 0.00000000e+00 0.00000000e+00
 0.00000000e+00]
sweep    1  f = 42.40084821  (Delta f = 2.06)
sweep    2  f = 42.40084821  (Delta f = 1.07e-12)
New op index: 1	$R_Y$[0]
Current grad: 2.530632787695848
[ 3.14159265 -1.57465782  3.14159265  3.14159265  3.1415926   3.14159265
  3.14159265  3.14159265  3.14159265  3.14159265 -3.14159253  3.14159265
  0.          1.57848993  3.14159265  3.14159265  3.14159258  3.14159265
  3.14159265  3.14159264  3.14159265  3.14159265  3.14159254  3.14159265
  3.14159265  3.14159265  3.14159265  3.14159265  3.14159265  3.14159265
  3.14159265  3.14159265  3.14159265  3.14159265  3.14159265  3.14159265
  3.14159265  3.14159265  3.14159265  3.14159265  3.14159265  3.14159265
  3.14159265  3.14159265  3.14159265] 
 [0.00000000e+00 1.25806047e+00 0.00000000e+00 0.00000000e+00
 7.81597009e-14 0.00000000e+00 0.00000000e+00 0.00000000e+00
 0.00000000e+00 0.00000000e+00 3.97903932e-13 0.00000000e+00
 1.27012771e-15 1.25796905e+00 0.00000000e+00 0.00000000e+00
 1.56319402e-13 0.00000000e+00 0.00000000e+00 7.10542736e-15
 0.00000000e+00 0.00000000e+00 3.26849658e-13 0.00000000e+00
 0.00000000e+00 0.00000000e+00 0.00000000e+00 0.00000000e+00
 0.00000000e+00 0.00000000e+00 0.00000000e+00 0.00000000e+00
 0.00000000e+00 0.00000000e+00 0.00000000e+00 0.00000000e+00
 0.00000000e+00 0.00000000e+00 0.00000000e+00 0.00000000e+00
 0.00000000e+00 0.00000000e+00 0.00000000e+00 0.00000000e+00
 0.00000000e+00]
sweep    1  f = 41.14038962  (Delta f = 0.0024)
sweep    2  f = 41.14038843  (Delta f = 1.19e-06)
sweep    3  f = 41.14038843  (Delta f = 2.42e-09)
New op index: 13	$R_Y$[4]
Current grad: 51.26745890598304
[ 3.14159265  3.14159265  3.14159265  3.14159265  3.14159014  3.14159265
  3.14159265 -3.14132437  3.14159265  3.14159265 -3.14159157  3.14159265
  3.14159265  1.57089267  3.14159265  3.14159265  3.14157895  3.14159265
  3.14159265  3.14159057  3.14159265  3.14159265 -3.14159     3.14159265
  3.14159265  3.14159265  3.14159265  3.14159265  3.14159265  3.14159265
  3.14159265  3.14159265  3.14159265  3.14159265  3.14159265  3.14159265
  3.14159265  3.14159265  3.14159265  3.14159265  3.14159265  3.14159265
  3.14159265  3.14159265  3.14159265] 
 [0.00000000e+00 0.00000000e+00 0.00000000e+00 0.00000000e+00
 3.20753202e-10 0.00000000e+00 0.00000000e+00 4.54926921e-08
 0.00000000e+00 0.00000000e+00 5.99271743e-11 0.00000000e+00
 0.00000000e+00 5.12615841e+01 0.00000000e+00 0.00000000e+00
 1.18928867e-10 0.00000000e+00 0.00000000e+00 2.19870344e-10
 0.00000000e+00 0.00000000e+00 4.44266846e-12 0.00000000e+00
 0.00000000e+00 0.00000000e+00 0.00000000e+00 0.00000000e+00
 0.00000000e+00 0.00000000e+00 0.00000000e+00 0.00000000e+00
 0.00000000e+00 0.00000000e+00 0.00000000e+00 0.00000000e+00
 0.00000000e+00 0.00000000e+00 0.00000000e+00 0.00000000e+00
 0.00000000e+00 0.00000000e+00 0.00000000e+00 0.00000000e+00
 0.00000000e+00]
sweep    1  f = -10.12244898  (Delta f = 0.00125)
sweep    2  f = -10.12244898  (Delta f = 1.28e-10)
New op index: 7	$R_Y$[2]
Current grad: 1.6430157212486424e-05
[ 3.14159265  3.14159264  0.          3.14159265  3.14159265  0.
  3.14159265 -3.14159257  3.14159265  3.14159265 -3.1415926   0.
  3.14159265 -3.14159265  3.14159265  3.14159265 -3.1415926   3.14159265
  3.14159265  3.14159262  0.          3.14159265 -3.14159257  3.14159265
  3.14159265  3.14159265  0.          3.14159265  3.14159265  3.14159265
  3.14159265  3.14159265  3.14159265  3.14159265  3.14159265  0.
  3.14159265  3.14159265  3.14159265  3.14159265  3.14159265  3.14159265
  3.14159265  3.14159265  3.14159265] 
 [0.00000000e+00 7.10542736e-15 1.69926796e-15 0.00000000e+00
 0.00000000e+00 1.74003564e-16 0.00000000e+00 1.91846539e-13
 0.00000000e+00 0.00000000e+00 7.10542736e-14 6.35243408e-17
 0.00000000e+00 0.00000000e+00 0.00000000e+00 0.00000000e+00
 5.68434189e-14 0.00000000e+00 0.00000000e+00 2.84217094e-14
 4.24158107e-17 0.00000000e+00 1.63424829e-13 0.00000000e+00
 0.00000000e+00 0.00000000e+00 1.87327152e-15 0.00000000e+00
 0.00000000e+00 0.00000000e+00 0.00000000e+00 0.00000000e+00
 0.00000000e+00 0.00000000e+00 0.00000000e+00 7.70859468e-17
 0.00000000e+00 0.00000000e+00 0.00000000e+00 0.00000000e+00
 0.00000000e+00 0.00000000e+00 0.00000000e+00 0.00000000e+00
 0.00000000e+00]
Precision cutoff reached.
Calculating energies for FreeWilson2D(N_x=2, N_y=2, mass=-4.367, r=1.000)
h_im: 0.0
New op index: 10	$R_Y$[3]
Current grad: 11.46938775510203
[ 3.14159265 -1.57079633  3.14159265  3.14159265  1.57079633  3.14159265
  3.14159265 -1.57079633  3.14159265  3.14159265  1.17111826  0.
  3.14159265  1.17111826  0.          3.14159265 -1.57079633  3.14159265
  3.14159265  1.57079633  3.14159265  3.14159265 -1.57079633  3.14159265
  3.14159265  3.14159265  3.14159265  3.14159265  3.14159265  3.14159265
  3.14159265  0.          0.          3.14159265  3.14159265  3.14159265
  3.14159265  0.          0.          3.14159265  3.14159265  3.14159265
  3.14159265  3.14159265  3.14159265] 
 [0.         1.18367347 0.         0.         1.68367347 0.
 0.         1.68367347 0.         0.         1.7849447  1.
 0.         1.7849447  1.         0.         1.68367347 0.
 0.         1.68367347 0.         0.         1.18367347 0.
 0.         0.         0.         0.         0.         0.
 0.         1.         1.         0.         0.         0.
 0.         1.         1.         0.         0.         0.
 0.         0.         0.        ]
sweep    1  f = 198.7150553  (Delta f = -8.53e-14)
New op index: 16	$R_Y$[5]
Current grad: 322.4437286232629
[ 3.14159265 -1.57079633  3.14159265  3.14159265 -1.57079633  3.14159265
  3.14159265 -1.57079633  3.14159265  3.14159265 -3.14159265  3.14159265
  0.         -1.57517682  3.14159265  3.14159265 -1.57079633  0.
  3.14159265 -1.57079633  0.          3.14159265 -1.57079633  0.
  3.14159265  3.14159265  3.14159265  3.14159265  3.14159265  3.14159265
  3.14159265  3.14159265  3.14159265  3.14159265  3.14159265  0.
  3.14159265  3.14159265  3.14159265  3.14159265  3.14159265  0.
  3.14159265  3.14159265  0.        ] 
 [0.00000000e+00 4.72429891e+01 0.00000000e+00 0.00000000e+00
 4.43756421e+01 0.00000000e+00 0.00000000e+00 4.70484282e+01
 0.00000000e+00 0.00000000e+00 0.00000000e+00 0.00000000e+00
 4.46454098e-15 4.42209142e+01 0.00000000e+00 0.00000000e+00
 4.77429891e+01 3.46944695e-18 0.00000000e+00 4.43756421e+01
 6.93889390e-18 0.00000000e+00 4.72429891e+01 2.08166817e-17
 0.00000000e+00 0.00000000e+00 0.00000000e+00 0.00000000e+00
 0.00000000e+00 0.00000000e+00 0.00000000e+00 0.00000000e+00
 0.00000000e+00 0.00000000e+00 0.00000000e+00 6.93889390e-18
 0.00000000e+00 0.00000000e+00 0.00000000e+00 0.00000000e+00
 0.00000000e+00 1.04083409e-17 0.00000000e+00 0.00000000e+00
 2.77555756e-17]
sweep    1  f = 147.1302109  (Delta f = 3.84)
sweep    2  f = 147.1302109  (Delta f = 1.71e-13)
New op index: 4	$R_Y$[1]
Current grad: 7.597159055809284
[ 3.14159265 -1.57079633  3.14159265  3.14159265  1.57079633  3.14159265
  3.14159265 -1.57079633  3.14159265  3.14159265  3.14159265  3.14159265
  0.          1.97324461  3.14159265  3.14159265 -3.14159261  3.14159265
  0.          1.96975321  3.14159265  3.14159265 -1.57079633  3.14159265
  3.14159265  3.14159265  3.14159265  3.14159265  3.14159265  3.14159265
  3.14159265  3.14159265  3.14159265  3.14159265  3.14159265  3.14159265
  3.14159265  3.14159265  3.14159265  3.14159265  3.14159265  3.14159265
  3.14159265  3.14159265  3.14159265] 
 [0.00000000e+00 1.18128793e+00 0.00000000e+00 0.00000000e+00
 1.68605901e+00 0.00000000e+00 0.00000000e+00 1.17640380e+00
 0.00000000e+00 0.00000000e+00 0.00000000e+00 0.00000000e+00
 3.18602656e-15 7.84163577e-01 0.00000000e+00 0.00000000e+00
 4.97379915e-14 0.00000000e+00 2.79054848e-16 7.87142578e-01
 0.00000000e+00 0.00000000e+00 1.18128793e+00 0.00000000e+00
 0.00000000e+00 0.00000000e+00 0.00000000e+00 0.00000000e+00
 0.00000000e+00 0.00000000e+00 0.00000000e+00 0.00000000e+00
 0.00000000e+00 0.00000000e+00 0.00000000e+00 0.00000000e+00
 0.00000000e+00 0.00000000e+00 0.00000000e+00 0.00000000e+00
 0.00000000e+00 0.00000000e+00 0.00000000e+00 0.00000000e+00
 0.00000000e+00]
sweep    1  f = 145.3477084  (Delta f = 0.0964)
sweep    2  f = 145.3477084  (Delta f = 3.35e-11)
New op index: 22	$R_Y$[7]
Current grad: 231.48021353201236
[ 3.14159265 -1.58137952  3.14159265  3.14159265 -3.14159094  3.14159265
  3.14159265 -1.58137952  3.14159265  3.14159265 -3.14159196  3.14159265
  0.         -1.58627256  3.14159265  3.14159265  3.14159247  3.14159265
  3.14159265 -1.58193777  3.14159265  0.         -1.57079633  3.14159265
  3.14159265  3.14159265  3.14159265  3.14159265  3.14159265  3.14159265
  3.14159265  3.14159265  3.14159265  3.14159265  3.14159265  3.14159265
  3.14159265  3.14159265  3.14159265  3.14159265  3.14159265  3.14159265
  0.          3.14159265  3.14159265] 
 [0.00000000e+00 4.67456214e+01 0.00000000e+00 0.00000000e+00
 8.24496027e-12 0.00000000e+00 0.00000000e+00 4.67456218e+01
 0.00000000e+00 0.00000000e+00 3.07087689e-13 0.00000000e+00
 1.04147133e-15 4.41864423e+01 0.00000000e+00 0.00000000e+00
 1.70530257e-12 0.00000000e+00 0.00000000e+00 4.43784142e+01
 0.00000000e+00 4.12166050e-14 4.72429756e+01 0.00000000e+00
 0.00000000e+00 0.00000000e+00 0.00000000e+00 0.00000000e+00
 0.00000000e+00 0.00000000e+00 0.00000000e+00 0.00000000e+00
 0.00000000e+00 0.00000000e+00 0.00000000e+00 0.00000000e+00
 0.00000000e+00 0.00000000e+00 0.00000000e+00 0.00000000e+00
 0.00000000e+00 0.00000000e+00 3.23938014e-14 0.00000000e+00
 0.00000000e+00]
sweep    1  f = 94.262864  (Delta f = 3.84)
sweep    2  f = 94.262864  (Delta f = 0)
New op index: 19	$R_Y$[6]
Current grad: 4.734706970861473
[ 3.14159265 -1.97119804  3.14159265  3.14159265 -3.1415926   3.14159265
  3.14159265 -1.97119804  3.14159265  3.14159265  3.14159259  3.14159265
  0.          1.97324459  3.14159265  3.14159265 -3.14159259  0.
  0.          1.96975322  3.14159265  3.14159265 -3.14159258  0.
  3.14159265  3.14159265  3.14159265  3.14159265  3.14159265  3.14159265
  3.14159265  3.14159265  3.14159265  3.14159265  3.14159265  3.14159265
  3.14159265  3.14159265  3.14159265  3.14159265  3.14159265  3.14159265
  3.14159265  3.14159265  3.14159265] 
 [0.00000000e+00 7.82747539e-01 0.00000000e+00 0.00000000e+00
 7.81597009e-14 0.00000000e+00 0.00000000e+00 7.82747539e-01
 0.00000000e+00 0.00000000e+00 9.23705556e-14 0.00000000e+00
 9.13343513e-15 7.84163578e-01 0.00000000e+00 0.00000000e+00
 1.06581410e-13 4.44236177e-25 1.44874290e-14 7.87142532e-01
 0.00000000e+00 0.00000000e+00 1.49213975e-13 2.02138385e-31
 0.00000000e+00 0.00000000e+00 0.00000000e+00 0.00000000e+00
 0.00000000e+00 0.00000000e+00 0.00000000e+00 0.00000000e+00
 0.00000000e+00 0.00000000e+00 0.00000000e+00 0.00000000e+00
 0.00000000e+00 0.00000000e+00 0.00000000e+00 0.00000000e+00
 0.00000000e+00 0.00000000e+00 0.00000000e+00 0.00000000e+00
 0.00000000e+00]
sweep    1  f = 93.44927436  (Delta f = 0.0264)
sweep    2  f = 93.44927436  (Delta f = 1.66e-09)
New op index: 7	$R_Y$[2]
Current grad: 144.410164956452
[ 3.14159265 -1.58101554  3.14159265  3.14159265 -3.14158444  3.14159265
  3.14159265 -1.58101554  3.14159265  3.14159265  3.14157515  3.14159265
  0.         -1.57533476  3.14159265  3.14159265 -3.14159154  0.
  3.14159265 -3.14157631  3.14159265  3.14159265  3.14159153  0.
  3.14159265  3.14159265  3.14159265  3.14159265  3.14159265  3.14159265
  3.14159265  3.14159265  3.14159265  3.14159265  3.14159265  3.14159265
  3.14159265  3.14159265  3.14159265  3.14159265  3.14159265  3.14159265
  3.14159265  3.14159265  3.14159265] 
 [0.00000000e+00 4.84282805e+01 0.00000000e+00 0.00000000e+00
 1.33030920e-10 0.00000000e+00 0.00000000e+00 4.84282814e+01
 0.00000000e+00 0.00000000e+00 3.62423425e-10 0.00000000e+00
 5.80105021e-15 4.63475543e+01 0.00000000e+00 0.00000000e+00
 6.19451157e-11 1.21727274e-12 0.00000000e+00 3.15875770e-10
 0.00000000e+00 0.00000000e+00 6.25419716e-11 1.21727274e-12
 0.00000000e+00 0.00000000e+00 0.00000000e+00 0.00000000e+00
 0.00000000e+00 0.00000000e+00 0.00000000e+00 0.00000000e+00
 0.00000000e+00 0.00000000e+00 0.00000000e+00 0.00000000e+00
 0.00000000e+00 0.00000000e+00 0.00000000e+00 0.00000000e+00
 0.00000000e+00 0.00000000e+00 0.00000000e+00 0.00000000e+00
 0.00000000e+00]
sweep    1  f = 42.89063246  (Delta f = 2.13)
sweep    2  f = 42.89063246  (Delta f = 0)
New op index: 1	$R_Y$[0]
Current grad: 2.3673748332343196
[ 3.14159265 -1.57493121  3.14159265  3.14159265  3.14159264  3.14159265
  3.14159265  3.14159251  3.14159265  3.14159265 -3.14159253  3.14159265
  3.14159265  1.57903245  3.14159265  3.14159265 -3.1415926   0.
  3.14159265 -3.14159256  3.14159265  3.14159265  3.14159255  0.
  3.14159265  3.14159265  3.14159265  3.14159265  3.14159265  3.14159265
  3.14159265  3.14159265  3.14159265  3.14159265  3.14159265  3.14159265
  3.14159265  3.14159265  3.14159265  3.14159265  3.14159265  3.14159265
  3.14159265  3.14159265  3.14159265] 
 [0.00000000e+00 1.17641319e+00 0.00000000e+00 0.00000000e+00
 1.42108547e-14 0.00000000e+00 0.00000000e+00 5.47117907e-13
 0.00000000e+00 0.00000000e+00 3.97903932e-13 0.00000000e+00
 0.00000000e+00 1.17633122e+00 0.00000000e+00 0.00000000e+00
 7.10542736e-14 5.50127344e-15 0.00000000e+00 2.06057393e-13
 0.00000000e+00 0.00000000e+00 2.84217094e-13 5.50127344e-15
 0.00000000e+00 0.00000000e+00 0.00000000e+00 0.00000000e+00
 0.00000000e+00 0.00000000e+00 0.00000000e+00 0.00000000e+00
 0.00000000e+00 0.00000000e+00 0.00000000e+00 0.00000000e+00
 0.00000000e+00 0.00000000e+00 0.00000000e+00 0.00000000e+00
 0.00000000e+00 0.00000000e+00 0.00000000e+00 0.00000000e+00
 0.00000000e+00]
sweep    1  f = 41.7118164  (Delta f = 0.0024)
sweep    2  f = 41.711815  (Delta f = 1.4e-06)
sweep    3  f = 41.71181496  (Delta f = 3.86e-08)
sweep    4  f = 41.71181495  (Delta f = 9.12e-09)
New op index: 13	$R_Y$[4]
Current grad: 51.18498846523035
[ 3.14159265  3.14159265  3.14159265  3.14159265 -3.14159257  3.14159265
  3.14159265 -3.14158458  3.14159265  3.14159265  3.14159247  3.14159265
  3.14159265  1.57089286  3.14159265  3.14159265 -3.14158538  0.
  3.14159265 -3.14159222  3.14159265  3.14159265  3.14158864  0.
  3.14159265  3.14159265  3.14159265  3.14159265  3.14159265  3.14159265
  3.14159265  3.14159265  3.14159265  3.14159265  3.14159265  3.14159265
  3.14159265  3.14159265  3.14159265  3.14159265  3.14159265  3.14159265
  3.14159265  3.14159265  3.14159265] 
 [0.00000000e+00 0.00000000e+00 0.00000000e+00 0.00000000e+00
 3.69482223e-13 0.00000000e+00 0.00000000e+00 3.85687038e-11
 0.00000000e+00 0.00000000e+00 1.67688086e-12 0.00000000e+00
 0.00000000e+00 5.11799534e+01 0.00000000e+00 0.00000000e+00
 3.13415960e-11 7.73041605e-12 0.00000000e+00 9.59232693e-12
 0.00000000e+00 0.00000000e+00 9.50906021e-12 7.73041605e-12
 0.00000000e+00 0.00000000e+00 0.00000000e+00 0.00000000e+00
 0.00000000e+00 0.00000000e+00 0.00000000e+00 0.00000000e+00
 0.00000000e+00 0.00000000e+00 0.00000000e+00 0.00000000e+00
 0.00000000e+00 0.00000000e+00 0.00000000e+00 0.00000000e+00
 0.00000000e+00 0.00000000e+00 0.00000000e+00 0.00000000e+00
 0.00000000e+00]
sweep    1  f = -9.469387755  (Delta f = 0.00125)
sweep    2  f = -9.469387755  (Delta f = 4.84e-11)
New op index: 19	$R_Y$[6]
Current grad: 5.5467669365423276e-06
[ 3.14159265 -3.14159265  0.          3.14159265  3.14159264  0.
  3.14159265 -3.14159264  3.14159265  3.14159265  3.14159264  3.14159265
  3.14159265 -3.14159265  0.          3.14159265 -3.14159265  0.
  3.14159265  3.14159262  0.          3.14159265  3.14159263  0.
  3.14159265  3.14159265  0.          3.14159265  3.14159265  0.
  3.14159265  3.14159265  3.14159265  3.14159265  3.14159265  0.
  3.14159265  3.14159265  0.          3.14159265  3.14159265  0.
  3.14159265  3.14159265  0.        ] 
 [0.00000000e+00 0.00000000e+00 7.40642097e-17 0.00000000e+00
 7.10542736e-15 3.86292045e-16 0.00000000e+00 0.00000000e+00
 0.00000000e+00 0.00000000e+00 7.10542736e-15 0.00000000e+00
 0.00000000e+00 0.00000000e+00 1.35959335e-16 0.00000000e+00
 0.00000000e+00 5.78437764e-18 0.00000000e+00 3.55271368e-14
 7.63538300e-16 0.00000000e+00 1.42108547e-14 1.21721383e-16
 0.00000000e+00 0.00000000e+00 4.60356255e-16 0.00000000e+00
 0.00000000e+00 3.44419249e-16 0.00000000e+00 0.00000000e+00
 0.00000000e+00 0.00000000e+00 0.00000000e+00 2.03023725e-17
 0.00000000e+00 0.00000000e+00 1.41743713e-16 0.00000000e+00
 0.00000000e+00 7.69322678e-16 0.00000000e+00 0.00000000e+00
 8.85259683e-16]
Precision cutoff reached.
Calculating energies for FreeWilson2D(N_x=2, N_y=2, mass=-4.204, r=1.000)
h_im: 0.0
New op index: 10	$R_Y$[3]
Current grad: 10.816326530612235
[ 3.14159265 -1.57079633  3.14159265  3.14159265  1.57079633  3.14159265
  3.14159265 -1.57079633  3.14159265  3.14159265  1.14486667  0.
  3.14159265  1.14486667  0.          3.14159265 -1.57079633  3.14159265
  3.14159265  1.57079633  3.14159265  3.14159265 -1.57079633  3.14159265
  3.14159265  3.14159265  3.14159265  3.14159265  3.14159265  3.14159265
  3.14159265  0.          0.          3.14159265  3.14159265  3.14159265
  3.14159265  0.          0.          3.14159265  3.14159265  3.14159265
  3.14159265  3.14159265  3.14159265] 
 [0.         1.10204082 0.         0.         1.60204082 0.
 0.         1.60204082 0.         0.         1.71016278 1.
 0.         1.71016278 1.         0.         1.60204082 0.
 0.         1.60204082 0.         0.         1.10204082 0.
 0.         0.         0.         0.         0.         0.
 0.         1.         1.         0.         0.         0.
 0.         1.         1.         0.         0.         0.
 0.         0.         0.        ]
sweep    1  f = 198.7898372  (Delta f = 3.69e-13)
New op index: 16	$R_Y$[5]
Current grad: 318.66938744118346
[ 3.14159265 -1.57079633  3.14159265  3.14159265 -1.57079633  3.14159265
  3.14159265 -1.57079633  0.          3.14159265 -3.14159265  3.14159265
  3.14159265 -1.57549401  3.14159265  3.14159265 -1.57079633  0.
  3.14159265 -1.57079633  0.          3.14159265 -1.57079633  0.
  3.14159265  3.14159265  3.14159265  3.14159265  0.          0.
  3.14159265  3.14159265  3.14159265  3.14159265  3.14159265  0.
  3.14159265  3.14159265  3.14159265  3.14159265  3.14159265  0.
  3.14159265  3.14159265  0.        ] 
 [0.00000000e+00 4.66347919e+01 0.00000000e+00 0.00000000e+00
 4.39307103e+01 0.00000000e+00 0.00000000e+00 4.64282082e+01
 5.46437895e-17 0.00000000e+00 0.00000000e+00 0.00000000e+00
 0.00000000e+00 4.37692843e+01 0.00000000e+00 0.00000000e+00
 4.71347919e+01 5.63785130e-17 0.00000000e+00 4.39307103e+01
 3.98986399e-17 0.00000000e+00 4.66347919e+01 1.73472348e-18
 0.00000000e+00 0.00000000e+00 0.00000000e+00 0.00000000e+00
 5.46437895e-17 5.46437895e-17 0.00000000e+00 0.00000000e+00
 0.00000000e+00 0.00000000e+00 0.00000000e+00 3.98986399e-17
 0.00000000e+00 0.00000000e+00 0.00000000e+00 0.00000000e+00
 0.00000000e+00 9.62771529e-17 0.00000000e+00 0.00000000e+00
 4.16333634e-17]
sweep    1  f = 147.2934723  (Delta f = 4.36)
sweep    2  f = 147.2934723  (Delta f = 4.83e-13)
New op index: 4	$R_Y$[1]
Current grad: 7.107361764483845
[ 3.14159265 -1.57079633  3.14159265  3.14159265  1.57079633  3.14159265
  3.14159265 -1.57079633  3.14159265  3.14159265  3.14159254  3.14159265
  3.14159265  1.99958019  3.14159265  3.14159265 -3.1415926   3.14159265
  3.14159265  1.9959104   3.14159265  3.14159265 -1.57079633  3.14159265
  3.14159265  3.14159265  3.14159265  3.14159265  3.14159265  3.14159265
  3.14159265  3.14159265  3.14159265  3.14159265  3.14159265  3.14159265
  3.14159265  3.14159265  3.14159265  3.14159265  3.14159265  3.14159265
  3.14159265  3.14159265  3.14159265] 
 [0.00000000e+00 1.09964771e+00 0.00000000e+00 0.00000000e+00
 1.60443392e+00 0.00000000e+00 0.00000000e+00 1.09475583e+00
 0.00000000e+00 0.00000000e+00 3.26849658e-13 0.00000000e+00
 0.00000000e+00 7.09476336e-01 0.00000000e+00 0.00000000e+00
 8.52651283e-14 0.00000000e+00 0.00000000e+00 7.12342508e-01
 0.00000000e+00 0.00000000e+00 1.09964771e+00 0.00000000e+00
 0.00000000e+00 0.00000000e+00 0.00000000e+00 0.00000000e+00
 0.00000000e+00 0.00000000e+00 0.00000000e+00 0.00000000e+00
 0.00000000e+00 0.00000000e+00 0.00000000e+00 0.00000000e+00
 0.00000000e+00 0.00000000e+00 0.00000000e+00 0.00000000e+00
 0.00000000e+00 0.00000000e+00 0.00000000e+00 0.00000000e+00
 0.00000000e+00]
sweep    1  f = 145.5857556  (Delta f = 0.103)
sweep    2  f = 145.5857556  (Delta f = 3.61e-11)
New op index: 22	$R_Y$[7]
Current grad: 228.7657777958031
[ 3.14159265 -1.58151753  3.14159265  3.14159265 -3.14159211  3.14159265
  3.14159265 -1.58151753  3.14159265  3.14159265 -3.14159242  3.14159265
  0.         -1.58669804  3.14159265  3.14159265 -3.14159264  0.
  0.         -1.58204933  3.14159265  3.14159265 -1.57079633  0.
  3.14159265  3.14159265  3.14159265  3.14159265  3.14159265  3.14159265
  3.14159265  3.14159265  3.14159265  3.14159265  3.14159265  3.14159265
  3.14159265  3.14159265  3.14159265  3.14159265  3.14159265  3.14159265
  0.          3.14159265  3.14159265] 
 [0.00000000e+00 4.61374675e+01 0.00000000e+00 0.00000000e+00
 9.00612918e-13 0.00000000e+00 0.00000000e+00 4.61374676e+01
 0.00000000e+00 0.00000000e+00 3.19744231e-14 0.00000000e+00
 4.31025680e-16 4.37297397e+01 0.00000000e+00 0.00000000e+00
 1.42108547e-14 7.62557127e-25 1.43088135e-14 4.39335188e+01
 0.00000000e+00 0.00000000e+00 4.66347872e+01 6.97933642e-25
 0.00000000e+00 0.00000000e+00 0.00000000e+00 0.00000000e+00
 0.00000000e+00 0.00000000e+00 0.00000000e+00 0.00000000e+00
 0.00000000e+00 0.00000000e+00 0.00000000e+00 0.00000000e+00
 0.00000000e+00 0.00000000e+00 0.00000000e+00 0.00000000e+00
 0.00000000e+00 0.00000000e+00 9.16893404e-15 0.00000000e+00
 0.00000000e+00]
sweep    1  f = 94.58939071  (Delta f = 4.36)
sweep    2  f = 94.58939071  (Delta f = 0)
New op index: 19	$R_Y$[6]
Current grad: 4.4081671322454845
[ 3.14159265 -1.99754453  3.14159265  3.14159265 -3.14159265  3.14159265
  3.14159265 -1.99754453  3.14159265  3.14159265 -3.1415926   3.14159265
  0.          1.99958023  3.14159265  3.14159265 -3.14159265  3.14159265
  3.14159265  1.99591038  3.14159265  3.14159265 -3.14159264  3.14159265
  3.14159265  3.14159265  3.14159265  3.14159265  3.14159265  3.14159265
  3.14159265  3.14159265  3.14159265  3.14159265  3.14159265  3.14159265
  3.14159265  3.14159265  3.14159265  3.14159265  3.14159265  3.14159265
  3.14159265  3.14159265  3.14159265] 
 [0.00000000e+00 7.07983817e-01 0.00000000e+00 0.00000000e+00
 0.00000000e+00 0.00000000e+00 0.00000000e+00 7.07983817e-01
 0.00000000e+00 0.00000000e+00 7.81597009e-14 0.00000000e+00
 9.09717437e-15 7.09476339e-01 0.00000000e+00 0.00000000e+00
 0.00000000e+00 0.00000000e+00 0.00000000e+00 7.12342557e-01
 0.00000000e+00 0.00000000e+00 7.10542736e-15 0.00000000e+00
 0.00000000e+00 0.00000000e+00 0.00000000e+00 0.00000000e+00
 0.00000000e+00 0.00000000e+00 0.00000000e+00 0.00000000e+00
 0.00000000e+00 0.00000000e+00 0.00000000e+00 0.00000000e+00
 0.00000000e+00 0.00000000e+00 0.00000000e+00 0.00000000e+00
 0.00000000e+00 0.00000000e+00 0.00000000e+00 0.00000000e+00
 0.00000000e+00]
sweep    1  f = 93.8536856  (Delta f = 0.0234)
sweep    2  f = 93.8536856  (Delta f = 2.1e-09)
New op index: 1	$R_Y$[0]
Current grad: 144.08659236025068
[ 3.14159265 -1.58104954  3.14159265  3.14159265  3.14157839  3.14159265
  3.14159265 -1.58104954  3.14159265  3.14159265 -3.141582    3.14159265
  3.14159265 -1.57541401  3.14159265  3.14159265 -3.14159197  0.
  3.14159265  3.1415848   3.14159265  3.14159265  3.1415921   0.
  3.14159265  3.14159265  3.14159265  3.14159265  3.14159265  3.14159265
  3.14159265  3.14159265  3.14159265  3.14159265  3.14159265  3.14159265
  3.14159265  3.14159265  3.14159265  3.14159265  3.14159265  3.14159265
  3.14159265  3.14159265  3.14159265] 
 [0.00000000e+00 4.82660481e+01 0.00000000e+00 0.00000000e+00
 4.00978806e-10 0.00000000e+00 0.00000000e+00 4.82660465e+01
 0.00000000e+00 0.00000000e+00 1.31942013e-10 0.00000000e+00
 0.00000000e+00 4.63449010e+01 0.00000000e+00 0.00000000e+00
 2.31779040e-11 3.66893945e-13 0.00000000e+00 7.17048643e-11
 0.00000000e+00 0.00000000e+00 1.51629820e-11 3.66893945e-13
 0.00000000e+00 0.00000000e+00 0.00000000e+00 0.00000000e+00
 0.00000000e+00 0.00000000e+00 0.00000000e+00 0.00000000e+00
 0.00000000e+00 0.00000000e+00 0.00000000e+00 0.00000000e+00
 0.00000000e+00 0.00000000e+00 0.00000000e+00 0.00000000e+00
 0.00000000e+00 0.00000000e+00 0.00000000e+00 0.00000000e+00
 0.00000000e+00]
sweep    1  f = 43.3804169  (Delta f = 2.21)
sweep    2  f = 43.3804169  (Delta f = 0)
New op index: 7	$R_Y$[2]
Current grad: 2.204096713263605
[ 3.14159265 -3.14159257  3.14159265  3.14159265 -3.14159263  3.14159265
  3.14159265 -1.57524539  3.14159265  3.14159265  3.14159265  3.14159265
  0.          1.57965479  3.14159265  3.14159265 -3.14159254  3.14159265
  3.14159265 -3.14159258  3.14159265  3.14159265 -3.14159265  3.14159265
  3.14159265  3.14159265  3.14159265  3.14159265  3.14159265  3.14159265
  3.14159265  3.14159265  3.14159265  3.14159265  3.14159265  3.14159265
  3.14159265  3.14159265  3.14159265  3.14159265  3.14159265  3.14159265
  3.14159265  3.14159265  3.14159265] 
 [0.00000000e+00 1.63424829e-13 0.00000000e+00 0.00000000e+00
 1.42108547e-14 0.00000000e+00 0.00000000e+00 1.09476662e+00
 0.00000000e+00 0.00000000e+00 0.00000000e+00 0.00000000e+00
 2.09908663e-15 1.09469301e+00 0.00000000e+00 0.00000000e+00
 3.12638804e-13 0.00000000e+00 0.00000000e+00 1.49213975e-13
 0.00000000e+00 0.00000000e+00 0.00000000e+00 0.00000000e+00
 0.00000000e+00 0.00000000e+00 0.00000000e+00 0.00000000e+00
 0.00000000e+00 0.00000000e+00 0.00000000e+00 0.00000000e+00
 0.00000000e+00 0.00000000e+00 0.00000000e+00 0.00000000e+00
 0.00000000e+00 0.00000000e+00 0.00000000e+00 0.00000000e+00
 0.00000000e+00 0.00000000e+00 0.00000000e+00 0.00000000e+00
 0.00000000e+00]
sweep    1  f = 42.28324331  (Delta f = 0.00241)
sweep    2  f = 42.28324165  (Delta f = 1.66e-06)
sweep    3  f = 42.28324164  (Delta f = 5.89e-09)
New op index: 13	$R_Y$[4]
Current grad: 51.10489098975121
[ 3.14159265 -3.14118871  3.14159265  3.14159265  3.1415882   3.14159265
  3.14159265  3.14159265  3.14159265  3.14159265  3.14158838  3.14159265
  0.          1.57089309  3.14159265  3.14159265  3.14158954  0.
  3.14159265  3.14158966  3.14159265  3.14159265 -3.14159018  0.
  3.14159265  3.14159265  3.14159265  3.14159265  3.14159265  3.14159265
  3.14159265  3.14159265  3.14159265  3.14159265  3.14159265  3.14159265
  3.14159265  3.14159265  3.14159265  3.14159265  3.14159265  3.14159265
  3.14159265  3.14159265  3.14159265] 
 [0.00000000e+00 8.98110530e-08 0.00000000e+00 0.00000000e+00
 1.00075681e-09 0.00000000e+00 0.00000000e+00 0.00000000e+00
 0.00000000e+00 0.00000000e+00 9.22199206e-10 0.00000000e+00
 2.32573092e-15 5.10983111e+01 0.00000000e+00 0.00000000e+00
 5.35038680e-12 3.34941629e-12 0.00000000e+00 4.53582061e-10
 0.00000000e+00 0.00000000e+00 3.37041506e-12 3.34941629e-12
 0.00000000e+00 0.00000000e+00 0.00000000e+00 0.00000000e+00
 0.00000000e+00 0.00000000e+00 0.00000000e+00 0.00000000e+00
 0.00000000e+00 0.00000000e+00 0.00000000e+00 0.00000000e+00
 0.00000000e+00 0.00000000e+00 0.00000000e+00 0.00000000e+00
 0.00000000e+00 0.00000000e+00 0.00000000e+00 0.00000000e+00
 0.00000000e+00]
sweep    1  f = -8.81632653  (Delta f = 0.00126)
sweep    2  f = -8.816326531  (Delta f = 3.13e-10)
New op index: 1	$R_Y$[0]
Current grad: 1.2033641004114645e-05
[ 3.14159265  3.14159256  0.          3.14159265 -3.14159264  3.14159265
  3.14159265  3.14159265  3.14159265  3.14159265 -3.14159262  3.14159265
  3.14159265 -3.14159265  0.          3.14159265 -3.14159264  3.14159265
  3.14159265  3.14159262  3.14159265  3.14159265 -3.14159261  0.
  3.14159265  3.14159265  0.          3.14159265  3.14159265  3.14159265
  3.14159265  3.14159265  3.14159265  3.14159265  3.14159265  3.14159265
  3.14159265  3.14159265  3.14159265  3.14159265  3.14159265  3.14159265
  3.14159265  3.14159265  0.        ] 
 [0.00000000e+00 2.13162821e-13 3.59696469e-15 0.00000000e+00
 0.00000000e+00 0.00000000e+00 0.00000000e+00 0.00000000e+00
 0.00000000e+00 0.00000000e+00 2.13162821e-14 0.00000000e+00
 0.00000000e+00 0.00000000e+00 1.03301546e-16 0.00000000e+00
 7.10542736e-15 0.00000000e+00 0.00000000e+00 2.84217094e-14
 0.00000000e+00 0.00000000e+00 5.68434189e-14 3.71324977e-15
 0.00000000e+00 0.00000000e+00 2.62623598e-15 0.00000000e+00
 0.00000000e+00 0.00000000e+00 0.00000000e+00 0.00000000e+00
 0.00000000e+00 0.00000000e+00 0.00000000e+00 0.00000000e+00
 0.00000000e+00 0.00000000e+00 0.00000000e+00 0.00000000e+00
 0.00000000e+00 0.00000000e+00 0.00000000e+00 0.00000000e+00
 3.26810374e-15]
Precision cutoff reached.
Calculating energies for FreeWilson2D(N_x=2, N_y=2, mass=-4.041, r=1.000)
h_im: 0.0
New op index: 10	$R_Y$[3]
Current grad: 10.163265306122439
[ 3.14159265 -1.57079633  3.14159265  3.14159265  1.57079633  3.14159265
  3.14159265 -1.57079633  3.14159265  3.14159265  1.11518067  0.
  3.14159265  1.11518067  0.          3.14159265 -1.57079633  3.14159265
  3.14159265  1.57079633  3.14159265  3.14159265 -1.57079633  3.14159265
  3.14159265  3.14159265  3.14159265  3.14159265  3.14159265  3.14159265
  3.14159265  0.          0.          3.14159265  3.14159265  3.14159265
  3.14159265  0.          0.          3.14159265  3.14159265  3.14159265
  3.14159265  3.14159265  3.14159265] 
 [0.         1.02040816 0.         0.         1.52040816 0.
 0.         1.52040816 0.         0.         1.63632426 1.
 0.         1.63632426 1.         0.         1.52040816 0.
 0.         1.52040816 0.         0.         1.02040816 0.
 0.         0.         0.         0.         0.         0.
 0.         1.         1.         0.         0.         0.
 0.         1.         1.         0.         0.         0.
 0.         0.         0.        ]
sweep    1  f = 198.8636757  (Delta f = -2.84e-14)
New op index: 16	$R_Y$[5]
Current grad: 314.14801094072726
[ 3.14159265 -1.57079633  3.14159265  3.14159265 -1.57079633  3.14159265
  3.14159265 -1.57079633  3.14159265  3.14159265  3.14159265  3.14159265
  0.         -1.57586207  3.14159265  0.         -1.57079633  3.14159265
  0.         -1.57079633  3.14159265  0.         -1.57079633  3.14159265
  3.14159265  3.14159265  3.14159265  3.14159265  3.14159265  3.14159265
  3.14159265  3.14159265  3.14159265  3.14159265  3.14159265  3.14159265
  0.          3.14159265  3.14159265  0.          0.          3.14159265
  0.          0.          3.14159265] 
 [0.00000000e+00 4.59199232e+01 0.00000000e+00 0.00000000e+00
 4.33791069e+01 0.00000000e+00 0.00000000e+00 4.56999156e+01
 0.00000000e+00 0.00000000e+00 0.00000000e+00 0.00000000e+00
 3.61247313e-15 4.32106614e+01 0.00000000e+00 9.84013041e-17
 4.64199232e+01 0.00000000e+00 1.36954648e-16 4.33791069e+01
 0.00000000e+00 1.73560854e-16 4.59199232e+01 0.00000000e+00
 0.00000000e+00 0.00000000e+00 0.00000000e+00 0.00000000e+00
 0.00000000e+00 0.00000000e+00 0.00000000e+00 0.00000000e+00
 0.00000000e+00 0.00000000e+00 0.00000000e+00 0.00000000e+00
 1.41583528e-15 0.00000000e+00 0.00000000e+00 7.24547973e-16
 7.21945887e-16 0.00000000e+00 7.52869989e-16 7.52869989e-16
 0.00000000e+00]
sweep    1  f = 147.4567337  (Delta f = 4.99)
sweep    2  f = 147.4567337  (Delta f = 5.68e-13)
New op index: 4	$R_Y$[1]
Current grad: 6.617550266822884
[ 3.14159265 -1.57079633  3.14159265  3.14159265  1.57079633  3.14159265
  3.14159265 -1.57079633  3.14159265  3.14159265 -3.14159263  3.14159265
  0.          2.02934327  3.14159265  3.14159265  3.14159265  3.14159265
  0.          2.02548407  3.14159265  3.14159265 -1.57079633  3.14159265
  3.14159265  3.14159265  3.14159265  3.14159265  3.14159265  3.14159265
  3.14159265  3.14159265  3.14159265  3.14159265  3.14159265  3.14159265
  3.14159265  3.14159265  3.14159265  3.14159265  3.14159265  3.14159265
  3.14159265  3.14159265  3.14159265] 
 [0.00000000e+00 1.01800733e+00 0.00000000e+00 0.00000000e+00
 1.52280900e+00 0.00000000e+00 0.00000000e+00 1.01310755e+00
 0.00000000e+00 0.00000000e+00 1.42108547e-14 0.00000000e+00
 4.54076975e-15 6.35741287e-01 0.00000000e+00 0.00000000e+00
 0.00000000e+00 0.00000000e+00 3.20963500e-15 6.38480676e-01
 0.00000000e+00 0.00000000e+00 1.01800733e+00 0.00000000e+00
 0.00000000e+00 0.00000000e+00 0.00000000e+00 0.00000000e+00
 0.00000000e+00 0.00000000e+00 0.00000000e+00 0.00000000e+00
 0.00000000e+00 0.00000000e+00 0.00000000e+00 0.00000000e+00
 0.00000000e+00 0.00000000e+00 0.00000000e+00 0.00000000e+00
 0.00000000e+00 0.00000000e+00 0.00000000e+00 0.00000000e+00
 0.00000000e+00]
sweep    1  f = 145.8228594  (Delta f = 0.111)
sweep    2  f = 145.8228594  (Delta f = 7.96e-13)
New op index: 22	$R_Y$[7]
Current grad: 225.51786862685628
[ 3.14159265 -1.58168442  3.14159265  3.14159265 -3.14159231  3.14159265
  3.14159265 -1.58168442  3.14159265  3.14159265 -3.14159152  3.14159265
  0.         -1.58720377  3.14159265  3.14159265  3.14159259  3.14159265
  0.         -1.58219078  3.14159265  3.14159265 -1.57079633  3.14159265
  3.14159265  3.14159265  3.14159265  3.14159265  3.14159265  3.14159265
  3.14159265  3.14159265  3.14159265  3.14159265  3.14159265  3.14159265
  3.14159265  3.14159265  3.14159265  3.14159265  3.14159265  3.14159265
  0.          3.14159265  3.14159265] 
 [0.00000000e+00 4.54226204e+01 0.00000000e+00 0.00000000e+00
 3.89910326e-13 0.00000000e+00 0.00000000e+00 4.54226204e+01
 0.00000000e+00 0.00000000e+00 7.29638572e-13 0.00000000e+00
 1.03792754e-14 4.31649808e+01 0.00000000e+00 0.00000000e+00
 1.84741111e-13 0.00000000e+00 1.44010016e-14 4.33819307e+01
 0.00000000e+00 0.00000000e+00 4.59198983e+01 0.00000000e+00
 0.00000000e+00 0.00000000e+00 0.00000000e+00 0.00000000e+00
 0.00000000e+00 0.00000000e+00 0.00000000e+00 0.00000000e+00
 0.00000000e+00 0.00000000e+00 0.00000000e+00 0.00000000e+00
 0.00000000e+00 0.00000000e+00 0.00000000e+00 0.00000000e+00
 0.00000000e+00 0.00000000e+00 4.57326212e-15 0.00000000e+00
 0.00000000e+00]
sweep    1  f = 94.91591741  (Delta f = 4.99)
sweep    2  f = 94.91591741  (Delta f = 0)
New op index: 19	$R_Y$[6]
Current grad: 4.081641074588338
[ 3.14159265 -2.02734341  3.14159265  3.14159265 -3.14159265  3.14159265
  3.14159265 -2.02734341  3.14159265  3.14159265  3.14159262  3.14159265
  3.14159265  2.02934326  3.14159265  3.14159265 -3.14159264  3.14159265
  0.          2.02548408  3.14159265  3.14159265 -3.14159254  0.
  3.14159265  3.14159265  3.14159265  3.14159265  3.14159265  3.14159265
  3.14159265  3.14159265  3.14159265  3.14159265  3.14159265  3.14159265
  3.14159265  3.14159265  3.14159265  3.14159265  3.14159265  3.14159265
  3.14159265  3.14159265  3.14159265] 
 [0.00000000e+00 6.34168845e-01 0.00000000e+00 0.00000000e+00
 0.00000000e+00 0.00000000e+00 0.00000000e+00 6.34168845e-01
 0.00000000e+00 0.00000000e+00 2.84217094e-14 0.00000000e+00
 0.00000000e+00 6.35741287e-01 0.00000000e+00 0.00000000e+00
 7.10542736e-15 0.00000000e+00 7.98839421e-15 6.38480653e-01
 0.00000000e+00 0.00000000e+00 3.12638804e-13 2.96420179e-31
 0.00000000e+00 0.00000000e+00 0.00000000e+00 0.00000000e+00
 0.00000000e+00 0.00000000e+00 0.00000000e+00 0.00000000e+00
 0.00000000e+00 0.00000000e+00 0.00000000e+00 0.00000000e+00
 0.00000000e+00 0.00000000e+00 0.00000000e+00 0.00000000e+00
 0.00000000e+00 0.00000000e+00 0.00000000e+00 0.00000000e+00
 0.00000000e+00]
sweep    1  f = 94.25752156  (Delta f = 0.0199)
sweep    2  f = 94.25752155  (Delta f = 3e-10)
New op index: 7	$R_Y$[2]
Current grad: 141.8612816957774
[ 3.14159265 -1.58121971  3.14159265  3.14159265 -3.14158911  3.14159265
  3.14159265 -1.58121971  3.14159265  3.14159265 -3.14159004  3.14159265
  0.         -1.57574512  3.14159265  3.14159265 -3.14159188  0.
  3.14159265  3.14159102  3.14159265  3.14159265  3.14159228  0.
  3.14159265  3.14159265  3.14159265  3.14159265  3.14159265  3.14159265
  3.14159265  3.14159265  3.14159265  3.14159265  3.14159265  3.14159265
  3.14159265  3.14159265  3.14159265  3.14159265  3.14159265  3.14159265
  3.14159265  3.14159265  3.14159265] 
 [0.00000000e+00 4.74699249e+01 0.00000000e+00 0.00000000e+00
 2.87876389e-11 0.00000000e+00 0.00000000e+00 4.74699252e+01
 0.00000000e+00 0.00000000e+00 1.24176225e-11 0.00000000e+00
 6.94204028e-15 4.56997820e+01 0.00000000e+00 0.00000000e+00
 2.95301561e-11 2.71561780e-13 0.00000000e+00 2.11120010e-12
 0.00000000e+00 0.00000000e+00 6.83542112e-12 2.71561780e-13
 0.00000000e+00 0.00000000e+00 0.00000000e+00 0.00000000e+00
 0.00000000e+00 0.00000000e+00 0.00000000e+00 0.00000000e+00
 0.00000000e+00 0.00000000e+00 0.00000000e+00 0.00000000e+00
 0.00000000e+00 0.00000000e+00 0.00000000e+00 0.00000000e+00
 0.00000000e+00 0.00000000e+00 0.00000000e+00 0.00000000e+00
 0.00000000e+00]
sweep    1  f = 43.87020085  (Delta f = 2.92)
sweep    2  f = 43.87020085  (Delta f = 0)
New op index: 1	$R_Y$[0]
Current grad: 2.0408286478643696
[ 3.14159265 -1.57560983  3.14159265  3.14159265 -3.14159256  3.14159265
  3.14159265  3.14159264  3.14159265  3.14159265  3.14159264  3.14159265
  0.          1.58037743  3.14159265  3.14159265  3.14159265  0.
  3.14159265 -3.14159256  3.14159265  3.14159265 -3.14159264  0.
  3.14159265  3.14159265  3.14159265  3.14159265  3.14159265  3.14159265
  3.14159265  3.14159265  3.14159265  3.14159265  3.14159265  3.14159265
  3.14159265  3.14159265  3.14159265  3.14159265  3.14159265  3.14159265
  3.14159265  3.14159265  3.14159265] 
 [0.00000000e+00 1.01311872e+00 0.00000000e+00 0.00000000e+00
 2.13162821e-13 0.00000000e+00 0.00000000e+00 7.10542736e-15
 0.00000000e+00 0.00000000e+00 0.00000000e+00 0.00000000e+00
 3.40156109e-15 1.01305667e+00 0.00000000e+00 0.00000000e+00
 0.00000000e+00 5.64073388e-17 0.00000000e+00 2.27373675e-13
 0.00000000e+00 0.00000000e+00 1.42108547e-14 5.64073395e-17
 0.00000000e+00 0.00000000e+00 0.00000000e+00 0.00000000e+00
 0.00000000e+00 0.00000000e+00 0.00000000e+00 0.00000000e+00
 0.00000000e+00 0.00000000e+00 0.00000000e+00 0.00000000e+00
 0.00000000e+00 0.00000000e+00 0.00000000e+00 0.00000000e+00
 0.00000000e+00 0.00000000e+00 0.00000000e+00 0.00000000e+00
 0.00000000e+00]
sweep    1  f = 42.85467024  (Delta f = 0.00241)
sweep    2  f = 42.85466823  (Delta f = 2.01e-06)
sweep    3  f = 42.85466811  (Delta f = 1.17e-07)
sweep    4  f = 42.85466811  (Delta f = 2.35e-10)
New op index: 13	$R_Y$[4]
Current grad: 51.02190480270562
[ 3.14159265 -3.14159265  3.14159265  3.14159265  3.14159206  3.14159265
  3.14159265 -3.14149211  3.14159265  3.14159265  3.14159258  3.14159265
  0.          1.57089332  3.14159265  3.14159265  3.14159186  3.14159265
  3.14159265 -3.14159166  3.14159265  3.14159265  3.1415913   3.14159265
  3.14159265  3.14159265  3.14159265  3.14159265  3.14159265  3.14159265
  3.14159265  3.14159265  3.14159265  3.14159265  3.14159265  3.14159265
  3.14159265  3.14159265  3.14159265  3.14159265  3.14159265  3.14159265
  3.14159265  3.14159265  3.14159265] 
 [0.00000000e+00 0.00000000e+00 0.00000000e+00 0.00000000e+00
 1.77635684e-11 0.00000000e+00 0.00000000e+00 5.15100895e-09
 0.00000000e+00 0.00000000e+00 2.70006240e-13 0.00000000e+00
 6.67472886e-15 5.10166836e+01 0.00000000e+00 0.00000000e+00
 3.20632410e-13 0.00000000e+00 0.00000000e+00 5.00506303e-11
 0.00000000e+00 0.00000000e+00 9.29478716e-13 0.00000000e+00
 0.00000000e+00 0.00000000e+00 0.00000000e+00 0.00000000e+00
 0.00000000e+00 0.00000000e+00 0.00000000e+00 0.00000000e+00
 0.00000000e+00 0.00000000e+00 0.00000000e+00 0.00000000e+00
 0.00000000e+00 0.00000000e+00 0.00000000e+00 0.00000000e+00
 0.00000000e+00 0.00000000e+00 0.00000000e+00 0.00000000e+00
 0.00000000e+00]
sweep    1  f = -8.163265306  (Delta f = 0.00125)
sweep    2  f = -8.163265306  (Delta f = 6.49e-11)
New op index: 19	$R_Y$[6]
Current grad: 1.5478523005363705e-05
[ 3.14159265 -3.14159262  3.14159265  3.14159265  3.14159261  0.
  3.14159265  3.14159265  0.          3.14159265 -3.14159262  0.
  3.14159265 -3.14159265  0.          3.14159265 -3.14159263  3.14159265
  3.14159265  3.14159251  0.          3.14159265 -3.14159263  3.14159265
  3.14159265  3.14159265  0.          3.14159265  3.14159265  0.
  3.14159265  3.14159265  0.          3.14159265  3.14159265  0.
  3.14159265  3.14159265  3.14159265  3.14159265  3.14159265  0.
  3.14159265  3.14159265  0.        ] 
 [0.00000000e+00 2.84217094e-14 0.00000000e+00 0.00000000e+00
 4.97379915e-14 7.17189434e-15 0.00000000e+00 0.00000000e+00
 2.05290590e-16 0.00000000e+00 2.13162821e-14 1.25797541e-15
 0.00000000e+00 0.00000000e+00 7.59716837e-17 0.00000000e+00
 1.42108547e-14 0.00000000e+00 0.00000000e+00 4.97379915e-13
 5.98989061e-15 0.00000000e+00 1.42108547e-14 0.00000000e+00
 0.00000000e+00 0.00000000e+00 6.38848559e-15 0.00000000e+00
 0.00000000e+00 7.37718493e-15 0.00000000e+00 0.00000000e+00
 1.46326600e-15 0.00000000e+00 0.00000000e+00 1.30757506e-15
 0.00000000e+00 0.00000000e+00 0.00000000e+00 0.00000000e+00
 0.00000000e+00 5.42048410e-15 0.00000000e+00 0.00000000e+00
 4.43178477e-15]
Precision cutoff reached.
Calculating energies for FreeWilson2D(N_x=2, N_y=2, mass=-3.878, r=1.000)
h_im: 0.0
New op index: 10	$R_Y$[3]
Current grad: 9.510204081632645
[ 3.14159265 -1.57079633  3.14159265  3.14159265  1.57079633  3.14159265
  3.14159265 -1.57079633  3.14159265  3.14159265  1.08140333  0.
  3.14159265  1.08140333  0.          3.14159265 -1.57079633  3.14159265
  3.14159265  1.57079633  3.14159265  3.14159265 -1.57079633  3.14159265
  3.14159265  3.14159265  3.14159265  3.14159265  3.14159265  3.14159265
  3.14159265  0.          0.          3.14159265  3.14159265  3.14159265
  3.14159265  0.          0.          3.14159265  3.14159265  3.14159265
  3.14159265  3.14159265  3.14159265] 
 [0.         0.93877551 0.         0.         1.43877551 0.
 0.         1.43877551 0.         0.         1.56362562 1.
 0.         1.56362562 1.         0.         1.43877551 0.
 0.         1.43877551 0.         0.         0.93877551 0.
 0.         0.         0.         0.         0.         0.
 0.         1.         1.         0.         0.         0.
 0.         1.         1.         0.         0.         0.
 0.         0.         0.        ]
sweep    1  f = 198.9363744  (Delta f = -2.84e-13)
New op index: 16	$R_Y$[5]
Current grad: 308.6788505806827
[ 3.14159265 -1.57079633  3.14159265  3.14159265 -1.57079633  3.14159265
  3.14159265 -1.57079633  3.14159265  3.14159265  3.14159265  3.14159265
  3.14159265 -1.5762943   3.14159265  3.14159265 -1.57079633  3.14159265
  3.14159265 -1.57079633  0.          3.14159265 -1.57079633  3.14159265
  3.14159265  3.14159265  3.14159265  3.14159265  3.14159265  3.14159265
  3.14159265  3.14159265  3.14159265  3.14159265  3.14159265  0.
  3.14159265  3.14159265  3.14159265  3.14159265  3.14159265  0.
  3.14159265  3.14159265  0.        ] 
 [0.00000000e+00 4.50696940e+01 0.00000000e+00 0.00000000e+00
 4.26921430e+01 0.00000000e+00 0.00000000e+00 4.48346489e+01
 0.00000000e+00 0.00000000e+00 0.00000000e+00 0.00000000e+00
 0.00000000e+00 4.25164348e+01 0.00000000e+00 0.00000000e+00
 4.55696940e+01 0.00000000e+00 0.00000000e+00 4.26921430e+01
 4.16333634e-17 0.00000000e+00 4.50696940e+01 0.00000000e+00
 0.00000000e+00 0.00000000e+00 0.00000000e+00 0.00000000e+00
 0.00000000e+00 0.00000000e+00 0.00000000e+00 0.00000000e+00
 0.00000000e+00 0.00000000e+00 0.00000000e+00 4.16333634e-17
 0.00000000e+00 0.00000000e+00 0.00000000e+00 0.00000000e+00
 0.00000000e+00 2.77555756e-17 0.00000000e+00 0.00000000e+00
 2.77555756e-17]
sweep    1  f = 147.6199951  (Delta f = 5.75)
sweep    2  f = 147.6199951  (Delta f = 0)
New op index: 4	$R_Y$[1]
Current grad: 6.12775171474789
[ 3.14159265 -1.57079633  3.14159265  3.14159265  1.57079633  3.14159265
  3.14159265 -1.57079633  3.14159265  3.14159265  3.14159259  3.14159265
  3.14159265  2.06318477  3.14159265  3.14159265  3.1415926   0.
  0.          2.05912697  3.14159265  0.         -1.57079633  0.
  3.14159265  3.14159265  3.14159265  3.14159265  3.14159265  3.14159265
  3.14159265  3.14159265  3.14159265  3.14159265  3.14159265  3.14159265
  3.14159265  3.14159265  3.14159265  3.14159265  3.14159265  3.14159265
  0.          3.14159265  3.14159265] 
 [0.00000000e+00 9.36367014e-01 0.00000000e+00 0.00000000e+00
 1.44118401e+00 0.00000000e+00 0.00000000e+00 9.31459430e-01
 0.00000000e+00 0.00000000e+00 1.06581410e-13 0.00000000e+00
 0.00000000e+00 5.63155592e-01 0.00000000e+00 0.00000000e+00
 8.52651283e-14 1.79726496e-24 5.84916754e-16 5.65751978e-01
 0.00000000e+00 1.16904421e-14 9.36367014e-01 1.94016869e-24
 0.00000000e+00 0.00000000e+00 0.00000000e+00 0.00000000e+00
 0.00000000e+00 0.00000000e+00 0.00000000e+00 0.00000000e+00
 0.00000000e+00 0.00000000e+00 0.00000000e+00 0.00000000e+00
 0.00000000e+00 0.00000000e+00 0.00000000e+00 0.00000000e+00
 0.00000000e+00 0.00000000e+00 7.09973345e-15 0.00000000e+00
 0.00000000e+00]
sweep    1  f = 146.0588234  (Delta f = 0.12)
sweep    2  f = 146.0588234  (Delta f = 9.17e-11)
New op index: 22	$R_Y$[7]
Current grad: 221.59354115352272
[ 3.14159265 -1.58188979  3.14159265  3.14159265  3.1415926   3.14159265
  3.14159265 -1.58188979  3.14159265  3.14159265  3.14159129  3.14159265
  0.         -1.58781269  3.14159265  3.14159265  3.14159254  3.14159265
  0.         -1.58237198  3.14159265  3.14159265 -1.57079633  3.14159265
  3.14159265  3.14159265  3.14159265  3.14159265  3.14159265  3.14159265
  3.14159265  3.14159265  3.14159265  3.14159265  3.14159265  3.14159265
  3.14159265  3.14159265  3.14159265  3.14159265  3.14159265  3.14159265
  3.14159265  3.14159265  3.14159265] 
 [0.00000000e+00 4.45724994e+01 0.00000000e+00 0.00000000e+00
 1.15463195e-14 0.00000000e+00 0.00000000e+00 4.45724994e+01
 0.00000000e+00 0.00000000e+00 9.88986670e-13 0.00000000e+00
 3.81532957e-15 4.24633846e+01 0.00000000e+00 0.00000000e+00
 6.39488462e-13 0.00000000e+00 9.13193840e-15 4.26950690e+01
 0.00000000e+00 0.00000000e+00 4.50697260e+01 0.00000000e+00
 0.00000000e+00 0.00000000e+00 0.00000000e+00 0.00000000e+00
 0.00000000e+00 0.00000000e+00 0.00000000e+00 0.00000000e+00
 0.00000000e+00 0.00000000e+00 0.00000000e+00 0.00000000e+00
 0.00000000e+00 0.00000000e+00 0.00000000e+00 0.00000000e+00
 0.00000000e+00 0.00000000e+00 0.00000000e+00 0.00000000e+00
 0.00000000e+00]
sweep    1  f = 95.24244409  (Delta f = 5.75)
sweep    2  f = 95.24244409  (Delta f = 1.14e-13)
New op index: 19	$R_Y$[6]
Current grad: 3.755103586183054
[ 3.14159265 -2.06125595  3.14159265  3.14159265 -3.14159264  3.14159265
  3.14159265 -2.06125595  3.14159265  3.14159265 -3.14159265  3.14159265
  3.14159265  2.06318477  3.14159265  3.14159265  3.14159264  0.
  3.14159265  2.05912695  3.14159265  3.14159265  3.14159265  3.14159265
  3.14159265  3.14159265  3.14159265  3.14159265  3.14159265  3.14159265
  3.14159265  3.14159265  3.14159265  3.14159265  3.14159265  3.14159265
  3.14159265  3.14159265  3.14159265  3.14159265  3.14159265  3.14159265
  3.14159265  3.14159265  3.14159265] 
 [0.00000000e+00 5.61500411e-01 0.00000000e+00 0.00000000e+00
 0.00000000e+00 0.00000000e+00 0.00000000e+00 5.61500412e-01
 0.00000000e+00 0.00000000e+00 0.00000000e+00 0.00000000e+00
 0.00000000e+00 5.63155624e-01 0.00000000e+00 0.00000000e+00
 0.00000000e+00 2.36229116e-25 0.00000000e+00 5.65752033e-01
 0.00000000e+00 0.00000000e+00 0.00000000e+00 0.00000000e+00
 0.00000000e+00 0.00000000e+00 0.00000000e+00 0.00000000e+00
 0.00000000e+00 0.00000000e+00 0.00000000e+00 0.00000000e+00
 0.00000000e+00 0.00000000e+00 0.00000000e+00 0.00000000e+00
 0.00000000e+00 0.00000000e+00 0.00000000e+00 0.00000000e+00
 0.00000000e+00 0.00000000e+00 0.00000000e+00 0.00000000e+00
 0.00000000e+00]
sweep    1  f = 94.65996112  (Delta f = 0.0167)
sweep    2  f = 94.65996112  (Delta f = 9.17e-11)
New op index: 1	$R_Y$[0]
Current grad: 138.98755958189616
[ 3.14159265 -1.58144441  3.14159265  3.14159265  3.14159111  3.14159265
  3.14159265 -1.58144441  3.14159265  3.14159265 -3.14158788  3.14159265
  3.14159265 -1.57617112  3.14159265  3.14159265 -3.14159265  3.14159265
  3.14159265  3.14158401  3.14159265  3.14159265 -3.14159259  3.14159265
  3.14159265  3.14159265  3.14159265  3.14159265  3.14159265  3.14159265
  3.14159265  3.14159265  3.14159265  3.14159265  3.14159265  3.14159265
  3.14159265  3.14159265  3.14159265  3.14159265  3.14159265  3.14159265
  3.14159265  3.14159265  3.14159265] 
 [0.00000000e+00 4.64576828e+01 0.00000000e+00 0.00000000e+00
 6.45616893e-12 0.00000000e+00 0.00000000e+00 4.64576827e+01
 0.00000000e+00 0.00000000e+00 5.31521493e-11 0.00000000e+00
 0.00000000e+00 4.48358366e+01 0.00000000e+00 0.00000000e+00
 0.00000000e+00 0.00000000e+00 0.00000000e+00 4.94753127e-11
 0.00000000e+00 0.00000000e+00 1.84741111e-13 0.00000000e+00
 0.00000000e+00 0.00000000e+00 0.00000000e+00 0.00000000e+00
 0.00000000e+00 0.00000000e+00 0.00000000e+00 0.00000000e+00
 0.00000000e+00 0.00000000e+00 0.00000000e+00 0.00000000e+00
 0.00000000e+00 0.00000000e+00 0.00000000e+00 0.00000000e+00
 0.00000000e+00 0.00000000e+00 0.00000000e+00 0.00000000e+00
 0.00000000e+00]
sweep    1  f = 44.35998522  (Delta f = 3.84)
sweep    2  f = 44.35998522  (Delta f = 0)
New op index: 7	$R_Y$[2]
Current grad: 1.8775686409424803
[ 3.14159265 -3.14159262  3.14159265  3.14159265 -3.14159252  3.14159265
  3.14159265 -1.57603792  3.14159265  3.14159265 -3.14159256  3.14159265
  0.          1.5812246   3.14159265  3.14159265 -3.14159264  3.14159265
  3.14159265 -3.14159265  3.14159265  3.14159265 -3.14159259  3.14159265
  3.14159265  3.14159265  3.14159265  3.14159265  3.14159265  3.14159265
  3.14159265  3.14159265  3.14159265  3.14159265  3.14159265  3.14159265
  3.14159265  3.14159265  3.14159265  3.14159265  3.14159265  3.14159265
  3.14159265  3.14159265  3.14159265] 
 [0.00000000e+00 3.55271368e-14 0.00000000e+00 0.00000000e+00
 4.83169060e-13 0.00000000e+00 0.00000000e+00 9.31472178e-01
 0.00000000e+00 0.00000000e+00 1.98951966e-13 0.00000000e+00
 1.38657328e-15 9.31419518e-01 0.00000000e+00 0.00000000e+00
 1.42108547e-14 0.00000000e+00 0.00000000e+00 0.00000000e+00
 0.00000000e+00 0.00000000e+00 9.94759830e-14 0.00000000e+00
 0.00000000e+00 0.00000000e+00 0.00000000e+00 0.00000000e+00
 0.00000000e+00 0.00000000e+00 0.00000000e+00 0.00000000e+00
 0.00000000e+00 0.00000000e+00 0.00000000e+00 0.00000000e+00
 0.00000000e+00 0.00000000e+00 0.00000000e+00 0.00000000e+00
 0.00000000e+00 0.00000000e+00 0.00000000e+00 0.00000000e+00
 0.00000000e+00]
sweep    1  f = 43.42609727  (Delta f = 0.00242)
sweep    2  f = 43.42609488  (Delta f = 2.39e-06)
sweep    3  f = 43.42609469  (Delta f = 1.86e-07)
sweep    4  f = 43.42609469  (Delta f = 5.66e-10)
New op index: 13	$R_Y$[4]
Current grad: 50.940443567402895
[ 3.14159265 -3.14141881  3.14159265  3.14159265 -3.14159103  3.14159265
  3.14159265  3.14159265  3.14159265  3.14159265  3.14159191  3.14159265
  3.14159265  1.57089356  3.14159265  3.14159265 -3.14159205  3.14159265
  3.14159265 -3.14159228  3.14159265  3.14159265  3.14158982  3.14159265
  3.14159265  3.14159265  3.14159265  3.14159265  3.14159265  3.14159265
  3.14159265  3.14159265  3.14159265  3.14159265  3.14159265  3.14159265
  3.14159265  3.14159265  3.14159265  3.14159265  3.14159265  3.14159265
  3.14159265  3.14159265  3.14159265] 
 [0.00000000e+00 1.41678906e-08 0.00000000e+00 0.00000000e+00
 1.32772016e-10 0.00000000e+00 0.00000000e+00 0.00000000e+00
 0.00000000e+00 0.00000000e+00 2.81517032e-11 0.00000000e+00
 0.00000000e+00 5.09350476e+01 0.00000000e+00 0.00000000e+00
 1.73527859e-13 0.00000000e+00 0.00000000e+00 7.13384907e-12
 0.00000000e+00 0.00000000e+00 3.75943721e-12 0.00000000e+00
 0.00000000e+00 0.00000000e+00 0.00000000e+00 0.00000000e+00
 0.00000000e+00 0.00000000e+00 0.00000000e+00 0.00000000e+00
 0.00000000e+00 0.00000000e+00 0.00000000e+00 0.00000000e+00
 0.00000000e+00 0.00000000e+00 0.00000000e+00 0.00000000e+00
 0.00000000e+00 0.00000000e+00 0.00000000e+00 0.00000000e+00
 0.00000000e+00]
sweep    1  f = -7.510204082  (Delta f = 0.00125)
sweep    2  f = -7.510204082  (Delta f = 1.28e-10)
New op index: 19	$R_Y$[6]
Current grad: 1.7919136649503835e-05
[ 3.14159265  3.14159265  3.14159265  3.14159265 -3.14159263  3.14159265
  3.14159265  3.14159264  0.          3.14159265 -3.14159263  3.14159265
  3.14159265 -3.14159264  0.          3.14159265 -3.14159255  0.
  3.14159265  3.14159249  3.14159265  3.14159265  3.14159265  0.
  3.14159265  3.14159265  3.14159265  3.14159265  3.14159265  3.14159265
  3.14159265  3.14159265  0.          3.14159265  3.14159265  0.
  3.14159265  3.14159265  0.          3.14159265  3.14159265  3.14159265
  3.14159265  3.14159265  3.14159265] 
 [0.00000000e+00 0.00000000e+00 0.00000000e+00 0.00000000e+00
 2.13162821e-14 0.00000000e+00 0.00000000e+00 7.10542736e-15
 1.18470547e-15 0.00000000e+00 1.42108547e-14 0.00000000e+00
 0.00000000e+00 7.10542736e-15 2.62748338e-15 0.00000000e+00
 2.70006240e-13 1.27346654e-15 0.00000000e+00 7.03437308e-13
 0.00000000e+00 0.00000000e+00 0.00000000e+00 5.99412403e-17
 0.00000000e+00 0.00000000e+00 0.00000000e+00 0.00000000e+00
 0.00000000e+00 0.00000000e+00 0.00000000e+00 0.00000000e+00
 8.38182487e-16 0.00000000e+00 0.00000000e+00 1.63077200e-15
 0.00000000e+00 0.00000000e+00 3.90094992e-15 0.00000000e+00
 0.00000000e+00 0.00000000e+00 0.00000000e+00 0.00000000e+00
 0.00000000e+00]
Precision cutoff reached.
Calculating energies for FreeWilson2D(N_x=2, N_y=2, mass=-3.714, r=1.000)
h_im: 0.0
New op index: 10	$R_Y$[3]
Current grad: 8.85714285714285
[ 3.14159265 -1.57079633  3.14159265  3.14159265  1.57079633  3.14159265
  3.14159265 -1.57079633  3.14159265  3.14159265  1.04272188  0.
  3.14159265  1.04272188  0.          3.14159265 -1.57079633  3.14159265
  3.14159265  1.57079633  3.14159265  3.14159265 -1.57079633  3.14159265
  3.14159265  3.14159265  3.14159265  3.14159265  3.14159265  3.14159265
  3.14159265  0.          0.          3.14159265  3.14159265  3.14159265
  3.14159265  0.          0.          3.14159265  3.14159265  3.14159265
  3.14159265  3.14159265  3.14159265] 
 [0.         0.85714286 0.         0.         1.35714286 0.
 0.         1.35714286 0.         0.         1.49231743 1.
 0.         1.49231743 1.         0.         1.35714286 0.
 0.         1.35714286 0.         0.         0.85714286 0.
 0.         0.         0.         0.         0.         0.
 0.         1.         1.         0.         0.         0.
 0.         1.         1.         0.         0.         0.
 0.         0.         0.        ]
sweep    1  f = 199.0076826  (Delta f = 0)
New op index: 16	$R_Y$[5]
Current grad: 301.99593320838574
[ 3.14159265 -1.57079633  3.14159265  3.14159265 -1.57079633  3.14159265
  3.14159265 -1.57079633  3.14159265  3.14159265  3.14159265  3.14159265
  0.         -1.57680905  3.14159265  3.14159265 -1.57079633  3.14159265
  3.14159265 -1.57079633  0.          0.         -1.57079633  3.14159265
  3.14159265  3.14159265  3.14159265  3.14159265  3.14159265  3.14159265
  3.14159265  3.14159265  3.14159265  3.14159265  3.14159265  0.
  0.          3.14159265  3.14159265  0.          0.          3.14159265
  0.          0.          3.14159265] 
 [0.00000000e+00 4.40460879e+01 0.00000000e+00 0.00000000e+00
 4.18318022e+01 0.00000000e+00 0.00000000e+00 4.37941524e+01
 0.00000000e+00 0.00000000e+00 0.00000000e+00 0.00000000e+00
 4.90084164e-15 4.16487346e+01 0.00000000e+00 0.00000000e+00
 4.45460879e+01 0.00000000e+00 0.00000000e+00 4.18318022e+01
 2.08166817e-17 2.12677098e-15 4.40460879e+01 0.00000000e+00
 0.00000000e+00 0.00000000e+00 0.00000000e+00 0.00000000e+00
 0.00000000e+00 0.00000000e+00 0.00000000e+00 0.00000000e+00
 0.00000000e+00 0.00000000e+00 0.00000000e+00 2.08166817e-17
 4.56529655e-15 0.00000000e+00 0.00000000e+00 3.46944695e-16
 2.81025203e-16 0.00000000e+00 3.15620546e-15 3.17008324e-15
 0.00000000e+00]
sweep    1  f = 147.7832565  (Delta f = 6.68)
sweep    2  f = 147.7832565  (Delta f = 0)
New op index: 4	$R_Y$[1]
Current grad: 5.637943164308519
[ 3.14159265 -1.57079633  3.14159265  3.14159265  1.57079633  3.14159265
  3.14159265 -1.57079633  3.14159265  3.14159265  3.14159262  3.14159265
  3.14159265  2.10190865  3.14159265  3.14159265 -3.14159265  0.
  3.14159265  2.09764645  3.14159265  0.         -1.57079633  0.
  3.14159265  3.14159265  3.14159265  3.14159265  3.14159265  3.14159265
  3.14159265  3.14159265  3.14159265  3.14159265  3.14159265  3.14159265
  3.14159265  3.14159265  3.14159265  3.14159265  3.14159265  3.14159265
  3.14159265  3.14159265  3.14159265] 
 [0.00000000e+00 8.54726606e-01 0.00000000e+00 0.00000000e+00
 1.35955911e+00 0.00000000e+00 0.00000000e+00 8.49811128e-01
 0.00000000e+00 0.00000000e+00 2.13162821e-14 0.00000000e+00
 0.00000000e+00 4.91970423e-01 0.00000000e+00 0.00000000e+00
 0.00000000e+00 7.34260791e-34 0.00000000e+00 4.94405280e-01
 0.00000000e+00 1.75952460e-16 8.54726606e-01 1.46852158e-33
 0.00000000e+00 0.00000000e+00 0.00000000e+00 0.00000000e+00
 0.00000000e+00 0.00000000e+00 0.00000000e+00 0.00000000e+00
 0.00000000e+00 0.00000000e+00 0.00000000e+00 0.00000000e+00
 0.00000000e+00 0.00000000e+00 0.00000000e+00 0.00000000e+00
 0.00000000e+00 0.00000000e+00 0.00000000e+00 0.00000000e+00
 0.00000000e+00]
sweep    1  f = 146.2933969  (Delta f = 0.13)
sweep    2  f = 146.2933969  (Delta f = 5.51e-12)
New op index: 22	$R_Y$[7]
Current grad: 216.80148351884253
[ 3.14159265 -1.58214761  3.14159265  3.14159265 -3.14159182  3.14159265
  3.14159265 -1.58214761  3.14159265  3.14159265 -3.14158935  3.14159265
  3.14159265 -1.58855743  3.14159265  3.14159265  3.14159243  0.
  3.14159265 -1.58260725  3.14159265  3.14159265 -1.57079633  0.
  3.14159265  3.14159265  3.14159265  3.14159265  3.14159265  3.14159265
  3.14159265  3.14159265  3.14159265  3.14159265  3.14159265  3.14159265
  3.14159265  3.14159265  3.14159265  3.14159265  3.14159265  3.14159265
  3.14159265  3.14159265  3.14159265] 
 [0.00000000e+00 4.35488425e+01 0.00000000e+00 0.00000000e+00
 2.83861823e-12 0.00000000e+00 0.00000000e+00 4.35488428e+01
 0.00000000e+00 0.00000000e+00 5.41255929e-12 0.00000000e+00
 0.00000000e+00 4.15864599e+01 0.00000000e+00 0.00000000e+00
 2.33058017e-12 6.20385459e-24 0.00000000e+00 4.18346719e+01
 0.00000000e+00 0.00000000e+00 4.40460047e+01 1.90251541e-23
 0.00000000e+00 0.00000000e+00 0.00000000e+00 0.00000000e+00
 0.00000000e+00 0.00000000e+00 0.00000000e+00 0.00000000e+00
 0.00000000e+00 0.00000000e+00 0.00000000e+00 0.00000000e+00
 0.00000000e+00 0.00000000e+00 0.00000000e+00 0.00000000e+00
 0.00000000e+00 0.00000000e+00 0.00000000e+00 0.00000000e+00
 0.00000000e+00]
sweep    1  f = 95.56897077  (Delta f = 6.68)
sweep    2  f = 95.56897077  (Delta f = 1.09e-12)
New op index: 19	$R_Y$[6]
Current grad: 3.4285822476969914
[ 3.14159265 -2.10010029  3.14159265  3.14159265  3.14159263  3.14159265
  3.14159265 -2.10010029  3.14159265  3.14159265 -3.14159258  3.14159265
  3.14159265  2.10190867  3.14159265  3.14159265  3.14159263  0.
  0.          2.09764642  3.14159265  3.14159265  3.14159256  0.
  3.14159265  3.14159265  3.14159265  3.14159265  3.14159265  3.14159265
  3.14159265  3.14159265  3.14159265  3.14159265  3.14159265  3.14159265
  3.14159265  3.14159265  3.14159265  3.14159265  3.14159265  3.14159265
  3.14159265  3.14159265  3.14159265] 
 [0.00000000e+00 4.90231026e-01 0.00000000e+00 0.00000000e+00
 1.42108547e-14 0.00000000e+00 0.00000000e+00 4.90231026e-01
 0.00000000e+00 0.00000000e+00 1.42108547e-13 0.00000000e+00
 0.00000000e+00 4.91970432e-01 0.00000000e+00 0.00000000e+00
 1.42108547e-14 4.99090224e-25 1.23262384e-14 4.94405323e-01
 0.00000000e+00 0.00000000e+00 2.41584530e-13 1.73423973e-32
 0.00000000e+00 0.00000000e+00 0.00000000e+00 0.00000000e+00
 0.00000000e+00 0.00000000e+00 0.00000000e+00 0.00000000e+00
 0.00000000e+00 0.00000000e+00 0.00000000e+00 0.00000000e+00
 0.00000000e+00 0.00000000e+00 0.00000000e+00 0.00000000e+00
 0.00000000e+00 0.00000000e+00 0.00000000e+00 0.00000000e+00
 0.00000000e+00]
sweep    1  f = 95.06074633  (Delta f = 0.0138)
sweep    2  f = 95.06074633  (Delta f = 7.1e-11)
New op index: 1	$R_Y$[0]
Current grad: 135.59785202431522
[ 3.14159265 -1.58171991  3.14159265  3.14159265  3.14159253  3.14159265
  3.14159265 -1.58171991  3.14159265  3.14159265  3.1415894   3.14159265
  0.         -1.57667765  3.14159265  3.14159265 -3.14159263  0.
  3.14159265 -3.14157379  3.14159265  3.14159265  3.14159265  0.
  3.14159265  3.14159265  3.14159265  3.14159265  3.14159265  3.14159265
  3.14159265  3.14159265  3.14159265  3.14159265  3.14159265  3.14159265
  3.14159265  3.14159265  3.14159265  3.14159265  3.14159265  3.14159265
  3.14159265  3.14159265  3.14159265] 
 [0.00000000e+00 4.52734290e+01 0.00000000e+00 0.00000000e+00
 5.15143483e-14 0.00000000e+00 0.00000000e+00 4.52734290e+01
 0.00000000e+00 0.00000000e+00 3.05204750e-11 0.00000000e+00
 2.07027630e-15 4.37980615e+01 0.00000000e+00 0.00000000e+00
 1.42108547e-14 6.81893422e-17 0.00000000e+00 2.06006545e-10
 0.00000000e+00 0.00000000e+00 0.00000000e+00 6.81893413e-17
 0.00000000e+00 0.00000000e+00 0.00000000e+00 0.00000000e+00
 0.00000000e+00 0.00000000e+00 0.00000000e+00 0.00000000e+00
 0.00000000e+00 0.00000000e+00 0.00000000e+00 0.00000000e+00
 0.00000000e+00 0.00000000e+00 0.00000000e+00 0.00000000e+00
 0.00000000e+00 0.00000000e+00 0.00000000e+00 0.00000000e+00
 0.00000000e+00]
sweep    1  f = 44.84976932  (Delta f = 4.94)
sweep    2  f = 44.84976932  (Delta f = 3.69e-13)
New op index: 7	$R_Y$[2]
Current grad: 1.7143060423904433
[ 3.14159265  3.14159258  3.14159265  3.14159265 -3.1415926   3.14159265
  3.14159265 -1.57654772  3.14159265  3.14159265 -3.14159259  3.14159265
  3.14159265  1.58223317  3.14159265  3.14159265  3.14159265  3.14159265
  3.14159265  3.14159256  3.14159265  3.14159265  3.14159254  3.14159265
  3.14159265  3.14159265  3.14159265  3.14159265  3.14159265  3.14159265
  3.14159265  3.14159265  3.14159265  3.14159265  3.14159265  3.14159265
  3.14159265  3.14159265  3.14159265  3.14159265  3.14159265  3.14159265
  3.14159265  3.14159265  3.14159265] 
 [0.00000000e+00 1.27897692e-13 0.00000000e+00 0.00000000e+00
 7.81597009e-14 0.00000000e+00 0.00000000e+00 8.49825152e-01
 0.00000000e+00 0.00000000e+00 9.23705556e-14 0.00000000e+00
 0.00000000e+00 8.49783927e-01 0.00000000e+00 0.00000000e+00
 0.00000000e+00 0.00000000e+00 0.00000000e+00 2.27373675e-13
 0.00000000e+00 0.00000000e+00 3.26849658e-13 0.00000000e+00
 0.00000000e+00 0.00000000e+00 0.00000000e+00 0.00000000e+00
 0.00000000e+00 0.00000000e+00 0.00000000e+00 0.00000000e+00
 0.00000000e+00 0.00000000e+00 0.00000000e+00 0.00000000e+00
 0.00000000e+00 0.00000000e+00 0.00000000e+00 0.00000000e+00
 0.00000000e+00 0.00000000e+00 0.00000000e+00 0.00000000e+00
 0.00000000e+00]
sweep    1  f = 43.99752437  (Delta f = 0.00242)
sweep    2  f = 43.99752161  (Delta f = 2.76e-06)
sweep    3  f = 43.99752152  (Delta f = 8.77e-08)
sweep    4  f = 43.99752126  (Delta f = 2.56e-07)
sweep    5  f = 43.99752124  (Delta f = 2.04e-08)
sweep    6  f = 43.99752124  (Delta f = 1.54e-09)
New op index: 13	$R_Y$[4]
Current grad: 50.85847339567245
[ 3.14159265 -3.14153471  3.14159265  3.14159265  3.14159242  3.14159265
  3.14159265  3.14159265  3.14159265  3.14159265  3.14159258  3.14159265
  0.          1.5708938   3.14159265  3.14159265  3.14158905  3.14159265
  3.14159265  3.1415926   3.14159265  3.14159265  3.14157755  3.14159265
  3.14159265  3.14159265  3.14159265  3.14159265  3.14159265  3.14159265
  3.14159265  3.14159265  3.14159265  3.14159265  3.14159265  3.14159265
  3.14159265  3.14159265  3.14159265  3.14159265  3.14159265  3.14159265
  3.14159265  3.14159265  3.14159265] 
 [0.00000000e+00 1.43684520e-09 0.00000000e+00 0.00000000e+00
 2.65742983e-12 0.00000000e+00 0.00000000e+00 0.00000000e+00
 0.00000000e+00 0.00000000e+00 2.84217094e-13 0.00000000e+00
 3.00403038e-15 5.08534143e+01 0.00000000e+00 0.00000000e+00
 5.55833157e-12 0.00000000e+00 0.00000000e+00 1.56319402e-13
 0.00000000e+00 0.00000000e+00 9.76061454e-11 0.00000000e+00
 0.00000000e+00 0.00000000e+00 0.00000000e+00 0.00000000e+00
 0.00000000e+00 0.00000000e+00 0.00000000e+00 0.00000000e+00
 0.00000000e+00 0.00000000e+00 0.00000000e+00 0.00000000e+00
 0.00000000e+00 0.00000000e+00 0.00000000e+00 0.00000000e+00
 0.00000000e+00 0.00000000e+00 0.00000000e+00 0.00000000e+00
 0.00000000e+00]
sweep    1  f = -6.857142857  (Delta f = 0.00125)
sweep    2  f = -6.857142857  (Delta f = 6.18e-11)
New op index: 19	$R_Y$[6]
Current grad: 1.3329926439151438e-05
[ 3.14159265 -3.1415926   3.14159265  3.14159265 -3.1415926   3.14159265
  3.14159265 -3.14159264  3.14159265  3.14159265 -3.14159265  3.14159265
  3.14159265 -3.14159264  0.          3.14159265  3.14159263  0.
  3.14159265  3.14159257  3.14159265  3.14159265 -3.14159264  3.14159265
  3.14159265  3.14159265  3.14159265  3.14159265  3.14159265  3.14159265
  3.14159265  3.14159265  3.14159265  3.14159265  3.14159265  0.
  3.14159265  3.14159265  0.          3.14159265  3.14159265  3.14159265
  3.14159265  3.14159265  3.14159265] 
 [0.00000000e+00 7.10542736e-14 0.00000000e+00 0.00000000e+00
 7.81597009e-14 0.00000000e+00 0.00000000e+00 0.00000000e+00
 0.00000000e+00 0.00000000e+00 0.00000000e+00 0.00000000e+00
 0.00000000e+00 0.00000000e+00 1.00430626e-15 0.00000000e+00
 1.42108547e-14 6.66379384e-16 0.00000000e+00 1.63424829e-13
 0.00000000e+00 0.00000000e+00 7.10542736e-15 0.00000000e+00
 0.00000000e+00 0.00000000e+00 0.00000000e+00 0.00000000e+00
 0.00000000e+00 0.00000000e+00 0.00000000e+00 0.00000000e+00
 0.00000000e+00 0.00000000e+00 0.00000000e+00 4.18190676e-16
 0.00000000e+00 0.00000000e+00 1.67068564e-15 0.00000000e+00
 0.00000000e+00 0.00000000e+00 0.00000000e+00 0.00000000e+00
 0.00000000e+00]
Precision cutoff reached.
Calculating energies for FreeWilson2D(N_x=2, N_y=2, mass=-3.551, r=1.000)
h_im: 0.0
New op index: 10	$R_Y$[3]
Current grad: 8.204081632653056
[ 3.14159265 -1.57079633  3.14159265  3.14159265  1.57079633  3.14159265
  3.14159265 -1.57079633  3.14159265  3.14159265  0.99812994  0.
  3.14159265  0.99812994  0.          3.14159265 -1.57079633  3.14159265
  3.14159265  1.57079633  3.14159265  3.14159265 -1.57079633  3.14159265
  3.14159265  3.14159265  3.14159265  3.14159265  3.14159265  3.14159265
  3.14159265  0.          0.          3.14159265  3.14159265  3.14159265
  3.14159265  0.          0.          3.14159265  3.14159265  3.14159265
  3.14159265  3.14159265  3.14159265] 
 [0.        0.7755102 0.        0.        1.2755102 0.        0.
 1.2755102 0.        0.        1.4227221 1.        0.        1.4227221
 1.        0.        1.2755102 0.        0.        1.2755102 0.
 0.        0.7755102 0.        0.        0.        0.        0.
 0.        0.        0.        1.        1.        0.        0.
 0.        0.        1.        1.        0.        0.        0.
 0.        0.        0.       ]
sweep    1  f = 199.0772779  (Delta f = -1.99e-13)
New op index: 16	$R_Y$[5]
Current grad: 293.74503464726075
[ 3.14159265 -1.57079633  3.14159265  3.14159265 -1.57079633  3.14159265
  3.14159265 -1.57079633  0.          3.14159265 -3.14159265  3.14159265
  3.14159265 -1.57743243  3.14159265  0.         -1.57079633  0.
  0.         -1.57079633  0.          0.         -1.57079633  3.14159265
  3.14159265  3.14159265  3.14159265  3.14159265  0.          0.
  3.14159265  3.14159265  3.14159265  3.14159265  3.14159265  0.
  0.          3.14159265  3.14159265  0.          0.          0.
  0.          0.          0.        ] 
 [0.00000000e+00 4.27984661e+01 0.00000000e+00 0.00000000e+00
 4.07474457e+01 0.00000000e+00 0.00000000e+00 4.25275287e+01
 2.42861287e-17 0.00000000e+00 0.00000000e+00 0.00000000e+00
 0.00000000e+00 4.05571777e+01 0.00000000e+00 2.60413856e-15
 4.32984661e+01 1.73472348e-17 9.33982200e-15 4.07474457e+01
 6.24500451e-17 9.45905769e-15 4.27984661e+01 0.00000000e+00
 0.00000000e+00 0.00000000e+00 0.00000000e+00 0.00000000e+00
 2.42861287e-17 2.42861287e-17 0.00000000e+00 0.00000000e+00
 0.00000000e+00 0.00000000e+00 0.00000000e+00 6.24500451e-17
 1.08381274e-15 0.00000000e+00 0.00000000e+00 9.45983654e-15
 9.48412267e-15 7.97972799e-17 1.63216946e-14 1.64327169e-14
 5.55111512e-17]
sweep    1  f = 147.9465178  (Delta f = 7.83)
sweep    2  f = 147.9465178  (Delta f = 1.99e-13)
New op index: 4	$R_Y$[1]
Current grad: 5.148139889233486
[ 3.14159265 -1.57079633  3.14159265  3.14159265  1.57079633  3.14159265
  3.14159265 -1.57079633  3.14159265  3.14159265  3.14159263  3.14159265
  3.14159265  2.14650809  3.14159265  3.14159265 -3.14159264  3.14159265
  0.          2.14204231  3.14159265  3.14159265 -1.57079633  3.14159265
  3.14159265  3.14159265  3.14159265  3.14159265  3.14159265  3.14159265
  3.14159265  3.14159265  3.14159265  3.14159265  3.14159265  3.14159265
  3.14159265  3.14159265  3.14159265  3.14159265  3.14159265  3.14159265
  3.14159265  3.14159265  3.14159265] 
 [0.00000000e+00 7.73086175e-01 0.00000000e+00 0.00000000e+00
 1.27793423e+00 0.00000000e+00 0.00000000e+00 7.68162791e-01
 0.00000000e+00 0.00000000e+00 1.42108547e-14 0.00000000e+00
 0.00000000e+00 4.22508182e-01 0.00000000e+00 0.00000000e+00
 1.42108547e-14 0.00000000e+00 1.22874527e-15 4.24760339e-01
 0.00000000e+00 0.00000000e+00 7.73086175e-01 0.00000000e+00
 0.00000000e+00 0.00000000e+00 0.00000000e+00 0.00000000e+00
 0.00000000e+00 0.00000000e+00 0.00000000e+00 0.00000000e+00
 0.00000000e+00 0.00000000e+00 0.00000000e+00 0.00000000e+00
 0.00000000e+00 0.00000000e+00 0.00000000e+00 0.00000000e+00
 0.00000000e+00 0.00000000e+00 0.00000000e+00 0.00000000e+00
 0.00000000e+00]
sweep    1  f = 146.5262575  (Delta f = 0.142)
sweep    2  f = 146.5262575  (Delta f = 8.19e-12)
New op index: 22	$R_Y$[7]
Current grad: 210.89078160539785
[ 3.14159265 -1.58247843  3.14159265  3.14159265 -3.14159102  3.14159265
  3.14159265 -1.58247843  3.14159265  3.14159265  3.14158967  3.14159265
  3.14159265 -1.58948463  3.14159265  3.14159265  3.14159192  0.
  3.14159265 -1.58291767  3.14159265  3.14159265 -1.57079633  0.
  3.14159265  3.14159265  3.14159265  3.14159265  3.14159265  3.14159265
  3.14159265  3.14159265  3.14159265  3.14159265  3.14159265  3.14159265
  3.14159265  3.14159265  3.14159265  3.14159265  3.14159265  3.14159265
  3.14159265  3.14159265  3.14159265] 
 [0.00000000e+00 4.23014675e+01 0.00000000e+00 0.00000000e+00
 1.23474564e-11 0.00000000e+00 0.00000000e+00 4.23014679e+01
 0.00000000e+00 0.00000000e+00 4.10316225e-12 0.00000000e+00
 0.00000000e+00 4.04837946e+01 0.00000000e+00 0.00000000e+00
 2.53521648e-11 3.63959470e-23 0.00000000e+00 4.07505573e+01
 0.00000000e+00 0.00000000e+00 4.27985469e+01 1.98523347e-23
 0.00000000e+00 0.00000000e+00 0.00000000e+00 0.00000000e+00
 0.00000000e+00 0.00000000e+00 0.00000000e+00 0.00000000e+00
 0.00000000e+00 0.00000000e+00 0.00000000e+00 0.00000000e+00
 0.00000000e+00 0.00000000e+00 0.00000000e+00 0.00000000e+00
 0.00000000e+00 0.00000000e+00 0.00000000e+00 0.00000000e+00
 0.00000000e+00]
sweep    1  f = 95.89549743  (Delta f = 7.83)
sweep    2  f = 95.89549743  (Delta f = 3.69e-13)
New op index: 19	$R_Y$[6]
Current grad: 3.10205138093988
[ 3.14159265 -2.1448894   3.14159265  3.14159265 -3.14159257  3.14159265
  3.14159265 -2.1448894   3.14159265  3.14159265 -3.14159263  3.14159265
  3.14159265  2.14650811  3.14159265  3.14159265  3.14159261  0.
  3.14159265  2.14204231  3.14159265  3.14159265 -3.1415926   0.
  3.14159265  3.14159265  3.14159265  3.14159265  3.14159265  3.14159265
  3.14159265  3.14159265  3.14159265  3.14159265  3.14159265  3.14159265
  3.14159265  3.14159265  3.14159265  3.14159265  3.14159265  3.14159265
  3.14159265  3.14159265  3.14159265] 
 [0.00000000e+00 4.20685723e-01 0.00000000e+00 0.00000000e+00
 1.77635684e-13 0.00000000e+00 0.00000000e+00 4.20685724e-01
 0.00000000e+00 0.00000000e+00 7.10542736e-15 0.00000000e+00
 0.00000000e+00 4.22508163e-01 0.00000000e+00 0.00000000e+00
 4.97379915e-14 1.66636798e-27 0.00000000e+00 4.24760350e-01
 0.00000000e+00 0.00000000e+00 8.52651283e-14 2.93743437e-31
 0.00000000e+00 0.00000000e+00 0.00000000e+00 0.00000000e+00
 0.00000000e+00 0.00000000e+00 0.00000000e+00 0.00000000e+00
 0.00000000e+00 0.00000000e+00 0.00000000e+00 0.00000000e+00
 0.00000000e+00 0.00000000e+00 0.00000000e+00 0.00000000e+00
 0.00000000e+00 0.00000000e+00 0.00000000e+00 0.00000000e+00
 0.00000000e+00]
sweep    1  f = 95.45955567  (Delta f = 0.0112)
sweep    2  f = 95.45955567  (Delta f = 2.51e-11)
New op index: 7	$R_Y$[2]
Current grad: 131.53430097507083
[ 3.14159265 -1.58206682  3.14159265  3.14159265 -3.14159253  3.14159265
  3.14159265 -1.58206682  3.14159265  3.14159265  3.14159039  3.14159265
  0.         -1.57729143  3.14159265  3.14159265  3.14159263  3.14159265
  3.14159265 -3.14159159  3.14159265  3.14159265  3.14159261  3.14159265
  3.14159265  3.14159265  3.14159265  3.14159265  3.14159265  3.14159265
  3.14159265  3.14159265  3.14159265  3.14159265  3.14159265  3.14159265
  3.14159265  3.14159265  3.14159265  3.14159265  3.14159265  3.14159265
  3.14159265  3.14159265  3.14159265] 
 [0.00000000e+00 4.38645860e+01 0.00000000e+00 0.00000000e+00
 5.77315973e-14 0.00000000e+00 0.00000000e+00 4.38645860e+01
 0.00000000e+00 0.00000000e+00 2.63389310e-12 0.00000000e+00
 1.37738150e-15 4.25335869e+01 0.00000000e+00 0.00000000e+00
 1.42108547e-14 0.00000000e+00 0.00000000e+00 4.00035560e-12
 0.00000000e+00 0.00000000e+00 7.10542736e-14 0.00000000e+00
 0.00000000e+00 0.00000000e+00 0.00000000e+00 0.00000000e+00
 0.00000000e+00 0.00000000e+00 0.00000000e+00 0.00000000e+00
 0.00000000e+00 0.00000000e+00 0.00000000e+00 0.00000000e+00
 0.00000000e+00 0.00000000e+00 0.00000000e+00 0.00000000e+00
 0.00000000e+00 0.00000000e+00 0.00000000e+00 0.00000000e+00
 0.00000000e+00]
sweep    1  f = 45.33955315  (Delta f = 6.26)
sweep    2  f = 45.33955315  (Delta f = 2.52e-12)
New op index: 1	$R_Y$[0]
Current grad: 1.5510432820646316
[ 3.14159265 -1.57716545  3.14159265  3.14159265  3.14159252  3.14159265
  3.14159265 -3.14159249  3.14159265  3.14159265  3.1415926   3.14159265
  3.14159265  1.58345386  3.14159265  3.14159265 -3.14159264  3.14159265
  3.14159265  3.14159261  3.14159265  3.14159265 -3.14159261  3.14159265
  3.14159265  3.14159265  3.14159265  3.14159265  3.14159265  3.14159265
  3.14159265  3.14159265  3.14159265  3.14159265  3.14159265  3.14159265
  3.14159265  3.14159265  3.14159265  3.14159265  3.14159265  3.14159265
  3.14159265  3.14159265  3.14159265] 
 [0.00000000e+00 7.68177743e-01 0.00000000e+00 0.00000000e+00
 4.61852778e-13 0.00000000e+00 0.00000000e+00 6.60804744e-13
 0.00000000e+00 0.00000000e+00 7.10542736e-14 0.00000000e+00
 0.00000000e+00 7.68149958e-01 0.00000000e+00 0.00000000e+00
 7.10542736e-15 0.00000000e+00 0.00000000e+00 4.26325641e-14
 0.00000000e+00 0.00000000e+00 4.26325641e-14 0.00000000e+00
 0.00000000e+00 0.00000000e+00 0.00000000e+00 0.00000000e+00
 0.00000000e+00 0.00000000e+00 0.00000000e+00 0.00000000e+00
 0.00000000e+00 0.00000000e+00 0.00000000e+00 0.00000000e+00
 0.00000000e+00 0.00000000e+00 0.00000000e+00 0.00000000e+00
 0.00000000e+00 0.00000000e+00 0.00000000e+00 0.00000000e+00
 0.00000000e+00]
sweep    1  f = 44.56895161  (Delta f = 0.00242)
sweep    2  f = 44.56894847  (Delta f = 3.14e-06)
sweep    3  f = 44.56894794  (Delta f = 5.24e-07)
sweep    4  f = 44.56894782  (Delta f = 1.18e-07)
sweep    5  f = 44.56894782  (Delta f = 1.66e-09)
New op index: 13	$R_Y$[4]
Current grad: 50.77693809146795
[ 3.14159265 -3.14159265  3.14159265  3.14159265  3.14159252  3.14159265
  3.14159265 -3.14142727  3.14159265  3.14159265 -3.1415926   3.14159265
  3.14159265  1.57089404  3.14159265  3.14159265  3.14156019  3.14159265
  3.14159265  3.14159248  3.14159265  3.14159265  3.14157874  3.14159265
  3.14159265  3.14159265  3.14159265  3.14159265  3.14159265  3.14159265
  3.14159265  3.14159265  3.14159265  3.14159265  3.14159265  3.14159265
  3.14159265  3.14159265  3.14159265  3.14159265  3.14159265  3.14159265
  3.14159265  3.14159265  3.14159265] 
 [0.00000000e+00 0.00000000e+00 0.00000000e+00 0.00000000e+00
 9.23705556e-13 0.00000000e+00 0.00000000e+00 1.05887288e-08
 0.00000000e+00 0.00000000e+00 1.42108547e-13 0.00000000e+00
 0.00000000e+00 5.07717767e+01 0.00000000e+00 0.00000000e+00
 4.09402623e-10 0.00000000e+00 0.00000000e+00 1.44950718e-12
 0.00000000e+00 0.00000000e+00 7.49561524e-11 0.00000000e+00
 0.00000000e+00 0.00000000e+00 0.00000000e+00 0.00000000e+00
 0.00000000e+00 0.00000000e+00 0.00000000e+00 0.00000000e+00
 0.00000000e+00 0.00000000e+00 0.00000000e+00 0.00000000e+00
 0.00000000e+00 0.00000000e+00 0.00000000e+00 0.00000000e+00
 0.00000000e+00 0.00000000e+00 0.00000000e+00 0.00000000e+00
 0.00000000e+00]
sweep    1  f = -6.204081632  (Delta f = 0.00125)
sweep    2  f = -6.204081633  (Delta f = 2.24e-10)
New op index: 7	$R_Y$[2]
Current grad: 1.8182320083287874e-05
[ 3.14159265 -3.14159262  3.14159265  3.14159265 -3.14159262  3.14159265
  3.14159265 -3.14159253  3.14159265  3.14159265 -3.14159264  3.14159265
  3.14159265  3.14159263  3.14159265  3.14159265  3.14159264  0.
  3.14159265  3.14159261  3.14159265  3.14159265 -3.14159258  3.14159265
  3.14159265  3.14159265  3.14159265  3.14159265  3.14159265  3.14159265
  3.14159265  3.14159265  3.14159265  3.14159265  3.14159265  3.14159265
  3.14159265  3.14159265  0.          3.14159265  3.14159265  3.14159265
  3.14159265  3.14159265  3.14159265] 
 [0.00000000e+00 2.84217094e-14 0.00000000e+00 0.00000000e+00
 3.55271368e-14 0.00000000e+00 0.00000000e+00 3.76587650e-13
 0.00000000e+00 0.00000000e+00 7.10542736e-15 0.00000000e+00
 0.00000000e+00 7.10542736e-15 0.00000000e+00 0.00000000e+00
 7.10542736e-15 1.72958843e-15 0.00000000e+00 4.26325641e-14
 0.00000000e+00 0.00000000e+00 1.49213975e-13 0.00000000e+00
 0.00000000e+00 0.00000000e+00 0.00000000e+00 0.00000000e+00
 0.00000000e+00 0.00000000e+00 0.00000000e+00 0.00000000e+00
 0.00000000e+00 0.00000000e+00 0.00000000e+00 0.00000000e+00
 0.00000000e+00 0.00000000e+00 5.80377483e-16 0.00000000e+00
 0.00000000e+00 0.00000000e+00 0.00000000e+00 0.00000000e+00
 0.00000000e+00]
Precision cutoff reached.
Calculating energies for FreeWilson2D(N_x=2, N_y=2, mass=-3.388, r=1.000)
h_im: 0.0
New op index: 10	$R_Y$[3]
Current grad: 7.551020408163259
[ 3.14159265 -1.57079633  3.14159265  3.14159265  1.57079633  3.14159265
  3.14159265 -1.57079633  3.14159265  3.14159265  0.94638598  0.
  3.14159265  0.94638598  0.          3.14159265 -1.57079633  3.14159265
  3.14159265  1.57079633  3.14159265  3.14159265 -1.57079633  3.14159265
  3.14159265  3.14159265  3.14159265  3.14159265  3.14159265  3.14159265
  3.14159265  0.          0.          3.14159265  3.14159265  3.14159265
  3.14159265  0.          0.          3.14159265  3.14159265  3.14159265
  3.14159265  3.14159265  3.14159265] 
 [0.         0.69387755 0.         0.         1.19387755 0.
 0.         1.19387755 0.         0.         1.35525789 1.
 0.         1.35525789 1.         0.         1.19387755 0.
 0.         1.19387755 0.         0.         0.69387755 0.
 0.         0.         0.         0.         0.         0.
 0.         1.         1.         0.         0.         0.
 0.         1.         1.         0.         0.         0.
 0.         0.         0.        ]
sweep    1  f = 199.1447421  (Delta f = -8.53e-14)
New op index: 16	$R_Y$[5]
Current grad: 283.45370753253883
[ 3.14159265 -1.57079633  3.14159265  3.14159265 -1.57079633  3.14159265
  3.14159265 -1.57079633  0.          3.14159265  3.14159265  3.14159265
  3.14159265 -1.57820283  3.14159265  0.         -1.57079633  0.
  0.         -1.57079633  0.          3.14159265 -1.57079633  0.
  3.14159265  3.14159265  3.14159265  3.14159265  0.          0.
  3.14159265  3.14159265  3.14159265  3.14159265  3.14159265  0.
  0.          3.14159265  3.14159265  0.          0.          0.
  0.          0.          0.        ] 
 [0.00000000e+00 4.12592766e+01 0.00000000e+00 0.00000000e+00
 3.93715215e+01 0.00000000e+00 0.00000000e+00 4.09669671e+01
 2.42861287e-17 0.00000000e+00 0.00000000e+00 0.00000000e+00
 0.00000000e+00 3.91746405e+01 0.00000000e+00 8.01336038e-15
 4.17592766e+01 4.51028104e-17 5.22604919e-15 3.93715215e+01
 6.93889390e-18 0.00000000e+00 4.12592766e+01 2.08166817e-17
 0.00000000e+00 0.00000000e+00 0.00000000e+00 0.00000000e+00
 2.42861287e-17 2.42861287e-17 0.00000000e+00 0.00000000e+00
 0.00000000e+00 0.00000000e+00 0.00000000e+00 6.93889390e-18
 6.50917812e-15 0.00000000e+00 0.00000000e+00 1.07552856e-14
 1.08073273e-14 5.20417043e-17 2.42861287e-15 2.45636844e-15
 2.77555756e-17]
sweep    1  f = 148.1097792  (Delta f = 9.28)
sweep    2  f = 148.1097792  (Delta f = 0)
New op index: 4	$R_Y$[1]
Current grad: 4.658336666652262
[ 3.14159265 -1.57079633  3.14159265  3.14159265  1.57079633  3.14159265
  3.14159265 -1.57079633  0.          3.14159265 -3.1415926   3.14159265
  3.14159265  2.19820525  3.14159265  3.14159265  3.14159265  0.
  0.          2.19354817  3.14159265  0.         -1.57079633  0.
  3.14159265  3.14159265  3.14159265  3.14159265  0.          0.
  3.14159265  3.14159265  3.14159265  3.14159265  3.14159265  3.14159265
  3.14159265  3.14159265  3.14159265  3.14159265  3.14159265  3.14159265
  0.          3.14159265  3.14159265] 
 [0.00000000e+00 6.91445673e-01 0.00000000e+00 0.00000000e+00
 1.19630943e+00 0.00000000e+00 0.00000000e+00 6.86514326e-01
 2.02989688e-25 0.00000000e+00 6.39488462e-14 0.00000000e+00
 0.00000000e+00 3.55186368e-01 0.00000000e+00 0.00000000e+00
 0.00000000e+00 2.10600618e-25 5.84057333e-15 3.57232068e-01
 0.00000000e+00 3.06580108e-15 6.91445673e-01 7.61093001e-27
 0.00000000e+00 0.00000000e+00 0.00000000e+00 0.00000000e+00
 2.02989688e-25 2.02989688e-25 0.00000000e+00 0.00000000e+00
 0.00000000e+00 0.00000000e+00 0.00000000e+00 0.00000000e+00
 0.00000000e+00 0.00000000e+00 0.00000000e+00 0.00000000e+00
 0.00000000e+00 0.00000000e+00 9.10889999e-15 0.00000000e+00
 0.00000000e+00]
sweep    1  f = 146.756987  (Delta f = 0.156)
sweep    2  f = 146.756987  (Delta f = 1.03e-11)
New op index: 22	$R_Y$[7]
Current grad: 203.52050114457492
[ 3.14159265 -1.58291424  3.14159265  3.14159265  3.14159237  3.14159265
  3.14159265 -1.58291424  3.14159265  3.14159265 -3.14158999  3.14159265
  3.14159265 -1.59066534  3.14159265  3.14159265  3.14159252  3.14159265
  3.14159265 -1.58333597  3.14159265  3.14159265 -1.57079633  3.14159265
  3.14159265  3.14159265  3.14159265  3.14159265  3.14159265  3.14159265
  3.14159265  3.14159265  3.14159265  3.14159265  3.14159265  3.14159265
  3.14159265  3.14159265  3.14159265  3.14159265  3.14159265  3.14159265
  3.14159265  3.14159265  3.14159265] 
 [0.00000000e+00 4.07622282e+01 0.00000000e+00 0.00000000e+00
 4.36983782e-13 0.00000000e+00 0.00000000e+00 4.07622281e+01
 0.00000000e+00 0.00000000e+00 3.04156700e-12 0.00000000e+00
 0.00000000e+00 3.90870045e+01 0.00000000e+00 0.00000000e+00
 8.81072992e-13 0.00000000e+00 0.00000000e+00 3.93745786e+01
 0.00000000e+00 0.00000000e+00 4.12591987e+01 0.00000000e+00
 0.00000000e+00 0.00000000e+00 0.00000000e+00 0.00000000e+00
 0.00000000e+00 0.00000000e+00 0.00000000e+00 0.00000000e+00
 0.00000000e+00 0.00000000e+00 0.00000000e+00 0.00000000e+00
 0.00000000e+00 0.00000000e+00 0.00000000e+00 0.00000000e+00
 0.00000000e+00 0.00000000e+00 0.00000000e+00 0.00000000e+00
 0.00000000e+00]
sweep    1  f = 96.22202407  (Delta f = 9.28)
sweep    2  f = 96.22202407  (Delta f = 0)
New op index: 19	$R_Y$[6]
Current grad: 2.775517031775892
[ 3.14159265 -2.19687283  3.14159265  3.14159265  3.14159263  3.14159265
  3.14159265 -2.19687283  3.14159265  3.14159265 -3.14159265  3.14159265
  3.14159265  2.19820522  3.14159265  3.14159265 -3.14159258  0.
  3.14159265  2.19354819  3.14159265  3.14159265 -3.14159262  3.14159265
  3.14159265  3.14159265  3.14159265  3.14159265  3.14159265  3.14159265
  3.14159265  3.14159265  3.14159265  3.14159265  3.14159265  3.14159265
  3.14159265  3.14159265  3.14159265  3.14159265  3.14159265  3.14159265
  3.14159265  3.14159265  3.14159265] 
 [0.00000000e+00 3.53286090e-01 0.00000000e+00 0.00000000e+00
 1.42108547e-14 0.00000000e+00 0.00000000e+00 3.53286090e-01
 0.00000000e+00 0.00000000e+00 0.00000000e+00 0.00000000e+00
 0.00000000e+00 3.55186389e-01 0.00000000e+00 0.00000000e+00
 1.27897692e-13 6.32981927e-24 0.00000000e+00 3.57232050e-01
 0.00000000e+00 0.00000000e+00 2.84217094e-14 0.00000000e+00
 0.00000000e+00 0.00000000e+00 0.00000000e+00 0.00000000e+00
 0.00000000e+00 0.00000000e+00 0.00000000e+00 0.00000000e+00
 0.00000000e+00 0.00000000e+00 0.00000000e+00 0.00000000e+00
 0.00000000e+00 0.00000000e+00 0.00000000e+00 0.00000000e+00
 0.00000000e+00 0.00000000e+00 0.00000000e+00 0.00000000e+00
 0.00000000e+00]
sweep    1  f = 95.85597219  (Delta f = 0.00882)
sweep    2  f = 95.85597219  (Delta f = 4.55e-10)
New op index: 1	$R_Y$[0]
Current grad: 126.60632370194861
[ 3.14159265 -1.58251509  3.14159265  3.14159265  3.14159247  3.14159265
  3.14159265 -1.58251509  3.14159265  3.14159265  3.14159225  3.14159265
  3.14159265 -1.57804816  3.14159265  3.14159265 -3.14159257  3.14159265
  3.14159265 -3.14154182  3.14159265  3.14159265 -3.14159261  3.14159265
  3.14159265  3.14159265  3.14159265  3.14159265  3.14159265  3.14159265
  3.14159265  3.14159265  3.14159265  3.14159265  3.14159265  3.14159265
  3.14159265  3.14159265  3.14159265  3.14159265  3.14159265  3.14159265
  3.14159265  3.14159265  3.14159265] 
 [0.00000000e+00 4.21676014e+01 0.00000000e+00 0.00000000e+00
 1.63424829e-13 0.00000000e+00 0.00000000e+00 4.21676014e+01
 0.00000000e+00 0.00000000e+00 6.91002811e-13 0.00000000e+00
 0.00000000e+00 4.09786634e+01 0.00000000e+00 0.00000000e+00
 2.98427949e-13 0.00000000e+00 0.00000000e+00 1.19433974e-09
 0.00000000e+00 0.00000000e+00 8.52651283e-14 0.00000000e+00
 0.00000000e+00 0.00000000e+00 0.00000000e+00 0.00000000e+00
 0.00000000e+00 0.00000000e+00 0.00000000e+00 0.00000000e+00
 0.00000000e+00 0.00000000e+00 0.00000000e+00 0.00000000e+00
 0.00000000e+00 0.00000000e+00 0.00000000e+00 0.00000000e+00
 0.00000000e+00 0.00000000e+00 0.00000000e+00 0.00000000e+00
 0.00000000e+00]
sweep    1  f = 45.82933741  (Delta f = 7.86)
sweep    2  f = 45.82933741  (Delta f = 1.15e-12)
New op index: 7	$R_Y$[2]
Current grad: 1.3877721305655255
[ 3.14159265  3.14159259  3.14159265  3.14159265  3.14159264  3.14159265
  3.14159265 -1.57792874  3.14159265  3.14159265 -3.14159258  3.14159265
  3.14159265  1.5849596   3.14159265  3.14159265  3.1415926   0.
  3.14159265 -3.14159264  3.14159265  3.14159265 -3.14159253  0.
  3.14159265  3.14159265  3.14159265  3.14159265  3.14159265  3.14159265
  3.14159265  3.14159265  3.14159265  3.14159265  3.14159265  3.14159265
  3.14159265  3.14159265  3.14159265  3.14159265  3.14159265  3.14159265
  3.14159265  3.14159265  3.14159265] 
 [0.00000000e+00 9.23705556e-14 0.00000000e+00 0.00000000e+00
 0.00000000e+00 0.00000000e+00 0.00000000e+00 6.86531927e-01
 0.00000000e+00 0.00000000e+00 1.42108547e-13 0.00000000e+00
 0.00000000e+00 6.86516143e-01 0.00000000e+00 0.00000000e+00
 7.10542736e-14 6.18492816e-15 0.00000000e+00 0.00000000e+00
 0.00000000e+00 0.00000000e+00 3.90798505e-13 6.18492816e-15
 0.00000000e+00 0.00000000e+00 0.00000000e+00 0.00000000e+00
 0.00000000e+00 0.00000000e+00 0.00000000e+00 0.00000000e+00
 0.00000000e+00 0.00000000e+00 0.00000000e+00 0.00000000e+00
 0.00000000e+00 0.00000000e+00 0.00000000e+00 0.00000000e+00
 0.00000000e+00 0.00000000e+00 0.00000000e+00 0.00000000e+00
 0.00000000e+00]
sweep    1  f = 45.14037874  (Delta f = 0.00243)
sweep    2  f = 45.14037555  (Delta f = 3.19e-06)
sweep    3  f = 45.14037472  (Delta f = 8.37e-07)
sweep    4  f = 45.14037471  (Delta f = 7.25e-09)
New op index: 13	$R_Y$[4]
Current grad: 50.69687291657876
[ 3.14159265 -3.14090259  3.14159265  3.14159265 -3.14158919  3.14159265
  3.14159265  3.14159265  3.14159265  3.14159265  3.14158732  3.14159265
  3.14159265  1.57089427  3.14159265  3.14159265 -3.14158649  3.14159265
  3.14159265  3.14158798  3.14159265  3.14159265  3.14158915  3.14159265
  3.14159265  3.14159265  3.14159265  3.14159265  3.14159265  3.14159265
  3.14159265  3.14159265  3.14159265  3.14159265  3.14159265  3.14159265
  3.14159265  3.14159265  3.14159265  3.14159265  3.14159265  3.14159265
  3.14159265  3.14159265  3.14159265] 
 [0.00000000e+00 1.64919744e-07 0.00000000e+00 0.00000000e+00
 6.04799766e-10 0.00000000e+00 0.00000000e+00 0.00000000e+00
 0.00000000e+00 0.00000000e+00 1.43413104e-09 0.00000000e+00
 0.00000000e+00 5.06900664e+01 0.00000000e+00 0.00000000e+00
 1.31992195e-11 0.00000000e+00 0.00000000e+00 1.09885434e-09
 0.00000000e+00 0.00000000e+00 4.24105195e-12 0.00000000e+00
 0.00000000e+00 0.00000000e+00 0.00000000e+00 0.00000000e+00
 0.00000000e+00 0.00000000e+00 0.00000000e+00 0.00000000e+00
 0.00000000e+00 0.00000000e+00 0.00000000e+00 0.00000000e+00
 0.00000000e+00 0.00000000e+00 0.00000000e+00 0.00000000e+00
 0.00000000e+00 0.00000000e+00 0.00000000e+00 0.00000000e+00
 0.00000000e+00]
sweep    1  f = -5.551020403  (Delta f = 0.00133)
sweep    2  f = -5.551020408  (Delta f = 5.44e-09)
New op index: 22	$R_Y$[7]
Current grad: 1.9076922511610157e-05
[ 3.14159265 -3.14159254  3.14159265  3.14159265 -3.14159258  0.
  3.14159265 -3.14159265  3.14159265  3.14159265  3.14159264  0.
  3.14159265 -3.14159265  3.14159265  3.14159265 -3.14159262  3.14159265
  3.14159265 -3.14159264  0.          3.14159265 -3.14159253  3.14159265
  3.14159265  3.14159265  3.14159265  3.14159265  3.14159265  0.
  3.14159265  3.14159265  0.          3.14159265  3.14159265  0.
  3.14159265  3.14159265  3.14159265  3.14159265  3.14159265  3.14159265
  3.14159265  3.14159265  3.14159265] 
 [0.00000000e+00 3.26849658e-13 0.00000000e+00 0.00000000e+00
 1.42108547e-13 2.48770682e-15 0.00000000e+00 0.00000000e+00
 0.00000000e+00 0.00000000e+00 7.10542736e-15 1.13591549e-15
 0.00000000e+00 0.00000000e+00 0.00000000e+00 0.00000000e+00
 2.13162821e-14 0.00000000e+00 0.00000000e+00 7.10542736e-15
 1.27190030e-15 0.00000000e+00 3.69482223e-13 0.00000000e+00
 0.00000000e+00 0.00000000e+00 0.00000000e+00 0.00000000e+00
 0.00000000e+00 2.21031334e-15 0.00000000e+00 0.00000000e+00
 8.58522019e-16 0.00000000e+00 0.00000000e+00 1.13140353e-15
 0.00000000e+00 0.00000000e+00 0.00000000e+00 0.00000000e+00
 0.00000000e+00 0.00000000e+00 0.00000000e+00 0.00000000e+00
 0.00000000e+00]
Precision cutoff reached.
Calculating energies for FreeWilson2D(N_x=2, N_y=2, mass=-3.224, r=1.000)
h_im: 0.0
New op index: 10	$R_Y$[3]
Current grad: 6.897959183673462
[ 3.14159265 -1.57079633  3.14159265  3.14159265  1.57079633  3.14159265
  3.14159265 -1.57079633  3.14159265  3.14159265  0.88597508  0.
  3.14159265  0.88597508  0.          3.14159265 -1.57079633  3.14159265
  3.14159265  1.57079633  3.14159265  3.14159265 -1.57079633  3.14159265
  3.14159265  3.14159265  3.14159265  3.14159265  3.14159265  3.14159265
  3.14159265  0.          0.          3.14159265  3.14159265  3.14159265
  3.14159265  0.          0.          3.14159265  3.14159265  3.14159265
  3.14159265  3.14159265  3.14159265] 
 [0.         0.6122449  0.         0.         1.1122449  0.
 0.         1.1122449  0.         0.         1.29047063 1.
 0.         1.29047063 1.         0.         1.1122449  0.
 0.         1.1122449  0.         0.         0.6122449  0.
 0.         0.         0.         0.         0.         0.
 0.         1.         1.         0.         0.         0.
 0.         1.         1.         0.         0.         0.
 0.         0.         0.        ]
sweep    1  f = 199.2095294  (Delta f = 5.68e-14)
New op index: 16	$R_Y$[5]
Current grad: 270.49495620411886
[ 3.14159265 -1.57079633  3.14159265  3.14159265 -1.57079633  3.14159265
  3.14159265 -1.57079633  3.14159265  3.14159265  3.14159265  3.14159265
  0.         -1.57917916  3.14159265  3.14159265 -1.57079633  3.14159265
  3.14159265 -1.57079633  0.          3.14159265 -1.57079633  3.14159265
  3.14159265  3.14159265  3.14159265  3.14159265  3.14159265  3.14159265
  3.14159265  3.14159265  3.14159265  3.14159265  3.14159265  0.
  0.          3.14159265  3.14159265  3.14159265  3.14159265  3.14159265
  0.          0.          3.14159265] 
 [0.00000000e+00 3.93388513e+01 0.00000000e+00 0.00000000e+00
 3.76143615e+01 0.00000000e+00 0.00000000e+00 3.90225840e+01
 0.00000000e+00 0.00000000e+00 0.00000000e+00 0.00000000e+00
 5.21903949e-15 3.74121537e+01 0.00000000e+00 0.00000000e+00
 3.98388513e+01 0.00000000e+00 0.00000000e+00 3.76143615e+01
 3.46944695e-18 0.00000000e+00 3.93388513e+01 0.00000000e+00
 0.00000000e+00 0.00000000e+00 0.00000000e+00 0.00000000e+00
 0.00000000e+00 0.00000000e+00 0.00000000e+00 0.00000000e+00
 0.00000000e+00 0.00000000e+00 0.00000000e+00 3.46944695e-18
 4.35100510e-15 0.00000000e+00 0.00000000e+00 0.00000000e+00
 0.00000000e+00 0.00000000e+00 8.39606162e-16 8.67361738e-16
 0.00000000e+00]
sweep    1  f = 148.2730405  (Delta f = 11.1)
sweep    2  f = 148.2730405  (Delta f = 0)
New op index: 4	$R_Y$[1]
Current grad: 4.168531786980148
[ 3.14159265 -1.57079633  3.14159265  3.14159265  1.57079633  3.14159265
  3.14159265 -1.57079633  3.14159265  3.14159265  3.14159264  3.14159265
  3.14159265  2.2584868   3.14159265  3.14159265  3.14159264  3.14159265
  0.          2.25366999  3.14159265  0.         -1.57079633  0.
  3.14159265  3.14159265  3.14159265  3.14159265  3.14159265  3.14159265
  3.14159265  3.14159265  3.14159265  3.14159265  3.14159265  3.14159265
  3.14159265  3.14159265  3.14159265  3.14159265  3.14159265  3.14159265
  0.          3.14159265  3.14159265] 
 [0.00000000e+00 6.09805202e-01 0.00000000e+00 0.00000000e+00
 1.11468459e+00 0.00000000e+00 0.00000000e+00 6.04865934e-01
 0.00000000e+00 0.00000000e+00 7.10542736e-15 0.00000000e+00
 0.00000000e+00 2.90548509e-01 0.00000000e+00 0.00000000e+00
 1.42108547e-14 0.00000000e+00 1.82254884e-14 2.92361747e-01
 0.00000000e+00 9.93413637e-15 6.09805202e-01 1.49990857e-24
 0.00000000e+00 0.00000000e+00 0.00000000e+00 0.00000000e+00
 0.00000000e+00 0.00000000e+00 0.00000000e+00 0.00000000e+00
 0.00000000e+00 0.00000000e+00 0.00000000e+00 0.00000000e+00
 0.00000000e+00 0.00000000e+00 0.00000000e+00 0.00000000e+00
 0.00000000e+00 0.00000000e+00 2.59784302e-14 0.00000000e+00
 0.00000000e+00]
sweep    1  f = 146.9850396  (Delta f = 0.173)
sweep    2  f = 146.9850396  (Delta f = 3.45e-11)
New op index: 22	$R_Y$[7]
Current grad: 194.24549410597226
[ 3.14159265 -1.58350571  3.14159265  3.14159265  3.14159261  3.14159265
  3.14159265 -1.58350571  3.14159265  3.14159265  3.14159134  3.14159265
  3.14159265 -1.59220928  3.14159265  3.14159265  3.14159256  3.14159265
  3.14159265 -1.58391397  3.14159265  0.         -1.57079633  3.14159265
  3.14159265  3.14159265  3.14159265  3.14159265  3.14159265  3.14159265
  3.14159265  3.14159265  3.14159265  3.14159265  3.14159265  3.14159265
  3.14159265  3.14159265  3.14159265  3.14159265  3.14159265  3.14159265
  3.14159265  3.14159265  3.14159265] 
 [0.00000000e+00 3.88420701e+01 0.00000000e+00 0.00000000e+00
 8.88178420e-15 0.00000000e+00 0.00000000e+00 3.88420701e+01
 0.00000000e+00 0.00000000e+00 6.77236045e-13 0.00000000e+00
 0.00000000e+00 3.73068758e+01 0.00000000e+00 0.00000000e+00
 4.26325641e-13 0.00000000e+00 0.00000000e+00 3.76176824e+01
 0.00000000e+00 2.63975350e-14 3.93388927e+01 0.00000000e+00
 0.00000000e+00 0.00000000e+00 0.00000000e+00 0.00000000e+00
 0.00000000e+00 0.00000000e+00 0.00000000e+00 0.00000000e+00
 0.00000000e+00 0.00000000e+00 0.00000000e+00 0.00000000e+00
 0.00000000e+00 0.00000000e+00 0.00000000e+00 0.00000000e+00
 0.00000000e+00 0.00000000e+00 0.00000000e+00 0.00000000e+00
 0.00000000e+00]
sweep    1  f = 96.54855071  (Delta f = 11.1)
sweep    2  f = 96.54855071  (Delta f = 0)
New op index: 19	$R_Y$[6]
Current grad: 2.448994043126546
[ 3.14159265 -2.25757454  3.14159265  3.14159265  3.14159256  3.14159265
  3.14159265 -2.25757454  3.14159265  3.14159265 -3.14159254  3.14159265
  3.14159265  2.2584868   3.14159265  3.14159265 -3.14159263  3.14159265
  0.          2.25366994  3.14159265  3.14159265 -3.1415926   0.
  3.14159265  3.14159265  3.14159265  3.14159265  3.14159265  3.14159265
  3.14159265  3.14159265  3.14159265  3.14159265  3.14159265  3.14159265
  3.14159265  3.14159265  3.14159265  3.14159265  3.14159265  3.14159265
  3.14159265  3.14159265  3.14159265] 
 [0.00000000e+00 2.88582468e-01 0.00000000e+00 0.00000000e+00
 2.41584530e-13 0.00000000e+00 0.00000000e+00 2.88582467e-01
 0.00000000e+00 0.00000000e+00 3.12638804e-13 0.00000000e+00
 0.00000000e+00 2.90548551e-01 0.00000000e+00 0.00000000e+00
 2.13162821e-14 0.00000000e+00 6.06295113e-15 2.92361803e-01
 0.00000000e+00 0.00000000e+00 6.39488462e-14 7.68039797e-32
 0.00000000e+00 0.00000000e+00 0.00000000e+00 0.00000000e+00
 0.00000000e+00 0.00000000e+00 0.00000000e+00 0.00000000e+00
 0.00000000e+00 0.00000000e+00 0.00000000e+00 0.00000000e+00
 0.00000000e+00 0.00000000e+00 0.00000000e+00 0.00000000e+00
 0.00000000e+00 0.00000000e+00 0.00000000e+00 0.00000000e+00
 0.00000000e+00]
sweep    1  f = 96.2494519  (Delta f = 0.00674)
sweep    2  f = 96.2494519  (Delta f = 5.35e-11)
New op index: 1	$R_Y$[0]
Current grad: 120.52678274204882
[ 3.14159265 -1.58311591  3.14159265  3.14159265  3.14159148  3.14159265
  3.14159265 -1.58311591  3.14159265  3.14159265 -3.14158787  3.14159265
  3.14159265 -1.57900842  3.14159265  3.14159265  3.14159265  3.14159265
  3.14159265  3.14159232  3.14159265  3.14159265  3.14159253  3.14159265
  3.14159265  3.14159265  3.14159265  3.14159265  3.14159265  3.14159265
  3.14159265  3.14159265  3.14159265  3.14159265  3.14159265  3.14159265
  3.14159265  3.14159265  3.14159265  3.14159265  3.14159265  3.14159265
  3.14159265  3.14159265  3.14159265] 
 [0.00000000e+00 4.00868268e+01 0.00000000e+00 0.00000000e+00
 7.65609798e-12 0.00000000e+00 0.00000000e+00 4.00868264e+01
 0.00000000e+00 0.00000000e+00 9.55036050e-12 0.00000000e+00
 0.00000000e+00 3.90373551e+01 0.00000000e+00 0.00000000e+00
 0.00000000e+00 0.00000000e+00 0.00000000e+00 5.82645043e-13
 0.00000000e+00 0.00000000e+00 7.38964445e-13 0.00000000e+00
 0.00000000e+00 0.00000000e+00 0.00000000e+00 0.00000000e+00
 0.00000000e+00 0.00000000e+00 0.00000000e+00 0.00000000e+00
 0.00000000e+00 0.00000000e+00 0.00000000e+00 0.00000000e+00
 0.00000000e+00 0.00000000e+00 0.00000000e+00 0.00000000e+00
 0.00000000e+00 0.00000000e+00 0.00000000e+00 0.00000000e+00
 0.00000000e+00]
sweep    1  f = 46.3191214  (Delta f = 9.84)
sweep    2  f = 46.3191214  (Delta f = 0)
New op index: 7	$R_Y$[2]
Current grad: 1.2245083567784147
[ 3.14159265 -3.14159257  3.14159265  3.14159265 -3.14159259  3.14159265
  3.14159265 -1.57889675  3.14159265  3.14159265  3.14159263  3.14159265
  0.          1.58686576  3.14159265  3.14159265 -3.14159265  0.
  3.14159265 -3.14159253  3.14159265  3.14159265  3.14159259  0.
  3.14159265  3.14159265  3.14159265  3.14159265  3.14159265  3.14159265
  3.14159265  3.14159265  3.14159265  3.14159265  3.14159265  3.14159265
  3.14159265  3.14159265  3.14159265  3.14159265  3.14159265  3.14159265
  3.14159265  3.14159265  3.14159265] 
 [0.00000000e+00 1.77635684e-13 0.00000000e+00 0.00000000e+00
 1.13686838e-13 0.00000000e+00 0.00000000e+00 6.04885995e-01
 0.00000000e+00 0.00000000e+00 2.13162821e-14 0.00000000e+00
 1.07235840e-14 6.04884914e-01 0.00000000e+00 0.00000000e+00
 0.00000000e+00 1.36610727e-16 0.00000000e+00 3.83693077e-13
 0.00000000e+00 0.00000000e+00 1.06581410e-13 1.36610727e-16
 0.00000000e+00 0.00000000e+00 0.00000000e+00 0.00000000e+00
 0.00000000e+00 0.00000000e+00 0.00000000e+00 0.00000000e+00
 0.00000000e+00 0.00000000e+00 0.00000000e+00 0.00000000e+00
 0.00000000e+00 0.00000000e+00 0.00000000e+00 0.00000000e+00
 0.00000000e+00 0.00000000e+00 0.00000000e+00 0.00000000e+00
 0.00000000e+00]
sweep    1  f = 45.71181077  (Delta f = 0.00242)
sweep    2  f = 45.71180557  (Delta f = 5.2e-06)
sweep    3  f = 45.71180299  (Delta f = 2.58e-06)
sweep    4  f = 45.7118019  (Delta f = 1.08e-06)
sweep    5  f = 45.71180186  (Delta f = 4.03e-08)
sweep    6  f = 45.71180184  (Delta f = 2.59e-08)
sweep    7  f = 45.71180173  (Delta f = 1.09e-07)
sweep    8  f = 45.71180168  (Delta f = 4.97e-08)
sweep    9  f = 45.71180158  (Delta f = 9.99e-08)
sweep   10  f = 45.71180124  (Delta f = 3.34e-07)
sweep   11  f = 45.71180124  (Delta f = 3.7e-09)
New op index: 13	$R_Y$[4]
Current grad: 50.614090248578385
[ 3.14159265 -3.14100447  3.14159265  3.14159265  3.14159141  3.14159265
  3.14159265 -3.14159265  3.14159265  3.14159265 -3.14159196  3.14159265
  0.          1.57089453  3.14159265  3.14159265 -3.14152442  0.
  3.14159265  3.14159168  3.14159265  3.14159265  3.14151535  0.
  3.14159265  3.14159265  3.14159265  3.14159265  3.14159265  3.14159265
  3.14159265  3.14159265  3.14159265  3.14159265  3.14159265  3.14159265
  3.14159265  3.14159265  3.14159265  3.14159265  3.14159265  3.14159265
  3.14159265  3.14159265  3.14159265] 
 [0.00000000e+00 1.05702941e-07 0.00000000e+00 0.00000000e+00
 7.81597009e-11 0.00000000e+00 0.00000000e+00 0.00000000e+00
 0.00000000e+00 0.00000000e+00 2.44284593e-11 0.00000000e+00
 2.85281528e-15 5.06083777e+01 0.00000000e+00 0.00000000e+00
 1.42838275e-09 1.01397117e-09 0.00000000e+00 4.80468998e-11
 0.00000000e+00 0.00000000e+00 1.82581195e-09 1.01397117e-09
 0.00000000e+00 0.00000000e+00 0.00000000e+00 0.00000000e+00
 0.00000000e+00 0.00000000e+00 0.00000000e+00 0.00000000e+00
 0.00000000e+00 0.00000000e+00 0.00000000e+00 0.00000000e+00
 0.00000000e+00 0.00000000e+00 0.00000000e+00 0.00000000e+00
 0.00000000e+00 0.00000000e+00 0.00000000e+00 0.00000000e+00
 0.00000000e+00]
sweep    1  f = -4.897959173  (Delta f = 0.00138)
sweep    2  f = -4.897959184  (Delta f = 1.04e-08)
sweep    3  f = -4.897959184  (Delta f = 2.38e-12)
New op index: 22	$R_Y$[7]
Current grad: 1.0071453100143662e-05
[ 3.14159265  3.14159262  0.          3.14159265 -3.14159263  3.14159265
  3.14159265 -3.14159263  0.          3.14159265 -3.14159265  3.14159265
  3.14159265  3.14159265  3.14159265  3.14159265 -3.14159265  3.14159265
  3.14159265  3.14159261  3.14159265  3.14159265 -3.14159259  0.
  3.14159265  3.14159265  0.          3.14159265  3.14159265  3.14159265
  3.14159265  3.14159265  0.          3.14159265  3.14159265  3.14159265
  3.14159265  3.14159265  3.14159265  3.14159265  3.14159265  3.14159265
  3.14159265  3.14159265  0.        ] 
 [0.00000000e+00 2.84217094e-14 2.55158322e-15 0.00000000e+00
 1.42108547e-14 0.00000000e+00 0.00000000e+00 1.42108547e-14
 4.68389233e-16 0.00000000e+00 0.00000000e+00 0.00000000e+00
 0.00000000e+00 0.00000000e+00 0.00000000e+00 0.00000000e+00
 0.00000000e+00 0.00000000e+00 0.00000000e+00 4.26325641e-14
 0.00000000e+00 0.00000000e+00 9.94759830e-14 1.49239685e-15
 0.00000000e+00 0.00000000e+00 1.19281552e-15 0.00000000e+00
 0.00000000e+00 0.00000000e+00 0.00000000e+00 0.00000000e+00
 2.76791637e-16 0.00000000e+00 0.00000000e+00 0.00000000e+00
 0.00000000e+00 0.00000000e+00 0.00000000e+00 0.00000000e+00
 0.00000000e+00 0.00000000e+00 0.00000000e+00 0.00000000e+00
 2.15704384e-16]
Precision cutoff reached.
Calculating energies for FreeWilson2D(N_x=2, N_y=2, mass=-3.061, r=1.000)
h_im: 0.0
New op index: 10	$R_Y$[3]
Current grad: 6.244897959183669
[ 3.14159265 -1.57079633  3.14159265  3.14159265  1.57079633  3.14159265
  3.14159265 -1.57079633  3.14159265  3.14159265  0.8150924   0.
  3.14159265  0.8150924   0.          3.14159265 -1.57079633  3.14159265
  3.14159265  1.57079633  3.14159265  3.14159265 -1.57079633  3.14159265
  3.14159265  3.14159265  3.14159265  3.14159265  3.14159265  3.14159265
  3.14159265  0.          0.          3.14159265  3.14159265  3.14159265
  3.14159265  0.          0.          3.14159265  3.14159265  3.14159265
  3.14159265  3.14159265  3.14159265] 
 [0.         0.53061224 0.         0.         1.03061224 0.
 0.         1.03061224 0.         0.         1.22907431 1.
 0.         1.22907431 1.         0.         1.03061224 0.
 0.         1.03061224 0.         0.         0.53061224 0.
 0.         0.         0.         0.         0.         0.
 0.         1.         1.         0.         0.         0.
 0.         1.         1.         0.         0.         0.
 0.         0.         0.        ]
sweep    1  f = 199.2709257  (Delta f = 3.41e-13)
New op index: 16	$R_Y$[5]
Current grad: 254.04995731326142
[ 3.14159265 -1.57079633  3.14159265  3.14159265 -1.57079633  3.14159265
  3.14159265 -1.57079633  0.          3.14159265  3.14159265  3.14159265
  3.14159265 -1.58045657  3.14159265  3.14159265 -1.57079633  0.
  0.         -1.57079633  0.          0.         -1.57079633  0.
  3.14159265  3.14159265  3.14159265  3.14159265  0.          0.
  3.14159265  3.14159265  3.14159265  3.14159265  3.14159265  0.
  3.14159265  3.14159265  3.14159265  0.          0.          0.
  0.          0.          0.        ] 
 [0.00000000e+00 3.69200608e+01 0.00000000e+00 0.00000000e+00
 3.53588363e+01 0.00000000e+00 0.00000000e+00 3.65771603e+01
 3.46944695e-18 0.00000000e+00 0.00000000e+00 0.00000000e+00
 0.00000000e+00 3.51536976e+01 0.00000000e+00 0.00000000e+00
 3.74200608e+01 2.42861287e-17 6.28217716e-15 3.53588363e+01
 6.93889390e-18 3.45309099e-15 3.69200608e+01 2.08166817e-17
 0.00000000e+00 0.00000000e+00 0.00000000e+00 0.00000000e+00
 3.46944695e-18 3.46944695e-18 0.00000000e+00 0.00000000e+00
 0.00000000e+00 0.00000000e+00 0.00000000e+00 6.93889390e-18
 0.00000000e+00 0.00000000e+00 0.00000000e+00 5.94054284e-15
 5.91625671e-15 3.12250226e-17 7.31359417e-15 7.28583860e-15
 2.77555756e-17]
sweep    1  f = 148.4363018  (Delta f = 13.4)
sweep    2  f = 148.4363018  (Delta f = 0)
New op index: 4	$R_Y$[1]
Current grad: 3.678732493331657
[ 3.14159265 -1.57079633  3.14159265  3.14159265  1.57079633  3.14159265
  3.14159265 -1.57079633  0.          3.14159265 -3.14159261  3.14159265
  0.          2.32911784  3.14159265  3.14159265 -3.14159257  0.
  3.14159265  2.32420349  3.14159265  3.14159265 -1.57079633  3.14159265
  3.14159265  3.14159265  3.14159265  3.14159265  0.          0.
  3.14159265  3.14159265  3.14159265  3.14159265  3.14159265  3.14159265
  3.14159265  3.14159265  3.14159265  3.14159265  3.14159265  3.14159265
  3.14159265  3.14159265  3.14159265] 
 [0.00000000e+00 5.28164634e-01 0.00000000e+00 0.00000000e+00
 1.03305986e+00 0.00000000e+00 0.00000000e+00 5.23217360e-01
 6.38752666e-24 0.00000000e+00 4.26325641e-14 0.00000000e+00
 5.45309119e-15 2.29303776e-01 0.00000000e+00 0.00000000e+00
 1.77635684e-13 3.53864069e-24 0.00000000e+00 2.30857616e-01
 0.00000000e+00 0.00000000e+00 5.28164634e-01 0.00000000e+00
 0.00000000e+00 0.00000000e+00 0.00000000e+00 0.00000000e+00
 6.38752666e-24 6.38752666e-24 0.00000000e+00 0.00000000e+00
 0.00000000e+00 0.00000000e+00 0.00000000e+00 0.00000000e+00
 0.00000000e+00 0.00000000e+00 0.00000000e+00 0.00000000e+00
 0.00000000e+00 0.00000000e+00 0.00000000e+00 0.00000000e+00
 0.00000000e+00]
sweep    1  f = 147.2097012  (Delta f = 0.194)
sweep    2  f = 147.2097012  (Delta f = 0)
New op index: 22	$R_Y$[7]
Current grad: 182.47825616806432
[ 3.14159265 -1.58433824  3.14159265  3.14159265 -3.14159261  3.14159265
  3.14159265 -1.58433824  3.14159265  3.14159265  3.14159035  3.14159265
  3.14159265 -1.594298    3.14159265  3.14159265 -3.14159262  3.14159265
  3.14159265 -1.58473896  3.14159265  0.         -1.57079633  3.14159265
  3.14159265  3.14159265  3.14159265  3.14159265  3.14159265  3.14159265
  3.14159265  3.14159265  3.14159265  3.14159265  3.14159265  3.14159265
  3.14159265  3.14159265  3.14159265  3.14159265  3.14159265  3.14159265
  0.          3.14159265  3.14159265] 
 [0.00000000e+00 3.64235255e+01 0.00000000e+00 0.00000000e+00
 1.59872116e-14 0.00000000e+00 0.00000000e+00 3.64235255e+01
 0.00000000e+00 0.00000000e+00 1.93967065e-12 0.00000000e+00
 0.00000000e+00 3.50259209e+01 0.00000000e+00 0.00000000e+00
 5.68434189e-14 0.00000000e+00 0.00000000e+00 3.53624011e+01
 0.00000000e+00 3.01878703e-14 3.69201399e+01 0.00000000e+00
 0.00000000e+00 0.00000000e+00 0.00000000e+00 0.00000000e+00
 0.00000000e+00 0.00000000e+00 0.00000000e+00 0.00000000e+00
 0.00000000e+00 0.00000000e+00 0.00000000e+00 0.00000000e+00
 0.00000000e+00 0.00000000e+00 0.00000000e+00 0.00000000e+00
 0.00000000e+00 0.00000000e+00 8.39252137e-15 0.00000000e+00
 0.00000000e+00]
sweep    1  f = 96.87507733  (Delta f = 13.4)
sweep    2  f = 96.87507733  (Delta f = 0)
New op index: 19	$R_Y$[6]
Current grad: 2.1224601855232113
[ 3.14159265 -2.32880821  3.14159265  3.14159265 -3.14159257  3.14159265
  3.14159265 -2.32880821  3.14159265  3.14159265 -3.14159265  3.14159265
  0.          2.32911786  3.14159265  3.14159265 -3.14159262  0.
  3.14159265  2.32420354  3.14159265  3.14159265 -3.14159256  0.
  3.14159265  3.14159265  3.14159265  3.14159265  3.14159265  3.14159265
  3.14159265  3.14159265  3.14159265  3.14159265  3.14159265  3.14159265
  3.14159265  3.14159265  3.14159265  3.14159265  3.14159265  3.14159265
  3.14159265  3.14159265  3.14159265] 
 [0.00000000e+00 2.27294917e-01 0.00000000e+00 0.00000000e+00
 1.70530257e-13 0.00000000e+00 0.00000000e+00 2.27294918e-01
 0.00000000e+00 0.00000000e+00 0.00000000e+00 0.00000000e+00
 2.78101605e-15 2.29303752e-01 0.00000000e+00 0.00000000e+00
 3.55271368e-14 2.95554041e-24 0.00000000e+00 2.30857574e-01
 0.00000000e+00 0.00000000e+00 2.34479103e-13 4.55870627e-31
 0.00000000e+00 0.00000000e+00 0.00000000e+00 0.00000000e+00
 0.00000000e+00 0.00000000e+00 0.00000000e+00 0.00000000e+00
 0.00000000e+00 0.00000000e+00 0.00000000e+00 0.00000000e+00
 0.00000000e+00 0.00000000e+00 0.00000000e+00 0.00000000e+00
 0.00000000e+00 0.00000000e+00 0.00000000e+00 0.00000000e+00
 0.00000000e+00]
sweep    1  f = 96.63928359  (Delta f = 0.00494)
sweep    2  f = 96.63928359  (Delta f = 8.14e-12)
New op index: 7	$R_Y$[2]
Current grad: 112.96434102208647
[ 3.14159265 -1.58395052  3.14159265  3.14159265 -3.14159196  3.14159265
  3.14159265 -1.58395052  3.14159265  3.14159265  3.14159152  3.14159265
  0.         -1.58026208  3.14159265  3.14159265 -3.1415925   0.
  3.14159265  3.14158838  3.14159265  3.14159265  3.14159254  0.
  3.14159265  3.14159265  3.14159265  3.14159265  3.14159265  3.14159265
  3.14159265  3.14159265  3.14159265  3.14159265  3.14159265  3.14159265
  3.14159265  3.14159265  3.14159265  3.14159265  3.14159265  3.14159265
  3.14159265  3.14159265  3.14159265] 
 [0.00000000e+00 3.75117934e+01 0.00000000e+00 0.00000000e+00
 3.27915473e-12 0.00000000e+00 0.00000000e+00 3.75117934e+01
 0.00000000e+00 0.00000000e+00 8.33821900e-12 0.00000000e+00
 6.49485668e-15 3.65991913e+01 0.00000000e+00 0.00000000e+00
 1.09423581e-12 1.30455122e-14 0.00000000e+00 6.90014712e-12
 0.00000000e+00 0.00000000e+00 5.40012479e-13 1.30455122e-14
 0.00000000e+00 0.00000000e+00 0.00000000e+00 0.00000000e+00
 0.00000000e+00 0.00000000e+00 0.00000000e+00 0.00000000e+00
 0.00000000e+00 0.00000000e+00 0.00000000e+00 0.00000000e+00
 0.00000000e+00 0.00000000e+00 0.00000000e+00 0.00000000e+00
 0.00000000e+00 0.00000000e+00 0.00000000e+00 0.00000000e+00
 0.00000000e+00]
sweep    1  f = 46.80890511  (Delta f = 12.3)
sweep    2  f = 46.80890511  (Delta f = 5.19e-13)
New op index: 13	$R_Y$[4]
Current grad: 1.0612495859866393
[ 3.14159265 -1.58016391  3.14159265  3.14159265 -3.14159263  3.14159265
  3.14159265 -3.14159259  3.14159265  3.14159265 -3.14159258  3.14159265
  0.          1.58935698  3.14159265  3.14159265 -3.14159251  0.
  3.14159265  3.14159253  3.14159265  3.14159265  3.1415926   0.
  3.14159265  3.14159265  3.14159265  3.14159265  3.14159265  3.14159265
  3.14159265  3.14159265  3.14159265  3.14159265  3.14159265  3.14159265
  3.14159265  3.14159265  3.14159265  3.14159265  3.14159265  3.14159265
  3.14159265  3.14159265  3.14159265] 
 [0.00000000e+00 5.23239754e-01 0.00000000e+00 0.00000000e+00
 1.42108547e-14 0.00000000e+00 0.00000000e+00 1.13686838e-13
 0.00000000e+00 0.00000000e+00 1.35003120e-13 0.00000000e+00
 2.12189631e-15 5.23257347e-01 0.00000000e+00 0.00000000e+00
 5.54223334e-13 7.42747114e-15 0.00000000e+00 3.69482223e-13
 0.00000000e+00 0.00000000e+00 7.10542736e-14 7.42747113e-15
 0.00000000e+00 0.00000000e+00 0.00000000e+00 0.00000000e+00
 0.00000000e+00 0.00000000e+00 0.00000000e+00 0.00000000e+00
 0.00000000e+00 0.00000000e+00 0.00000000e+00 0.00000000e+00
 0.00000000e+00 0.00000000e+00 0.00000000e+00 0.00000000e+00
 0.00000000e+00 0.00000000e+00 0.00000000e+00 0.00000000e+00
 0.00000000e+00]
sweep    1  f = 46.28067463  (Delta f = 0.00497)
sweep    2  f = 46.28035662  (Delta f = 0.000318)
sweep    3  f = 46.28035146  (Delta f = 5.16e-06)
sweep    4  f = 46.28035142  (Delta f = 3.76e-08)
sweep    5  f = 46.2803514  (Delta f = 2.22e-08)
sweep    6  f = 46.28035138  (Delta f = 2.69e-08)
sweep    7  f = 46.28035129  (Delta f = 8.81e-08)
sweep    8  f = 46.28035129  (Delta f = 2.06e-09)
New op index: 1	$R_Y$[0]
Current grad: 49.9178392846082
[ 3.14159265 -1.57089505  3.14159265  3.14159265  3.14150475  3.14159265
  3.14159265  3.14159258  3.14159265  3.14159265  3.14152041  3.14159265
  3.14159265 -3.14159265  3.14159265  3.14159265 -3.14159265  3.14159265
  3.14159265 -3.14152483  3.14159265  3.14159265 -3.14159253  3.14159265
  3.14159265  3.14159265  3.14159265  3.14159265  3.14159265  3.14159265
  3.14159265  3.14159265  3.14159265  3.14159265  3.14159265  3.14159265
  3.14159265  3.14159265  3.14159265  3.14159265  3.14159265  3.14159265
  3.14159265  3.14159265  3.14159265] 
 [0.00000000e+00 4.99126636e+01 0.00000000e+00 0.00000000e+00
 3.85936050e-09 0.00000000e+00 0.00000000e+00 2.55795385e-13
 0.00000000e+00 0.00000000e+00 2.60597888e-09 0.00000000e+00
 0.00000000e+00 0.00000000e+00 0.00000000e+00 0.00000000e+00
 0.00000000e+00 0.00000000e+00 0.00000000e+00 2.28976316e-09
 0.00000000e+00 0.00000000e+00 7.81597009e-13 0.00000000e+00
 0.00000000e+00 0.00000000e+00 0.00000000e+00 0.00000000e+00
 0.00000000e+00 0.00000000e+00 0.00000000e+00 0.00000000e+00
 0.00000000e+00 0.00000000e+00 0.00000000e+00 0.00000000e+00
 0.00000000e+00 0.00000000e+00 0.00000000e+00 0.00000000e+00
 0.00000000e+00 0.00000000e+00 0.00000000e+00 0.00000000e+00
 0.00000000e+00]
sweep    1  f = -4.24486766  (Delta f = 0.613)
sweep    2  f = -4.244897959  (Delta f = 3.03e-05)
sweep    3  f = -4.244897959  (Delta f = 0)
New op index: 7	$R_Y$[2]
Current grad: 2.3955341065980844e-05
[ 3.14159265 -3.14159261  3.14159265  3.14159265 -3.1415926   3.14159265
  3.14159265 -3.14159248  3.14159265  3.14159265 -3.14159254  3.14159265
  3.14159265  3.14159264  3.14159265  3.14159265 -3.14159264  3.14159265
  3.14159265  3.14159261  3.14159265  3.14159265 -3.14159263  3.14159265
  3.14159265  3.14159265  3.14159265  3.14159265  3.14159265  3.14159265
  3.14159265  3.14159265  3.14159265  3.14159265  3.14159265  3.14159265
  3.14159265  3.14159265  3.14159265  3.14159265  3.14159265  3.14159265
  3.14159265  3.14159265  3.14159265] 
 [0.00000000e+00 4.26325641e-14 0.00000000e+00 0.00000000e+00
 6.39488462e-14 0.00000000e+00 0.00000000e+00 7.31859018e-13
 0.00000000e+00 0.00000000e+00 3.26849658e-13 0.00000000e+00
 0.00000000e+00 0.00000000e+00 0.00000000e+00 0.00000000e+00
 7.10542736e-15 0.00000000e+00 0.00000000e+00 4.97379915e-14
 0.00000000e+00 0.00000000e+00 1.42108547e-14 0.00000000e+00
 0.00000000e+00 0.00000000e+00 0.00000000e+00 0.00000000e+00
 0.00000000e+00 0.00000000e+00 0.00000000e+00 0.00000000e+00
 0.00000000e+00 0.00000000e+00 0.00000000e+00 0.00000000e+00
 0.00000000e+00 0.00000000e+00 0.00000000e+00 0.00000000e+00
 0.00000000e+00 0.00000000e+00 0.00000000e+00 0.00000000e+00
 0.00000000e+00]
Precision cutoff reached.
Calculating energies for FreeWilson2D(N_x=2, N_y=2, mass=-2.898, r=1.000)
h_im: 0.0
New op index: 10	$R_Y$[3]
Current grad: 5.591836734693873
[ 3.14159265 -1.57079633  3.14159265  3.14159265  1.57079633  3.14159265
  3.14159265 -1.57079633  3.14159265  3.14159265  0.73168643  0.
  3.14159265  0.73168643  0.          3.14159265 -1.57079633  3.14159265
  3.14159265  1.57079633  3.14159265  3.14159265 -1.57079633  3.14159265
  3.14159265  3.14159265  3.14159265  3.14159265  3.14159265  3.14159265
  3.14159265  0.          0.          3.14159265  3.14159265  3.14159265
  3.14159265  0.          0.          3.14159265  3.14159265  3.14159265
  3.14159265  3.14159265  3.14159265] 
 [0.         0.44897959 0.         0.         0.94897959 0.
 0.         0.94897959 0.         0.         1.17199901 1.
 0.         1.17199901 1.         0.         0.94897959 0.
 0.         0.94897959 0.         0.         0.44897959 0.
 0.         0.         0.         0.         0.         0.
 0.         1.         1.         0.         0.         0.
 0.         1.         1.         0.         0.         0.
 0.         0.         0.        ]
sweep    1  f = 199.328001  (Delta f = 1.71e-13)
New op index: 16	$R_Y$[5]
Current grad: 233.08677331553403
[ 3.14159265 -1.57079633  3.14159265  3.14159265 -1.57079633  3.14159265
  3.14159265 -1.57079633  3.14159265  3.14159265  3.14159265  3.14159265
  0.         -1.5821995   3.14159265  3.14159265 -1.57079633  3.14159265
  3.14159265 -1.57079633  3.14159265  3.14159265 -1.57079633  0.
  3.14159265  3.14159265  3.14159265  3.14159265  3.14159265  3.14159265
  3.14159265  3.14159265  3.14159265  3.14159265  3.14159265  3.14159265
  3.14159265  3.14159265  3.14159265  3.14159265  3.14159265  3.14159265
  3.14159265  3.14159265  3.14159265] 
 [0.00000000e+00 3.38552483e+01 0.00000000e+00 0.00000000e+00
 3.24572891e+01 0.00000000e+00 0.00000000e+00 3.34832239e+01
 0.00000000e+00 0.00000000e+00 0.00000000e+00 0.00000000e+00
 1.79575742e-15 3.22533232e+01 0.00000000e+00 0.00000000e+00
 3.43552483e+01 0.00000000e+00 0.00000000e+00 3.24572891e+01
 0.00000000e+00 0.00000000e+00 3.38552483e+01 6.93889390e-18
 0.00000000e+00 0.00000000e+00 0.00000000e+00 0.00000000e+00
 0.00000000e+00 0.00000000e+00 0.00000000e+00 0.00000000e+00
 0.00000000e+00 0.00000000e+00 0.00000000e+00 0.00000000e+00
 0.00000000e+00 0.00000000e+00 0.00000000e+00 0.00000000e+00
 0.00000000e+00 0.00000000e+00 0.00000000e+00 0.00000000e+00
 0.00000000e+00]
sweep    1  f = 148.5995631  (Delta f = 16.4)
sweep    2  f = 148.5995631  (Delta f = 1.71e-13)
New op index: 4	$R_Y$[1]
Current grad: 3.1889227037322128
[ 3.14159265 -1.57079633  3.14159265  3.14159265  1.57079633  3.14159265
  3.14159265 -1.57079633  3.14159265  3.14159265  3.14159265  3.14159265
  0.          2.41209675  3.14159265  3.14159265 -3.14159265  0.
  3.14159265  2.40719405  3.14159265  3.14159265 -1.57079633  0.
  3.14159265  3.14159265  3.14159265  3.14159265  3.14159265  3.14159265
  3.14159265  3.14159265  3.14159265  3.14159265  3.14159265  3.14159265
  3.14159265  3.14159265  3.14159265  3.14159265  3.14159265  3.14159265
  3.14159265  3.14159265  3.14159265] 
 [0.00000000e+00 4.46524073e-01 0.00000000e+00 0.00000000e+00
 9.51435110e-01 0.00000000e+00 0.00000000e+00 4.41568815e-01
 0.00000000e+00 0.00000000e+00 0.00000000e+00 0.00000000e+00
 2.42208198e-15 1.72372931e-01 0.00000000e+00 0.00000000e+00
 0.00000000e+00 8.47201902e-25 0.00000000e+00 1.73642088e-01
 0.00000000e+00 0.00000000e+00 4.46524073e-01 8.67223192e-25
 0.00000000e+00 0.00000000e+00 0.00000000e+00 0.00000000e+00
 0.00000000e+00 0.00000000e+00 0.00000000e+00 0.00000000e+00
 0.00000000e+00 0.00000000e+00 0.00000000e+00 0.00000000e+00
 0.00000000e+00 0.00000000e+00 0.00000000e+00 0.00000000e+00
 0.00000000e+00 0.00000000e+00 0.00000000e+00 0.00000000e+00
 0.00000000e+00]
sweep    1  f = 147.4300418  (Delta f = 0.218)
sweep    2  f = 147.4300418  (Delta f = 1.37e-11)
New op index: 22	$R_Y$[7]
Current grad: 167.47902407830296
[ 3.14159265 -1.58556413  3.14159265  3.14159265  3.1415925   3.14159265
  3.14159265 -1.58556413  3.14159265  3.14159265 -3.14158552  3.14159265
  0.         -1.59724967  3.14159265  3.14159265  3.14159242  0.
  3.14159265 -1.58596644  3.14159265  0.         -1.57079633  0.
  3.14159265  3.14159265  3.14159265  3.14159265  3.14159265  3.14159265
  3.14159265  3.14159265  3.14159265  3.14159265  3.14159265  3.14159265
  3.14159265  3.14159265  3.14159265  3.14159265  3.14159265  3.14159265
  3.14159265  3.14159265  3.14159265] 
 [0.00000000e+00 3.33586750e+01 0.00000000e+00 0.00000000e+00
 2.09610107e-13 0.00000000e+00 0.00000000e+00 3.33586749e+01
 0.00000000e+00 0.00000000e+00 1.70909953e-11 0.00000000e+00
 1.03701061e-15 3.20965318e+01 0.00000000e+00 0.00000000e+00
 2.40163445e-12 8.27180613e-25 0.00000000e+00 3.24608165e+01
 0.00000000e+00 1.63282086e-14 3.38549829e+01 1.65436123e-24
 0.00000000e+00 0.00000000e+00 0.00000000e+00 0.00000000e+00
 0.00000000e+00 0.00000000e+00 0.00000000e+00 0.00000000e+00
 0.00000000e+00 0.00000000e+00 0.00000000e+00 0.00000000e+00
 0.00000000e+00 0.00000000e+00 0.00000000e+00 0.00000000e+00
 0.00000000e+00 0.00000000e+00 0.00000000e+00 0.00000000e+00
 0.00000000e+00]
sweep    1  f = 97.20160394  (Delta f = 16.4)
sweep    2  f = 97.20160394  (Delta f = 0)
New op index: 19	$R_Y$[6]
Current grad: 1.7959266046968558
[ 3.14159265 -2.41263165  3.14159265  3.14159265 -3.14159264  3.14159265
  3.14159265 -2.41263165  3.14159265  3.14159265  3.14159265  3.14159265
  3.14159265  2.41209676  3.14159265  3.14159265  3.14159264  0.
  0.          2.40719406  3.14159265  3.14159265 -3.14159252  3.14159265
  3.14159265  3.14159265  3.14159265  3.14159265  3.14159265  3.14159265
  3.14159265  3.14159265  3.14159265  3.14159265  3.14159265  3.14159265
  3.14159265  3.14159265  3.14159265  3.14159265  3.14159265  3.14159265
  3.14159265  3.14159265  3.14159265] 
 [0.00000000e+00 1.70360911e-01 0.00000000e+00 0.00000000e+00
 0.00000000e+00 0.00000000e+00 0.00000000e+00 1.70360911e-01
 0.00000000e+00 0.00000000e+00 0.00000000e+00 0.00000000e+00
 0.00000000e+00 1.72372923e-01 0.00000000e+00 0.00000000e+00
 7.10542736e-15 4.77604821e-26 6.10590570e-15 1.73642083e-01
 0.00000000e+00 0.00000000e+00 4.76063633e-13 0.00000000e+00
 0.00000000e+00 0.00000000e+00 0.00000000e+00 0.00000000e+00
 0.00000000e+00 0.00000000e+00 0.00000000e+00 0.00000000e+00
 0.00000000e+00 0.00000000e+00 0.00000000e+00 0.00000000e+00
 0.00000000e+00 0.00000000e+00 0.00000000e+00 0.00000000e+00
 0.00000000e+00 0.00000000e+00 0.00000000e+00 0.00000000e+00
 0.00000000e+00]
sweep    1  f = 97.02454129  (Delta f = 0.00342)
sweep    2  f = 97.02454129  (Delta f = 1.98e-12)
New op index: 7	$R_Y$[2]
Current grad: 103.47370845040234
[ 3.14159265 -1.58516706  3.14159265  3.14159265 -3.14159247  3.14159265
  3.14159265 -1.58516706  3.14159265  3.14159265  3.14159245  3.14159265
  3.14159265 -1.58196989  3.14159265  3.14159265  3.14159254  3.14159265
  3.14159265  3.14159108  3.14159265  3.14159265  3.14159259  3.14159265
  3.14159265  3.14159265  3.14159265  3.14159265  3.14159265  3.14159265
  3.14159265  3.14159265  3.14159265  3.14159265  3.14159265  3.14159265
  3.14159265  3.14159265  3.14159265  3.14159265  3.14159265  3.14159265
  3.14159265  3.14159265  3.14159265] 
 [0.00000000e+00 3.42941412e+01 0.00000000e+00 0.00000000e+00
 2.80664381e-13 0.00000000e+00 0.00000000e+00 3.42941412e+01
 0.00000000e+00 0.00000000e+00 3.41060513e-13 0.00000000e+00
 0.00000000e+00 3.35159886e+01 0.00000000e+00 0.00000000e+00
 5.25801624e-13 0.00000000e+00 0.00000000e+00 8.49431636e-13
 0.00000000e+00 0.00000000e+00 1.56319402e-13 0.00000000e+00
 0.00000000e+00 0.00000000e+00 0.00000000e+00 0.00000000e+00
 0.00000000e+00 0.00000000e+00 0.00000000e+00 0.00000000e+00
 0.00000000e+00 0.00000000e+00 0.00000000e+00 0.00000000e+00
 0.00000000e+00 0.00000000e+00 0.00000000e+00 0.00000000e+00
 0.00000000e+00 0.00000000e+00 0.00000000e+00 0.00000000e+00
 0.00000000e+00]
sweep    1  f = 47.29868902  (Delta f = 15.4)
sweep    2  f = 47.29868902  (Delta f = 0)
New op index: 13	$R_Y$[4]
Current grad: 0.8979846609120594
[ 3.14159265 -1.58189419  3.14159265  3.14159265  3.14159263  3.14159265
  3.14159265  3.14159249  3.14159265  3.14159265 -3.14159262  3.14159265
  0.          1.59274734  3.14159265  3.14159265  3.14159256  0.
  3.14159265  3.14159255  3.14159265  3.14159265 -3.14159258  0.
  3.14159265  3.14159265  3.14159265  3.14159265  3.14159265  3.14159265
  3.14159265  3.14159265  3.14159265  3.14159265  3.14159265  3.14159265
  3.14159265  3.14159265  3.14159265  3.14159265  3.14159265  3.14159265
  3.14159265  3.14159265  3.14159265] 
 [0.00000000e+00 4.41595519e-01 0.00000000e+00 0.00000000e+00
 1.42108547e-14 0.00000000e+00 0.00000000e+00 6.46593890e-13
 0.00000000e+00 0.00000000e+00 2.13162821e-14 0.00000000e+00
 7.31198527e-15 4.41633738e-01 0.00000000e+00 0.00000000e+00
 2.41584530e-13 7.30193810e-15 0.00000000e+00 2.91322522e-13
 0.00000000e+00 0.00000000e+00 1.42108547e-13 7.30193810e-15
 0.00000000e+00 0.00000000e+00 0.00000000e+00 0.00000000e+00
 0.00000000e+00 0.00000000e+00 0.00000000e+00 0.00000000e+00
 0.00000000e+00 0.00000000e+00 0.00000000e+00 0.00000000e+00
 0.00000000e+00 0.00000000e+00 0.00000000e+00 0.00000000e+00
 0.00000000e+00 0.00000000e+00 0.00000000e+00 0.00000000e+00
 0.00000000e+00]
sweep    1  f = 46.85104518  (Delta f = 0.00601)
sweep    2  f = 46.8506931  (Delta f = 0.000352)
sweep    3  f = 46.85068633  (Delta f = 6.76e-06)
sweep    4  f = 46.8506863  (Delta f = 3.78e-08)
sweep    5  f = 46.85068627  (Delta f = 3.01e-08)
sweep    6  f = 46.85068623  (Delta f = 3.25e-08)
sweep    7  f = 46.85068572  (Delta f = 5.11e-07)
sweep    8  f = 46.85068572  (Delta f = 2.51e-10)
New op index: 1	$R_Y$[0]
Current grad: 49.727834065747565
[ 3.14159265 -1.57089536  3.14159265  3.14159265 -3.14149596  3.14159265
  3.14159265  3.14159264  3.14159265  3.14159265  3.14154712  3.14159265
  3.14159265 -3.14159265  3.14159265  3.14159265  3.14159231  3.14159265
  3.14159265 -3.14155754  3.14159265  3.14159265 -3.14159163  3.14159265
  3.14159265  3.14159265  3.14159265  3.14159265  3.14159265  3.14159265
  3.14159265  3.14159265  3.14159265  3.14159265  3.14159265  3.14159265
  3.14159265  3.14159265  3.14159265  3.14159265  3.14159265  3.14159265
  3.14159265  3.14159265  3.14159265] 
 [0.00000000e+00 4.97225958e+01 0.00000000e+00 0.00000000e+00
 4.66896788e-09 0.00000000e+00 0.00000000e+00 0.00000000e+00
 0.00000000e+00 0.00000000e+00 1.03593401e-09 0.00000000e+00
 0.00000000e+00 0.00000000e+00 0.00000000e+00 0.00000000e+00
 5.72697445e-12 0.00000000e+00 0.00000000e+00 6.13948226e-10
 0.00000000e+00 0.00000000e+00 5.24096322e-11 0.00000000e+00
 0.00000000e+00 0.00000000e+00 0.00000000e+00 0.00000000e+00
 0.00000000e+00 0.00000000e+00 0.00000000e+00 0.00000000e+00
 0.00000000e+00 0.00000000e+00 0.00000000e+00 0.00000000e+00
 0.00000000e+00 0.00000000e+00 0.00000000e+00 0.00000000e+00
 0.00000000e+00 0.00000000e+00 0.00000000e+00 0.00000000e+00
 0.00000000e+00]
sweep    1  f = -3.591801174  (Delta f = 0.72)
sweep    2  f = -3.591836735  (Delta f = 3.56e-05)
sweep    3  f = -3.591836735  (Delta f = -5.68e-14)
New op index: 10	$R_Y$[3]
Current grad: 2.822224240091736e-05
[ 3.14159265  3.14159265  0.          3.14159265 -3.14159258  3.14159265
  3.14159265 -3.14159259  3.14159265  3.14159265 -3.14159248  3.14159265
  3.14159265 -3.14159264  0.          3.14159265 -3.14159257  3.14159265
  3.14159265  3.14159256  3.14159265  3.14159265 -3.14159261  3.14159265
  3.14159265  3.14159265  3.14159265  3.14159265  3.14159265  3.14159265
  3.14159265  3.14159265  3.14159265  3.14159265  3.14159265  3.14159265
  3.14159265  3.14159265  3.14159265  3.14159265  3.14159265  3.14159265
  3.14159265  3.14159265  3.14159265] 
 [0.00000000e+00 0.00000000e+00 3.39794884e-16 0.00000000e+00
 1.49213975e-13 0.00000000e+00 0.00000000e+00 1.13686838e-13
 0.00000000e+00 0.00000000e+00 7.95807864e-13 0.00000000e+00
 0.00000000e+00 7.10542736e-15 2.61392885e-15 0.00000000e+00
 1.70530257e-13 0.00000000e+00 0.00000000e+00 2.13162821e-13
 0.00000000e+00 0.00000000e+00 5.68434189e-14 0.00000000e+00
 0.00000000e+00 0.00000000e+00 0.00000000e+00 0.00000000e+00
 0.00000000e+00 0.00000000e+00 0.00000000e+00 0.00000000e+00
 0.00000000e+00 0.00000000e+00 0.00000000e+00 0.00000000e+00
 0.00000000e+00 0.00000000e+00 0.00000000e+00 0.00000000e+00
 0.00000000e+00 0.00000000e+00 0.00000000e+00 0.00000000e+00
 0.00000000e+00]
Precision cutoff reached.
Calculating energies for FreeWilson2D(N_x=2, N_y=2, mass=-2.735, r=1.000)
h_im: 0.0
New op index: 10	$R_Y$[3]
Current grad: 4.938775510204079
[ 3.14159265 -1.57079633  3.14159265  3.14159265  1.57079633  3.14159265
  3.14159265 -1.57079633  3.14159265  3.14159265  0.63363301  0.
  3.14159265  0.63363301  0.          3.14159265 -1.57079633  3.14159265
  3.14159265  1.57079633  3.14159265  3.14159265 -1.57079633  3.14159265
  3.14159265  3.14159265  3.14159265  3.14159265  3.14159265  3.14159265
  3.14159265  0.          0.          3.14159265  3.14159265  3.14159265
  3.14159265  0.          0.          3.14159265  3.14159265  3.14159265
  3.14159265  3.14159265  3.14159265] 
 [0.         0.36734694 0.         0.         0.86734694 0.
 0.         0.86734694 0.         0.         1.12043837 1.
 0.         1.12043837 1.         0.         0.86734694 0.
 0.         0.86734694 0.         0.         0.36734694 0.
 0.         0.         0.         0.         0.         0.
 0.         1.         1.         0.         0.         0.
 0.         1.         1.         0.         0.         0.
 0.         0.         0.        ]
sweep    1  f = 199.3795616  (Delta f = -8.53e-14)
New op index: 16	$R_Y$[5]
Current grad: 206.39511970161445
[ 3.14159265 -1.57079633  3.14159265  3.14159265 -1.57079633  3.14159265
  3.14159265 -1.57079633  3.14159265  3.14159265  3.14159265  3.14159265
  3.14159265 -1.58471854  3.14159265  0.         -1.57079633  0.
  0.         -1.57079633  0.          3.14159265 -1.57079633  0.
  3.14159265  3.14159265  3.14159265  3.14159265  3.14159265  3.14159265
  3.14159265  3.14159265  3.14159265  3.14159265  3.14159265  0.
  3.14159265  3.14159265  3.14159265  0.          0.          0.
  3.14159265  3.14159265  0.        ] 
 [0.00000000e+00 2.99711686e+01 0.00000000e+00 0.00000000e+00
 2.87364748e+01 0.00000000e+00 0.00000000e+00 2.95682277e+01
 0.00000000e+00 0.00000000e+00 0.00000000e+00 0.00000000e+00
 0.00000000e+00 2.85403006e+01 0.00000000e+00 4.03163897e-16
 3.04711686e+01 1.38777878e-17 4.54752449e-15 2.87364748e+01
 4.16333634e-17 0.00000000e+00 2.99711686e+01 1.38777878e-17
 0.00000000e+00 0.00000000e+00 0.00000000e+00 0.00000000e+00
 0.00000000e+00 0.00000000e+00 0.00000000e+00 0.00000000e+00
 0.00000000e+00 0.00000000e+00 0.00000000e+00 4.16333634e-17
 0.00000000e+00 0.00000000e+00 0.00000000e+00 4.20128784e-15
 4.20128784e-15 5.55111512e-17 0.00000000e+00 0.00000000e+00
 5.55111512e-17]
sweep    1  f = 148.7628244  (Delta f = 20.1)
sweep    2  f = 148.7628244  (Delta f = 0)
New op index: 4	$R_Y$[1]
Current grad: 2.699120629235148
[ 3.14159265 -1.57079633  3.14159265  3.14159265  1.57079633  3.14159265
  3.14159265 -1.57079633  0.          3.14159265 -3.14159264  3.14159265
  0.          2.50948283  3.14159265  3.14159265 -3.14159262  0.
  3.14159265  2.50476734  3.14159265  0.         -1.57079633  3.14159265
  3.14159265  3.14159265  3.14159265  3.14159265  0.          0.
  3.14159265  3.14159265  3.14159265  3.14159265  3.14159265  3.14159265
  3.14159265  3.14159265  3.14159265  3.14159265  3.14159265  3.14159265
  0.          3.14159265  3.14159265] 
 [0.00000000e+00 3.64883450e-01 0.00000000e+00 0.00000000e+00
 8.69810428e-01 0.00000000e+00 0.00000000e+00 3.59920157e-01
 1.17261334e-24 0.00000000e+00 0.00000000e+00 0.00000000e+00
 2.91268203e-15 1.20934217e-01 0.00000000e+00 0.00000000e+00
 2.84217094e-14 4.81747888e-25 0.00000000e+00 1.21900125e-01
 0.00000000e+00 2.51719982e-14 3.64883450e-01 0.00000000e+00
 0.00000000e+00 0.00000000e+00 0.00000000e+00 0.00000000e+00
 1.17261334e-24 1.17261334e-24 0.00000000e+00 0.00000000e+00
 0.00000000e+00 0.00000000e+00 0.00000000e+00 0.00000000e+00
 0.00000000e+00 0.00000000e+00 0.00000000e+00 0.00000000e+00
 0.00000000e+00 0.00000000e+00 4.44984506e-15 0.00000000e+00
 0.00000000e+00]
sweep    1  f = 147.6448678  (Delta f = 0.248)
sweep    2  f = 147.6448678  (Delta f = 0)
New op index: 22	$R_Y$[7]
Current grad: 148.38635156323699
[ 3.14159265 -1.58747749  3.14159265  3.14159265  3.14159247  3.14159265
  3.14159265 -1.58747749  3.14159265  3.14159265 -3.14159209  3.14159265
  0.         -1.6016706   3.14159265  3.14159265  3.14159259  0.
  3.14159265 -1.5878966   3.14159265  0.         -1.57079633  0.
  3.14159265  3.14159265  3.14159265  3.14159265  3.14159265  3.14159265
  3.14159265  3.14159265  3.14159265  3.14159265  3.14159265  3.14159265
  3.14159265  3.14159265  3.14159265  3.14159265  3.14159265  3.14159265
  3.14159265  3.14159265  3.14159265] 
 [0.00000000e+00 2.94753163e+01 0.00000000e+00 0.00000000e+00
 3.55271368e-13 0.00000000e+00 0.00000000e+00 2.94753163e+01
 0.00000000e+00 0.00000000e+00 9.83657600e-14 0.00000000e+00
 7.34262424e-15 2.83474510e+01 0.00000000e+00 0.00000000e+00
 1.70530257e-13 1.86115638e-24 0.00000000e+00 2.87407273e+01
 0.00000000e+00 3.85179415e-16 2.99711459e+01 2.89513214e-24
 0.00000000e+00 0.00000000e+00 0.00000000e+00 0.00000000e+00
 0.00000000e+00 0.00000000e+00 0.00000000e+00 0.00000000e+00
 0.00000000e+00 0.00000000e+00 0.00000000e+00 0.00000000e+00
 0.00000000e+00 0.00000000e+00 0.00000000e+00 0.00000000e+00
 0.00000000e+00 0.00000000e+00 0.00000000e+00 0.00000000e+00
 0.00000000e+00]
sweep    1  f = 97.52813054  (Delta f = 20.1)
sweep    2  f = 97.52813054  (Delta f = 0)
New op index: 19	$R_Y$[6]
Current grad: 1.4694068090648813
[ 3.14159265 -2.51116704  3.14159265  3.14159265  3.14159261  3.14159265
  3.14159265 -2.51116704  3.14159265  3.14159265 -3.14159256  3.14159265
  0.          2.50948286  3.14159265  3.14159265  3.14159261  3.14159265
  0.          2.5047673   3.14159265  3.14159265  3.14159246  0.
  3.14159265  3.14159265  3.14159265  3.14159265  3.14159265  3.14159265
  3.14159265  3.14159265  3.14159265  3.14159265  3.14159265  3.14159265
  3.14159265  3.14159265  3.14159265  3.14159265  3.14159265  3.14159265
  3.14159265  3.14159265  3.14159265] 
 [0.00000000e+00 1.18982956e-01 0.00000000e+00 0.00000000e+00
 4.26325641e-14 0.00000000e+00 0.00000000e+00 1.18982956e-01
 0.00000000e+00 0.00000000e+00 2.48689958e-13 0.00000000e+00
 4.58343478e-15 1.20934211e-01 0.00000000e+00 0.00000000e+00
 4.97379915e-14 0.00000000e+00 4.54265108e-15 1.21900141e-01
 0.00000000e+00 0.00000000e+00 9.45021839e-13 2.10841181e-31
 0.00000000e+00 0.00000000e+00 0.00000000e+00 0.00000000e+00
 0.00000000e+00 0.00000000e+00 0.00000000e+00 0.00000000e+00
 0.00000000e+00 0.00000000e+00 0.00000000e+00 0.00000000e+00
 0.00000000e+00 0.00000000e+00 0.00000000e+00 0.00000000e+00
 0.00000000e+00 0.00000000e+00 0.00000000e+00 0.00000000e+00
 0.00000000e+00]
sweep    1  f = 97.40403755  (Delta f = 0.00219)
sweep    2  f = 97.40403755  (Delta f = 2.97e-12)
New op index: 7	$R_Y$[2]
Current grad: 91.5408890205577
[ 3.14159265 -1.58705056  3.14159265  3.14159265 -3.14159217  3.14159265
  3.14159265 -1.58705056  3.14159265  3.14159265 -3.1415925   3.14159265
  0.         -1.58443256  3.14159265  3.14159265  3.14159226  3.14159265
  3.14159265 -3.14157769  3.14159265  3.14159265  3.1415924   3.14159265
  3.14159265  3.14159265  3.14159265  3.14159265  3.14159265  3.14159265
  3.14159265  3.14159265  3.14159265  3.14159265  3.14159265  3.14159265
  3.14159265  3.14159265  3.14159265  3.14159265  3.14159265  3.14159265
  3.14159265  3.14159265  3.14159265] 
 [0.00000000e+00 3.02625662e+01 0.00000000e+00 0.00000000e+00
 2.40518716e-12 0.00000000e+00 0.00000000e+00 3.02625662e+01
 0.00000000e+00 0.00000000e+00 2.45137244e-13 0.00000000e+00
 1.05934545e-14 2.96171635e+01 0.00000000e+00 0.00000000e+00
 6.42330633e-12 0.00000000e+00 0.00000000e+00 7.05568937e-11
 0.00000000e+00 0.00000000e+00 2.54374299e-12 0.00000000e+00
 0.00000000e+00 0.00000000e+00 0.00000000e+00 0.00000000e+00
 0.00000000e+00 0.00000000e+00 0.00000000e+00 0.00000000e+00
 0.00000000e+00 0.00000000e+00 0.00000000e+00 0.00000000e+00
 0.00000000e+00 0.00000000e+00 0.00000000e+00 0.00000000e+00
 0.00000000e+00 0.00000000e+00 0.00000000e+00 0.00000000e+00
 0.00000000e+00]
sweep    1  f = 47.78847289  (Delta f = 19.4)
sweep    2  f = 47.78847289  (Delta f = 2.15e-12)
New op index: 13	$R_Y$[4]
Current grad: 0.7347245287153136
[ 3.14159265 -1.58439934  3.14159265  3.14159265  3.14159255  3.14159265
  3.14159265 -3.14159257  3.14159265  3.14159265 -3.14159259  3.14159265
  3.14159265  1.59763345  3.14159265  3.14159265  3.14159262  0.
  3.14159265 -3.14159257  3.14159265  3.14159265 -3.14159243  0.
  3.14159265  3.14159265  3.14159265  3.14159265  3.14159265  3.14159265
  3.14159265  3.14159265  3.14159265  3.14159265  3.14159265  3.14159265
  3.14159265  3.14159265  3.14159265  3.14159265  3.14159265  3.14159265
  3.14159265  3.14159265  3.14159265] 
 [0.00000000e+00 3.59953211e-01 0.00000000e+00 0.00000000e+00
 2.62900812e-13 0.00000000e+00 0.00000000e+00 1.98951966e-13
 0.00000000e+00 0.00000000e+00 8.52651283e-14 0.00000000e+00
 0.00000000e+00 3.60017374e-01 0.00000000e+00 0.00000000e+00
 2.84217094e-14 7.28395029e-15 0.00000000e+00 1.91846539e-13
 0.00000000e+00 0.00000000e+00 1.28608235e-12 7.28395027e-15
 0.00000000e+00 0.00000000e+00 0.00000000e+00 0.00000000e+00
 0.00000000e+00 0.00000000e+00 0.00000000e+00 0.00000000e+00
 0.00000000e+00 0.00000000e+00 0.00000000e+00 0.00000000e+00
 0.00000000e+00 0.00000000e+00 0.00000000e+00 0.00000000e+00
 0.00000000e+00 0.00000000e+00 0.00000000e+00 0.00000000e+00
 0.00000000e+00]
sweep    1  f = 47.42119068  (Delta f = 0.00726)
sweep    2  f = 47.42085533  (Delta f = 0.000335)
sweep    3  f = 47.42084545  (Delta f = 9.89e-06)
sweep    4  f = 47.42084537  (Delta f = 7.81e-08)
sweep    5  f = 47.42084526  (Delta f = 1.04e-07)
sweep    6  f = 47.42084478  (Delta f = 4.8e-07)
sweep    7  f = 47.42084478  (Delta f = 8.23e-10)
New op index: 1	$R_Y$[0]
Current grad: 49.53928549998362
[ 3.14159265 -1.57089566  3.14159265  3.14159265 -3.14144252  3.14159265
  3.14159265 -3.14159055  3.14159265  3.14159265  3.1415091   3.14159265
  3.14159265 -3.14159265  3.14159265  3.14159265  3.14159101  3.14159265
  3.14159265 -3.1415229   3.14159265  3.14159265  3.14159191  3.14159265
  3.14159265  3.14159265  3.14159265  3.14159265  3.14159265  3.14159265
  3.14159265  3.14159265  3.14159265  3.14159265  3.14159265  3.14159265
  3.14159265  3.14159265  3.14159265  3.14159265  3.14159265  3.14159265
  3.14159265  3.14159265  3.14159265] 
 [0.00000000e+00 4.95336152e+01 0.00000000e+00 0.00000000e+00
 1.12467481e-08 0.00000000e+00 0.00000000e+00 2.21263008e-10
 0.00000000e+00 0.00000000e+00 3.48879825e-09 0.00000000e+00
 0.00000000e+00 0.00000000e+00 0.00000000e+00 0.00000000e+00
 1.33638878e-10 0.00000000e+00 0.00000000e+00 2.42150333e-09
 0.00000000e+00 0.00000000e+00 2.74980039e-11 0.00000000e+00
 0.00000000e+00 0.00000000e+00 0.00000000e+00 0.00000000e+00
 0.00000000e+00 0.00000000e+00 0.00000000e+00 0.00000000e+00
 0.00000000e+00 0.00000000e+00 0.00000000e+00 0.00000000e+00
 0.00000000e+00 0.00000000e+00 0.00000000e+00 0.00000000e+00
 0.00000000e+00 0.00000000e+00 0.00000000e+00 0.00000000e+00
 0.00000000e+00]
sweep    1  f = -2.938734662  (Delta f = 0.826)
sweep    2  f = -2.93877551  (Delta f = 4.08e-05)
sweep    3  f = -2.93877551  (Delta f = 0)
New op index: 19	$R_Y$[6]
Current grad: 2.67240277531296e-05
[ 3.14159265 -3.14159265  3.14159265  3.14159265 -3.14159259  3.14159265
  3.14159265  3.14159263  3.14159265  3.14159265 -3.1415925   3.14159265
  3.14159265  3.14159264  3.14159265  3.14159265  3.14159265  0.
  3.14159265  3.14159249  3.14159265  3.14159265 -3.14159255  0.
  3.14159265  3.14159265  3.14159265  3.14159265  3.14159265  3.14159265
  3.14159265  3.14159265  3.14159265  3.14159265  3.14159265  3.14159265
  3.14159265  3.14159265  3.14159265  3.14159265  3.14159265  3.14159265
  3.14159265  3.14159265  3.14159265] 
 [0.00000000e+00 0.00000000e+00 0.00000000e+00 0.00000000e+00
 9.94759830e-14 0.00000000e+00 0.00000000e+00 1.42108547e-14
 0.00000000e+00 0.00000000e+00 6.25277607e-13 0.00000000e+00
 0.00000000e+00 0.00000000e+00 0.00000000e+00 0.00000000e+00
 0.00000000e+00 4.89983859e-16 0.00000000e+00 6.53699317e-13
 0.00000000e+00 0.00000000e+00 2.91322522e-13 3.70978312e-16
 0.00000000e+00 0.00000000e+00 0.00000000e+00 0.00000000e+00
 0.00000000e+00 0.00000000e+00 0.00000000e+00 0.00000000e+00
 0.00000000e+00 0.00000000e+00 0.00000000e+00 0.00000000e+00
 0.00000000e+00 0.00000000e+00 0.00000000e+00 0.00000000e+00
 0.00000000e+00 0.00000000e+00 0.00000000e+00 0.00000000e+00
 0.00000000e+00]
Precision cutoff reached.
Calculating energies for FreeWilson2D(N_x=2, N_y=2, mass=-2.571, r=1.000)
h_im: 0.0
New op index: 10	$R_Y$[3]
Current grad: 4.285714285714283
[ 3.14159265 -1.57079633  3.14159265  3.14159265  1.57079633  3.14159265
  3.14159265 -1.57079633  3.14159265  3.14159265  0.51914611  0.
  3.14159265  0.51914611  0.          3.14159265 -1.57079633  3.14159265
  3.14159265  1.57079633  3.14159265  3.14159265 -1.57079633  3.14159265
  3.14159265  3.14159265  3.14159265  3.14159265  3.14159265  3.14159265
  3.14159265  0.          0.          3.14159265  3.14159265  3.14159265
  3.14159265  0.          0.          3.14159265  3.14159265  3.14159265
  3.14159265  3.14159265  3.14159265] 
 [0.         0.28571429 0.         0.         0.78571429 0.
 0.         0.78571429 0.         0.         1.07587555 1.
 0.         1.07587555 1.         0.         0.78571429 0.
 0.         0.78571429 0.         0.         0.28571429 0.
 0.         0.         0.         0.         0.         0.
 0.         1.         1.         0.         0.         0.
 0.         1.         1.         0.         0.         0.
 0.         0.         0.        ]
sweep    1  f = 199.4241244  (Delta f = 3.98e-13)
New op index: 16	$R_Y$[5]
Current grad: 172.75215167027076
[ 3.14159265 -1.57079633  3.14159265  3.14159265 -1.57079633  3.14159265
  3.14159265 -1.57079633  3.14159265  3.14159265 -3.14159265  3.14159265
  3.14159265 -1.58867926  3.14159265  0.         -1.57079633  3.14159265
  0.         -1.57079633  0.          0.         -1.57079633  3.14159265
  3.14159265  3.14159265  3.14159265  3.14159265  3.14159265  3.14159265
  3.14159265  3.14159265  3.14159265  3.14159265  3.14159265  0.
  0.          3.14159265  3.14159265  0.          0.          0.
  0.          0.          0.        ] 
 [0.00000000e+00 2.50926612e+01 0.00000000e+00 0.00000000e+00
 2.40212326e+01 0.00000000e+00 0.00000000e+00 2.46585396e+01
 0.00000000e+00 0.00000000e+00 0.00000000e+00 0.00000000e+00
 0.00000000e+00 2.38429234e+01 0.00000000e+00 2.83899888e-15
 2.55926612e+01 0.00000000e+00 2.07373801e-15 2.40212326e+01
 2.77555756e-17 7.63674838e-15 2.50926612e+01 0.00000000e+00
 0.00000000e+00 0.00000000e+00 0.00000000e+00 0.00000000e+00
 0.00000000e+00 0.00000000e+00 0.00000000e+00 0.00000000e+00
 0.00000000e+00 0.00000000e+00 0.00000000e+00 2.77555756e-17
 2.83899888e-15 0.00000000e+00 0.00000000e+00 2.08166817e-15
 2.10942375e-15 2.77555756e-17 6.87941767e-15 6.96268440e-15
 2.77555756e-17]
sweep    1  f = 148.9260857  (Delta f = 24.9)
sweep    2  f = 148.9260857  (Delta f = 0)
New op index: 4	$R_Y$[1]
Current grad: 2.2093152321079383
[ 3.14159265 -1.57079633  3.14159265  3.14159265  1.57079633  3.14159265
  3.14159265 -1.57079633  0.          3.14159265 -3.14159265  3.14159265
  0.          2.62299798  3.14159265  3.14159265 -3.14159265  3.14159265
  3.14159265  2.61872822  3.14159265  0.         -1.57079633  3.14159265
  3.14159265  3.14159265  3.14159265  3.14159265  0.          0.
  3.14159265  3.14159265  3.14159265  3.14159265  3.14159265  3.14159265
  3.14159265  3.14159265  3.14159265  3.14159265  3.14159265  3.14159265
  0.          3.14159265  3.14159265] 
 [0.00000000e+00 2.83242793e-01 0.00000000e+00 0.00000000e+00
 7.88185778e-01 0.00000000e+00 0.00000000e+00 2.78271444e-01
 5.79970538e-26 0.00000000e+00 0.00000000e+00 0.00000000e+00
 1.01235293e-14 7.64468383e-02 0.00000000e+00 0.00000000e+00
 0.00000000e+00 0.00000000e+00 0.00000000e+00 7.71057488e-02
 0.00000000e+00 1.15013243e-14 2.83242793e-01 0.00000000e+00
 0.00000000e+00 0.00000000e+00 0.00000000e+00 0.00000000e+00
 5.79970538e-26 5.79970538e-26 0.00000000e+00 0.00000000e+00
 0.00000000e+00 0.00000000e+00 0.00000000e+00 0.00000000e+00
 0.00000000e+00 0.00000000e+00 0.00000000e+00 0.00000000e+00
 0.00000000e+00 0.00000000e+00 6.80673293e-15 0.00000000e+00
 0.00000000e+00]
sweep    1  f = 147.8526959  (Delta f = 0.285)
sweep    2  f = 147.8526959  (Delta f = 0)
New op index: 22	$R_Y$[7]
Current grad: 124.32094315345572
[ 3.14159265 -1.59071976  3.14159265  3.14159265  3.14159258  3.14159265
  3.14159265 -1.59071976  3.14159265  3.14159265  3.14159041  3.14159265
  3.14159265 -1.60887214  3.14159265  3.14159265 -3.1415926   0.
  0.         -1.59118391  3.14159265  3.14159265 -1.57079633  0.
  3.14159265  3.14159265  3.14159265  3.14159265  3.14159265  3.14159265
  3.14159265  3.14159265  3.14159265  3.14159265  3.14159265  3.14159265
  3.14159265  3.14159265  3.14159265  3.14159265  3.14159265  3.14159265
  3.14159265  3.14159265  3.14159265] 
 [0.00000000e+00 2.45977397e+01 0.00000000e+00 0.00000000e+00
 6.75015599e-14 0.00000000e+00 0.00000000e+00 2.45977397e+01
 0.00000000e+00 0.00000000e+00 1.45194967e-12 0.00000000e+00
 0.00000000e+00 2.36049949e+01 0.00000000e+00 0.00000000e+00
 9.94759830e-14 2.89513214e-24 1.17326783e-14 2.40264272e+01
 0.00000000e+00 0.00000000e+00 2.50927587e+01 2.48154184e-24
 0.00000000e+00 0.00000000e+00 0.00000000e+00 0.00000000e+00
 0.00000000e+00 0.00000000e+00 0.00000000e+00 0.00000000e+00
 0.00000000e+00 0.00000000e+00 0.00000000e+00 0.00000000e+00
 0.00000000e+00 0.00000000e+00 0.00000000e+00 0.00000000e+00
 0.00000000e+00 0.00000000e+00 0.00000000e+00 0.00000000e+00
 0.00000000e+00]
sweep    1  f = 97.85465712  (Delta f = 24.9)
sweep    2  f = 97.85465712  (Delta f = 0)
New op index: 19	$R_Y$[6]
Current grad: 1.1428827365261782
[ 3.14159265 -2.62618075  3.14159265  3.14159265 -3.14159248  3.14159265
  3.14159265 -2.62618075  3.14159265  3.14159265 -3.1415926   3.14159265
  3.14159265  2.62299788  3.14159265  3.14159265 -3.14159252  0.
  0.          2.61872819  3.14159265  3.14159265 -3.1415925   3.14159265
  3.14159265  3.14159265  3.14159265  3.14159265  3.14159265  3.14159265
  3.14159265  3.14159265  3.14159265  3.14159265  3.14159265  3.14159265
  3.14159265  3.14159265  3.14159265  3.14159265  3.14159265  3.14159265
  3.14159265  3.14159265  3.14159265] 
 [0.00000000e+00 7.46533463e-02 0.00000000e+00 0.00000000e+00
 7.81597009e-13 0.00000000e+00 0.00000000e+00 7.46533467e-02
 0.00000000e+00 0.00000000e+00 5.68434189e-14 0.00000000e+00
 0.00000000e+00 7.64468757e-02 0.00000000e+00 0.00000000e+00
 4.26325641e-13 4.82565644e-24 2.91268377e-14 7.71057568e-02
 0.00000000e+00 0.00000000e+00 5.68434189e-13 0.00000000e+00
 0.00000000e+00 0.00000000e+00 0.00000000e+00 0.00000000e+00
 0.00000000e+00 0.00000000e+00 0.00000000e+00 0.00000000e+00
 0.00000000e+00 0.00000000e+00 0.00000000e+00 0.00000000e+00
 0.00000000e+00 0.00000000e+00 0.00000000e+00 0.00000000e+00
 0.00000000e+00 0.00000000e+00 0.00000000e+00 0.00000000e+00
 0.00000000e+00]
sweep    1  f = 97.77629844  (Delta f = 0.00125)
sweep    2  f = 97.77629844  (Delta f = 3.71e-10)
New op index: 1	$R_Y$[0]
Current grad: 76.64034614913896
[ 3.14159265 -1.59022098  3.14159265  3.14159265  3.14159249  3.14159265
  3.14159265 -1.59022098  3.14159265  3.14159265 -3.14159261  3.14159265
  0.         -1.58829379  3.14159265  3.14159265 -3.14159248  3.14159265
  3.14159265  3.14158716  3.14159265  3.14159265 -3.14159259  3.14159265
  3.14159265  3.14159265  3.14159265  3.14159265  3.14159265  3.14159265
  3.14159265  3.14159265  3.14159265  3.14159265  3.14159265  3.14159265
  3.14159265  3.14159265  3.14159265  3.14159265  3.14159265  3.14159265
  3.14159265  3.14159265  3.14159265] 
 [0.00000000e+00 2.52421059e+01 0.00000000e+00 0.00000000e+00
 3.41060513e-13 0.00000000e+00 0.00000000e+00 2.52421059e+01
 0.00000000e+00 0.00000000e+00 2.13162821e-14 0.00000000e+00
 2.78500269e-15 2.47292908e+01 0.00000000e+00 0.00000000e+00
 1.10844667e-12 0.00000000e+00 0.00000000e+00 8.76632100e-12
 0.00000000e+00 0.00000000e+00 1.27897692e-13 0.00000000e+00
 0.00000000e+00 0.00000000e+00 0.00000000e+00 0.00000000e+00
 0.00000000e+00 0.00000000e+00 0.00000000e+00 0.00000000e+00
 0.00000000e+00 0.00000000e+00 0.00000000e+00 0.00000000e+00
 0.00000000e+00 0.00000000e+00 0.00000000e+00 0.00000000e+00
 0.00000000e+00 0.00000000e+00 0.00000000e+00 0.00000000e+00
 0.00000000e+00]
sweep    1  f = 48.27825696  (Delta f = 24.3)
sweep    2  f = 48.27825696  (Delta f = 3.73e-12)
New op index: 13	$R_Y$[4]
Current grad: 0.571445548072859
[ 3.14159265  3.14159257  3.14159265  3.14159265 -3.14159263  3.14159265
  3.14159265 -1.5883476   3.14159265  3.14159265  3.14159262  3.14159265
  0.          1.60528367  3.14159265  3.14159265  3.14159262  0.
  3.14159265  3.14159262  3.14159265  3.14159265 -3.14159252  0.
  3.14159265  3.14159265  3.14159265  3.14159265  3.14159265  3.14159265
  3.14159265  3.14159265  3.14159265  3.14159265  3.14159265  3.14159265
  3.14159265  3.14159265  3.14159265  3.14159265  3.14159265  3.14159265
  3.14159265  3.14159265  3.14159265] 
 [0.00000000e+00 1.98951966e-13 0.00000000e+00 0.00000000e+00
 2.13162821e-14 0.00000000e+00 0.00000000e+00 2.78315085e-01
 0.00000000e+00 0.00000000e+00 3.55271368e-14 0.00000000e+00
 6.70427655e-15 2.78414093e-01 0.00000000e+00 0.00000000e+00
 2.13162821e-14 3.63384382e-15 0.00000000e+00 2.13162821e-14
 0.00000000e+00 0.00000000e+00 4.19220214e-13 3.63384382e-15
 0.00000000e+00 0.00000000e+00 0.00000000e+00 0.00000000e+00
 0.00000000e+00 0.00000000e+00 0.00000000e+00 0.00000000e+00
 0.00000000e+00 0.00000000e+00 0.00000000e+00 0.00000000e+00
 0.00000000e+00 0.00000000e+00 0.00000000e+00 0.00000000e+00
 0.00000000e+00 0.00000000e+00 0.00000000e+00 0.00000000e+00
 0.00000000e+00]
sweep    1  f = 47.9954525  (Delta f = 0.00439)
sweep    2  f = 47.99458737  (Delta f = 0.000865)
sweep    3  f = 47.99458736  (Delta f = 6.14e-09)
New op index: 7	$R_Y$[2]
Current grad: 49.57304595129917
[ 3.14159265 -3.14159028  3.14159265  3.14159265  3.14158577  3.14159265
  3.14159265 -1.57089647  3.14159265  3.14159265  3.14121244  3.14159265
  3.14159265 -3.14159265  3.14159265  3.14159265  3.14159021  3.14159265
  3.14159265 -3.14110935  3.14159265  3.14159265 -3.14159157  3.14159265
  3.14159265  3.14159265  3.14159265  3.14159265  3.14159265  3.14159265
  3.14159265  3.14159265  3.14159265  3.14159265  3.14159265  3.14159265
  3.14159265  3.14159265  3.14159265  3.14159265  3.14159265  3.14159265
  3.14159265  3.14159265  3.14159265] 
 [0.00000000e+00 2.79470669e-10 0.00000000e+00 0.00000000e+00
 2.37505571e-11 0.00000000e+00 0.00000000e+00 4.95667448e+01
 0.00000000e+00 0.00000000e+00 6.23108972e-08 0.00000000e+00
 0.00000000e+00 0.00000000e+00 0.00000000e+00 0.00000000e+00
 2.97163183e-10 0.00000000e+00 0.00000000e+00 1.00319133e-07
 0.00000000e+00 0.00000000e+00 5.86055648e-11 0.00000000e+00
 0.00000000e+00 0.00000000e+00 0.00000000e+00 0.00000000e+00
 0.00000000e+00 0.00000000e+00 0.00000000e+00 0.00000000e+00
 0.00000000e+00 0.00000000e+00 0.00000000e+00 0.00000000e+00
 0.00000000e+00 0.00000000e+00 0.00000000e+00 0.00000000e+00
 0.00000000e+00 0.00000000e+00 0.00000000e+00 0.00000000e+00
 0.00000000e+00]
sweep    1  f = -2.285630692  (Delta f = 0.713)
sweep    2  f = -2.285714286  (Delta f = 8.36e-05)
sweep    3  f = -2.285714286  (Delta f = 3.6e-12)
New op index: 19	$R_Y$[6]
Current grad: 1.0294418843851166e-05
[ 3.14159265  3.14159261  0.          3.14159265 -3.14159261  3.14159265
  3.14159265 -3.14159265  0.          3.14159265 -3.14159265  3.14159265
  3.14159265 -3.14159265  0.          3.14159265 -3.14159263  3.14159265
  3.14159265  3.1415926   3.14159265  3.14159265 -3.14159262  0.
  3.14159265  3.14159265  3.14159265  3.14159265  3.14159265  3.14159265
  3.14159265  3.14159265  3.14159265  3.14159265  3.14159265  3.14159265
  3.14159265  3.14159265  3.14159265  3.14159265  3.14159265  3.14159265
  3.14159265  3.14159265  3.14159265] 
 [0.00000000e+00 3.55271368e-14 1.28153418e-15 0.00000000e+00
 5.68434189e-14 0.00000000e+00 0.00000000e+00 0.00000000e+00
 2.66429164e-17 0.00000000e+00 0.00000000e+00 0.00000000e+00
 0.00000000e+00 0.00000000e+00 4.16159288e-16 0.00000000e+00
 7.10542736e-15 0.00000000e+00 0.00000000e+00 6.39488462e-14
 0.00000000e+00 0.00000000e+00 2.84217094e-14 6.15943862e-16
 0.00000000e+00 0.00000000e+00 0.00000000e+00 0.00000000e+00
 0.00000000e+00 0.00000000e+00 0.00000000e+00 0.00000000e+00
 0.00000000e+00 0.00000000e+00 0.00000000e+00 0.00000000e+00
 0.00000000e+00 0.00000000e+00 0.00000000e+00 0.00000000e+00
 0.00000000e+00 0.00000000e+00 0.00000000e+00 0.00000000e+00
 0.00000000e+00]
Precision cutoff reached.
Calculating energies for FreeWilson2D(N_x=2, N_y=2, mass=-2.408, r=1.000)
h_im: 0.0
New op index: 10	$R_Y$[3]
Current grad: 3.632653061224488
[ 3.14159265 -1.57079633  3.14159265  3.14159265  1.57079633  3.14159265
  3.14159265 -1.57079633  3.14159265  3.14159265  0.38752381  0.
  3.14159265  0.38752381  0.          3.14159265 -1.57079633  3.14159265
  3.14159265  1.57079633  3.14159265  3.14159265 -1.57079633  3.14159265
  3.14159265  3.14159265  3.14159265  3.14159265  3.14159265  3.14159265
  3.14159265  0.          0.          3.14159265  3.14159265  3.14159265
  3.14159265  0.          0.          3.14159265  3.14159265  3.14159265
  3.14159265  3.14159265  3.14159265] 
 [0.         0.20408163 0.         0.         0.70408163 0.
 0.         0.70408163 0.         0.         1.04004566 1.
 0.         1.04004566 1.         0.         0.70408163 0.
 0.         0.70408163 0.         0.         0.20408163 0.
 0.         0.         0.         0.         0.         0.
 0.         1.         1.         0.         0.         0.
 0.         1.         1.         0.         0.         0.
 0.         0.         0.        ]
sweep    1  f = 199.4599543  (Delta f = -2.84e-13)
New op index: 16	$R_Y$[5]
Current grad: 131.31615841156446
[ 3.14159265 -1.57079633  3.14159265  3.14159265 -1.57079633  3.14159265
  3.14159265 -1.57079633  3.14159265  3.14159265  3.14159265  3.14159265
  3.14159265 -1.59581156  3.14159265  3.14159265 -1.57079633  0.
  0.         -1.57079633  0.          0.         -1.57079633  0.
  3.14159265  3.14159265  3.14159265  3.14159265  3.14159265  3.14159265
  3.14159265  3.14159265  3.14159265  3.14159265  3.14159265  0.
  3.14159265  3.14159265  3.14159265  3.14159265  3.14159265  0.
  0.          0.          0.        ] 
 [0.00000000e+00 1.90989315e+01 0.00000000e+00 0.00000000e+00
 1.81907682e+01 0.00000000e+00 0.00000000e+00 1.86360077e+01
 0.00000000e+00 0.00000000e+00 0.00000000e+00 0.00000000e+00
 0.00000000e+00 1.80446863e+01 0.00000000e+00 0.00000000e+00
 1.95989315e+01 1.38777878e-17 3.83055266e-16 1.81907682e+01
 1.38777878e-17 3.63796295e-16 1.90989315e+01 1.38777878e-17
 0.00000000e+00 0.00000000e+00 0.00000000e+00 0.00000000e+00
 0.00000000e+00 0.00000000e+00 0.00000000e+00 0.00000000e+00
 0.00000000e+00 0.00000000e+00 0.00000000e+00 1.38777878e-17
 0.00000000e+00 0.00000000e+00 0.00000000e+00 0.00000000e+00
 0.00000000e+00 2.77555756e-17 3.90843820e-17 1.13288064e-17
 2.77555756e-17]
sweep    1  f = 149.089347  (Delta f = 30.8)
sweep    2  f = 149.089347  (Delta f = 0)
New op index: 4	$R_Y$[1]
Current grad: 1.7195180810919308
[ 3.14159265 -1.57079633  3.14159265  3.14159265  1.57079633  3.14159265
  3.14159265 -1.57079633  0.          3.14159265 -3.14159256  3.14159265
  3.14159265  2.75331002  3.14159265  3.14159265 -3.1415926   0.
  3.14159265  2.74982523  3.14159265  0.         -1.57079633  0.
  3.14159265  3.14159265  3.14159265  3.14159265  0.          0.
  3.14159265  3.14159265  3.14159265  3.14159265  3.14159265  3.14159265
  3.14159265  3.14159265  3.14159265  3.14159265  3.14159265  3.14159265
  3.14159265  3.14159265  3.14159265] 
 [0.00000000e+00 2.01602054e-01 0.00000000e+00 0.00000000e+00
 7.06561211e-01 0.00000000e+00 0.00000000e+00 1.96622579e-01
 5.65405010e-25 0.00000000e+00 2.27373675e-13 0.00000000e+00
 0.00000000e+00 4.06136117e-02 0.00000000e+00 0.00000000e+00
 8.52651283e-14 4.39767867e-24 0.00000000e+00 4.09875656e-02
 0.00000000e+00 8.57344277e-15 2.01602054e-01 3.83227366e-24
 0.00000000e+00 0.00000000e+00 0.00000000e+00 0.00000000e+00
 5.65405010e-25 5.65405010e-25 0.00000000e+00 0.00000000e+00
 0.00000000e+00 0.00000000e+00 0.00000000e+00 0.00000000e+00
 0.00000000e+00 0.00000000e+00 0.00000000e+00 0.00000000e+00
 0.00000000e+00 0.00000000e+00 0.00000000e+00 0.00000000e+00
 0.00000000e+00]
sweep    1  f = 148.0517911  (Delta f = 0.331)
sweep    2  f = 148.0517911  (Delta f = 1.86e-10)
New op index: 22	$R_Y$[7]
Current grad: 94.67718323685138
[ 3.14159265 -1.59697014  3.14159265  3.14159265  3.14159242  3.14159265
  3.14159265 -1.59697014  3.14159265  3.14159265 -3.14158765  3.14159265
  0.         -1.62227019  3.14159265  3.14159265 -3.14159265  3.14159265
  3.14159265 -1.59754145  3.14159265  0.         -1.57079633  3.14159265
  3.14159265  3.14159265  3.14159265  3.14159265  3.14159265  3.14159265
  3.14159265  3.14159265  3.14159265  3.14159265  3.14159265  3.14159265
  3.14159265  3.14159265  3.14159265  3.14159265  3.14159265  3.14159265
  0.          3.14159265  3.14159265] 
 [0.00000000e+00 1.86052437e+01 0.00000000e+00 0.00000000e+00
 8.77520279e-13 0.00000000e+00 0.00000000e+00 1.86052436e+01
 0.00000000e+00 0.00000000e+00 6.75803857e-12 0.00000000e+00
 5.54006954e-15 1.77524001e+01 0.00000000e+00 0.00000000e+00
 0.00000000e+00 0.00000000e+00 0.00000000e+00 1.81972233e+01
 0.00000000e+00 2.76139655e-15 1.90986999e+01 0.00000000e+00
 0.00000000e+00 0.00000000e+00 0.00000000e+00 0.00000000e+00
 0.00000000e+00 0.00000000e+00 0.00000000e+00 0.00000000e+00
 0.00000000e+00 0.00000000e+00 0.00000000e+00 0.00000000e+00
 0.00000000e+00 0.00000000e+00 0.00000000e+00 0.00000000e+00
 0.00000000e+00 0.00000000e+00 1.35124338e-15 0.00000000e+00
 0.00000000e+00]
sweep    1  f = 98.18118369  (Delta f = 30.8)
sweep    2  f = 98.18118369  (Delta f = 1.38e-12)
New op index: 19	$R_Y$[6]
Current grad: 0.8163385496060075
[ 3.14159265 -2.75832714  3.14159265  3.14159265 -3.14159254  3.14159265
  3.14159265 -2.75832714  3.14159265  3.14159265 -3.14159259  3.14159265
  0.          2.75331006  3.14159265  3.14159265 -3.14159262  0.
  3.14159265  2.7498253   3.14159265  3.14159265 -3.14159263  3.14159265
  3.14159265  3.14159265  3.14159265  3.14159265  3.14159265  3.14159265
  3.14159265  3.14159265  3.14159265  3.14159265  3.14159265  3.14159265
  3.14159265  3.14159265  3.14159265  3.14159265  3.14159265  3.14159265
  3.14159265  3.14159265  3.14159265] 
 [0.00000000e+00 3.91135265e-02 0.00000000e+00 0.00000000e+00
 3.48165941e-13 0.00000000e+00 0.00000000e+00 3.91135268e-02
 0.00000000e+00 0.00000000e+00 9.94759830e-14 0.00000000e+00
 7.38273232e-15 4.06136018e-02 0.00000000e+00 0.00000000e+00
 2.13162821e-14 1.07830328e-24 0.00000000e+00 4.09875484e-02
 0.00000000e+00 0.00000000e+00 2.13162821e-14 0.00000000e+00
 0.00000000e+00 0.00000000e+00 0.00000000e+00 0.00000000e+00
 0.00000000e+00 0.00000000e+00 0.00000000e+00 0.00000000e+00
 0.00000000e+00 0.00000000e+00 0.00000000e+00 0.00000000e+00
 0.00000000e+00 0.00000000e+00 0.00000000e+00 0.00000000e+00
 0.00000000e+00 0.00000000e+00 0.00000000e+00 0.00000000e+00
 0.00000000e+00]
sweep    1  f = 98.13960245  (Delta f = 0.000594)
sweep    2  f = 98.13960245  (Delta f = 3.64e-10)
New op index: 1	$R_Y$[0]
Current grad: 58.427963656202316
[ 3.14159265 -1.59628536  3.14159265  3.14159265  3.14159246  3.14159265
  3.14159265 -1.59628536  3.14159265  3.14159265  3.14159244  3.14159265
  3.14159265 -1.59520775  3.14159265  3.14159265 -3.14159256  0.
  3.14159265 -3.14158805  3.14159265  3.14159265  3.14159264  0.
  3.14159265  3.14159265  3.14159265  3.14159265  3.14159265  3.14159265
  3.14159265  3.14159265  3.14159265  3.14159265  3.14159265  3.14159265
  3.14159265  3.14159265  3.14159265  3.14159265  3.14159265  3.14159265
  3.14159265  3.14159265  3.14159265] 
 [0.00000000e+00 1.91184074e+01 0.00000000e+00 0.00000000e+00
 5.89750471e-13 0.00000000e+00 0.00000000e+00 1.91184074e+01
 0.00000000e+00 0.00000000e+00 7.10542736e-13 0.00000000e+00
 0.00000000e+00 1.87407079e+01 0.00000000e+00 0.00000000e+00
 2.84217094e-13 5.80655899e-16 0.00000000e+00 5.75406389e-12
 0.00000000e+00 0.00000000e+00 1.42108547e-14 5.80655904e-16
 0.00000000e+00 0.00000000e+00 0.00000000e+00 0.00000000e+00
 0.00000000e+00 0.00000000e+00 0.00000000e+00 0.00000000e+00
 0.00000000e+00 0.00000000e+00 0.00000000e+00 0.00000000e+00
 0.00000000e+00 0.00000000e+00 0.00000000e+00 0.00000000e+00
 0.00000000e+00 0.00000000e+00 0.00000000e+00 0.00000000e+00
 0.00000000e+00]
sweep    1  f = 48.76804075  (Delta f = 30.3)
sweep    2  f = 48.76804075  (Delta f = 2.56e-13)
New op index: 13	$R_Y$[4]
Current grad: 0.40818293887067075
[ 3.14159265  3.14159259  3.14159265  3.14159265  3.1415926   3.14159265
  3.14159265 -1.59549279  3.14159265  3.14159265  3.14159259  3.14159265
  3.14159265  1.6189713   3.14159265  3.14159265  3.14159265  0.
  3.14159265 -3.14159252  3.14159265  3.14159265 -3.14159259  0.
  3.14159265  3.14159265  3.14159265  3.14159265  3.14159265  3.14159265
  3.14159265  3.14159265  3.14159265  3.14159265  3.14159265  3.14159265
  3.14159265  3.14159265  3.14159265  3.14159265  3.14159265  3.14159265
  3.14159265  3.14159265  3.14159265] 
 [0.00000000e+00 1.13686838e-13 0.00000000e+00 0.00000000e+00
 6.39488462e-14 0.00000000e+00 0.00000000e+00 1.96684264e-01
 0.00000000e+00 0.00000000e+00 9.94759830e-14 0.00000000e+00
 0.00000000e+00 1.96841777e-01 0.00000000e+00 0.00000000e+00
 0.00000000e+00 4.93879135e-16 0.00000000e+00 4.40536496e-13
 0.00000000e+00 0.00000000e+00 1.13686838e-13 4.93879135e-16
 0.00000000e+00 0.00000000e+00 0.00000000e+00 0.00000000e+00
 0.00000000e+00 0.00000000e+00 0.00000000e+00 0.00000000e+00
 0.00000000e+00 0.00000000e+00 0.00000000e+00 0.00000000e+00
 0.00000000e+00 0.00000000e+00 0.00000000e+00 0.00000000e+00
 0.00000000e+00 0.00000000e+00 0.00000000e+00 0.00000000e+00
 0.00000000e+00]
sweep    1  f = 48.56497614  (Delta f = 0.00622)
sweep    2  f = 48.56470474  (Delta f = 0.000271)
sweep    3  f = 48.56470474  (Delta f = 4.96e-09)
New op index: 7	$R_Y$[2]
Current grad: 49.31684736733013
[ 3.14159265  3.14159245  3.14159265  3.14159265  3.14159219  3.14159265
  3.14159265 -1.57089694  3.14159265  3.14159265  3.14130944  3.14159265
  3.14159265  3.14159265  3.14159265  3.14159265 -3.14159245  3.14159265
  3.14159265 -3.14120787  3.14159265  3.14159265 -3.14159069  3.14159265
  3.14159265  3.14159265  3.14159265  3.14159265  3.14159265  3.14159265
  3.14159265  3.14159265  3.14159265  3.14159265  3.14159265  3.14159265
  3.14159265  3.14159265  3.14159265  3.14159265  3.14159265  3.14159265
  3.14159265  3.14159265  3.14159265] 
 [0.00000000e+00 1.96109795e-12 0.00000000e+00 0.00000000e+00
 1.15685239e-13 0.00000000e+00 0.00000000e+00 4.93110259e+01
 0.00000000e+00 0.00000000e+00 3.76070521e-08 0.00000000e+00
 0.00000000e+00 0.00000000e+00 0.00000000e+00 0.00000000e+00
 2.03215222e-12 0.00000000e+00 0.00000000e+00 6.91879997e-08
 0.00000000e+00 0.00000000e+00 1.90510718e-10 0.00000000e+00
 0.00000000e+00 0.00000000e+00 0.00000000e+00 0.00000000e+00
 0.00000000e+00 0.00000000e+00 0.00000000e+00 0.00000000e+00
 0.00000000e+00 0.00000000e+00 0.00000000e+00 0.00000000e+00
 0.00000000e+00 0.00000000e+00 0.00000000e+00 0.00000000e+00
 0.00000000e+00 0.00000000e+00 0.00000000e+00 0.00000000e+00
 0.00000000e+00]
sweep    1  f = -1.632542913  (Delta f = 0.886)
sweep    2  f = -1.632653061  (Delta f = 0.00011)
sweep    3  f = -1.632653061  (Delta f = 4.14e-12)
New op index: 1	$R_Y$[0]
Current grad: 1.0624163286041342e-05
[ 3.14159265  3.1415926   3.14159265  3.14159265  3.14159262  0.
  3.14159265 -3.14159265  0.          3.14159265 -3.14159265  0.
  3.14159265 -3.14159263  0.          3.14159265 -3.14159264  0.
  3.14159265  3.14159262  0.          3.14159265  3.14159262  3.14159265
  3.14159265  3.14159265  3.14159265  3.14159265  3.14159265  0.
  3.14159265  3.14159265  0.          3.14159265  3.14159265  0.
  3.14159265  3.14159265  0.          3.14159265  3.14159265  0.
  3.14159265  3.14159265  0.        ] 
 [0.00000000e+00 8.52651283e-14 0.00000000e+00 0.00000000e+00
 2.13162821e-14 1.26978380e-15 0.00000000e+00 0.00000000e+00
 2.44630395e-16 0.00000000e+00 0.00000000e+00 4.26257262e-16
 0.00000000e+00 1.42108547e-14 1.11574976e-15 0.00000000e+00
 0.00000000e+00 3.89708726e-16 0.00000000e+00 2.84217094e-14
 1.95927629e-15 0.00000000e+00 2.84217094e-14 0.00000000e+00
 0.00000000e+00 0.00000000e+00 0.00000000e+00 0.00000000e+00
 0.00000000e+00 1.51441419e-15 0.00000000e+00 0.00000000e+00
 6.70887657e-16 0.00000000e+00 0.00000000e+00 1.14327321e-15
 0.00000000e+00 0.00000000e+00 1.50545848e-15 0.00000000e+00
 0.00000000e+00 2.34898502e-15 0.00000000e+00 0.00000000e+00
 4.37942377e-16]
Precision cutoff reached.
Calculating energies for FreeWilson2D(N_x=2, N_y=2, mass=-2.245, r=1.000)
h_im: 0.0
New op index: 10	$R_Y$[3]
Current grad: 2.9795918367346923
[ 3.14159265 -1.57079633  3.14159265  3.14159265  1.57079633  3.14159265
  3.14159265 -1.57079633  3.14159265  3.14159265  0.24017101  0.
  3.14159265  0.24017101  0.          3.14159265 -1.57079633  3.14159265
  3.14159265  1.57079633  3.14159265  3.14159265 -1.57079633  3.14159265
  3.14159265  3.14159265  3.14159265  3.14159265  3.14159265  3.14159265
  3.14159265  0.          0.          3.14159265  3.14159265  3.14159265
  3.14159265  0.          0.          3.14159265  3.14159265  3.14159265
  3.14159265  3.14159265  3.14159265] 
 [0.         0.12244898 0.         0.         0.62244898 0.
 0.         0.62244898 0.         0.         1.01477544 1.
 0.         1.01477544 1.         0.         0.62244898 0.
 0.         0.62244898 0.         0.         0.12244898 0.
 0.         0.         0.         0.         0.         0.
 0.         1.         1.         0.         0.         0.
 0.         1.         1.         0.         0.         0.
 0.         0.         0.        ]
sweep    1  f = 199.4852246  (Delta f = 5.68e-14)
New op index: 16	$R_Y$[5]
Current grad: 82.27192124195749
[ 3.14159265 -1.57079633  3.14159265  3.14159265 -1.57079633  3.14159265
  3.14159265 -1.57079633  3.14159265  3.14159265  3.14159265  3.14159265
  0.         -1.61245145  3.14159265  0.         -1.57079633  0.
  0.         -1.57079633  3.14159265  0.         -1.57079633  0.
  3.14159265  3.14159265  3.14159265  3.14159265  3.14159265  3.14159265
  3.14159265  3.14159265  3.14159265  3.14159265  3.14159265  3.14159265
  0.          3.14159265  3.14159265  0.          0.          3.14159265
  0.          0.          3.14159265] 
 [0.00000000e+00 1.20158854e+01 0.00000000e+00 0.00000000e+00
 1.12709875e+01 0.00000000e+00 0.00000000e+00 1.15302368e+01
 0.00000000e+00 0.00000000e+00 0.00000000e+00 0.00000000e+00
 3.10083591e-15 1.11765208e+01 0.00000000e+00 2.78334612e-15
 1.25158854e+01 1.38777878e-17 1.72693492e-15 1.12709875e+01
 0.00000000e+00 3.61813754e-16 1.20158854e+01 1.38777878e-17
 0.00000000e+00 0.00000000e+00 0.00000000e+00 0.00000000e+00
 0.00000000e+00 0.00000000e+00 0.00000000e+00 0.00000000e+00
 0.00000000e+00 0.00000000e+00 0.00000000e+00 0.00000000e+00
 3.84414722e-15 0.00000000e+00 0.00000000e+00 2.42861287e-15
 2.42861287e-15 0.00000000e+00 2.74100470e-15 2.79651585e-15
 0.00000000e+00]
sweep    1  f = 149.2526082  (Delta f = 37.7)
sweep    2  f = 149.2526082  (Delta f = 0)
New op index: 4	$R_Y$[1]
Current grad: 1.2297111091342285
[ 3.14159265 -1.57079633  3.14159265  3.14159265  1.57079633  3.14159265
  3.14159265 -1.57079633  0.          3.14159265  3.14159261  3.14159265
  3.14159265  2.89905763  3.14159265  3.14159265  3.1415926   0.
  3.14159265  2.89673344  3.14159265  3.14159265 -1.57079633  0.
  3.14159265  3.14159265  3.14159265  3.14159265  0.          0.
  3.14159265  3.14159265  3.14159265  3.14159265  3.14159265  3.14159265
  3.14159265  3.14159265  3.14159265  3.14159265  3.14159265  3.14159265
  3.14159265  3.14159265  3.14159265] 
 [0.00000000e+00 1.19961385e-01 0.00000000e+00 0.00000000e+00
 6.24936574e-01 0.00000000e+00 0.00000000e+00 1.14973867e-01
 3.10712747e-24 0.00000000e+00 3.55271368e-14 0.00000000e+00
 0.00000000e+00 1.52254518e-02 0.00000000e+00 0.00000000e+00
 8.52651283e-14 3.51031743e-24 0.00000000e+00 1.53728171e-02
 0.00000000e+00 0.00000000e+00 1.19961385e-01 4.03189964e-25
 0.00000000e+00 0.00000000e+00 0.00000000e+00 0.00000000e+00
 3.10712747e-24 3.10712747e-24 0.00000000e+00 0.00000000e+00
 0.00000000e+00 0.00000000e+00 0.00000000e+00 0.00000000e+00
 0.00000000e+00 0.00000000e+00 0.00000000e+00 0.00000000e+00
 0.00000000e+00 0.00000000e+00 0.00000000e+00 0.00000000e+00
 0.00000000e+00]
sweep    1  f = 148.2403266  (Delta f = 0.387)
sweep    2  f = 148.2403266  (Delta f = 2.76e-10)
New op index: 22	$R_Y$[7]
Current grad: 59.58850722470275
[ 3.14159265 -1.61238471  3.14159265  3.14159265  3.14159241  3.14159265
  3.14159265 -1.61238471  3.14159265  3.14159265 -3.14158795  3.14159265
  0.         -1.65433852  3.14159265  3.14159265  3.14159257  3.14159265
  3.14159265 -1.61324895  3.14159265  0.         -1.57079633  3.14159265
  3.14159265  3.14159265  3.14159265  3.14159265  3.14159265  3.14159265
  3.14159265  3.14159265  3.14159265  3.14159265  3.14159265  3.14159265
  3.14159265  3.14159265  3.14159265  3.14159265  3.14159265  3.14159265
  3.14159265  3.14159265  3.14159265] 
 [0.00000000e+00 1.15260558e+01 0.00000000e+00 0.00000000e+00
 1.14397380e-12 0.00000000e+00 0.00000000e+00 1.15260557e+01
 0.00000000e+00 0.00000000e+00 5.68489700e-12 0.00000000e+00
 3.45726849e-15 1.08263057e+01 0.00000000e+00 0.00000000e+00
 2.27373675e-13 0.00000000e+00 0.00000000e+00 1.12813740e+01
 0.00000000e+00 6.92699866e-15 1.20156572e+01 0.00000000e+00
 0.00000000e+00 0.00000000e+00 0.00000000e+00 0.00000000e+00
 0.00000000e+00 0.00000000e+00 0.00000000e+00 0.00000000e+00
 0.00000000e+00 0.00000000e+00 0.00000000e+00 0.00000000e+00
 0.00000000e+00 0.00000000e+00 0.00000000e+00 0.00000000e+00
 0.00000000e+00 0.00000000e+00 0.00000000e+00 0.00000000e+00
 0.00000000e+00]
sweep    1  f = 98.50771025  (Delta f = 37.7)
sweep    2  f = 98.50771025  (Delta f = 1.46e-12)
New op index: 19	$R_Y$[6]
Current grad: 0.4898024046635311
[ 3.14159265 -2.90612075  3.14159265  3.14159265 -3.14159263  3.14159265
  3.14159265 -2.90612075  3.14159265  3.14159265 -3.14159264  3.14159265
  3.14159265  2.89905763  3.14159265  3.14159265  3.14159256  0.
  0.          2.89673334  3.14159265  3.14159265 -3.14159265  3.14159265
  3.14159265  3.14159265  3.14159265  3.14159265  3.14159265  3.14159265
  3.14159265  3.14159265  3.14159265  3.14159265  3.14159265  3.14159265
  3.14159265  3.14159265  3.14159265  3.14159265  3.14159265  3.14159265
  3.14159265  3.14159265  3.14159265] 
 [0.00000000e+00 1.41893890e-02 0.00000000e+00 0.00000000e+00
 7.10542736e-15 0.00000000e+00 0.00000000e+00 1.41893891e-02
 0.00000000e+00 0.00000000e+00 0.00000000e+00 0.00000000e+00
 0.00000000e+00 1.52254521e-02 0.00000000e+00 0.00000000e+00
 2.41584530e-13 1.87014307e-24 1.69603092e-14 1.53728300e-02
 0.00000000e+00 0.00000000e+00 0.00000000e+00 0.00000000e+00
 0.00000000e+00 0.00000000e+00 0.00000000e+00 0.00000000e+00
 0.00000000e+00 0.00000000e+00 0.00000000e+00 0.00000000e+00
 0.00000000e+00 0.00000000e+00 0.00000000e+00 0.00000000e+00
 0.00000000e+00 0.00000000e+00 0.00000000e+00 0.00000000e+00
 0.00000000e+00 0.00000000e+00 0.00000000e+00 0.00000000e+00
 0.00000000e+00]
sweep    1  f = 98.49214194  (Delta f = 0.000195)
sweep    2  f = 98.49214194  (Delta f = 1.33e-09)
New op index: 7	$R_Y$[2]
Current grad: 36.98435112658284
[ 3.14159265 -1.61106557  3.14159265  3.14159265 -3.14159155  3.14159265
  3.14159265 -1.61106557  3.14159265  3.14159265  3.14159236  3.14159265
  0.         -1.61115839  3.14159265  3.14159265 -3.1415925   3.14159265
  3.14159265  3.14157852  3.14159265  3.14159265 -3.14159203  3.14159265
  3.14159265  3.14159265  3.14159265  3.14159265  3.14159265  3.14159265
  3.14159265  3.14159265  3.14159265  3.14159265  3.14159265  3.14159265
  3.14159265  3.14159265  3.14159265  3.14159265  3.14159265  3.14159265
  3.14159265  3.14159265  3.14159265] 
 [0.00000000e+00 1.19197818e+01 0.00000000e+00 0.00000000e+00
 2.32134312e-11 0.00000000e+00 0.00000000e+00 1.19197818e+01
 0.00000000e+00 0.00000000e+00 1.66267000e-12 0.00000000e+00
 6.32935884e-15 1.16834668e+01 0.00000000e+00 0.00000000e+00
 7.81597009e-13 0.00000000e+00 0.00000000e+00 5.15407717e-11
 0.00000000e+00 0.00000000e+00 1.22994948e-11 0.00000000e+00
 0.00000000e+00 0.00000000e+00 0.00000000e+00 0.00000000e+00
 0.00000000e+00 0.00000000e+00 0.00000000e+00 0.00000000e+00
 0.00000000e+00 0.00000000e+00 0.00000000e+00 0.00000000e+00
 0.00000000e+00 0.00000000e+00 0.00000000e+00 0.00000000e+00
 0.00000000e+00 0.00000000e+00 0.00000000e+00 0.00000000e+00
 0.00000000e+00]
sweep    1  f = 49.25782426  (Delta f = 37.3)
sweep    2  f = 49.25782426  (Delta f = 0)
New op index: 13	$R_Y$[4]
Current grad: 0.24490468616167435
[ 3.14159265 -1.6123529   3.14159265  3.14159265  3.14159261  3.14159265
  3.14159265 -3.14159263  3.14159265  3.14159265 -3.14159262  3.14159265
  0.          1.65047206  3.14159265  3.14159265 -3.14159265  3.14159265
  3.14159265  3.14159265  3.14159265  3.14159265 -3.14159265  3.14159265
  3.14159265  3.14159265  3.14159265  3.14159265  3.14159265  3.14159265
  3.14159265  3.14159265  3.14159265  3.14159265  3.14159265  3.14159265
  3.14159265  3.14159265  3.14159265  3.14159265  3.14159265  3.14159265
  3.14159265  3.14159265  3.14159265] 
 [0.00000000e+00 1.15076720e-01 0.00000000e+00 0.00000000e+00
 4.26325641e-14 0.00000000e+00 0.00000000e+00 1.42108547e-14
 0.00000000e+00 0.00000000e+00 3.55271368e-14 0.00000000e+00
 2.46301158e-15 1.15359375e-01 0.00000000e+00 0.00000000e+00
 0.00000000e+00 0.00000000e+00 0.00000000e+00 0.00000000e+00
 0.00000000e+00 0.00000000e+00 0.00000000e+00 0.00000000e+00
 0.00000000e+00 0.00000000e+00 0.00000000e+00 0.00000000e+00
 0.00000000e+00 0.00000000e+00 0.00000000e+00 0.00000000e+00
 0.00000000e+00 0.00000000e+00 0.00000000e+00 0.00000000e+00
 0.00000000e+00 0.00000000e+00 0.00000000e+00 0.00000000e+00
 0.00000000e+00 0.00000000e+00 0.00000000e+00 0.00000000e+00
 0.00000000e+00]
sweep    1  f = 49.13035824  (Delta f = 0.0121)
sweep    2  f = 49.13027958  (Delta f = 7.87e-05)
sweep    3  f = 49.13027094  (Delta f = 8.64e-06)
sweep    4  f = 49.1302697  (Delta f = 1.24e-06)
sweep    5  f = 49.13026965  (Delta f = 5.36e-08)
sweep    6  f = 49.13026962  (Delta f = 2.5e-08)
sweep    7  f = 49.13026959  (Delta f = 3.36e-08)
sweep    8  f = 49.13026955  (Delta f = 4.04e-08)
sweep    9  f = 49.13026955  (Delta f = 1.24e-09)
New op index: 1	$R_Y$[0]
Current grad: 48.972014481430286
[ 3.14159265 -1.57089662  3.14159265  3.14159265 -3.14151656  3.14159265
  3.14159265 -3.14159083  3.14159265  3.14159265  3.141555    3.14159265
  3.14159265 -3.14159265  3.14159265  3.14159265 -3.14159247  3.14159265
  3.14159265 -3.14156584  3.14159265  3.14159265 -3.14158894  3.14159265
  3.14159265  3.14159265  3.14159265  3.14159265  3.14159265  3.14159265
  3.14159265  3.14159265  3.14159265  3.14159265  3.14159265  3.14159265
  3.14159265  3.14159265  3.14159265  3.14159265  3.14159265  3.14159265
  3.14159265  3.14159265  3.14159265] 
 [0.00000000e+00 4.89663974e+01 0.00000000e+00 0.00000000e+00
 2.88759561e-09 0.00000000e+00 0.00000000e+00 1.63794311e-10
 0.00000000e+00 0.00000000e+00 7.08234582e-10 0.00000000e+00
 0.00000000e+00 0.00000000e+00 0.00000000e+00 0.00000000e+00
 1.60582658e-12 0.00000000e+00 0.00000000e+00 3.57026964e-10
 0.00000000e+00 0.00000000e+00 6.83343160e-10 0.00000000e+00
 0.00000000e+00 0.00000000e+00 0.00000000e+00 0.00000000e+00
 0.00000000e+00 0.00000000e+00 0.00000000e+00 0.00000000e+00
 0.00000000e+00 0.00000000e+00 0.00000000e+00 0.00000000e+00
 0.00000000e+00 0.00000000e+00 0.00000000e+00 0.00000000e+00
 0.00000000e+00 0.00000000e+00 0.00000000e+00 0.00000000e+00
 0.00000000e+00]
sweep    1  f = -0.9795349572  (Delta f = 1.14)
sweep    2  f = -0.9795918367  (Delta f = 5.69e-05)
sweep    3  f = -0.9795918367  (Delta f = 3.87e-12)
New op index: 16	$R_Y$[5]
Current grad: 1.178371357710151e-05
[ 3.14159265 -3.14159265  3.14159265  3.14159265  3.14159259  0.
  3.14159265  3.14159264  3.14159265  3.14159265 -3.14159263  0.
  3.14159265  3.14159264  3.14159265  3.14159265  3.14159258  0.
  3.14159265 -3.14159265  3.14159265  3.14159265 -3.14159262  0.
  3.14159265  3.14159265  0.          3.14159265  3.14159265  0.
  3.14159265  3.14159265  0.          3.14159265  3.14159265  0.
  3.14159265  3.14159265  0.          3.14159265  3.14159265  0.
  3.14159265  3.14159265  0.        ] 
 [0.00000000e+00 0.00000000e+00 0.00000000e+00 0.00000000e+00
 9.94759830e-14 1.28016878e-15 0.00000000e+00 7.10542736e-15
 0.00000000e+00 0.00000000e+00 2.13162821e-14 1.21840127e-15
 0.00000000e+00 7.10542736e-15 0.00000000e+00 0.00000000e+00
 1.42108547e-13 1.23799017e-15 0.00000000e+00 0.00000000e+00
 0.00000000e+00 0.00000000e+00 2.84217094e-14 2.24699430e-15
 0.00000000e+00 0.00000000e+00 1.16360541e-15 0.00000000e+00
 0.00000000e+00 1.54601287e-16 0.00000000e+00 0.00000000e+00
 9.28337776e-17 0.00000000e+00 0.00000000e+00 1.58869850e-15
 0.00000000e+00 0.00000000e+00 9.73388302e-16 0.00000000e+00
 0.00000000e+00 1.03515581e-15 0.00000000e+00 0.00000000e+00
 2.04415994e-15]
Precision cutoff reached.
Calculating energies for FreeWilson2D(N_x=2, N_y=2, mass=-2.082, r=1.000)
h_im: 0.0
New op index: 10	$R_Y$[3]
Current grad: 2.3265306122448965
[ 3.14159265 -1.57079633  3.14159265  3.14159265  1.57079633  3.14159265
  3.14159265 -1.57079633  3.14159265  3.14159265  0.08145204  0.
  3.14159265  0.08145204  0.          3.14159265 -1.57079633  3.14159265
  3.14159265  1.57079633  3.14159265  3.14159265 -1.57079633  3.14159265
  3.14159265  3.14159265  3.14159265  3.14159265  3.14159265  3.14159265
  3.14159265  0.          0.          3.14159265  3.14159265  3.14159265
  3.14159265  0.          0.          3.14159265  3.14159265  3.14159265
  3.14159265  3.14159265  3.14159265] 
 [0.         0.04081633 0.         0.         0.54081633 0.
 0.         0.54081633 0.         0.         1.00166321 1.
 0.         1.00166321 1.         0.         0.54081633 0.
 0.         0.54081633 0.         0.         0.04081633 0.
 0.         0.         0.         0.         0.         0.
 0.         1.         1.         0.         0.         0.
 0.         1.         1.         0.         0.         0.
 0.         0.         0.        ]
sweep    1  f = 199.4983368  (Delta f = -3.98e-13)
New op index: 16	$R_Y$[5]
Current grad: 27.47849632329271
[ 3.14159265 -1.57079633  3.14159265  3.14159265 -1.57079633  3.14159265
  3.14159265 -1.57079633  0.          3.14159265  3.14159265  3.14159265
  3.14159265 -1.6951555   3.14159265  3.14159265 -1.57079633  0.
  3.14159265 -1.57079633  3.14159265  3.14159265 -1.57079633  3.14159265
  3.14159265  3.14159265  3.14159265  3.14159265  0.          0.
  3.14159265  3.14159265  3.14159265  3.14159265  3.14159265  3.14159265
  3.14159265  3.14159265  3.14159265  3.14159265  3.14159265  0.
  3.14159265  3.14159265  3.14159265] 
 [0.00000000e+00 4.10891680e+00 0.00000000e+00 0.00000000e+00
 3.52728415e+00 0.00000000e+00 0.00000000e+00 3.61057449e+00
 2.08166817e-17 0.00000000e+00 0.00000000e+00 0.00000000e+00
 0.00000000e+00 3.51928755e+00 0.00000000e+00 0.00000000e+00
 4.60891680e+00 2.08166817e-17 0.00000000e+00 3.52728415e+00
 0.00000000e+00 0.00000000e+00 4.10891680e+00 0.00000000e+00
 0.00000000e+00 0.00000000e+00 0.00000000e+00 0.00000000e+00
 2.08166817e-17 2.08166817e-17 0.00000000e+00 0.00000000e+00
 0.00000000e+00 0.00000000e+00 0.00000000e+00 0.00000000e+00
 0.00000000e+00 0.00000000e+00 0.00000000e+00 0.00000000e+00
 0.00000000e+00 2.08166817e-17 0.00000000e+00 0.00000000e+00
 0.00000000e+00]
sweep    1  f = 149.4158694  (Delta f = 45.5)
sweep    2  f = 149.4158694  (Delta f = 0)
New op index: 4	$R_Y$[1]
Current grad: 0.7399056907616863
[ 3.14159265 -1.57079633  3.14159265  3.14159265  1.57079633  3.14159265
  3.14159265 -1.57079633  3.14159265  3.14159265  3.14159263  3.14159265
  3.14159265  3.0560349   3.14159265  3.14159265  3.14159261  3.14159265
  3.14159265  3.05518429  3.14159265  3.14159265 -1.57079633  3.14159265
  3.14159265  3.14159265  3.14159265  3.14159265  3.14159265  3.14159265
  3.14159265  3.14159265  3.14159265  3.14159265  3.14159265  3.14159265
  3.14159265  3.14159265  3.14159265  3.14159265  3.14159265  3.14159265
  3.14159265  3.14159265  3.14159265] 
 [0.00000000e+00 3.83206021e-02 0.00000000e+00 0.00000000e+00
 5.43312051e-01 0.00000000e+00 0.00000000e+00 3.33249418e-02
 0.00000000e+00 0.00000000e+00 1.42108547e-14 0.00000000e+00
 0.00000000e+00 1.85397102e-03 0.00000000e+00 0.00000000e+00
 4.97379915e-14 0.00000000e+00 0.00000000e+00 1.87242587e-03
 0.00000000e+00 0.00000000e+00 3.83206021e-02 0.00000000e+00
 0.00000000e+00 0.00000000e+00 0.00000000e+00 0.00000000e+00
 0.00000000e+00 0.00000000e+00 0.00000000e+00 0.00000000e+00
 0.00000000e+00 0.00000000e+00 0.00000000e+00 0.00000000e+00
 0.00000000e+00 0.00000000e+00 0.00000000e+00 0.00000000e+00
 0.00000000e+00 0.00000000e+00 0.00000000e+00 0.00000000e+00
 0.00000000e+00]
sweep    1  f = 148.4167041  (Delta f = 0.456)
sweep    2  f = 148.4167041  (Delta f = 4.26e-13)
New op index: 22	$R_Y$[7]
Current grad: 20.38180508160311
[ 3.14159265 -1.69188475  3.14159265  3.14159265  3.14159262  3.14159265
  3.14159265 -1.69188475  3.14159265  3.14159265  3.14159073  3.14159265
  0.         -1.81378696  3.14159265  3.14159265 -3.14159256  3.14159265
  3.14159265 -1.6943145   3.14159265  0.         -1.57079633  3.14159265
  3.14159265  3.14159265  3.14159265  3.14159265  3.14159265  3.14159265
  3.14159265  3.14159265  3.14159265  3.14159265  3.14159265  3.14159265
  3.14159265  3.14159265  3.14159265  3.14159265  3.14159265  3.14159265
  0.          3.14159265  3.14159265] 
 [0.00000000e+00 3.63932177e+00 0.00000000e+00 0.00000000e+00
 2.13162821e-14 0.00000000e+00 0.00000000e+00 3.63932176e+00
 0.00000000e+00 0.00000000e+00 9.27480315e-13 0.00000000e+00
 2.78886891e-15 3.15093200e+00 0.00000000e+00 0.00000000e+00
 2.27373675e-13 0.00000000e+00 0.00000000e+00 3.55829879e+00
 0.00000000e+00 2.08217797e-14 4.10901262e+00 0.00000000e+00
 0.00000000e+00 0.00000000e+00 0.00000000e+00 0.00000000e+00
 0.00000000e+00 0.00000000e+00 0.00000000e+00 0.00000000e+00
 0.00000000e+00 0.00000000e+00 0.00000000e+00 0.00000000e+00
 0.00000000e+00 0.00000000e+00 0.00000000e+00 0.00000000e+00
 0.00000000e+00 0.00000000e+00 1.11274368e-14 0.00000000e+00
 0.00000000e+00]
sweep    1  f = 98.8342368  (Delta f = 45.5)
sweep    2  f = 98.8342368  (Delta f = 0)
New op index: 19	$R_Y$[6]
Current grad: 0.1632782709261501
[ 3.14159265 -3.06510111  3.14159265  3.14159265  3.1415926   3.14159265
  3.14159265 -3.06510111  3.14159265  3.14159265 -3.14159255  3.14159265
  0.          3.05603474  3.14159265  3.14159265  3.14159265  3.14159265
  3.14159265  3.05518412  3.14159265  3.14159265 -3.14159256  0.
  3.14159265  3.14159265  3.14159265  3.14159265  3.14159265  3.14159265
  3.14159265  3.14159265  3.14159265  3.14159265  3.14159265  3.14159265
  3.14159265  3.14159265  3.14159265  3.14159265  3.14159265  3.14159265
  3.14159265  3.14159265  3.14159265] 
 [0.00000000e+00 1.46631360e-03 0.00000000e+00 0.00000000e+00
 8.52651283e-14 0.00000000e+00 0.00000000e+00 1.46631357e-03
 0.00000000e+00 0.00000000e+00 2.70006240e-13 0.00000000e+00
 6.90837866e-15 1.85397803e-03 0.00000000e+00 0.00000000e+00
 0.00000000e+00 0.00000000e+00 0.00000000e+00 1.87243326e-03
 0.00000000e+00 0.00000000e+00 2.34479103e-13 1.24500838e-32
 0.00000000e+00 0.00000000e+00 0.00000000e+00 0.00000000e+00
 0.00000000e+00 0.00000000e+00 0.00000000e+00 0.00000000e+00
 0.00000000e+00 0.00000000e+00 0.00000000e+00 0.00000000e+00
 0.00000000e+00 0.00000000e+00 0.00000000e+00 0.00000000e+00
 0.00000000e+00 0.00000000e+00 0.00000000e+00 0.00000000e+00
 0.00000000e+00]
sweep    1  f = 98.8323438  (Delta f = 2.06e-05)
sweep    2  f = 98.8323438  (Delta f = 2.89e-10)
New op index: 7	$R_Y$[2]
Current grad: 13.126512276644345
[ 3.14159265 -1.68387871  3.14159265  3.14159265 -3.14159247  3.14159265
  3.14159265 -1.68387871  3.14159265  3.14159265  3.14158414  3.14159265
  3.14159265 -1.6868102   3.14159265  3.14159265  3.1415921   3.14159265
  3.14159265 -3.14159247  3.14159265  3.14159265  3.14159233  3.14159265
  3.14159265  3.14159265  3.14159265  3.14159265  3.14159265  3.14159265
  3.14159265  3.14159265  3.14159265  3.14159265  3.14159265  3.14159265
  3.14159265  3.14159265  3.14159265  3.14159265  3.14159265  3.14159265
  3.14159265  3.14159265  3.14159265] 
 [0.00000000e+00 3.93099276e+00 0.00000000e+00 0.00000000e+00
 7.53175300e-13 0.00000000e+00 0.00000000e+00 3.93099285e+00
 0.00000000e+00 0.00000000e+00 1.81711313e-11 0.00000000e+00
 0.00000000e+00 3.84673832e+00 0.00000000e+00 0.00000000e+00
 8.37729885e-12 0.00000000e+00 0.00000000e+00 8.10018719e-13
 0.00000000e+00 0.00000000e+00 2.78532752e-12 0.00000000e+00
 0.00000000e+00 0.00000000e+00 0.00000000e+00 0.00000000e+00
 0.00000000e+00 0.00000000e+00 0.00000000e+00 0.00000000e+00
 0.00000000e+00 0.00000000e+00 0.00000000e+00 0.00000000e+00
 0.00000000e+00 0.00000000e+00 0.00000000e+00 0.00000000e+00
 0.00000000e+00 0.00000000e+00 0.00000000e+00 0.00000000e+00
 0.00000000e+00]
sweep    1  f = 49.74760797  (Delta f = 45.2)
sweep    2  f = 49.74760797  (Delta f = 5.77e-11)
New op index: 13	$R_Y$[4]
Current grad: 0.08165888041840452
[ 3.14159265 -1.70044412  3.14159265  3.14159265  3.14159258  3.14159265
  3.14159265  3.14159263  3.14159265  3.14159265 -3.14159249  3.14159265
  0.          1.79752209  3.14159265  3.14159265  3.14159259  3.14159265
  3.14159265  3.14159264  3.14159265  3.14159265  3.14159247  3.14159265
  3.14159265  3.14159265  3.14159265  3.14159265  3.14159265  3.14159265
  3.14159265  3.14159265  3.14159265  3.14159265  3.14159265  3.14159265
  3.14159265  3.14159265  3.14159265  3.14159265  3.14159265  3.14159265
  3.14159265  3.14159265  3.14159265] 
 [0.00000000e+00 3.36484063e-02 0.00000000e+00 0.00000000e+00
 1.27897692e-13 0.00000000e+00 0.00000000e+00 1.42108547e-14
 0.00000000e+00 0.00000000e+00 7.10542736e-13 0.00000000e+00
 8.68289443e-15 3.44584797e-02 0.00000000e+00 0.00000000e+00
 9.23705556e-14 0.00000000e+00 0.00000000e+00 7.10542736e-15
 0.00000000e+00 0.00000000e+00 8.10018719e-13 0.00000000e+00
 0.00000000e+00 0.00000000e+00 0.00000000e+00 0.00000000e+00
 0.00000000e+00 0.00000000e+00 0.00000000e+00 0.00000000e+00
 0.00000000e+00 0.00000000e+00 0.00000000e+00 0.00000000e+00
 0.00000000e+00 0.00000000e+00 0.00000000e+00 0.00000000e+00
 0.00000000e+00 0.00000000e+00 0.00000000e+00 0.00000000e+00
 0.00000000e+00]
sweep    1  f = 49.70128881  (Delta f = 0.0119)
sweep    2  f = 49.70026056  (Delta f = 0.00103)
sweep    3  f = 49.50080752  (Delta f = 0.199)
sweep    4  f = 49.32962178  (Delta f = 0.171)
sweep    5  f = 49.32962178  (Delta f = 1.41e-10)
New op index: 1	$R_Y$[0]
Current grad: 4.567199451452811
[ 3.14159265  1.68055505  3.14159265  3.14159265  3.1415926   0.
  3.14159265  3.14159256  3.14159265  3.14159265  3.1415925   0.
  3.14159265 -3.14159265  3.14159265  3.14159265  3.14159254  3.14159265
  3.14159265 -3.14159253  0.          3.14159265  3.14157883  3.14159265
  3.14159265  3.14159265  3.14159265  3.14159265  3.14159265  3.14159265
  3.14159265  3.14159265  3.14159265  3.14159265  3.14159265  0.
  3.14159265  3.14159265  3.14159265  3.14159265  3.14159265  3.14159265
  3.14159265  3.14159265  3.14159265] 
 [0.00000000e+00 4.09150637e+00 0.00000000e+00 0.00000000e+00
 7.81597009e-14 1.39162733e-14 0.00000000e+00 2.13162821e-13
 0.00000000e+00 0.00000000e+00 5.18696197e-13 7.65032016e-15
 0.00000000e+00 0.00000000e+00 0.00000000e+00 0.00000000e+00
 2.84217094e-13 0.00000000e+00 0.00000000e+00 4.05009359e-13
 6.25866145e-15 0.00000000e+00 4.85143037e-11 0.00000000e+00
 0.00000000e+00 0.00000000e+00 0.00000000e+00 0.00000000e+00
 0.00000000e+00 0.00000000e+00 0.00000000e+00 0.00000000e+00
 0.00000000e+00 0.00000000e+00 0.00000000e+00 7.71976940e-15
 0.00000000e+00 0.00000000e+00 0.00000000e+00 0.00000000e+00
 0.00000000e+00 0.00000000e+00 0.00000000e+00 0.00000000e+00
 0.00000000e+00]
sweep    1  f = -0.1632046245  (Delta f = 45.4)
sweep    2  f = -0.1632653061  (Delta f = 6.07e-05)
sweep    3  f = -0.1632653061  (Delta f = 1.69e-12)
New op index: 19	$R_Y$[6]
Current grad: 1.6300243179222557e-05
[ 3.14159265 -3.14159265  3.14159265  3.14159265  3.14159258  3.14159265
  3.14159265  3.14159261  0.          3.14159265 -3.14159265  3.14159265
  3.14159265 -3.14159265  0.          3.14159265  3.14159259  0.
  3.14159265  3.14159257  3.14159265  3.14159265 -3.1415926   0.
  3.14159265  3.14159265  3.14159265  3.14159265  3.14159265  3.14159265
  3.14159265  3.14159265  0.          3.14159265  3.14159265  3.14159265
  3.14159265  3.14159265  0.          3.14159265  3.14159265  3.14159265
  3.14159265  3.14159265  3.14159265] 
 [0.00000000e+00 0.00000000e+00 0.00000000e+00 0.00000000e+00
 1.56319402e-13 0.00000000e+00 0.00000000e+00 3.55271368e-14
 2.33214988e-15 0.00000000e+00 0.00000000e+00 0.00000000e+00
 0.00000000e+00 0.00000000e+00 1.54618317e-16 0.00000000e+00
 1.06581410e-13 5.78103875e-15 0.00000000e+00 1.63424829e-13
 0.00000000e+00 0.00000000e+00 6.39488462e-14 3.09184693e-15
 0.00000000e+00 0.00000000e+00 0.00000000e+00 0.00000000e+00
 0.00000000e+00 0.00000000e+00 0.00000000e+00 0.00000000e+00
 1.91475437e-15 0.00000000e+00 0.00000000e+00 0.00000000e+00
 0.00000000e+00 0.00000000e+00 5.93565707e-15 0.00000000e+00
 0.00000000e+00 0.00000000e+00 0.00000000e+00 0.00000000e+00
 0.00000000e+00]
Precision cutoff reached.
Calculating energies for FreeWilson2D(N_x=2, N_y=2, mass=-1.918, r=1.000)
h_im: 0.0
New op index: 10	$R_Y$[3]
Current grad: 1.9999999999999982
[ 3.14159265  1.57079633  3.14159265  3.14159265  1.57079633  3.14159265
  3.14159265 -1.57079633  3.14159265  3.14159265 -0.08145204  0.
  3.14159265 -0.08145204  0.          3.14159265 -1.57079633  3.14159265
  3.14159265  1.57079633  3.14159265  3.14159265  1.57079633  3.14159265
  3.14159265  3.14159265  3.14159265  3.14159265  3.14159265  3.14159265
  3.14159265  0.          0.          3.14159265  3.14159265  3.14159265
  3.14159265  0.          0.          3.14159265  3.14159265  3.14159265
  3.14159265  3.14159265  3.14159265] 
 [0.         0.04081633 0.         0.         0.45918367 0.
 0.         0.45918367 0.         0.         1.00166321 1.
 0.         1.00166321 1.         0.         0.45918367 0.
 0.         0.45918367 0.         0.         0.04081633 0.
 0.         0.         0.         0.         0.         0.
 0.         1.         1.         0.         0.         0.
 0.         1.         1.         0.         0.         0.
 0.         0.         0.        ]
sweep    1  f = 199.4983368  (Delta f = 3.13e-13)
New op index: 7	$R_Y$[2]
Current grad: 29.47518093890818
[3.14159265 1.57079633 3.14159265 3.14159265 1.57079633 3.14159265
 3.14159265 1.57079633 3.14159265 3.14159265 3.14159265 3.14159265
 3.14159265 1.6951555  3.14159265 3.14159265 1.57079633 3.14159265
 3.14159265 1.57079633 3.14159265 3.14159265 1.57079633 3.14159265
 3.14159265 3.14159265 3.14159265 3.14159265 3.14159265 3.14159265
 3.14159265 3.14159265 3.14159265 3.14159265 3.14159265 3.14159265
 3.14159265 3.14159265 3.14159265 3.14159265 3.14159265 3.14159265
 3.14159265 3.14159265 3.14159265] 
 [0.         4.1089168  0.         0.         4.52728415 0.
 0.         4.60725911 0.         0.         0.         0.
 0.         3.51928755 0.         0.         3.6089168  0.
 0.         4.52728415 0.         0.         4.1089168  0.
 0.         0.         0.         0.         0.         0.
 0.         0.         0.         0.         0.         0.
 0.         0.         0.         0.         0.         0.
 0.         0.         0.        ]
sweep    1  f = 149.9083765  (Delta f = 45)
sweep    2  f = 149.9083765  (Delta f = 0)
New op index: 16	$R_Y$[5]
Current grad: 1.0816355591968996
[ 3.14159265  1.57079633  3.14159265  3.14159265 -1.76498016  3.14159265
  3.14159265 -3.1415926   0.          3.14159265 -3.14159265  3.14159265
  3.14159265 -1.76498037  3.14159265  0.         -1.57079633  3.14159265
  3.14159265  1.57079633  0.          3.14159265  1.57079633  3.14159265
  3.14159265  3.14159265  3.14159265  3.14159265  3.14159265  3.14159265
  3.14159265  3.14159265  3.14159265  3.14159265  3.14159265  3.14159265
  0.          3.14159265  3.14159265  0.          0.          3.14159265
  3.14159265  3.14159265  3.14159265] 
 [0.00000000e+00 3.08356252e-02 0.00000000e+00 0.00000000e+00
 4.17802008e-02 0.00000000e+00 0.00000000e+00 7.81597009e-14
 8.27180613e-25 0.00000000e+00 0.00000000e+00 0.00000000e+00
 0.00000000e+00 4.17801467e-02 0.00000000e+00 5.08109165e-15
 4.69164375e-01 0.00000000e+00 0.00000000e+00 4.49202972e-01
 1.87978700e-18 0.00000000e+00 3.08356252e-02 0.00000000e+00
 0.00000000e+00 0.00000000e+00 0.00000000e+00 0.00000000e+00
 0.00000000e+00 0.00000000e+00 0.00000000e+00 0.00000000e+00
 0.00000000e+00 0.00000000e+00 0.00000000e+00 0.00000000e+00
 4.79911591e-15 0.00000000e+00 0.00000000e+00 3.38291906e-15
 3.41255443e-15 0.00000000e+00 0.00000000e+00 0.00000000e+00
 0.00000000e+00]
sweep    1  f = 148.4991674  (Delta f = 0.94)
sweep    2  f = 148.4991674  (Delta f = 0)
New op index: 1	$R_Y$[0]
Current grad: 10.13384829123091
[ 3.14159265  1.57079633  3.14159265  3.14159265  1.81579183  3.14159265
  3.14159265  3.14159262  3.14159265  3.14159265  3.14159047  3.14159265
  0.          2.03875555  3.14159265  3.14159265 -3.14159259  3.14159265
  3.14159265  1.81598773  3.14159265  0.          1.57079633  3.14159265
  3.14159265  3.14159265  3.14159265  3.14159265  3.14159265  3.14159265
  3.14159265  3.14159265  3.14159265  3.14159265  3.14159265  3.14159265
  3.14159265  3.14159265  3.14159265  3.14159265  3.14159265  3.14159265
  0.          3.14159265  3.14159265] 
 [0.00000000e+00 2.07982588e+00 0.00000000e+00 0.00000000e+00
 1.56011505e+00 0.00000000e+00 0.00000000e+00 3.55271368e-14
 0.00000000e+00 0.00000000e+00 2.37876385e-12 0.00000000e+00
 1.97002882e-15 1.21646501e+00 0.00000000e+00 0.00000000e+00
 8.52651283e-14 0.00000000e+00 0.00000000e+00 1.55980006e+00
 0.00000000e+00 7.46325964e-15 2.07982588e+00 0.00000000e+00
 0.00000000e+00 0.00000000e+00 0.00000000e+00 0.00000000e+00
 0.00000000e+00 0.00000000e+00 0.00000000e+00 0.00000000e+00
 0.00000000e+00 0.00000000e+00 0.00000000e+00 0.00000000e+00
 0.00000000e+00 0.00000000e+00 0.00000000e+00 0.00000000e+00
 0.00000000e+00 0.00000000e+00 5.29357343e-15 0.00000000e+00
 0.00000000e+00]
sweep    1  f = 99.4083765  (Delta f = 47)
sweep    2  f = 99.4083765  (Delta f = 0)
New op index: 13	$R_Y$[4]
Current grad: 0.6831401173482261
[ 3.14159265 -3.14159263  3.14159265  3.14159265 -1.76498044  3.14159265
  3.14159265 -3.1415925   3.14159265  3.14159265  3.14159263  3.14159265
  0.         -2.317835    3.14159265  3.14159265  3.1415926   0.
  3.14159265 -3.04034587  3.14159265  3.14159265  1.57079633  0.
  3.14159265  3.14159265  3.14159265  3.14159265  3.14159265  3.14159265
  3.14159265  3.14159265  3.14159265  3.14159265  3.14159265  3.14159265
  3.14159265  3.14159265  3.14159265  3.14159265  3.14159265  3.14159265
  0.          3.14159265  3.14159265] 
 [0.00000000e+00 1.42108547e-14 0.00000000e+00 0.00000000e+00
 4.17801909e-02 0.00000000e+00 0.00000000e+00 6.25277607e-13
 0.00000000e+00 0.00000000e+00 2.13162821e-14 0.00000000e+00
 2.83959999e-16 2.40581334e-01 0.00000000e+00 0.00000000e+00
 6.39488462e-14 9.15177177e-25 0.00000000e+00 2.57371959e-03
 0.00000000e+00 0.00000000e+00 3.08355955e-02 9.15177177e-25
 0.00000000e+00 0.00000000e+00 0.00000000e+00 0.00000000e+00
 0.00000000e+00 0.00000000e+00 0.00000000e+00 0.00000000e+00
 0.00000000e+00 0.00000000e+00 0.00000000e+00 0.00000000e+00
 0.00000000e+00 0.00000000e+00 0.00000000e+00 0.00000000e+00
 0.00000000e+00 0.00000000e+00 4.15440018e-16 0.00000000e+00
 0.00000000e+00]
sweep    1  f = 99.15477216  (Delta f = 0.013)
sweep    2  f = 99.15477216  (Delta f = 9.96e-12)
New op index: 22	$R_Y$[7]
Current grad: 116.38600826255055
[ 3.14159265  3.14159254  3.14159265  3.14159265  1.58172411  3.14159265
  3.14159265  3.14159216  0.          3.14159265 -3.14159189  3.14159265
  3.14159265 -3.14159057  3.14159265  3.14159265  3.14159243  0.
  0.          1.58890408  3.14159265  3.14159265  1.57079633  0.
  3.14159265  3.14159265  3.14159265  3.14159265  3.14159265  3.14159265
  3.14159265  3.14159265  3.14159265  3.14159265  3.14159265  3.14159265
  3.14159265  3.14159265  3.14159265  3.14159265  3.14159265  3.14159265
  0.          3.14159265  3.14159265] 
 [0.00000000e+00 5.25801624e-13 0.00000000e+00 0.00000000e+00
 3.83467514e+01 0.00000000e+00 0.00000000e+00 1.09139364e-11
 7.77547973e-14 0.00000000e+00 3.34310357e-12 0.00000000e+00
 0.00000000e+00 1.85074178e-12 0.00000000e+00 0.00000000e+00
 2.84217094e-13 7.77547973e-14 1.24991090e-14 3.80723797e+01
 0.00000000e+00 0.00000000e+00 3.88497355e+01 7.39767667e-24
 0.00000000e+00 0.00000000e+00 0.00000000e+00 0.00000000e+00
 0.00000000e+00 0.00000000e+00 0.00000000e+00 0.00000000e+00
 0.00000000e+00 0.00000000e+00 0.00000000e+00 0.00000000e+00
 0.00000000e+00 0.00000000e+00 0.00000000e+00 0.00000000e+00
 0.00000000e+00 0.00000000e+00 7.62493909e-15 0.00000000e+00
 0.00000000e+00]
sweep    1  f = 49.33173902  (Delta f = 11)
sweep    2  f = 49.33173902  (Delta f = 0)
New op index: 19	$R_Y$[6]
Current grad: 0.09164118578430365
[ 3.14159265  3.14159251  3.14159265  3.14159265 -3.05112304  3.14159265
  3.14159265  3.14159258  0.          3.14159265  3.1415926   3.14159265
  3.14159265  3.14159253  3.14159265  3.14159265  3.1415926   0.
  0.         -3.05112303  3.14159265  3.14159265  3.14159257  3.14159265
  3.14159265  3.14159265  3.14159265  3.14159265  3.14159265  3.14159265
  3.14159265  3.14159265  3.14159265  3.14159265  3.14159265  3.14159265
  3.14159265  3.14159265  3.14159265  3.14159265  3.14159265  3.14159265
  3.14159265  3.14159265  3.14159265] 
 [0.00000000e+00 5.04485342e-13 0.00000000e+00 0.00000000e+00
 2.07349728e-03 0.00000000e+00 0.00000000e+00 1.20792265e-13
 3.81449491e-15 0.00000000e+00 7.81597009e-14 0.00000000e+00
 0.00000000e+00 3.83693077e-13 0.00000000e+00 0.00000000e+00
 7.81597009e-14 3.81449491e-15 2.48986498e-15 2.07349764e-03
 0.00000000e+00 0.00000000e+00 1.63424829e-13 0.00000000e+00
 0.00000000e+00 0.00000000e+00 0.00000000e+00 0.00000000e+00
 0.00000000e+00 0.00000000e+00 0.00000000e+00 0.00000000e+00
 0.00000000e+00 0.00000000e+00 0.00000000e+00 0.00000000e+00
 0.00000000e+00 0.00000000e+00 0.00000000e+00 0.00000000e+00
 0.00000000e+00 0.00000000e+00 0.00000000e+00 0.00000000e+00
 0.00000000e+00]
sweep    1  f = 49.3296218  (Delta f = 4.37e-05)
sweep    2  f = 49.32962178  (Delta f = 2.27e-08)
sweep    3  f = 49.32962178  (Delta f = 2.04e-11)
New op index: 4	$R_Y$[1]
Current grad: 4.5678838745777295
[ 3.14159265 -3.14159255  3.14159265  3.14159265  1.68053843  3.14159265
  3.14159265 -3.1415926   0.          3.14159265 -3.14159254  3.14159265
  3.14159265  3.14159253  3.14159265  3.14159265 -3.1415926   0.
  3.14159265  3.14159265  3.14159265  3.14159265  3.1415926   0.
  3.14159265  3.14159265  3.14159265  3.14159265  3.14159265  3.14159265
  3.14159265  3.14159265  3.14159265  3.14159265  3.14159265  3.14159265
  3.14159265  3.14159265  3.14159265  3.14159265  3.14159265  3.14159265
  3.14159265  3.14159265  3.14159265] 
 [0.00000000e+00 3.05533376e-13 0.00000000e+00 0.00000000e+00
 4.09219492e+00 0.00000000e+00 0.00000000e+00 8.52651283e-14
 3.04296113e-15 0.00000000e+00 2.77111667e-13 0.00000000e+00
 0.00000000e+00 3.83693077e-13 0.00000000e+00 0.00000000e+00
 6.39488462e-14 3.31266097e-15 0.00000000e+00 0.00000000e+00
 0.00000000e+00 0.00000000e+00 7.81597009e-14 2.69699839e-16
 0.00000000e+00 0.00000000e+00 0.00000000e+00 0.00000000e+00
 0.00000000e+00 0.00000000e+00 0.00000000e+00 0.00000000e+00
 0.00000000e+00 0.00000000e+00 0.00000000e+00 0.00000000e+00
 0.00000000e+00 0.00000000e+00 0.00000000e+00 0.00000000e+00
 0.00000000e+00 0.00000000e+00 0.00000000e+00 0.00000000e+00
 0.00000000e+00]
sweep    1  f = -0.1625724428  (Delta f = 45.4)
sweep    2  f = -0.1632653061  (Delta f = 0.000693)
sweep    3  f = -0.1632653061  (Delta f = 6.86e-12)
New op index: 39	$R_{XX}$[5, 6]
Current grad: 1.0863178018118927e-05
[ 3.14159265  3.14159262  0.          3.14159265 -3.14159265  3.14159265
  3.14159265  3.14159262  0.          3.14159265  3.14159262  3.14159265
  3.14159265 -3.14159259  3.14159265  3.14159265 -3.14159264  0.
  3.14159265 -3.14159265  0.          3.14159265 -3.14159262  0.
  3.14159265  3.14159265  0.          3.14159265  3.14159265  0.
  3.14159265  3.14159265  3.14159265  3.14159265  3.14159265  0.
  3.14159265  3.14159265  3.14159265  0.          0.          0.
  3.14159265  3.14159265  0.        ] 
 [0.00000000e+00 2.13162821e-14 2.00066038e-15 0.00000000e+00
 0.00000000e+00 0.00000000e+00 0.00000000e+00 2.13162821e-14
 5.81254786e-16 0.00000000e+00 2.13162821e-14 0.00000000e+00
 0.00000000e+00 1.13686838e-13 0.00000000e+00 0.00000000e+00
 0.00000000e+00 8.40551475e-17 0.00000000e+00 0.00000000e+00
 5.41951319e-16 0.00000000e+00 3.55271368e-14 1.50346074e-15
 0.00000000e+00 0.00000000e+00 1.91477253e-15 0.00000000e+00
 0.00000000e+00 4.95366941e-16 0.00000000e+00 0.00000000e+00
 0.00000000e+00 0.00000000e+00 0.00000000e+00 4.00332450e-16
 0.00000000e+00 0.00000000e+00 0.00000000e+00 1.63265306e-01
 1.63265306e-01 6.26006467e-16 0.00000000e+00 0.00000000e+00
 2.04541206e-15]
sweep    1  f = -0.3265306122  (Delta f = 0)
New op index: 13	$R_Y$[4]
Current grad: 1.0731470459221448e-05
[ 3.14159265e+00  3.14159262e+00  3.02262273e-42 -3.14159265e+00
 -3.14159265e+00 -3.14159265e+00 -3.14159265e+00  3.14159262e+00
  4.80483112e-17  3.14159265e+00  3.14159262e+00 -3.14159265e+00
  3.14159265e+00 -3.14159259e+00 -3.14159265e+00  3.14159265e+00
  3.14159264e+00 -3.14159265e+00 -3.14159265e+00  3.14159265e+00
  3.14159265e+00  3.14159265e+00 -3.14159262e+00  1.10548453e-25
 -3.14159265e+00 -3.14159265e+00 -5.04448638e-27 -3.14159265e+00
  3.14159265e+00 -6.35259991e-17 -3.14159265e+00 -3.14159265e+00
 -3.14159265e+00  3.14159265e+00 -3.14159265e+00  3.14159265e+00
  3.14159265e+00  3.14159265e+00 -3.14159265e+00 -3.14159265e+00
 -3.14159265e+00  3.14159265e+00  3.14159265e+00  3.14159265e+00
 -1.74751012e-16] 
 [0.00000000e+00 2.13162821e-14 2.00066038e-15 0.00000000e+00
 0.00000000e+00 0.00000000e+00 0.00000000e+00 2.13162821e-14
 5.81254787e-16 0.00000000e+00 2.13162821e-14 0.00000000e+00
 0.00000000e+00 1.13686838e-13 0.00000000e+00 0.00000000e+00
 0.00000000e+00 0.00000000e+00 0.00000000e+00 0.00000000e+00
 0.00000000e+00 0.00000000e+00 3.55271368e-14 7.47470574e-16
 0.00000000e+00 0.00000000e+00 1.85904151e-15 0.00000000e+00
 0.00000000e+00 4.39635918e-16 0.00000000e+00 0.00000000e+00
 0.00000000e+00 0.00000000e+00 0.00000000e+00 0.00000000e+00
 0.00000000e+00 0.00000000e+00 0.00000000e+00 0.00000000e+00
 0.00000000e+00 0.00000000e+00 0.00000000e+00 0.00000000e+00
 2.05519257e-16]
Precision cutoff reached.
Calculating energies for FreeWilson2D(N_x=2, N_y=2, mass=-1.755, r=1.000)
h_im: 0.0
New op index: 10	$R_Y$[3]
Current grad: 1.9999999999999982
[ 3.14159265  1.57079633  3.14159265  3.14159265  1.57079633  3.14159265
  3.14159265 -1.57079633  3.14159265  3.14159265 -0.24017101  0.
  3.14159265 -0.24017101  0.          3.14159265 -1.57079633  3.14159265
  3.14159265  1.57079633  3.14159265  3.14159265  1.57079633  3.14159265
  3.14159265  3.14159265  3.14159265  3.14159265  3.14159265  3.14159265
  3.14159265  0.          0.          3.14159265  3.14159265  3.14159265
  3.14159265  0.          0.          3.14159265  3.14159265  3.14159265
  3.14159265  3.14159265  3.14159265] 
 [0.         0.12244898 0.         0.         0.37755102 0.
 0.         0.37755102 0.         0.         1.01477544 1.
 0.         1.01477544 1.         0.         0.37755102 0.
 0.         0.37755102 0.         0.         0.12244898 0.
 0.         0.         0.         0.         0.         0.
 0.         1.         1.         0.         0.         0.
 0.         1.         1.         0.         0.         0.
 0.         0.         0.        ]
sweep    1  f = 199.4852246  (Delta f = -3.13e-13)
New op index: 7	$R_Y$[2]
Current grad: 84.24321855338208
[3.14159265 1.57079633 3.14159265 3.14159265 1.57079633 3.14159265
 3.14159265 1.57079633 3.14159265 3.14159265 3.14159265 3.14159265
 3.14159265 1.61245145 3.14159265 3.14159265 1.57079633 3.14159265
 0.         1.57079633 0.         3.14159265 1.57079633 3.14159265
 3.14159265 3.14159265 3.14159265 3.14159265 3.14159265 3.14159265
 3.14159265 3.14159265 3.14159265 3.14159265 3.14159265 0.
 3.14159265 3.14159265 3.14159265 0.         0.         0.
 0.         0.         0.        ] 
 [0.00000000e+00 1.20158854e+01 0.00000000e+00 0.00000000e+00
 1.22709875e+01 0.00000000e+00 0.00000000e+00 1.25015341e+01
 0.00000000e+00 0.00000000e+00 0.00000000e+00 0.00000000e+00
 0.00000000e+00 1.11765208e+01 0.00000000e+00 0.00000000e+00
 1.15158854e+01 0.00000000e+00 2.76337909e-15 1.22709875e+01
 5.55111512e-17 0.00000000e+00 1.20158854e+01 0.00000000e+00
 0.00000000e+00 0.00000000e+00 0.00000000e+00 0.00000000e+00
 0.00000000e+00 0.00000000e+00 0.00000000e+00 0.00000000e+00
 0.00000000e+00 0.00000000e+00 0.00000000e+00 5.55111512e-17
 0.00000000e+00 0.00000000e+00 0.00000000e+00 2.79311721e-15
 2.76536164e-15 2.77555756e-17 1.38777878e-15 1.41553436e-15
 2.77555756e-17]
sweep    1  f = 149.7451275  (Delta f = 37.2)
sweep    2  f = 149.7451275  (Delta f = 0)
New op index: 16	$R_Y$[5]
Current grad: 1.2449035614875856
[ 3.14159265  1.57079633  3.14159265  3.14159265 -1.64598526  3.14159265
  3.14159265 -3.1415926   3.14159265  3.14159265  3.1415926   3.14159265
  0.         -1.64598529  3.14159265  3.14159265 -1.57079633  3.14159265
  3.14159265  1.57079633  0.          3.14159265  1.57079633  3.14159265
  3.14159265  3.14159265  3.14159265  3.14159265  3.14159265  3.14159265
  3.14159265  3.14159265  3.14159265  3.14159265  3.14159265  3.14159265
  3.14159265  3.14159265  3.14159265  3.14159265  3.14159265  0.
  3.14159265  3.14159265  0.        ] 
 [0.00000000e+00 1.12500695e-01 0.00000000e+00 0.00000000e+00
 1.22798809e-01 0.00000000e+00 0.00000000e+00 7.81597009e-14
 0.00000000e+00 0.00000000e+00 7.81597009e-14 0.00000000e+00
 6.29878872e-16 1.22798753e-01 0.00000000e+00 0.00000000e+00
 3.87499305e-01 0.00000000e+00 0.00000000e+00 3.67602735e-01
 5.29907616e-17 0.00000000e+00 1.12500695e-01 0.00000000e+00
 0.00000000e+00 0.00000000e+00 0.00000000e+00 0.00000000e+00
 0.00000000e+00 0.00000000e+00 0.00000000e+00 0.00000000e+00
 0.00000000e+00 0.00000000e+00 0.00000000e+00 0.00000000e+00
 0.00000000e+00 0.00000000e+00 0.00000000e+00 0.00000000e+00
 0.00000000e+00 3.02759619e-17 0.00000000e+00 0.00000000e+00
 3.02759653e-17]
sweep    1  f = 148.492531  (Delta f = 0.865)
sweep    2  f = 148.492531  (Delta f = 0)
New op index: 1	$R_Y$[0]
Current grad: 30.202408260726273
[ 3.14159265  1.57079633  3.14159265  3.14159265  1.65394925  3.14159265
  3.14159265 -3.14159264  0.          3.14159265 -3.14159133  3.14159265
  0.          1.73825123  3.14159265  3.14159265 -3.14159265  3.14159265
  3.14159265  1.65456744  3.14159265  3.14159265  1.57079633  3.14159265
  3.14159265  3.14159265  3.14159265  3.14159265  3.14159265  3.14159265
  3.14159265  3.14159265  3.14159265  3.14159265  3.14159265  3.14159265
  3.14159265  3.14159265  3.14159265  3.14159265  3.14159265  3.14159265
  0.          3.14159265  3.14159265] 
 [0.00000000e+00 6.19957419e+00 0.00000000e+00 0.00000000e+00
 5.47902912e+00 0.00000000e+00 0.00000000e+00 7.10542736e-15
 1.92592994e-34 0.00000000e+00 8.82405260e-13 0.00000000e+00
 4.22272393e-15 4.98122442e+00 0.00000000e+00 0.00000000e+00
 0.00000000e+00 0.00000000e+00 0.00000000e+00 5.47563127e+00
 0.00000000e+00 0.00000000e+00 6.19957419e+00 0.00000000e+00
 0.00000000e+00 0.00000000e+00 0.00000000e+00 0.00000000e+00
 0.00000000e+00 0.00000000e+00 0.00000000e+00 0.00000000e+00
 0.00000000e+00 0.00000000e+00 0.00000000e+00 0.00000000e+00
 0.00000000e+00 0.00000000e+00 0.00000000e+00 0.00000000e+00
 0.00000000e+00 0.00000000e+00 1.70060641e-15 0.00000000e+00
 0.00000000e+00]
sweep    1  f = 99.24512746  (Delta f = 43)
sweep    2  f = 99.24512746  (Delta f = 0)
New op index: 13	$R_Y$[4]
Current grad: 1.0096035966997965
[ 3.14159265  3.14159253  3.14159265  3.14159265 -1.6459852   3.14159265
  3.14159265 -3.14159265  0.          3.14159265  3.14159262  3.14159265
  0.         -2.24951253  3.14159265  3.14159265  3.1415926   0.
  0.         -2.88273892  3.14159265  3.14159265  1.57079633  0.
  3.14159265  3.14159265  3.14159265  3.14159265  3.14159265  3.14159265
  3.14159265  3.14159265  3.14159265  3.14159265  3.14159265  3.14159265
  3.14159265  3.14159265  3.14159265  3.14159265  3.14159265  3.14159265
  0.          3.14159265  3.14159265] 
 [0.00000000e+00 3.69482223e-13 0.00000000e+00 0.00000000e+00
 1.22798768e-01 0.00000000e+00 0.00000000e+00 0.00000000e+00
 3.08148791e-33 0.00000000e+00 2.13162821e-14 0.00000000e+00
 2.05166518e-16 3.02352398e-01 0.00000000e+00 0.00000000e+00
 7.81597009e-14 1.59787971e-24 9.92879764e-15 1.72320916e-02
 0.00000000e+00 0.00000000e+00 1.12500719e-01 1.59787971e-24
 0.00000000e+00 0.00000000e+00 0.00000000e+00 0.00000000e+00
 0.00000000e+00 0.00000000e+00 0.00000000e+00 0.00000000e+00
 0.00000000e+00 0.00000000e+00 0.00000000e+00 0.00000000e+00
 0.00000000e+00 0.00000000e+00 0.00000000e+00 0.00000000e+00
 0.00000000e+00 0.00000000e+00 3.27319019e-16 0.00000000e+00
 0.00000000e+00]
sweep    1  f = 98.92608429  (Delta f = 0.0167)
sweep    2  f = 98.92608429  (Delta f = 3.09e-11)
New op index: 22	$R_Y$[7]
Current grad: 123.60455689382277
[ 3.14159265  3.14159235  3.14159265  3.14159265  1.58187033  3.14159265
  3.14159265  3.14159229  3.14159265  3.14159265  3.14159121  3.14159265
  3.14159265 -3.14158805  3.14159265  3.14159265 -3.14159038  3.14159265
  3.14159265  1.58764152  3.14159265  3.14159265  1.57079633  3.14159265
  3.14159265  3.14159265  3.14159265  3.14159265  3.14159265  3.14159265
  3.14159265  3.14159265  3.14159265  3.14159265  3.14159265  3.14159265
  3.14159265  3.14159265  3.14159265  3.14159265  3.14159265  3.14159265
  3.14159265  3.14159265  3.14159265] 
 [0.00000000e+00 4.27746727e-12 0.00000000e+00 0.00000000e+00
 4.06669938e+01 0.00000000e+00 0.00000000e+00 6.18172180e-12
 0.00000000e+00 0.00000000e+00 9.50173273e-12 0.00000000e+00
 0.00000000e+00 1.02520215e-11 0.00000000e+00 0.00000000e+00
 2.40376608e-11 0.00000000e+00 0.00000000e+00 4.04329508e+01
 0.00000000e+00 0.00000000e+00 4.13647504e+01 0.00000000e+00
 0.00000000e+00 0.00000000e+00 0.00000000e+00 0.00000000e+00
 0.00000000e+00 0.00000000e+00 0.00000000e+00 0.00000000e+00
 0.00000000e+00 0.00000000e+00 0.00000000e+00 0.00000000e+00
 0.00000000e+00 0.00000000e+00 0.00000000e+00 0.00000000e+00
 0.00000000e+00 0.00000000e+00 0.00000000e+00 0.00000000e+00
 0.00000000e+00]
sweep    1  f = 49.00521654  (Delta f = 8.56)
sweep    2  f = 49.00521654  (Delta f = 0)
New op index: 19	$R_Y$[6]
Current grad: 0.25487694096946534
[ 3.14159265 -3.14159264  3.14159265  3.14159265 -2.89439841  3.14159265
  3.14159265  3.14159251  3.14159265  3.14159265  3.14159263  3.14159265
  3.14159265  3.1415926   3.14159265  3.14159265 -3.14159257  3.14159265
  0.         -2.89439839  3.14159265  3.14159265  3.14159239  0.
  3.14159265  3.14159265  3.14159265  3.14159265  3.14159265  3.14159265
  3.14159265  3.14159265  3.14159265  3.14159265  3.14159265  3.14159265
  3.14159265  3.14159265  3.14159265  3.14159265  3.14159265  3.14159265
  3.14159265  3.14159265  3.14159265] 
 [0.00000000e+00 7.10542736e-15 0.00000000e+00 0.00000000e+00
 1.58298919e-02 0.00000000e+00 0.00000000e+00 5.32907052e-13
 0.00000000e+00 0.00000000e+00 2.13162821e-14 0.00000000e+00
 0.00000000e+00 7.81597009e-14 0.00000000e+00 0.00000000e+00
 1.77635684e-13 0.00000000e+00 1.55213202e-14 1.58298932e-02
 0.00000000e+00 0.00000000e+00 1.77635684e-12 1.11116591e-30
 0.00000000e+00 0.00000000e+00 0.00000000e+00 0.00000000e+00
 0.00000000e+00 0.00000000e+00 0.00000000e+00 0.00000000e+00
 0.00000000e+00 0.00000000e+00 0.00000000e+00 0.00000000e+00
 0.00000000e+00 0.00000000e+00 0.00000000e+00 0.00000000e+00
 0.00000000e+00 0.00000000e+00 0.00000000e+00 0.00000000e+00
 0.00000000e+00]
sweep    1  f = 48.98902981  (Delta f = 0.000357)
sweep    2  f = 48.98902951  (Delta f = 3.05e-07)
sweep    3  f = 48.98902951  (Delta f = 3.21e-10)
New op index: 4	$R_Y$[1]
Current grad: 12.393920801171403
[ 3.14159265 -3.1415926   3.14159265  3.14159265  1.61036164  3.14159265
  3.14159265 -3.14159243  0.          3.14159265 -3.14159242  3.14159265
  3.14159265 -3.14159261  3.14159265  3.14159265 -3.14159255  0.
  3.14159265 -3.14159265  3.14159265  3.14159265  3.14159246  0.
  3.14159265  3.14159265  3.14159265  3.14159265  3.14159265  3.14159265
  3.14159265  3.14159265  3.14159265  3.14159265  3.14159265  3.14159265
  3.14159265  3.14159265  3.14159265  3.14159265  3.14159265  3.14159265
  3.14159265  3.14159265  3.14159265] 
 [0.00000000e+00 7.81597009e-14 0.00000000e+00 0.00000000e+00
 1.19129606e+01 0.00000000e+00 0.00000000e+00 1.58451030e-12
 2.29802242e-14 0.00000000e+00 1.02318154e-12 0.00000000e+00
 0.00000000e+00 3.55271368e-14 0.00000000e+00 0.00000000e+00
 2.13162821e-13 2.78773692e-14 0.00000000e+00 0.00000000e+00
 0.00000000e+00 0.00000000e+00 1.12976295e-12 4.89714505e-15
 0.00000000e+00 0.00000000e+00 0.00000000e+00 0.00000000e+00
 0.00000000e+00 0.00000000e+00 0.00000000e+00 0.00000000e+00
 0.00000000e+00 0.00000000e+00 0.00000000e+00 0.00000000e+00
 0.00000000e+00 0.00000000e+00 0.00000000e+00 0.00000000e+00
 0.00000000e+00 0.00000000e+00 0.00000000e+00 0.00000000e+00
 0.00000000e+00]
sweep    1  f = -0.4890290272  (Delta f = 37.6)
sweep    2  f = -0.4897959184  (Delta f = 0.000767)
sweep    3  f = -0.4897959184  (Delta f = 6.49e-12)
New op index: 13	$R_Y$[4]
Current grad: 1.1680851676914453e-05
[ 3.14159265 -3.14159262  0.          3.14159265 -3.14159265  0.
  3.14159265 -3.14159264  3.14159265  3.14159265  3.14159265  3.14159265
  3.14159265 -3.14159254  3.14159265  3.14159265  3.14159265  3.14159265
  3.14159265  3.14159265  0.          3.14159265  3.14159261  0.
  3.14159265  3.14159265  0.          3.14159265  3.14159265  3.14159265
  3.14159265  3.14159265  3.14159265  3.14159265  3.14159265  0.
  3.14159265  3.14159265  3.14159265  3.14159265  3.14159265  0.
  3.14159265  3.14159265  0.        ] 
 [0.00000000e+00 2.13162821e-14 8.91499927e-16 0.00000000e+00
 0.00000000e+00 2.64178877e-19 0.00000000e+00 1.42108547e-14
 0.00000000e+00 0.00000000e+00 0.00000000e+00 0.00000000e+00
 0.00000000e+00 3.48165941e-13 0.00000000e+00 0.00000000e+00
 0.00000000e+00 0.00000000e+00 0.00000000e+00 0.00000000e+00
 6.48412655e-16 0.00000000e+00 5.68434189e-14 1.11566541e-15
 0.00000000e+00 0.00000000e+00 8.91764106e-16 0.00000000e+00
 0.00000000e+00 0.00000000e+00 0.00000000e+00 0.00000000e+00
 0.00000000e+00 0.00000000e+00 0.00000000e+00 6.97612589e-16
 0.00000000e+00 0.00000000e+00 0.00000000e+00 0.00000000e+00
 0.00000000e+00 2.25441656e-16 0.00000000e+00 0.00000000e+00
 1.76407807e-15]
Precision cutoff reached.
Calculating energies for FreeWilson2D(N_x=2, N_y=2, mass=-1.592, r=1.000)
h_im: 0.0
New op index: 10	$R_Y$[3]
Current grad: 1.9999999999999984
[ 3.14159265  1.57079633  3.14159265  3.14159265  1.57079633  3.14159265
  3.14159265 -1.57079633  3.14159265  3.14159265 -0.38752381  0.
  3.14159265 -0.38752381  0.          3.14159265 -1.57079633  3.14159265
  3.14159265  1.57079633  3.14159265  3.14159265  1.57079633  3.14159265
  3.14159265  3.14159265  3.14159265  3.14159265  3.14159265  3.14159265
  3.14159265  0.          0.          3.14159265  3.14159265  3.14159265
  3.14159265  0.          0.          3.14159265  3.14159265  3.14159265
  3.14159265  3.14159265  3.14159265] 
 [0.         0.20408163 0.         0.         0.29591837 0.
 0.         0.29591837 0.         0.         1.04004566 1.
 0.         1.04004566 1.         0.         0.29591837 0.
 0.         0.29591837 0.         0.         0.20408163 0.
 0.         0.         0.         0.         0.         0.
 0.         1.         1.         0.         0.         0.
 0.         1.         1.         0.         0.         0.
 0.         0.         0.        ]
sweep    1  f = 199.4599543  (Delta f = 3.98e-13)
New op index: 7	$R_Y$[2]
Current grad: 133.24200605512976
[ 3.14159265  1.57079633  3.14159265  3.14159265  1.57079633  3.14159265
  3.14159265  1.57079633  3.14159265  3.14159265 -3.14159265  3.14159265
  3.14159265  1.59581156  3.14159265  3.14159265  1.57079633  0.
  3.14159265  1.57079633  3.14159265  0.          1.57079633  0.
  3.14159265  3.14159265  3.14159265  3.14159265  3.14159265  3.14159265
  3.14159265  3.14159265  3.14159265  3.14159265  3.14159265  3.14159265
  3.14159265  3.14159265  3.14159265  3.14159265  3.14159265  0.
  0.          3.14159265  0.        ] 
 [0.00000000e+00 1.90989315e+01 0.00000000e+00 0.00000000e+00
 1.91907682e+01 0.00000000e+00 0.00000000e+00 1.95618553e+01
 0.00000000e+00 0.00000000e+00 0.00000000e+00 0.00000000e+00
 0.00000000e+00 1.80446863e+01 0.00000000e+00 0.00000000e+00
 1.85989315e+01 8.32667268e-17 0.00000000e+00 1.91907682e+01
 0.00000000e+00 1.40477199e-15 1.90989315e+01 8.32667268e-17
 0.00000000e+00 0.00000000e+00 0.00000000e+00 0.00000000e+00
 0.00000000e+00 0.00000000e+00 0.00000000e+00 0.00000000e+00
 0.00000000e+00 0.00000000e+00 0.00000000e+00 0.00000000e+00
 0.00000000e+00 0.00000000e+00 0.00000000e+00 0.00000000e+00
 0.00000000e+00 2.77555756e-17 8.32667268e-17 0.00000000e+00
 2.77555756e-17]
sweep    1  f = 149.5818784  (Delta f = 30.3)
sweep    2  f = 149.5818784  (Delta f = 0)
New op index: 16	$R_Y$[5]
Current grad: 1.4081742975590252
[ 3.14159265  1.57079633  3.14159265  3.14159265 -1.61729335  3.14159265
  3.14159265  3.14159254  3.14159265  3.14159265  3.14159255  3.14159265
  3.14159265 -1.61729332  3.14159265  0.         -1.57079633  0.
  3.14159265  1.57079633  3.14159265  3.14159265  1.57079633  0.
  3.14159265  3.14159265  3.14159265  3.14159265  3.14159265  3.14159265
  3.14159265  3.14159265  3.14159265  3.14159265  3.14159265  3.14159265
  3.14159265  3.14159265  3.14159265  3.14159265  3.14159265  3.14159265
  3.14159265  3.14159265  3.14159265] 
 [0.00000000e+00 1.94165612e-01 0.00000000e+00 0.00000000e+00
 2.04271706e-01 0.00000000e+00 0.00000000e+00 3.19744231e-13
 0.00000000e+00 0.00000000e+00 2.91322522e-13 0.00000000e+00
 0.00000000e+00 2.04271818e-01 0.00000000e+00 5.18671864e-16
 3.05834388e-01 1.55244181e-17 0.00000000e+00 2.86002347e-01
 0.00000000e+00 0.00000000e+00 1.94165612e-01 1.55244181e-17
 0.00000000e+00 0.00000000e+00 0.00000000e+00 0.00000000e+00
 0.00000000e+00 0.00000000e+00 0.00000000e+00 0.00000000e+00
 0.00000000e+00 0.00000000e+00 0.00000000e+00 0.00000000e+00
 0.00000000e+00 0.00000000e+00 0.00000000e+00 0.00000000e+00
 0.00000000e+00 0.00000000e+00 0.00000000e+00 0.00000000e+00
 0.00000000e+00]
sweep    1  f = 148.4793878  (Delta f = 0.797)
sweep    2  f = 148.4793878  (Delta f = 0)
New op index: 22	$R_Y$[7]
Current grad: 49.68598208816353
[ 3.14159265  1.57079633  3.14159265  3.14159265  1.62077568  3.14159265
  3.14159265 -3.14159255  3.14159265  3.14159265 -3.14159254  3.14159265
  3.14159265  1.6725591   3.14159265  3.14159265 -3.14159247  0.
  3.14159265  1.6218041   3.14159265  3.14159265  1.57079633  0.
  3.14159265  3.14159265  3.14159265  3.14159265  3.14159265  3.14159265
  3.14159265  3.14159265  3.14159265  3.14159265  3.14159265  3.14159265
  3.14159265  3.14159265  3.14159265  3.14159265  3.14159265  3.14159265
  3.14159265  3.14159265  3.14159265] 
 [0.00000000e+00 1.02020876e+01 0.00000000e+00 0.00000000e+00
 9.31626735e+00 0.00000000e+00 0.00000000e+00 3.05533376e-13
 0.00000000e+00 0.00000000e+00 6.21724894e-15 0.00000000e+00
 0.00000000e+00 8.75445339e+00 0.00000000e+00 0.00000000e+00
 6.96331881e-13 3.95608048e-24 0.00000000e+00 9.30667918e+00
 0.00000000e+00 0.00000000e+00 1.02020876e+01 3.95608058e-24
 0.00000000e+00 0.00000000e+00 0.00000000e+00 0.00000000e+00
 0.00000000e+00 0.00000000e+00 0.00000000e+00 0.00000000e+00
 0.00000000e+00 0.00000000e+00 0.00000000e+00 0.00000000e+00
 0.00000000e+00 0.00000000e+00 0.00000000e+00 0.00000000e+00
 0.00000000e+00 0.00000000e+00 0.00000000e+00 0.00000000e+00
 0.00000000e+00]
sweep    1  f = 99.08187837  (Delta f = 39.2)
sweep    2  f = 99.08187837  (Delta f = 0)
New op index: 13	$R_Y$[4]
Current grad: 1.336070402901671
[ 3.14159265  1.57079633  3.14159265  3.14159265 -1.61729323  3.14159265
  3.14159265 -3.14159261  3.14159265  3.14159265  3.1415926   3.14159265
  3.14159265 -2.19107359  3.14159265  3.14159265 -3.14159257  3.14159265
  0.         -2.73718778  3.14159265  3.14159265  3.14159262  3.14159265
  3.14159265  3.14159265  3.14159265  3.14159265  3.14159265  3.14159265
  3.14159265  3.14159265  3.14159265  3.14159265  3.14159265  3.14159265
  3.14159265  3.14159265  3.14159265  3.14159265  3.14159265  3.14159265
  3.14159265  3.14159265  3.14159265] 
 [0.00000000e+00 1.94165662e-01 0.00000000e+00 0.00000000e+00
 2.04271758e-01 0.00000000e+00 0.00000000e+00 4.97379915e-14
 0.00000000e+00 0.00000000e+00 7.81597009e-14 0.00000000e+00
 0.00000000e+00 3.67372376e-01 0.00000000e+00 0.00000000e+00
 1.91846539e-13 0.00000000e+00 1.26807826e-14 4.38703651e-02
 0.00000000e+00 0.00000000e+00 2.84217094e-14 0.00000000e+00
 0.00000000e+00 0.00000000e+00 0.00000000e+00 0.00000000e+00
 0.00000000e+00 0.00000000e+00 0.00000000e+00 0.00000000e+00
 0.00000000e+00 0.00000000e+00 0.00000000e+00 0.00000000e+00
 0.00000000e+00 0.00000000e+00 0.00000000e+00 0.00000000e+00
 0.00000000e+00 0.00000000e+00 0.00000000e+00 0.00000000e+00
 0.00000000e+00]
sweep    1  f = 98.69383374  (Delta f = 0.0207)
sweep    2  f = 98.69383374  (Delta f = 1.14e-11)
New op index: 1	$R_Y$[0]
Current grad: 129.37952718895383
[ 3.14159265  1.57079633  3.14159265  3.14159265  1.58205604  3.14159265
  3.14159265  3.14159262  0.          3.14159265 -3.14158965  3.14159265
  3.14159265  3.1415904   3.14159265  3.14159265  3.14159202  0.
  0.          1.58660009  3.14159265  3.14159265  3.14159257  3.14159265
  3.14159265  3.14159265  3.14159265  3.14159265  3.14159265  3.14159265
  3.14159265  3.14159265  3.14159265  3.14159265  3.14159265  3.14159265
  3.14159265  3.14159265  3.14159265  3.14159265  3.14159265  3.14159265
  3.14159265  3.14159265  3.14159265] 
 [0.00000000e+00 4.33986046e+01 0.00000000e+00 0.00000000e+00
 4.25090861e+01 0.00000000e+00 0.00000000e+00 5.68434189e-14
 1.63188287e-14 0.00000000e+00 3.26387806e-11 0.00000000e+00
 0.00000000e+00 2.83462143e-12 0.00000000e+00 0.00000000e+00
 1.44417811e-12 1.63188287e-14 3.84001529e-15 4.23163432e+01
 0.00000000e+00 0.00000000e+00 3.41060513e-13 0.00000000e+00
 0.00000000e+00 0.00000000e+00 0.00000000e+00 0.00000000e+00
 0.00000000e+00 0.00000000e+00 0.00000000e+00 0.00000000e+00
 0.00000000e+00 0.00000000e+00 0.00000000e+00 0.00000000e+00
 0.00000000e+00 0.00000000e+00 0.00000000e+00 0.00000000e+00
 0.00000000e+00 0.00000000e+00 0.00000000e+00 0.00000000e+00
 0.00000000e+00]
sweep    1  f = 48.67869404  (Delta f = 6.62)
sweep    2  f = 48.67869404  (Delta f = 4.97e-13)
New op index: 19	$R_Y$[6]
Current grad: 0.41809387334435316
[ 3.14159265 -3.1415926   3.14159265  3.14159265 -2.74907708  3.14159265
  3.14159265 -3.14159264  0.          3.14159265 -3.1415926   3.14159265
  3.14159265  3.14159255  3.14159265  3.14159265 -3.14159265  0.
  0.         -2.74907707  3.14159265  3.14159265  3.14159262  0.
  3.14159265  3.14159265  3.14159265  3.14159265  3.14159265  3.14159265
  3.14159265  3.14159265  3.14159265  3.14159265  3.14159265  3.14159265
  3.14159265  3.14159265  3.14159265  3.14159265  3.14159265  3.14159265
  3.14159265  3.14159265  3.14159265] 
 [0.00000000e+00 7.10542736e-14 0.00000000e+00 0.00000000e+00
 4.15607270e-02 0.00000000e+00 0.00000000e+00 7.10542736e-15
 1.08938494e-16 0.00000000e+00 7.10542736e-14 0.00000000e+00
 0.00000000e+00 2.84217094e-13 0.00000000e+00 0.00000000e+00
 0.00000000e+00 1.08938494e-16 2.10073411e-15 4.15607290e-02
 0.00000000e+00 0.00000000e+00 2.84217094e-14 1.74767742e-33
 0.00000000e+00 0.00000000e+00 0.00000000e+00 0.00000000e+00
 0.00000000e+00 0.00000000e+00 0.00000000e+00 0.00000000e+00
 0.00000000e+00 0.00000000e+00 0.00000000e+00 0.00000000e+00
 0.00000000e+00 0.00000000e+00 0.00000000e+00 0.00000000e+00
 0.00000000e+00 0.00000000e+00 0.00000000e+00 0.00000000e+00
 0.00000000e+00]
sweep    1  f = 48.63614279  (Delta f = 0.000991)
sweep    2  f = 48.63614138  (Delta f = 1.42e-06)
sweep    3  f = 48.63614138  (Delta f = 3.21e-09)
New op index: 4	$R_Y$[1]
Current grad: 19.40113568639622
[ 3.14159265  3.14159171  3.14159265  3.14159265  1.59491236  3.14159265
  3.14159265 -3.14159246  0.          3.14159265 -3.14159187  3.14159265
  3.14159265  3.14159183  3.14159265  3.14159265 -3.14159263  0.
  3.14159265  3.14159265  3.14159265  3.14159265  3.1415924   0.
  3.14159265  3.14159265  3.14159265  3.14159265  3.14159265  3.14159265
  3.14159265  3.14159265  3.14159265  3.14159265  3.14159265  3.14159265
  3.14159265  3.14159265  3.14159265  3.14159265  3.14159265  3.14159265
  3.14159265  3.14159265  3.14159265] 
 [0.00000000e+00 3.13917781e-11 0.00000000e+00 0.00000000e+00
 1.89386651e+01 0.00000000e+00 0.00000000e+00 1.27897692e-12
 4.39736600e-15 0.00000000e+00 9.59943236e-12 0.00000000e+00
 0.00000000e+00 1.06403775e-11 0.00000000e+00 0.00000000e+00
 1.06581410e-14 6.65430809e-15 0.00000000e+00 0.00000000e+00
 0.00000000e+00 0.00000000e+00 2.17426077e-12 2.25694209e-15
 0.00000000e+00 0.00000000e+00 0.00000000e+00 0.00000000e+00
 0.00000000e+00 0.00000000e+00 0.00000000e+00 0.00000000e+00
 0.00000000e+00 0.00000000e+00 0.00000000e+00 0.00000000e+00
 0.00000000e+00 0.00000000e+00 0.00000000e+00 0.00000000e+00
 0.00000000e+00 0.00000000e+00 0.00000000e+00 0.00000000e+00
 0.00000000e+00]
sweep    1  f = -0.8155083774  (Delta f = 30.5)
sweep    2  f = -0.8163265306  (Delta f = 0.000818)
sweep    3  f = -0.8163265306  (Delta f = 1.04e-11)
New op index: 39	$R_{XX}$[5, 6]
Current grad: 8.167183311517544e-06
[ 3.14159265 -3.14159263  3.14159265  3.14159265 -3.14159265  0.
  3.14159265  3.14159261  3.14159265  3.14159265 -3.14159263  0.
  3.14159265 -3.14159265  0.          3.14159265 -3.14159261  3.14159265
  3.14159265  3.14159264  3.14159265  3.14159265  3.14159264  3.14159265
  3.14159265  3.14159265  3.14159265  3.14159265  3.14159265  3.14159265
  3.14159265  3.14159265  3.14159265  3.14159265  3.14159265  3.14159265
  3.14159265  3.14159265  3.14159265  0.          0.          3.14159265
  3.14159265  3.14159265  3.14159265] 
 [0.00000000e+00 7.10542736e-15 0.00000000e+00 0.00000000e+00
 0.00000000e+00 1.30691380e-17 0.00000000e+00 4.26325641e-14
 0.00000000e+00 0.00000000e+00 2.13162821e-14 2.27371876e-16
 0.00000000e+00 0.00000000e+00 9.02517049e-17 0.00000000e+00
 4.26325641e-14 0.00000000e+00 0.00000000e+00 7.10542736e-15
 0.00000000e+00 0.00000000e+00 7.10542736e-15 0.00000000e+00
 0.00000000e+00 0.00000000e+00 0.00000000e+00 0.00000000e+00
 0.00000000e+00 0.00000000e+00 0.00000000e+00 0.00000000e+00
 0.00000000e+00 0.00000000e+00 0.00000000e+00 0.00000000e+00
 0.00000000e+00 0.00000000e+00 0.00000000e+00 8.16326531e-01
 8.16326531e-01 0.00000000e+00 0.00000000e+00 0.00000000e+00
 0.00000000e+00]
sweep    1  f = -1.632653061  (Delta f = 0)
New op index: 7	$R_Y$[2]
Current grad: 8.280562657813882e-06
[ 3.14159265e+00 -3.14159263e+00 -3.14159265e+00 -3.14159265e+00
 -3.14159265e+00 -4.05164462e-26  3.14159265e+00  3.14159261e+00
 -3.14159265e+00 -3.14159265e+00 -3.14159263e+00  5.67966996e-48
 -3.14159265e+00 -3.14159265e+00  1.60552622e-25  3.14159265e+00
  3.14159261e+00  3.14159265e+00 -3.14159265e+00 -3.14159264e+00
 -3.82777896e-25 -3.14159265e+00  3.14159264e+00  9.20587118e-27
  3.14159265e+00 -3.14159265e+00 -3.14159265e+00  3.14159265e+00
 -3.14159265e+00  3.14159265e+00 -3.14159265e+00 -3.14159265e+00
  3.14159265e+00 -3.14159265e+00 -3.14159265e+00 -3.59429382e-25
  3.14159265e+00  3.14159265e+00 -3.14159265e+00 -3.14159265e+00
 -3.14159265e+00  3.14159265e+00  3.14159265e+00  3.14159265e+00
 -2.35149514e-17] 
 [0.00000000e+00 7.10542736e-15 0.00000000e+00 0.00000000e+00
 0.00000000e+00 4.44517715e-17 0.00000000e+00 4.26325641e-14
 0.00000000e+00 0.00000000e+00 2.13162821e-14 2.27371876e-16
 0.00000000e+00 0.00000000e+00 3.06971137e-16 0.00000000e+00
 4.26325641e-14 0.00000000e+00 0.00000000e+00 7.10542736e-15
 1.24051032e-16 0.00000000e+00 0.00000000e+00 8.17820375e-16
 0.00000000e+00 0.00000000e+00 0.00000000e+00 0.00000000e+00
 0.00000000e+00 0.00000000e+00 0.00000000e+00 0.00000000e+00
 0.00000000e+00 0.00000000e+00 0.00000000e+00 1.37120170e-16
 0.00000000e+00 0.00000000e+00 0.00000000e+00 0.00000000e+00
 0.00000000e+00 0.00000000e+00 0.00000000e+00 0.00000000e+00
 9.41871407e-16]
Precision cutoff reached.
Calculating energies for FreeWilson2D(N_x=2, N_y=2, mass=-1.429, r=1.000)
h_im: 0.0
New op index: 10	$R_Y$[3]
Current grad: 1.9999999999999982
[ 3.14159265  1.57079633  3.14159265  3.14159265  1.57079633  3.14159265
  3.14159265 -1.57079633  3.14159265  3.14159265 -0.51914611  0.
  3.14159265 -0.51914611  0.          3.14159265 -1.57079633  3.14159265
  3.14159265  1.57079633  3.14159265  3.14159265  1.57079633  3.14159265
  3.14159265  3.14159265  3.14159265  3.14159265  3.14159265  3.14159265
  3.14159265  0.          0.          3.14159265  3.14159265  3.14159265
  3.14159265  0.          0.          3.14159265  3.14159265  3.14159265
  3.14159265  3.14159265  3.14159265] 
 [0.         0.28571429 0.         0.         0.21428571 0.
 0.         0.21428571 0.         0.         1.07587555 1.
 0.         1.07587555 1.         0.         0.21428571 0.
 0.         0.21428571 0.         0.         0.28571429 0.
 0.         0.         0.         0.         0.         0.
 0.         1.         1.         0.         0.         0.
 0.         1.         1.         0.         0.         0.
 0.         0.         0.        ]
sweep    1  f = 199.4241244  (Delta f = -4.26e-13)
New op index: 7	$R_Y$[2]
Current grad: 174.62039481239415
[3.14159265 1.57079633 3.14159265 3.14159265 1.57079633 3.14159265
 3.14159265 1.57079633 3.14159265 3.14159265 3.14159265 3.14159265
 0.         1.58867926 3.14159265 0.         1.57079633 0.
 0.         1.57079633 3.14159265 0.         1.57079633 0.
 3.14159265 3.14159265 3.14159265 3.14159265 3.14159265 3.14159265
 3.14159265 3.14159265 3.14159265 3.14159265 3.14159265 3.14159265
 0.         3.14159265 3.14159265 0.         0.         0.
 0.         0.         0.        ] 
 [0.00000000e+00 2.50926612e+01 0.00000000e+00 0.00000000e+00
 2.50212326e+01 0.00000000e+00 0.00000000e+00 2.55267828e+01
 0.00000000e+00 0.00000000e+00 0.00000000e+00 0.00000000e+00
 2.07175547e-15 2.38429234e+01 0.00000000e+00 7.64269600e-15
 2.45926612e+01 2.77555756e-17 3.47935966e-15 2.50212326e+01
 0.00000000e+00 6.95871932e-16 2.50926612e+01 2.77555756e-17
 0.00000000e+00 0.00000000e+00 0.00000000e+00 0.00000000e+00
 0.00000000e+00 0.00000000e+00 0.00000000e+00 0.00000000e+00
 0.00000000e+00 0.00000000e+00 0.00000000e+00 0.00000000e+00
 8.35442826e-15 0.00000000e+00 0.00000000e+00 9.73427688e-15
 9.70652130e-15 2.77555756e-17 2.75969723e-15 2.78745281e-15
 2.77555756e-17]
sweep    1  f = 149.4186292  (Delta f = 24.5)
sweep    2  f = 149.4186292  (Delta f = 1.99e-13)
New op index: 4	$R_Y$[1]
Current grad: 1.5714297861406572
[ 3.14159265  1.57079633  3.14159265  3.14159265 -1.60441454  3.14159265
  3.14159265 -3.14159264  3.14159265  3.14159265  3.14159264  3.14159265
  0.         -1.60441454  3.14159265  3.14159265 -1.57079633  3.14159265
  0.          1.57079633  3.14159265  3.14159265  1.57079633  3.14159265
  3.14159265  3.14159265  3.14159265  3.14159265  3.14159265  3.14159265
  3.14159265  3.14159265  3.14159265  3.14159265  3.14159265  3.14159265
  3.14159265  3.14159265  3.14159265  3.14159265  3.14159265  3.14159265
  3.14159265  3.14159265  3.14159265] 
 [0.00000000e+00 2.75830516e-01 0.00000000e+00 0.00000000e+00
 2.85823955e-01 0.00000000e+00 0.00000000e+00 0.00000000e+00
 0.00000000e+00 0.00000000e+00 7.10542736e-15 0.00000000e+00
 6.96720654e-16 2.85823946e-01 0.00000000e+00 0.00000000e+00
 2.24169484e-01 0.00000000e+00 6.75748084e-16 2.04401945e-01
 0.00000000e+00 0.00000000e+00 2.75830516e-01 0.00000000e+00
 0.00000000e+00 0.00000000e+00 0.00000000e+00 0.00000000e+00
 0.00000000e+00 0.00000000e+00 0.00000000e+00 0.00000000e+00
 0.00000000e+00 0.00000000e+00 0.00000000e+00 0.00000000e+00
 0.00000000e+00 0.00000000e+00 0.00000000e+00 0.00000000e+00
 0.00000000e+00 0.00000000e+00 0.00000000e+00 0.00000000e+00
 0.00000000e+00]
sweep    1  f = 148.8473326  (Delta f = 0.285)
sweep    2  f = 148.8473326  (Delta f = 6.45e-12)
New op index: 22	$R_Y$[7]
Current grad: 124.70871293718578
[ 3.14159265  1.57092841  3.14159265  3.14159265 -3.1415924   3.14159265
  3.14159265  3.14159255  3.14159265  3.14159265  3.1415869   3.14159265
  0.          1.58842213  3.14159265  0.          1.57079633  0.
  3.14159265  1.57079633  3.14159265  0.          1.57079633  0.
  3.14159265  3.14159265  3.14159265  3.14159265  3.14159265  3.14159265
  3.14159265  3.14159265  3.14159265  3.14159265  3.14159265  3.14159265
  0.          3.14159265  3.14159265  0.          0.          3.14159265
  3.14159265  3.14159265  0.        ] 
 [0.00000000e+00 2.51666552e+01 0.00000000e+00 0.00000000e+00
 8.49098569e-13 0.00000000e+00 0.00000000e+00 4.12114787e-13
 0.00000000e+00 0.00000000e+00 9.71833725e-12 0.00000000e+00
 3.25113360e-15 2.41703844e+01 0.00000000e+00 3.94587603e-15
 2.46699794e+01 3.23261654e-17 0.00000000e+00 2.50985508e+01
 0.00000000e+00 1.21685479e-15 2.51699794e+01 3.40261605e-17
 0.00000000e+00 0.00000000e+00 0.00000000e+00 0.00000000e+00
 0.00000000e+00 0.00000000e+00 0.00000000e+00 0.00000000e+00
 0.00000000e+00 0.00000000e+00 0.00000000e+00 0.00000000e+00
 5.60972719e-15 0.00000000e+00 0.00000000e+00 7.44068615e-16
 7.44118444e-16 0.00000000e+00 0.00000000e+00 0.00000000e+00
 1.65016577e-18]
sweep    1  f = 98.85217102  (Delta f = 24.8)
sweep    2  f = 98.85217102  (Delta f = 0)
New op index: 19	$R_Y$[6]
Current grad: 1.0664762639249121
[ 3.14159265  1.5881953   3.14159265  3.14159265  3.14159255  3.14159265
  3.14159265 -3.14159258  3.14159265  3.14159265 -3.14159254  3.14159265
  3.14159265 -1.58850468  3.14159265  3.14159265 -1.57079633  0.
  3.14159265 -1.57079633  3.14159265  3.14159265  3.14159258  3.14159265
  3.14159265  3.14159265  3.14159265  3.14159265  3.14159265  3.14159265
  3.14159265  3.14159265  3.14159265  3.14159265  3.14159265  3.14159265
  3.14159265  3.14159265  3.14159265  3.14159265  3.14159265  3.14159265
  3.14159265  3.14159265  3.14159265] 
 [0.00000000e+00 2.80785271e-01 0.00000000e+00 0.00000000e+00
 2.77111667e-13 0.00000000e+00 0.00000000e+00 1.27897692e-13
 0.00000000e+00 0.00000000e+00 3.05533376e-13 0.00000000e+00
 0.00000000e+00 2.75815547e-01 0.00000000e+00 0.00000000e+00
 2.14286356e-01 4.33667702e-19 0.00000000e+00 2.85714893e-01
 0.00000000e+00 0.00000000e+00 1.20792265e-13 0.00000000e+00
 0.00000000e+00 0.00000000e+00 0.00000000e+00 0.00000000e+00
 0.00000000e+00 0.00000000e+00 0.00000000e+00 0.00000000e+00
 0.00000000e+00 0.00000000e+00 0.00000000e+00 0.00000000e+00
 0.00000000e+00 0.00000000e+00 0.00000000e+00 0.00000000e+00
 0.00000000e+00 0.00000000e+00 0.00000000e+00 0.00000000e+00
 0.00000000e+00]
sweep    1  f = 98.27424032  (Delta f = 0.292)
sweep    2  f = 98.27424032  (Delta f = 2.09e-12)
New op index: 1	$R_Y$[0]
Current grad: 74.7272333978618
[ 3.14159265  1.57092891  3.14159265  3.14159265  3.1415925   3.14159265
  3.14159265 -3.14159256  3.14159265  3.14159265 -3.14159014  3.14159265
  0.          1.58848997  3.14159265  0.          1.57092896  3.14159265
  3.14159265  3.14159265  3.14159265  3.14159265  3.14159263  3.14159265
  3.14159265  3.14159265  3.14159265  3.14159265  3.14159265  3.14159265
  3.14159265  3.14159265  3.14159265  3.14159265  3.14159265  3.14159265
  0.          3.14159265  3.14159265  3.14159265  3.14159265  3.14159265
  3.14159265  3.14159265  3.14159265] 
 [0.00000000e+00 2.50956712e+01 0.00000000e+00 0.00000000e+00
 3.09086090e-13 0.00000000e+00 0.00000000e+00 3.26849658e-13
 0.00000000e+00 0.00000000e+00 1.85440552e-12 0.00000000e+00
 2.70579726e-15 2.40990056e+01 0.00000000e+00 2.71929179e-15
 2.50956699e+01 0.00000000e+00 0.00000000e+00 0.00000000e+00
 0.00000000e+00 0.00000000e+00 1.42108547e-14 0.00000000e+00
 0.00000000e+00 0.00000000e+00 0.00000000e+00 0.00000000e+00
 0.00000000e+00 0.00000000e+00 0.00000000e+00 0.00000000e+00
 0.00000000e+00 0.00000000e+00 0.00000000e+00 0.00000000e+00
 4.11557464e-15 0.00000000e+00 0.00000000e+00 0.00000000e+00
 0.00000000e+00 0.00000000e+00 0.00000000e+00 0.00000000e+00
 0.00000000e+00]
sweep    1  f = 48.28074245  (Delta f = 24.9)
sweep    2  f = 48.28074245  (Delta f = -7.82e-14)
New op index: 13	$R_Y$[4]
Current grad: 0.5714486952042084
[ 3.14159265 -3.14159264  3.14159265  3.14159265 -3.14159261  3.14159265
  3.14159265  3.14159257  3.14159265  3.14159265 -3.14159255  3.14159265
  0.         -1.58819663  3.14159265  0.          1.58819529  3.14159265
  3.14159265 -3.14159256  3.14159265  3.14159265 -3.14159259  3.14159265
  3.14159265  3.14159265  3.14159265  3.14159265  3.14159265  3.14159265
  3.14159265  3.14159265  3.14159265  3.14159265  3.14159265  3.14159265
  0.          3.14159265  3.14159265  3.14159265  3.14159265  3.14159265
  3.14159265  3.14159265  3.14159265] 
 [0.00000000e+00 7.10542736e-15 0.00000000e+00 0.00000000e+00
 4.26325641e-14 0.00000000e+00 0.00000000e+00 1.77635684e-13
 0.00000000e+00 0.00000000e+00 2.70006240e-13 0.00000000e+00
 1.72668596e-15 2.80786207e-01 0.00000000e+00 1.00277212e-14
 2.80785218e-01 0.00000000e+00 0.00000000e+00 2.27373675e-13
 0.00000000e+00 0.00000000e+00 1.06581410e-13 0.00000000e+00
 0.00000000e+00 0.00000000e+00 0.00000000e+00 0.00000000e+00
 0.00000000e+00 0.00000000e+00 0.00000000e+00 0.00000000e+00
 0.00000000e+00 0.00000000e+00 0.00000000e+00 0.00000000e+00
 1.06010654e-14 0.00000000e+00 0.00000000e+00 0.00000000e+00
 0.00000000e+00 0.00000000e+00 0.00000000e+00 0.00000000e+00
 0.00000000e+00]
sweep    1  f = 47.99483325  (Delta f = 0.00512)
sweep    2  f = 47.99458993  (Delta f = 0.000243)
sweep    3  f = 47.99458738  (Delta f = 2.55e-06)
sweep    4  f = 47.99458732  (Delta f = 5.34e-08)
sweep    5  f = 47.9945873  (Delta f = 2.38e-08)
sweep    6  f = 47.99458729  (Delta f = 1.31e-08)
sweep    7  f = 47.99458724  (Delta f = 4.59e-08)
sweep    8  f = 47.99458724  (Delta f = 1.11e-11)
New op index: 16	$R_Y$[5]
Current grad: 49.56926472778915
[ 3.14159265 -3.14159253  3.14159265  3.14159265 -3.14157042  3.14159265
  3.14159265 -3.14159225  3.14159265  3.14159265  3.14158888  3.14159265
  3.14159265 -3.14159265  3.14159265  0.          1.57089648  3.14159265
  3.14159265 -3.14159141  3.14159265  3.14159265 -3.14159254  3.14159265
  3.14159265  3.14159265  3.14159265  3.14159265  3.14159265  3.14159265
  3.14159265  3.14159265  3.14159265  3.14159265  3.14159265  3.14159265
  3.14159265  3.14159265  3.14159265  3.14159265  3.14159265  3.14159265
  3.14159265  3.14159265  3.14159265] 
 [0.00000000e+00 6.96331881e-13 0.00000000e+00 0.00000000e+00
 2.12522666e-10 0.00000000e+00 0.00000000e+00 8.00071120e-12
 0.00000000e+00 0.00000000e+00 4.13902246e-12 0.00000000e+00
 0.00000000e+00 0.00000000e+00 0.00000000e+00 1.28680724e-15
 4.95642147e+01 0.00000000e+00 0.00000000e+00 7.77378162e-13
 0.00000000e+00 0.00000000e+00 6.82121026e-13 0.00000000e+00
 0.00000000e+00 0.00000000e+00 0.00000000e+00 0.00000000e+00
 0.00000000e+00 0.00000000e+00 0.00000000e+00 0.00000000e+00
 0.00000000e+00 0.00000000e+00 0.00000000e+00 0.00000000e+00
 0.00000000e+00 0.00000000e+00 0.00000000e+00 0.00000000e+00
 0.00000000e+00 0.00000000e+00 0.00000000e+00 0.00000000e+00
 0.00000000e+00]
sweep    1  f = -2.285685947  (Delta f = 0.716)
sweep    2  f = -2.285714286  (Delta f = 2.83e-05)
sweep    3  f = -2.285714286  (Delta f = 2.17e-12)
New op index: 19	$R_Y$[6]
Current grad: 1.1881006895192554e-05
[ 3.14159265 -3.14159264  0.          3.14159265  3.14159259  0.
  3.14159265 -3.14159263  0.          3.14159265 -3.14159265  3.14159265
  3.14159265 -3.14159264  3.14159265  3.14159265  3.14159264  0.
  3.14159265  3.14159257  0.          3.14159265 -3.14159263  3.14159265
  3.14159265  3.14159265  0.          3.14159265  3.14159265  0.
  3.14159265  3.14159265  0.          3.14159265  3.14159265  3.14159265
  3.14159265  3.14159265  3.14159265  3.14159265  3.14159265  0.
  3.14159265  3.14159265  0.        ] 
 [0.00000000e+00 0.00000000e+00 2.57824107e-18 0.00000000e+00
 9.23705556e-14 4.71558902e-15 0.00000000e+00 1.42108547e-14
 7.11408999e-16 0.00000000e+00 0.00000000e+00 0.00000000e+00
 0.00000000e+00 0.00000000e+00 0.00000000e+00 0.00000000e+00
 7.10542736e-15 2.90622693e-18 0.00000000e+00 1.77635684e-13
 4.02479578e-15 0.00000000e+00 1.42108547e-14 0.00000000e+00
 0.00000000e+00 0.00000000e+00 4.71816726e-15 0.00000000e+00
 0.00000000e+00 5.42699802e-15 0.00000000e+00 0.00000000e+00
 5.04887204e-16 0.00000000e+00 0.00000000e+00 0.00000000e+00
 0.00000000e+00 0.00000000e+00 0.00000000e+00 0.00000000e+00
 0.00000000e+00 4.02770200e-15 0.00000000e+00 0.00000000e+00
 3.31887125e-15]
Precision cutoff reached.
Calculating energies for FreeWilson2D(N_x=2, N_y=2, mass=-1.265, r=1.000)
h_im: 0.0
New op index: 10	$R_Y$[3]
Current grad: 1.9999999999999982
[ 3.14159265  1.57079633  3.14159265  3.14159265  1.57079633  3.14159265
  3.14159265 -1.57079633  3.14159265  3.14159265 -0.63363301  0.
  3.14159265 -0.63363301  0.          3.14159265 -1.57079633  3.14159265
  3.14159265  1.57079633  3.14159265  3.14159265  1.57079633  3.14159265
  3.14159265  3.14159265  3.14159265  3.14159265  3.14159265  3.14159265
  3.14159265  0.          0.          3.14159265  3.14159265  3.14159265
  3.14159265  0.          0.          3.14159265  3.14159265  3.14159265
  3.14159265  3.14159265  3.14159265] 
 [0.         0.36734694 0.         0.         0.13265306 0.
 0.         0.13265306 0.         0.         1.12043837 1.
 0.         1.12043837 1.         0.         0.13265306 0.
 0.         0.13265306 0.         0.         0.36734694 0.
 0.         0.         0.         0.         0.         0.
 0.         1.         1.         0.         0.         0.
 0.         1.         1.         0.         0.         0.
 0.         0.         0.        ]
sweep    1  f = 199.3795616  (Delta f = -2.84e-14)
New op index: 7	$R_Y$[2]
Current grad: 208.20100151440792
[3.14159265 1.57079633 3.14159265 3.14159265 1.57079633 3.14159265
 3.14159265 1.57079633 3.14159265 3.14159265 3.14159265 3.14159265
 3.14159265 1.58471854 3.14159265 3.14159265 1.57079633 3.14159265
 3.14159265 1.57079633 3.14159265 3.14159265 1.57079633 3.14159265
 3.14159265 3.14159265 3.14159265 3.14159265 3.14159265 3.14159265
 3.14159265 3.14159265 3.14159265 3.14159265 3.14159265 3.14159265
 3.14159265 3.14159265 3.14159265 0.         0.         3.14159265
 0.         0.         3.14159265] 
 [0.00000000e+00 2.99711686e+01 0.00000000e+00 0.00000000e+00
 2.97364748e+01 0.00000000e+00 0.00000000e+00 3.03741095e+01
 0.00000000e+00 0.00000000e+00 0.00000000e+00 0.00000000e+00
 0.00000000e+00 2.85403006e+01 0.00000000e+00 0.00000000e+00
 2.94711686e+01 0.00000000e+00 0.00000000e+00 2.97364748e+01
 0.00000000e+00 0.00000000e+00 2.99711686e+01 0.00000000e+00
 0.00000000e+00 0.00000000e+00 0.00000000e+00 0.00000000e+00
 0.00000000e+00 0.00000000e+00 0.00000000e+00 0.00000000e+00
 0.00000000e+00 0.00000000e+00 0.00000000e+00 0.00000000e+00
 0.00000000e+00 0.00000000e+00 0.00000000e+00 1.38777878e-15
 1.34614542e-15 0.00000000e+00 1.38126472e-15 1.31187578e-15
 0.00000000e+00]
sweep    1  f = 149.25538  (Delta f = 19.8)
sweep    2  f = 149.25538  (Delta f = 0)
New op index: 4	$R_Y$[1]
Current grad: 1.734699261584472
[ 3.14159265  1.57079633  3.14159265  3.14159265 -1.59710288  3.14159265
  3.14159265 -3.1415926   3.14159265  3.14159265 -3.1415926   3.14159265
  0.         -1.59710288  3.14159265  0.         -1.57079633  3.14159265
  0.          1.57079633  0.          0.          1.57079633  3.14159265
  3.14159265  3.14159265  3.14159265  3.14159265  3.14159265  3.14159265
  3.14159265  3.14159265  3.14159265  3.14159265  3.14159265  3.14159265
  0.          3.14159265  3.14159265  3.14159265  3.14159265  0.
  0.          0.          0.        ] 
 [0.00000000e+00 3.57495237e-01 0.00000000e+00 0.00000000e+00
 3.67404139e-01 0.00000000e+00 0.00000000e+00 8.52651283e-14
 0.00000000e+00 0.00000000e+00 6.39488462e-14 0.00000000e+00
 5.29731515e-16 3.67404083e-01 0.00000000e+00 5.71408659e-16
 1.42504763e-01 0.00000000e+00 5.19292596e-16 1.22801359e-01
 3.95117154e-17 3.26667080e-15 3.57495237e-01 0.00000000e+00
 0.00000000e+00 0.00000000e+00 0.00000000e+00 0.00000000e+00
 0.00000000e+00 0.00000000e+00 0.00000000e+00 0.00000000e+00
 0.00000000e+00 0.00000000e+00 0.00000000e+00 0.00000000e+00
 8.88975368e-16 0.00000000e+00 0.00000000e+00 0.00000000e+00
 0.00000000e+00 1.59994359e-17 2.15402094e-15 2.25328710e-15
 1.59994359e-17]
sweep    1  f = 148.639395  (Delta f = 0.249)
sweep    2  f = 148.639395  (Delta f = 3.41e-13)
New op index: 22	$R_Y$[7]
Current grad: 148.68963576184132
[ 3.14159265  1.57090029  3.14159265  3.14159265 -3.14159264  3.14159265
  3.14159265 -3.14159264  3.14159265  3.14159265 -3.14158134  3.14159265
  0.          1.58453111  3.14159265  3.14159265  1.57079633  0.
  0.          1.57079633  0.          0.          1.57079633  3.14159265
  3.14159265  3.14159265  3.14159265  3.14159265  3.14159265  3.14159265
  3.14159265  3.14159265  3.14159265  3.14159265  3.14159265  3.14159265
  0.          3.14159265  3.14159265  0.          0.          0.
  0.          0.          0.        ] 
 [0.00000000e+00 3.00283103e+01 0.00000000e+00 0.00000000e+00
 0.00000000e+00 0.00000000e+00 0.00000000e+00 0.00000000e+00
 0.00000000e+00 0.00000000e+00 4.05305789e-11 0.00000000e+00
 5.63315781e-15 2.88989205e+01 0.00000000e+00 0.00000000e+00
 2.95314324e+01 5.99699327e-19 7.73557368e-16 2.97967385e+01
 4.11830165e-17 6.33556814e-15 3.00314324e+01 0.00000000e+00
 0.00000000e+00 0.00000000e+00 0.00000000e+00 0.00000000e+00
 0.00000000e+00 0.00000000e+00 0.00000000e+00 0.00000000e+00
 0.00000000e+00 0.00000000e+00 0.00000000e+00 0.00000000e+00
 3.62712581e-15 0.00000000e+00 0.00000000e+00 1.82758731e-16
 1.13220439e-16 4.17827158e-17 5.71851763e-15 5.74690198e-15
 2.74255074e-17]
sweep    1  f = 98.52564847  (Delta f = 20.1)
sweep    2  f = 98.52564847  (Delta f = 7.82e-13)
New op index: 19	$R_Y$[6]
Current grad: 1.2297457972424246
[ 3.14159265  1.5843074   3.14159265  3.14159265  3.14159252  3.14159265
  3.14159265 -3.14159262  3.14159265  3.14159265 -3.14159263  3.14159265
  0.         -1.58449365  3.14159265  0.         -1.57079633  0.
  0.         -1.57079633  0.          3.14159265 -3.14159257  0.
  3.14159265  3.14159265  3.14159265  3.14159265  3.14159265  3.14159265
  3.14159265  3.14159265  3.14159265  3.14159265  3.14159265  3.14159265
  0.          3.14159265  3.14159265  0.          0.          0.
  3.14159265  3.14159265  0.        ] 
 [0.00000000e+00 3.62416226e-01 0.00000000e+00 0.00000000e+00
 4.83169060e-13 0.00000000e+00 0.00000000e+00 2.13162821e-14
 0.00000000e+00 0.00000000e+00 2.13162821e-14 0.00000000e+00
 1.25252430e-14 3.57454328e-01 0.00000000e+00 1.25271506e-14
 1.32653760e-01 8.49092013e-25 6.96394349e-15 3.67347677e-01
 3.56535270e-17 0.00000000e+00 1.56319402e-13 6.69711354e-25
 0.00000000e+00 0.00000000e+00 0.00000000e+00 0.00000000e+00
 0.00000000e+00 0.00000000e+00 0.00000000e+00 0.00000000e+00
 0.00000000e+00 0.00000000e+00 0.00000000e+00 0.00000000e+00
 2.40794454e-14 0.00000000e+00 0.00000000e+00 1.85181429e-14
 1.84626332e-14 3.56535279e-17 0.00000000e+00 0.00000000e+00
 3.56535277e-17]
sweep    1  f = 97.90313871  (Delta f = 0.255)
sweep    2  f = 97.90313871  (Delta f = 5.81e-12)
New op index: 1	$R_Y$[0]
Current grad: 89.21031179060081
[ 3.14159265  1.57090053  3.14159265  3.14159265 -3.14159261  3.14159265
  3.14159265  3.14159257  3.14159265  3.14159265 -3.14159118  3.14159265
  3.14159265  1.58456771  3.14159265  0.          1.57090059  3.14159265
  3.14159265 -3.14159223  3.14159265  3.14159265 -3.14159237  3.14159265
  3.14159265  3.14159265  3.14159265  3.14159265  3.14159265  3.14159265
  3.14159265  3.14159265  3.14159265  3.14159265  3.14159265  3.14159265
  0.          3.14159265  3.14159265  3.14159265  3.14159265  3.14159265
  3.14159265  3.14159265  3.14159265] 
 [0.00000000e+00 2.99779143e+01 0.00000000e+00 0.00000000e+00
 1.77635684e-14 0.00000000e+00 0.00000000e+00 2.84217094e-13
 0.00000000e+00 0.00000000e+00 6.82676138e-13 0.00000000e+00
 0.00000000e+00 2.88481558e+01 0.00000000e+00 2.15369826e-15
 2.99779124e+01 0.00000000e+00 0.00000000e+00 1.82254212e-12
 0.00000000e+00 0.00000000e+00 3.19744231e-12 0.00000000e+00
 0.00000000e+00 0.00000000e+00 0.00000000e+00 0.00000000e+00
 0.00000000e+00 0.00000000e+00 0.00000000e+00 0.00000000e+00
 0.00000000e+00 0.00000000e+00 0.00000000e+00 0.00000000e+00
 2.39616333e-15 0.00000000e+00 0.00000000e+00 0.00000000e+00
 0.00000000e+00 0.00000000e+00 0.00000000e+00 0.00000000e+00
 0.00000000e+00]
sweep    1  f = 47.79095459  (Delta f = 20.1)
sweep    2  f = 47.79095459  (Delta f = 0)
New op index: 13	$R_Y$[4]
Current grad: 0.734713835602997
[ 3.14159265 -3.14159254  0.          3.14159265  3.14159256  3.14159265
  3.14159265 -3.14159261  0.          3.14159265  3.14159263  3.14159265
  0.         -1.58430867  3.14159265  3.14159265  1.5843073   3.14159265
  3.14159265  3.14159258  0.          3.14159265  3.1415926   3.14159265
  3.14159265  3.14159265  3.14159265  3.14159265  3.14159265  3.14159265
  3.14159265  3.14159265  3.14159265  3.14159265  3.14159265  3.14159265
  3.14159265  3.14159265  3.14159265  3.14159265  3.14159265  3.14159265
  3.14159265  3.14159265  3.14159265] 
 [0.00000000e+00 3.26849658e-13 4.28901288e-15 0.00000000e+00
 2.27373675e-13 0.00000000e+00 0.00000000e+00 3.55271368e-14
 4.28901288e-15 0.00000000e+00 1.42108547e-14 0.00000000e+00
 1.77329281e-15 3.62417191e-01 0.00000000e+00 0.00000000e+00
 3.62416237e-01 0.00000000e+00 0.00000000e+00 1.35003120e-13
 3.25881986e-24 0.00000000e+00 7.10542736e-14 0.00000000e+00
 0.00000000e+00 0.00000000e+00 0.00000000e+00 0.00000000e+00
 0.00000000e+00 0.00000000e+00 0.00000000e+00 0.00000000e+00
 0.00000000e+00 0.00000000e+00 0.00000000e+00 0.00000000e+00
 0.00000000e+00 0.00000000e+00 0.00000000e+00 0.00000000e+00
 0.00000000e+00 0.00000000e+00 0.00000000e+00 0.00000000e+00
 0.00000000e+00]
sweep    1  f = 47.42444966  (Delta f = 0.00409)
sweep    2  f = 47.42420824  (Delta f = 0.000241)
sweep    3  f = 47.42420553  (Delta f = 2.71e-06)
sweep    4  f = 47.42420552  (Delta f = 8.23e-09)
New op index: 16	$R_Y$[5]
Current grad: 49.806629431592874
[ 3.14159265 -3.14158957  3.14159265  3.14159265 -3.14145399  3.14159265
  3.14159265 -3.14158395  3.14159265  3.14159265 -3.14142332  3.14159265
  3.14159265  3.14159265  3.14159265  0.          1.57089599  3.14159265
  3.14159265  3.14158999  0.          3.14159265 -3.14158819  3.14159265
  3.14159265  3.14159265  3.14159265  3.14159265  3.14159265  3.14159265
  3.14159265  3.14159265  3.14159265  3.14159265  3.14159265  3.14159265
  3.14159265  3.14159265  3.14159265  3.14159265  3.14159265  3.14159265
  3.14159265  3.14159265  3.14159265] 
 [0.00000000e+00 4.73391992e-10 0.00000000e+00 0.00000000e+00
 7.78060494e-09 0.00000000e+00 0.00000000e+00 3.78457798e-09
 0.00000000e+00 0.00000000e+00 8.82985496e-09 0.00000000e+00
 0.00000000e+00 0.00000000e+00 0.00000000e+00 2.13291705e-15
 4.97998245e+01 0.00000000e+00 0.00000000e+00 3.30535599e-12
 1.03390139e-23 0.00000000e+00 9.96180916e-10 0.00000000e+00
 0.00000000e+00 0.00000000e+00 0.00000000e+00 0.00000000e+00
 0.00000000e+00 0.00000000e+00 0.00000000e+00 0.00000000e+00
 0.00000000e+00 0.00000000e+00 0.00000000e+00 0.00000000e+00
 0.00000000e+00 0.00000000e+00 0.00000000e+00 0.00000000e+00
 0.00000000e+00 0.00000000e+00 0.00000000e+00 0.00000000e+00
 0.00000000e+00]
sweep    1  f = -2.938751667  (Delta f = 0.563)
sweep    2  f = -2.93877551  (Delta f = 2.38e-05)
sweep    3  f = -2.93877551  (Delta f = 2.41e-13)
New op index: 19	$R_Y$[6]
Current grad: 1.5888756706074846e-05
[ 3.14159265 -3.14159257  3.14159265  3.14159265  3.14159265  3.14159265
  3.14159265  3.14159264  3.14159265  3.14159265  3.14159264  3.14159265
  3.14159265 -3.14159264  0.          3.14159265  3.14159264  3.14159265
  3.14159265 -3.14159254  0.          3.14159265 -3.14159259  3.14159265
  3.14159265  3.14159265  3.14159265  3.14159265  3.14159265  3.14159265
  3.14159265  3.14159265  3.14159265  3.14159265  3.14159265  0.
  3.14159265  3.14159265  3.14159265  3.14159265  3.14159265  3.14159265
  3.14159265  3.14159265  3.14159265] 
 [0.00000000e+00 1.63424829e-13 0.00000000e+00 0.00000000e+00
 0.00000000e+00 0.00000000e+00 0.00000000e+00 7.10542736e-15
 0.00000000e+00 0.00000000e+00 7.10542736e-15 0.00000000e+00
 0.00000000e+00 0.00000000e+00 7.69024198e-16 0.00000000e+00
 7.10542736e-15 0.00000000e+00 0.00000000e+00 3.26849658e-13
 2.89569682e-16 0.00000000e+00 9.23705556e-14 0.00000000e+00
 0.00000000e+00 0.00000000e+00 0.00000000e+00 0.00000000e+00
 0.00000000e+00 0.00000000e+00 0.00000000e+00 0.00000000e+00
 0.00000000e+00 0.00000000e+00 0.00000000e+00 1.01810441e-15
 0.00000000e+00 0.00000000e+00 0.00000000e+00 0.00000000e+00
 0.00000000e+00 0.00000000e+00 0.00000000e+00 0.00000000e+00
 0.00000000e+00]
Precision cutoff reached.
Calculating energies for FreeWilson2D(N_x=2, N_y=2, mass=-1.102, r=1.000)
h_im: 0.0
New op index: 10	$R_Y$[3]
Current grad: 1.9999999999999982
[ 3.14159265  1.57079633  3.14159265  3.14159265  1.57079633  3.14159265
  3.14159265 -1.57079633  3.14159265  3.14159265 -0.73168643  0.
  3.14159265 -0.73168643  0.          3.14159265 -1.57079633  3.14159265
  3.14159265  1.57079633  3.14159265  3.14159265  1.57079633  3.14159265
  3.14159265  3.14159265  3.14159265  3.14159265  3.14159265  3.14159265
  3.14159265  0.          0.          3.14159265  3.14159265  3.14159265
  3.14159265  0.          0.          3.14159265  3.14159265  3.14159265
  3.14159265  3.14159265  3.14159265] 
 [0.         0.44897959 0.         0.         0.05102041 0.
 0.         0.05102041 0.         0.         1.17199901 1.
 0.         1.17199901 1.         0.         0.05102041 0.
 0.         0.05102041 0.         0.         0.44897959 0.
 0.         0.         0.         0.         0.         0.
 0.         1.         1.         0.         0.         0.
 0.         1.         1.         0.         0.         0.
 0.         0.         0.        ]
sweep    1  f = 199.328001  (Delta f = 0)
New op index: 7	$R_Y$[2]
Current grad: 234.83082202712544
[ 3.14159265  1.57079633  3.14159265  3.14159265  1.57079633  3.14159265
  3.14159265  1.57079633  0.          3.14159265 -3.14159265  3.14159265
  3.14159265  1.5821995   3.14159265  3.14159265  1.57079633  0.
  3.14159265  1.57079633  3.14159265  3.14159265  1.57079633  0.
  3.14159265  3.14159265  3.14159265  3.14159265  0.          0.
  3.14159265  3.14159265  3.14159265  3.14159265  3.14159265  3.14159265
  3.14159265  3.14159265  3.14159265  3.14159265  3.14159265  0.
  3.14159265  3.14159265  0.        ] 
 [0.00000000e+00 3.38552483e+01 0.00000000e+00 0.00000000e+00
 3.34572891e+01 0.00000000e+00 0.00000000e+00 3.42272726e+01
 1.38777878e-17 0.00000000e+00 0.00000000e+00 0.00000000e+00
 0.00000000e+00 3.22533232e+01 0.00000000e+00 0.00000000e+00
 3.33552483e+01 6.93889390e-17 0.00000000e+00 3.34572891e+01
 0.00000000e+00 0.00000000e+00 3.38552483e+01 5.55111512e-17
 0.00000000e+00 0.00000000e+00 0.00000000e+00 0.00000000e+00
 1.38777878e-17 1.38777878e-17 0.00000000e+00 0.00000000e+00
 0.00000000e+00 0.00000000e+00 0.00000000e+00 0.00000000e+00
 0.00000000e+00 0.00000000e+00 0.00000000e+00 0.00000000e+00
 0.00000000e+00 6.93889390e-17 0.00000000e+00 0.00000000e+00
 5.55111512e-17]
sweep    1  f = 149.0921308  (Delta f = 16)
sweep    2  f = 149.0921308  (Delta f = 0)
New op index: 13	$R_Y$[4]
Current grad: 1.8979618574046713
[ 3.14159265  1.57079633  3.14159265  3.14159265 -1.59239082  3.14159265
  3.14159265  3.14159265  0.          3.14159265  3.1415926   3.14159265
  0.         -1.59239082  3.14159265  0.         -1.57079633  0.
  0.          1.57079633  3.14159265  3.14159265  1.57079633  0.
  3.14159265  3.14159265  3.14159265  3.14159265  3.14159265  3.14159265
  3.14159265  3.14159265  3.14159265  3.14159265  3.14159265  3.14159265
  0.          3.14159265  3.14159265  0.          0.          0.
  3.14159265  3.14159265  0.        ] 
 [0.00000000e+00 4.39159637e-01 0.00000000e+00 0.00000000e+00
 4.48997458e-01 0.00000000e+00 0.00000000e+00 0.00000000e+00
 5.16987883e-26 0.00000000e+00 6.39488462e-14 0.00000000e+00
 5.53023317e-17 4.48997461e-01 0.00000000e+00 5.55035301e-17
 6.08403629e-02 4.43232284e-19 2.83108371e-15 4.12004535e-02
 0.00000000e+00 0.00000000e+00 4.39159637e-01 4.43232232e-19
 0.00000000e+00 0.00000000e+00 0.00000000e+00 0.00000000e+00
 0.00000000e+00 0.00000000e+00 0.00000000e+00 0.00000000e+00
 0.00000000e+00 0.00000000e+00 0.00000000e+00 0.00000000e+00
 8.86442502e-17 0.00000000e+00 0.00000000e+00 2.86442562e-15
 2.86420401e-15 2.21616168e-19 0.00000000e+00 0.00000000e+00
 2.21616116e-19]
sweep    1  f = 148.425314  (Delta f = 0.218)
sweep    2  f = 148.425314  (Delta f = 4.6e-12)
New op index: 22	$R_Y$[7]
Current grad: 168.3343413566133
[ 3.14159265  1.57079633  3.14159265  3.14159265  1.5819943   3.14159265
  3.14159265 -3.14159264  3.14159265  3.14159265  3.14158829  3.14159265
  3.14159265 -3.14159248  3.14159265  0.          1.57083598  3.14159265
  3.14159265  1.57079633  3.14159265  0.          1.57079633  0.
  3.14159265  3.14159265  3.14159265  3.14159265  3.14159265  3.14159265
  3.14159265  3.14159265  3.14159265  3.14159265  3.14159265  3.14159265
  3.14159265  3.14159265  3.14159265  0.          3.14159265  3.14159265
  0.          0.          3.14159265] 
 [0.00000000e+00 3.39949451e+01 0.00000000e+00 0.00000000e+00
 3.27303926e+01 0.00000000e+00 0.00000000e+00 1.42108547e-14
 0.00000000e+00 0.00000000e+00 6.55486776e-12 0.00000000e+00
 0.00000000e+00 2.62900812e-13 0.00000000e+00 3.98573856e-15
 3.36471496e+01 0.00000000e+00 0.00000000e+00 3.35969859e+01
 0.00000000e+00 9.57833248e-15 3.39949451e+01 3.25502056e-17
 0.00000000e+00 0.00000000e+00 0.00000000e+00 0.00000000e+00
 0.00000000e+00 0.00000000e+00 0.00000000e+00 0.00000000e+00
 0.00000000e+00 0.00000000e+00 0.00000000e+00 0.00000000e+00
 0.00000000e+00 0.00000000e+00 0.00000000e+00 3.68689397e-15
 0.00000000e+00 0.00000000e+00 1.48311925e-14 1.47086897e-14
 0.00000000e+00]
sweep    1  f = 98.19912638  (Delta f = 16.2)
sweep    2  f = 98.19912638  (Delta f = 2.56e-13)
New op index: 19	$R_Y$[6]
Current grad: 1.3930166680161893
[ 3.14159265  1.57079633  3.14159265  3.14159265 -1.58195525  3.14159265
  3.14159265 -3.14159259  3.14159265  3.14159265  3.14159257  3.14159265
  3.14159265  3.1415926   3.14159265  3.14159265 -1.66759948  3.14159265
  3.14159265 -1.57079633  3.14159265  3.14159265  3.14159263  3.14159265
  3.14159265  3.14159265  3.14159265  3.14159265  3.14159265  3.14159265
  3.14159265  3.14159265  3.14159265  3.14159265  3.14159265  3.14159265
  3.14159265  3.14159265  3.14159265  3.14159265  3.14159265  3.14159265
  3.14159265  3.14159265  3.14159265] 
 [0.00000000e+00 4.48978800e-01 0.00000000e+00 0.00000000e+00
 4.39098238e-01 0.00000000e+00 0.00000000e+00 8.52651283e-14
 0.00000000e+00 0.00000000e+00 1.56319402e-13 0.00000000e+00
 0.00000000e+00 7.10542736e-14 0.00000000e+00 0.00000000e+00
 4.63066700e-02 0.00000000e+00 0.00000000e+00 4.48980373e-01
 0.00000000e+00 0.00000000e+00 7.10542736e-15 0.00000000e+00
 0.00000000e+00 0.00000000e+00 0.00000000e+00 0.00000000e+00
 0.00000000e+00 0.00000000e+00 0.00000000e+00 0.00000000e+00
 0.00000000e+00 0.00000000e+00 0.00000000e+00 0.00000000e+00
 0.00000000e+00 0.00000000e+00 0.00000000e+00 0.00000000e+00
 0.00000000e+00 0.00000000e+00 0.00000000e+00 0.00000000e+00
 0.00000000e+00]
sweep    1  f = 97.52586632  (Delta f = 0.224)
sweep    2  f = 97.52586629  (Delta f = 2.76e-08)
sweep    3  f = 97.52586629  (Delta f = 4.52e-11)
New op index: 1	$R_Y$[0]
Current grad: 100.98105153809104
[ 3.14159265  1.57079633  3.14159265  3.14159265  1.58201656  3.14159265
  3.14159265 -3.14159248  3.14159265  3.14159265  3.14156807  3.14159265
  3.14159265 -3.14159259  3.14159265  3.14159265  1.57092323  3.14159265
  3.14159265 -3.14159109  0.          3.14159265 -3.14159263  3.14159265
  3.14159265  3.14159265  3.14159265  3.14159265  3.14159265  3.14159265
  3.14159265  3.14159265  3.14159265  3.14159265  3.14159265  3.14159265
  3.14159265  3.14159265  3.14159265  3.14159265  3.14159265  3.14159265
  3.14159265  3.14159265  3.14159265] 
 [0.00000000e+00 3.39589877e+01 0.00000000e+00 0.00000000e+00
 3.26941063e+01 0.00000000e+00 0.00000000e+00 1.33582034e-12
 0.00000000e+00 0.00000000e+00 2.08140727e-10 0.00000000e+00
 0.00000000e+00 3.55271368e-14 0.00000000e+00 0.00000000e+00
 3.39546781e+01 0.00000000e+00 0.00000000e+00 2.06874518e-11
 1.59782220e-23 0.00000000e+00 1.42108547e-14 0.00000000e+00
 0.00000000e+00 0.00000000e+00 0.00000000e+00 0.00000000e+00
 0.00000000e+00 0.00000000e+00 0.00000000e+00 0.00000000e+00
 0.00000000e+00 0.00000000e+00 0.00000000e+00 0.00000000e+00
 0.00000000e+00 0.00000000e+00 0.00000000e+00 0.00000000e+00
 0.00000000e+00 0.00000000e+00 0.00000000e+00 0.00000000e+00
 0.00000000e+00]
sweep    1  f = 47.2986895  (Delta f = 16.3)
sweep    2  f = 47.2986895  (Delta f = 0)
New op index: 16	$R_Y$[5]
Current grad: 0.8979779799575431
[ 3.14159265 -3.14159259  3.14159265  3.14159265 -1.58189328  3.14159265
  3.14159265  3.14159252  3.14159265  3.14159265  3.14159262  3.14159265
  3.14159265 -3.14159263  3.14159265  3.14159265  1.59274424  3.14159265
  3.14159265 -3.14159256  0.          3.14159265 -3.14159263  3.14159265
  3.14159265  3.14159265  3.14159265  3.14159265  3.14159265  3.14159265
  3.14159265  3.14159265  3.14159265  3.14159265  3.14159265  3.14159265
  3.14159265  3.14159265  3.14159265  3.14159265  3.14159265  3.14159265
  3.14159265  3.14159265  3.14159265] 
 [0.00000000e+00 1.06581410e-13 0.00000000e+00 0.00000000e+00
 4.41597437e-01 0.00000000e+00 0.00000000e+00 4.61852778e-13
 0.00000000e+00 0.00000000e+00 2.84217094e-14 0.00000000e+00
 0.00000000e+00 1.42108547e-14 0.00000000e+00 0.00000000e+00
 4.41633054e-01 0.00000000e+00 0.00000000e+00 2.06057393e-13
 8.30650455e-25 0.00000000e+00 1.42108547e-14 0.00000000e+00
 0.00000000e+00 0.00000000e+00 0.00000000e+00 0.00000000e+00
 0.00000000e+00 0.00000000e+00 0.00000000e+00 0.00000000e+00
 0.00000000e+00 0.00000000e+00 0.00000000e+00 0.00000000e+00
 0.00000000e+00 0.00000000e+00 0.00000000e+00 0.00000000e+00
 0.00000000e+00 0.00000000e+00 0.00000000e+00 0.00000000e+00
 0.00000000e+00]
sweep    1  f = 46.854339  (Delta f = 0.00272)
sweep    2  f = 46.85381869  (Delta f = 0.00052)
sweep    3  f = 46.85360183  (Delta f = 0.000217)
sweep    4  f = 46.85358762  (Delta f = 1.42e-05)
sweep    5  f = 46.85358752  (Delta f = 9.69e-08)
sweep    6  f = 46.85358746  (Delta f = 6.13e-08)
sweep    7  f = 46.85358744  (Delta f = 2.35e-08)
sweep    8  f = 46.85358739  (Delta f = 4.43e-08)
sweep    9  f = 46.8535873  (Delta f = 9.46e-08)
sweep   10  f = 46.8535873  (Delta f = 6.2e-11)
New op index: 4	$R_Y$[1]
Current grad: 50.030323420661695
[ 3.14159265  3.14158466  3.14159265  3.14159265 -1.5708954   3.14159265
  3.14159265 -3.14154601  3.14159265  3.14159265  3.14159264  3.14159265
  3.14159265  3.14159174  3.14159265  3.14159265 -3.14159265  3.14159265
  3.14159265 -3.14159261  3.14159265  3.14159265  3.14155047  3.14159265
  3.14159265  3.14159265  3.14159265  3.14159265  3.14159265  3.14159265
  3.14159265  3.14159265  3.14159265  3.14159265  3.14159265  3.14159265
  3.14159265  3.14159265  3.14159265  3.14159265  3.14159265  3.14159265
  3.14159265  3.14159265  3.14159265] 
 [0.00000000e+00 2.77227130e-11 0.00000000e+00 0.00000000e+00
 5.00251944e+01 0.00000000e+00 0.00000000e+00 8.48452419e-10
 0.00000000e+00 0.00000000e+00 1.42108547e-14 0.00000000e+00
 0.00000000e+00 4.20214974e-11 0.00000000e+00 0.00000000e+00
 0.00000000e+00 0.00000000e+00 0.00000000e+00 7.10542736e-14
 0.00000000e+00 0.00000000e+00 6.88272994e-10 0.00000000e+00
 0.00000000e+00 0.00000000e+00 0.00000000e+00 0.00000000e+00
 0.00000000e+00 0.00000000e+00 0.00000000e+00 0.00000000e+00
 0.00000000e+00 0.00000000e+00 0.00000000e+00 0.00000000e+00
 0.00000000e+00 0.00000000e+00 0.00000000e+00 0.00000000e+00
 0.00000000e+00 0.00000000e+00 0.00000000e+00 0.00000000e+00
 0.00000000e+00]
sweep    1  f = -3.591791666  (Delta f = 0.42)
sweep    2  f = -3.591836735  (Delta f = 4.51e-05)
sweep    3  f = -3.591836735  (Delta f = 2.05e-12)
New op index: 13	$R_Y$[4]
Current grad: 1.6077227918664124e-05
[ 3.14159265  3.14159258  0.          3.14159265 -3.14159264  3.14159265
  3.14159265  3.14159261  0.          3.14159265  3.14159263  0.
  3.14159265  3.14159256  0.          3.14159265 -3.14159265  0.
  3.14159265  3.14159264  0.          3.14159265 -3.14159261  0.
  3.14159265  3.14159265  0.          3.14159265  3.14159265  0.
  3.14159265  3.14159265  0.          3.14159265  3.14159265  0.
  3.14159265  3.14159265  0.          3.14159265  3.14159265  0.
  3.14159265  3.14159265  0.        ] 
 [0.00000000e+00 1.35003120e-13 5.97585910e-15 0.00000000e+00
 7.10542736e-15 0.00000000e+00 0.00000000e+00 4.97379915e-14
 3.21850666e-15 0.00000000e+00 2.13162821e-14 1.96370526e-15
 0.00000000e+00 2.13162821e-13 3.94833963e-15 0.00000000e+00
 0.00000000e+00 5.63437690e-16 0.00000000e+00 1.42108547e-14
 1.23785072e-15 0.00000000e+00 4.26325641e-14 3.32079013e-15
 0.00000000e+00 0.00000000e+00 5.22907546e-15 0.00000000e+00
 0.00000000e+00 2.47172301e-15 0.00000000e+00 0.00000000e+00
 5.18221192e-15 0.00000000e+00 0.00000000e+00 1.06854045e-15
 0.00000000e+00 0.00000000e+00 4.51177732e-15 0.00000000e+00
 0.00000000e+00 1.80128841e-15 0.00000000e+00 0.00000000e+00
 4.55864085e-15]
Precision cutoff reached.
Calculating energies for FreeWilson2D(N_x=2, N_y=2, mass=-0.939, r=1.000)
h_im: 0.0
New op index: 10	$R_Y$[3]
Current grad: 2.2448979591836693
[ 3.14159265  1.57079633  3.14159265  3.14159265 -1.57079633  3.14159265
  3.14159265  1.57079633  3.14159265  3.14159265 -0.8150924   0.
  3.14159265 -0.8150924   0.          3.14159265  1.57079633  3.14159265
  3.14159265 -1.57079633  3.14159265  3.14159265  1.57079633  3.14159265
  3.14159265  3.14159265  3.14159265  3.14159265  3.14159265  3.14159265
  3.14159265  0.          0.          3.14159265  3.14159265  3.14159265
  3.14159265  0.          0.          3.14159265  3.14159265  3.14159265
  3.14159265  3.14159265  3.14159265] 
 [0.         0.53061224 0.         0.         0.03061224 0.
 0.         0.03061224 0.         0.         1.22907431 1.
 0.         1.22907431 1.         0.         0.03061224 0.
 0.         0.03061224 0.         0.         0.53061224 0.
 0.         0.         0.         0.         0.         0.
 0.         1.         1.         0.         0.         0.
 0.         1.         1.         0.         0.         0.
 0.         0.         0.        ]
sweep    1  f = 199.2709257  (Delta f = 0)
New op index: 7	$R_Y$[2]
Current grad: 255.73575845974165
[ 3.14159265  1.57079633  3.14159265  3.14159265  1.57079633  3.14159265
  3.14159265  1.57079633  0.          3.14159265 -3.14159265  3.14159265
  3.14159265  1.58045657  3.14159265  3.14159265  1.57079633  0.
  0.          1.57079633  3.14159265  3.14159265  1.57079633  3.14159265
  3.14159265  3.14159265  3.14159265  3.14159265  0.          0.
  3.14159265  3.14159265  3.14159265  3.14159265  3.14159265  3.14159265
  3.14159265  3.14159265  3.14159265  3.14159265  3.14159265  0.
  3.14159265  3.14159265  3.14159265] 
 [0.00000000e+00 3.69200608e+01 0.00000000e+00 0.00000000e+00
 3.63588363e+01 0.00000000e+00 0.00000000e+00 3.72629614e+01
 1.38777878e-17 0.00000000e+00 0.00000000e+00 0.00000000e+00
 0.00000000e+00 3.51536976e+01 0.00000000e+00 0.00000000e+00
 3.64200608e+01 1.38777878e-17 6.51406366e-18 3.63588363e+01
 0.00000000e+00 0.00000000e+00 3.69200608e+01 0.00000000e+00
 0.00000000e+00 0.00000000e+00 0.00000000e+00 0.00000000e+00
 1.38777878e-17 1.38777878e-17 0.00000000e+00 0.00000000e+00
 0.00000000e+00 0.00000000e+00 0.00000000e+00 0.00000000e+00
 0.00000000e+00 0.00000000e+00 0.00000000e+00 0.00000000e+00
 0.00000000e+00 1.38777878e-17 0.00000000e+00 0.00000000e+00
 0.00000000e+00]
sweep    1  f = 148.9288815  (Delta f = 13.1)
sweep    2  f = 148.9288815  (Delta f = 0)
New op index: 13	$R_Y$[4]
Current grad: 2.183674369861654
[ 3.14159265  1.57079633  3.14159265  3.14159265 -1.58910119  3.14159265
  3.14159265 -3.14159265  0.          3.14159265  3.14159264  3.14159265
  0.         -1.58910119  3.14159265  0.          1.57079633  0.
  0.         -1.57079633  3.14159265  0.          1.57079633  0.
  3.14159265  3.14159265  3.14159265  3.14159265  3.14159265  3.14159265
  3.14159265  3.14159265  3.14159265  3.14159265  3.14159265  3.14159265
  0.          3.14159265  3.14159265  3.14159265  3.14159265  0.
  0.          0.          0.        ] 
 [0.00000000e+00 5.20824016e-01 0.00000000e+00 0.00000000e+00
 5.30597958e-01 0.00000000e+00 0.00000000e+00 0.00000000e+00
 3.08148791e-33 0.00000000e+00 7.10542736e-15 0.00000000e+00
 1.01326717e-31 5.30597958e-01 0.00000000e+00 7.36372414e-18
 2.08240158e-02 2.77555756e-17 2.03918515e-17 4.04004740e-02
 0.00000000e+00 2.79679907e-15 5.20824016e-01 2.77555756e-17
 0.00000000e+00 0.00000000e+00 0.00000000e+00 0.00000000e+00
 0.00000000e+00 0.00000000e+00 0.00000000e+00 0.00000000e+00
 0.00000000e+00 0.00000000e+00 0.00000000e+00 0.00000000e+00
 7.36372414e-18 0.00000000e+00 0.00000000e+00 0.00000000e+00
 0.00000000e+00 1.38777878e-17 1.40165657e-15 1.38777878e-15
 1.38777878e-17]
sweep    1  f = 148.2047821  (Delta f = 0.194)
sweep    2  f = 148.2047821  (Delta f = 1.29e-10)
New op index: 1	$R_Y$[0]
Current grad: 183.0888980779299
[ 3.14159265  1.57079633  3.14159265  3.14159265  1.58029903  3.14159265
  3.14159265 -3.1415924   3.14159265  3.14159265 -3.14159015  3.14159265
  3.14159265 -3.14159252  3.14159265  0.          1.57083792  3.14159265
  0.          1.57079633  3.14159265  3.14159265  1.57079633  0.
  3.14159265  3.14159265  3.14159265  3.14159265  3.14159265  3.14159265
  3.14159265  3.14159265  3.14159265  3.14159265  3.14159265  3.14159265
  3.14159265  3.14159265  3.14159265  0.          3.14159265  3.14159265
  0.          0.          3.14159265] 
 [0.00000000e+00 3.70172611e+01 0.00000000e+00 0.00000000e+00
 3.56180390e+01 0.00000000e+00 0.00000000e+00 2.85638180e-12
 0.00000000e+00 0.00000000e+00 2.35289566e-12 0.00000000e+00
 0.00000000e+00 1.24344979e-13 0.00000000e+00 1.20930811e-14
 3.66386642e+01 0.00000000e+00 1.06070226e-15 3.64560366e+01
 0.00000000e+00 0.00000000e+00 3.70172611e+01 2.50531170e-17
 0.00000000e+00 0.00000000e+00 0.00000000e+00 0.00000000e+00
 0.00000000e+00 0.00000000e+00 0.00000000e+00 0.00000000e+00
 0.00000000e+00 0.00000000e+00 0.00000000e+00 0.00000000e+00
 0.00000000e+00 0.00000000e+00 0.00000000e+00 1.32922324e-14
 0.00000000e+00 0.00000000e+00 5.09562570e-15 5.01144143e-15
 0.00000000e+00]
sweep    1  f = 97.87260377  (Delta f = 13.3)
sweep    2  f = 97.87260377  (Delta f = 0)
New op index: 22	$R_Y$[7]
Current grad: 1.1224565815925964
[ 3.14159265 -3.14159262  3.14159265  3.14159265 -1.58011928  3.14159265
  3.14159265  3.14159264  3.14159265  3.14159265  3.14159263  3.14159265
  3.14159265 -3.14159256  3.14159265  3.14159265  1.73100219  3.14159265
  3.14159265 -1.57079633  3.14159265  0.          1.57079633  3.14159265
  3.14159265  3.14159265  3.14159265  3.14159265  3.14159265  3.14159265
  3.14159265  3.14159265  3.14159265  3.14159265  3.14159265  3.14159265
  3.14159265  3.14159265  3.14159265  3.14159265  3.14159265  3.14159265
  0.          0.          3.14159265] 
 [0.00000000e+00 2.13162821e-14 0.00000000e+00 0.00000000e+00
 5.25689011e-01 0.00000000e+00 0.00000000e+00 0.00000000e+00
 0.00000000e+00 0.00000000e+00 1.42108547e-14 0.00000000e+00
 0.00000000e+00 1.98951966e-13 0.00000000e+00 0.00000000e+00
 2.60620257e-02 0.00000000e+00 0.00000000e+00 3.06129714e-02
 0.00000000e+00 6.94824411e-15 5.30611518e-01 0.00000000e+00
 0.00000000e+00 0.00000000e+00 0.00000000e+00 0.00000000e+00
 0.00000000e+00 0.00000000e+00 0.00000000e+00 0.00000000e+00
 0.00000000e+00 0.00000000e+00 0.00000000e+00 0.00000000e+00
 0.00000000e+00 0.00000000e+00 0.00000000e+00 0.00000000e+00
 0.00000000e+00 0.00000000e+00 3.49242133e-15 3.48557392e-15
 0.00000000e+00]
sweep    1  f = 97.14771707  (Delta f = 0.194)
sweep    2  f = 97.14771707  (Delta f = 5.83e-12)
New op index: 19	$R_Y$[6]
Current grad: 110.22364815541967
[ 3.14159265  3.14159198  3.14159265  3.14159265 -1.57083746  3.14159265
  3.14159265  3.14158361  3.14159265  3.14159265 -3.14159262  3.14159265
  3.14159265 -3.14159253  3.14159265  3.14159265 -1.58023281  3.14159265
  0.         -1.57079633  0.          3.14159265 -3.14159219  0.
  3.14159265  3.14159265  3.14159265  3.14159265  3.14159265  3.14159265
  3.14159265  3.14159265  3.14159265  3.14159265  3.14159265  3.14159265
  3.14159265  3.14159265  3.14159265  3.14159265  3.14159265  3.14159265
  3.14159265  3.14159265  0.        ] 
 [0.00000000e+00 3.17434967e-12 0.00000000e+00 0.00000000e+00
 3.69719468e+01 0.00000000e+00 0.00000000e+00 2.98656655e-11
 0.00000000e+00 0.00000000e+00 4.26325641e-14 0.00000000e+00
 0.00000000e+00 6.25277607e-13 0.00000000e+00 0.00000000e+00
 3.59359572e+01 0.00000000e+00 1.53318404e-14 3.69734682e+01
 4.16331517e-17 0.00000000e+00 1.49036339e-12 1.98523347e-23
 0.00000000e+00 0.00000000e+00 0.00000000e+00 0.00000000e+00
 0.00000000e+00 0.00000000e+00 0.00000000e+00 0.00000000e+00
 0.00000000e+00 0.00000000e+00 0.00000000e+00 0.00000000e+00
 0.00000000e+00 0.00000000e+00 0.00000000e+00 0.00000000e+00
 0.00000000e+00 0.00000000e+00 0.00000000e+00 0.00000000e+00
 4.16331715e-17]
sweep    1  f = 46.80890559  (Delta f = 13.4)
sweep    2  f = 46.80890559  (Delta f = 3.27e-13)
New op index: 16	$R_Y$[5]
Current grad: 1.0612342237869308
[ 3.14159265  3.14159261  3.14159265  3.14159265 -1.58016296  3.14159265
  3.14159265 -3.14159263  3.14159265  3.14159265  3.14159259  3.14159265
  3.14159265 -3.14159263  3.14159265  3.14159265  1.58935414  3.14159265
  3.14159265  3.14159265  3.14159265  3.14159265 -3.14159263  3.14159265
  3.14159265  3.14159265  3.14159265  3.14159265  3.14159265  3.14159265
  3.14159265  3.14159265  3.14159265  3.14159265  3.14159265  3.14159265
  3.14159265  3.14159265  3.14159265  3.14159265  3.14159265  3.14159265
  3.14159265  3.14159265  3.14159265] 
 [0.00000000e+00 4.97379915e-14 0.00000000e+00 0.00000000e+00
 5.23241770e-01 0.00000000e+00 0.00000000e+00 2.13162821e-14
 0.00000000e+00 0.00000000e+00 9.23705556e-14 0.00000000e+00
 0.00000000e+00 2.13162821e-14 0.00000000e+00 0.00000000e+00
 5.23256883e-01 0.00000000e+00 0.00000000e+00 0.00000000e+00
 0.00000000e+00 0.00000000e+00 1.42108547e-14 0.00000000e+00
 0.00000000e+00 0.00000000e+00 0.00000000e+00 0.00000000e+00
 0.00000000e+00 0.00000000e+00 0.00000000e+00 0.00000000e+00
 0.00000000e+00 0.00000000e+00 0.00000000e+00 0.00000000e+00
 0.00000000e+00 0.00000000e+00 0.00000000e+00 0.00000000e+00
 0.00000000e+00 0.00000000e+00 0.00000000e+00 0.00000000e+00
 0.00000000e+00]
sweep    1  f = 46.2831181  (Delta f = 0.00253)
sweep    2  f = 46.28298048  (Delta f = 0.000138)
sweep    3  f = 46.28282772  (Delta f = 0.000153)
sweep    4  f = 46.28275313  (Delta f = 7.46e-05)
sweep    5  f = 46.2827369  (Delta f = 1.62e-05)
sweep    6  f = 46.28273477  (Delta f = 2.13e-06)
sweep    7  f = 46.28273455  (Delta f = 2.17e-07)
sweep    8  f = 46.28273455  (Delta f = 8.66e-10)
New op index: 4	$R_Y$[1]
Current grad: 50.25101070571045
[ 3.14159265  3.14158105  3.14159265  3.14159265 -1.57089503  3.14159265
  3.14159265 -3.14143554  3.14159265  3.14159265  3.14159018  3.14159265
  3.14159265  3.14159263  3.14159265  3.14159265 -3.14159265  3.14159265
  3.14159265 -3.14159112  3.14159265  3.14159265  3.14142211  3.14159265
  3.14159265  3.14159265  3.14159265  3.14159265  3.14159265  3.14159265
  3.14159265  3.14159265  3.14159265  3.14159265  3.14159265  3.14159265
  3.14159265  3.14159265  3.14159265  3.14159265  3.14159265  3.14159265
  3.14159265  3.14159265  3.14159265] 
 [0.00000000e+00 5.45824497e-11 0.00000000e+00 0.00000000e+00
 5.02453923e+01 0.00000000e+00 0.00000000e+00 9.27129451e-09
 0.00000000e+00 0.00000000e+00 3.05632852e-10 0.00000000e+00
 0.00000000e+00 2.84217094e-14 0.00000000e+00 0.00000000e+00
 0.00000000e+00 0.00000000e+00 0.00000000e+00 1.18276944e-10
 0.00000000e+00 0.00000000e+00 1.08377592e-08 0.00000000e+00
 0.00000000e+00 0.00000000e+00 0.00000000e+00 0.00000000e+00
 0.00000000e+00 0.00000000e+00 0.00000000e+00 0.00000000e+00
 0.00000000e+00 0.00000000e+00 0.00000000e+00 0.00000000e+00
 0.00000000e+00 0.00000000e+00 0.00000000e+00 0.00000000e+00
 0.00000000e+00 0.00000000e+00 0.00000000e+00 0.00000000e+00
 0.00000000e+00]
sweep    1  f = -4.244868654  (Delta f = 0.282)
sweep    2  f = -4.244897959  (Delta f = 2.93e-05)
sweep    3  f = -4.244897959  (Delta f = 0)
New op index: 19	$R_Y$[6]
Current grad: 3.252899318075992e-05
[ 3.14159265  3.14159261  0.          3.14159265 -3.14159263  0.
  3.14159265  3.14159254  0.          3.14159265  3.1415926   3.14159265
  3.14159265 -3.14159263  0.          3.14159265 -3.14159264  0.
  3.14159265 -3.14159245  0.          3.14159265 -3.14159249  0.
  3.14159265  3.14159265  0.          3.14159265  3.14159265  0.
  3.14159265  3.14159265  0.          3.14159265  3.14159265  0.
  3.14159265  3.14159265  0.          3.14159265  3.14159265  0.
  3.14159265  3.14159265  0.        ] 
 [0.00000000e+00 4.97379915e-14 1.15267316e-14 0.00000000e+00
 1.42108547e-14 3.72474320e-15 0.00000000e+00 3.33955086e-13
 6.61072445e-15 0.00000000e+00 6.39488462e-14 0.00000000e+00
 0.00000000e+00 1.42108547e-14 3.49494356e-15 0.00000000e+00
 7.10542736e-15 4.29094927e-15 0.00000000e+00 1.06581410e-12
 9.61114161e-15 0.00000000e+00 6.46593890e-13 9.20695643e-15
 0.00000000e+00 0.00000000e+00 1.52514748e-14 0.00000000e+00
 0.00000000e+00 1.03354677e-14 0.00000000e+00 0.00000000e+00
 4.21926960e-15 0.00000000e+00 0.00000000e+00 3.41882455e-15
 0.00000000e+00 0.00000000e+00 7.78589284e-15 0.00000000e+00
 0.00000000e+00 1.39020909e-14 0.00000000e+00 0.00000000e+00
 1.88180980e-14]
Precision cutoff reached.
Calculating energies for FreeWilson2D(N_x=2, N_y=2, mass=-0.776, r=1.000)
h_im: 0.0
New op index: 10	$R_Y$[3]
Current grad: 2.897959183673465
[ 3.14159265  1.57079633  3.14159265  3.14159265 -1.57079633  3.14159265
  3.14159265  1.57079633  3.14159265  3.14159265 -0.88597508  0.
  3.14159265 -0.88597508  0.          3.14159265  1.57079633  3.14159265
  3.14159265 -1.57079633  3.14159265  3.14159265  1.57079633  3.14159265
  3.14159265  3.14159265  3.14159265  3.14159265  3.14159265  3.14159265
  3.14159265  0.          0.          3.14159265  3.14159265  3.14159265
  3.14159265  0.          0.          3.14159265  3.14159265  3.14159265
  3.14159265  3.14159265  3.14159265] 
 [0.         0.6122449  0.         0.         0.1122449  0.
 0.         0.1122449  0.         0.         1.29047063 1.
 0.         1.29047063 1.         0.         0.1122449  0.
 0.         0.1122449  0.         0.         0.6122449  0.
 0.         0.         0.         0.         0.         0.
 0.         1.         1.         0.         0.         0.
 0.         1.         1.         0.         0.         0.
 0.         0.         0.        ]
sweep    1  f = 199.2095294  (Delta f = 0)
New op index: 7	$R_Y$[2]
Current grad: 272.127490774921
[3.14159265 1.57079633 3.14159265 3.14159265 1.57079633 3.14159265
 3.14159265 1.57079633 0.         3.14159265 3.14159265 3.14159265
 3.14159265 1.57917916 3.14159265 3.14159265 1.57079633 3.14159265
 3.14159265 1.57079633 3.14159265 0.         1.57079633 3.14159265
 3.14159265 3.14159265 3.14159265 3.14159265 0.         0.
 3.14159265 3.14159265 3.14159265 3.14159265 3.14159265 3.14159265
 3.14159265 3.14159265 3.14159265 3.14159265 3.14159265 3.14159265
 3.14159265 3.14159265 3.14159265] 
 [0.00000000e+00 3.93388513e+01 0.00000000e+00 0.00000000e+00
 3.86143615e+01 0.00000000e+00 0.00000000e+00 3.96551186e+01
 1.38777878e-17 0.00000000e+00 0.00000000e+00 0.00000000e+00
 0.00000000e+00 3.74121537e+01 0.00000000e+00 0.00000000e+00
 3.88388513e+01 0.00000000e+00 0.00000000e+00 3.86143615e+01
 0.00000000e+00 1.36540439e-15 3.93388513e+01 0.00000000e+00
 0.00000000e+00 0.00000000e+00 0.00000000e+00 0.00000000e+00
 1.38777878e-17 1.38777878e-17 0.00000000e+00 0.00000000e+00
 0.00000000e+00 0.00000000e+00 0.00000000e+00 0.00000000e+00
 0.00000000e+00 0.00000000e+00 0.00000000e+00 0.00000000e+00
 0.00000000e+00 0.00000000e+00 0.00000000e+00 0.00000000e+00
 0.00000000e+00]
sweep    1  f = 148.7656321  (Delta f = 10.8)
sweep    2  f = 148.7656321  (Delta f = 0)
New op index: 4	$R_Y$[1]
Current grad: 2.6734727146743835
[ 3.14159265  1.57079633  3.14159265  3.14159265 -1.58667456  3.14159265
  3.14159265 -3.14159262  0.          3.14159265  3.14159262  3.14159265
  3.14159265 -1.58667456  3.14159265  0.          1.57079633  3.14159265
  3.14159265 -1.57079633  3.14159265  0.          1.57079633  3.14159265
  3.14159265  3.14159265  3.14159265  3.14159265  3.14159265  3.14159265
  3.14159265  3.14159265  3.14159265  3.14159265  3.14159265  3.14159265
  0.          3.14159265  3.14159265  3.14159265  3.14159265  3.14159265
  0.          0.          3.14159265] 
 [0.00000000e+00 6.02488197e-01 0.00000000e+00 0.00000000e+00
 6.12202915e-01 0.00000000e+00 0.00000000e+00 2.84217094e-14
 8.27180613e-25 0.00000000e+00 2.13162821e-14 0.00000000e+00
 0.00000000e+00 6.12202878e-01 0.00000000e+00 2.62788251e-15
 1.02488197e-01 0.00000000e+00 0.00000000e+00 1.22001598e-01
 0.00000000e+00 1.50568498e-14 6.02488197e-01 0.00000000e+00
 0.00000000e+00 0.00000000e+00 0.00000000e+00 0.00000000e+00
 0.00000000e+00 0.00000000e+00 0.00000000e+00 0.00000000e+00
 0.00000000e+00 0.00000000e+00 0.00000000e+00 0.00000000e+00
 2.52097580e-15 0.00000000e+00 0.00000000e+00 0.00000000e+00
 0.00000000e+00 0.00000000e+00 6.60469779e-15 6.59010417e-15
 0.00000000e+00]
sweep    1  f = 147.9794341  (Delta f = 0.174)
sweep    2  f = 147.9794341  (Delta f = 0)
New op index: 22	$R_Y$[7]
Current grad: 194.24178174980756
[ 3.14159265  1.57086741  3.14159265  3.14159265  3.14159212  3.14159265
  3.14159265 -3.14159264  3.14159265  3.14159265 -3.14158697  3.14159265
  3.14159265  1.57908869  3.14159265  0.          1.57079633  3.14159265
  3.14159265  1.57079633  3.14159265  3.14159265  1.57079633  3.14159265
  3.14159265  3.14159265  3.14159265  3.14159265  3.14159265  3.14159265
  3.14159265  3.14159265  3.14159265  3.14159265  3.14159265  3.14159265
  3.14159265  3.14159265  3.14159265  3.14159265  3.14159265  3.14159265
  3.14159265  3.14159265  3.14159265] 
 [0.00000000e+00 3.93349203e+01 0.00000000e+00 0.00000000e+00
 1.69109171e-12 0.00000000e+00 0.00000000e+00 1.42108547e-14
 0.00000000e+00 0.00000000e+00 1.31307187e-11 0.00000000e+00
 0.00000000e+00 3.78006305e+01 0.00000000e+00 1.88551800e-15
 3.88377163e+01 0.00000000e+00 0.00000000e+00 3.86132265e+01
 0.00000000e+00 0.00000000e+00 3.93377163e+01 0.00000000e+00
 0.00000000e+00 0.00000000e+00 0.00000000e+00 0.00000000e+00
 0.00000000e+00 0.00000000e+00 0.00000000e+00 0.00000000e+00
 0.00000000e+00 0.00000000e+00 0.00000000e+00 0.00000000e+00
 0.00000000e+00 0.00000000e+00 0.00000000e+00 0.00000000e+00
 0.00000000e+00 0.00000000e+00 0.00000000e+00 0.00000000e+00
 0.00000000e+00]
sweep    1  f = 97.54608065  (Delta f = 11.1)
sweep    2  f = 97.54608065  (Delta f = 0)
New op index: 19	$R_Y$[6]
Current grad: 1.9440528179811194
[ 3.14159265  1.57886408  3.14159265  3.14159265  3.14159262  3.14159265
  3.14159265 -3.1415926   3.14159265  3.14159265 -3.14159258  3.14159265
  0.         -1.57893036  3.14159265  3.14159265  1.57079633  3.14159265
  3.14159265 -1.57079633  3.14159265  3.14159265 -3.14159257  3.14159265
  3.14159265  3.14159265  3.14159265  3.14159265  3.14159265  3.14159265
  3.14159265  3.14159265  3.14159265  3.14159265  3.14159265  3.14159265
  0.          3.14159265  3.14159265  3.14159265  3.14159265  3.14159265
  3.14159265  3.14159265  3.14159265] 
 [0.00000000e+00 6.07324634e-01 0.00000000e+00 0.00000000e+00
 2.84217094e-14 0.00000000e+00 0.00000000e+00 7.81597009e-14
 0.00000000e+00 0.00000000e+00 1.49213975e-13 0.00000000e+00
 6.70916217e-15 6.02386382e-01 0.00000000e+00 0.00000000e+00
 1.12244249e-01 0.00000000e+00 0.00000000e+00 6.12245589e-01
 0.00000000e+00 0.00000000e+00 1.70530257e-13 0.00000000e+00
 0.00000000e+00 0.00000000e+00 0.00000000e+00 0.00000000e+00
 0.00000000e+00 0.00000000e+00 0.00000000e+00 0.00000000e+00
 0.00000000e+00 0.00000000e+00 0.00000000e+00 0.00000000e+00
 4.64601636e-15 0.00000000e+00 0.00000000e+00 0.00000000e+00
 0.00000000e+00 0.00000000e+00 0.00000000e+00 0.00000000e+00
 0.00000000e+00]
sweep    1  f = 96.75354498  (Delta f = 0.18)
sweep    2  f = 96.75354498  (Delta f = 1.31e-11)
New op index: 1	$R_Y$[0]
Current grad: 116.73444402283175
[ 3.14159265  1.57086745  3.14159265  3.14159265  3.14159165  3.14159265
  3.14159265  3.14159262  3.14159265  3.14159265 -3.14158439  3.14159265
  3.14159265  1.57909909  3.14159265  3.14159265  1.57086751  3.14159265
  3.14159265 -3.14159104  3.14159265  3.14159265  3.1415926   3.14159265
  3.14159265  3.14159265  3.14159265  3.14159265  3.14159265  3.14159265
  3.14159265  3.14159265  3.14159265  3.14159265  3.14159265  3.14159265
  3.14159265  3.14159265  3.14159265  3.14159265  3.14159265  3.14159265
  3.14159265  3.14159265  3.14159265] 
 [0.00000000e+00 3.93161111e+01 0.00000000e+00 0.00000000e+00
 5.99698069e-12 0.00000000e+00 0.00000000e+00 4.26325641e-14
 0.00000000e+00 0.00000000e+00 2.76749734e-11 0.00000000e+00
 0.00000000e+00 3.77815835e+01 0.00000000e+00 0.00000000e+00
 3.93161080e+01 0.00000000e+00 0.00000000e+00 1.55058189e-11
 0.00000000e+00 0.00000000e+00 9.94759830e-14 0.00000000e+00
 0.00000000e+00 0.00000000e+00 0.00000000e+00 0.00000000e+00
 0.00000000e+00 0.00000000e+00 0.00000000e+00 0.00000000e+00
 0.00000000e+00 0.00000000e+00 0.00000000e+00 0.00000000e+00
 0.00000000e+00 0.00000000e+00 0.00000000e+00 0.00000000e+00
 0.00000000e+00 0.00000000e+00 0.00000000e+00 0.00000000e+00
 0.00000000e+00]
sweep    1  f = 46.32159086  (Delta f = 11.1)
sweep    2  f = 46.32159086  (Delta f = 0)
New op index: 13	$R_Y$[4]
Current grad: 1.2245058846442851
[ 3.14159265  3.14159263  3.14159265  3.14159265  3.14159264  3.14159265
  3.14159265 -3.1415926   3.14159265  3.14159265  3.14159262  3.14159265
  0.         -1.57886483  3.14159265  3.14159265  1.57886412  3.14159265
  3.14159265  3.14159257  0.          3.14159265 -3.14159255  3.14159265
  3.14159265  3.14159265  3.14159265  3.14159265  3.14159265  3.14159265
  3.14159265  3.14159265  3.14159265  3.14159265  3.14159265  3.14159265
  0.          3.14159265  3.14159265  3.14159265  3.14159265  3.14159265
  3.14159265  3.14159265  3.14159265] 
 [0.00000000e+00 2.13162821e-14 0.00000000e+00 0.00000000e+00
 0.00000000e+00 0.00000000e+00 0.00000000e+00 7.10542736e-14
 0.00000000e+00 0.00000000e+00 2.84217094e-14 0.00000000e+00
 7.86725793e-15 6.07325468e-01 0.00000000e+00 0.00000000e+00
 6.07324621e-01 0.00000000e+00 0.00000000e+00 1.91846539e-13
 8.48344783e-25 0.00000000e+00 2.70006240e-13 0.00000000e+00
 0.00000000e+00 0.00000000e+00 0.00000000e+00 0.00000000e+00
 0.00000000e+00 0.00000000e+00 0.00000000e+00 0.00000000e+00
 0.00000000e+00 0.00000000e+00 0.00000000e+00 0.00000000e+00
 3.58860053e-16 0.00000000e+00 0.00000000e+00 0.00000000e+00
 0.00000000e+00 0.00000000e+00 0.00000000e+00 0.00000000e+00
 0.00000000e+00]
sweep    1  f = 45.71176878  (Delta f = 0.0025)
sweep    2  f = 45.71175547  (Delta f = 1.33e-05)
sweep    3  f = 45.71170263  (Delta f = 5.28e-05)
sweep    4  f = 45.71168751  (Delta f = 1.51e-05)
sweep    5  f = 45.71166667  (Delta f = 2.08e-05)
sweep    6  f = 45.71166261  (Delta f = 4.06e-06)
sweep    7  f = 45.71165963  (Delta f = 2.98e-06)
sweep    8  f = 45.71165963  (Delta f = 3.85e-09)
New op index: 16	$R_Y$[5]
Current grad: 50.471186406727334
[ 3.14159265  3.14159053  3.14159265  3.14159265  3.14141819  3.14159265
  3.14159265 -3.1415878   3.14159265  3.14159265 -3.14105035  3.14159265
  3.14159265  3.14159265  3.14159265  0.          1.57089466  3.14159265
  3.14159265 -3.14157733  0.          3.14159265  3.14159116  3.14159265
  3.14159265  3.14159265  3.14159265  3.14159265  3.14159265  3.14159265
  3.14159265  3.14159265  3.14159265  3.14159265  3.14159265  3.14159265
  3.14159265  3.14159265  3.14159265  3.14159265  3.14159265  3.14159265
  3.14159265  3.14159265  3.14159265] 
 [0.00000000e+00 2.26819452e-10 0.00000000e+00 0.00000000e+00
 1.09587192e-08 0.00000000e+00 0.00000000e+00 1.18097887e-09
 0.00000000e+00 0.00000000e+00 1.00689278e-07 0.00000000e+00
 0.00000000e+00 0.00000000e+00 0.00000000e+00 1.04479995e-14
 5.04648649e+01 0.00000000e+00 0.00000000e+00 8.89296414e-11
 1.16388417e-22 0.00000000e+00 1.11739951e-10 0.00000000e+00
 0.00000000e+00 0.00000000e+00 0.00000000e+00 0.00000000e+00
 0.00000000e+00 0.00000000e+00 0.00000000e+00 0.00000000e+00
 0.00000000e+00 0.00000000e+00 0.00000000e+00 0.00000000e+00
 0.00000000e+00 0.00000000e+00 0.00000000e+00 0.00000000e+00
 0.00000000e+00 0.00000000e+00 0.00000000e+00 0.00000000e+00
 0.00000000e+00]
sweep    1  f = -4.897952252  (Delta f = 0.145)
sweep    2  f = -4.897959184  (Delta f = 6.93e-06)
sweep    3  f = -4.897959184  (Delta f = -3.55e-14)
New op index: 19	$R_Y$[6]
Current grad: 1.467401716386452e-05
[ 3.14159265  3.14159265  0.          3.14159265 -3.14159265  3.14159265
  3.14159265 -3.14159261  0.          3.14159265  3.14159258  3.14159265
  3.14159265 -3.14159265  3.14159265  3.14159265  3.14159264  3.14159265
  3.14159265  3.14159257  3.14159265  3.14159265 -3.1415926   3.14159265
  3.14159265  3.14159265  3.14159265  3.14159265  3.14159265  3.14159265
  3.14159265  3.14159265  3.14159265  3.14159265  3.14159265  3.14159265
  3.14159265  3.14159265  3.14159265  3.14159265  3.14159265  3.14159265
  3.14159265  3.14159265  3.14159265] 
 [0.00000000e+00 0.00000000e+00 1.57578274e-17 0.00000000e+00
 0.00000000e+00 0.00000000e+00 0.00000000e+00 5.68434189e-14
 4.50820895e-16 0.00000000e+00 1.56319402e-13 0.00000000e+00
 0.00000000e+00 0.00000000e+00 0.00000000e+00 0.00000000e+00
 7.10542736e-15 0.00000000e+00 0.00000000e+00 1.70530257e-13
 0.00000000e+00 0.00000000e+00 7.81597009e-14 0.00000000e+00
 0.00000000e+00 0.00000000e+00 0.00000000e+00 0.00000000e+00
 0.00000000e+00 0.00000000e+00 0.00000000e+00 0.00000000e+00
 0.00000000e+00 0.00000000e+00 0.00000000e+00 0.00000000e+00
 0.00000000e+00 0.00000000e+00 0.00000000e+00 0.00000000e+00
 0.00000000e+00 0.00000000e+00 0.00000000e+00 0.00000000e+00
 0.00000000e+00]
Precision cutoff reached.
Calculating energies for FreeWilson2D(N_x=2, N_y=2, mass=-0.612, r=1.000)
h_im: 0.0
New op index: 10	$R_Y$[3]
Current grad: 3.551020408163261
[ 3.14159265  1.57079633  3.14159265  3.14159265 -1.57079633  3.14159265
  3.14159265  1.57079633  3.14159265  3.14159265 -0.94638598  0.
  3.14159265 -0.94638598  0.          3.14159265  1.57079633  3.14159265
  3.14159265 -1.57079633  3.14159265  3.14159265  1.57079633  3.14159265
  3.14159265  3.14159265  3.14159265  3.14159265  3.14159265  3.14159265
  3.14159265  0.          0.          3.14159265  3.14159265  3.14159265
  3.14159265  0.          0.          3.14159265  3.14159265  3.14159265
  3.14159265  3.14159265  3.14159265] 
 [0.         0.69387755 0.         0.         0.19387755 0.
 0.         0.19387755 0.         0.         1.35525789 1.
 0.         1.35525789 1.         0.         0.19387755 0.
 0.         0.19387755 0.         0.         0.69387755 0.
 0.         0.         0.         0.         0.         0.
 0.         1.         1.         0.         0.         0.
 0.         1.         1.         0.         0.         0.
 0.         0.         0.        ]
sweep    1  f = 199.1447421  (Delta f = -2.84e-14)
New op index: 7	$R_Y$[2]
Current grad: 285.0383265190458
[3.14159265 1.57079633 3.14159265 3.14159265 1.57079633 3.14159265
 3.14159265 1.57079633 0.         3.14159265 3.14159265 3.14159265
 3.14159265 1.57820283 3.14159265 0.         1.57079633 0.
 3.14159265 1.57079633 3.14159265 0.         1.57079633 3.14159265
 3.14159265 3.14159265 3.14159265 3.14159265 0.         0.
 3.14159265 3.14159265 3.14159265 3.14159265 3.14159265 3.14159265
 0.         3.14159265 3.14159265 0.         0.         0.
 0.         0.         3.14159265] 
 [0.00000000e+00 4.12592766e+01 0.00000000e+00 0.00000000e+00
 4.03715215e+01 0.00000000e+00 0.00000000e+00 4.15515861e+01
 1.38777878e-17 0.00000000e+00 0.00000000e+00 0.00000000e+00
 0.00000000e+00 3.91746405e+01 0.00000000e+00 2.77130926e-15
 4.07592766e+01 1.38777878e-17 0.00000000e+00 4.03715215e+01
 0.00000000e+00 8.32242438e-15 4.12592766e+01 0.00000000e+00
 0.00000000e+00 0.00000000e+00 0.00000000e+00 0.00000000e+00
 1.38777878e-17 1.38777878e-17 0.00000000e+00 0.00000000e+00
 0.00000000e+00 0.00000000e+00 0.00000000e+00 0.00000000e+00
 1.37390099e-15 0.00000000e+00 0.00000000e+00 1.38777878e-15
 1.40165657e-15 1.38777878e-17 4.19109192e-15 4.13558077e-15
 0.00000000e+00]
sweep    1  f = 148.6023827  (Delta f = 8.99)
sweep    2  f = 148.6023827  (Delta f = 0)
New op index: 4	$R_Y$[1]
Current grad: 3.1632672676662503
[ 3.14159265  1.57079633  3.14159265  3.14159265 -1.58481071  3.14159265
  3.14159265 -3.14159262  3.14159265  3.14159265 -3.14159265  3.14159265
  3.14159265 -1.58481071  3.14159265  3.14159265  1.57079633  3.14159265
  3.14159265 -1.57079633  3.14159265  0.          1.57079633  3.14159265
  3.14159265  3.14159265  3.14159265  3.14159265  3.14159265  3.14159265
  3.14159265  3.14159265  3.14159265  3.14159265  3.14159265  3.14159265
  3.14159265  3.14159265  3.14159265  3.14159265  3.14159265  3.14159265
  3.14159265  3.14159265  3.14159265] 
 [0.00000000e+00 6.84152271e-01 0.00000000e+00 0.00000000e+00
 6.93810745e-01 0.00000000e+00 0.00000000e+00 3.55271368e-14
 0.00000000e+00 0.00000000e+00 0.00000000e+00 0.00000000e+00
 0.00000000e+00 6.93810710e-01 0.00000000e+00 0.00000000e+00
 1.84152271e-01 0.00000000e+00 0.00000000e+00 2.03602831e-01
 0.00000000e+00 2.01674596e-15 6.84152271e-01 0.00000000e+00
 0.00000000e+00 0.00000000e+00 0.00000000e+00 0.00000000e+00
 0.00000000e+00 0.00000000e+00 0.00000000e+00 0.00000000e+00
 0.00000000e+00 0.00000000e+00 0.00000000e+00 0.00000000e+00
 0.00000000e+00 0.00000000e+00 0.00000000e+00 0.00000000e+00
 0.00000000e+00 0.00000000e+00 0.00000000e+00 0.00000000e+00
 0.00000000e+00]
sweep    1  f = 147.7514011  (Delta f = 0.157)
sweep    2  f = 147.7514011  (Delta f = 6.68e-12)
New op index: 22	$R_Y$[7]
Current grad: 203.42705455341695
[ 3.14159265  1.57086271  3.14159265  3.14159265 -3.14159216  3.14159265
  3.14159265 -3.14159263  3.14159265  3.14159265 -3.14159015  3.14159265
  0.          1.57813031  3.14159265  0.          1.57079633  3.14159265
  3.14159265  1.57079633  0.          0.          1.57079633  3.14159265
  3.14159265  3.14159265  3.14159265  3.14159265  3.14159265  3.14159265
  3.14159265  3.14159265  3.14159265  3.14159265  3.14159265  3.14159265
  0.          3.14159265  3.14159265  3.14159265  3.14159265  0.
  3.14159265  3.14159265  0.        ] 
 [0.00000000e+00 4.12373292e+01 0.00000000e+00 0.00000000e+00
 1.21858079e-12 0.00000000e+00 0.00000000e+00 2.84217094e-14
 0.00000000e+00 0.00000000e+00 2.75734990e-12 0.00000000e+00
 2.23723615e-16 3.95633075e+01 0.00000000e+00 1.58187797e-15
 4.07400666e+01 0.00000000e+00 0.00000000e+00 4.03523115e+01
 1.08790218e-16 1.65406253e-15 4.12400666e+01 0.00000000e+00
 0.00000000e+00 0.00000000e+00 0.00000000e+00 0.00000000e+00
 0.00000000e+00 0.00000000e+00 0.00000000e+00 0.00000000e+00
 0.00000000e+00 0.00000000e+00 0.00000000e+00 0.00000000e+00
 1.67356132e-15 0.00000000e+00 0.00000000e+00 0.00000000e+00
 0.00000000e+00 5.59861845e-17 0.00000000e+00 0.00000000e+00
 5.78632095e-17]
sweep    1  f = 97.219558  (Delta f = 9.29)
sweep    2  f = 97.219558  (Delta f = 0)
New op index: 19	$R_Y$[6]
Current grad: 2.2705895309809128
[ 3.14159265  1.57790351  3.14159265  3.14159265 -3.14159263  3.14159265
  3.14159265 -3.14159258  3.14159265  3.14159265  3.14159261  3.14159265
  3.14159265 -1.57795505  3.14159265  3.14159265  1.57079633  3.14159265
  3.14159265 -1.57079633  0.          3.14159265  3.14159258  3.14159265
  3.14159265  3.14159265  3.14159265  3.14159265  3.14159265  3.14159265
  3.14159265  3.14159265  3.14159265  3.14159265  3.14159265  3.14159265
  3.14159265  3.14159265  3.14159265  3.14159265  3.14159265  0.
  3.14159265  3.14159265  0.        ] 
 [0.00000000e+00 6.88962784e-01 0.00000000e+00 0.00000000e+00
 1.42108547e-14 0.00000000e+00 0.00000000e+00 1.42108547e-13
 0.00000000e+00 0.00000000e+00 5.68434189e-14 0.00000000e+00
 0.00000000e+00 6.84032484e-01 0.00000000e+00 0.00000000e+00
 1.93876854e-01 0.00000000e+00 0.00000000e+00 6.93878213e-01
 2.11346415e-17 0.00000000e+00 1.27897692e-13 0.00000000e+00
 0.00000000e+00 0.00000000e+00 0.00000000e+00 0.00000000e+00
 0.00000000e+00 0.00000000e+00 0.00000000e+00 0.00000000e+00
 0.00000000e+00 0.00000000e+00 0.00000000e+00 0.00000000e+00
 0.00000000e+00 0.00000000e+00 0.00000000e+00 0.00000000e+00
 0.00000000e+00 2.07009565e-17 0.00000000e+00 0.00000000e+00
 2.11346362e-17]
sweep    1  f = 96.36227586  (Delta f = 0.163)
sweep    2  f = 96.36227586  (Delta f = 3.67e-12)
New op index: 1	$R_Y$[0]
Current grad: 122.29226000889352
[ 3.14159265  1.57086274  3.14159265  3.14159265 -3.1415924   3.14159265
  3.14159265 -3.14159263  3.14159265  3.14159265 -3.14159095  3.14159265
  3.14159265  1.57813811  3.14159265  0.          1.5708628   3.14159265
  3.14159265 -3.14159258  0.          3.14159265  3.1415926   3.14159265
  3.14159265  3.14159265  3.14159265  3.14159265  3.14159265  3.14159265
  3.14159265  3.14159265  3.14159265  3.14159265  3.14159265  3.14159265
  0.          3.14159265  3.14159265  3.14159265  3.14159265  3.14159265
  3.14159265  3.14159265  3.14159265] 
 [0.00000000e+00 4.12231895e+01 0.00000000e+00 0.00000000e+00
 3.37507799e-13 0.00000000e+00 0.00000000e+00 2.84217094e-14
 0.00000000e+00 0.00000000e+00 1.27031718e-12 0.00000000e+00
 0.00000000e+00 3.95489627e+01 0.00000000e+00 6.00297245e-15
 4.12231870e+01 0.00000000e+00 0.00000000e+00 2.48689958e-14
 6.22057019e-24 0.00000000e+00 1.27897692e-13 0.00000000e+00
 0.00000000e+00 0.00000000e+00 0.00000000e+00 0.00000000e+00
 0.00000000e+00 0.00000000e+00 0.00000000e+00 0.00000000e+00
 0.00000000e+00 0.00000000e+00 0.00000000e+00 0.00000000e+00
 6.45368551e-15 0.00000000e+00 0.00000000e+00 0.00000000e+00
 0.00000000e+00 0.00000000e+00 0.00000000e+00 0.00000000e+00
 0.00000000e+00]
sweep    1  f = 45.83180289  (Delta f = 9.31)
sweep    2  f = 45.83180289  (Delta f = 1.99e-13)
New op index: 13	$R_Y$[4]
Current grad: 1.3877759804443768
[ 3.14159265 -3.14159259  3.14159265  3.14159265 -3.14159258  3.14159265
  3.14159265  3.14159263  3.14159265  3.14159265  3.14159262  3.14159265
  3.14159265 -1.57790416  3.14159265  3.14159265  1.57790355  3.14159265
  3.14159265 -3.14159256  0.          3.14159265 -3.14159254  3.14159265
  3.14159265  3.14159265  3.14159265  3.14159265  3.14159265  3.14159265
  3.14159265  3.14159265  3.14159265  3.14159265  3.14159265  3.14159265
  3.14159265  3.14159265  3.14159265  3.14159265  3.14159265  3.14159265
  3.14159265  3.14159265  3.14159265] 
 [0.00000000e+00 9.23705556e-14 0.00000000e+00 0.00000000e+00
 1.56319402e-13 0.00000000e+00 0.00000000e+00 2.13162821e-14
 0.00000000e+00 0.00000000e+00 2.84217094e-14 0.00000000e+00
 0.00000000e+00 6.88963707e-01 0.00000000e+00 0.00000000e+00
 6.88962743e-01 0.00000000e+00 0.00000000e+00 2.13162821e-13
 1.44833351e-25 0.00000000e+00 3.55271368e-13 0.00000000e+00
 0.00000000e+00 0.00000000e+00 0.00000000e+00 0.00000000e+00
 0.00000000e+00 0.00000000e+00 0.00000000e+00 0.00000000e+00
 0.00000000e+00 0.00000000e+00 0.00000000e+00 0.00000000e+00
 0.00000000e+00 0.00000000e+00 0.00000000e+00 0.00000000e+00
 0.00000000e+00 0.00000000e+00 0.00000000e+00 0.00000000e+00
 0.00000000e+00]
sweep    1  f = 45.14037392  (Delta f = 0.00247)
sweep    2  f = 45.1403739  (Delta f = 1.3e-08)
sweep    3  f = 45.14037389  (Delta f = 1.14e-08)
sweep    4  f = 45.14037388  (Delta f = 1.02e-08)
sweep    5  f = 45.14037387  (Delta f = 8.75e-09)
New op index: 16	$R_Y$[5]
Current grad: 50.69343915601208
[ 3.14159265  3.14159219  3.14159265  3.14159265  3.14101902  3.14159265
  3.14159265 -3.14159163  3.14159265  3.14159265  3.14140938  3.14159265
  3.14159265 -3.14159265  3.14159265  0.          1.57089428  3.14159265
  3.14159265  3.14159051  0.          3.14159265 -3.14159168  3.14159265
  3.14159265  3.14159265  3.14159265  3.14159265  3.14159265  3.14159265
  3.14159265  3.14159265  3.14159265  3.14159265  3.14159265  3.14159265
  3.14159265  3.14159265  3.14159265  3.14159265  3.14159265  3.14159265
  3.14159265  3.14159265  3.14159265] 
 [0.00000000e+00 1.06155085e-11 0.00000000e+00 0.00000000e+00
 1.14276440e-07 0.00000000e+00 0.00000000e+00 5.26227950e-11
 0.00000000e+00 0.00000000e+00 1.16943868e-08 0.00000000e+00
 0.00000000e+00 0.00000000e+00 0.00000000e+00 1.69961024e-15
 5.06876988e+01 0.00000000e+00 0.00000000e+00 1.60238489e-12
 2.53480418e-25 0.00000000e+00 4.81321649e-11 0.00000000e+00
 0.00000000e+00 0.00000000e+00 0.00000000e+00 0.00000000e+00
 0.00000000e+00 0.00000000e+00 0.00000000e+00 0.00000000e+00
 0.00000000e+00 0.00000000e+00 0.00000000e+00 0.00000000e+00
 0.00000000e+00 0.00000000e+00 0.00000000e+00 0.00000000e+00
 0.00000000e+00 0.00000000e+00 0.00000000e+00 0.00000000e+00
 0.00000000e+00]
sweep    1  f = -5.551020279  (Delta f = 0.0037)
sweep    2  f = -5.551020408  (Delta f = 1.29e-07)
sweep    3  f = -5.551020408  (Delta f = 0)
New op index: 1	$R_Y$[0]
Current grad: 1.2141255936020449e-05
[ 3.14159265  3.14159256  0.          3.14159265  3.14159262  0.
  3.14159265  3.14159258  0.          3.14159265  3.14159265  0.
  3.14159265 -3.14159265  3.14159265  3.14159265 -3.14159264  0.
  3.14159265  3.14159265  0.          3.14159265  3.14159265  3.14159265
  3.14159265  3.14159265  0.          3.14159265  3.14159265  0.
  3.14159265  3.14159265  0.          3.14159265  3.14159265  0.
  3.14159265  3.14159265  0.          3.14159265  3.14159265  0.
  3.14159265  3.14159265  3.14159265] 
 [0.00000000e+00 2.34479103e-13 6.54764601e-15 0.00000000e+00
 3.55271368e-14 3.92463774e-16 0.00000000e+00 1.35003120e-13
 7.97567795e-15 0.00000000e+00 0.00000000e+00 1.38234168e-16
 0.00000000e+00 0.00000000e+00 0.00000000e+00 0.00000000e+00
 7.10542736e-15 1.13971712e-15 0.00000000e+00 0.00000000e+00
 2.05245218e-16 0.00000000e+00 0.00000000e+00 0.00000000e+00
 0.00000000e+00 0.00000000e+00 6.94010978e-15 0.00000000e+00
 0.00000000e+00 8.36814172e-15 0.00000000e+00 0.00000000e+00
 8.11391211e-15 0.00000000e+00 0.00000000e+00 1.28677568e-16
 0.00000000e+00 0.00000000e+00 1.09073273e-15 0.00000000e+00
 0.00000000e+00 1.34496234e-15 0.00000000e+00 0.00000000e+00
 0.00000000e+00]
Precision cutoff reached.
Calculating energies for FreeWilson2D(N_x=2, N_y=2, mass=-0.449, r=1.000)
h_im: 0.0
New op index: 10	$R_Y$[3]
Current grad: 4.2040816326530575
[ 3.14159265  1.57079633  3.14159265  3.14159265 -1.57079633  3.14159265
  3.14159265  1.57079633  3.14159265  3.14159265 -0.99812994  0.
  3.14159265 -0.99812994  0.          3.14159265  1.57079633  3.14159265
  3.14159265 -1.57079633  3.14159265  3.14159265  1.57079633  3.14159265
  3.14159265  3.14159265  3.14159265  3.14159265  3.14159265  3.14159265
  3.14159265  0.          0.          3.14159265  3.14159265  3.14159265
  3.14159265  0.          0.          3.14159265  3.14159265  3.14159265
  3.14159265  3.14159265  3.14159265] 
 [0.        0.7755102 0.        0.        0.2755102 0.        0.
 0.2755102 0.        0.        1.4227221 1.        0.        1.4227221
 1.        0.        0.2755102 0.        0.        0.2755102 0.
 0.        0.7755102 0.        0.        0.        0.        0.
 0.        0.        0.        1.        1.        0.        0.
 0.        0.        1.        1.        0.        0.        0.
 0.        0.        0.       ]
sweep    1  f = 199.0772779  (Delta f = 8.53e-14)
New op index: 7	$R_Y$[2]
Current grad: 295.2869096052559
[3.14159265 1.57079633 3.14159265 3.14159265 1.57079633 3.14159265
 3.14159265 1.57079633 3.14159265 3.14159265 3.14159265 3.14159265
 3.14159265 1.57743243 3.14159265 3.14159265 1.57079633 3.14159265
 0.         1.57079633 3.14159265 3.14159265 1.57079633 3.14159265
 3.14159265 3.14159265 3.14159265 3.14159265 3.14159265 3.14159265
 3.14159265 3.14159265 3.14159265 3.14159265 3.14159265 3.14159265
 3.14159265 3.14159265 3.14159265 0.         0.         3.14159265
 0.         0.         3.14159265] 
 [0.00000000e+00 4.27984661e+01 0.00000000e+00 0.00000000e+00
 4.17474457e+01 0.00000000e+00 0.00000000e+00 4.30694036e+01
 0.00000000e+00 0.00000000e+00 0.00000000e+00 0.00000000e+00
 0.00000000e+00 4.05571777e+01 0.00000000e+00 0.00000000e+00
 4.22984661e+01 0.00000000e+00 5.54799970e-15 4.17474457e+01
 0.00000000e+00 0.00000000e+00 4.27984661e+01 0.00000000e+00
 0.00000000e+00 0.00000000e+00 0.00000000e+00 0.00000000e+00
 0.00000000e+00 0.00000000e+00 0.00000000e+00 0.00000000e+00
 0.00000000e+00 0.00000000e+00 0.00000000e+00 0.00000000e+00
 0.00000000e+00 0.00000000e+00 0.00000000e+00 5.54488428e-15
 5.57263986e-15 0.00000000e+00 4.20638581e-15 4.17863023e-15
 0.00000000e+00]
sweep    1  f = 148.4391333  (Delta f = 7.57)
sweep    2  f = 148.4391333  (Delta f = 0)
New op index: 4	$R_Y$[1]
Current grad: 3.653062168413505
[ 3.14159265  1.57079633  3.14159265  3.14159265 -1.58333426  3.14159265
  3.14159265 -3.14159264  0.          3.14159265 -3.14159265  3.14159265
  3.14159265 -1.58333426  3.14159265  3.14159265  1.57079633  0.
  3.14159265 -1.57079633  3.14159265  0.          1.57079633  0.
  3.14159265  3.14159265  3.14159265  3.14159265  3.14159265  3.14159265
  3.14159265  3.14159265  3.14159265  3.14159265  3.14159265  3.14159265
  3.14159265  3.14159265  3.14159265  3.14159265  3.14159265  3.14159265
  0.          0.          3.14159265] 
 [0.00000000e+00 7.65816160e-01 0.00000000e+00 0.00000000e+00
 7.75420621e-01 0.00000000e+00 0.00000000e+00 7.10542736e-15
 1.65436123e-24 0.00000000e+00 0.00000000e+00 0.00000000e+00
 0.00000000e+00 7.75420605e-01 0.00000000e+00 0.00000000e+00
 2.65816160e-01 1.67689935e-17 0.00000000e+00 2.85204248e-01
 0.00000000e+00 1.32479158e-15 7.65816160e-01 1.67689918e-17
 0.00000000e+00 0.00000000e+00 0.00000000e+00 0.00000000e+00
 0.00000000e+00 0.00000000e+00 0.00000000e+00 0.00000000e+00
 0.00000000e+00 0.00000000e+00 0.00000000e+00 0.00000000e+00
 0.00000000e+00 0.00000000e+00 0.00000000e+00 0.00000000e+00
 0.00000000e+00 0.00000000e+00 1.92155402e-15 1.81891622e-15
 0.00000000e+00]
sweep    1  f = 147.520719  (Delta f = 0.143)
sweep    2  f = 147.520719  (Delta f = 3.89e-11)
New op index: 22	$R_Y$[7]
Current grad: 210.71453721556497
[ 3.14159265  1.57085928  3.14159265  3.14159265 -3.14159254  3.14159265
  3.14159265 -3.14159255  3.14159265  3.14159265  3.14159198  3.14159265
  0.          1.57737481  3.14159265  3.14159265  1.57079633  3.14159265
  0.          1.57079633  3.14159265  0.          1.57079633  3.14159265
  3.14159265  3.14159265  3.14159265  3.14159265  3.14159265  3.14159265
  3.14159265  3.14159265  3.14159265  3.14159265  3.14159265  3.14159265
  0.          3.14159265  3.14159265  0.          0.          3.14159265
  0.          0.          3.14159265] 
 [0.00000000e+00 4.27601686e+01 0.00000000e+00 0.00000000e+00
 5.50670620e-14 0.00000000e+00 0.00000000e+00 4.83169060e-13
 0.00000000e+00 0.00000000e+00 2.16715534e-13 0.00000000e+00
 1.09053286e-14 4.09438650e+01 0.00000000e+00 0.00000000e+00
 4.22628608e+01 0.00000000e+00 1.43672803e-14 4.17118403e+01
 0.00000000e+00 6.02208660e-15 4.27628608e+01 0.00000000e+00
 0.00000000e+00 0.00000000e+00 0.00000000e+00 0.00000000e+00
 0.00000000e+00 0.00000000e+00 0.00000000e+00 0.00000000e+00
 0.00000000e+00 0.00000000e+00 0.00000000e+00 0.00000000e+00
 9.69138051e-15 0.00000000e+00 0.00000000e+00 1.31461253e-14
 1.32017698e-14 0.00000000e+00 1.44843034e-14 1.45463658e-14
 0.00000000e+00]
sweep    1  f = 96.89303531  (Delta f = 7.86)
sweep    2  f = 96.89303531  (Delta f = 1.71e-13)
New op index: 19	$R_Y$[6]
Current grad: 2.597127651788985
[ 3.14159265  1.57714521  3.14159265  3.14159265 -3.14159262  3.14159265
  3.14159265 -3.14159254  3.14159265  3.14159265  3.14159262  3.14159265
  3.14159265 -1.57718633  3.14159265  0.          1.57079633  3.14159265
  3.14159265 -1.57079633  0.          3.14159265  3.14159263  3.14159265
  3.14159265  3.14159265  3.14159265  3.14159265  3.14159265  3.14159265
  3.14159265  3.14159265  3.14159265  3.14159265  3.14159265  3.14159265
  3.14159265  3.14159265  3.14159265  3.14159265  3.14159265  0.
  3.14159265  3.14159265  0.        ] 
 [0.00000000e+00 7.70601479e-01 0.00000000e+00 0.00000000e+00
 3.55271368e-14 0.00000000e+00 0.00000000e+00 3.05533376e-13
 0.00000000e+00 0.00000000e+00 3.55271368e-14 0.00000000e+00
 0.00000000e+00 7.65679035e-01 0.00000000e+00 5.57061217e-16
 2.75509534e-01 0.00000000e+00 0.00000000e+00 7.75510864e-01
 4.92718249e-18 0.00000000e+00 1.42108547e-14 0.00000000e+00
 0.00000000e+00 0.00000000e+00 0.00000000e+00 0.00000000e+00
 0.00000000e+00 0.00000000e+00 0.00000000e+00 0.00000000e+00
 0.00000000e+00 0.00000000e+00 0.00000000e+00 0.00000000e+00
 0.00000000e+00 0.00000000e+00 0.00000000e+00 0.00000000e+00
 0.00000000e+00 4.05982026e-18 0.00000000e+00 0.00000000e+00
 4.92718202e-18]
sweep    1  f = 95.96835099  (Delta f = 0.149)
sweep    2  f = 95.96835099  (Delta f = 5.98e-12)
New op index: 1	$R_Y$[0]
Current grad: 126.70805318680924
[ 3.14159265  1.57085931  3.14159265  3.14159265 -3.1415913   3.14159265
  3.14159265 -3.14159232  3.14159265  3.14159265 -3.14159029  3.14159265
  3.14159265  1.57738078  3.14159265  0.          1.57085937  3.14159265
  3.14159265  3.14159183  3.14159265  3.14159265  3.14159259  3.14159265
  3.14159265  3.14159265  3.14159265  3.14159265  3.14159265  3.14159265
  3.14159265  3.14159265  3.14159265  3.14159265  3.14159265  3.14159265
  0.          3.14159265  3.14159265  3.14159265  3.14159265  3.14159265
  3.14159265  3.14159265  3.14159265] 
 [0.00000000e+00 4.27495582e+01 0.00000000e+00 0.00000000e+00
 8.01669842e-12 0.00000000e+00 0.00000000e+00 5.11590770e-12
 0.00000000e+00 0.00000000e+00 2.64255284e-12 0.00000000e+00
 0.00000000e+00 4.09330803e+01 0.00000000e+00 3.22969033e-15
 4.27495560e+01 0.00000000e+00 0.00000000e+00 2.99316127e-12
 0.00000000e+00 0.00000000e+00 1.84741111e-13 0.00000000e+00
 0.00000000e+00 0.00000000e+00 0.00000000e+00 0.00000000e+00
 0.00000000e+00 0.00000000e+00 0.00000000e+00 0.00000000e+00
 0.00000000e+00 0.00000000e+00 0.00000000e+00 0.00000000e+00
 2.16478275e-15 0.00000000e+00 0.00000000e+00 0.00000000e+00
 0.00000000e+00 0.00000000e+00 0.00000000e+00 0.00000000e+00
 0.00000000e+00]
sweep    1  f = 45.34201491  (Delta f = 7.88)
sweep    2  f = 45.34201491  (Delta f = 1.71e-12)
New op index: 13	$R_Y$[4]
Current grad: 1.551042677213088
[ 3.14159265  3.14159264  0.          3.14159265  3.14159252  3.14159265
  3.14159265  3.14159253  0.          3.14159265  3.14159264  3.14159265
  3.14159265 -1.57714575  3.14159265  3.14159265  1.57714509  3.14159265
  3.14159265  3.14159258  0.          3.14159265  3.14159258  3.14159265
  3.14159265  3.14159265  3.14159265  3.14159265  3.14159265  3.14159265
  3.14159265  3.14159265  3.14159265  3.14159265  3.14159265  3.14159265
  3.14159265  3.14159265  3.14159265  3.14159265  3.14159265  3.14159265
  3.14159265  3.14159265  3.14159265] 
 [0.00000000e+00 7.10542736e-15 1.10667881e-15 0.00000000e+00
 4.83169060e-13 0.00000000e+00 0.00000000e+00 4.05009359e-13
 1.10667882e-15 0.00000000e+00 7.10542736e-15 0.00000000e+00
 0.00000000e+00 7.70602535e-01 0.00000000e+00 0.00000000e+00
 7.70601527e-01 0.00000000e+00 0.00000000e+00 1.20792265e-13
 5.83150353e-24 0.00000000e+00 1.49213975e-13 0.00000000e+00
 0.00000000e+00 0.00000000e+00 0.00000000e+00 0.00000000e+00
 0.00000000e+00 0.00000000e+00 0.00000000e+00 0.00000000e+00
 0.00000000e+00 0.00000000e+00 0.00000000e+00 0.00000000e+00
 0.00000000e+00 0.00000000e+00 0.00000000e+00 0.00000000e+00
 0.00000000e+00 0.00000000e+00 0.00000000e+00 0.00000000e+00
 0.00000000e+00]
sweep    1  f = 44.56895103  (Delta f = 0.00246)
sweep    2  f = 44.568951  (Delta f = 2.7e-08)
sweep    3  f = 44.56895098  (Delta f = 2.16e-08)
sweep    4  f = 44.56895095  (Delta f = 2.89e-08)
sweep    5  f = 44.56895093  (Delta f = 2.25e-08)
sweep    6  f = 44.56894935  (Delta f = 1.58e-06)
sweep    7  f = 44.56894857  (Delta f = 7.76e-07)
sweep    8  f = 44.56894847  (Delta f = 9.77e-08)
sweep    9  f = 44.56894811  (Delta f = 3.69e-07)
sweep   10  f = 44.5689481  (Delta f = 2.81e-09)
New op index: 16	$R_Y$[5]
Current grad: 50.77765113878861
[ 3.14159265 -3.14158955  3.14159265  3.14159265 -3.14159032  3.14159265
  3.14159265 -3.14159218  3.14159265  3.14159265  3.14123273  3.14159265
  3.14159265 -3.14159265  3.14159265  0.          1.57089408  3.14159265
  3.14159265  3.14153388  0.          3.14159265 -3.1415884   3.14159265
  3.14159265  3.14159265  3.14159265  3.14159265  3.14159265  3.14159265
  3.14159265  3.14159265  3.14159265  3.14159265  3.14159265  3.14159265
  3.14159265  3.14159265  3.14159265  3.14159265  3.14159265  3.14159265
  3.14159265  3.14159265  3.14159265] 
 [0.00000000e+00 4.84220664e-10 0.00000000e+00 0.00000000e+00
 2.11541895e-12 0.00000000e+00 0.00000000e+00 1.10844667e-11
 0.00000000e+00 0.00000000e+00 5.03187805e-08 0.00000000e+00
 0.00000000e+00 0.00000000e+00 0.00000000e+00 9.02122779e-15
 5.07715725e+01 0.00000000e+00 0.00000000e+00 1.34180955e-09
 1.56013604e-23 0.00000000e+00 9.12123710e-10 0.00000000e+00
 0.00000000e+00 0.00000000e+00 0.00000000e+00 0.00000000e+00
 0.00000000e+00 0.00000000e+00 0.00000000e+00 0.00000000e+00
 0.00000000e+00 0.00000000e+00 0.00000000e+00 0.00000000e+00
 0.00000000e+00 0.00000000e+00 0.00000000e+00 0.00000000e+00
 0.00000000e+00 0.00000000e+00 0.00000000e+00 0.00000000e+00
 0.00000000e+00]
sweep    1  f = -6.204081623  (Delta f = 0.00146)
sweep    2  f = -6.204081633  (Delta f = 9.21e-09)
New op index: 4	$R_Y$[1]
Current grad: 2.9084146727352932e-05
[ 3.14159265 -3.14159264  0.          3.14159265 -3.14159234  3.14159265
  3.14159265 -3.14159254  0.          3.14159265  3.14159261  3.14159265
  3.14159265 -3.14159264  3.14159265  3.14159265  3.14159265  0.
  3.14159265  3.14159258  3.14159265  3.14159265 -3.14159265  3.14159265
  3.14159265  3.14159265  3.14159265  3.14159265  3.14159265  3.14159265
  3.14159265  3.14159265  3.14159265  3.14159265  3.14159265  3.14159265
  3.14159265  3.14159265  3.14159265  3.14159265  3.14159265  3.14159265
  3.14159265  3.14159265  3.14159265] 
 [0.00000000e+00 7.10542736e-15 1.65177574e-15 0.00000000e+00
 2.53663757e-12 0.00000000e+00 0.00000000e+00 3.26849658e-13
 2.03715005e-15 0.00000000e+00 4.26325641e-14 0.00000000e+00
 0.00000000e+00 7.10542736e-15 0.00000000e+00 0.00000000e+00
 0.00000000e+00 3.58278356e-16 0.00000000e+00 1.35003120e-13
 0.00000000e+00 0.00000000e+00 0.00000000e+00 0.00000000e+00
 0.00000000e+00 0.00000000e+00 0.00000000e+00 0.00000000e+00
 0.00000000e+00 0.00000000e+00 0.00000000e+00 0.00000000e+00
 0.00000000e+00 0.00000000e+00 0.00000000e+00 0.00000000e+00
 0.00000000e+00 0.00000000e+00 0.00000000e+00 0.00000000e+00
 0.00000000e+00 0.00000000e+00 0.00000000e+00 0.00000000e+00
 0.00000000e+00]
Precision cutoff reached.
Calculating energies for FreeWilson2D(N_x=2, N_y=2, mass=-0.286, r=1.000)
h_im: 0.0
New op index: 10	$R_Y$[3]
Current grad: 4.8571428571428505
[ 3.14159265  1.57079633  3.14159265  3.14159265 -1.57079633  3.14159265
  3.14159265  1.57079633  3.14159265  3.14159265 -1.04272188  0.
  3.14159265 -1.04272188  0.          3.14159265  1.57079633  3.14159265
  3.14159265 -1.57079633  3.14159265  3.14159265  1.57079633  3.14159265
  3.14159265  3.14159265  3.14159265  3.14159265  3.14159265  3.14159265
  3.14159265  0.          0.          3.14159265  3.14159265  3.14159265
  3.14159265  0.          0.          3.14159265  3.14159265  3.14159265
  3.14159265  3.14159265  3.14159265] 
 [0.         0.85714286 0.         0.         0.35714286 0.
 0.         0.35714286 0.         0.         1.49231743 1.
 0.         1.49231743 1.         0.         0.35714286 0.
 0.         0.35714286 0.         0.         0.85714286 0.
 0.         0.         0.         0.         0.         0.
 0.         1.         1.         0.         0.         0.
 0.         1.         1.         0.         0.         0.
 0.         0.         0.        ]
sweep    1  f = 199.0076826  (Delta f = 3.13e-13)
New op index: 7	$R_Y$[2]
Current grad: 303.49980423391287
[ 3.14159265  1.57079633  3.14159265  3.14159265  1.57079633  3.14159265
  3.14159265  1.57079633  0.          3.14159265 -3.14159265  3.14159265
  3.14159265  1.57680905  3.14159265  3.14159265  1.57079633  0.
  0.          1.57079633  3.14159265  3.14159265  1.57079633  3.14159265
  3.14159265  3.14159265  3.14159265  3.14159265  0.          0.
  3.14159265  3.14159265  3.14159265  3.14159265  3.14159265  3.14159265
  3.14159265  3.14159265  3.14159265  3.14159265  3.14159265  0.
  3.14159265  3.14159265  3.14159265] 
 [0.00000000e+00 4.40460879e+01 0.00000000e+00 0.00000000e+00
 4.28318022e+01 0.00000000e+00 0.00000000e+00 4.42980234e+01
 1.38777878e-17 0.00000000e+00 0.00000000e+00 0.00000000e+00
 0.00000000e+00 4.16487346e+01 0.00000000e+00 0.00000000e+00
 4.35460879e+01 1.38777878e-17 1.98254112e-18 4.28318022e+01
 0.00000000e+00 0.00000000e+00 4.40460879e+01 0.00000000e+00
 0.00000000e+00 0.00000000e+00 0.00000000e+00 0.00000000e+00
 1.38777878e-17 1.38777878e-17 0.00000000e+00 0.00000000e+00
 0.00000000e+00 0.00000000e+00 0.00000000e+00 0.00000000e+00
 0.00000000e+00 0.00000000e+00 0.00000000e+00 0.00000000e+00
 0.00000000e+00 1.38777878e-17 0.00000000e+00 0.00000000e+00
 0.00000000e+00]
sweep    1  f = 148.2758838  (Delta f = 6.43)
sweep    2  f = 148.2758838  (Delta f = 2.84e-13)
New op index: 13	$R_Y$[4]
Current grad: 4.142858405414056
[ 3.14159265  1.57079633  3.14159265  3.14159265 -1.58213583  3.14159265
  3.14159265  3.14159264  3.14159265  3.14159265  3.14159264  3.14159265
  0.         -1.58213583  3.14159265  3.14159265  1.57079633  3.14159265
  3.14159265 -1.57079633  3.14159265  3.14159265  1.57079633  3.14159265
  3.14159265  3.14159265  3.14159265  3.14159265  3.14159265  3.14159265
  3.14159265  3.14159265  3.14159265  3.14159265  3.14159265  3.14159265
  0.          3.14159265  3.14159265  3.14159265  3.14159265  3.14159265
  3.14159265  3.14159265  3.14159265] 
 [0.00000000e+00 8.47479886e-01 0.00000000e+00 0.00000000e+00
 8.57031987e-01 0.00000000e+00 0.00000000e+00 7.10542736e-15
 0.00000000e+00 0.00000000e+00 0.00000000e+00 0.00000000e+00
 9.04122238e-15 8.57032000e-01 0.00000000e+00 0.00000000e+00
 3.47479886e-01 0.00000000e+00 0.00000000e+00 3.66805828e-01
 0.00000000e+00 0.00000000e+00 8.47479886e-01 0.00000000e+00
 0.00000000e+00 0.00000000e+00 0.00000000e+00 0.00000000e+00
 0.00000000e+00 0.00000000e+00 0.00000000e+00 0.00000000e+00
 0.00000000e+00 0.00000000e+00 0.00000000e+00 0.00000000e+00
 4.99323072e-15 0.00000000e+00 0.00000000e+00 0.00000000e+00
 0.00000000e+00 0.00000000e+00 0.00000000e+00 0.00000000e+00
 0.00000000e+00]
sweep    1  f = 147.2882711  (Delta f = 0.131)
sweep    2  f = 147.2882711  (Delta f = 8.27e-12)
New op index: 1	$R_Y$[0]
Current grad: 216.76113603694776
[ 3.14159265  1.57079633  3.14159265  3.14159265  1.57674696  3.14159265
  3.14159265 -3.14159235  3.14159265  3.14159265 -3.14158991  3.14159265
  3.14159265 -3.14159238  3.14159265  0.          1.57084169  3.14159265
  0.          1.57079633  3.14159265  0.          1.57079633  3.14159265
  3.14159265  3.14159265  3.14159265  3.14159265  3.14159265  3.14159265
  3.14159265  3.14159265  3.14159265  3.14159265  3.14159265  3.14159265
  3.14159265  3.14159265  3.14159265  0.          3.14159265  3.14159265
  0.          0.          3.14159265] 
 [0.00000000e+00 4.40271068e+01 0.00000000e+00 0.00000000e+00
 4.20640550e+01 0.00000000e+00 0.00000000e+00 4.41957582e-12
 0.00000000e+00 0.00000000e+00 3.86179977e-12 0.00000000e+00
 0.00000000e+00 2.88657986e-13 0.00000000e+00 4.30967459e-16
 4.35769802e+01 0.00000000e+00 3.35246574e-15 4.28128211e+01
 0.00000000e+00 6.09057664e-15 4.40271068e+01 0.00000000e+00
 0.00000000e+00 0.00000000e+00 0.00000000e+00 0.00000000e+00
 0.00000000e+00 0.00000000e+00 0.00000000e+00 0.00000000e+00
 0.00000000e+00 0.00000000e+00 0.00000000e+00 0.00000000e+00
 0.00000000e+00 0.00000000e+00 0.00000000e+00 3.56630429e-15
 0.00000000e+00 0.00000000e+00 9.22456506e-15 9.17293057e-15
 0.00000000e+00]
sweep    1  f = 96.56651308  (Delta f = 6.69)
sweep    2  f = 96.56651308  (Delta f = 0)
New op index: 22	$R_Y$[7]
Current grad: 2.428586860239559
[ 3.14159265  3.14159253  3.14159265  3.14159265 -1.57653069  3.14159265
  3.14159265 -3.14159262  3.14159265  3.14159265 -3.14159259  3.14159265
  3.14159265 -3.14159257  3.14159265  0.          1.58455681  3.14159265
  3.14159265 -1.57079633  0.          0.          1.57079633  0.
  3.14159265  3.14159265  3.14159265  3.14159265  3.14159265  3.14159265
  3.14159265  3.14159265  3.14159265  3.14159265  3.14159265  3.14159265
  3.14159265  3.14159265  3.14159265  3.14159265  3.14159265  3.14159265
  0.          0.          0.        ] 
 [0.00000000e+00 4.19220214e-13 0.00000000e+00 0.00000000e+00
 8.52242417e-01 0.00000000e+00 0.00000000e+00 3.55271368e-14
 0.00000000e+00 0.00000000e+00 9.23705556e-14 0.00000000e+00
 0.00000000e+00 1.70530257e-13 0.00000000e+00 6.03698045e-15
 3.52261183e-01 0.00000000e+00 0.00000000e+00 3.57143547e-01
 9.21931381e-18 1.85177702e-14 8.57142168e-01 1.84483776e-17
 0.00000000e+00 0.00000000e+00 0.00000000e+00 0.00000000e+00
 0.00000000e+00 0.00000000e+00 0.00000000e+00 0.00000000e+00
 0.00000000e+00 0.00000000e+00 0.00000000e+00 0.00000000e+00
 0.00000000e+00 0.00000000e+00 0.00000000e+00 0.00000000e+00
 0.00000000e+00 0.00000000e+00 1.11080664e-14 1.11172855e-14
 2.76676914e-17]
sweep    1  f = 95.57812168  (Delta f = 0.131)
sweep    2  f = 95.57812168  (Delta f = 2.03e-12)
New op index: 19	$R_Y$[6]
Current grad: 130.92594906251708
[ 3.14159265 -3.14159195  3.14159265  3.14159265 -1.57084125  3.14159265
  3.14159265 -3.1415889   3.14159265  3.14159265 -3.14159255  3.14159265
  3.14159265 -3.14159259  3.14159265  3.14159265 -1.57667518  3.14159265
  0.         -1.57079633  3.14159265  3.14159265  3.14159225  3.14159265
  3.14159265  3.14159265  3.14159265  3.14159265  3.14159265  3.14159265
  3.14159265  3.14159265  3.14159265  3.14159265  3.14159265  3.14159265
  3.14159265  3.14159265  3.14159265  0.          3.14159265  3.14159265
  3.14159265  3.14159265  3.14159265] 
 [0.00000000e+00 1.88382643e-12 0.00000000e+00 0.00000000e+00
 4.40673813e+01 0.00000000e+00 0.00000000e+00 7.00117742e-12
 0.00000000e+00 0.00000000e+00 5.11590770e-13 0.00000000e+00
 0.00000000e+00 1.84741111e-13 0.00000000e+00 0.00000000e+00
 4.25363965e+01 0.00000000e+00 1.87825949e-14 4.40693606e+01
 0.00000000e+00 0.00000000e+00 6.36823927e-13 0.00000000e+00
 0.00000000e+00 0.00000000e+00 0.00000000e+00 0.00000000e+00
 0.00000000e+00 0.00000000e+00 0.00000000e+00 0.00000000e+00
 0.00000000e+00 0.00000000e+00 0.00000000e+00 0.00000000e+00
 0.00000000e+00 0.00000000e+00 0.00000000e+00 1.24820792e-14
 0.00000000e+00 0.00000000e+00 0.00000000e+00 0.00000000e+00
 0.00000000e+00]
sweep    1  f = 44.84976956  (Delta f = 6.66)
sweep    2  f = 44.84976956  (Delta f = 0)
New op index: 4	$R_Y$[1]
Current grad: 1.714308392281428
[ 3.14159265 -3.14159259  3.14159265  3.14159265 -1.57654715  3.14159265
  3.14159265  3.14159262  3.14159265  3.14159265 -3.14159257  3.14159265
  3.14159265 -3.14159252  3.14159265  3.14159265  1.58223195  3.14159265
  3.14159265 -3.14159261  0.          3.14159265  3.14159256  3.14159265
  3.14159265  3.14159265  3.14159265  3.14159265  3.14159265  3.14159265
  3.14159265  3.14159265  3.14159265  3.14159265  3.14159265  3.14159265
  3.14159265  3.14159265  3.14159265  3.14159265  3.14159265  3.14159265
  3.14159265  3.14159265  3.14159265] 
 [0.00000000e+00 9.94759830e-14 0.00000000e+00 0.00000000e+00
 8.49826432e-01 0.00000000e+00 0.00000000e+00 2.84217094e-14
 0.00000000e+00 0.00000000e+00 1.84741111e-13 0.00000000e+00
 0.00000000e+00 4.54747351e-13 0.00000000e+00 0.00000000e+00
 8.49784153e-01 0.00000000e+00 0.00000000e+00 4.97379915e-14
 2.92891932e-24 0.00000000e+00 2.13162821e-13 0.00000000e+00
 0.00000000e+00 0.00000000e+00 0.00000000e+00 0.00000000e+00
 0.00000000e+00 0.00000000e+00 0.00000000e+00 0.00000000e+00
 0.00000000e+00 0.00000000e+00 0.00000000e+00 0.00000000e+00
 0.00000000e+00 0.00000000e+00 0.00000000e+00 0.00000000e+00
 0.00000000e+00 0.00000000e+00 0.00000000e+00 0.00000000e+00
 0.00000000e+00]
sweep    1  f = 43.99752575  (Delta f = 0.00242)
sweep    2  f = 43.99752335  (Delta f = 2.4e-06)
sweep    3  f = 43.99752333  (Delta f = 2.05e-08)
sweep    4  f = 43.99752331  (Delta f = 1.92e-08)
sweep    5  f = 43.99752329  (Delta f = 2e-08)
sweep    6  f = 43.99752327  (Delta f = 1.86e-08)
sweep    7  f = 43.99752169  (Delta f = 1.58e-06)
sweep    8  f = 43.99752135  (Delta f = 3.35e-07)
sweep    9  f = 43.99752135  (Delta f = 4.07e-09)
New op index: 16	$R_Y$[5]
Current grad: 50.859632971542474
[ 3.14159265 -3.14158707  3.14159265  3.14159265 -3.14159265  3.14159265
  3.14159265 -3.14158977  3.14159265  3.14159265  3.14131599  3.14159265
  3.14159265 -3.14158129  3.14159265  3.14159265  1.57089376  3.14159265
  3.14159265 -3.1415773   3.14159265  3.14159265  3.14159086  3.14159265
  3.14159265  3.14159265  3.14159265  3.14159265  3.14159265  3.14159265
  3.14159265  3.14159265  3.14159265  3.14159265  3.14159265  3.14159265
  3.14159265  3.14159265  3.14159265  3.14159265  3.14159265  3.14159265
  3.14159265  3.14159265  3.14159265] 
 [0.00000000e+00 1.57236002e-09 0.00000000e+00 0.00000000e+00
 0.00000000e+00 0.00000000e+00 0.00000000e+00 4.20271817e-10
 0.00000000e+00 0.00000000e+00 3.28516536e-08 0.00000000e+00
 0.00000000e+00 5.54383206e-11 0.00000000e+00 0.00000000e+00
 5.08533826e+01 0.00000000e+00 0.00000000e+00 1.01152642e-10
 0.00000000e+00 0.00000000e+00 1.61875846e-10 0.00000000e+00
 0.00000000e+00 0.00000000e+00 0.00000000e+00 0.00000000e+00
 0.00000000e+00 0.00000000e+00 0.00000000e+00 0.00000000e+00
 0.00000000e+00 0.00000000e+00 0.00000000e+00 0.00000000e+00
 0.00000000e+00 0.00000000e+00 0.00000000e+00 0.00000000e+00
 0.00000000e+00 0.00000000e+00 0.00000000e+00 0.00000000e+00
 0.00000000e+00]
sweep    1  f = -6.857142856  (Delta f = 0.00128)
sweep    2  f = -6.857142857  (Delta f = 1.35e-09)
New op index: 13	$R_Y$[4]
Current grad: 1.4847347746033174e-05
[ 3.14159265 -3.14159262  3.14159265  3.14159265 -3.14159264  3.14159265
  3.14159265  3.14159265  3.14159265  3.14159265  3.14159264  3.14159265
  3.14159265 -3.14159256  3.14159265  3.14159265 -3.14159264  0.
  3.14159265  3.14159258  3.14159265  3.14159265 -3.14159261  3.14159265
  3.14159265  3.14159265  3.14159265  3.14159265  3.14159265  3.14159265
  3.14159265  3.14159265  3.14159265  3.14159265  3.14159265  3.14159265
  3.14159265  3.14159265  3.14159265  3.14159265  3.14159265  3.14159265
  3.14159265  3.14159265  3.14159265] 
 [0.00000000e+00 2.84217094e-14 0.00000000e+00 0.00000000e+00
 7.10542736e-15 0.00000000e+00 0.00000000e+00 0.00000000e+00
 0.00000000e+00 0.00000000e+00 1.42108547e-14 0.00000000e+00
 0.00000000e+00 2.27373675e-13 0.00000000e+00 0.00000000e+00
 0.00000000e+00 5.26044509e-16 0.00000000e+00 1.49213975e-13
 0.00000000e+00 0.00000000e+00 5.68434189e-14 0.00000000e+00
 0.00000000e+00 0.00000000e+00 0.00000000e+00 0.00000000e+00
 0.00000000e+00 0.00000000e+00 0.00000000e+00 0.00000000e+00
 0.00000000e+00 0.00000000e+00 0.00000000e+00 0.00000000e+00
 0.00000000e+00 0.00000000e+00 0.00000000e+00 0.00000000e+00
 0.00000000e+00 0.00000000e+00 0.00000000e+00 0.00000000e+00
 0.00000000e+00]
Precision cutoff reached.
Calculating energies for FreeWilson2D(N_x=2, N_y=2, mass=-0.122, r=1.000)
h_im: 0.0
New op index: 10	$R_Y$[3]
Current grad: 5.510204081632645
[ 3.14159265  1.57079633  3.14159265  3.14159265 -1.57079633  3.14159265
  3.14159265  1.57079633  3.14159265  3.14159265 -1.08140333  0.
  3.14159265 -1.08140333  0.          3.14159265  1.57079633  3.14159265
  3.14159265 -1.57079633  3.14159265  3.14159265  1.57079633  3.14159265
  3.14159265  3.14159265  3.14159265  3.14159265  3.14159265  3.14159265
  3.14159265  0.          0.          3.14159265  3.14159265  3.14159265
  3.14159265  0.          0.          3.14159265  3.14159265  3.14159265
  3.14159265  3.14159265  3.14159265] 
 [0.         0.93877551 0.         0.         0.43877551 0.
 0.         0.43877551 0.         0.         1.56362562 1.
 0.         1.56362562 1.         0.         0.43877551 0.
 0.         0.43877551 0.         0.         0.93877551 0.
 0.         0.         0.         0.         0.         0.
 0.         1.         1.         0.         0.         0.
 0.         1.         1.         0.         0.         0.
 0.         0.         0.        ]
sweep    1  f = 198.9363744  (Delta f = 2.84e-14)
New op index: 7	$R_Y$[2]
Current grad: 310.148940799273
[ 3.14159265  1.57079633  3.14159265  3.14159265  1.57079633  3.14159265
  3.14159265  1.57079633  3.14159265  3.14159265 -3.14159265  3.14159265
  3.14159265  1.5762943   3.14159265  3.14159265  1.57079633  3.14159265
  0.          1.57079633  3.14159265  0.          1.57079633  3.14159265
  3.14159265  3.14159265  3.14159265  3.14159265  3.14159265  3.14159265
  3.14159265  3.14159265  3.14159265  3.14159265  3.14159265  3.14159265
  3.14159265  3.14159265  3.14159265  0.          0.          3.14159265
  0.          0.          3.14159265] 
 [0.00000000e+00 4.50696940e+01 0.00000000e+00 0.00000000e+00
 4.36921430e+01 0.00000000e+00 0.00000000e+00 4.53047391e+01
 0.00000000e+00 0.00000000e+00 0.00000000e+00 0.00000000e+00
 0.00000000e+00 4.25164348e+01 0.00000000e+00 0.00000000e+00
 4.45696940e+01 0.00000000e+00 5.55111512e-15 4.36921430e+01
 0.00000000e+00 5.55111512e-15 4.50696940e+01 0.00000000e+00
 0.00000000e+00 0.00000000e+00 0.00000000e+00 0.00000000e+00
 0.00000000e+00 0.00000000e+00 0.00000000e+00 0.00000000e+00
 0.00000000e+00 0.00000000e+00 0.00000000e+00 0.00000000e+00
 0.00000000e+00 0.00000000e+00 0.00000000e+00 5.55111512e-15
 5.55111512e-15 0.00000000e+00 1.11022302e-14 1.11022302e-14
 0.00000000e+00]
sweep    1  f = 148.1126342  (Delta f = 5.52)
sweep    2  f = 148.1126342  (Delta f = 3.13e-13)
New op index: 4	$R_Y$[1]
Current grad: 4.632654427858703
[ 3.14159265  1.57079633  3.14159265  3.14159265 -1.58114364  3.14159265
  3.14159265 -3.14159264  3.14159265  3.14159265  3.14159264  3.14159265
  0.         -1.58114364  3.14159265  0.          1.57079633  3.14159265
  0.         -1.57079633  0.          3.14159265  1.57079633  3.14159265
  3.14159265  3.14159265  3.14159265  3.14159265  3.14159265  3.14159265
  3.14159265  3.14159265  3.14159265  3.14159265  3.14159265  3.14159265
  0.          3.14159265  3.14159265  0.          0.          3.14159265
  3.14159265  3.14159265  3.14159265] 
 [0.00000000e+00 9.29143473e-01 0.00000000e+00 0.00000000e+00
 9.38644506e-01 0.00000000e+00 0.00000000e+00 7.10542736e-15
 0.00000000e+00 0.00000000e+00 7.10542736e-15 0.00000000e+00
 1.07831662e-15 9.38644493e-01 0.00000000e+00 1.16534821e-15
 4.29143473e-01 0.00000000e+00 1.15952802e-15 4.48407547e-01
 9.18191593e-18 0.00000000e+00 9.29143473e-01 0.00000000e+00
 0.00000000e+00 0.00000000e+00 0.00000000e+00 0.00000000e+00
 0.00000000e+00 0.00000000e+00 0.00000000e+00 0.00000000e+00
 0.00000000e+00 0.00000000e+00 0.00000000e+00 0.00000000e+00
 1.77407764e-15 0.00000000e+00 0.00000000e+00 3.27082340e-15
 3.25224974e-15 0.00000000e+00 0.00000000e+00 0.00000000e+00
 0.00000000e+00]
sweep    1  f = 147.0534524  (Delta f = 0.121)
sweep    2  f = 147.0534524  (Delta f = 1.16e-11)
New op index: 22	$R_Y$[7]
Current grad: 221.28048920724007
[ 3.14159265  1.57085472  3.14159265  3.14159265  3.14159247  3.14159265
  3.14159265 -3.14159264  3.14159265  3.14159265  3.14159126  3.14159265
  3.14159265  1.57626061  3.14159265  0.          1.57079633  3.14159265
  0.          1.57079633  3.14159265  0.          1.57079633  3.14159265
  3.14159265  3.14159265  3.14159265  3.14159265  3.14159265  3.14159265
  3.14159265  3.14159265  3.14159265  3.14159265  3.14159265  3.14159265
  3.14159265  3.14159265  3.14159265  3.14159265  3.14159265  3.14159265
  0.          0.          3.14159265] 
 [0.00000000e+00 4.50040257e+01 0.00000000e+00 0.00000000e+00
 1.17239551e-13 0.00000000e+00 0.00000000e+00 0.00000000e+00
 0.00000000e+00 0.00000000e+00 1.06625819e-12 0.00000000e+00
 0.00000000e+00 4.28963813e+01 0.00000000e+00 7.05861316e-16
 4.45066537e+01 0.00000000e+00 7.58089669e-16 4.36291027e+01
 0.00000000e+00 1.46059142e-14 4.50066537e+01 0.00000000e+00
 0.00000000e+00 0.00000000e+00 0.00000000e+00 0.00000000e+00
 0.00000000e+00 0.00000000e+00 0.00000000e+00 0.00000000e+00
 0.00000000e+00 0.00000000e+00 0.00000000e+00 0.00000000e+00
 0.00000000e+00 0.00000000e+00 0.00000000e+00 0.00000000e+00
 0.00000000e+00 0.00000000e+00 1.28124522e-14 1.28392951e-14
 0.00000000e+00]
sweep    1  f = 96.23998987  (Delta f = 5.81)
sweep    2  f = 96.23998987  (Delta f = 7.67e-13)
New op index: 19	$R_Y$[6]
Current grad: 3.250211423030069
[ 3.14159265  1.57602425  3.14159265  3.14159265 -3.14159255  3.14159265
  3.14159265 -3.14159258  3.14159265  3.14159265 -3.14159258  3.14159265
  0.         -1.57605214  3.14159265  0.          1.57079633  3.14159265
  3.14159265 -1.57079633  3.14159265  3.14159265  3.14159257  3.14159265
  3.14159265  3.14159265  3.14159265  3.14159265  3.14159265  3.14159265
  3.14159265  3.14159265  3.14159265  3.14159265  3.14159265  3.14159265
  0.          3.14159265  3.14159265  0.          0.          3.14159265
  3.14159265  3.14159265  3.14159265] 
 [0.00000000e+00 9.33879831e-01 0.00000000e+00 0.00000000e+00
 2.70006240e-13 0.00000000e+00 0.00000000e+00 1.20792265e-13
 0.00000000e+00 0.00000000e+00 1.49213975e-13 0.00000000e+00
 2.76437380e-15 9.28973104e-01 0.00000000e+00 8.40087351e-15
 4.38774885e-01 0.00000000e+00 0.00000000e+00 9.38776093e-01
 0.00000000e+00 0.00000000e+00 1.84741111e-13 0.00000000e+00
 0.00000000e+00 0.00000000e+00 0.00000000e+00 0.00000000e+00
 0.00000000e+00 0.00000000e+00 0.00000000e+00 0.00000000e+00
 0.00000000e+00 0.00000000e+00 0.00000000e+00 0.00000000e+00
 1.04067966e-14 0.00000000e+00 0.00000000e+00 2.10660201e-15
 2.10617064e-15 0.00000000e+00 0.00000000e+00 0.00000000e+00
 0.00000000e+00]
sweep    1  f = 95.1745856  (Delta f = 0.127)
sweep    2  f = 95.1745856  (Delta f = 5.96e-10)
New op index: 1	$R_Y$[0]
Current grad: 133.12678719822654
[ 3.14159265  1.57085473  3.14159265  3.14159265  3.14158864  3.14159265
  3.14159265  3.14159256  3.14159265  3.14159265 -3.14157629  3.14159265
  0.          1.57626428  3.14159265  0.          1.5708548   3.14159265
  3.14159265  3.14159197  3.14159265  3.14159265  3.14159251  3.14159265
  3.14159265  3.14159265  3.14159265  3.14159265  3.14159265  3.14159265
  3.14159265  3.14159265  3.14159265  3.14159265  3.14159265  3.14159265
  0.          3.14159265  3.14159265  3.14159265  3.14159265  3.14159265
  3.14159265  3.14159265  3.14159265] 
 [0.00000000e+00 4.49980206e+01 0.00000000e+00 0.00000000e+00
 5.50732793e-11 0.00000000e+00 0.00000000e+00 3.97903932e-13
 0.00000000e+00 0.00000000e+00 1.46755275e-10 0.00000000e+00
 1.48116471e-15 4.28902510e+01 0.00000000e+00 1.25034489e-14
 4.49980176e+01 0.00000000e+00 0.00000000e+00 1.61204383e-12
 0.00000000e+00 0.00000000e+00 1.03739239e-12 0.00000000e+00
 0.00000000e+00 0.00000000e+00 0.00000000e+00 0.00000000e+00
 0.00000000e+00 0.00000000e+00 0.00000000e+00 0.00000000e+00
 0.00000000e+00 0.00000000e+00 0.00000000e+00 0.00000000e+00
 1.01176597e-14 0.00000000e+00 0.00000000e+00 0.00000000e+00
 0.00000000e+00 0.00000000e+00 0.00000000e+00 0.00000000e+00
 0.00000000e+00]
sweep    1  f = 44.36243885  (Delta f = 5.81)
sweep    2  f = 44.36243885  (Delta f = 0)
New op index: 13	$R_Y$[4]
Current grad: 1.8775860544867333
[ 3.14159265 -3.14159263  0.          3.14159265 -3.14159254  3.14159265
  3.14159265 -3.14159261  0.          3.14159265  3.14159249  3.14159265
  3.14159265 -1.57602479  3.14159265  0.          1.57602428  3.14159265
  3.14159265 -3.14159244  3.14159265  3.14159265 -3.14159253  3.14159265
  3.14159265  3.14159265  3.14159265  3.14159265  3.14159265  3.14159265
  3.14159265  3.14159265  3.14159265  3.14159265  3.14159265  3.14159265
  0.          3.14159265  3.14159265  3.14159265  3.14159265  3.14159265
  3.14159265  3.14159265  3.14159265] 
 [0.00000000e+00 1.42108547e-14 1.12600614e-15 0.00000000e+00
 3.26849658e-13 0.00000000e+00 0.00000000e+00 4.97379915e-14
 1.12600614e-15 0.00000000e+00 7.17648163e-13 0.00000000e+00
 0.00000000e+00 9.33880632e-01 0.00000000e+00 6.48499163e-15
 9.33879604e-01 0.00000000e+00 0.00000000e+00 1.15107923e-12
 0.00000000e+00 0.00000000e+00 4.12114787e-13 0.00000000e+00
 0.00000000e+00 0.00000000e+00 0.00000000e+00 0.00000000e+00
 0.00000000e+00 0.00000000e+00 0.00000000e+00 0.00000000e+00
 0.00000000e+00 0.00000000e+00 0.00000000e+00 0.00000000e+00
 3.97862753e-15 0.00000000e+00 0.00000000e+00 0.00000000e+00
 0.00000000e+00 0.00000000e+00 0.00000000e+00 0.00000000e+00
 0.00000000e+00]
sweep    1  f = 43.42610015  (Delta f = 0.00246)
sweep    2  f = 43.42609546  (Delta f = 4.69e-06)
sweep    3  f = 43.42609479  (Delta f = 6.71e-07)
sweep    4  f = 43.42609469  (Delta f = 9.41e-08)
sweep    5  f = 43.42609469  (Delta f = 5.2e-10)
New op index: 16	$R_Y$[5]
Current grad: 50.94023970951824
[ 3.14159265 -3.14159228  3.14159265  3.14159265 -3.14154862  3.14159265
  3.14159265 -3.14159264  3.14159265  3.14159265  3.14148127  3.14159265
  3.14159265 -3.14159265  3.14159265  0.          1.57089357  3.14159265
  3.14159265 -3.14154134  0.          3.14159265 -3.14159257  3.14159265
  3.14159265  3.14159265  3.14159265  3.14159265  3.14159265  3.14159265
  3.14159265  3.14159265  3.14159265  3.14159265  3.14159265  3.14159265
  3.14159265  3.14159265  3.14159265  3.14159265  3.14159265  3.14159265
  3.14159265  3.14159265  3.14159265] 
 [0.00000000e+00 7.09121650e-12 0.00000000e+00 0.00000000e+00
 9.08833675e-10 0.00000000e+00 0.00000000e+00 1.42108547e-14
 0.00000000e+00 0.00000000e+00 5.83126414e-09 0.00000000e+00
 0.00000000e+00 0.00000000e+00 0.00000000e+00 9.21881556e-15
 5.09350449e+01 0.00000000e+00 0.00000000e+00 1.23743471e-09
 3.48058354e-25 0.00000000e+00 3.12638804e-13 0.00000000e+00
 0.00000000e+00 0.00000000e+00 0.00000000e+00 0.00000000e+00
 0.00000000e+00 0.00000000e+00 0.00000000e+00 0.00000000e+00
 0.00000000e+00 0.00000000e+00 0.00000000e+00 0.00000000e+00
 0.00000000e+00 0.00000000e+00 0.00000000e+00 0.00000000e+00
 0.00000000e+00 0.00000000e+00 0.00000000e+00 0.00000000e+00
 0.00000000e+00]
sweep    1  f = -7.510204081  (Delta f = 0.00125)
sweep    2  f = -7.510204082  (Delta f = 1.8e-10)
New op index: 19	$R_Y$[6]
Current grad: 1.695790616314415e-05
[ 3.14159265 -3.14159265  3.14159265  3.14159265  3.14159261  0.
  3.14159265  3.1415926   3.14159265  3.14159265  3.14159258  0.
  3.14159265  3.14159264  0.          3.14159265  3.14159265  3.14159265
  3.14159265  3.14159253  0.          3.14159265  3.14159264  0.
  3.14159265  3.14159265  0.          3.14159265  3.14159265  0.
  3.14159265  3.14159265  0.          3.14159265  3.14159265  0.
  3.14159265  3.14159265  0.          3.14159265  3.14159265  0.
  3.14159265  3.14159265  0.        ] 
 [0.00000000e+00 0.00000000e+00 0.00000000e+00 0.00000000e+00
 4.97379915e-14 8.57399869e-15 0.00000000e+00 6.39488462e-14
 0.00000000e+00 0.00000000e+00 1.42108547e-13 4.15793991e-15
 0.00000000e+00 7.10542736e-15 2.65499559e-15 0.00000000e+00
 0.00000000e+00 0.00000000e+00 0.00000000e+00 4.05009359e-13
 7.07105436e-15 0.00000000e+00 0.00000000e+00 1.35369636e-16
 0.00000000e+00 0.00000000e+00 8.27332795e-15 0.00000000e+00
 0.00000000e+00 7.87958422e-15 0.00000000e+00 0.00000000e+00
 3.46352545e-15 0.00000000e+00 0.00000000e+00 4.84671985e-15
 0.00000000e+00 0.00000000e+00 2.39662149e-15 0.00000000e+00
 0.00000000e+00 6.81268027e-15 0.00000000e+00 0.00000000e+00
 7.20642400e-15]
Precision cutoff reached.
Calculating energies for FreeWilson2D(N_x=2, N_y=2, mass=0.041, r=1.000)
h_im: 0.0
New op index: 10	$R_Y$[3]
Current grad: 6.163265306122442
[ 3.14159265  1.57079633  3.14159265  3.14159265 -1.57079633  3.14159265
  3.14159265  1.57079633  3.14159265  3.14159265 -1.11518067  0.
  3.14159265 -1.11518067  0.          3.14159265  1.57079633  3.14159265
  3.14159265 -1.57079633  3.14159265  3.14159265  1.57079633  3.14159265
  3.14159265  3.14159265  3.14159265  3.14159265  3.14159265  3.14159265
  3.14159265  0.          0.          3.14159265  3.14159265  3.14159265
  3.14159265  0.          0.          3.14159265  3.14159265  3.14159265
  3.14159265  3.14159265  3.14159265] 
 [0.         1.02040816 0.         0.         0.52040816 0.
 0.         0.52040816 0.         0.         1.63632426 1.
 0.         1.63632426 1.         0.         0.52040816 0.
 0.         0.52040816 0.         0.         1.02040816 0.
 0.         0.         0.         0.         0.         0.
 0.         1.         1.         0.         0.         0.
 0.         1.         1.         0.         0.         0.
 0.         0.         0.        ]
sweep    1  f = 198.8636757  (Delta f = -2.84e-14)
New op index: 7	$R_Y$[2]
Current grad: 315.5880261885001
[ 3.14159265  1.57079633  3.14159265  3.14159265  1.57079633  3.14159265
  3.14159265  1.57079633  0.          3.14159265 -3.14159265  3.14159265
  3.14159265  1.57586207  3.14159265  0.          1.57079633  0.
  0.          1.57079633  3.14159265  3.14159265  1.57079633  3.14159265
  3.14159265  3.14159265  3.14159265  3.14159265  0.          0.
  3.14159265  3.14159265  3.14159265  3.14159265  3.14159265  3.14159265
  3.14159265  3.14159265  3.14159265  0.          0.          3.14159265
  0.          0.          3.14159265] 
 [0.00000000e+00 4.59199232e+01 0.00000000e+00 0.00000000e+00
 4.43791069e+01 0.00000000e+00 0.00000000e+00 4.61399309e+01
 5.55111512e-17 0.00000000e+00 0.00000000e+00 0.00000000e+00
 0.00000000e+00 4.32106614e+01 0.00000000e+00 5.77769125e-17
 4.54199232e+01 5.55111512e-17 5.55111512e-15 4.43791069e+01
 0.00000000e+00 0.00000000e+00 4.59199232e+01 0.00000000e+00
 0.00000000e+00 0.00000000e+00 0.00000000e+00 0.00000000e+00
 5.55111512e-17 5.55111512e-17 0.00000000e+00 0.00000000e+00
 0.00000000e+00 0.00000000e+00 0.00000000e+00 0.00000000e+00
 0.00000000e+00 0.00000000e+00 0.00000000e+00 5.60889204e-15
 5.71991434e-15 0.00000000e+00 5.55111512e-15 5.49560397e-15
 0.00000000e+00]
sweep    1  f = 147.9493846  (Delta f = 4.77)
sweep    2  f = 147.9493846  (Delta f = 0)
New op index: 13	$R_Y$[4]
Current grad: 5.122452659297877
[ 3.14159265  1.57079633  3.14159265  3.14159265 -1.58030866  3.14159265
  3.14159265  3.14159265  3.14159265  3.14159265 -3.14159258  3.14159265
  0.         -1.58030866  3.14159265  0.          1.57079633  3.14159265
  3.14159265 -1.57079633  3.14159265  3.14159265  1.57079633  3.14159265
  3.14159265  3.14159265  3.14159265  3.14159265  3.14159265  3.14159265
  3.14159265  3.14159265  3.14159265  3.14159265  3.14159265  3.14159265
  0.          3.14159265  3.14159265  3.14159265  3.14159265  3.14159265
  3.14159265  0.          3.14159265] 
 [0.00000000e+00 1.01080700e+00 0.00000000e+00 0.00000000e+00
 1.02025785e+00 0.00000000e+00 0.00000000e+00 0.00000000e+00
 0.00000000e+00 0.00000000e+00 1.27897692e-13 0.00000000e+00
 1.35485157e-17 1.02025785e+00 0.00000000e+00 1.36601067e-17
 5.10806999e-01 0.00000000e+00 0.00000000e+00 5.30009328e-01
 0.00000000e+00 0.00000000e+00 1.01080700e+00 0.00000000e+00
 0.00000000e+00 0.00000000e+00 0.00000000e+00 0.00000000e+00
 0.00000000e+00 0.00000000e+00 0.00000000e+00 0.00000000e+00
 0.00000000e+00 0.00000000e+00 0.00000000e+00 0.00000000e+00
 2.17667913e-17 0.00000000e+00 0.00000000e+00 0.00000000e+00
 0.00000000e+00 0.00000000e+00 0.00000000e+00 2.18217428e-17
 0.00000000e+00]
sweep    1  f = 146.8178587  (Delta f = 0.111)
sweep    2  f = 146.8178587  (Delta f = 8.98e-12)
New op index: 1	$R_Y$[0]
Current grad: 225.2863654131341
[ 3.14159265  1.57079633  3.14159265  3.14159265  1.57582622  3.14159265
  3.14159265 -3.14159241  3.14159265  3.14159265  3.14158604  3.14159265
  3.14159265  3.14159124  3.14159265  0.          1.57084243  3.14159265
  3.14159265  1.57079633  0.          0.          1.57079633  0.
  3.14159265  3.14159265  3.14159265  3.14159265  3.14159265  3.14159265
  3.14159265  3.14159265  3.14159265  3.14159265  3.14159265  3.14159265
  3.14159265  3.14159265  3.14159265  3.14159265  3.14159265  3.14159265
  3.14159265  3.14159265  0.        ] 
 [0.00000000e+00 4.58664069e+01 0.00000000e+00 0.00000000e+00
 4.36080268e+01 0.00000000e+00 0.00000000e+00 2.81374923e-12
 0.00000000e+00 0.00000000e+00 2.57038835e-11 0.00000000e+00
 0.00000000e+00 6.17195184e-12 0.00000000e+00 1.74286745e-15
 4.53979038e+01 0.00000000e+00 0.00000000e+00 4.43255906e+01
 3.55801219e-17 5.74406689e-16 4.58664069e+01 4.22034166e-17
 0.00000000e+00 0.00000000e+00 0.00000000e+00 0.00000000e+00
 0.00000000e+00 0.00000000e+00 0.00000000e+00 0.00000000e+00
 0.00000000e+00 0.00000000e+00 0.00000000e+00 0.00000000e+00
 0.00000000e+00 0.00000000e+00 0.00000000e+00 0.00000000e+00
 0.00000000e+00 0.00000000e+00 0.00000000e+00 0.00000000e+00
 7.77835385e-17]
sweep    1  f = 95.91346758  (Delta f = 5.04)
sweep    2  f = 95.91346758  (Delta f = 0)
New op index: 22	$R_Y$[7]
Current grad: 3.081643203964199
[ 3.14159265 -3.14159263  3.14159265  3.14159265 -1.57559782  3.14159265
  3.14159265  3.14159254  3.14159265  3.14159265  3.14159265  3.14159265
  3.14159265 -3.14159258  3.14159265  3.14159265  1.58021004  3.14159265
  3.14159265 -1.57079633  0.          0.          1.57079633  0.
  3.14159265  3.14159265  3.14159265  3.14159265  3.14159265  3.14159265
  3.14159265  3.14159265  3.14159265  3.14159265  3.14159265  3.14159265
  3.14159265  3.14159265  3.14159265  3.14159265  3.14159265  3.14159265
  3.14159265  3.14159265  0.        ] 
 [0.00000000e+00 7.10542736e-15 0.00000000e+00 0.00000000e+00
 1.01552104e+00 0.00000000e+00 0.00000000e+00 3.19744231e-13
 0.00000000e+00 0.00000000e+00 0.00000000e+00 0.00000000e+00
 0.00000000e+00 1.35003120e-13 0.00000000e+00 0.00000000e+00
 5.15531438e-01 0.00000000e+00 0.00000000e+00 5.20408802e-01
 4.17879733e-17 7.02648288e-15 1.02040752e+00 3.08319993e-19
 0.00000000e+00 0.00000000e+00 0.00000000e+00 0.00000000e+00
 0.00000000e+00 0.00000000e+00 0.00000000e+00 0.00000000e+00
 0.00000000e+00 0.00000000e+00 0.00000000e+00 0.00000000e+00
 0.00000000e+00 0.00000000e+00 0.00000000e+00 0.00000000e+00
 0.00000000e+00 0.00000000e+00 0.00000000e+00 0.00000000e+00
 4.20962933e-17]
sweep    1  f = 94.78099434  (Delta f = 0.112)
sweep    2  f = 94.78099434  (Delta f = 5.84e-11)
New op index: 19	$R_Y$[6]
Current grad: 136.21565025471557
[ 3.14159265  3.14159175  3.14159265  3.14159265 -1.570842    3.14159265
  3.14159265  3.14159107  3.14159265  3.14159265  3.14159232  3.14159265
  3.14159265 -3.14159237  3.14159265  0.         -1.57575057  3.14159265
  0.         -1.57079633  3.14159265  3.14159265 -3.14159213  3.14159265
  3.14159265  3.14159265  3.14159265  3.14159265  3.14159265  3.14159265
  3.14159265  3.14159265  3.14159265  3.14159265  3.14159265  3.14159265
  3.14159265  3.14159265  3.14159265  0.          3.14159265  3.14159265
  3.14159265  3.14159265  3.14159265] 
 [0.00000000e+00 2.47446508e-12 0.00000000e+00 0.00000000e+00
 4.59336489e+01 0.00000000e+00 0.00000000e+00 1.42708068e-12
 0.00000000e+00 0.00000000e+00 5.22959454e-12 0.00000000e+00
 0.00000000e+00 3.87956334e-12 0.00000000e+00 1.23141995e-14
 4.41249373e+01 0.00000000e+00 1.33467548e-15 4.59357475e+01
 0.00000000e+00 0.00000000e+00 8.49986748e-13 0.00000000e+00
 0.00000000e+00 0.00000000e+00 0.00000000e+00 0.00000000e+00
 0.00000000e+00 0.00000000e+00 0.00000000e+00 0.00000000e+00
 0.00000000e+00 0.00000000e+00 0.00000000e+00 0.00000000e+00
 0.00000000e+00 0.00000000e+00 0.00000000e+00 1.39958186e-14
 0.00000000e+00 0.00000000e+00 0.00000000e+00 0.00000000e+00
 0.00000000e+00]
sweep    1  f = 43.87020132  (Delta f = 4.98)
sweep    2  f = 43.87020132  (Delta f = 0)
New op index: 4	$R_Y$[1]
Current grad: 2.040835954936746
[ 3.14159265 -3.14159264  3.14159265  3.14159265 -1.57560938  3.14159265
  3.14159265  3.14159257  3.14159265  3.14159265  3.14159263  3.14159265
  3.14159265  3.14159259  3.14159265  3.14159265  1.58037622  3.14159265
  3.14159265  3.14159259  3.14159265  3.14159265 -3.14159252  3.14159265
  3.14159265  3.14159265  3.14159265  3.14159265  3.14159265  3.14159265
  3.14159265  3.14159265  3.14159265  3.14159265  3.14159265  3.14159265
  3.14159265  3.14159265  3.14159265  3.14159265  3.14159265  3.14159265
  3.14159265  3.14159265  3.14159265] 
 [0.00000000e+00 7.10542736e-15 0.00000000e+00 0.00000000e+00
 1.01312041e+00 0.00000000e+00 0.00000000e+00 1.84741111e-13
 0.00000000e+00 0.00000000e+00 1.42108547e-14 0.00000000e+00
 0.00000000e+00 1.13686838e-13 0.00000000e+00 0.00000000e+00
 1.01305621e+00 0.00000000e+00 0.00000000e+00 9.94759830e-14
 0.00000000e+00 0.00000000e+00 4.33431069e-13 0.00000000e+00
 0.00000000e+00 0.00000000e+00 0.00000000e+00 0.00000000e+00
 0.00000000e+00 0.00000000e+00 0.00000000e+00 0.00000000e+00
 0.00000000e+00 0.00000000e+00 0.00000000e+00 0.00000000e+00
 0.00000000e+00 0.00000000e+00 0.00000000e+00 0.00000000e+00
 0.00000000e+00 0.00000000e+00 0.00000000e+00 0.00000000e+00
 0.00000000e+00]
sweep    1  f = 42.85467399  (Delta f = 0.00241)
sweep    2  f = 42.85466863  (Delta f = 5.36e-06)
sweep    3  f = 42.85466861  (Delta f = 1.44e-08)
sweep    4  f = 42.85466859  (Delta f = 2.3e-08)
sweep    5  f = 42.85466815  (Delta f = 4.38e-07)
sweep    6  f = 42.85466811  (Delta f = 4.3e-08)
sweep    7  f = 42.8546681  (Delta f = 7.09e-09)
New op index: 16	$R_Y$[5]
Current grad: 51.02173467463591
[ 3.14159265 -3.14159259  3.14159265  3.14159265  3.14159265  3.14159265
  3.14159265  3.14159264  3.14159265  3.14159265 -3.14154372  3.14159265
  3.14159265 -3.14156052  0.          3.14159265  1.57089333  3.14159265
  3.14159265  3.14158301  0.          3.14159265 -3.14159265  3.14159265
  3.14159265  3.14159265  3.14159265  3.14159265  3.14159265  3.14159265
  3.14159265  3.14159265  3.14159265  3.14159265  3.14159265  3.14159265
  3.14159265  3.14159265  3.14159265  3.14159265  3.14159265  3.14159265
  3.14159265  3.14159265  3.14159265] 
 [0.00000000e+00 1.98951966e-13 0.00000000e+00 0.00000000e+00
 0.00000000e+00 0.00000000e+00 0.00000000e+00 1.42108547e-14
 0.00000000e+00 0.00000000e+00 1.22333099e-09 0.00000000e+00
 0.00000000e+00 5.27573096e-10 5.78247103e-11 0.00000000e+00
 5.10166837e+01 0.00000000e+00 0.00000000e+00 4.74995598e-11
 2.54967575e-26 0.00000000e+00 0.00000000e+00 0.00000000e+00
 0.00000000e+00 0.00000000e+00 0.00000000e+00 0.00000000e+00
 0.00000000e+00 0.00000000e+00 0.00000000e+00 0.00000000e+00
 0.00000000e+00 0.00000000e+00 0.00000000e+00 0.00000000e+00
 0.00000000e+00 0.00000000e+00 0.00000000e+00 0.00000000e+00
 0.00000000e+00 0.00000000e+00 0.00000000e+00 0.00000000e+00
 0.00000000e+00]
sweep    1  f = -8.163265306  (Delta f = 0.00125)
sweep    2  f = -8.163265306  (Delta f = 5.42e-11)
New op index: 1	$R_Y$[0]
Current grad: 1.2310597768552848e-05
[ 3.14159265 -3.14159257  3.14159265  3.14159265 -3.14159265  0.
  3.14159265  3.14159263  3.14159265  3.14159265 -3.14159262  3.14159265
  3.14159265  3.14159262  3.14159265  3.14159265  3.14159263  3.14159265
  3.14159265 -3.14159264  3.14159265  3.14159265  3.14159264  0.
  3.14159265  3.14159265  3.14159265  3.14159265  3.14159265  3.14159265
  3.14159265  3.14159265  3.14159265  3.14159265  3.14159265  3.14159265
  3.14159265  3.14159265  3.14159265  3.14159265  3.14159265  3.14159265
  3.14159265  3.14159265  0.        ] 
 [0.00000000e+00 1.84741111e-13 0.00000000e+00 0.00000000e+00
 0.00000000e+00 3.97337268e-16 0.00000000e+00 1.42108547e-14
 0.00000000e+00 0.00000000e+00 2.84217094e-14 0.00000000e+00
 0.00000000e+00 2.84217094e-14 0.00000000e+00 0.00000000e+00
 7.10542736e-15 0.00000000e+00 0.00000000e+00 7.10542736e-15
 0.00000000e+00 0.00000000e+00 7.10542736e-15 1.60311039e-15
 0.00000000e+00 0.00000000e+00 0.00000000e+00 0.00000000e+00
 0.00000000e+00 0.00000000e+00 0.00000000e+00 0.00000000e+00
 0.00000000e+00 0.00000000e+00 0.00000000e+00 0.00000000e+00
 0.00000000e+00 0.00000000e+00 0.00000000e+00 0.00000000e+00
 0.00000000e+00 0.00000000e+00 0.00000000e+00 0.00000000e+00
 1.11912511e-15]
Precision cutoff reached.
Calculating energies for FreeWilson2D(N_x=2, N_y=2, mass=0.204, r=1.000)
h_im: 0.0
New op index: 10	$R_Y$[3]
Current grad: 6.816326530612239
[ 3.14159265  1.57079633  3.14159265  3.14159265 -1.57079633  3.14159265
  3.14159265  1.57079633  3.14159265  3.14159265 -1.14486667  0.
  3.14159265 -1.14486667  0.          3.14159265  1.57079633  3.14159265
  3.14159265 -1.57079633  3.14159265  3.14159265  1.57079633  3.14159265
  3.14159265  3.14159265  3.14159265  3.14159265  3.14159265  3.14159265
  3.14159265  0.          0.          3.14159265  3.14159265  3.14159265
  3.14159265  0.          0.          3.14159265  3.14159265  3.14159265
  3.14159265  3.14159265  3.14159265] 
 [0.         1.10204082 0.         0.         0.60204082 0.
 0.         0.60204082 0.         0.         1.71016278 1.
 0.         1.71016278 1.         0.         0.60204082 0.
 0.         0.60204082 0.         0.         1.10204082 0.
 0.         0.         0.         0.         0.         0.
 0.         1.         1.         0.         0.         0.
 0.         1.         1.         0.         0.         0.
 0.         0.         0.        ]
sweep    1  f = 198.7898372  (Delta f = 2.84e-13)
New op index: 7	$R_Y$[2]
Current grad: 320.08255499774725
[ 3.14159265  1.57079633  3.14159265  3.14159265  1.57079633  3.14159265
  3.14159265  1.57079633  3.14159265  3.14159265 -3.14159265  3.14159265
  0.          1.57549401  3.14159265  3.14159265  1.57079633  3.14159265
  3.14159265  1.57079633  3.14159265  3.14159265  1.57079633  3.14159265
  3.14159265  3.14159265  3.14159265  3.14159265  3.14159265  3.14159265
  3.14159265  3.14159265  3.14159265  3.14159265  3.14159265  3.14159265
  3.14159265  3.14159265  3.14159265  3.14159265  3.14159265  3.14159265
  3.14159265  3.14159265  3.14159265] 
 [0.00000000e+00 4.66347919e+01 0.00000000e+00 0.00000000e+00
 4.49307103e+01 0.00000000e+00 0.00000000e+00 4.68413757e+01
 0.00000000e+00 0.00000000e+00 0.00000000e+00 0.00000000e+00
 1.22351109e-16 4.37692843e+01 0.00000000e+00 0.00000000e+00
 4.61347919e+01 0.00000000e+00 0.00000000e+00 4.49307103e+01
 0.00000000e+00 0.00000000e+00 4.66347919e+01 0.00000000e+00
 0.00000000e+00 0.00000000e+00 0.00000000e+00 0.00000000e+00
 0.00000000e+00 0.00000000e+00 0.00000000e+00 0.00000000e+00
 0.00000000e+00 0.00000000e+00 0.00000000e+00 0.00000000e+00
 0.00000000e+00 0.00000000e+00 0.00000000e+00 0.00000000e+00
 0.00000000e+00 0.00000000e+00 0.00000000e+00 0.00000000e+00
 0.00000000e+00]
sweep    1  f = 147.786135  (Delta f = 4.16)
sweep    2  f = 147.786135  (Delta f = -1.71e-13)
New op index: 4	$R_Y$[1]
Current grad: 5.612248345701479
[ 3.14159265  1.57079633  3.14159265  3.14159265 -1.57959634  3.14159265
  3.14159265 -3.14159264  0.          3.14159265 -3.1415926   3.14159265
  0.         -1.57959634  3.14159265  3.14159265  1.57079633  3.14159265
  3.14159265 -1.57079633  3.14159265  3.14159265  1.57079633  3.14159265
  3.14159265  3.14159265  3.14159265  3.14159265  3.14159265  3.14159265
  3.14159265  3.14159265  3.14159265  3.14159265  3.14159265  3.14159265
  0.          3.14159265  3.14159265  3.14159265  3.14159265  3.14159265
  3.14159265  3.14159265  3.14159265] 
 [0.00000000e+00 1.09247028e+00 0.00000000e+00 0.00000000e+00
 1.10187196e+00 0.00000000e+00 0.00000000e+00 0.00000000e+00
 2.06795153e-25 0.00000000e+00 8.52651283e-14 0.00000000e+00
 8.26085088e-15 1.10187195e+00 0.00000000e+00 0.00000000e+00
 5.92470281e-01 0.00000000e+00 0.00000000e+00 6.11611351e-01
 0.00000000e+00 0.00000000e+00 1.09247028e+00 0.00000000e+00
 0.00000000e+00 0.00000000e+00 0.00000000e+00 0.00000000e+00
 0.00000000e+00 0.00000000e+00 0.00000000e+00 0.00000000e+00
 0.00000000e+00 0.00000000e+00 0.00000000e+00 0.00000000e+00
 3.74471283e-15 0.00000000e+00 0.00000000e+00 0.00000000e+00
 0.00000000e+00 0.00000000e+00 0.00000000e+00 0.00000000e+00
 0.00000000e+00]
sweep    1  f = 146.5806298  (Delta f = 0.104)
sweep    2  f = 146.5806298  (Delta f = 0)
New op index: 22	$R_Y$[7]
Current grad: 228.35193359054884
[ 3.14159265  1.57085187  3.14159265  3.14159265  3.14159219  3.14159265
  3.14159265 -3.14159265  3.14159265  3.14159265 -3.14159264  3.14159265
  0.          1.57547903  3.14159265  3.14159265  1.57079633  3.14159265
  0.          1.57079633  0.          3.14159265  1.57079633  3.14159265
  3.14159265  3.14159265  3.14159265  3.14159265  3.14159265  3.14159265
  3.14159265  3.14159265  3.14159265  3.14159265  3.14159265  3.14159265
  3.14159265  3.14159265  3.14159265  3.14159265  3.14159265  0.
  0.          0.          3.14159265] 
 [0.00000000e+00 4.65489626e+01 0.00000000e+00 0.00000000e+00
 6.15507645e-13 0.00000000e+00 0.00000000e+00 0.00000000e+00
 0.00000000e+00 0.00000000e+00 2.22044605e-16 0.00000000e+00
 3.75481693e-15 4.41426278e+01 0.00000000e+00 0.00000000e+00
 4.60515481e+01 0.00000000e+00 3.63800038e-15 4.48474665e+01
 1.05354520e-17 0.00000000e+00 4.65515481e+01 0.00000000e+00
 0.00000000e+00 0.00000000e+00 0.00000000e+00 0.00000000e+00
 0.00000000e+00 0.00000000e+00 0.00000000e+00 0.00000000e+00
 0.00000000e+00 0.00000000e+00 0.00000000e+00 0.00000000e+00
 0.00000000e+00 0.00000000e+00 0.00000000e+00 0.00000000e+00
 0.00000000e+00 1.77721409e-19 2.24324511e-15 2.24495267e-15
 0.00000000e+00]
sweep    1  f = 95.58694433  (Delta f = 4.44)
sweep    2  f = 95.58694433  (Delta f = 0)
New op index: 19	$R_Y$[6]
Current grad: 3.9032848560818314
[ 3.14159265  1.57523555  3.14159265  3.14159265  3.1415926   3.14159265
  3.14159265 -3.14159253  3.14159265  3.14159265  3.14159261  3.14159265
  3.14159265 -1.57525573  3.14159265  3.14159265  1.57079633  3.14159265
  3.14159265 -1.57079633  3.14159265  3.14159265 -3.14159261  0.
  3.14159265  3.14159265  3.14159265  3.14159265  3.14159265  3.14159265
  3.14159265  3.14159265  3.14159265  3.14159265  3.14159265  3.14159265
  3.14159265  3.14159265  3.14159265  3.14159265  3.14159265  3.14159265
  3.14159265  3.14159265  3.14159265] 
 [0.00000000e+00 1.09715880e+00 0.00000000e+00 0.00000000e+00
 6.39488462e-14 0.00000000e+00 0.00000000e+00 4.19220214e-13
 0.00000000e+00 0.00000000e+00 5.68434189e-14 0.00000000e+00
 0.00000000e+00 1.09226772e+00 0.00000000e+00 0.00000000e+00
 6.02040169e-01 0.00000000e+00 0.00000000e+00 1.10204148e+00
 0.00000000e+00 0.00000000e+00 4.26325641e-14 7.31128909e-25
 0.00000000e+00 0.00000000e+00 0.00000000e+00 0.00000000e+00
 0.00000000e+00 0.00000000e+00 0.00000000e+00 0.00000000e+00
 0.00000000e+00 0.00000000e+00 0.00000000e+00 0.00000000e+00
 0.00000000e+00 0.00000000e+00 0.00000000e+00 0.00000000e+00
 0.00000000e+00 0.00000000e+00 0.00000000e+00 0.00000000e+00
 0.00000000e+00]
sweep    1  f = 94.37525349  (Delta f = 0.11)
sweep    2  f = 94.37525349  (Delta f = 2.86e-10)
New op index: 1	$R_Y$[0]
Current grad: 137.44096304818885
[ 3.14159265  1.57085187  3.14159265  3.14159265 -3.14159129  3.14159265
  3.14159265  3.14159246  3.14159265  3.14159265  3.1415914   3.14159265
  3.14159265  1.57548177  3.14159265  0.          1.57085195  3.14159265
  3.14159265 -3.14159058  0.          3.14159265  3.14159215  3.14159265
  3.14159265  3.14159265  3.14159265  3.14159265  3.14159265  3.14159265
  3.14159265  3.14159265  3.14159265  3.14159265  3.14159265  3.14159265
  3.14159265  3.14159265  3.14159265  3.14159265  3.14159265  3.14159265
  3.14159265  3.14159265  3.14159265] 
 [0.00000000e+00 4.65449493e+01 0.00000000e+00 0.00000000e+00
 5.22248911e-12 0.00000000e+00 0.00000000e+00 1.77635684e-12
 0.00000000e+00 0.00000000e+00 9.86766224e-13 0.00000000e+00
 0.00000000e+00 4.41385120e+01 0.00000000e+00 6.01477840e-15
 4.65449447e+01 0.00000000e+00 0.00000000e+00 1.21511690e-11
 5.64968356e-25 0.00000000e+00 1.22213351e-11 0.00000000e+00
 0.00000000e+00 0.00000000e+00 0.00000000e+00 0.00000000e+00
 0.00000000e+00 0.00000000e+00 0.00000000e+00 0.00000000e+00
 0.00000000e+00 0.00000000e+00 0.00000000e+00 0.00000000e+00
 0.00000000e+00 0.00000000e+00 0.00000000e+00 0.00000000e+00
 0.00000000e+00 0.00000000e+00 0.00000000e+00 0.00000000e+00
 0.00000000e+00]
sweep    1  f = 43.3828627  (Delta f = 4.45)
sweep    2  f = 43.3828627  (Delta f = 2.84e-14)
New op index: 13	$R_Y$[4]
Current grad: 2.2040896759232993
[ 3.14159265 -3.14159261  0.          3.14159265 -3.14159262  3.14159265
  3.14159265 -3.14159262  0.          3.14159265 -3.14159263  3.14159265
  3.14159265 -1.5752359   3.14159265  3.14159265  1.57523549  3.14159265
  3.14159265  3.14159263  3.14159265  3.14159265 -3.14159265  3.14159265
  3.14159265  3.14159265  3.14159265  3.14159265  3.14159265  3.14159265
  3.14159265  3.14159265  3.14159265  3.14159265  3.14159265  3.14159265
  3.14159265  3.14159265  3.14159265  3.14159265  3.14159265  3.14159265
  3.14159265  3.14159265  3.14159265] 
 [0.00000000e+00 3.55271368e-14 1.36715589e-15 0.00000000e+00
 3.55271368e-14 0.00000000e+00 0.00000000e+00 2.84217094e-14
 1.36715589e-15 0.00000000e+00 1.42108547e-14 0.00000000e+00
 0.00000000e+00 1.09715971e+00 0.00000000e+00 0.00000000e+00
 1.09715884e+00 0.00000000e+00 0.00000000e+00 1.42108547e-14
 0.00000000e+00 0.00000000e+00 0.00000000e+00 0.00000000e+00
 0.00000000e+00 0.00000000e+00 0.00000000e+00 0.00000000e+00
 0.00000000e+00 0.00000000e+00 0.00000000e+00 0.00000000e+00
 0.00000000e+00 0.00000000e+00 0.00000000e+00 0.00000000e+00
 0.00000000e+00 0.00000000e+00 0.00000000e+00 0.00000000e+00
 0.00000000e+00 0.00000000e+00 0.00000000e+00 0.00000000e+00
 0.00000000e+00]
sweep    1  f = 42.28324731  (Delta f = 0.00246)
sweep    2  f = 42.28324203  (Delta f = 5.28e-06)
sweep    3  f = 42.283242  (Delta f = 3.64e-08)
sweep    4  f = 42.28324157  (Delta f = 4.28e-07)
sweep    5  f = 42.28324153  (Delta f = 3.65e-08)
sweep    6  f = 42.28324153  (Delta f = 7.79e-11)
New op index: 16	$R_Y$[5]
Current grad: 51.10334101098211
[ 3.14159265 -3.1415926   3.14159265  3.14159265 -3.14159102  3.14159265
  3.14159265  3.14159252  3.14159265  3.14159265  3.14155037  3.14159265
  3.14159265  3.14159265  3.14159265  0.          1.5708931   3.14159265
  3.14159265  3.14159155  3.14159265  3.14159265  3.14159256  3.14159265
  3.14159265  3.14159265  3.14159265  3.14159265  3.14159265  3.14159265
  3.14159265  3.14159265  3.14159265  3.14159265  3.14159265  3.14159265
  3.14159265  3.14159265  3.14159265  3.14159265  3.14159265  3.14159265
  3.14159265  3.14159265  3.14159265] 
 [0.00000000e+00 1.27897692e-13 0.00000000e+00 0.00000000e+00
 1.46704870e-12 0.00000000e+00 0.00000000e+00 8.66862138e-13
 0.00000000e+00 0.00000000e+00 9.86154713e-10 0.00000000e+00
 0.00000000e+00 0.00000000e+00 0.00000000e+00 7.02497682e-15
 5.10983184e+01 0.00000000e+00 0.00000000e+00 6.67910172e-13
 0.00000000e+00 0.00000000e+00 4.40536496e-13 0.00000000e+00
 0.00000000e+00 0.00000000e+00 0.00000000e+00 0.00000000e+00
 0.00000000e+00 0.00000000e+00 0.00000000e+00 0.00000000e+00
 0.00000000e+00 0.00000000e+00 0.00000000e+00 0.00000000e+00
 0.00000000e+00 0.00000000e+00 0.00000000e+00 0.00000000e+00
 0.00000000e+00 0.00000000e+00 0.00000000e+00 0.00000000e+00
 0.00000000e+00]
sweep    1  f = -8.816326531  (Delta f = 0.00125)
sweep    2  f = -8.816326531  (Delta f = 5.43e-11)
New op index: 4	$R_Y$[1]
Current grad: 1.5383299102506067e-05
[ 3.14159265 -3.14159263  0.          3.14159265 -3.14159254  3.14159265
  3.14159265 -3.14159262  0.          3.14159265 -3.14159264  0.
  3.14159265 -3.14159264  3.14159265  3.14159265  3.14159263  0.
  3.14159265  3.14159261  3.14159265  3.14159265  3.14159261  0.
  3.14159265  3.14159265  3.14159265  3.14159265  3.14159265  3.14159265
  3.14159265  3.14159265  0.          3.14159265  3.14159265  0.
  3.14159265  3.14159265  0.          3.14159265  3.14159265  3.14159265
  3.14159265  3.14159265  3.14159265] 
 [0.00000000e+00 7.10542736e-15 1.43970751e-15 0.00000000e+00
 3.41060513e-13 0.00000000e+00 0.00000000e+00 2.84217094e-14
 1.35301310e-15 0.00000000e+00 7.10542736e-15 1.38534979e-15
 0.00000000e+00 7.10542736e-15 0.00000000e+00 0.00000000e+00
 7.10542736e-15 1.50187644e-15 0.00000000e+00 4.97379915e-14
 0.00000000e+00 0.00000000e+00 4.26325641e-14 1.58857085e-15
 0.00000000e+00 0.00000000e+00 0.00000000e+00 0.00000000e+00
 0.00000000e+00 0.00000000e+00 0.00000000e+00 0.00000000e+00
 2.73836289e-15 0.00000000e+00 0.00000000e+00 6.75903268e-16
 0.00000000e+00 0.00000000e+00 1.06542261e-15 0.00000000e+00
 0.00000000e+00 0.00000000e+00 0.00000000e+00 0.00000000e+00
 0.00000000e+00]
Precision cutoff reached.
Calculating energies for FreeWilson2D(N_x=2, N_y=2, mass=0.367, r=1.000)
h_im: 0.0
New op index: 10	$R_Y$[3]
Current grad: 7.46938775510203
[ 3.14159265  1.57079633  3.14159265  3.14159265 -1.57079633  3.14159265
  3.14159265  1.57079633  3.14159265  3.14159265 -1.17111826  0.
  3.14159265 -1.17111826  0.          3.14159265  1.57079633  3.14159265
  3.14159265 -1.57079633  3.14159265  3.14159265  1.57079633  3.14159265
  3.14159265  3.14159265  3.14159265  3.14159265  3.14159265  3.14159265
  3.14159265  0.          0.          3.14159265  3.14159265  3.14159265
  3.14159265  0.          0.          3.14159265  3.14159265  3.14159265
  3.14159265  3.14159265  3.14159265] 
 [0.         1.18367347 0.         0.         0.68367347 0.
 0.         0.68367347 0.         0.         1.7849447  1.
 0.         1.7849447  1.         0.         0.68367347 0.
 0.         0.68367347 0.         0.         1.18367347 0.
 0.         0.         0.         0.         0.         0.
 0.         1.         1.         0.         0.         0.
 0.         1.         1.         0.         0.         0.
 0.         0.         0.        ]
sweep    1  f = 198.7150553  (Delta f = 0)
New op index: 7	$R_Y$[2]
Current grad: 323.8328504275098
[ 3.14159265  1.57079633  3.14159265  3.14159265  1.57079633  3.14159265
  3.14159265  1.57079633  0.          3.14159265 -3.14159265  3.14159265
  3.14159265  1.57517682  3.14159265  3.14159265  1.57079633  3.14159265
  3.14159265  1.57079633  3.14159265  0.          1.57079633  3.14159265
  3.14159265  3.14159265  3.14159265  3.14159265  0.          0.
  3.14159265  3.14159265  3.14159265  3.14159265  3.14159265  3.14159265
  3.14159265  3.14159265  3.14159265  3.14159265  3.14159265  3.14159265
  3.14159265  3.14159265  3.14159265] 
 [0.00000000e+00 4.72429891e+01 0.00000000e+00 0.00000000e+00
 4.53756421e+01 0.00000000e+00 0.00000000e+00 4.74375500e+01
 1.38777878e-17 0.00000000e+00 0.00000000e+00 0.00000000e+00
 0.00000000e+00 4.42209142e+01 0.00000000e+00 0.00000000e+00
 4.67429891e+01 0.00000000e+00 0.00000000e+00 4.53756421e+01
 0.00000000e+00 3.54025199e-17 4.72429891e+01 0.00000000e+00
 0.00000000e+00 0.00000000e+00 0.00000000e+00 0.00000000e+00
 1.38777878e-17 1.38777878e-17 0.00000000e+00 0.00000000e+00
 0.00000000e+00 0.00000000e+00 0.00000000e+00 0.00000000e+00
 0.00000000e+00 0.00000000e+00 0.00000000e+00 0.00000000e+00
 0.00000000e+00 0.00000000e+00 0.00000000e+00 0.00000000e+00
 0.00000000e+00]
sweep    1  f = 147.6228853  (Delta f = 3.65)
sweep    2  f = 147.6228853  (Delta f = 0)
New op index: 4	$R_Y$[1]
Current grad: 6.102043413100802
[ 3.14159265  1.57079633  3.14159265  3.14159265 -1.57898152  3.14159265
  3.14159265 -3.14159265  0.          3.14159265  3.1415926   3.14159265
  0.         -1.57898152  3.14159265  3.14159265  1.57079633  0.
  3.14159265 -1.57079633  3.14159265  3.14159265  1.57079633  0.
  3.14159265  3.14159265  3.14159265  3.14159265  3.14159265  3.14159265
  3.14159265  3.14159265  3.14159265  3.14159265  3.14159265  3.14159265
  3.14159265  3.14159265  3.14159265  3.14159265  3.14159265  3.14159265
  0.          0.          3.14159265] 
 [0.00000000e+00 1.17413332e+00 0.00000000e+00 0.00000000e+00
 1.18348669e+00 0.00000000e+00 0.00000000e+00 0.00000000e+00
 2.58493941e-26 0.00000000e+00 6.39488462e-14 0.00000000e+00
 1.04528787e-17 1.18348669e+00 0.00000000e+00 0.00000000e+00
 6.74133324e-01 8.40241670e-20 0.00000000e+00 6.93213615e-01
 0.00000000e+00 0.00000000e+00 1.17413332e+00 8.40241411e-20
 0.00000000e+00 0.00000000e+00 0.00000000e+00 0.00000000e+00
 0.00000000e+00 0.00000000e+00 0.00000000e+00 0.00000000e+00
 0.00000000e+00 0.00000000e+00 0.00000000e+00 0.00000000e+00
 0.00000000e+00 0.00000000e+00 0.00000000e+00 0.00000000e+00
 0.00000000e+00 0.00000000e+00 1.10267481e-16 2.70427660e-17
 0.00000000e+00]
sweep    1  f = 146.3427269  (Delta f = 0.0967)
sweep    2  f = 146.3427269  (Delta f = 1.42e-12)
New op index: 22	$R_Y$[7]
Current grad: 231.0295622540541
[ 3.14159265  1.57085082  3.14159265  3.14159265  3.14159228  3.14159265
  3.14159265 -3.14159248  3.14159265  3.14159265  3.14159133  3.14159265
  0.          1.57516967  3.14159265  3.14159265  1.57079633  0.
  0.          1.57079633  0.          0.          1.57079633  0.
  3.14159265  3.14159265  3.14159265  3.14159265  3.14159265  3.14159265
  3.14159265  3.14159265  3.14159265  3.14159265  3.14159265  3.14159265
  0.          3.14159265  3.14159265  3.14159265  3.14159265  0.
  0.          0.          0.        ] 
 [0.00000000e+00 4.71498046e+01 0.00000000e+00 0.00000000e+00
 3.57935903e-13 0.00000000e+00 0.00000000e+00 1.40687462e-12
 0.00000000e+00 0.00000000e+00 1.15440990e-12 0.00000000e+00
 6.04823883e-15 4.45919494e+01 0.00000000e+00 0.00000000e+00
 4.66523740e+01 9.64325835e-18 3.28286373e-15 4.52850271e+01
 4.79061321e-18 8.68103147e-15 4.71523740e+01 2.26681899e-17
 0.00000000e+00 0.00000000e+00 0.00000000e+00 0.00000000e+00
 0.00000000e+00 0.00000000e+00 0.00000000e+00 0.00000000e+00
 0.00000000e+00 0.00000000e+00 0.00000000e+00 0.00000000e+00
 3.29827210e-15 0.00000000e+00 0.00000000e+00 0.00000000e+00
 0.00000000e+00 1.44338716e-17 1.28542300e-14 1.28825271e-14
 2.74588031e-17]
sweep    1  f = 95.26042152  (Delta f = 3.93)
sweep    2  f = 95.26042152  (Delta f = 0)
New op index: 19	$R_Y$[6]
Current grad: 4.229811823905569
[ 3.14159265  1.57492274  3.14159265  3.14159265 -3.14159264  3.14159265
  3.14159265  3.14159263  3.14159265  3.14159265 -3.14159265  3.14159265
  3.14159265 -1.57494024  3.14159265  0.          1.57079633  3.14159265
  3.14159265 -1.57079633  0.          3.14159265 -3.14159265  0.
  3.14159265  3.14159265  3.14159265  3.14159265  3.14159265  3.14159265
  3.14159265  3.14159265  3.14159265  3.14159265  3.14159265  3.14159265
  3.14159265  3.14159265  3.14159265  0.          0.          0.
  3.14159265  3.14159265  0.        ] 
 [0.00000000e+00 1.17879850e+00 0.00000000e+00 0.00000000e+00
 0.00000000e+00 0.00000000e+00 0.00000000e+00 1.42108547e-14
 0.00000000e+00 0.00000000e+00 0.00000000e+00 0.00000000e+00
 0.00000000e+00 1.17391533e+00 0.00000000e+00 4.95567272e-15
 6.83672780e-01 0.00000000e+00 0.00000000e+00 1.18367416e+00
 8.22045923e-17 0.00000000e+00 0.00000000e+00 1.06982161e-25
 0.00000000e+00 0.00000000e+00 0.00000000e+00 0.00000000e+00
 0.00000000e+00 0.00000000e+00 0.00000000e+00 0.00000000e+00
 0.00000000e+00 0.00000000e+00 0.00000000e+00 0.00000000e+00
 0.00000000e+00 0.00000000e+00 0.00000000e+00 2.11244133e-16
 1.54865575e-16 8.13372307e-17 0.00000000e+00 0.00000000e+00
 8.22045924e-17]
sweep    1  f = 93.9740933  (Delta f = 0.103)
sweep    2  f = 93.9740933  (Delta f = 2.48e-11)
New op index: 1	$R_Y$[0]
Current grad: 139.08227574872626
[ 3.14159265  1.57085082  3.14159265  3.14159265  3.14159193  3.14159265
  3.14159265 -3.14159261  3.14159265  3.14159265  3.14158575  3.14159265
  0.          1.57517208  3.14159265  3.14159265  1.57085091  3.14159265
  3.14159265 -3.14158896  0.          3.14159265 -3.14159262  3.14159265
  3.14159265  3.14159265  3.14159265  3.14159265  3.14159265  3.14159265
  3.14159265  3.14159265  3.14159265  3.14159265  3.14159265  3.14159265
  3.14159265  3.14159265  3.14159265  3.14159265  3.14159265  3.14159265
  3.14159265  3.14159265  3.14159265] 
 [0.00000000e+00 4.71465037e+01 0.00000000e+00 0.00000000e+00
 1.35536027e-12 0.00000000e+00 0.00000000e+00 9.94759830e-14
 0.00000000e+00 0.00000000e+00 3.15716342e-11 0.00000000e+00
 4.19827492e-16 4.45885554e+01 0.00000000e+00 0.00000000e+00
 4.71464980e+01 0.00000000e+00 0.00000000e+00 3.55928620e-11
 5.80036404e-23 0.00000000e+00 4.26325641e-14 0.00000000e+00
 0.00000000e+00 0.00000000e+00 0.00000000e+00 0.00000000e+00
 0.00000000e+00 0.00000000e+00 0.00000000e+00 0.00000000e+00
 0.00000000e+00 0.00000000e+00 0.00000000e+00 0.00000000e+00
 0.00000000e+00 0.00000000e+00 0.00000000e+00 0.00000000e+00
 0.00000000e+00 0.00000000e+00 0.00000000e+00 0.00000000e+00
 0.00000000e+00]
sweep    1  f = 42.89307458  (Delta f = 3.93)
sweep    2  f = 42.89307458  (Delta f = 3.55e-14)
New op index: 13	$R_Y$[4]
Current grad: 2.367358428582221
[ 3.14159265  3.14159259  0.          3.14159265  3.14159265  3.14159265
  3.14159265  3.14159265  0.          3.14159265  3.1415926   3.14159265
  3.14159265 -1.57492316  3.14159265  0.          1.57492272  3.14159265
  3.14159265 -3.14159262  0.          3.14159265  3.14159259  3.14159265
  3.14159265  3.14159265  3.14159265  3.14159265  3.14159265  3.14159265
  3.14159265  3.14159265  3.14159265  3.14159265  3.14159265  3.14159265
  0.          3.14159265  3.14159265  3.14159265  3.14159265  3.14159265
  3.14159265  3.14159265  3.14159265] 
 [0.00000000e+00 9.94759830e-14 3.13379420e-16 0.00000000e+00
 0.00000000e+00 0.00000000e+00 0.00000000e+00 0.00000000e+00
 3.13379420e-16 0.00000000e+00 7.81597009e-14 0.00000000e+00
 0.00000000e+00 1.17879944e+00 0.00000000e+00 8.73102698e-15
 1.17879846e+00 0.00000000e+00 0.00000000e+00 2.13162821e-14
 1.55977591e-24 0.00000000e+00 1.13686838e-13 0.00000000e+00
 0.00000000e+00 0.00000000e+00 0.00000000e+00 0.00000000e+00
 0.00000000e+00 0.00000000e+00 0.00000000e+00 0.00000000e+00
 0.00000000e+00 0.00000000e+00 0.00000000e+00 0.00000000e+00
 6.04176327e-15 0.00000000e+00 0.00000000e+00 0.00000000e+00
 0.00000000e+00 0.00000000e+00 0.00000000e+00 0.00000000e+00
 0.00000000e+00]
sweep    1  f = 41.71182079  (Delta f = 0.00245)
sweep    2  f = 41.7118153  (Delta f = 5.49e-06)
sweep    3  f = 41.71181528  (Delta f = 2.51e-08)
sweep    4  f = 41.71181497  (Delta f = 3.11e-07)
sweep    5  f = 41.71181496  (Delta f = 4.53e-09)
New op index: 16	$R_Y$[5]
Current grad: 51.18593985456755
[ 3.14159265 -3.14159002  3.14159265  3.14159265 -3.14157021  3.14159265
  3.14159265  3.14158772  3.14159265  3.14159265  3.14151532  3.14159265
  3.14159265 -3.14159265  3.14159265  0.          1.5708929   3.14159265
  3.14159265 -3.14159189  3.14159265  3.14159265  3.14159107  3.14159265
  3.14159265  3.14159265  3.14159265  3.14159265  3.14159265  3.14159265
  3.14159265  3.14159265  3.14159265  3.14159265  3.14159265  3.14159265
  3.14159265  3.14159265  3.14159265  3.14159265  3.14159265  3.14159265
  3.14159265  3.14159265  3.14159265] 
 [0.00000000e+00 3.51349172e-10 0.00000000e+00 0.00000000e+00
 2.97788461e-10 0.00000000e+00 0.00000000e+00 1.23135635e-09
 0.00000000e+00 0.00000000e+00 3.54323126e-09 0.00000000e+00
 0.00000000e+00 0.00000000e+00 0.00000000e+00 1.35681550e-14
 5.11799517e+01 0.00000000e+00 0.00000000e+00 3.45279361e-13
 0.00000000e+00 0.00000000e+00 1.27030830e-10 0.00000000e+00
 0.00000000e+00 0.00000000e+00 0.00000000e+00 0.00000000e+00
 0.00000000e+00 0.00000000e+00 0.00000000e+00 0.00000000e+00
 0.00000000e+00 0.00000000e+00 0.00000000e+00 0.00000000e+00
 0.00000000e+00 0.00000000e+00 0.00000000e+00 0.00000000e+00
 0.00000000e+00 0.00000000e+00 0.00000000e+00 0.00000000e+00
 0.00000000e+00]
sweep    1  f = -9.469387755  (Delta f = 0.00125)
sweep    2  f = -9.469387755  (Delta f = 5.89e-11)
New op index: 19	$R_Y$[6]
Current grad: 1.5076747082800963e-05
[ 3.14159265  3.14159265  3.14159265  3.14159265 -3.14159262  3.14159265
  3.14159265  3.14159258  0.          3.14159265  3.14159264  3.14159265
  3.14159265 -3.14159264  3.14159265  3.14159265 -3.14159265  0.
  3.14159265  3.14159257  3.14159265  3.14159265 -3.14159259  0.
  3.14159265  3.14159265  3.14159265  3.14159265  3.14159265  3.14159265
  3.14159265  3.14159265  3.14159265  3.14159265  3.14159265  3.14159265
  3.14159265  3.14159265  3.14159265  3.14159265  3.14159265  3.14159265
  3.14159265  3.14159265  3.14159265] 
 [0.00000000e+00 0.00000000e+00 0.00000000e+00 0.00000000e+00
 2.13162821e-14 0.00000000e+00 0.00000000e+00 1.56319402e-13
 4.65654714e-16 0.00000000e+00 7.10542736e-15 0.00000000e+00
 0.00000000e+00 7.10542736e-15 0.00000000e+00 0.00000000e+00
 0.00000000e+00 1.02051041e-15 0.00000000e+00 1.77635684e-13
 0.00000000e+00 0.00000000e+00 9.94759830e-14 3.75687470e-16
 0.00000000e+00 0.00000000e+00 0.00000000e+00 0.00000000e+00
 0.00000000e+00 0.00000000e+00 0.00000000e+00 0.00000000e+00
 0.00000000e+00 0.00000000e+00 0.00000000e+00 0.00000000e+00
 0.00000000e+00 0.00000000e+00 0.00000000e+00 0.00000000e+00
 0.00000000e+00 0.00000000e+00 0.00000000e+00 0.00000000e+00
 0.00000000e+00]
Precision cutoff reached.
Calculating energies for FreeWilson2D(N_x=2, N_y=2, mass=0.531, r=1.000)
h_im: 0.0
New op index: 10	$R_Y$[3]
Current grad: 8.122448979591827
[ 3.14159265  1.57079633  3.14159265  3.14159265 -1.57079633  3.14159265
  3.14159265  1.57079633  3.14159265  3.14159265 -1.1944682   0.
  3.14159265 -1.1944682   0.          3.14159265  1.57079633  3.14159265
  3.14159265 -1.57079633  3.14159265  3.14159265  1.57079633  3.14159265
  3.14159265  3.14159265  3.14159265  3.14159265  3.14159265  3.14159265
  3.14159265  0.          0.          3.14159265  3.14159265  3.14159265
  3.14159265  0.          0.          3.14159265  3.14159265  3.14159265
  3.14159265  3.14159265  3.14159265] 
 [0.         1.26530612 0.         0.         0.76530612 0.
 0.         0.76530612 0.         0.         1.86051446 1.
 0.         1.86051446 1.         0.         0.76530612 0.
 0.         0.76530612 0.         0.         1.26530612 0.
 0.         0.         0.         0.         0.         0.
 0.         1.         1.         0.         0.         0.
 0.         1.         1.         0.         0.         0.
 0.         0.         0.        ]
sweep    1  f = 198.6394855  (Delta f = -8.53e-14)
New op index: 7	$R_Y$[2]
Current grad: 326.9911705160299
[3.14159265 1.57079633 3.14159265 3.14159265 1.57079633 3.14159265
 3.14159265 1.57079633 3.14159265 3.14159265 3.14159265 3.14159265
 3.14159265 1.57490064 3.14159265 3.14159265 1.57079633 3.14159265
 3.14159265 1.57079633 3.14159265 3.14159265 1.57079633 3.14159265
 3.14159265 3.14159265 3.14159265 3.14159265 3.14159265 3.14159265
 3.14159265 3.14159265 3.14159265 3.14159265 3.14159265 3.14159265
 3.14159265 3.14159265 3.14159265 3.14159265 3.14159265 3.14159265
 3.14159265 3.14159265 3.14159265] 
 [ 0.         47.76632334  0.          0.         45.7357111   0.
  0.         47.95007736  0.          0.          0.          0.
  0.         44.587324    0.          0.         47.26632334  0.
  0.         45.7357111   0.          0.         47.76632334  0.
  0.          0.          0.          0.          0.          0.
  0.          0.          0.          0.          0.          0.
  0.          0.          0.          0.          0.          0.
  0.          0.          0.        ]
sweep    1  f = 147.4596355  (Delta f = 3.23)
sweep    2  f = 147.4596355  (Delta f = 0)
New op index: 4	$R_Y$[1]
Current grad: 6.591839288695317
[ 3.14159265  1.57079633  3.14159265  3.14159265 -1.57844537  3.14159265
  3.14159265 -3.14159263  3.14159265  3.14159265 -3.14159263  3.14159265
  0.         -1.57844537  3.14159265  3.14159265  1.57079633  0.
  3.14159265 -1.57079633  0.          3.14159265  1.57079633  0.
  3.14159265  3.14159265  3.14159265  3.14159265  3.14159265  3.14159265
  3.14159265  3.14159265  3.14159265  3.14159265  3.14159265  3.14159265
  0.          3.14159265  3.14159265  3.14159265  3.14159265  0.
  0.          0.          0.        ] 
 [0.00000000e+00 1.25579640e+00 0.00000000e+00 0.00000000e+00
 1.26510183e+00 0.00000000e+00 0.00000000e+00 2.13162821e-14
 0.00000000e+00 0.00000000e+00 2.13162821e-14 0.00000000e+00
 8.92741916e-15 1.26510181e+00 0.00000000e+00 0.00000000e+00
 7.55796399e-01 6.59206771e-17 0.00000000e+00 7.74815845e-01
 8.67302485e-18 0.00000000e+00 1.25579640e+00 6.59206771e-17
 0.00000000e+00 0.00000000e+00 0.00000000e+00 0.00000000e+00
 0.00000000e+00 0.00000000e+00 0.00000000e+00 0.00000000e+00
 0.00000000e+00 0.00000000e+00 0.00000000e+00 0.00000000e+00
 6.22771262e-15 0.00000000e+00 0.00000000e+00 0.00000000e+00
 0.00000000e+00 7.45937020e-17 2.16517191e-15 2.07323216e-15
 7.45937020e-17]
sweep    1  f = 146.1040466  (Delta f = 0.0905)
sweep    2  f = 146.1040466  (Delta f = 5.89e-11)
New op index: 22	$R_Y$[7]
Current grad: 233.29269688529598
[ 3.14159265  1.57084994  3.14159265  3.14159265 -3.14159257  3.14159265
  3.14159265  3.14159252  3.14159265  3.14159265 -3.14158787  3.14159265
  0.          1.57490028  3.14159265  0.          1.57079633  0.
  0.          1.57079633  3.14159265  3.14159265  1.57079633  0.
  3.14159265  3.14159265  3.14159265  3.14159265  3.14159265  3.14159265
  3.14159265  3.14159265  3.14159265  3.14159265  3.14159265  3.14159265
  0.          3.14159265  3.14159265  0.          0.          3.14159265
  3.14159265  3.14159265  3.14159265] 
 [0.00000000e+00 4.76677496e+01 0.00000000e+00 0.00000000e+00
 1.68753900e-14 0.00000000e+00 0.00000000e+00 8.81072992e-13
 0.00000000e+00 0.00000000e+00 1.60214064e-11 0.00000000e+00
 5.12001018e-15 4.49571865e+01 0.00000000e+00 4.29889443e-16
 4.71703051e+01 5.33010305e-17 1.75387087e-16 4.56396929e+01
 0.00000000e+00 0.00000000e+00 4.76703051e+01 5.61319205e-17
 0.00000000e+00 0.00000000e+00 0.00000000e+00 0.00000000e+00
 0.00000000e+00 0.00000000e+00 0.00000000e+00 0.00000000e+00
 0.00000000e+00 0.00000000e+00 0.00000000e+00 0.00000000e+00
 5.65719083e-15 0.00000000e+00 0.00000000e+00 7.15324956e-16
 7.70725192e-16 0.00000000e+00 0.00000000e+00 0.00000000e+00
 0.00000000e+00]
sweep    1  f = 94.93389869  (Delta f = 3.5)
sweep    2  f = 94.93389869  (Delta f = 5.68e-14)
New op index: 19	$R_Y$[6]
Current grad: 4.556358533045053
[ 3.14159265  1.5746504   3.14159265  3.14159265 -3.14159258  3.14159265
  3.14159265 -3.14159262  3.14159265  3.14159265 -3.14159258  3.14159265
  3.14159265 -1.57466563  3.14159265  0.          1.57079633  0.
  0.         -1.57079633  0.          3.14159265  3.14159263  0.
  3.14159265  3.14159265  3.14159265  3.14159265  3.14159265  3.14159265
  3.14159265  3.14159265  3.14159265  3.14159265  3.14159265  3.14159265
  3.14159265  3.14159265  3.14159265  0.          0.          0.
  3.14159265  3.14159265  0.        ] 
 [0.00000000e+00 1.26043829e+00 0.00000000e+00 0.00000000e+00
 1.27897692e-13 0.00000000e+00 0.00000000e+00 2.84217094e-14
 0.00000000e+00 0.00000000e+00 1.42108547e-13 0.00000000e+00
 0.00000000e+00 1.25556280e+00 0.00000000e+00 2.72156917e-15
 7.65305495e-01 4.33681156e-19 8.33161768e-15 1.26530674e+00
 2.14966598e-17 0.00000000e+00 1.42108547e-14 1.59753800e-25
 0.00000000e+00 0.00000000e+00 0.00000000e+00 0.00000000e+00
 0.00000000e+00 0.00000000e+00 0.00000000e+00 0.00000000e+00
 0.00000000e+00 0.00000000e+00 0.00000000e+00 0.00000000e+00
 0.00000000e+00 0.00000000e+00 0.00000000e+00 3.83532942e-15
 3.78025129e-15 2.19303410e-17 0.00000000e+00 0.00000000e+00
 2.14966600e-17]
sweep    1  f = 93.57215456  (Delta f = 0.0964)
sweep    2  f = 93.57215456  (Delta f = 6.79e-12)
New op index: 1	$R_Y$[0]
Current grad: 140.4742307096965
[ 3.14159265  1.57084994  3.14159265  3.14159265 -3.14159264  3.14159265
  3.14159265  3.14159263  3.14159265  3.14159265  3.14158322  3.14159265
  3.14159265  1.57490248  3.14159265  0.          1.57085002  3.14159265
  3.14159265  3.1415908   0.          3.14159265  3.14159259  3.14159265
  3.14159265  3.14159265  3.14159265  3.14159265  3.14159265  3.14159265
  3.14159265  3.14159265  3.14159265  3.14159265  3.14159265  3.14159265
  0.          3.14159265  3.14159265  3.14159265  3.14159265  3.14159265
  3.14159265  3.14159265  3.14159265] 
 [0.00000000e+00 4.76649230e+01 0.00000000e+00 0.00000000e+00
 0.00000000e+00 0.00000000e+00 0.00000000e+00 2.84217094e-14
 0.00000000e+00 0.00000000e+00 6.23365803e-11 0.00000000e+00
 0.00000000e+00 4.49542728e+01 0.00000000e+00 1.79580446e-15
 4.76649200e+01 0.00000000e+00 0.00000000e+00 8.33200176e-12
 1.36405448e-23 0.00000000e+00 2.13162821e-13 0.00000000e+00
 0.00000000e+00 0.00000000e+00 0.00000000e+00 0.00000000e+00
 0.00000000e+00 0.00000000e+00 0.00000000e+00 0.00000000e+00
 0.00000000e+00 0.00000000e+00 0.00000000e+00 0.00000000e+00
 1.40640531e-15 0.00000000e+00 0.00000000e+00 0.00000000e+00
 0.00000000e+00 0.00000000e+00 0.00000000e+00 0.00000000e+00
 0.00000000e+00]
sweep    1  f = 42.40328644  (Delta f = 3.5)
sweep    2  f = 42.40328644  (Delta f = 0)
New op index: 13	$R_Y$[4]
Current grad: 2.5306260670517258
[ 3.14159265  3.14159265  3.14159265  3.14159265  3.14159259  3.14159265
  3.14159265 -3.1415926   3.14159265  3.14159265  3.14159261  3.14159265
  3.14159265 -1.57465077  3.14159265  3.14159265  1.57465039  3.14159265
  3.14159265  3.14159257  0.          3.14159265 -3.14159263  3.14159265
  3.14159265  3.14159265  3.14159265  3.14159265  3.14159265  3.14159265
  3.14159265  3.14159265  3.14159265  3.14159265  3.14159265  3.14159265
  3.14159265  3.14159265  3.14159265  3.14159265  3.14159265  3.14159265
  3.14159265  3.14159265  3.14159265] 
 [0.00000000e+00 0.00000000e+00 0.00000000e+00 0.00000000e+00
 1.20792265e-13 0.00000000e+00 0.00000000e+00 6.39488462e-14
 0.00000000e+00 0.00000000e+00 4.97379915e-14 0.00000000e+00
 0.00000000e+00 1.26043911e+00 0.00000000e+00 0.00000000e+00
 1.26043827e+00 0.00000000e+00 0.00000000e+00 1.63424829e-13
 2.29918359e-24 0.00000000e+00 1.42108547e-14 0.00000000e+00
 0.00000000e+00 0.00000000e+00 0.00000000e+00 0.00000000e+00
 0.00000000e+00 0.00000000e+00 0.00000000e+00 0.00000000e+00
 0.00000000e+00 0.00000000e+00 0.00000000e+00 0.00000000e+00
 0.00000000e+00 0.00000000e+00 0.00000000e+00 0.00000000e+00
 0.00000000e+00 0.00000000e+00 0.00000000e+00 0.00000000e+00
 0.00000000e+00]
sweep    1  f = 41.14038981  (Delta f = 0.00246)
sweep    2  f = 41.14038842  (Delta f = 1.39e-06)
sweep    3  f = 41.14038837  (Delta f = 4.67e-08)
sweep    4  f = 41.14038837  (Delta f = 1.85e-09)
New op index: 16	$R_Y$[5]
Current grad: 51.2666039153967
[ 3.14159265 -3.14159259  3.14159265  3.14159265 -3.14158906  3.14159265
  3.14159265  3.14159264  3.14159265  3.14159265 -3.14159124  3.14159265
  3.14159265 -3.14159265  3.14159265  3.14159265  1.57089264  3.14159265
  3.14159265 -3.14158055  3.14159265  3.14159265 -3.14159217  3.14159265
  3.14159265  3.14159265  3.14159265  3.14159265  3.14159265  3.14159265
  3.14159265  3.14159265  3.14159265  3.14159265  3.14159265  3.14159265
  3.14159265  3.14159265  3.14159265  3.14159265  3.14159265  3.14159265
  3.14159265  3.14159265  3.14159265] 
 [0.00000000e+00 1.98951966e-13 0.00000000e+00 0.00000000e+00
 8.17812484e-12 0.00000000e+00 0.00000000e+00 1.42108547e-14
 0.00000000e+00 0.00000000e+00 1.26898492e-12 0.00000000e+00
 0.00000000e+00 0.00000000e+00 0.00000000e+00 0.00000000e+00
 5.12615878e+01 0.00000000e+00 0.00000000e+00 9.27005139e-11
 0.00000000e+00 0.00000000e+00 1.18944854e-11 0.00000000e+00
 0.00000000e+00 0.00000000e+00 0.00000000e+00 0.00000000e+00
 0.00000000e+00 0.00000000e+00 0.00000000e+00 0.00000000e+00
 0.00000000e+00 0.00000000e+00 0.00000000e+00 0.00000000e+00
 0.00000000e+00 0.00000000e+00 0.00000000e+00 0.00000000e+00
 0.00000000e+00 0.00000000e+00 0.00000000e+00 0.00000000e+00
 0.00000000e+00]
sweep    1  f = -10.12244898  (Delta f = 0.00125)
sweep    2  f = -10.12244898  (Delta f = 3.89e-11)
New op index: 19	$R_Y$[6]
Current grad: 1.917484088811608e-05
[ 3.14159265 -3.14159265  0.          3.14159265  3.14159263  0.
  3.14159265  3.14159259  3.14159265  3.14159265  3.14159265  0.
  3.14159265  3.14159263  0.          3.14159265 -3.14159265  3.14159265
  3.14159265  3.14159249  0.          3.14159265  3.14159256  0.
  3.14159265  3.14159265  0.          3.14159265  3.14159265  0.
  3.14159265  3.14159265  0.          3.14159265  3.14159265  0.
  3.14159265  3.14159265  0.          3.14159265  3.14159265  0.
  3.14159265  3.14159265  0.        ] 
 [0.00000000e+00 0.00000000e+00 9.18181652e-17 0.00000000e+00
 7.10542736e-15 3.14189422e-15 0.00000000e+00 1.06581410e-13
 0.00000000e+00 0.00000000e+00 0.00000000e+00 7.08901146e-17
 0.00000000e+00 7.10542736e-15 3.05539656e-15 0.00000000e+00
 0.00000000e+00 0.00000000e+00 0.00000000e+00 7.10542736e-13
 6.12640067e-15 0.00000000e+00 2.27373675e-13 4.93391219e-17
 0.00000000e+00 0.00000000e+00 3.23371239e-15 0.00000000e+00
 0.00000000e+00 3.10836874e-15 0.00000000e+00 0.00000000e+00
 3.73646335e-17 0.00000000e+00 0.00000000e+00 3.05638600e-15
 0.00000000e+00 0.00000000e+00 2.97939204e-15 0.00000000e+00
 0.00000000e+00 6.05039614e-15 0.00000000e+00 0.00000000e+00
 6.17573979e-15]
Precision cutoff reached.
Calculating energies for FreeWilson2D(N_x=2, N_y=2, mass=0.694, r=1.000)
h_im: 0.0
New op index: 10	$R_Y$[3]
Current grad: 8.775510204081623
[ 3.14159265  1.57079633  3.14159265  3.14159265 -1.57079633  3.14159265
  3.14159265  1.57079633  3.14159265  3.14159265 -1.21535067  0.
  3.14159265 -1.21535067  0.          3.14159265  1.57079633  3.14159265
  3.14159265 -1.57079633  3.14159265  3.14159265  1.57079633  3.14159265
  3.14159265  3.14159265  3.14159265  3.14159265  3.14159265  3.14159265
  3.14159265  0.          0.          3.14159265  3.14159265  3.14159265
  3.14159265  0.          0.          3.14159265  3.14159265  3.14159265
  3.14159265  3.14159265  3.14159265] 
 [0.         1.34693878 0.         0.         0.84693878 0.
 0.         0.84693878 0.         0.         1.93674774 1.
 0.         1.93674774 1.         0.         0.84693878 0.
 0.         0.84693878 0.         0.         1.34693878 0.
 0.         0.         0.         0.         0.         0.
 0.         1.         1.         0.         0.         0.
 0.         1.         1.         0.         0.         0.
 0.         0.         0.        ]
sweep    1  f = 198.5632523  (Delta f = 0)
New op index: 7	$R_Y$[2]
Current grad: 329.6742179269921
[3.14159265 1.57079633 3.14159265 3.14159265 1.57079633 3.14159265
 3.14159265 1.57079633 0.         3.14159265 3.14159265 3.14159265
 3.14159265 1.57465801 3.14159265 3.14159265 1.57079633 0.
 3.14159265 1.57079633 3.14159265 0.         1.57079633 0.
 3.14159265 3.14159265 3.14159265 3.14159265 0.         0.
 3.14159265 3.14159265 3.14159265 3.14159265 3.14159265 3.14159265
 3.14159265 3.14159265 3.14159265 3.14159265 3.14159265 0.
 0.         0.         0.        ] 
 [0.00000000e+00 4.82215132e+01 0.00000000e+00 0.00000000e+00
 4.60276356e+01 0.00000000e+00 0.00000000e+00 4.83955173e+01
 1.38777878e-17 0.00000000e+00 0.00000000e+00 0.00000000e+00
 0.00000000e+00 4.48852218e+01 0.00000000e+00 0.00000000e+00
 4.77215132e+01 4.16333634e-17 0.00000000e+00 4.60276356e+01
 0.00000000e+00 2.74298724e-15 4.82215132e+01 2.77555756e-17
 0.00000000e+00 0.00000000e+00 0.00000000e+00 0.00000000e+00
 1.38777878e-17 1.38777878e-17 0.00000000e+00 0.00000000e+00
 0.00000000e+00 0.00000000e+00 0.00000000e+00 0.00000000e+00
 0.00000000e+00 0.00000000e+00 0.00000000e+00 0.00000000e+00
 0.00000000e+00 4.16333634e-17 1.36851981e-15 1.28525308e-15
 2.77555756e-17]
sweep    1  f = 147.2963857  (Delta f = 2.87)
sweep    2  f = 147.2963857  (Delta f = 5.68e-13)
New op index: 4	$R_Y$[1]
Current grad: 7.081635028548105
[ 3.14159265  1.57079633  3.14159265  3.14159265 -1.57797381  3.14159265
  3.14159265 -3.14159261  3.14159265  3.14159265  3.14159265  3.14159265
  3.14159265 -1.57797381  3.14159265  3.14159265  1.57079633  3.14159265
  3.14159265 -1.57079633  3.14159265  3.14159265  1.57079633  3.14159265
  3.14159265  3.14159265  3.14159265  3.14159265  3.14159265  3.14159265
  3.14159265  3.14159265  3.14159265  3.14159265  3.14159265  3.14159265
  3.14159265  3.14159265  3.14159265  3.14159265  3.14159265  3.14159265
  0.          0.          3.14159265] 
 [0.00000000e+00 1.33745923e+00 0.00000000e+00 0.00000000e+00
 1.34671745e+00 0.00000000e+00 0.00000000e+00 4.26325641e-14
 0.00000000e+00 0.00000000e+00 0.00000000e+00 0.00000000e+00
 0.00000000e+00 1.34671741e+00 0.00000000e+00 0.00000000e+00
 8.37459228e-01 0.00000000e+00 0.00000000e+00 8.56418323e-01
 0.00000000e+00 0.00000000e+00 1.33745923e+00 0.00000000e+00
 0.00000000e+00 0.00000000e+00 0.00000000e+00 0.00000000e+00
 0.00000000e+00 0.00000000e+00 0.00000000e+00 0.00000000e+00
 0.00000000e+00 0.00000000e+00 0.00000000e+00 0.00000000e+00
 0.00000000e+00 0.00000000e+00 0.00000000e+00 0.00000000e+00
 0.00000000e+00 0.00000000e+00 5.59340428e-16 5.43052388e-16
 0.00000000e+00]
sweep    1  f = 145.8647104  (Delta f = 0.085)
sweep    2  f = 145.8647104  (Delta f = 9.24e-11)
New op index: 22	$R_Y$[7]
Current grad: 235.22286316192793
[ 3.14159265  1.57084919  3.14159265  3.14159265 -3.14159158  3.14159265
  3.14159265 -3.14159257  3.14159265  3.14159265 -3.14159232  3.14159265
  0.          1.57466365  3.14159265  3.14159265  1.57079633  0.
  3.14159265  1.57079633  0.          3.14159265  1.57079633  0.
  3.14159265  3.14159265  3.14159265  3.14159265  3.14159265  3.14159265
  3.14159265  3.14159265  3.14159265  3.14159265  3.14159265  3.14159265
  0.          3.14159265  3.14159265  3.14159265  3.14159265  0.
  3.14159265  3.14159265  0.        ] 
 [0.00000000e+00 4.81191004e+01 0.00000000e+00 0.00000000e+00
 2.64055444e-12 0.00000000e+00 0.00000000e+00 3.41060513e-13
 0.00000000e+00 0.00000000e+00 8.17124146e-14 0.00000000e+00
 9.70587365e-15 4.52547960e+01 0.00000000e+00 0.00000000e+00
 4.76216442e+01 1.25737806e-17 0.00000000e+00 4.59277667e+01
 1.44583892e-18 0.00000000e+00 4.81216442e+01 2.29207116e-18
 0.00000000e+00 0.00000000e+00 0.00000000e+00 0.00000000e+00
 0.00000000e+00 0.00000000e+00 0.00000000e+00 0.00000000e+00
 0.00000000e+00 0.00000000e+00 0.00000000e+00 0.00000000e+00
 8.39845214e-15 0.00000000e+00 0.00000000e+00 0.00000000e+00
 0.00000000e+00 1.40196195e-17 0.00000000e+00 0.00000000e+00
 3.73791007e-18]
sweep    1  f = 94.60737583  (Delta f = 3.14)
sweep    2  f = 94.60737583  (Delta f = 0)
New op index: 19	$R_Y$[6]
Current grad: 4.882898843566686
[ 3.14159265  1.57441105  3.14159265  3.14159265 -3.14159255  3.14159265
  3.14159265 -3.14159265  3.14159265  3.14159265 -3.14159262  3.14159265
  0.         -1.5744245   3.14159265  3.14159265  1.57079633  3.14159265
  0.         -1.57079633  0.          3.14159265 -3.14159255  3.14159265
  3.14159265  3.14159265  3.14159265  3.14159265  3.14159265  3.14159265
  3.14159265  3.14159265  3.14159265  3.14159265  3.14159265  3.14159265
  3.14159265  3.14159265  3.14159265  3.14159265  3.14159265  0.
  3.14159265  3.14159265  0.        ] 
 [0.00000000e+00 1.34207808e+00 0.00000000e+00 0.00000000e+00
 2.84217094e-13 0.00000000e+00 0.00000000e+00 0.00000000e+00
 0.00000000e+00 0.00000000e+00 2.13162821e-14 0.00000000e+00
 5.51847615e-15 1.33721038e+00 0.00000000e+00 0.00000000e+00
 8.46938117e-01 0.00000000e+00 5.74270116e-15 1.34693948e+00
 6.89570699e-17 0.00000000e+00 2.55795385e-13 0.00000000e+00
 0.00000000e+00 0.00000000e+00 0.00000000e+00 0.00000000e+00
 0.00000000e+00 0.00000000e+00 0.00000000e+00 0.00000000e+00
 0.00000000e+00 0.00000000e+00 0.00000000e+00 0.00000000e+00
 0.00000000e+00 0.00000000e+00 0.00000000e+00 0.00000000e+00
 0.00000000e+00 6.89570651e-17 0.00000000e+00 0.00000000e+00
 6.89570654e-17]
sweep    1  f = 93.1695589  (Delta f = 0.0909)
sweep    2  f = 93.1695589  (Delta f = 5.26e-13)
New op index: 1	$R_Y$[0]
Current grad: 141.66730939792248
[ 3.14159265  1.57084919  3.14159265  3.14159265 -3.14159142  3.14159265
  3.14159265  3.14159262  3.14159265  3.14159265 -3.14159135  3.14159265
  3.14159265  1.57466541  3.14159265  0.          1.57084928  3.14159265
  3.14159265 -3.14159214  0.          3.14159265 -3.14159264  3.14159265
  3.14159265  3.14159265  3.14159265  3.14159265  3.14159265  3.14159265
  3.14159265  3.14159265  3.14159265  3.14159265  3.14159265  3.14159265
  0.          3.14159265  3.14159265  3.14159265  3.14159265  3.14159265
  3.14159265  3.14159265  3.14159265] 
 [0.00000000e+00 4.81170524e+01 0.00000000e+00 0.00000000e+00
 3.45501405e-12 0.00000000e+00 0.00000000e+00 7.10542736e-14
 0.00000000e+00 0.00000000e+00 1.25055521e-12 0.00000000e+00
 0.00000000e+00 4.52526762e+01 0.00000000e+00 1.25809428e-14
 4.81170481e+01 0.00000000e+00 0.00000000e+00 6.09290396e-13
 1.51096985e-23 0.00000000e+00 2.84217094e-14 0.00000000e+00
 0.00000000e+00 0.00000000e+00 0.00000000e+00 0.00000000e+00
 0.00000000e+00 0.00000000e+00 0.00000000e+00 0.00000000e+00
 0.00000000e+00 0.00000000e+00 0.00000000e+00 0.00000000e+00
 5.82880105e-15 0.00000000e+00 0.00000000e+00 0.00000000e+00
 0.00000000e+00 0.00000000e+00 0.00000000e+00 0.00000000e+00
 0.00000000e+00]
sweep    1  f = 41.91349828  (Delta f = 3.14)
sweep    2  f = 41.91349828  (Delta f = -7.11e-14)
New op index: 13	$R_Y$[4]
Current grad: 2.693890110643107
[ 3.14159265  3.14159264  0.          3.14159265  3.14159257  3.14159265
  3.14159265  3.14159264  0.          3.14159265  3.14159261  3.14159265
  3.14159265 -1.57441141  3.14159265  0.          1.57441105  3.14159265
  3.14159265 -3.14159259  0.          3.14159265  3.14159264  3.14159265
  3.14159265  3.14159265  3.14159265  3.14159265  3.14159265  3.14159265
  3.14159265  3.14159265  3.14159265  3.14159265  3.14159265  3.14159265
  0.          3.14159265  3.14159265  3.14159265  3.14159265  3.14159265
  3.14159265  3.14159265  3.14159265] 
 [0.00000000e+00 7.10542736e-15 2.56045420e-16 0.00000000e+00
 1.91846539e-13 0.00000000e+00 0.00000000e+00 7.10542736e-15
 2.56045418e-16 0.00000000e+00 5.68434189e-14 0.00000000e+00
 0.00000000e+00 1.34207897e+00 0.00000000e+00 1.33616494e-14
 1.34207801e+00 0.00000000e+00 0.00000000e+00 9.94759830e-14
 1.16357643e-24 0.00000000e+00 7.10542736e-15 0.00000000e+00
 0.00000000e+00 0.00000000e+00 0.00000000e+00 0.00000000e+00
 0.00000000e+00 0.00000000e+00 0.00000000e+00 0.00000000e+00
 0.00000000e+00 0.00000000e+00 0.00000000e+00 0.00000000e+00
 1.51538046e-14 0.00000000e+00 0.00000000e+00 0.00000000e+00
 0.00000000e+00 0.00000000e+00 0.00000000e+00 0.00000000e+00
 0.00000000e+00]
sweep    1  f = 40.56896296  (Delta f = 0.00246)
sweep    2  f = 40.56896182  (Delta f = 1.14e-06)
sweep    3  f = 40.56896182  (Delta f = 1.33e-09)
New op index: 16	$R_Y$[5]
Current grad: 51.348669673783476
[ 3.14159265  3.14159174  3.14159265  3.14159265 -3.14157915  3.14159265
  3.14159265 -3.141592    3.14159265  3.14159265  3.14141827  3.14159265
  3.14159265  3.14159265  3.14159265  3.14159265  1.57089241  3.14159265
  3.14159265  3.14157558  3.14159265  3.14159265 -3.14159186  3.14159265
  3.14159265  3.14159265  3.14159265  3.14159265  3.14159265  3.14159265
  3.14159265  3.14159265  3.14159265  3.14159265  3.14159265  3.14159265
  3.14159265  3.14159265  3.14159265  3.14159265  3.14159265  3.14159265
  3.14159265  3.14159265  3.14159265] 
 [0.00000000e+00 4.24194013e-11 0.00000000e+00 0.00000000e+00
 1.22710286e-10 0.00000000e+00 0.00000000e+00 2.16857643e-11
 0.00000000e+00 0.00000000e+00 2.04982895e-08 0.00000000e+00
 0.00000000e+00 0.00000000e+00 0.00000000e+00 0.00000000e+00
 5.13432205e+01 0.00000000e+00 0.00000000e+00 1.96475058e-10
 0.00000000e+00 0.00000000e+00 3.19886340e-11 0.00000000e+00
 0.00000000e+00 0.00000000e+00 0.00000000e+00 0.00000000e+00
 0.00000000e+00 0.00000000e+00 0.00000000e+00 0.00000000e+00
 0.00000000e+00 0.00000000e+00 0.00000000e+00 0.00000000e+00
 0.00000000e+00 0.00000000e+00 0.00000000e+00 0.00000000e+00
 0.00000000e+00 0.00000000e+00 0.00000000e+00 0.00000000e+00
 0.00000000e+00]
sweep    1  f = -10.7755102  (Delta f = 0.00125)
sweep    2  f = -10.7755102  (Delta f = 9.04e-11)
New op index: 1	$R_Y$[0]
Current grad: 1.955085444014677e-05
[ 3.14159265 -3.14159256  3.14159265  3.14159265 -3.14159265  3.14159265
  3.14159265  3.14159259  3.14159265  3.14159265  3.14159258  3.14159265
  3.14159265  3.14159265  3.14159265  3.14159265  3.14159265  3.14159265
  3.14159265  3.14159259  3.14159265  3.14159265 -3.14159257  3.14159265
  3.14159265  3.14159265  3.14159265  3.14159265  3.14159265  3.14159265
  3.14159265  3.14159265  3.14159265  3.14159265  3.14159265  3.14159265
  3.14159265  3.14159265  3.14159265  3.14159265  3.14159265  3.14159265
  3.14159265  3.14159265  3.14159265] 
 [0.00000000e+00 2.06057393e-13 0.00000000e+00 0.00000000e+00
 0.00000000e+00 0.00000000e+00 0.00000000e+00 9.23705556e-14
 0.00000000e+00 0.00000000e+00 1.35003120e-13 0.00000000e+00
 0.00000000e+00 0.00000000e+00 0.00000000e+00 0.00000000e+00
 0.00000000e+00 0.00000000e+00 0.00000000e+00 9.23705556e-14
 0.00000000e+00 0.00000000e+00 1.84741111e-13 0.00000000e+00
 0.00000000e+00 0.00000000e+00 0.00000000e+00 0.00000000e+00
 0.00000000e+00 0.00000000e+00 0.00000000e+00 0.00000000e+00
 0.00000000e+00 0.00000000e+00 0.00000000e+00 0.00000000e+00
 0.00000000e+00 0.00000000e+00 0.00000000e+00 0.00000000e+00
 0.00000000e+00 0.00000000e+00 0.00000000e+00 0.00000000e+00
 0.00000000e+00]
Precision cutoff reached.
Calculating energies for FreeWilson2D(N_x=2, N_y=2, mass=0.857, r=1.000)
h_im: 0.0
New op index: 10	$R_Y$[3]
Current grad: 9.428571428571418
[ 3.14159265  1.57079633  3.14159265  3.14159265 -1.57079633  3.14159265
  3.14159265  1.57079633  3.14159265  3.14159265 -1.23412151  0.
  3.14159265 -1.23412151  0.          3.14159265  1.57079633  3.14159265
  3.14159265 -1.57079633  3.14159265  3.14159265  1.57079633  3.14159265
  3.14159265  3.14159265  3.14159265  3.14159265  3.14159265  3.14159265
  3.14159265  0.          0.          3.14159265  3.14159265  3.14159265
  3.14159265  0.          0.          3.14159265  3.14159265  3.14159265
  3.14159265  3.14159265  3.14159265] 
 [0.         1.42857143 0.         0.         0.92857143 0.
 0.         0.92857143 0.         0.         2.01354429 1.
 0.         2.01354429 1.         0.         0.92857143 0.
 0.         0.92857143 0.         0.         1.42857143 0.
 0.         0.         0.         0.         0.         0.
 0.         1.         1.         0.         0.         0.
 0.         1.         1.         0.         0.         0.
 0.         0.         0.        ]
sweep    1  f = 198.4864557  (Delta f = 0)
New op index: 7	$R_Y$[2]
Current grad: 331.97224219087195
[ 3.14159265  1.57079633  3.14159265  3.14159265  1.57079633  3.14159265
  3.14159265  1.57079633  3.14159265  3.14159265 -3.14159265  3.14159265
  0.          1.57444317  3.14159265  3.14159265  1.57079633  3.14159265
  0.          1.57079633  3.14159265  0.          1.57079633  3.14159265
  3.14159265  3.14159265  3.14159265  3.14159265  3.14159265  3.14159265
  3.14159265  3.14159265  3.14159265  3.14159265  3.14159265  3.14159265
  3.14159265  3.14159265  3.14159265  0.          0.          3.14159265
  0.          0.          3.14159265] 
 [0.00000000e+00 4.86214892e+01 0.00000000e+00 0.00000000e+00
 4.62643464e+01 0.00000000e+00 0.00000000e+00 4.87866645e+01
 0.00000000e+00 0.00000000e+00 0.00000000e+00 0.00000000e+00
 2.08761579e-15 4.51275432e+01 0.00000000e+00 0.00000000e+00
 4.81214892e+01 0.00000000e+00 8.33262031e-15 4.62643464e+01
 0.00000000e+00 5.54516750e-15 4.86214892e+01 0.00000000e+00
 0.00000000e+00 0.00000000e+00 0.00000000e+00 0.00000000e+00
 0.00000000e+00 0.00000000e+00 0.00000000e+00 0.00000000e+00
 0.00000000e+00 0.00000000e+00 0.00000000e+00 0.00000000e+00
 0.00000000e+00 0.00000000e+00 0.00000000e+00 4.16333634e-15
 4.16333634e-15 0.00000000e+00 9.68669589e-15 9.74220704e-15
 0.00000000e+00]
sweep    1  f = 147.1331358  (Delta f = 2.57)
sweep    2  f = 147.1331358  (Delta f = 0)
New op index: 13	$R_Y$[4]
Current grad: 7.571431419441643
[ 3.14159265  1.57079633  3.14159265  3.14159265 -1.5775558   3.14159265
  3.14159265  3.14159265  3.14159265  3.14159265  3.1415926   3.14159265
  0.         -1.5775558   3.14159265  0.          1.57079633  0.
  3.14159265 -1.57079633  3.14159265  3.14159265  1.57079633  0.
  3.14159265  3.14159265  3.14159265  3.14159265  3.14159265  3.14159265
  3.14159265  3.14159265  3.14159265  3.14159265  3.14159265  3.14159265
  0.          3.14159265  3.14159265  3.14159265  3.14159265  0.
  0.          0.          0.        ] 
 [0.00000000e+00 1.41912190e+00 0.00000000e+00 0.00000000e+00
 1.42833340e+00 0.00000000e+00 0.00000000e+00 0.00000000e+00
 0.00000000e+00 0.00000000e+00 6.39488462e-14 0.00000000e+00
 1.73840305e-16 1.42833340e+00 0.00000000e+00 1.75845347e-16
 9.19121898e-01 2.91543454e-17 0.00000000e+00 9.38020959e-01
 0.00000000e+00 0.00000000e+00 1.41912190e+00 2.91543454e-17
 0.00000000e+00 0.00000000e+00 0.00000000e+00 0.00000000e+00
 0.00000000e+00 0.00000000e+00 0.00000000e+00 0.00000000e+00
 0.00000000e+00 0.00000000e+00 0.00000000e+00 0.00000000e+00
 2.79747162e-16 0.00000000e+00 0.00000000e+00 0.00000000e+00
 0.00000000e+00 2.84549605e-17 3.07509536e-16 2.80453345e-16
 2.84549605e-17]
sweep    1  f = 145.6249586  (Delta f = 0.0798)
sweep    2  f = 145.6249586  (Delta f = 3.2e-11)
New op index: 1	$R_Y$[0]
Current grad: 236.93882730806783
[ 3.14159265  1.57079633  3.14159265  3.14159265  1.57444764  3.14159265
  3.14159265  3.1415926   3.14159265  3.14159265  3.14159067  3.14159265
  3.14159265 -3.14159027  3.14159265  0.          1.57084312  3.14159265
  3.14159265  1.57079633  3.14159265  0.          1.57079633  3.14159265
  3.14159265  3.14159265  3.14159265  3.14159265  3.14159265  3.14159265
  3.14159265  3.14159265  3.14159265  3.14159265  3.14159265  3.14159265
  3.14159265  3.14159265  3.14159265  0.          3.14159265  3.14159265
  3.14159265  3.14159265  3.14159265] 
 [0.00000000e+00 4.85282247e+01 0.00000000e+00 0.00000000e+00
 4.55070035e+01 0.00000000e+00 0.00000000e+00 1.27897692e-13
 0.00000000e+00 0.00000000e+00 3.06354941e-12 0.00000000e+00
 0.00000000e+00 1.21884725e-11 0.00000000e+00 1.21728381e-14
 4.80355619e+01 0.00000000e+00 0.00000000e+00 4.61710818e+01
 0.00000000e+00 4.01970736e-15 4.85282247e+01 0.00000000e+00
 0.00000000e+00 0.00000000e+00 0.00000000e+00 0.00000000e+00
 0.00000000e+00 0.00000000e+00 0.00000000e+00 0.00000000e+00
 0.00000000e+00 0.00000000e+00 0.00000000e+00 0.00000000e+00
 0.00000000e+00 0.00000000e+00 0.00000000e+00 1.91732263e-15
 0.00000000e+00 0.00000000e+00 0.00000000e+00 0.00000000e+00
 0.00000000e+00]
sweep    1  f = 94.28085341  (Delta f = 2.82)
sweep    2  f = 94.28085341  (Delta f = 0)
New op index: 22	$R_Y$[7]
Current grad: 4.714296514016923
[ 3.14159265  3.1415925   3.14159265  3.14159265 -1.57419877  3.14159265
  3.14159265 -3.14159264  3.14159265  3.14159265  3.14159263  3.14159265
  3.14159265  3.14159263  3.14159265  0.          1.57603032  3.14159265
  0.         -1.57079633  3.14159265  3.14159265  1.57079633  0.
  3.14159265  3.14159265  3.14159265  3.14159265  3.14159265  3.14159265
  3.14159265  3.14159265  3.14159265  3.14159265  3.14159265  3.14159265
  3.14159265  3.14159265  3.14159265  0.          3.14159265  3.14159265
  3.14159265  3.14159265  3.14159265] 
 [0.00000000e+00 6.46593890e-13 0.00000000e+00 0.00000000e+00
 1.42371973e+00 0.00000000e+00 0.00000000e+00 0.00000000e+00
 0.00000000e+00 0.00000000e+00 7.10542736e-15 0.00000000e+00
 0.00000000e+00 1.42108547e-14 0.00000000e+00 9.89528232e-15
 9.23723293e-01 0.00000000e+00 2.33079615e-16 9.28572113e-01
 0.00000000e+00 0.00000000e+00 1.42857074e+00 2.28698896e-18
 0.00000000e+00 0.00000000e+00 0.00000000e+00 0.00000000e+00
 0.00000000e+00 0.00000000e+00 0.00000000e+00 0.00000000e+00
 0.00000000e+00 0.00000000e+00 0.00000000e+00 0.00000000e+00
 0.00000000e+00 0.00000000e+00 0.00000000e+00 1.00117248e-14
 0.00000000e+00 0.00000000e+00 0.00000000e+00 0.00000000e+00
 0.00000000e+00]
sweep    1  f = 92.77104259  (Delta f = 0.0812)
sweep    2  f = 92.77104259  (Delta f = 6.58e-12)
New op index: 19	$R_Y$[6]
Current grad: 143.5003992534476
[ 3.14159265 -3.14159134  3.14159265  3.14159265 -1.5708427   3.14159265
  3.14159265  3.14158293  3.14159265  3.14159265  3.14159261  3.14159265
  3.14159265  3.14159261  3.14159265  0.         -1.57436416  3.14159265
  3.14159265 -1.57079633  0.          3.14159265  3.14159075  3.14159265
  3.14159265  3.14159265  3.14159265  3.14159265  3.14159265  3.14159265
  3.14159265  3.14159265  3.14159265  3.14159265  3.14159265  3.14159265
  3.14159265  3.14159265  3.14159265  0.          3.14159265  3.14159265
  3.14159265  3.14159265  0.        ] 
 [0.00000000e+00 3.64330788e-12 0.00000000e+00 0.00000000e+00
 4.86262471e+01 0.00000000e+00 0.00000000e+00 7.15736359e-11
 0.00000000e+00 0.00000000e+00 8.52651283e-14 0.00000000e+00
 0.00000000e+00 9.94759830e-14 0.00000000e+00 1.91347440e-14
 4.60786645e+01 0.00000000e+00 0.00000000e+00 4.86285010e+01
 1.56130407e-17 0.00000000e+00 7.63211716e-12 0.00000000e+00
 0.00000000e+00 0.00000000e+00 0.00000000e+00 0.00000000e+00
 0.00000000e+00 0.00000000e+00 0.00000000e+00 0.00000000e+00
 0.00000000e+00 0.00000000e+00 0.00000000e+00 0.00000000e+00
 0.00000000e+00 0.00000000e+00 0.00000000e+00 6.35478834e-15
 0.00000000e+00 0.00000000e+00 0.00000000e+00 0.00000000e+00
 1.56129944e-17]
sweep    1  f = 41.42128005  (Delta f = 2.72)
sweep    2  f = 41.42128005  (Delta f = 4.33e-13)
New op index: 4	$R_Y$[1]
Current grad: 2.8571617454549463
[ 3.14159265 -3.14159264  3.14159265  3.14159265 -1.57420455  3.14159265
  3.14159265 -3.14159252  3.14159265  3.14159265 -3.14159265  3.14159265
  3.14159265  3.14159263  3.14159265  0.          1.57758959  3.14159265
  3.14159265  3.14159261  0.          3.14159265 -3.14159251  3.14159265
  3.14159265  3.14159265  3.14159265  3.14159265  3.14159265  3.14159265
  3.14159265  3.14159265  3.14159265  3.14159265  3.14159265  3.14159265
  3.14159265  3.14159265  3.14159265  3.14159265  3.14159265  3.14159265
  3.14159265  3.14159265  3.14159265] 
 [0.00000000e+00 7.10542736e-15 0.00000000e+00 0.00000000e+00
 1.42135707e+00 0.00000000e+00 0.00000000e+00 4.40536496e-13
 0.00000000e+00 0.00000000e+00 0.00000000e+00 0.00000000e+00
 0.00000000e+00 2.13162821e-14 0.00000000e+00 3.53665873e-15
 1.42124540e+00 0.00000000e+00 0.00000000e+00 6.39488462e-14
 3.77016037e-24 0.00000000e+00 4.97379915e-13 0.00000000e+00
 0.00000000e+00 0.00000000e+00 0.00000000e+00 0.00000000e+00
 0.00000000e+00 0.00000000e+00 0.00000000e+00 0.00000000e+00
 0.00000000e+00 0.00000000e+00 0.00000000e+00 0.00000000e+00
 0.00000000e+00 0.00000000e+00 0.00000000e+00 0.00000000e+00
 0.00000000e+00 0.00000000e+00 0.00000000e+00 0.00000000e+00
 0.00000000e+00]
sweep    1  f = 39.99753618  (Delta f = 0.00239)
sweep    2  f = 39.99753534  (Delta f = 8.44e-07)
sweep    3  f = 39.9975353  (Delta f = 3.78e-08)
sweep    4  f = 39.99753525  (Delta f = 4.89e-08)
sweep    5  f = 39.99753522  (Delta f = 3.38e-08)
sweep    6  f = 39.99753521  (Delta f = 9.22e-09)
New op index: 16	$R_Y$[5]
Current grad: 51.42995048324017
[ 3.14159265 -3.14159259  3.14159265  3.14159265 -3.14159265  3.14159265
  3.14159265  3.14159258  3.14159265  3.14159265  3.14153055  3.14159265
  3.14159265 -3.14155432  3.14159265  0.          1.57089218  3.14159265
  3.14159265 -3.14159043  3.14159265  3.14159265 -3.14159261  3.14159265
  3.14159265  3.14159265  3.14159265  3.14159265  3.14159265  3.14159265
  3.14159265  3.14159265  3.14159265  3.14159265  3.14159265  3.14159265
  3.14159265  3.14159265  3.14159265  3.14159265  3.14159265  3.14159265
  3.14159265  3.14159265  3.14159265] 
 [0.00000000e+00 1.98951966e-13 0.00000000e+00 0.00000000e+00
 0.00000000e+00 0.00000000e+00 0.00000000e+00 2.55795385e-13
 0.00000000e+00 0.00000000e+00 2.75723466e-09 0.00000000e+00
 0.00000000e+00 1.05041420e-09 0.00000000e+00 2.97920387e-15
 5.14248568e+01 0.00000000e+00 0.00000000e+00 3.53694851e-12
 0.00000000e+00 0.00000000e+00 8.52651283e-14 0.00000000e+00
 0.00000000e+00 0.00000000e+00 0.00000000e+00 0.00000000e+00
 0.00000000e+00 0.00000000e+00 0.00000000e+00 0.00000000e+00
 0.00000000e+00 0.00000000e+00 0.00000000e+00 0.00000000e+00
 0.00000000e+00 0.00000000e+00 0.00000000e+00 0.00000000e+00
 0.00000000e+00 0.00000000e+00 0.00000000e+00 0.00000000e+00
 0.00000000e+00]
sweep    1  f = -11.42857143  (Delta f = 0.00125)
sweep    2  f = -11.42857143  (Delta f = 4.97e-11)
New op index: 19	$R_Y$[6]
Current grad: 2.706654464394644e-05
[ 3.14159265  3.14159261  0.          3.14159265 -3.14159263  0.
  3.14159265 -3.14159265  3.14159265  3.14159265 -3.14159263  0.
  3.14159265 -3.14159257  0.          3.14159265  3.14159265  3.14159265
  3.14159265 -3.14159245  0.          3.14159265 -3.14159251  0.
  3.14159265  3.14159265  0.          3.14159265  3.14159265  0.
  3.14159265  3.14159265  0.          3.14159265  3.14159265  0.
  3.14159265  3.14159265  0.          3.14159265  3.14159265  0.
  3.14159265  3.14159265  0.        ] 
 [0.00000000e+00 4.97379915e-14 6.06640504e-15 0.00000000e+00
 1.42108547e-14 4.33905634e-15 0.00000000e+00 0.00000000e+00
 0.00000000e+00 0.00000000e+00 7.10542736e-15 1.84951759e-15
 0.00000000e+00 1.63424829e-13 1.73162266e-14 0.00000000e+00
 0.00000000e+00 0.00000000e+00 0.00000000e+00 1.05870868e-12
 1.98057653e-14 0.00000000e+00 5.61328761e-13 6.03166334e-15
 0.00000000e+00 0.00000000e+00 1.04054614e-14 0.00000000e+00
 0.00000000e+00 4.00475020e-15 0.00000000e+00 0.00000000e+00
 1.51521144e-15 0.00000000e+00 0.00000000e+00 1.62078825e-14
 0.00000000e+00 0.00000000e+00 1.69471787e-14 0.00000000e+00
 0.00000000e+00 1.94367175e-14 0.00000000e+00 0.00000000e+00
 2.58374287e-14]
Precision cutoff reached.
Calculating energies for FreeWilson2D(N_x=2, N_y=2, mass=1.020, r=1.000)
h_im: 0.0
New op index: 10	$R_Y$[3]
Current grad: 10.081632653061215
[ 3.14159265  1.57079633  3.14159265  3.14159265 -1.57079633  3.14159265
  3.14159265  1.57079633  3.14159265  3.14159265 -1.25107417  0.
  3.14159265 -1.25107417  0.          3.14159265  1.57079633  3.14159265
  3.14159265 -1.57079633  3.14159265  3.14159265  1.57079633  3.14159265
  3.14159265  3.14159265  3.14159265  3.14159265  3.14159265  3.14159265
  3.14159265  0.          0.          3.14159265  3.14159265  3.14159265
  3.14159265  0.          0.          3.14159265  3.14159265  3.14159265
  3.14159265  3.14159265  3.14159265] 
 [0.         1.51020408 0.         0.         1.01020408 0.
 0.         1.01020408 0.         0.         2.09082254 1.
 0.         2.09082254 1.         0.         1.01020408 0.
 0.         1.01020408 0.         0.         1.51020408 0.
 0.         0.         0.         0.         0.         0.
 0.         1.         1.         0.         0.         0.
 0.         1.         1.         0.         0.         0.
 0.         0.         0.        ]
sweep    1  f = 198.4091775  (Delta f = 0)
New op index: 7	$R_Y$[2]
Current grad: 333.95566735588204
[ 3.14159265  1.57079633  3.14159265  3.14159265  1.57079633  3.14159265
  3.14159265  1.57079633  3.14159265  3.14159265 -3.14159265  3.14159265
  0.          1.57425161  3.14159265  3.14159265  1.57079633  3.14159265
  0.          1.57079633  3.14159265  3.14159265  1.57079633  3.14159265
  3.14159265  3.14159265  3.14159265  3.14159265  3.14159265  3.14159265
  3.14159265  3.14159265  3.14159265  3.14159265  3.14159265  3.14159265
  3.14159265  3.14159265  3.14159265  3.14159265  3.14159265  3.14159265
  3.14159265  3.14159265  3.14159265] 
 [0.00000000e+00 4.89763431e+01 0.00000000e+00 0.00000000e+00
 4.64559350e+01 0.00000000e+00 0.00000000e+00 4.91334945e+01
 0.00000000e+00 0.00000000e+00 0.00000000e+00 0.00000000e+00
 1.67666334e-16 4.53243937e+01 0.00000000e+00 0.00000000e+00
 4.84763431e+01 0.00000000e+00 2.80387958e-15 4.64559350e+01
 0.00000000e+00 0.00000000e+00 4.89763431e+01 0.00000000e+00
 0.00000000e+00 0.00000000e+00 0.00000000e+00 0.00000000e+00
 0.00000000e+00 0.00000000e+00 0.00000000e+00 0.00000000e+00
 0.00000000e+00 0.00000000e+00 0.00000000e+00 0.00000000e+00
 0.00000000e+00 0.00000000e+00 0.00000000e+00 0.00000000e+00
 0.00000000e+00 0.00000000e+00 0.00000000e+00 0.00000000e+00
 0.00000000e+00]
sweep    1  f = 146.9698859  (Delta f = 2.31)
sweep    2  f = 146.9698859  (Delta f = 0)
New op index: 13	$R_Y$[4]
Current grad: 8.061227028138324
[ 3.14159265  1.57079633  3.14159265  3.14159265 -1.57718268  3.14159265
  3.14159265  3.1415926   3.14159265  3.14159265 -3.14159265  3.14159265
  0.         -1.57718268  3.14159265  3.14159265  1.57079633  3.14159265
  0.         -1.57079633  0.          3.14159265  1.57079633  3.14159265
  3.14159265  3.14159265  3.14159265  3.14159265  3.14159265  3.14159265
  3.14159265  3.14159265  3.14159265  3.14159265  3.14159265  3.14159265
  0.          3.14159265  3.14159265  0.          0.          3.14159265
  0.          0.          3.14159265] 
 [0.00000000e+00 1.50078452e+00 0.00000000e+00 0.00000000e+00
 1.50994962e+00 0.00000000e+00 0.00000000e+00 6.39488462e-14
 0.00000000e+00 0.00000000e+00 0.00000000e+00 0.00000000e+00
 8.79544432e-15 1.50994967e+00 0.00000000e+00 0.00000000e+00
 1.00078452e+00 0.00000000e+00 6.02491754e-15 1.01962364e+00
 2.30763919e-17 0.00000000e+00 1.50078452e+00 0.00000000e+00
 0.00000000e+00 0.00000000e+00 0.00000000e+00 0.00000000e+00
 0.00000000e+00 0.00000000e+00 0.00000000e+00 0.00000000e+00
 0.00000000e+00 0.00000000e+00 0.00000000e+00 0.00000000e+00
 4.60524608e-15 0.00000000e+00 0.00000000e+00 3.25025366e-15
 3.24557448e-15 0.00000000e+00 5.93729887e-15 5.94197805e-15
 0.00000000e+00]
sweep    1  f = 145.3845709  (Delta f = 0.0754)
sweep    2  f = 145.3845709  (Delta f = 1.14e-13)
New op index: 1	$R_Y$[0]
Current grad: 238.37469157804787
[ 3.14159265  1.57079633  3.14159265  3.14159265  1.57426092  3.14159265
  3.14159265  3.14159258  3.14159265  3.14159265  3.14159153  3.14159265
  3.14159265 -3.14159246  3.14159265  0.          1.57084315  3.14159265
  3.14159265  1.57079633  3.14159265  3.14159265  1.57079633  0.
  3.14159265  3.14159265  3.14159265  3.14159265  3.14159265  3.14159265
  3.14159265  3.14159265  3.14159265  3.14159265  3.14159265  3.14159265
  3.14159265  3.14159265  3.14159265  0.          3.14159265  3.14159265
  3.14159265  3.14159265  3.14159265] 
 [0.00000000e+00 4.88812339e+01 0.00000000e+00 0.00000000e+00
 4.57045946e+01 0.00000000e+00 0.00000000e+00 2.70006240e-13
 0.00000000e+00 0.00000000e+00 1.03517195e-12 0.00000000e+00
 0.00000000e+00 7.37188088e-14 0.00000000e+00 1.19530474e-14
 4.83859048e+01 0.00000000e+00 0.00000000e+00 4.63608257e+01
 0.00000000e+00 0.00000000e+00 4.88812339e+01 8.25814772e-18
 0.00000000e+00 0.00000000e+00 0.00000000e+00 0.00000000e+00
 0.00000000e+00 0.00000000e+00 0.00000000e+00 0.00000000e+00
 0.00000000e+00 0.00000000e+00 0.00000000e+00 0.00000000e+00
 0.00000000e+00 0.00000000e+00 0.00000000e+00 1.46377045e-15
 0.00000000e+00 0.00000000e+00 0.00000000e+00 0.00000000e+00
 0.00000000e+00]
sweep    1  f = 93.9543305  (Delta f = 2.55)
sweep    2  f = 93.9543305  (Delta f = 3.27e-13)
New op index: 22	$R_Y$[7]
Current grad: 5.040822384293646
[ 3.14159265  3.1415926   3.14159265  3.14159265 -1.57400976  3.14159265
  3.14159265 -3.14159264  3.14159265  3.14159265  3.14159263  3.14159265
  3.14159265  3.14159262  3.14159265  0.          1.57559976  3.14159265
  0.         -1.57079633  0.          3.14159265  1.57079633  0.
  3.14159265  3.14159265  3.14159265  3.14159265  3.14159265  3.14159265
  3.14159265  3.14159265  3.14159265  3.14159265  3.14159265  3.14159265
  3.14159265  3.14159265  3.14159265  0.          3.14159265  3.14159265
  0.          0.          0.        ] 
 [0.00000000e+00 7.10542736e-14 0.00000000e+00 0.00000000e+00
 1.50535961e+00 0.00000000e+00 0.00000000e+00 7.10542736e-15
 0.00000000e+00 0.00000000e+00 1.42108547e-14 0.00000000e+00
 0.00000000e+00 2.13162821e-14 0.00000000e+00 1.02139207e-14
 1.00536259e+00 0.00000000e+00 1.17112268e-14 1.01020476e+00
 5.16886460e-17 0.00000000e+00 1.51020340e+00 2.01238088e-17
 0.00000000e+00 0.00000000e+00 0.00000000e+00 0.00000000e+00
 0.00000000e+00 0.00000000e+00 0.00000000e+00 0.00000000e+00
 0.00000000e+00 0.00000000e+00 0.00000000e+00 0.00000000e+00
 0.00000000e+00 0.00000000e+00 0.00000000e+00 2.23143658e-14
 0.00000000e+00 0.00000000e+00 4.43113774e-15 4.45506897e-15
 7.18124548e-17]
sweep    1  f = 92.36722464  (Delta f = 0.0769)
sweep    2  f = 92.36722464  (Delta f = 4.92e-12)
New op index: 19	$R_Y$[6]
Current grad: 144.402139138503
[ 3.14159265 -3.14159189  3.14159265  3.14159265 -1.57084274  3.14159265
  3.14159265  3.1415919   3.14159265  3.14159265  3.1415926   3.14159265
  3.14159265  3.14159264  3.14159265  0.         -1.57417677  3.14159265
  3.14159265 -1.57079633  0.          3.14159265  3.14159184  3.14159265
  3.14159265  3.14159265  3.14159265  3.14159265  3.14159265  3.14159265
  3.14159265  3.14159265  3.14159265  3.14159265  3.14159265  3.14159265
  3.14159265  3.14159265  3.14159265  0.          3.14159265  3.14159265
  3.14159265  3.14159265  0.        ] 
 [0.00000000e+00 1.18127730e-12 0.00000000e+00 0.00000000e+00
 4.89803299e+01 0.00000000e+00 0.00000000e+00 4.52748949e-13
 0.00000000e+00 0.00000000e+00 1.13686838e-13 0.00000000e+00
 0.00000000e+00 0.00000000e+00 0.00000000e+00 2.59892726e-14
 4.62802073e+01 0.00000000e+00 0.00000000e+00 4.89826026e+01
 2.08161523e-17 0.00000000e+00 1.32072131e-12 0.00000000e+00
 0.00000000e+00 0.00000000e+00 0.00000000e+00 0.00000000e+00
 0.00000000e+00 0.00000000e+00 0.00000000e+00 0.00000000e+00
 0.00000000e+00 0.00000000e+00 0.00000000e+00 0.00000000e+00
 0.00000000e+00 0.00000000e+00 0.00000000e+00 1.39824369e-14
 0.00000000e+00 0.00000000e+00 0.00000000e+00 0.00000000e+00
 2.08161292e-17]
sweep    1  f = 40.93149569  (Delta f = 2.45)
sweep    2  f = 40.93149569  (Delta f = 0)
New op index: 4	$R_Y$[1]
Current grad: 3.02042994876871
[ 3.14159265  3.1415926   3.14159265  3.14159265 -1.57401489  3.14159265
  3.14159265  3.14159258  3.14159265  3.14159265 -3.14159257  3.14159265
  3.14159265 -3.14159258  3.14159265  0.          1.57721282  3.14159265
  3.14159265 -3.14159258  0.          3.14159265  3.14159259  3.14159265
  3.14159265  3.14159265  3.14159265  3.14159265  3.14159265  3.14159265
  3.14159265  3.14159265  3.14159265  3.14159265  3.14159265  3.14159265
  3.14159265  3.14159265  3.14159265  3.14159265  3.14159265  3.14159265
  3.14159265  3.14159265  3.14159265] 
 [0.00000000e+00 7.10542736e-14 0.00000000e+00 0.00000000e+00
 1.50300443e+00 0.00000000e+00 0.00000000e+00 1.56319402e-13
 0.00000000e+00 0.00000000e+00 1.77635684e-13 0.00000000e+00
 0.00000000e+00 1.42108547e-13 0.00000000e+00 4.60757911e-15
 1.50288407e+00 0.00000000e+00 0.00000000e+00 1.49213975e-13
 2.53516946e-24 0.00000000e+00 9.23705556e-14 0.00000000e+00
 0.00000000e+00 0.00000000e+00 0.00000000e+00 0.00000000e+00
 0.00000000e+00 0.00000000e+00 0.00000000e+00 0.00000000e+00
 0.00000000e+00 0.00000000e+00 0.00000000e+00 0.00000000e+00
 0.00000000e+00 0.00000000e+00 0.00000000e+00 0.00000000e+00
 0.00000000e+00 0.00000000e+00 0.00000000e+00 0.00000000e+00
 0.00000000e+00]
sweep    1  f = 39.42610945  (Delta f = 0.00238)
sweep    2  f = 39.42610863  (Delta f = 8.18e-07)
sweep    3  f = 39.42610861  (Delta f = 1.78e-08)
sweep    4  f = 39.42610861  (Delta f = 1.53e-11)
New op index: 16	$R_Y$[5]
Current grad: 51.51146908111233
[ 3.14159265 -3.14159259  3.14159265  3.14159265  3.14159265  3.14159265
  3.14159265 -3.14159256  3.14159265  3.14159265  3.14157656  3.14159265
  3.14159265 -3.14159064  3.14159265  3.14159265  1.57089195  3.14159265
  3.14159265 -3.14159045  0.          3.14159265  3.1415926   3.14159265
  3.14159265  3.14159265  3.14159265  3.14159265  3.14159265  3.14159265
  3.14159265  3.14159265  3.14159265  3.14159265  3.14159265  3.14159265
  3.14159265  3.14159265  3.14159265  3.14159265  3.14159265  3.14159265
  3.14159265  3.14159265  3.14159265] 
 [0.00000000e+00 1.98951966e-13 0.00000000e+00 0.00000000e+00
 0.00000000e+00 0.00000000e+00 0.00000000e+00 4.40536496e-13
 0.00000000e+00 0.00000000e+00 1.95734984e-10 0.00000000e+00
 0.00000000e+00 3.07887049e-12 0.00000000e+00 0.00000000e+00
 5.15064919e+01 0.00000000e+00 0.00000000e+00 3.65618646e-12
 7.85975822e-28 0.00000000e+00 1.42108547e-13 0.00000000e+00
 0.00000000e+00 0.00000000e+00 0.00000000e+00 0.00000000e+00
 0.00000000e+00 0.00000000e+00 0.00000000e+00 0.00000000e+00
 0.00000000e+00 0.00000000e+00 0.00000000e+00 0.00000000e+00
 0.00000000e+00 0.00000000e+00 0.00000000e+00 0.00000000e+00
 0.00000000e+00 0.00000000e+00 0.00000000e+00 0.00000000e+00
 0.00000000e+00]
sweep    1  f = -12.08163265  (Delta f = 0.00125)
sweep    2  f = -12.08163265  (Delta f = 4.23e-11)
New op index: 22	$R_Y$[7]
Current grad: 1.2401298817769128e-05
[ 3.14159265 -3.14159263  0.          3.14159265 -3.14159264  3.14159265
  3.14159265 -3.14159265  3.14159265  3.14159265 -3.14159262  0.
  3.14159265 -3.1415926   3.14159265  3.14159265  3.14159263  0.
  3.14159265  3.14159262  3.14159265  3.14159265  3.14159259  0.
  3.14159265  3.14159265  0.          3.14159265  3.14159265  3.14159265
  3.14159265  3.14159265  0.          3.14159265  3.14159265  3.14159265
  3.14159265  3.14159265  0.          3.14159265  3.14159265  3.14159265
  3.14159265  3.14159265  0.        ] 
 [0.00000000e+00 2.13162821e-14 1.67247248e-15 0.00000000e+00
 0.00000000e+00 0.00000000e+00 0.00000000e+00 0.00000000e+00
 0.00000000e+00 0.00000000e+00 2.13162821e-14 1.82264576e-15
 0.00000000e+00 7.10542736e-14 0.00000000e+00 0.00000000e+00
 1.42108547e-14 1.43024649e-15 0.00000000e+00 3.55271368e-14
 0.00000000e+00 0.00000000e+00 1.06581410e-13 3.11953363e-15
 0.00000000e+00 0.00000000e+00 1.62040367e-15 0.00000000e+00
 0.00000000e+00 0.00000000e+00 0.00000000e+00 0.00000000e+00
 1.80583110e-15 0.00000000e+00 0.00000000e+00 0.00000000e+00
 0.00000000e+00 0.00000000e+00 1.13157975e-15 0.00000000e+00
 0.00000000e+00 0.00000000e+00 0.00000000e+00 0.00000000e+00
 9.46152313e-16]
Precision cutoff reached.
Calculating energies for FreeWilson2D(N_x=2, N_y=2, mass=1.184, r=1.000)
h_im: 0.0
New op index: 10	$R_Y$[3]
Current grad: 10.734693877551008
[ 3.14159265  1.57079633  3.14159265  3.14159265 -1.57079633  3.14159265
  3.14159265  1.57079633  3.14159265  3.14159265 -1.26645214  0.
  3.14159265 -1.26645214  0.          3.14159265  1.57079633  3.14159265
  3.14159265 -1.57079633  3.14159265  3.14159265  1.57079633  3.14159265
  3.14159265  3.14159265  3.14159265  3.14159265  3.14159265  3.14159265
  3.14159265  0.          0.          3.14159265  3.14159265  3.14159265
  3.14159265  0.          0.          3.14159265  3.14159265  3.14159265
  3.14159265  3.14159265  3.14159265] 
 [0.         1.59183673 0.         0.         1.09183673 0.
 0.         1.09183673 0.         0.         2.16851556 1.
 0.         2.16851556 1.         0.         1.09183673 0.
 0.         1.09183673 0.         0.         1.59183673 0.
 0.         0.         0.         0.         0.         0.
 0.         1.         1.         0.         0.         0.
 0.         1.         1.         0.         0.         0.
 0.         0.         0.        ]
sweep    1  f = 198.3314844  (Delta f = 2.84e-13)
New op index: 7	$R_Y$[2]
Current grad: 335.6799377531691
[3.14159265 1.57079633 3.14159265 3.14159265 1.57079633 3.14159265
 3.14159265 1.57079633 3.14159265 3.14159265 3.14159265 3.14159265
 0.         1.57407974 3.14159265 3.14159265 1.57079633 3.14159265
 3.14159265 1.57079633 3.14159265 0.         1.57079633 3.14159265
 3.14159265 3.14159265 3.14159265 3.14159265 3.14159265 3.14159265
 3.14159265 3.14159265 3.14159265 3.14159265 3.14159265 3.14159265
 3.14159265 3.14159265 3.14159265 3.14159265 3.14159265 3.14159265
 0.         0.         3.14159265] 
 [0.00000000e+00 4.92940209e+01 0.00000000e+00 0.00000000e+00
 4.66103474e+01 0.00000000e+00 0.00000000e+00 4.94438547e+01
 0.00000000e+00 0.00000000e+00 0.00000000e+00 0.00000000e+00
 2.76989316e-15 4.54837378e+01 0.00000000e+00 0.00000000e+00
 4.87940209e+01 0.00000000e+00 0.00000000e+00 4.66103474e+01
 0.00000000e+00 8.27427696e-15 4.92940209e+01 0.00000000e+00
 0.00000000e+00 0.00000000e+00 0.00000000e+00 0.00000000e+00
 0.00000000e+00 0.00000000e+00 0.00000000e+00 0.00000000e+00
 0.00000000e+00 0.00000000e+00 0.00000000e+00 0.00000000e+00
 0.00000000e+00 0.00000000e+00 0.00000000e+00 0.00000000e+00
 0.00000000e+00 0.00000000e+00 4.10782519e-15 4.19109192e-15
 0.00000000e+00]
sweep    1  f = 146.806636  (Delta f = 2.08)
sweep    2  f = 146.806636  (Delta f = 3.41e-13)
New op index: 4	$R_Y$[1]
Current grad: 8.55102974560495
[ 3.14159265  1.57079633  3.14159265  3.14159265 -1.57684761  3.14159265
  3.14159265 -3.14159257  3.14159265  3.14159265 -3.14159255  3.14159265
  0.         -1.57684761  3.14159265  0.          1.57079633  0.
  3.14159265 -1.57079633  3.14159265  3.14159265  1.57079633  0.
  3.14159265  3.14159265  3.14159265  3.14159265  3.14159265  3.14159265
  3.14159265  3.14159265  3.14159265  3.14159265  3.14159265  3.14159265
  0.          3.14159265  3.14159265  3.14159265  3.14159265  0.
  3.14159265  3.14159265  0.        ] 
 [0.00000000e+00 1.58244705e+00 0.00000000e+00 0.00000000e+00
 1.59156619e+00 0.00000000e+00 0.00000000e+00 1.63424829e-13
 0.00000000e+00 0.00000000e+00 2.62900812e-13 0.00000000e+00
 1.30448017e-15 1.59156611e+00 0.00000000e+00 2.73105058e-15
 1.08244705e+00 3.82581455e-17 0.00000000e+00 1.10122642e+00
 0.00000000e+00 0.00000000e+00 1.58244705e+00 3.82581471e-17
 0.00000000e+00 0.00000000e+00 0.00000000e+00 0.00000000e+00
 0.00000000e+00 0.00000000e+00 0.00000000e+00 0.00000000e+00
 0.00000000e+00 0.00000000e+00 0.00000000e+00 0.00000000e+00
 3.51040217e-15 0.00000000e+00 0.00000000e+00 0.00000000e+00
 0.00000000e+00 1.91290719e-17 0.00000000e+00 0.00000000e+00
 1.91290736e-17]
sweep    1  f = 145.1436525  (Delta f = 0.0714)
sweep    2  f = 145.1436525  (Delta f = 0)
New op index: 22	$R_Y$[7]
Current grad: 239.59515156296155
[ 3.14159265  1.57084748  3.14159265  3.14159265  3.14159163  3.14159265
  3.14159265 -3.1415926   3.14159265  3.14159265 -3.14159059  3.14159265
  3.14159265  1.57409802  3.14159265  3.14159265  1.57079633  3.14159265
  3.14159265  1.57079633  0.          0.          1.57079633  3.14159265
  3.14159265  3.14159265  3.14159265  3.14159265  3.14159265  3.14159265
  3.14159265  3.14159265  3.14159265  3.14159265  3.14159265  3.14159265
  3.14159265  3.14159265  3.14159265  3.14159265  3.14159265  0.
  0.          0.          0.        ] 
 [0.00000000e+00 4.91895007e+01 0.00000000e+00 0.00000000e+00
 2.06856754e-12 0.00000000e+00 0.00000000e+00 1.56319402e-13
 0.00000000e+00 0.00000000e+00 3.62732067e-12 0.00000000e+00
 0.00000000e+00 4.58590798e+01 0.00000000e+00 0.00000000e+00
 4.86920172e+01 0.00000000e+00 0.00000000e+00 4.65083437e+01
 4.83344694e-17 1.25816372e-14 4.91920172e+01 0.00000000e+00
 0.00000000e+00 0.00000000e+00 0.00000000e+00 0.00000000e+00
 0.00000000e+00 0.00000000e+00 0.00000000e+00 0.00000000e+00
 0.00000000e+00 0.00000000e+00 0.00000000e+00 0.00000000e+00
 0.00000000e+00 0.00000000e+00 0.00000000e+00 0.00000000e+00
 0.00000000e+00 1.33107158e-17 1.03442009e-14 1.04340966e-14
 2.02092698e-17]
sweep    1  f = 93.62780711  (Delta f = 2.32)
sweep    2  f = 93.62780711  (Delta f = 3.92e-12)
New op index: 19	$R_Y$[6]
Current grad: 5.862514615614319
[ 3.14159265  1.5738404   3.14159265  3.14159265 -3.14159263  3.14159265
  3.14159265  3.14159259  3.14159265  3.14159265 -3.14159257  3.14159265
  0.         -1.57384998  3.14159265  3.14159265  1.57079633  0.
  0.         -1.57079633  3.14159265  3.14159265  3.14159257  0.
  3.14159265  3.14159265  3.14159265  3.14159265  3.14159265  3.14159265
  3.14159265  3.14159265  3.14159265  3.14159265  3.14159265  3.14159265
  3.14159265  3.14159265  3.14159265  3.14159265  3.14159265  3.14159265
  3.14159265  3.14159265  3.14159265] 
 [0.00000000e+00 1.58699777e+00 0.00000000e+00 0.00000000e+00
 1.42108547e-14 0.00000000e+00 0.00000000e+00 1.13686838e-13
 0.00000000e+00 0.00000000e+00 1.77635684e-13 0.00000000e+00
 1.22228305e-15 1.58215319e+00 0.00000000e+00 0.00000000e+00
 1.09183608e+00 2.41237451e-24 2.65434060e-15 1.59183735e+00
 0.00000000e+00 0.00000000e+00 1.84741111e-13 2.52592000e-24
 0.00000000e+00 0.00000000e+00 0.00000000e+00 0.00000000e+00
 0.00000000e+00 0.00000000e+00 0.00000000e+00 0.00000000e+00
 0.00000000e+00 0.00000000e+00 0.00000000e+00 0.00000000e+00
 0.00000000e+00 0.00000000e+00 0.00000000e+00 0.00000000e+00
 0.00000000e+00 0.00000000e+00 0.00000000e+00 0.00000000e+00
 0.00000000e+00]
sweep    1  f = 91.95871883  (Delta f = 0.0773)
sweep    2  f = 91.95871883  (Delta f = 5.5e-12)
New op index: 1	$R_Y$[0]
Current grad: 144.39135226510314
[ 3.14159265  1.57084749  3.14159265  3.14159265 -3.14158759  3.14159265
  3.14159265 -3.1415925   3.14159265  3.14159265  3.14159016  3.14159265
  3.14159265  1.57409932  3.14159265  0.          1.57084756  3.14159265
  3.14159265  3.14159252  3.14159265  3.14159265 -3.14159252  3.14159265
  3.14159265  3.14159265  3.14159265  3.14159265  3.14159265  3.14159265
  3.14159265  3.14159265  3.14159265  3.14159265  3.14159265  3.14159265
  3.14159265  3.14159265  3.14159265  3.14159265  3.14159265  3.14159265
  3.14159265  3.14159265  3.14159265] 
 [0.00000000e+00 4.91883410e+01 0.00000000e+00 0.00000000e+00
 5.08415532e-11 0.00000000e+00 0.00000000e+00 1.22213351e-12
 0.00000000e+00 0.00000000e+00 5.31796829e-12 0.00000000e+00
 0.00000000e+00 4.58578646e+01 0.00000000e+00 1.91240445e-15
 4.91883372e+01 0.00000000e+00 0.00000000e+00 3.73034936e-14
 0.00000000e+00 0.00000000e+00 8.81072992e-13 0.00000000e+00
 0.00000000e+00 0.00000000e+00 0.00000000e+00 0.00000000e+00
 0.00000000e+00 0.00000000e+00 0.00000000e+00 0.00000000e+00
 0.00000000e+00 0.00000000e+00 0.00000000e+00 0.00000000e+00
 0.00000000e+00 0.00000000e+00 0.00000000e+00 0.00000000e+00
 0.00000000e+00 0.00000000e+00 0.00000000e+00 0.00000000e+00
 0.00000000e+00]
sweep    1  f = 40.44413364  (Delta f = 2.33)
sweep    2  f = 40.44413364  (Delta f = 7.03e-13)
New op index: 13	$R_Y$[4]
Current grad: 3.1836993224535868
[ 3.14159265  3.14159256  0.          3.14159265  3.14159258  3.14159265
  3.14159265  3.1415926   0.          3.14159265  3.14159263  3.14159265
  3.14159265 -1.57384071  3.14159265  0.          1.57384047  3.14159265
  3.14159265 -3.14159255  3.14159265  3.14159265 -3.1415925   3.14159265
  3.14159265  3.14159265  3.14159265  3.14159265  3.14159265  3.14159265
  3.14159265  3.14159265  3.14159265  3.14159265  3.14159265  3.14159265
  0.          3.14159265  3.14159265  3.14159265  3.14159265  3.14159265
  3.14159265  3.14159265  3.14159265] 
 [0.00000000e+00 2.27373675e-13 5.17087481e-15 0.00000000e+00
 1.27897692e-13 0.00000000e+00 0.00000000e+00 7.81597009e-14
 5.17087481e-15 0.00000000e+00 7.10542736e-15 0.00000000e+00
 0.00000000e+00 1.58699855e+00 0.00000000e+00 1.26560400e-14
 1.58699766e+00 0.00000000e+00 0.00000000e+00 2.91322522e-13
 0.00000000e+00 0.00000000e+00 6.11066753e-13 0.00000000e+00
 0.00000000e+00 0.00000000e+00 0.00000000e+00 0.00000000e+00
 0.00000000e+00 0.00000000e+00 0.00000000e+00 0.00000000e+00
 0.00000000e+00 0.00000000e+00 0.00000000e+00 0.00000000e+00
 3.88288451e-15 0.00000000e+00 0.00000000e+00 0.00000000e+00
 0.00000000e+00 0.00000000e+00 0.00000000e+00 0.00000000e+00
 0.00000000e+00]
sweep    1  f = 38.85468269  (Delta f = 0.00245)
sweep    2  f = 38.85468205  (Delta f = 6.46e-07)
sweep    3  f = 38.85468203  (Delta f = 1.1e-08)
sweep    4  f = 38.85468202  (Delta f = 1.08e-08)
sweep    5  f = 38.85468202  (Delta f = 7.51e-10)
New op index: 16	$R_Y$[5]
Current grad: 51.593138677227344
[ 3.14159265 -3.14159261  3.14159265  3.14159265 -3.1415756   3.14159265
  3.14159265 -3.14159263  3.14159265  3.14159265  3.141567    3.14159265
  3.14159265 -3.14159265  3.14159265  0.          1.57089172  3.14159265
  3.14159265  3.14158912  0.          3.14159265 -3.14159255  3.14159265
  3.14159265  3.14159265  3.14159265  3.14159265  3.14159265  3.14159265
  3.14159265  3.14159265  3.14159265  3.14159265  3.14159265  3.14159265
  3.14159265  3.14159265  3.14159265  3.14159265  3.14159265  3.14159265
  3.14159265  3.14159265  3.14159265] 
 [0.00000000e+00 9.94759830e-14 0.00000000e+00 0.00000000e+00
 2.31303865e-10 0.00000000e+00 0.00000000e+00 2.84217094e-14
 0.00000000e+00 0.00000000e+00 5.24141175e-10 0.00000000e+00
 0.00000000e+00 0.00000000e+00 0.00000000e+00 3.43082250e-16
 5.15881265e+01 0.00000000e+00 0.00000000e+00 9.95425964e-12
 1.84927975e-28 0.00000000e+00 5.40012479e-13 0.00000000e+00
 0.00000000e+00 0.00000000e+00 0.00000000e+00 0.00000000e+00
 0.00000000e+00 0.00000000e+00 0.00000000e+00 0.00000000e+00
 0.00000000e+00 0.00000000e+00 0.00000000e+00 0.00000000e+00
 0.00000000e+00 0.00000000e+00 0.00000000e+00 0.00000000e+00
 0.00000000e+00 0.00000000e+00 0.00000000e+00 0.00000000e+00
 0.00000000e+00]
sweep    1  f = -12.73469388  (Delta f = 0.00125)
sweep    2  f = -12.73469388  (Delta f = 4.97e-11)
New op index: 4	$R_Y$[1]
Current grad: 1.5320725577943576e-05
[ 3.14159265  3.1415926   0.          3.14159265  3.14159254  0.
  3.14159265  3.14159261  0.          3.14159265  3.14159264  0.
  3.14159265 -3.14159265  3.14159265  3.14159265  3.14159264  3.14159265
  3.14159265  3.14159261  0.          3.14159265  3.14159265  3.14159265
  3.14159265  3.14159265  0.          3.14159265  3.14159265  0.
  3.14159265  3.14159265  0.          3.14159265  3.14159265  0.
  3.14159265  3.14159265  3.14159265  3.14159265  3.14159265  0.
  3.14159265  3.14159265  0.        ] 
 [0.00000000e+00 7.81597009e-14 1.74611395e-15 0.00000000e+00
 3.33955086e-13 6.41984306e-15 0.00000000e+00 4.26325641e-14
 1.52273997e-15 0.00000000e+00 7.10542736e-15 1.58669866e-15
 0.00000000e+00 0.00000000e+00 0.00000000e+00 0.00000000e+00
 7.10542736e-15 0.00000000e+00 0.00000000e+00 4.97379915e-14
 4.60689769e-15 0.00000000e+00 0.00000000e+00 0.00000000e+00
 0.00000000e+00 0.00000000e+00 8.16595701e-15 0.00000000e+00
 0.00000000e+00 7.94258302e-15 0.00000000e+00 0.00000000e+00
 3.10943862e-15 0.00000000e+00 0.00000000e+00 1.47637340e-15
 0.00000000e+00 0.00000000e+00 0.00000000e+00 0.00000000e+00
 0.00000000e+00 4.06985744e-15 0.00000000e+00 0.00000000e+00
 4.29323142e-15]
Precision cutoff reached.
Calculating energies for FreeWilson2D(N_x=2, N_y=2, mass=1.347, r=1.000)
h_im: 0.0
New op index: 10	$R_Y$[3]
Current grad: 11.387755102040803
[ 3.14159265  1.57079633  3.14159265  3.14159265 -1.57079633  3.14159265
  3.14159265  1.57079633  3.14159265  3.14159265 -1.28045873  0.
  3.14159265 -1.28045873  0.          3.14159265  1.57079633  3.14159265
  3.14159265 -1.57079633  3.14159265  3.14159265  1.57079633  3.14159265
  3.14159265  3.14159265  3.14159265  3.14159265  3.14159265  3.14159265
  3.14159265  0.          0.          3.14159265  3.14159265  3.14159265
  3.14159265  0.          0.          3.14159265  3.14159265  3.14159265
  3.14159265  3.14159265  3.14159265] 
 [0.         1.67346939 0.         0.         1.17346939 0.
 0.         1.17346939 0.         0.         2.246568   1.
 0.         2.246568   1.         0.         1.17346939 0.
 0.         1.17346939 0.         0.         1.67346939 0.
 0.         0.         0.         0.         0.         0.
 0.         1.         1.         0.         0.         0.
 0.         1.         1.         0.         0.         0.
 0.         0.         0.        ]
sweep    1  f = 198.253432  (Delta f = -3.13e-13)
New op index: 7	$R_Y$[2]
Current grad: 337.1890827284484
[ 3.14159265  1.57079633  3.14159265  3.14159265  1.57079633  3.14159265
  3.14159265  1.57079633  3.14159265  3.14159265 -3.14159265  3.14159265
  3.14159265  1.57392468  3.14159265  3.14159265  1.57079633  3.14159265
  3.14159265  1.57079633  0.          0.          1.57079633  3.14159265
  3.14159265  3.14159265  3.14159265  3.14159265  3.14159265  3.14159265
  3.14159265  3.14159265  3.14159265  3.14159265  3.14159265  0.
  3.14159265  3.14159265  3.14159265  3.14159265  3.14159265  3.14159265
  3.14159265  3.14159265  3.14159265] 
 [0.00000000e+00 4.95808335e+01 0.00000000e+00 0.00000000e+00
 4.67338948e+01 0.00000000e+00 0.00000000e+00 4.97239714e+01
 0.00000000e+00 0.00000000e+00 0.00000000e+00 0.00000000e+00
 0.00000000e+00 4.56119072e+01 0.00000000e+00 0.00000000e+00
 4.90808335e+01 0.00000000e+00 0.00000000e+00 4.67338948e+01
 1.38777878e-17 5.63891337e-16 4.95808335e+01 0.00000000e+00
 0.00000000e+00 0.00000000e+00 0.00000000e+00 0.00000000e+00
 0.00000000e+00 0.00000000e+00 0.00000000e+00 0.00000000e+00
 0.00000000e+00 0.00000000e+00 0.00000000e+00 1.38777878e-17
 0.00000000e+00 0.00000000e+00 0.00000000e+00 0.00000000e+00
 0.00000000e+00 0.00000000e+00 0.00000000e+00 0.00000000e+00
 0.00000000e+00]
sweep    1  f = 146.643386  (Delta f = 1.89)
sweep    2  f = 146.643386  (Delta f = 0)
New op index: 4	$R_Y$[1]
Current grad: 9.04081952815898
[ 3.14159265  1.57079633  3.14159265  3.14159265 -1.57654511  3.14159265
  3.14159265 -3.14159261  3.14159265  3.14159265 -3.14159263  3.14159265
  3.14159265 -1.57654511  3.14159265  0.          1.57079633  3.14159265
  0.         -1.57079633  0.          0.          1.57079633  3.14159265
  3.14159265  3.14159265  3.14159265  3.14159265  3.14159265  3.14159265
  3.14159265  3.14159265  3.14159265  3.14159265  3.14159265  3.14159265
  0.          3.14159265  3.14159265  0.          0.          0.
  0.          0.          0.        ] 
 [0.00000000e+00 1.66410926e+00 0.00000000e+00 0.00000000e+00
 1.67318302e+00 0.00000000e+00 0.00000000e+00 4.26325641e-14
 0.00000000e+00 0.00000000e+00 1.42108547e-14 0.00000000e+00
 0.00000000e+00 1.67318298e+00 0.00000000e+00 2.95976997e-15
 1.16410926e+00 0.00000000e+00 1.62068442e-15 1.18282952e+00
 3.25738404e-17 7.09053247e-15 1.66410926e+00 0.00000000e+00
 0.00000000e+00 0.00000000e+00 0.00000000e+00 0.00000000e+00
 0.00000000e+00 0.00000000e+00 0.00000000e+00 0.00000000e+00
 0.00000000e+00 0.00000000e+00 0.00000000e+00 0.00000000e+00
 2.24503668e-15 0.00000000e+00 0.00000000e+00 2.23121216e-15
 2.26378600e-15 2.29373108e-17 6.37161119e-15 6.45005965e-15
 2.29373108e-17]
sweep    1  f = 144.9025021  (Delta f = 0.0677)
sweep    2  f = 144.9025021  (Delta f = 6.34e-12)
New op index: 22	$R_Y$[7]
Current grad: 240.711663709805
[ 3.14159265  1.57084704  3.14159265  3.14159265  3.14159135  3.14159265
  3.14159265  3.14159244  3.14159265  3.14159265 -3.14158674  3.14159265
  3.14159265  1.57394557  3.14159265  3.14159265  1.57079633  3.14159265
  3.14159265  1.57079633  3.14159265  0.          1.57079633  3.14159265
  3.14159265  3.14159265  3.14159265  3.14159265  3.14159265  3.14159265
  3.14159265  3.14159265  3.14159265  3.14159265  3.14159265  3.14159265
  3.14159265  3.14159265  3.14159265  3.14159265  3.14159265  3.14159265
  3.14159265  3.14159265  3.14159265] 
 [0.00000000e+00 4.94781113e+01 0.00000000e+00 0.00000000e+00
 3.28093108e-12 0.00000000e+00 0.00000000e+00 2.17426077e-12
 0.00000000e+00 0.00000000e+00 3.12627702e-11 0.00000000e+00
 0.00000000e+00 4.59910187e+01 0.00000000e+00 0.00000000e+00
 4.89806205e+01 0.00000000e+00 0.00000000e+00 4.66336817e+01
 0.00000000e+00 5.77149458e-16 4.94806205e+01 0.00000000e+00
 0.00000000e+00 0.00000000e+00 0.00000000e+00 0.00000000e+00
 0.00000000e+00 0.00000000e+00 0.00000000e+00 0.00000000e+00
 0.00000000e+00 0.00000000e+00 0.00000000e+00 0.00000000e+00
 0.00000000e+00 0.00000000e+00 0.00000000e+00 0.00000000e+00
 0.00000000e+00 0.00000000e+00 0.00000000e+00 0.00000000e+00
 0.00000000e+00]
sweep    1  f = 93.30128415  (Delta f = 2.12)
sweep    2  f = 93.30128415  (Delta f = 6.71e-12)
New op index: 19	$R_Y$[6]
Current grad: 6.189044268890436
[ 3.14159265  1.57368737  3.14159265  3.14159265  3.14159263  3.14159265
  3.14159265 -3.1415926   3.14159265  3.14159265  3.14159265  3.14159265
  0.         -1.57369601  3.14159265  0.          1.57079633  0.
  3.14159265 -1.57079633  0.          3.14159265 -3.14159264  3.14159265
  3.14159265  3.14159265  3.14159265  3.14159265  3.14159265  3.14159265
  3.14159265  3.14159265  3.14159265  3.14159265  3.14159265  3.14159265
  0.          3.14159265  3.14159265  3.14159265  3.14159265  0.
  3.14159265  3.14159265  0.        ] 
 [0.00000000e+00 1.66863766e+00 0.00000000e+00 0.00000000e+00
 7.10542736e-15 0.00000000e+00 0.00000000e+00 6.39488462e-14
 0.00000000e+00 0.00000000e+00 0.00000000e+00 0.00000000e+00
 2.77355635e-15 1.66380066e+00 0.00000000e+00 3.88513340e-15
 1.17346875e+00 8.67360633e-19 0.00000000e+00 1.67347003e+00
 4.84951430e-17 0.00000000e+00 7.10542736e-15 0.00000000e+00
 0.00000000e+00 0.00000000e+00 0.00000000e+00 0.00000000e+00
 0.00000000e+00 0.00000000e+00 0.00000000e+00 0.00000000e+00
 0.00000000e+00 0.00000000e+00 0.00000000e+00 0.00000000e+00
 7.67497350e-15 0.00000000e+00 0.00000000e+00 0.00000000e+00
 0.00000000e+00 4.93625036e-17 0.00000000e+00 0.00000000e+00
 4.84951420e-17]
sweep    1  f = 91.55430681  (Delta f = 0.0735)
sweep    2  f = 91.55430681  (Delta f = 2.7e-11)
New op index: 1	$R_Y$[0]
Current grad: 145.09446291673495
[ 3.14159265  1.57084704  3.14159265  3.14159265 -3.14159041  3.14159265
  3.14159265  3.14159248  3.14159265  3.14159265  3.14159131  3.14159265
  0.          1.57394678  3.14159265  3.14159265  1.57084711  3.14159265
  3.14159265  3.14159048  0.          3.14159265  3.14159232  3.14159265
  3.14159265  3.14159265  3.14159265  3.14159265  3.14159265  3.14159265
  3.14159265  3.14159265  3.14159265  3.14159265  3.14159265  3.14159265
  3.14159265  3.14159265  3.14159265  3.14159265  3.14159265  3.14159265
  3.14159265  3.14159265  3.14159265] 
 [0.00000000e+00 4.94771334e+01 0.00000000e+00 0.00000000e+00
 9.61630775e-12 0.00000000e+00 0.00000000e+00 1.53477231e-12
 0.00000000e+00 0.00000000e+00 1.61293201e-12 0.00000000e+00
 4.24313539e-15 4.59899884e+01 0.00000000e+00 0.00000000e+00
 4.94771308e+01 0.00000000e+00 0.00000000e+00 9.12692144e-12
 1.53970933e-23 0.00000000e+00 5.62749847e-12 0.00000000e+00
 0.00000000e+00 0.00000000e+00 0.00000000e+00 0.00000000e+00
 0.00000000e+00 0.00000000e+00 0.00000000e+00 0.00000000e+00
 0.00000000e+00 0.00000000e+00 0.00000000e+00 0.00000000e+00
 0.00000000e+00 0.00000000e+00 0.00000000e+00 0.00000000e+00
 0.00000000e+00 0.00000000e+00 0.00000000e+00 0.00000000e+00
 0.00000000e+00]
sweep    1  f = 39.95434538  (Delta f = 2.12)
sweep    2  f = 39.95434538  (Delta f = 2.98e-13)
New op index: 13	$R_Y$[4]
Current grad: 3.34695478637377
[ 3.14159265  3.1415926   3.14159265  3.14159265 -3.1415926   3.14159265
  3.14159265 -3.14159264  3.14159265  3.14159265  3.14159264  3.14159265
  3.14159265 -1.57368763  3.14159265  0.          1.57368735  3.14159265
  3.14159265 -3.1415925   3.14159265  3.14159265  3.14159263  3.14159265
  3.14159265  3.14159265  3.14159265  3.14159265  3.14159265  3.14159265
  3.14159265  3.14159265  3.14159265  3.14159265  3.14159265  3.14159265
  3.14159265  3.14159265  3.14159265  3.14159265  3.14159265  3.14159265
  3.14159265  3.14159265  3.14159265] 
 [0.00000000e+00 7.81597009e-14 0.00000000e+00 0.00000000e+00
 7.10542736e-14 0.00000000e+00 0.00000000e+00 7.10542736e-15
 0.00000000e+00 0.00000000e+00 7.10542736e-15 0.00000000e+00
 0.00000000e+00 1.66863852e+00 0.00000000e+00 4.61866954e-15
 1.66863757e+00 0.00000000e+00 0.00000000e+00 6.11066753e-13
 0.00000000e+00 0.00000000e+00 7.10542736e-15 0.00000000e+00
 0.00000000e+00 0.00000000e+00 0.00000000e+00 0.00000000e+00
 0.00000000e+00 0.00000000e+00 0.00000000e+00 0.00000000e+00
 0.00000000e+00 0.00000000e+00 0.00000000e+00 0.00000000e+00
 0.00000000e+00 0.00000000e+00 0.00000000e+00 0.00000000e+00
 0.00000000e+00 0.00000000e+00 0.00000000e+00 0.00000000e+00
 0.00000000e+00]
sweep    1  f = 38.28325604  (Delta f = 0.00245)
sweep    2  f = 38.28325543  (Delta f = 6.1e-07)
sweep    3  f = 38.28325543  (Delta f = 5.78e-09)
New op index: 16	$R_Y$[5]
Current grad: 51.67472262160567
[ 3.14159265  3.14159248  3.14159265  3.14159265 -3.14158967  3.14159265
  3.14159265 -3.14159258  3.14159265  3.14159265  3.14158809  3.14159265
  3.14159265 -3.14159265  3.14159265  0.          1.57089149  3.14159265
  3.14159265 -3.1415888   0.          3.14159265 -3.14159265  3.14159265
  3.14159265  3.14159265  3.14159265  3.14159265  3.14159265  3.14159265
  3.14159265  3.14159265  3.14159265  3.14159265  3.14159265  3.14159265
  3.14159265  3.14159265  3.14159265  3.14159265  3.14159265  3.14159265
  3.14159265  3.14159265  3.14159265] 
 [0.00000000e+00 1.50635060e-12 0.00000000e+00 0.00000000e+00
 7.45337125e-12 0.00000000e+00 0.00000000e+00 2.55795385e-13
 0.00000000e+00 0.00000000e+00 1.74089632e-11 0.00000000e+00
 0.00000000e+00 0.00000000e+00 0.00000000e+00 4.94138771e-15
 5.16697612e+01 0.00000000e+00 0.00000000e+00 1.24493749e-11
 1.21066013e-27 0.00000000e+00 0.00000000e+00 0.00000000e+00
 0.00000000e+00 0.00000000e+00 0.00000000e+00 0.00000000e+00
 0.00000000e+00 0.00000000e+00 0.00000000e+00 0.00000000e+00
 0.00000000e+00 0.00000000e+00 0.00000000e+00 0.00000000e+00
 0.00000000e+00 0.00000000e+00 0.00000000e+00 0.00000000e+00
 0.00000000e+00 0.00000000e+00 0.00000000e+00 0.00000000e+00
 0.00000000e+00]
sweep    1  f = -13.3877551  (Delta f = 0.00125)
sweep    2  f = -13.3877551  (Delta f = 4.34e-11)
New op index: 7	$R_Y$[2]
Current grad: 7.987079064562074e-06
[ 3.14159265  3.14159264  0.          3.14159265 -3.14159264  0.
  3.14159265  3.14159262  0.          3.14159265 -3.14159265  0.
  3.14159265 -3.14159265  0.          3.14159265 -3.14159265  0.
  3.14159265 -3.14159261  0.          3.14159265 -3.14159262  0.
  3.14159265  3.14159265  0.          3.14159265  3.14159265  0.
  3.14159265  3.14159265  0.          3.14159265  3.14159265  0.
  3.14159265  3.14159265  0.          3.14159265  3.14159265  0.
  3.14159265  3.14159265  0.        ] 
 [0.00000000e+00 0.00000000e+00 7.32854905e-16 0.00000000e+00
 7.10542736e-15 7.16759224e-16 0.00000000e+00 4.26325641e-14
 5.56409214e-16 0.00000000e+00 0.00000000e+00 1.07326119e-16
 0.00000000e+00 0.00000000e+00 3.19933844e-16 0.00000000e+00
 0.00000000e+00 2.84453387e-16 0.00000000e+00 3.55271368e-14
 9.29366949e-16 0.00000000e+00 2.84217094e-14 4.60899078e-16
 0.00000000e+00 0.00000000e+00 1.44961413e-15 0.00000000e+00
 0.00000000e+00 1.27316844e-15 0.00000000e+00 0.00000000e+00
 6.63735333e-16 0.00000000e+00 0.00000000e+00 3.61016137e-16
 0.00000000e+00 0.00000000e+00 6.04387231e-16 0.00000000e+00
 0.00000000e+00 1.21382034e-15 0.00000000e+00 0.00000000e+00
 1.39026603e-15]
Precision cutoff reached.
Calculating energies for FreeWilson2D(N_x=2, N_y=2, mass=1.510, r=1.000)
h_im: 0.0
New op index: 10	$R_Y$[3]
Current grad: 12.0408163265306
[ 3.14159265  1.57079633  3.14159265  3.14159265 -1.57079633  3.14159265
  3.14159265  1.57079633  3.14159265  3.14159265 -1.29326472  0.
  3.14159265 -1.29326472  0.          3.14159265  1.57079633  3.14159265
  3.14159265 -1.57079633  3.14159265  3.14159265  1.57079633  3.14159265
  3.14159265  3.14159265  3.14159265  3.14159265  3.14159265  3.14159265
  3.14159265  0.          0.          3.14159265  3.14159265  3.14159265
  3.14159265  0.          0.          3.14159265  3.14159265  3.14159265
  3.14159265  3.14159265  3.14159265] 
 [0.         1.75510204 0.         0.         1.25510204 0.
 0.         1.25510204 0.         0.         2.32493375 1.
 0.         2.32493375 1.         0.         1.25510204 0.
 0.         1.25510204 0.         0.         1.75510204 0.
 0.         0.         0.         0.         0.         0.
 0.         1.         1.         0.         0.         0.
 0.         1.         1.         0.         0.         0.
 0.         0.         0.        ]
sweep    1  f = 198.1750663  (Delta f = -2.84e-14)
New op index: 7	$R_Y$[2]
Current grad: 338.5183581415513
[3.14159265 1.57079633 3.14159265 3.14159265 1.57079633 3.14159265
 3.14159265 1.57079633 3.14159265 3.14159265 3.14159265 3.14159265
 0.         1.57378408 3.14159265 3.14159265 1.57079633 3.14159265
 0.         1.57079633 3.14159265 3.14159265 1.57079633 3.14159265
 3.14159265 3.14159265 3.14159265 3.14159265 3.14159265 3.14159265
 3.14159265 3.14159265 3.14159265 3.14159265 3.14159265 3.14159265
 3.14159265 3.14159265 3.14159265 3.14159265 3.14159265 3.14159265
 3.14159265 3.14159265 3.14159265] 
 [0.00000000e+00 4.98418352e+01 0.00000000e+00 0.00000000e+00
 4.68316311e+01 0.00000000e+00 0.00000000e+00 4.99788265e+01
 0.00000000e+00 0.00000000e+00 0.00000000e+00 0.00000000e+00
 1.94855470e-16 4.57139772e+01 0.00000000e+00 0.00000000e+00
 4.93418352e+01 0.00000000e+00 2.81747415e-15 4.68316311e+01
 0.00000000e+00 0.00000000e+00 4.98418352e+01 0.00000000e+00
 0.00000000e+00 0.00000000e+00 0.00000000e+00 0.00000000e+00
 0.00000000e+00 0.00000000e+00 0.00000000e+00 0.00000000e+00
 0.00000000e+00 0.00000000e+00 0.00000000e+00 0.00000000e+00
 0.00000000e+00 0.00000000e+00 0.00000000e+00 0.00000000e+00
 0.00000000e+00 0.00000000e+00 0.00000000e+00 0.00000000e+00
 0.00000000e+00]
sweep    1  f = 146.4801359  (Delta f = 1.72)
sweep    2  f = 146.4801359  (Delta f = 0)
New op index: 4	$R_Y$[1]
Current grad: 9.530612430324103
[ 3.14159265  1.57079633  3.14159265  3.14159265 -1.5762706   3.14159265
  3.14159265 -3.14159265  3.14159265  3.14159265 -3.14159265  3.14159265
  0.         -1.5762706   3.14159265  0.          1.57079633  0.
  0.         -1.57079633  0.          3.14159265  1.57079633  0.
  3.14159265  3.14159265  3.14159265  3.14159265  3.14159265  3.14159265
  3.14159265  3.14159265  3.14159265  3.14159265  3.14159265  3.14159265
  0.          3.14159265  3.14159265  0.          0.          0.
  3.14159265  3.14159265  0.        ] 
 [0.00000000e+00 1.74577139e+00 0.00000000e+00 0.00000000e+00
 1.75480005e+00 0.00000000e+00 0.00000000e+00 0.00000000e+00
 0.00000000e+00 0.00000000e+00 0.00000000e+00 0.00000000e+00
 9.46820367e-32 1.75480005e+00 0.00000000e+00 4.16673498e-15
 1.24577139e+00 2.77555756e-17 3.39864191e-18 1.26443269e+00
 1.38777878e-17 0.00000000e+00 1.74577139e+00 2.77555756e-17
 0.00000000e+00 0.00000000e+00 0.00000000e+00 0.00000000e+00
 0.00000000e+00 0.00000000e+00 0.00000000e+00 0.00000000e+00
 0.00000000e+00 0.00000000e+00 0.00000000e+00 0.00000000e+00
 4.16673498e-15 0.00000000e+00 0.00000000e+00 2.75459927e-15
 2.74072148e-15 4.16333634e-17 0.00000000e+00 0.00000000e+00
 4.16333634e-17]
sweep    1  f = 144.6610348  (Delta f = 0.0643)
sweep    2  f = 144.6610348  (Delta f = 6.82e-13)
New op index: 22	$R_Y$[7]
Current grad: 241.70285579824076
[ 3.14159265  1.57084664  3.14159265  3.14159265 -3.14159243  3.14159265
  3.14159265 -3.14159259  3.14159265  3.14159265  3.14159252  3.14159265
  3.14159265  1.57380702  3.14159265  0.          1.57079633  3.14159265
  0.          1.57079633  0.          0.          1.57079633  3.14159265
  3.14159265  3.14159265  3.14159265  3.14159265  3.14159265  3.14159265
  3.14159265  3.14159265  3.14159265  3.14159265  3.14159265  3.14159265
  3.14159265  3.14159265  3.14159265  0.          0.          0.
  0.          0.          0.        ] 
 [0.00000000e+00 4.97416674e+01 0.00000000e+00 0.00000000e+00
 9.10382880e-14 0.00000000e+00 0.00000000e+00 2.13162821e-13
 0.00000000e+00 0.00000000e+00 1.68753900e-14 0.00000000e+00
 0.00000000e+00 4.60973774e+01 0.00000000e+00 2.89605686e-15
 4.92441702e+01 0.00000000e+00 2.90167515e-15 4.67339661e+01
 7.79593905e-18 1.36918983e-14 4.97441702e+01 0.00000000e+00
 0.00000000e+00 0.00000000e+00 0.00000000e+00 0.00000000e+00
 0.00000000e+00 0.00000000e+00 0.00000000e+00 0.00000000e+00
 0.00000000e+00 0.00000000e+00 0.00000000e+00 0.00000000e+00
 0.00000000e+00 0.00000000e+00 0.00000000e+00 6.16726220e-15
 6.16721767e-15 2.61369221e-19 1.69833659e-14 1.69772092e-14
 6.46260331e-18]
sweep    1  f = 92.97476117  (Delta f = 1.94)
sweep    2  f = 92.97476117  (Delta f = 3.78e-12)
New op index: 19	$R_Y$[6]
Current grad: 6.515594053571798
[ 3.14159265  1.57354852  3.14159265  3.14159265 -3.14159255  3.14159265
  3.14159265  3.14159256  3.14159265  3.14159265 -3.14159264  3.14159265
  0.         -1.57355639  3.14159265  0.          1.57079633  0.
  0.         -1.57079633  0.          3.14159265  3.14159256  0.
  3.14159265  3.14159265  3.14159265  3.14159265  3.14159265  3.14159265
  3.14159265  3.14159265  3.14159265  3.14159265  3.14159265  3.14159265
  0.          3.14159265  3.14159265  0.          0.          0.
  3.14159265  3.14159265  0.        ] 
 [0.00000000e+00 1.75027761e+00 0.00000000e+00 0.00000000e+00
 2.77111667e-13 0.00000000e+00 0.00000000e+00 2.27373675e-13
 0.00000000e+00 0.00000000e+00 7.10542736e-15 0.00000000e+00
 1.20580209e-14 1.74544836e+00 0.00000000e+00 7.77262686e-15
 1.25510135e+00 4.65925232e-24 2.34355529e-15 1.75510268e+00
 4.17262104e-17 0.00000000e+00 2.41584530e-13 5.48658439e-24
 0.00000000e+00 0.00000000e+00 0.00000000e+00 0.00000000e+00
 0.00000000e+00 0.00000000e+00 0.00000000e+00 0.00000000e+00
 0.00000000e+00 0.00000000e+00 0.00000000e+00 0.00000000e+00
 1.91552023e-14 0.00000000e+00 0.00000000e+00 9.44073606e-15
 9.38522523e-15 4.17262151e-17 0.00000000e+00 0.00000000e+00
 4.17262159e-17]
sweep    1  f = 91.14957754  (Delta f = 0.0701)
sweep    2  f = 91.14957754  (Delta f = 4.85e-12)
New op index: 1	$R_Y$[0]
Current grad: 145.72251619718946
[ 3.14159265  1.57084664  3.14159265  3.14159265  3.14159236  3.14159265
  3.14159265  3.14159263  3.14159265  3.14159265  3.14158886  3.14159265
  0.          1.57380808  3.14159265  3.14159265  1.57084671  3.14159265
  3.14159265  3.141592    0.          3.14159265 -3.14159261  3.14159265
  3.14159265  3.14159265  3.14159265  3.14159265  3.14159265  3.14159265
  3.14159265  3.14159265  3.14159265  3.14159265  3.14159265  3.14159265
  3.14159265  3.14159265  3.14159265  3.14159265  3.14159265  3.14159265
  3.14159265  3.14159265  3.14159265] 
 [0.00000000e+00 4.97409297e+01 0.00000000e+00 0.00000000e+00
 1.62980740e-13 0.00000000e+00 0.00000000e+00 1.42108547e-14
 0.00000000e+00 0.00000000e+00 1.33724143e-11 0.00000000e+00
 3.42200697e-15 4.60965930e+01 0.00000000e+00 0.00000000e+00
 4.97409264e+01 0.00000000e+00 0.00000000e+00 8.15347789e-13
 6.08713693e-23 0.00000000e+00 9.94759830e-14 0.00000000e+00
 0.00000000e+00 0.00000000e+00 0.00000000e+00 0.00000000e+00
 0.00000000e+00 0.00000000e+00 0.00000000e+00 0.00000000e+00
 0.00000000e+00 0.00000000e+00 0.00000000e+00 0.00000000e+00
 0.00000000e+00 0.00000000e+00 0.00000000e+00 0.00000000e+00
 0.00000000e+00 0.00000000e+00 0.00000000e+00 0.00000000e+00
 0.00000000e+00]
sweep    1  f = 39.46455709  (Delta f = 1.94)
sweep    2  f = 39.46455709  (Delta f = 2.09e-12)
New op index: 13	$R_Y$[4]
Current grad: 3.5102371179274656
[ 3.14159265 -3.14159243  0.          3.14159265  3.14159259  3.14159265
  3.14159265 -3.14159262  0.          3.14159265  3.14159264  3.14159265
  3.14159265 -1.57354881  3.14159265  0.          1.57354862  3.14159265
  3.14159265  3.14159263  3.14159265  3.14159265 -3.14159238  3.14159265
  3.14159265  3.14159265  3.14159265  3.14159265  3.14159265  3.14159265
  3.14159265  3.14159265  3.14159265  3.14159265  3.14159265  3.14159265
  0.          3.14159265  3.14159265  3.14159265  3.14159265  3.14159265
  3.14159265  3.14159265  3.14159265] 
 [0.00000000e+00 1.23634436e-12 7.54881054e-15 0.00000000e+00
 9.23705556e-14 0.00000000e+00 0.00000000e+00 3.55271368e-14
 7.54881054e-15 0.00000000e+00 7.10542736e-15 0.00000000e+00
 0.00000000e+00 1.75027831e+00 0.00000000e+00 3.02466122e-15
 1.75027760e+00 0.00000000e+00 0.00000000e+00 1.42108547e-14
 0.00000000e+00 0.00000000e+00 1.99662509e-12 0.00000000e+00
 0.00000000e+00 0.00000000e+00 0.00000000e+00 0.00000000e+00
 0.00000000e+00 0.00000000e+00 0.00000000e+00 0.00000000e+00
 0.00000000e+00 0.00000000e+00 0.00000000e+00 0.00000000e+00
 2.19076956e-15 0.00000000e+00 0.00000000e+00 0.00000000e+00
 0.00000000e+00 0.00000000e+00 0.00000000e+00 0.00000000e+00
 0.00000000e+00]
sweep    1  f = 37.71182936  (Delta f = 0.00245)
sweep    2  f = 37.71182883  (Delta f = 5.32e-07)
sweep    3  f = 37.71182883  (Delta f = 3.18e-09)
New op index: 16	$R_Y$[5]
Current grad: 51.75676037369881
[ 3.14159265 -3.1415926   3.14159265  3.14159265  3.14157781  0.
  3.14159265 -3.14159252  3.14159265  3.14159265  3.14156976  0.
  3.14159265 -3.14159265  3.14159265  3.14159265  1.57089123  3.14159265
  3.14159265  3.14158544  3.14159265  3.14159265  3.14158918  3.14159265
  3.14159265  3.14159265  3.14159265  3.14159265  3.14159265  3.14159265
  3.14159265  3.14159265  3.14159265  3.14159265  3.14159265  0.
  3.14159265  3.14159265  3.14159265  3.14159265  3.14159265  3.14159265
  3.14159265  3.14159265  3.14159265] 
 [0.00000000e+00 1.70530257e-13 0.00000000e+00 0.00000000e+00
 1.93174809e-10 1.89166326e-10 0.00000000e+00 8.95283847e-13
 0.00000000e+00 0.00000000e+00 4.60228744e-10 4.78319495e-11
 0.00000000e+00 0.00000000e+00 0.00000000e+00 0.00000000e+00
 5.17513968e+01 0.00000000e+00 0.00000000e+00 4.56579219e-11
 0.00000000e+00 0.00000000e+00 6.14392093e-10 0.00000000e+00
 0.00000000e+00 0.00000000e+00 0.00000000e+00 0.00000000e+00
 0.00000000e+00 0.00000000e+00 0.00000000e+00 0.00000000e+00
 0.00000000e+00 0.00000000e+00 0.00000000e+00 1.89166326e-10
 0.00000000e+00 0.00000000e+00 0.00000000e+00 0.00000000e+00
 0.00000000e+00 0.00000000e+00 0.00000000e+00 0.00000000e+00
 0.00000000e+00]
sweep    1  f = -14.04081633  (Delta f = 0.00125)
sweep    2  f = -14.04081633  (Delta f = 4.33e-11)
New op index: 1	$R_Y$[0]
Current grad: 1.360651562311049e-05
[ 3.14159265 -3.14159256  3.14159265  3.14159265 -3.14159261  3.14159265
  3.14159265  3.14159264  3.14159265  3.14159265 -3.14159265  0.
  3.14159265 -3.14159265  3.14159265  3.14159265 -3.14159264  0.
  3.14159265  3.14159264  3.14159265  3.14159265 -3.14159257  3.14159265
  3.14159265  3.14159265  3.14159265  3.14159265  3.14159265  3.14159265
  3.14159265  3.14159265  3.14159265  3.14159265  3.14159265  0.
  3.14159265  3.14159265  0.          3.14159265  3.14159265  3.14159265
  3.14159265  3.14159265  3.14159265] 
 [0.00000000e+00 2.27373675e-13 0.00000000e+00 0.00000000e+00
 5.68434189e-14 0.00000000e+00 0.00000000e+00 7.10542736e-15
 0.00000000e+00 0.00000000e+00 0.00000000e+00 2.21973283e-16
 0.00000000e+00 0.00000000e+00 0.00000000e+00 0.00000000e+00
 7.10542736e-15 7.88280219e-16 0.00000000e+00 7.10542736e-15
 0.00000000e+00 0.00000000e+00 1.70530257e-13 0.00000000e+00
 0.00000000e+00 0.00000000e+00 0.00000000e+00 0.00000000e+00
 0.00000000e+00 0.00000000e+00 0.00000000e+00 0.00000000e+00
 0.00000000e+00 0.00000000e+00 0.00000000e+00 2.03168031e-16
 0.00000000e+00 0.00000000e+00 7.76989387e-16 0.00000000e+00
 0.00000000e+00 0.00000000e+00 0.00000000e+00 0.00000000e+00
 0.00000000e+00]
Precision cutoff reached.
Calculating energies for FreeWilson2D(N_x=2, N_y=2, mass=1.673, r=1.000)
h_im: 0.0
New op index: 10	$R_Y$[3]
Current grad: 12.693877551020396
[ 3.14159265  1.57079633  3.14159265  3.14159265 -1.57079633  3.14159265
  3.14159265  1.57079633  3.14159265  3.14159265 -1.30501442  0.
  3.14159265 -1.30501442  0.          3.14159265  1.57079633  3.14159265
  3.14159265 -1.57079633  3.14159265  3.14159265  1.57079633  3.14159265
  3.14159265  3.14159265  3.14159265  3.14159265  3.14159265  3.14159265
  3.14159265  0.          0.          3.14159265  3.14159265  3.14159265
  3.14159265  0.          0.          3.14159265  3.14159265  3.14159265
  3.14159265  3.14159265  3.14159265] 
 [0.         1.83673469 0.         0.         1.33673469 0.
 0.         1.33673469 0.         0.         2.4035741  1.
 0.         2.4035741  1.         0.         1.33673469 0.
 0.         1.33673469 0.         0.         1.83673469 0.
 0.         0.         0.         0.         0.         0.
 0.         1.         1.         0.         0.         0.
 0.         1.         1.         0.         0.         0.
 0.         0.         0.        ]
sweep    1  f = 198.0964259  (Delta f = 0)
New op index: 7	$R_Y$[2]
Current grad: 339.69621922841407
[ 3.14159265  1.57079633  3.14159265  3.14159265  1.57079633  3.14159265
  3.14159265  1.57079633  3.14159265  3.14159265 -3.14159265  3.14159265
  3.14159265  1.57365601  3.14159265  3.14159265  1.57079633  0.
  0.          1.57079633  3.14159265  3.14159265  1.57079633  0.
  3.14159265  3.14159265  3.14159265  3.14159265  3.14159265  3.14159265
  3.14159265  3.14159265  3.14159265  3.14159265  3.14159265  3.14159265
  3.14159265  3.14159265  3.14159265  0.          0.          0.
  0.          0.          0.        ] 
 [0.00000000e+00 5.00811056e+01 0.00000000e+00 0.00000000e+00
 4.69076362e+01 0.00000000e+00 0.00000000e+00 5.02124375e+01
 0.00000000e+00 0.00000000e+00 0.00000000e+00 0.00000000e+00
 0.00000000e+00 4.57940484e+01 0.00000000e+00 0.00000000e+00
 4.95811056e+01 2.77555756e-17 4.85949149e-15 4.69076362e+01
 0.00000000e+00 0.00000000e+00 5.00811056e+01 2.77555756e-17
 0.00000000e+00 0.00000000e+00 0.00000000e+00 0.00000000e+00
 0.00000000e+00 0.00000000e+00 0.00000000e+00 0.00000000e+00
 0.00000000e+00 0.00000000e+00 0.00000000e+00 0.00000000e+00
 0.00000000e+00 0.00000000e+00 0.00000000e+00 2.77555756e-15
 2.78943535e-15 1.38777878e-17 2.78943535e-15 2.77555756e-15
 1.38777878e-17]
sweep    1  f = 146.3168858  (Delta f = 1.57)
sweep    2  f = 146.3168858  (Delta f = 0)
New op index: 13	$R_Y$[4]
Current grad: 10.020410672784609
[ 3.14159265  1.57079633  3.14159265  3.14159265 -1.57602038  3.14159265
  3.14159265  3.14159262  3.14159265  3.14159265  3.14159264  3.14159265
  0.         -1.57602038  3.14159265  3.14159265  1.57079633  3.14159265
  0.         -1.57079633  0.          0.          1.57079633  3.14159265
  3.14159265  3.14159265  3.14159265  3.14159265  3.14159265  3.14159265
  3.14159265  3.14159265  3.14159265  3.14159265  3.14159265  3.14159265
  3.14159265  3.14159265  3.14159265  3.14159265  3.14159265  3.14159265
  0.          0.          3.14159265] 
 [0.00000000e+00 1.82743339e+00 0.00000000e+00 0.00000000e+00
 1.83641729e+00 0.00000000e+00 0.00000000e+00 3.55271368e-14
 0.00000000e+00 0.00000000e+00 7.10542736e-15 0.00000000e+00
 2.74623648e-16 1.83641733e+00 0.00000000e+00 0.00000000e+00
 1.32743339e+00 0.00000000e+00 1.73542542e-15 1.34603600e+00
 1.27712494e-17 1.26562113e-14 1.82743339e+00 0.00000000e+00
 0.00000000e+00 0.00000000e+00 0.00000000e+00 0.00000000e+00
 0.00000000e+00 0.00000000e+00 0.00000000e+00 0.00000000e+00
 0.00000000e+00 0.00000000e+00 0.00000000e+00 0.00000000e+00
 0.00000000e+00 0.00000000e+00 0.00000000e+00 0.00000000e+00
 0.00000000e+00 0.00000000e+00 1.00876779e-14 1.01859289e-14
 0.00000000e+00]
sweep    1  f = 144.4193785  (Delta f = 0.0611)
sweep    2  f = 144.4193785  (Delta f = 1.96e-12)
New op index: 1	$R_Y$[0]
Current grad: 242.61186572798312
[ 3.14159265  1.57079633  3.14159265  3.14159265  1.57367649  3.14159265
  3.14159265  3.14159261  3.14159265  3.14159265  3.14158997  3.14159265
  3.14159265 -3.14159141  3.14159265  0.          1.57084312  3.14159265
  0.          1.57079633  3.14159265  0.          1.57079633  3.14159265
  3.14159265  3.14159265  3.14159265  3.14159265  3.14159265  3.14159265
  3.14159265  3.14159265  3.14159265  3.14159265  3.14159265  3.14159265
  3.14159265  3.14159265  3.14159265  0.          3.14159265  3.14159265
  0.          0.          3.14159265] 
 [0.00000000e+00 4.99912379e+01 0.00000000e+00 0.00000000e+00
 4.61869553e+01 0.00000000e+00 0.00000000e+00 8.52651283e-14
 0.00000000e+00 0.00000000e+00 7.01394498e-12 0.00000000e+00
 0.00000000e+00 2.80531154e-12 0.00000000e+00 1.67323679e-15
 4.94891182e+01 0.00000000e+00 7.28394698e-15 4.68177686e+01
 0.00000000e+00 1.27351592e-14 4.99912379e+01 0.00000000e+00
 0.00000000e+00 0.00000000e+00 0.00000000e+00 0.00000000e+00
 0.00000000e+00 0.00000000e+00 0.00000000e+00 0.00000000e+00
 0.00000000e+00 0.00000000e+00 0.00000000e+00 0.00000000e+00
 0.00000000e+00 0.00000000e+00 0.00000000e+00 7.13919188e-15
 0.00000000e+00 0.00000000e+00 1.81994914e-14 1.82459537e-14
 0.00000000e+00]
sweep    1  f = 92.64823862  (Delta f = 1.78)
sweep    2  f = 92.64823862  (Delta f = 3.25e-12)
New op index: 22	$R_Y$[7]
Current grad: 6.34694430957933
[ 3.14159265 -3.14159264  3.14159265  3.14159265 -1.57342185  3.14159265
  3.14159265 -3.14159264  3.14159265  3.14159265  3.1415926   3.14159265
  3.14159265  3.14159263  3.14159265  0.          1.57440355  3.14159265
  3.14159265 -1.57079633  3.14159265  3.14159265  1.57079633  0.
  3.14159265  3.14159265  3.14159265  3.14159265  3.14159265  3.14159265
  3.14159265  3.14159265  3.14159265  3.14159265  3.14159265  3.14159265
  3.14159265  3.14159265  3.14159265  3.14159265  3.14159265  3.14159265
  3.14159265  3.14159265  0.        ] 
 [0.00000000e+00 0.00000000e+00 0.00000000e+00 0.00000000e+00
 1.83191930e+00 0.00000000e+00 0.00000000e+00 7.10542736e-15
 0.00000000e+00 0.00000000e+00 8.52651283e-14 0.00000000e+00
 0.00000000e+00 7.10542736e-15 0.00000000e+00 4.26412263e-15
 1.33192079e+00 0.00000000e+00 0.00000000e+00 1.33673538e+00
 0.00000000e+00 0.00000000e+00 1.83673401e+00 4.48842759e-17
 0.00000000e+00 0.00000000e+00 0.00000000e+00 0.00000000e+00
 0.00000000e+00 0.00000000e+00 0.00000000e+00 0.00000000e+00
 0.00000000e+00 0.00000000e+00 0.00000000e+00 0.00000000e+00
 0.00000000e+00 0.00000000e+00 0.00000000e+00 0.00000000e+00
 0.00000000e+00 0.00000000e+00 0.00000000e+00 0.00000000e+00
 3.95706491e-17]
sweep    1  f = 90.74832575  (Delta f = 0.0632)
sweep    2  f = 90.74832575  (Delta f = 0)
New op index: 19	$R_Y$[6]
Current grad: 147.064170289428
[ 3.14159265 -3.14159234  3.14159265  3.14159265 -1.57084271  3.14159265
  3.14159265 -3.1415912   3.14159265  3.14159265  3.14159265  3.14159265
  3.14159265 -3.14159265  3.14159265  0.         -1.57359426  3.14159265
  3.14159265 -1.57079633  0.          3.14159265  3.14159256  0.
  3.14159265  3.14159265  3.14159265  3.14159265  3.14159265  3.14159265
  3.14159265  3.14159265  3.14159265  3.14159265  3.14159265  3.14159265
  3.14159265  3.14159265  3.14159265  0.          3.14159265  3.14159265
  3.14159265  3.14159265  0.        ] 
 [0.00000000e+00 1.71418435e-13 0.00000000e+00 0.00000000e+00
 5.00827274e+01 0.00000000e+00 0.00000000e+00 2.00395256e-12
 0.00000000e+00 0.00000000e+00 0.00000000e+00 0.00000000e+00
 0.00000000e+00 0.00000000e+00 0.00000000e+00 9.83917415e-15
 4.67630415e+01 0.00000000e+00 0.00000000e+00 5.00850502e+01
 2.94899020e-17 0.00000000e+00 1.73194792e-14 6.82424005e-24
 0.00000000e+00 0.00000000e+00 0.00000000e+00 0.00000000e+00
 0.00000000e+00 0.00000000e+00 0.00000000e+00 0.00000000e+00
 0.00000000e+00 0.00000000e+00 0.00000000e+00 0.00000000e+00
 0.00000000e+00 0.00000000e+00 0.00000000e+00 3.45988210e-16
 0.00000000e+00 0.00000000e+00 0.00000000e+00 0.00000000e+00
 2.94899089e-17]
sweep    1  f = 38.97235787  (Delta f = 1.69)
sweep    2  f = 38.97235787  (Delta f = 0)
New op index: 4	$R_Y$[1]
Current grad: 3.6734928667734437
[ 3.14159265 -3.14159259  3.14159265  3.14159265 -1.57342526  3.14159265
  3.14159265 -3.14159256  3.14159265  3.14159265 -3.14159257  3.14159265
  3.14159265 -3.1415926   3.14159265  3.14159265  1.5760404   3.14159265
  3.14159265  3.14159255  3.14159265  3.14159265  3.14159259  3.14159265
  3.14159265  3.14159265  3.14159265  3.14159265  3.14159265  3.14159265
  3.14159265  3.14159265  3.14159265  3.14159265  3.14159265  3.14159265
  3.14159265  3.14159265  3.14159265  3.14159265  3.14159265  3.14159265
  3.14159265  3.14159265  3.14159265] 
 [0.00000000e+00 9.23705556e-14 0.00000000e+00 0.00000000e+00
 1.82959377e+00 0.00000000e+00 0.00000000e+00 2.13162821e-13
 0.00000000e+00 0.00000000e+00 1.91846539e-13 0.00000000e+00
 0.00000000e+00 8.52651283e-14 0.00000000e+00 0.00000000e+00
 1.82944050e+00 0.00000000e+00 0.00000000e+00 2.55795385e-13
 0.00000000e+00 0.00000000e+00 9.23705556e-14 0.00000000e+00
 0.00000000e+00 0.00000000e+00 0.00000000e+00 0.00000000e+00
 0.00000000e+00 0.00000000e+00 0.00000000e+00 0.00000000e+00
 0.00000000e+00 0.00000000e+00 0.00000000e+00 0.00000000e+00
 0.00000000e+00 0.00000000e+00 0.00000000e+00 0.00000000e+00
 0.00000000e+00 0.00000000e+00 0.00000000e+00 0.00000000e+00
 0.00000000e+00]
sweep    1  f = 37.1404027  (Delta f = 0.00236)
sweep    2  f = 37.14040223  (Delta f = 4.75e-07)
sweep    3  f = 37.14040223  (Delta f = 2.63e-09)
New op index: 16	$R_Y$[5]
Current grad: 51.83805028140098
[ 3.14159265  3.1415925   3.14159265  3.14159265 -3.14159265  3.14159265
  3.14159265  3.1415925   3.14159265  3.14159265  3.14157981  3.14159265
  3.14159265  3.14158855  0.          3.14159265  1.57089105  3.14159265
  3.14159265  3.14158901  3.14159265  3.14159265 -3.14159224  3.14159265
  3.14159265  3.14159265  3.14159265  3.14159265  3.14159265  3.14159265
  3.14159265  3.14159265  3.14159265  3.14159265  3.14159265  3.14159265
  3.14159265  3.14159265  3.14159265  3.14159265  3.14159265  3.14159265
  3.14159265  3.14159265  3.14159265] 
 [0.00000000e+00 1.12265752e-12 0.00000000e+00 0.00000000e+00
 0.00000000e+00 0.00000000e+00 0.00000000e+00 1.12265752e-12
 0.00000000e+00 0.00000000e+00 1.51546331e-10 0.00000000e+00
 0.00000000e+00 1.54605218e-11 4.91685329e-12 0.00000000e+00
 5.18330304e+01 0.00000000e+00 0.00000000e+00 1.21831434e-11
 0.00000000e+00 0.00000000e+00 8.64019967e-12 0.00000000e+00
 0.00000000e+00 0.00000000e+00 0.00000000e+00 0.00000000e+00
 0.00000000e+00 0.00000000e+00 0.00000000e+00 0.00000000e+00
 0.00000000e+00 0.00000000e+00 0.00000000e+00 0.00000000e+00
 0.00000000e+00 0.00000000e+00 0.00000000e+00 0.00000000e+00
 0.00000000e+00 0.00000000e+00 0.00000000e+00 0.00000000e+00
 0.00000000e+00]
sweep    1  f = -14.69387755  (Delta f = 0.00125)
sweep    2  f = -14.69387755  (Delta f = 5.02e-11)
New op index: 19	$R_Y$[6]
Current grad: 8.660607148780174e-06
[ 3.14159265  3.14159261  0.          3.14159265  3.14159264  0.
  3.14159265  3.14159263  0.          3.14159265  3.14159264  0.
  3.14159265  3.14159264  0.          3.14159265 -3.14159265  0.
  3.14159265  3.14159261  0.          3.14159265 -3.14159263  0.
  3.14159265  3.14159265  0.          3.14159265  3.14159265  0.
  3.14159265  3.14159265  0.          3.14159265  3.14159265  0.
  3.14159265  3.14159265  0.          3.14159265  3.14159265  0.
  3.14159265  3.14159265  0.        ] 
 [0.00000000e+00 4.97379915e-14 1.81748115e-15 0.00000000e+00
 0.00000000e+00 4.67117000e-16 0.00000000e+00 7.10542736e-15
 8.81832494e-16 0.00000000e+00 7.10542736e-15 1.87246811e-16
 0.00000000e+00 7.10542736e-15 5.83676309e-16 0.00000000e+00
 0.00000000e+00 1.99099533e-16 0.00000000e+00 5.68434189e-14
 8.63546498e-16 0.00000000e+00 1.42108547e-14 1.13474819e-15
 0.00000000e+00 0.00000000e+00 2.28459815e-15 0.00000000e+00
 0.00000000e+00 1.34894949e-15 0.00000000e+00 0.00000000e+00
 1.06907931e-15 0.00000000e+00 0.00000000e+00 5.62905946e-16
 0.00000000e+00 0.00000000e+00 7.82775842e-16 0.00000000e+00
 0.00000000e+00 1.06264603e-15 0.00000000e+00 0.00000000e+00
 1.99829469e-15]
Precision cutoff reached.
Calculating energies for FreeWilson2D(N_x=2, N_y=2, mass=1.837, r=1.000)
h_im: 0.0
New op index: 10	$R_Y$[3]
Current grad: 13.346938775510191
[ 3.14159265  1.57079633  3.14159265  3.14159265 -1.57079633  3.14159265
  3.14159265  1.57079633  3.14159265  3.14159265 -1.31583048  0.
  3.14159265 -1.31583048  0.          3.14159265  1.57079633  3.14159265
  3.14159265 -1.57079633  3.14159265  3.14159265  1.57079633  3.14159265
  3.14159265  3.14159265  3.14159265  3.14159265  3.14159265  3.14159265
  3.14159265  0.          0.          3.14159265  3.14159265  3.14159265
  3.14159265  0.          0.          3.14159265  3.14159265  3.14159265
  3.14159265  3.14159265  3.14159265] 
 [0.         1.91836735 0.         0.         1.41836735 0.
 0.         1.41836735 0.         0.         2.48245637 1.
 0.         2.48245637 1.         0.         1.41836735 0.
 0.         1.41836735 0.         0.         1.91836735 0.
 0.         0.         0.         0.         0.         0.
 0.         1.         1.         0.         0.         0.
 0.         1.         1.         0.         0.         0.
 0.         0.         0.        ]
sweep    1  f = 198.0175436  (Delta f = -1.14e-13)
New op index: 7	$R_Y$[2]
Current grad: 340.74580612272655
[3.14159265 1.57079633 3.14159265 3.14159265 1.57079633 3.14159265
 3.14159265 1.57079633 3.14159265 3.14159265 3.14159265 3.14159265
 0.         1.57353887 3.14159265 3.14159265 1.57079633 3.14159265
 0.         1.57079633 3.14159265 3.14159265 1.57079633 3.14159265
 3.14159265 3.14159265 3.14159265 3.14159265 3.14159265 3.14159265
 3.14159265 3.14159265 3.14159265 3.14159265 3.14159265 3.14159265
 3.14159265 3.14159265 3.14159265 3.14159265 3.14159265 3.14159265
 3.14159265 3.14159265 3.14159265] 
 [0.00000000e+00 5.03019629e+01 0.00000000e+00 0.00000000e+00
 4.69652282e+01 0.00000000e+00 0.00000000e+00 5.04280690e+01
 0.00000000e+00 0.00000000e+00 0.00000000e+00 0.00000000e+00
 2.09441308e-15 4.58554590e+01 0.00000000e+00 0.00000000e+00
 4.98019629e+01 0.00000000e+00 2.92028306e-15 4.69652282e+01
 0.00000000e+00 0.00000000e+00 5.03019629e+01 0.00000000e+00
 0.00000000e+00 0.00000000e+00 0.00000000e+00 0.00000000e+00
 0.00000000e+00 0.00000000e+00 0.00000000e+00 0.00000000e+00
 0.00000000e+00 0.00000000e+00 0.00000000e+00 0.00000000e+00
 0.00000000e+00 0.00000000e+00 0.00000000e+00 0.00000000e+00
 0.00000000e+00 0.00000000e+00 0.00000000e+00 0.00000000e+00
 0.00000000e+00]
sweep    1  f = 146.1536357  (Delta f = 1.44)
sweep    2  f = 146.1536357  (Delta f = 0)
New op index: 13	$R_Y$[4]
Current grad: 10.510206248540625
[ 3.14159265  1.57079633  3.14159265  3.14159265 -1.57579137  3.14159265
  3.14159265  3.14159263  0.          3.14159265  3.14159264  3.14159265
  3.14159265 -1.57579137  3.14159265  3.14159265  1.57079633  3.14159265
  0.         -1.57079633  0.          0.          1.57079633  3.14159265
  3.14159265  3.14159265  3.14159265  3.14159265  3.14159265  3.14159265
  3.14159265  3.14159265  3.14159265  3.14159265  3.14159265  3.14159265
  3.14159265  3.14159265  3.14159265  0.          0.          3.14159265
  0.          0.          3.14159265] 
 [0.00000000e+00 1.90909525e+00 0.00000000e+00 0.00000000e+00
 1.91803475e+00 0.00000000e+00 0.00000000e+00 1.42108547e-14
 4.13590306e-25 0.00000000e+00 7.10542736e-15 0.00000000e+00
 0.00000000e+00 1.91803478e+00 0.00000000e+00 0.00000000e+00
 1.40909525e+00 0.00000000e+00 9.87049251e-15 1.42763944e+00
 4.94511667e-18 6.96947107e-15 1.90909525e+00 0.00000000e+00
 0.00000000e+00 0.00000000e+00 0.00000000e+00 0.00000000e+00
 0.00000000e+00 0.00000000e+00 0.00000000e+00 0.00000000e+00
 0.00000000e+00 0.00000000e+00 0.00000000e+00 0.00000000e+00
 0.00000000e+00 0.00000000e+00 0.00000000e+00 9.11923846e-15
 9.12418358e-15 0.00000000e+00 1.73443655e-14 1.73394204e-14
 0.00000000e+00]
sweep    1  f = 144.1773768  (Delta f = 0.0582)
sweep    2  f = 144.1773768  (Delta f = 2.27e-13)
New op index: 22	$R_Y$[7]
Current grad: 243.40566325792418
[ 3.14159265  1.57079633  3.14159265  3.14159265  1.57356047  3.14159265
  3.14159265  3.14159265  3.14159265  3.14159265  3.14159175  3.14159265
  3.14159265 -3.1415924   3.14159265  3.14159265  1.57084309  3.14159265
  0.          1.57079633  3.14159265  0.          1.57079633  3.14159265
  3.14159265  3.14159265  3.14159265  3.14159265  3.14159265  3.14159265
  3.14159265  3.14159265  3.14159265  3.14159265  3.14159265  3.14159265
  3.14159265  3.14159265  3.14159265  3.14159265  3.14159265  3.14159265
  0.          0.          3.14159265] 
 [0.00000000e+00 5.02155059e+01 0.00000000e+00 0.00000000e+00
 4.62531506e+01 0.00000000e+00 0.00000000e+00 0.00000000e+00
 0.00000000e+00 0.00000000e+00 8.22897306e-13 0.00000000e+00
 0.00000000e+00 1.12798659e-13 0.00000000e+00 0.00000000e+00
 4.97123746e+01 0.00000000e+00 1.96448752e-15 4.68787712e+01
 0.00000000e+00 7.41232465e-15 5.02155059e+01 0.00000000e+00
 0.00000000e+00 0.00000000e+00 0.00000000e+00 0.00000000e+00
 0.00000000e+00 0.00000000e+00 0.00000000e+00 0.00000000e+00
 0.00000000e+00 0.00000000e+00 0.00000000e+00 0.00000000e+00
 0.00000000e+00 0.00000000e+00 0.00000000e+00 0.00000000e+00
 0.00000000e+00 0.00000000e+00 1.95709578e-15 1.97682699e-15
 0.00000000e+00]
sweep    1  f = 92.32171559  (Delta f = 1.64)
sweep    2  f = 92.32171559  (Delta f = 2.36e-12)
New op index: 19	$R_Y$[6]
Current grad: 7.168668040657423
[ 3.14159265  1.57079633  3.14159265  3.14159265 -1.57331246  3.14159265
  3.14159265  3.14159261  3.14159265  3.14159265 -3.1415926   3.14159265
  3.14159265 -3.14159254  3.14159265  0.          1.57419062  3.14159265
  3.14159265 -1.57079633  0.          3.14159265  3.14159261  0.
  3.14159265  3.14159265  3.14159265  3.14159265  3.14159265  3.14159265
  3.14159265  3.14159265  3.14159265  3.14159265  3.14159265  3.14159265
  3.14159265  3.14159265  3.14159265  3.14159265  3.14159265  3.14159265
  3.14159265  3.14159265  0.        ] 
 [0.00000000e+00 1.91836675e+00 0.00000000e+00 0.00000000e+00
 1.90874464e+00 0.00000000e+00 0.00000000e+00 4.97379915e-14
 0.00000000e+00 0.00000000e+00 7.81597009e-14 0.00000000e+00
 0.00000000e+00 3.12638804e-13 0.00000000e+00 5.58016314e-16
 1.41356049e+00 0.00000000e+00 0.00000000e+00 1.91836792e+00
 7.69439171e-17 0.00000000e+00 5.68434189e-14 3.56842808e-24
 0.00000000e+00 0.00000000e+00 0.00000000e+00 0.00000000e+00
 0.00000000e+00 0.00000000e+00 0.00000000e+00 0.00000000e+00
 0.00000000e+00 0.00000000e+00 0.00000000e+00 0.00000000e+00
 0.00000000e+00 0.00000000e+00 0.00000000e+00 0.00000000e+00
 0.00000000e+00 0.00000000e+00 0.00000000e+00 0.00000000e+00
 7.69439206e-17]
sweep    1  f = 90.33939476  (Delta f = 0.064)
sweep    2  f = 90.33939476  (Delta f = 1.19e-11)
New op index: 1	$R_Y$[0]
Current grad: 146.81094926754696
[ 3.14159265  1.57079633  3.14159265  3.14159265  1.57356134  3.14159265
  3.14159265 -3.14159244  3.14159265  3.14159265  3.14158944  3.14159265
  3.14159265  3.14159253  3.14159265  0.          1.5708923   3.14159265
  3.14159265  3.14158625  3.14159265  3.14159265 -3.1415926   3.14159265
  3.14159265  3.14159265  3.14159265  3.14159265  3.14159265  3.14159265
  3.14159265  3.14159265  3.14159265  3.14159265  3.14159265  3.14159265
  3.14159265  3.14159265  3.14159265  3.14159265  3.14159265  3.14159265
  3.14159265  3.14159265  3.14159265] 
 [0.00000000e+00 5.02150725e+01 0.00000000e+00 0.00000000e+00
 4.62526778e+01 0.00000000e+00 0.00000000e+00 2.34479103e-12
 0.00000000e+00 0.00000000e+00 1.04272146e-11 0.00000000e+00
 0.00000000e+00 2.62012634e-14 0.00000000e+00 3.53528709e-15
 5.02102569e+01 0.00000000e+00 0.00000000e+00 7.42454986e-11
 0.00000000e+00 0.00000000e+00 1.13686838e-13 0.00000000e+00
 0.00000000e+00 0.00000000e+00 0.00000000e+00 0.00000000e+00
 0.00000000e+00 0.00000000e+00 0.00000000e+00 0.00000000e+00
 0.00000000e+00 0.00000000e+00 0.00000000e+00 0.00000000e+00
 0.00000000e+00 0.00000000e+00 0.00000000e+00 0.00000000e+00
 0.00000000e+00 0.00000000e+00 0.00000000e+00 0.00000000e+00
 0.00000000e+00]
sweep    1  f = 38.48257332  (Delta f = 1.64)
sweep    2  f = 38.48257332  (Delta f = 0)
New op index: 4	$R_Y$[1]
Current grad: 3.8367523176722327
[ 3.14159265 -3.14159257  3.14159265  3.14159265 -1.57330932  3.14159265
  3.14159265 -3.14159263  3.14159265  3.14159265  3.14159261  3.14159265
  3.14159265 -3.14159258  3.14159265  3.14159265  1.57580967  3.14159265
  3.14159265 -3.14159257  0.          3.14159265  3.14159262  3.14159265
  3.14159265  3.14159265  3.14159265  3.14159265  3.14159265  3.14159265
  3.14159265  3.14159265  3.14159265  3.14159265  3.14159265  3.14159265
  3.14159265  3.14159265  3.14159265  3.14159265  3.14159265  3.14159265
  3.14159265  3.14159265  3.14159265] 
 [0.00000000e+00 1.84741111e-13 0.00000000e+00 0.00000000e+00
 1.91124097e+00 0.00000000e+00 0.00000000e+00 1.42108547e-14
 0.00000000e+00 0.00000000e+00 4.97379915e-14 0.00000000e+00
 0.00000000e+00 1.27897692e-13 0.00000000e+00 0.00000000e+00
 1.91107970e+00 0.00000000e+00 0.00000000e+00 1.91846539e-13
 5.23760474e-24 0.00000000e+00 2.84217094e-14 0.00000000e+00
 0.00000000e+00 0.00000000e+00 0.00000000e+00 0.00000000e+00
 0.00000000e+00 0.00000000e+00 0.00000000e+00 0.00000000e+00
 0.00000000e+00 0.00000000e+00 0.00000000e+00 0.00000000e+00
 0.00000000e+00 0.00000000e+00 0.00000000e+00 0.00000000e+00
 0.00000000e+00 0.00000000e+00 0.00000000e+00 0.00000000e+00
 0.00000000e+00]
sweep    1  f = 36.56897603  (Delta f = 0.00236)
sweep    2  f = 36.56897562  (Delta f = 4.04e-07)
sweep    3  f = 36.56897562  (Delta f = 1.56e-09)
New op index: 16	$R_Y$[5]
Current grad: 51.91959995656268
[ 3.14159265 -3.14159259  3.14159265  3.14159265 -3.14159265  3.14159265
  3.14159265 -3.14159263  3.14159265  3.14159265  3.1415925   3.14159265
  3.14159265 -3.14158844  3.14159265  3.14159265  1.57089082  3.14159265
  3.14159265 -3.14159248  3.14159265  3.14159265  3.14159253  3.14159265
  3.14159265  3.14159265  3.14159265  3.14159265  3.14159265  3.14159265
  3.14159265  3.14159265  3.14159265  3.14159265  3.14159265  3.14159265
  3.14159265  3.14159265  3.14159265  3.14159265  3.14159265  3.14159265
  3.14159265  3.14159265  3.14159265] 
 [0.00000000e+00 1.84741111e-13 0.00000000e+00 0.00000000e+00
 0.00000000e+00 0.00000000e+00 0.00000000e+00 1.42108547e-14
 0.00000000e+00 0.00000000e+00 2.24265051e-14 0.00000000e+00
 0.00000000e+00 1.70383707e-11 0.00000000e+00 0.00000000e+00
 5.19146652e+01 0.00000000e+00 0.00000000e+00 2.77555756e-14
 0.00000000e+00 0.00000000e+00 7.53175300e-13 0.00000000e+00
 0.00000000e+00 0.00000000e+00 0.00000000e+00 0.00000000e+00
 0.00000000e+00 0.00000000e+00 0.00000000e+00 0.00000000e+00
 0.00000000e+00 0.00000000e+00 0.00000000e+00 0.00000000e+00
 0.00000000e+00 0.00000000e+00 0.00000000e+00 0.00000000e+00
 0.00000000e+00 0.00000000e+00 0.00000000e+00 0.00000000e+00
 0.00000000e+00]
sweep    1  f = -15.34693878  (Delta f = 0.00125)
sweep    2  f = -15.34693878  (Delta f = 4.77e-11)
New op index: 22	$R_Y$[7]
Current grad: 1.0880568459953152e-05
[ 3.14159265 -3.14159264  3.14159265  3.14159265  3.14159264  3.14159265
  3.14159265 -3.14159263  0.          3.14159265  3.14159263  3.14159265
  3.14159265 -3.14159262  0.          3.14159265  3.14159265  3.14159265
  3.14159265 -3.14159261  0.          3.14159265 -3.1415926   3.14159265
  3.14159265  3.14159265  3.14159265  3.14159265  3.14159265  0.
  3.14159265  3.14159265  3.14159265  3.14159265  3.14159265  0.
  3.14159265  3.14159265  0.          3.14159265  3.14159265  0.
  3.14159265  3.14159265  0.        ] 
 [0.00000000e+00 7.10542736e-15 0.00000000e+00 0.00000000e+00
 0.00000000e+00 0.00000000e+00 0.00000000e+00 1.42108547e-14
 3.85801707e-16 0.00000000e+00 1.42108547e-14 0.00000000e+00
 0.00000000e+00 3.55271368e-14 8.38686310e-16 0.00000000e+00
 0.00000000e+00 0.00000000e+00 0.00000000e+00 4.97379915e-14
 1.09260048e-15 0.00000000e+00 7.10542736e-14 0.00000000e+00
 0.00000000e+00 0.00000000e+00 0.00000000e+00 0.00000000e+00
 0.00000000e+00 9.62058030e-17 0.00000000e+00 0.00000000e+00
 0.00000000e+00 0.00000000e+00 0.00000000e+00 1.95550194e-15
 0.00000000e+00 0.00000000e+00 8.03539552e-16 0.00000000e+00
 0.00000000e+00 1.05745372e-15 0.00000000e+00 0.00000000e+00
 3.53046456e-16]
Precision cutoff reached.
Calculating energies for FreeWilson2D(N_x=2, N_y=2, mass=2.000, r=1.000)
h_im: 0.0
New op index: 10	$R_Y$[3]
Current grad: 13.999999999999988
[ 3.14159265  1.57079633  3.14159265  3.14159265 -1.57079633  3.14159265
  3.14159265  1.57079633  3.14159265  3.14159265 -1.32581766  0.
  3.14159265 -1.32581766  0.          3.14159265  1.57079633  3.14159265
  3.14159265 -1.57079633  3.14159265  3.14159265  1.57079633  3.14159265
  3.14159265  3.14159265  3.14159265  3.14159265  3.14159265  3.14159265
  3.14159265  0.          0.          3.14159265  3.14159265  3.14159265
  3.14159265  0.          0.          3.14159265  3.14159265  3.14159265
  3.14159265  3.14159265  3.14159265] 
 [0.         2.         0.         0.         1.5        0.
 0.         1.5        0.         0.         2.56155281 1.
 0.         2.56155281 1.         0.         1.5        0.
 0.         1.5        0.         0.         2.         0.
 0.         0.         0.         0.         0.         0.
 0.         1.         1.         0.         0.         0.
 0.         1.         1.         0.         0.         0.
 0.         0.         0.        ]
sweep    1  f = 197.9384472  (Delta f = -2.84e-14)
New op index: 7	$R_Y$[2]
Current grad: 341.6860716133062
[3.14159265 1.57079633 3.14159265 3.14159265 1.57079633 3.14159265
 3.14159265 1.57079633 0.         3.14159265 3.14159265 3.14159265
 3.14159265 1.57343131 3.14159265 0.         1.57079633 0.
 0.         1.57079633 3.14159265 0.         1.57079633 0.
 3.14159265 3.14159265 3.14159265 3.14159265 0.         0.
 3.14159265 3.14159265 3.14159265 3.14159265 3.14159265 3.14159265
 3.14159265 3.14159265 3.14159265 0.         0.         0.
 0.         0.         0.        ] 
 [0.00000000e+00 5.05071250e+01 0.00000000e+00 0.00000000e+00
 4.70071250e+01 0.00000000e+00 0.00000000e+00 5.06283928e+01
 5.55111512e-17 0.00000000e+00 0.00000000e+00 0.00000000e+00
 0.00000000e+00 4.59009457e+01 0.00000000e+00 2.10942375e-15
 5.00071250e+01 8.32667268e-17 2.08166817e-15 4.70071250e+01
 0.00000000e+00 1.03389519e-14 5.05071250e+01 2.77555756e-17
 0.00000000e+00 0.00000000e+00 0.00000000e+00 0.00000000e+00
 5.55111512e-17 5.55111512e-17 0.00000000e+00 0.00000000e+00
 0.00000000e+00 0.00000000e+00 0.00000000e+00 0.00000000e+00
 0.00000000e+00 0.00000000e+00 0.00000000e+00 2.77555756e-15
 2.84494650e-15 6.93889390e-17 1.10050857e-14 1.09912079e-14
 1.38777878e-17]
sweep    1  f = 145.9903855  (Delta f = 1.32)
sweep    2  f = 145.9903855  (Delta f = 0)
New op index: 4	$R_Y$[1]
Current grad: 11.000004044544262
[ 3.14159265  1.57079633  3.14159265  3.14159265 -1.57558096  3.14159265
  3.14159265 -3.14159265  3.14159265  3.14159265 -3.14159258  3.14159265
  0.         -1.57558096  3.14159265  0.          1.57079633  3.14159265
  0.         -1.57079633  0.          0.          1.57079633  3.14159265
  3.14159265  3.14159265  3.14159265  3.14159265  3.14159265  3.14159265
  3.14159265  3.14159265  3.14159265  3.14159265  3.14159265  3.14159265
  0.          3.14159265  3.14159265  0.          0.          3.14159265
  0.          0.          3.14159265] 
 [0.00000000e+00 1.99075707e+00 0.00000000e+00 0.00000000e+00
 1.99965236e+00 0.00000000e+00 0.00000000e+00 0.00000000e+00
 0.00000000e+00 0.00000000e+00 1.35003120e-13 0.00000000e+00
 2.58755412e-16 1.99965235e+00 0.00000000e+00 2.35183504e-16
 1.49075707e+00 0.00000000e+00 2.59808853e-16 1.50924293e+00
 1.28343788e-17 2.99790669e-15 1.99075707e+00 0.00000000e+00
 0.00000000e+00 0.00000000e+00 0.00000000e+00 0.00000000e+00
 0.00000000e+00 0.00000000e+00 0.00000000e+00 0.00000000e+00
 0.00000000e+00 0.00000000e+00 0.00000000e+00 0.00000000e+00
 3.89598011e-16 0.00000000e+00 0.00000000e+00 1.80618581e-15
 1.79126461e-15 0.00000000e+00 4.56682217e-15 4.58174337e-15
 0.00000000e+00]
sweep    1  f = 143.9350778  (Delta f = 0.0557)
sweep    2  f = 143.9350778  (Delta f = 0)
New op index: 22	$R_Y$[7]
Current grad: 244.10728585370362
[ 3.14159265  1.57084564  3.14159265  3.14159265 -3.14159177  3.14159265
  3.14159265  3.14159263  3.14159265  3.14159265 -3.14159111  3.14159265
  0.          1.57345679  3.14159265  0.          1.57079633  0.
  3.14159265  1.57079633  3.14159265  0.          1.57079633  0.
  3.14159265  3.14159265  3.14159265  3.14159265  3.14159265  3.14159265
  3.14159265  3.14159265  3.14159265  3.14159265  3.14159265  3.14159265
  0.          3.14159265  3.14159265  3.14159265  3.14159265  0.
  3.14159265  3.14159265  0.        ] 
 [0.00000000e+00 5.04184869e+01 0.00000000e+00 0.00000000e+00
 1.38333789e-12 0.00000000e+00 0.00000000e+00 2.84217094e-14
 0.00000000e+00 0.00000000e+00 2.49711363e-12 0.00000000e+00
 8.50599406e-16 4.63000402e+01 0.00000000e+00 3.73371461e-16
 4.99209732e+01 1.21648754e-16 0.00000000e+00 4.69209732e+01
 0.00000000e+00 5.99947296e-16 5.04209732e+01 1.28628729e-16
 0.00000000e+00 0.00000000e+00 0.00000000e+00 0.00000000e+00
 0.00000000e+00 0.00000000e+00 0.00000000e+00 0.00000000e+00
 0.00000000e+00 0.00000000e+00 0.00000000e+00 0.00000000e+00
 6.68966558e-16 0.00000000e+00 0.00000000e+00 0.00000000e+00
 0.00000000e+00 1.10571231e-16 0.00000000e+00 0.00000000e+00
 1.17551206e-16]
sweep    1  f = 91.99519209  (Delta f = 1.52)
sweep    2  f = 91.99519209  (Delta f = 2.53e-12)
New op index: 19	$R_Y$[6]
Current grad: 7.495198524498986
[ 3.14159265  1.57320017  3.14159265  3.14159265 -3.14159259  3.14159265
  3.14159265 -3.14159264  3.14159265  3.14159265 -3.14159262  3.14159265
  0.         -1.57320617  3.14159265  3.14159265  1.57079633  3.14159265
  3.14159265 -1.57079633  0.          3.14159265  3.14159264  0.
  3.14159265  3.14159265  3.14159265  3.14159265  3.14159265  3.14159265
  3.14159265  3.14159265  3.14159265  3.14159265  3.14159265  3.14159265
  0.          3.14159265  3.14159265  3.14159265  3.14159265  0.
  3.14159265  3.14159265  0.        ] 
 [0.00000000e+00 1.99519747e+00 0.00000000e+00 0.00000000e+00
 9.23705556e-14 0.00000000e+00 0.00000000e+00 7.10542736e-15
 0.00000000e+00 0.00000000e+00 2.13162821e-14 0.00000000e+00
 7.58580120e-15 1.99039083e+00 0.00000000e+00 0.00000000e+00
 1.49999938e+00 0.00000000e+00 0.00000000e+00 2.00000061e+00
 9.26555625e-17 0.00000000e+00 7.10542736e-15 6.44297411e-25
 0.00000000e+00 0.00000000e+00 0.00000000e+00 0.00000000e+00
 0.00000000e+00 0.00000000e+00 0.00000000e+00 0.00000000e+00
 0.00000000e+00 0.00000000e+00 0.00000000e+00 0.00000000e+00
 7.22192569e-15 0.00000000e+00 0.00000000e+00 0.00000000e+00
 0.00000000e+00 9.22218826e-17 0.00000000e+00 0.00000000e+00
 9.26555632e-17]
sweep    1  f = 89.93383306  (Delta f = 0.0614)
sweep    2  f = 89.93383306  (Delta f = 4.35e-12)
New op index: 1	$R_Y$[0]
Current grad: 147.2642931575504
[ 3.14159265  1.57084564  3.14159265  3.14159265 -3.14159142  3.14159265
  3.14159265  3.14159257  3.14159265  3.14159265  3.14158959  3.14159265
  3.14159265  1.57345763  3.14159265  3.14159265  1.5708457   3.14159265
  3.14159265  3.14159073  3.14159265  3.14159265 -3.14159262  3.14159265
  3.14159265  3.14159265  3.14159265  3.14159265  3.14159265  3.14159265
  3.14159265  3.14159265  3.14159265  3.14159265  3.14159265  3.14159265
  3.14159265  3.14159265  3.14159265  3.14159265  3.14159265  3.14159265
  3.14159265  3.14159265  3.14159265] 
 [0.00000000e+00 5.04181309e+01 0.00000000e+00 0.00000000e+00
 2.71915823e-12 0.00000000e+00 0.00000000e+00 3.69482223e-13
 0.00000000e+00 0.00000000e+00 9.82280923e-12 0.00000000e+00
 0.00000000e+00 4.62996464e+01 0.00000000e+00 0.00000000e+00
 5.04181287e+01 0.00000000e+00 0.00000000e+00 6.64801547e-12
 0.00000000e+00 0.00000000e+00 7.10542736e-14 0.00000000e+00
 0.00000000e+00 0.00000000e+00 0.00000000e+00 0.00000000e+00
 0.00000000e+00 0.00000000e+00 0.00000000e+00 0.00000000e+00
 0.00000000e+00 0.00000000e+00 0.00000000e+00 0.00000000e+00
 0.00000000e+00 0.00000000e+00 0.00000000e+00 0.00000000e+00
 0.00000000e+00 0.00000000e+00 0.00000000e+00 0.00000000e+00
 0.00000000e+00]
sweep    1  f = 37.99519209  (Delta f = 1.52)
sweep    2  f = 37.99519209  (Delta f = 3.27e-13)
New op index: 13	$R_Y$[4]
Current grad: 4.000020654919227
[ 3.14159265  3.14159252  0.          3.14159265  3.14159261  3.14159265
  3.14159265  3.14159262  0.          3.14159265 -3.14159263  3.14159265
  0.         -1.57320038  3.14159265  3.14159265  1.57320015  3.14159265
  3.14159265  3.14159256  0.          3.14159265  3.14159258  3.14159265
  3.14159265  3.14159265  3.14159265  3.14159265  3.14159265  3.14159265
  3.14159265  3.14159265  3.14159265  3.14159265  3.14159265  3.14159265
  3.14159265  3.14159265  3.14159265  3.14159265  3.14159265  3.14159265
  3.14159265  3.14159265  3.14159265] 
 [0.00000000e+00 4.40536496e-13 4.82938525e-15 0.00000000e+00
 3.55271368e-14 0.00000000e+00 0.00000000e+00 3.55271368e-14
 4.82938526e-15 0.00000000e+00 7.10542736e-15 0.00000000e+00
 8.71359845e-16 1.99519835e+00 0.00000000e+00 0.00000000e+00
 1.99519751e+00 0.00000000e+00 0.00000000e+00 2.34479103e-13
 3.11154617e-24 0.00000000e+00 1.42108547e-13 0.00000000e+00
 0.00000000e+00 0.00000000e+00 0.00000000e+00 0.00000000e+00
 0.00000000e+00 0.00000000e+00 0.00000000e+00 0.00000000e+00
 0.00000000e+00 0.00000000e+00 0.00000000e+00 0.00000000e+00
 0.00000000e+00 0.00000000e+00 0.00000000e+00 0.00000000e+00
 0.00000000e+00 0.00000000e+00 0.00000000e+00 0.00000000e+00
 0.00000000e+00]
sweep    1  f = 35.99754937  (Delta f = 0.00244)
sweep    2  f = 35.99754901  (Delta f = 3.58e-07)
sweep    3  f = 35.99754901  (Delta f = 1.6e-09)
New op index: 16	$R_Y$[5]
Current grad: 52.0016617214869
[ 3.14159265 -3.14159041  3.14159265  3.14159265  3.14158223  3.14159265
  3.14159265  3.14159189  3.14159265  3.14159265 -3.14159112  3.14159265
  3.14159265  3.14159265  3.14159265  3.14159265  1.57089061  3.14159265
  3.14159265  3.14158633  0.          3.14159265 -3.14159152  3.14159265
  3.14159265  3.14159265  3.14159265  3.14159265  3.14159265  3.14159265
  3.14159265  3.14159265  3.14159265  3.14159265  3.14159265  3.14159265
  3.14159265  3.14159265  3.14159265  3.14159265  3.14159265  3.14159265
  3.14159265  3.14159265  3.14159265] 
 [0.00000000e+00 2.57529109e-10 0.00000000e+00 0.00000000e+00
 1.08650200e-10 0.00000000e+00 0.00000000e+00 2.98570058e-11
 0.00000000e+00 0.00000000e+00 2.34257058e-12 0.00000000e+00
 0.00000000e+00 0.00000000e+00 0.00000000e+00 0.00000000e+00
 5.19962993e+01 0.00000000e+00 0.00000000e+00 3.99520417e-11
 9.31394483e-27 0.00000000e+00 6.58673116e-11 0.00000000e+00
 0.00000000e+00 0.00000000e+00 0.00000000e+00 0.00000000e+00
 0.00000000e+00 0.00000000e+00 0.00000000e+00 0.00000000e+00
 0.00000000e+00 0.00000000e+00 0.00000000e+00 0.00000000e+00
 0.00000000e+00 0.00000000e+00 0.00000000e+00 0.00000000e+00
 0.00000000e+00 0.00000000e+00 0.00000000e+00 0.00000000e+00
 0.00000000e+00]
sweep    1  f = -16  (Delta f = 0.00125)
sweep    2  f = -16  (Delta f = 5.04e-11)
New op index: 22	$R_Y$[7]
Current grad: 8.517663973611562e-06
[ 3.14159265 -3.14159263  3.14159265  3.14159265  3.14159265  3.14159265
  3.14159265  3.14159264  3.14159265  3.14159265  3.14159264  3.14159265
  3.14159265 -3.14159264  0.          3.14159265  3.14159265  3.14159265
  3.14159265 -3.14159262  0.          3.14159265 -3.1415926   3.14159265
  3.14159265  3.14159265  3.14159265  3.14159265  3.14159265  3.14159265
  3.14159265  3.14159265  3.14159265  3.14159265  3.14159265  0.
  3.14159265  3.14159265  3.14159265  3.14159265  3.14159265  3.14159265
  3.14159265  3.14159265  3.14159265] 
 [0.00000000e+00 1.42108547e-14 0.00000000e+00 0.00000000e+00
 0.00000000e+00 0.00000000e+00 0.00000000e+00 7.10542736e-15
 0.00000000e+00 0.00000000e+00 7.10542736e-15 0.00000000e+00
 0.00000000e+00 7.10542736e-15 1.88865121e-16 0.00000000e+00
 0.00000000e+00 0.00000000e+00 0.00000000e+00 2.84217094e-14
 1.67881986e-16 0.00000000e+00 7.81597009e-14 0.00000000e+00
 0.00000000e+00 0.00000000e+00 0.00000000e+00 0.00000000e+00
 0.00000000e+00 0.00000000e+00 0.00000000e+00 0.00000000e+00
 0.00000000e+00 0.00000000e+00 0.00000000e+00 4.73157465e-16
 0.00000000e+00 0.00000000e+00 0.00000000e+00 0.00000000e+00
 0.00000000e+00 0.00000000e+00 0.00000000e+00 0.00000000e+00
 0.00000000e+00]
Precision cutoff reached.
-----Beginning pprint-----
/:
	Attributes:
		ProcessId: 26631496
	2026-07-24_14-32-57-26631496:
		Attributes:
			HamiltonianType: ZeroChargePenalty
			Last-Modified: 2026-07-24_14-32-57
			ProcessId: 26631496
			SimulatorType: Statevector
			SolverName: AdaptVQE
			SystemName: FreeWilson2D
			n_x: 2
			n_y: 2
			r: 1.0
		AdaptOptions:
			Attributes:
				SelSeed: 26631496
				allow_duplicate_gates: False
				gradient_hamiltonian_type: HamiltonianType.ZeroChargePenalty
				max_depth: 50
				parameter_prec_cutoff: 0.001
				prec_cutoff: 0.001
				precision: 0
		AnsatzOperatorDerivatives: Dataset (dtype=float64, shape=(50, 10, 45), maxshape=(50, None, 45))
			Attributes:
				DIMENSION_LABELS: ['mass' 'AnsatzOperatorAxis' 'AnsatzPoolOperatorAxis']
				NDataDims: 2
		AnsatzOperatorSecondDerivatives: Dataset (dtype=float64, shape=(50, 10, 45), maxshape=(50, None, 45))
			Attributes:
				DIMENSION_LABELS: ['mass' 'AnsatzOperatorAxis' 'AnsatzPoolOperatorAxis']
				NDataDims: 2
		AnsatzOperators: Dataset (dtype=int64, shape=(50, 9), maxshape=(50, None))
			Attributes:
				DIMENSION_LABELS: ['mass' 'AnsatzOperatorAxis']
				NDataDims: 1
		Circuit:
			Attributes:
				Ansatz: HardwareAdaptAnsatz22
			AnsatzOptions:
				Attributes:
					num_qubits: 8
		CircuitParameters: Dataset (dtype=float64, shape=(50, 12480, 9), maxshape=(50, None, None))
			Attributes:
				DIMENSION_LABELS: ['mass' 'IterationAxis' 'CircuitParameterAxis']
				NDataDims: 2
		Data:
			Attributes:
			evs:
				Attributes:
				Hamiltonian: Dataset (dtype=float64, shape=(50, 12480), maxshape=(50, None))
					Attributes:
						DIMENSION_LABELS: ['mass' 'IterationAxis']
						NDataDims: 1
			stds:
				Attributes:
				Hamiltonian: Dataset (dtype=float64, shape=(50, 12480), maxshape=(50, None))
					Attributes:
						DIMENSION_LABELS: ['mass' 'IterationAxis']
						NDataDims: 1
		EstimatorOptions:
			Attributes:
				_VERSION: 2
				default_precision: Unset
				default_shots: Unset
				experimental: Unset
				max_execution_time: Unset
				resilience_level: Unset
				seed_estimator: 26631496
			dynamical_decoupling:
				Attributes:
					enable: Unset
					extra_slack_distribution: Unset
					scheduling_method: Unset
					sequence_type: Unset
					skip_reset_qubits: Unset
			environment:
				Attributes:
					callback: None
					job_tags: None
					log_level: WARNING
					private: False
			execution:
				Attributes:
					init_qubits: Unset
					rep_delay: Unset
			resilience:
				Attributes:
					layer_noise_model: Unset
					measure_mitigation: Unset
					pec_mitigation: Unset
					zne_mitigation: Unset
				layer_noise_learning:
					Attributes:
						layer_pair_depths: Unset
						max_layers_to_learn: Unset
						num_randomizations: Unset
						shots_per_randomization: Unset
				measure_noise_learning:
					Attributes:
						num_randomizations: Unset
						shots_per_randomization: Unset
				pec:
					Attributes:
						max_overhead: Unset
						noise_gain: Unset
				zne:
					Attributes:
						amplifier: Unset
						extrapolated_noise_factors: Unset
						extrapolator: Unset
						noise_factors: Unset
			simulator:
				Attributes:
					basis_gates: Unset
					coupling_map: Unset
					noise_model: Unset
					seed_simulator: Unset
			twirling:
				Attributes:
					enable_gates: Unset
					enable_measure: Unset
					num_randomizations: Unset
					shots_per_randomization: Unset
					strategy: Unset
		MetaData:
			Attributes:
			circuit_metadata: Dataset (dtype=object, shape=(50, 12480), maxshape=(50, None))
				Attributes:
					DIMENSION_LABELS: ['mass' 'IterationAxis']
					NDataDims: 1
			target_precision: Dataset (dtype=float64, shape=(50, 12480), maxshape=(50, None))
				Attributes:
					DIMENSION_LABELS: ['mass' 'IterationAxis']
					NDataDims: 1
			version: Dataset (dtype=int64, shape=(50, 12480), maxshape=(50, None))
				Attributes:
					DIMENSION_LABELS: ['mass' 'IterationAxis']
					NDataDims: 1
		NIterations: Dataset (dtype=int64, shape=(50,), maxshape=(50,))
			Attributes:
				DIMENSION_LABELS: ['mass']
				NDataDims: 0
		OptimizerOptions:
			Attributes:
				bounds: None
				callback: None
				constraints: []
				method: <function sequential_minimal_optimization at 0x14666fe17600>
				tol: None
				x0Seed: 26631496
			options:
				Attributes:
					disp: 1
					maxiter: 100
					subset_size: 6
		PresetPassManagerOptions:
			Attributes:
		SimulatorOptions:
			Attributes:
		StartIterations: Dataset (dtype=int64, shape=(50, 9), maxshape=(50, None))
			Attributes:
				DIMENSION_LABELS: ['mass' 'AnsatzOperatorAxis']
				NDataDims: 1
		VersionInfo:
			Attributes:
				QiskitAerVersion: 0.17.1
				QiskitIBMRuntimeVersion: 0.41.1
				QiskitVersion: 2.1.2
		mass: Dataset (dtype=float64, shape=(50,), maxshape=(50,))
			Attributes:
-----Ending pprint-----
End 2026-07-24 15:15:11 | 26631496 MyPyJob | lmnode193 | /home/s6nidich_hpc/PycharmProjects/QC-MasterThesis 

