Start 2026-01-11 12:02:26 | 24245425 MyPyJob | lmnode196 | /home/s6nidich_hpc/PycharmProjects/QC-MasterThesis 

Used python interpreter:
/home/s6nidich_hpc/PycharmProjects/QC-MasterThesis/.venv_intel_3_12_3/bin/python
Python version:
Python 3.12.3

Currently Loaded Modules:
  1) GCCcore/13.3.0                   7) Tcl/8.6.14-GCCcore-13.3.0
  2) zlib/1.3.1-GCCcore-13.3.0        8) SQLite/3.45.3-GCCcore-13.3.0
  3) binutils/2.42-GCCcore-13.3.0     9) XZ/5.4.5-GCCcore-13.3.0
  4) bzip2/1.0.8-GCCcore-13.3.0      10) libffi/3.4.5-GCCcore-13.3.0
  5) ncurses/6.5-GCCcore-13.3.0      11) OpenSSL/3
  6) libreadline/8.2-GCCcore-13.3.0  12) Python/3.12.3-GCCcore-13.3.0

 

Start of Program:

-----Beginning pprint-----
/:
	Attributes:
	2025-11-10_14-19-01-23833720:
		Attributes:
			HamiltonianType: ZeroChargePenalty
			Last-Modified: 2025-11-10_14-19-01
			ProcessId: 23833720
			SimulatorType: Statevector
			SolverName: AdaptVQE
			SystemName: FreeWilson2D
			n_x: 2
			n_y: 2
			r: 1.0
		AdaptOptions:
			Attributes:
				gradient_hamiltonian_type: HamiltonianType.ZeroChargePenalty
				max_depth: 30
				prec_cutoff: 0.001
				precision: 0
		AnsatzOperatorDerivatives: Dataset (dtype=float64, shape=(10, 2, 80), maxshape=(10, None, 80))
			Attributes:
				DIMENSION_LABELS: ['mass' 'AnsatzOperatorAxis' 'AnsatzPoolOperatorAxis']
				NDataDims: 2
		AnsatzOperatorSecondDerivatives: Dataset (dtype=float64, shape=(10, 2, 80), maxshape=(10, None, 80))
			Attributes:
				DIMENSION_LABELS: ['mass' 'AnsatzOperatorAxis' 'AnsatzPoolOperatorAxis']
				NDataDims: 2
		AnsatzOperators: Dataset (dtype=int64, shape=(10, 1), maxshape=(10, None))
			Attributes:
				DIMENSION_LABELS: ['mass' 'AnsatzOperatorAxis']
				NDataDims: 1
		Circuit:
			Attributes:
				Ansatz: HardwareAdaptAnsatz11
			AnsatzOptions:
				Attributes:
					num_qubits: 8
		CircuitParameters: Dataset (dtype=float64, shape=(10, 10, 1), maxshape=(10, None, None))
			Attributes:
				DIMENSION_LABELS: ['mass' 'IterationAxis' 'CircuitParameterAxis']
				NDataDims: 2
		Data:
			Attributes:
			evs:
				Attributes:
				Hamiltonian: Dataset (dtype=float64, shape=(10, 10), maxshape=(10, None))
					Attributes:
						DIMENSION_LABELS: ['mass' 'IterationAxis']
						NDataDims: 1
			stds:
				Attributes:
				Hamiltonian: Dataset (dtype=float64, shape=(10, 10), maxshape=(10, None))
					Attributes:
						DIMENSION_LABELS: ['mass' 'IterationAxis']
						NDataDims: 1
		EstimatorOptions:
			Attributes:
				_VERSION: 2
				default_precision: Unset
				default_shots: Unset
				experimental: Unset
				max_execution_time: Unset
				resilience_level: Unset
				seed_estimator: 23833720
			dynamical_decoupling:
				Attributes:
					enable: Unset
					extra_slack_distribution: Unset
					scheduling_method: Unset
					sequence_type: Unset
					skip_reset_qubits: Unset
			environment:
				Attributes:
					callback: None
					job_tags: None
					log_level: WARNING
					private: False
			execution:
				Attributes:
					init_qubits: Unset
					rep_delay: Unset
			resilience:
				Attributes:
					layer_noise_model: Unset
					measure_mitigation: Unset
					pec_mitigation: Unset
					zne_mitigation: Unset
				layer_noise_learning:
					Attributes:
						layer_pair_depths: Unset
						max_layers_to_learn: Unset
						num_randomizations: Unset
						shots_per_randomization: Unset
				measure_noise_learning:
					Attributes:
						num_randomizations: Unset
						shots_per_randomization: Unset
				pec:
					Attributes:
						max_overhead: Unset
						noise_gain: Unset
				zne:
					Attributes:
						amplifier: Unset
						extrapolated_noise_factors: Unset
						extrapolator: Unset
						noise_factors: Unset
			simulator:
				Attributes:
					basis_gates: Unset
					coupling_map: Unset
					noise_model: Unset
					seed_simulator: Unset
			twirling:
				Attributes:
					enable_gates: Unset
					enable_measure: Unset
					num_randomizations: Unset
					shots_per_randomization: Unset
					strategy: Unset
		MetaData:
			Attributes:
			circuit_metadata: Dataset (dtype=object, shape=(10, 10), maxshape=(10, None))
				Attributes:
					DIMENSION_LABELS: ['mass' 'IterationAxis']
					NDataDims: 1
			target_precision: Dataset (dtype=float64, shape=(10, 10), maxshape=(10, None))
				Attributes:
					DIMENSION_LABELS: ['mass' 'IterationAxis']
					NDataDims: 1
			version: Dataset (dtype=int64, shape=(10, 10), maxshape=(10, None))
				Attributes:
					DIMENSION_LABELS: ['mass' 'IterationAxis']
					NDataDims: 1
		NIterations: Dataset (dtype=int64, shape=(10,), maxshape=(10,))
			Attributes:
				DIMENSION_LABELS: ['mass']
				NDataDims: 0
		OptimizerOptions:
			Attributes:
				bounds: None
				callback: None
				constraints: []
				method: slsqp
				tol: None
				x0Seed: 23833720
			options:
				Attributes:
					disp: 0
					maxiter: 20000
		PresetPassManagerOptions:
			Attributes:
		SimulatorOptions:
			Attributes:
		StartIterations: Dataset (dtype=int64, shape=(10, 1), maxshape=(10, None))
			Attributes:
				DIMENSION_LABELS: ['mass' 'AnsatzOperatorAxis']
				NDataDims: 1
		VersionInfo:
			Attributes:
				QiskitAerVersion: 0.17.1
				QiskitIBMRuntimeVersion: 0.41.1
				QiskitVersion: 2.1.2
		mass: Dataset (dtype=float64, shape=(10,), maxshape=(10,))
			Attributes:
	2025-11-13_14-45-01-23862036:
		Attributes:
			HamiltonianType: ZeroChargePenalty
			Last-Modified: 2025-11-13_14-45-01
			ProcessId: 23862036
			SimulatorType: Statevector
			SolverName: AdaptVQE
			SystemName: FreeWilson2D
			n_x: 2
			n_y: 2
			r: 1.0
		AdaptOptions:
			Attributes:
				gradient_hamiltonian_type: HamiltonianType.ZeroChargePenalty
				max_depth: 30
				prec_cutoff: 0.001
				precision: 0
		AnsatzOperatorDerivatives: Dataset (dtype=float64, shape=(50, 19, 38), maxshape=(50, None, 38))
			Attributes:
				DIMENSION_LABELS: ['mass' 'AnsatzOperatorAxis' 'AnsatzPoolOperatorAxis']
				NDataDims: 2
		AnsatzOperatorSecondDerivatives: Dataset (dtype=float64, shape=(50, 19, 38), maxshape=(50, None, 38))
			Attributes:
				DIMENSION_LABELS: ['mass' 'AnsatzOperatorAxis' 'AnsatzPoolOperatorAxis']
				NDataDims: 2
		AnsatzOperators: Dataset (dtype=int64, shape=(50, 18), maxshape=(50, None))
			Attributes:
				DIMENSION_LABELS: ['mass' 'AnsatzOperatorAxis']
				NDataDims: 1
		Circuit:
			Attributes:
				Ansatz: HardwareAdaptAnsatz7
			AnsatzOptions:
				Attributes:
					num_qubits: 8
		CircuitParameters: Dataset (dtype=float64, shape=(50, 1610, 18), maxshape=(50, None, None))
			Attributes:
				DIMENSION_LABELS: ['mass' 'IterationAxis' 'CircuitParameterAxis']
				NDataDims: 2
		Data:
			Attributes:
			evs:
				Attributes:
				Hamiltonian: Dataset (dtype=float64, shape=(50, 1610), maxshape=(50, None))
					Attributes:
						DIMENSION_LABELS: ['mass' 'IterationAxis']
						NDataDims: 1
			stds:
				Attributes:
				Hamiltonian: Dataset (dtype=float64, shape=(50, 1610), maxshape=(50, None))
					Attributes:
						DIMENSION_LABELS: ['mass' 'IterationAxis']
						NDataDims: 1
		EstimatorOptions:
			Attributes:
				_VERSION: 2
				default_precision: Unset
				default_shots: Unset
				experimental: Unset
				max_execution_time: Unset
				resilience_level: Unset
				seed_estimator: 23862036
			dynamical_decoupling:
				Attributes:
					enable: Unset
					extra_slack_distribution: Unset
					scheduling_method: Unset
					sequence_type: Unset
					skip_reset_qubits: Unset
			environment:
				Attributes:
					callback: None
					job_tags: None
					log_level: WARNING
					private: False
			execution:
				Attributes:
					init_qubits: Unset
					rep_delay: Unset
			resilience:
				Attributes:
					layer_noise_model: Unset
					measure_mitigation: Unset
					pec_mitigation: Unset
					zne_mitigation: Unset
				layer_noise_learning:
					Attributes:
						layer_pair_depths: Unset
						max_layers_to_learn: Unset
						num_randomizations: Unset
						shots_per_randomization: Unset
				measure_noise_learning:
					Attributes:
						num_randomizations: Unset
						shots_per_randomization: Unset
				pec:
					Attributes:
						max_overhead: Unset
						noise_gain: Unset
				zne:
					Attributes:
						amplifier: Unset
						extrapolated_noise_factors: Unset
						extrapolator: Unset
						noise_factors: Unset
			simulator:
				Attributes:
					basis_gates: Unset
					coupling_map: Unset
					noise_model: Unset
					seed_simulator: Unset
			twirling:
				Attributes:
					enable_gates: Unset
					enable_measure: Unset
					num_randomizations: Unset
					shots_per_randomization: Unset
					strategy: Unset
		MetaData:
			Attributes:
			circuit_metadata: Dataset (dtype=object, shape=(50, 1610), maxshape=(50, None))
				Attributes:
					DIMENSION_LABELS: ['mass' 'IterationAxis']
					NDataDims: 1
			target_precision: Dataset (dtype=float64, shape=(50, 1610), maxshape=(50, None))
				Attributes:
					DIMENSION_LABELS: ['mass' 'IterationAxis']
					NDataDims: 1
			version: Dataset (dtype=int64, shape=(50, 1610), maxshape=(50, None))
				Attributes:
					DIMENSION_LABELS: ['mass' 'IterationAxis']
					NDataDims: 1
		NIterations: Dataset (dtype=int64, shape=(50,), maxshape=(50,))
			Attributes:
				DIMENSION_LABELS: ['mass']
				NDataDims: 0
		OptimizerOptions:
			Attributes:
				bounds: None
				callback: None
				constraints: []
				method: slsqp
				tol: None
				x0Seed: 23862036
			options:
				Attributes:
					disp: 0
					maxiter: 20000
		PresetPassManagerOptions:
			Attributes:
		SimulatorOptions:
			Attributes:
		StartIterations: Dataset (dtype=int64, shape=(50, 18), maxshape=(50, None))
			Attributes:
				DIMENSION_LABELS: ['mass' 'AnsatzOperatorAxis']
				NDataDims: 1
		VersionInfo:
			Attributes:
				QiskitAerVersion: 0.17.1
				QiskitIBMRuntimeVersion: 0.41.1
				QiskitVersion: 2.1.2
		mass: Dataset (dtype=float64, shape=(50,), maxshape=(50,))
			Attributes:
	2025-11-13_14-54-02-23862126:
		Attributes:
			HamiltonianType: ZeroChargePenalty
			Last-Modified: 2025-11-13_14-54-02
			ProcessId: 23862126
			SimulatorType: Aer
			SolverName: AdaptVQE
			SystemName: FreeWilson2D
			n_x: 2
			n_y: 2
			r: 1.0
		AdaptOptions:
			Attributes:
				gradient_hamiltonian_type: HamiltonianType.ZeroChargePenalty
				max_depth: 30
				prec_cutoff: 0.001
				precision: 0
		AnsatzOperatorDerivatives: Dataset (dtype=float64, shape=(50, 19, 38), maxshape=(50, None, 38))
			Attributes:
				DIMENSION_LABELS: ['mass' 'AnsatzOperatorAxis' 'AnsatzPoolOperatorAxis']
				NDataDims: 2
		AnsatzOperatorSecondDerivatives: Dataset (dtype=float64, shape=(50, 19, 38), maxshape=(50, None, 38))
			Attributes:
				DIMENSION_LABELS: ['mass' 'AnsatzOperatorAxis' 'AnsatzPoolOperatorAxis']
				NDataDims: 2
		AnsatzOperators: Dataset (dtype=int64, shape=(50, 18), maxshape=(50, None))
			Attributes:
				DIMENSION_LABELS: ['mass' 'AnsatzOperatorAxis']
				NDataDims: 1
		Circuit:
			Attributes:
				Ansatz: HardwareAdaptAnsatz7
			AnsatzOptions:
				Attributes:
					num_qubits: 8
		CircuitParameters: Dataset (dtype=float64, shape=(50, 1220, 18), maxshape=(50, None, None))
			Attributes:
				DIMENSION_LABELS: ['mass' 'IterationAxis' 'CircuitParameterAxis']
				NDataDims: 2
		Data:
			Attributes:
			evs:
				Attributes:
				Hamiltonian: Dataset (dtype=float64, shape=(50, 1220), maxshape=(50, None))
					Attributes:
						DIMENSION_LABELS: ['mass' 'IterationAxis']
						NDataDims: 1
			stds:
				Attributes:
				Hamiltonian: Dataset (dtype=float64, shape=(50, 1220), maxshape=(50, None))
					Attributes:
						DIMENSION_LABELS: ['mass' 'IterationAxis']
						NDataDims: 1
		EstimatorOptions:
			Attributes:
				_VERSION: 2
				default_precision: Unset
				default_shots: Unset
				experimental: Unset
				max_execution_time: Unset
				resilience_level: Unset
				seed_estimator: 23862126
			dynamical_decoupling:
				Attributes:
					enable: Unset
					extra_slack_distribution: Unset
					scheduling_method: Unset
					sequence_type: Unset
					skip_reset_qubits: Unset
			environment:
				Attributes:
					callback: None
					job_tags: None
					log_level: WARNING
					private: False
			execution:
				Attributes:
					init_qubits: Unset
					rep_delay: Unset
			resilience:
				Attributes:
					layer_noise_model: Unset
					measure_mitigation: Unset
					pec_mitigation: Unset
					zne_mitigation: Unset
				layer_noise_learning:
					Attributes:
						layer_pair_depths: Unset
						max_layers_to_learn: Unset
						num_randomizations: Unset
						shots_per_randomization: Unset
				measure_noise_learning:
					Attributes:
						num_randomizations: Unset
						shots_per_randomization: Unset
				pec:
					Attributes:
						max_overhead: Unset
						noise_gain: Unset
				zne:
					Attributes:
						amplifier: Unset
						extrapolated_noise_factors: Unset
						extrapolator: Unset
						noise_factors: Unset
			simulator:
				Attributes:
					basis_gates: Unset
					coupling_map: Unset
					noise_model: Unset
					seed_simulator: Unset
			twirling:
				Attributes:
					enable_gates: Unset
					enable_measure: Unset
					num_randomizations: Unset
					shots_per_randomization: Unset
					strategy: Unset
		MetaData:
			Attributes:
			circuit_metadata: Dataset (dtype=object, shape=(50, 1220), maxshape=(50, None))
				Attributes:
					DIMENSION_LABELS: ['mass' 'IterationAxis']
					NDataDims: 1
			simulator_metadata: Dataset (dtype=object, shape=(50, 1220), maxshape=(50, None))
				Attributes:
					DIMENSION_LABELS: ['mass' 'IterationAxis']
					NDataDims: 1
			target_precision: Dataset (dtype=float64, shape=(50, 1220), maxshape=(50, None))
				Attributes:
					DIMENSION_LABELS: ['mass' 'IterationAxis']
					NDataDims: 1
			version: Dataset (dtype=int64, shape=(50, 1220), maxshape=(50, None))
				Attributes:
					DIMENSION_LABELS: ['mass' 'IterationAxis']
					NDataDims: 1
		NIterations: Dataset (dtype=int64, shape=(50,), maxshape=(50,))
			Attributes:
				DIMENSION_LABELS: ['mass']
				NDataDims: 0
		OptimizerOptions:
			Attributes:
				bounds: None
				callback: None
				constraints: []
				method: slsqp
				tol: None
				x0Seed: 23862126
			options:
				Attributes:
					disp: 0
					maxiter: 20000
		PresetPassManagerOptions:
			Attributes:
		SimulatorOptions:
			Attributes:
		StartIterations: Dataset (dtype=int64, shape=(50, 18), maxshape=(50, None))
			Attributes:
				DIMENSION_LABELS: ['mass' 'AnsatzOperatorAxis']
				NDataDims: 1
		VersionInfo:
			Attributes:
				QiskitAerVersion: 0.17.1
				QiskitIBMRuntimeVersion: 0.41.1
				QiskitVersion: 2.1.2
		mass: Dataset (dtype=float64, shape=(50,), maxshape=(50,))
			Attributes:
	2025-11-13_15-58-15-23862817:
		Attributes:
			HamiltonianType: ZeroChargePenalty
			Last-Modified: 2025-11-13_15-58-15
			ProcessId: 23862817
			SimulatorType: Aer
			SolverName: AdaptVQE
			SystemName: FreeWilson2D
			n_x: 2
			n_y: 2
			r: 1.0
		AdaptOptions:
			Attributes:
				gradient_hamiltonian_type: HamiltonianType.ZeroChargePenalty
				max_depth: 30
				prec_cutoff: 0.001
				precision: 0
		AnsatzOperatorDerivatives: Dataset (dtype=float64, shape=(50, 19, 38), maxshape=(50, None, 38))
			Attributes:
				DIMENSION_LABELS: ['mass' 'AnsatzOperatorAxis' 'AnsatzPoolOperatorAxis']
				NDataDims: 2
		AnsatzOperatorSecondDerivatives: Dataset (dtype=float64, shape=(50, 19, 38), maxshape=(50, None, 38))
			Attributes:
				DIMENSION_LABELS: ['mass' 'AnsatzOperatorAxis' 'AnsatzPoolOperatorAxis']
				NDataDims: 2
		AnsatzOperators: Dataset (dtype=int64, shape=(50, 18), maxshape=(50, None))
			Attributes:
				DIMENSION_LABELS: ['mass' 'AnsatzOperatorAxis']
				NDataDims: 1
		Circuit:
			Attributes:
				Ansatz: HardwareAdaptAnsatz7
			AnsatzOptions:
				Attributes:
					num_qubits: 8
		CircuitParameters: Dataset (dtype=float64, shape=(50, 1220, 18), maxshape=(50, None, None))
			Attributes:
				DIMENSION_LABELS: ['mass' 'IterationAxis' 'CircuitParameterAxis']
				NDataDims: 2
		Data:
			Attributes:
			evs:
				Attributes:
				Hamiltonian: Dataset (dtype=float64, shape=(50, 1220), maxshape=(50, None))
					Attributes:
						DIMENSION_LABELS: ['mass' 'IterationAxis']
						NDataDims: 1
			stds:
				Attributes:
				Hamiltonian: Dataset (dtype=float64, shape=(50, 1220), maxshape=(50, None))
					Attributes:
						DIMENSION_LABELS: ['mass' 'IterationAxis']
						NDataDims: 1
		EstimatorOptions:
			Attributes:
				_VERSION: 2
				default_precision: Unset
				default_shots: Unset
				experimental: Unset
				max_execution_time: Unset
				resilience_level: Unset
				seed_estimator: 23862817
			dynamical_decoupling:
				Attributes:
					enable: Unset
					extra_slack_distribution: Unset
					scheduling_method: Unset
					sequence_type: Unset
					skip_reset_qubits: Unset
			environment:
				Attributes:
					callback: None
					job_tags: None
					log_level: WARNING
					private: False
			execution:
				Attributes:
					init_qubits: Unset
					rep_delay: Unset
			resilience:
				Attributes:
					layer_noise_model: Unset
					measure_mitigation: Unset
					pec_mitigation: Unset
					zne_mitigation: Unset
				layer_noise_learning:
					Attributes:
						layer_pair_depths: Unset
						max_layers_to_learn: Unset
						num_randomizations: Unset
						shots_per_randomization: Unset
				measure_noise_learning:
					Attributes:
						num_randomizations: Unset
						shots_per_randomization: Unset
				pec:
					Attributes:
						max_overhead: Unset
						noise_gain: Unset
				zne:
					Attributes:
						amplifier: Unset
						extrapolated_noise_factors: Unset
						extrapolator: Unset
						noise_factors: Unset
			simulator:
				Attributes:
					basis_gates: Unset
					coupling_map: Unset
					noise_model: Unset
					seed_simulator: Unset
			twirling:
				Attributes:
					enable_gates: Unset
					enable_measure: Unset
					num_randomizations: Unset
					shots_per_randomization: Unset
					strategy: Unset
		MetaData:
			Attributes:
			circuit_metadata: Dataset (dtype=object, shape=(50, 1220), maxshape=(50, None))
				Attributes:
					DIMENSION_LABELS: ['mass' 'IterationAxis']
					NDataDims: 1
			simulator_metadata: Dataset (dtype=object, shape=(50, 1220), maxshape=(50, None))
				Attributes:
					DIMENSION_LABELS: ['mass' 'IterationAxis']
					NDataDims: 1
			target_precision: Dataset (dtype=float64, shape=(50, 1220), maxshape=(50, None))
				Attributes:
					DIMENSION_LABELS: ['mass' 'IterationAxis']
					NDataDims: 1
			version: Dataset (dtype=int64, shape=(50, 1220), maxshape=(50, None))
				Attributes:
					DIMENSION_LABELS: ['mass' 'IterationAxis']
					NDataDims: 1
		NIterations: Dataset (dtype=int64, shape=(50,), maxshape=(50,))
			Attributes:
				DIMENSION_LABELS: ['mass']
				NDataDims: 0
		OptimizerOptions:
			Attributes:
				bounds: None
				callback: None
				constraints: []
				method: slsqp
				tol: None
				x0Seed: 23862817
			options:
				Attributes:
					disp: 0
					maxiter: 20000
		PresetPassManagerOptions:
			Attributes:
		SimulatorOptions:
			Attributes:
		StartIterations: Dataset (dtype=int64, shape=(50, 18), maxshape=(50, None))
			Attributes:
				DIMENSION_LABELS: ['mass' 'AnsatzOperatorAxis']
				NDataDims: 1
		VersionInfo:
			Attributes:
				QiskitAerVersion: 0.17.1
				QiskitIBMRuntimeVersion: 0.41.1
				QiskitVersion: 2.1.2
		mass: Dataset (dtype=float64, shape=(50,), maxshape=(50,))
			Attributes:
	2025-11-13_16-02-16-23862877:
		Attributes:
			HamiltonianType: ZeroChargePenalty
			Last-Modified: 2025-11-13_16-02-16
			ProcessId: 23862877
			SimulatorType: Statevector
			SolverName: AdaptVQE
			SystemName: FreeWilson2D
			n_x: 2
			n_y: 2
			r: 1.0
		AdaptOptions:
			Attributes:
				gradient_hamiltonian_type: HamiltonianType.ZeroChargePenalty
				max_depth: 30
				prec_cutoff: 0.001
				precision: 0
		AnsatzOperatorDerivatives: Dataset (dtype=float64, shape=(50, 19, 38), maxshape=(50, None, 38))
			Attributes:
				DIMENSION_LABELS: ['mass' 'AnsatzOperatorAxis' 'AnsatzPoolOperatorAxis']
				NDataDims: 2
		AnsatzOperatorSecondDerivatives: Dataset (dtype=float64, shape=(50, 19, 38), maxshape=(50, None, 38))
			Attributes:
				DIMENSION_LABELS: ['mass' 'AnsatzOperatorAxis' 'AnsatzPoolOperatorAxis']
				NDataDims: 2
		AnsatzOperators: Dataset (dtype=int64, shape=(50, 18), maxshape=(50, None))
			Attributes:
				DIMENSION_LABELS: ['mass' 'AnsatzOperatorAxis']
				NDataDims: 1
		Circuit:
			Attributes:
				Ansatz: HardwareAdaptAnsatz7
			AnsatzOptions:
				Attributes:
					num_qubits: 8
		CircuitParameters: Dataset (dtype=float64, shape=(50, 1610, 18), maxshape=(50, None, None))
			Attributes:
				DIMENSION_LABELS: ['mass' 'IterationAxis' 'CircuitParameterAxis']
				NDataDims: 2
		Data:
			Attributes:
			evs:
				Attributes:
				Hamiltonian: Dataset (dtype=float64, shape=(50, 1610), maxshape=(50, None))
					Attributes:
						DIMENSION_LABELS: ['mass' 'IterationAxis']
						NDataDims: 1
			stds:
				Attributes:
				Hamiltonian: Dataset (dtype=float64, shape=(50, 1610), maxshape=(50, None))
					Attributes:
						DIMENSION_LABELS: ['mass' 'IterationAxis']
						NDataDims: 1
		EstimatorOptions:
			Attributes:
				_VERSION: 2
				default_precision: Unset
				default_shots: Unset
				experimental: Unset
				max_execution_time: Unset
				resilience_level: Unset
				seed_estimator: 23862877
			dynamical_decoupling:
				Attributes:
					enable: Unset
					extra_slack_distribution: Unset
					scheduling_method: Unset
					sequence_type: Unset
					skip_reset_qubits: Unset
			environment:
				Attributes:
					callback: None
					job_tags: None
					log_level: WARNING
					private: False
			execution:
				Attributes:
					init_qubits: Unset
					rep_delay: Unset
			resilience:
				Attributes:
					layer_noise_model: Unset
					measure_mitigation: Unset
					pec_mitigation: Unset
					zne_mitigation: Unset
				layer_noise_learning:
					Attributes:
						layer_pair_depths: Unset
						max_layers_to_learn: Unset
						num_randomizations: Unset
						shots_per_randomization: Unset
				measure_noise_learning:
					Attributes:
						num_randomizations: Unset
						shots_per_randomization: Unset
				pec:
					Attributes:
						max_overhead: Unset
						noise_gain: Unset
				zne:
					Attributes:
						amplifier: Unset
						extrapolated_noise_factors: Unset
						extrapolator: Unset
						noise_factors: Unset
			simulator:
				Attributes:
					basis_gates: Unset
					coupling_map: Unset
					noise_model: Unset
					seed_simulator: Unset
			twirling:
				Attributes:
					enable_gates: Unset
					enable_measure: Unset
					num_randomizations: Unset
					shots_per_randomization: Unset
					strategy: Unset
		MetaData:
			Attributes:
			circuit_metadata: Dataset (dtype=object, shape=(50, 1610), maxshape=(50, None))
				Attributes:
					DIMENSION_LABELS: ['mass' 'IterationAxis']
					NDataDims: 1
			target_precision: Dataset (dtype=float64, shape=(50, 1610), maxshape=(50, None))
				Attributes:
					DIMENSION_LABELS: ['mass' 'IterationAxis']
					NDataDims: 1
			version: Dataset (dtype=int64, shape=(50, 1610), maxshape=(50, None))
				Attributes:
					DIMENSION_LABELS: ['mass' 'IterationAxis']
					NDataDims: 1
		NIterations: Dataset (dtype=int64, shape=(50,), maxshape=(50,))
			Attributes:
				DIMENSION_LABELS: ['mass']
				NDataDims: 0
		OptimizerOptions:
			Attributes:
				bounds: None
				callback: None
				constraints: []
				method: slsqp
				tol: None
				x0Seed: 23862877
			options:
				Attributes:
					disp: 0
					maxiter: 20000
		PresetPassManagerOptions:
			Attributes:
		SimulatorOptions:
			Attributes:
		StartIterations: Dataset (dtype=int64, shape=(50, 18), maxshape=(50, None))
			Attributes:
				DIMENSION_LABELS: ['mass' 'AnsatzOperatorAxis']
				NDataDims: 1
		VersionInfo:
			Attributes:
				QiskitAerVersion: 0.17.1
				QiskitIBMRuntimeVersion: 0.41.1
				QiskitVersion: 2.1.2
		mass: Dataset (dtype=float64, shape=(50,), maxshape=(50,))
			Attributes:
	2025-11-13_16-14-18-23863023:
		Attributes:
			HamiltonianType: ZeroChargePenalty
			Last-Modified: 2025-11-13_16-14-18
			ProcessId: 23863023
			SimulatorType: Aer
			SolverName: AdaptVQE
			SystemName: FreeWilson2D
			n_x: 2
			n_y: 2
			r: 1.0
		AdaptOptions:
			Attributes:
				gradient_hamiltonian_type: HamiltonianType.ZeroChargePenalty
				max_depth: 30
				prec_cutoff: 0.001
				precision: 0
		AnsatzOperatorDerivatives: Dataset (dtype=float64, shape=(50, 19, 38), maxshape=(50, None, 38))
			Attributes:
				DIMENSION_LABELS: ['mass' 'AnsatzOperatorAxis' 'AnsatzPoolOperatorAxis']
				NDataDims: 2
		AnsatzOperatorSecondDerivatives: Dataset (dtype=float64, shape=(50, 19, 38), maxshape=(50, None, 38))
			Attributes:
				DIMENSION_LABELS: ['mass' 'AnsatzOperatorAxis' 'AnsatzPoolOperatorAxis']
				NDataDims: 2
		AnsatzOperators: Dataset (dtype=int64, shape=(50, 18), maxshape=(50, None))
			Attributes:
				DIMENSION_LABELS: ['mass' 'AnsatzOperatorAxis']
				NDataDims: 1
		Circuit:
			Attributes:
				Ansatz: HardwareAdaptAnsatz7
			AnsatzOptions:
				Attributes:
					num_qubits: 8
		CircuitParameters: Dataset (dtype=float64, shape=(50, 1240, 18), maxshape=(50, None, None))
			Attributes:
				DIMENSION_LABELS: ['mass' 'IterationAxis' 'CircuitParameterAxis']
				NDataDims: 2
		Data:
			Attributes:
			evs:
				Attributes:
				Hamiltonian: Dataset (dtype=float64, shape=(50, 1240), maxshape=(50, None))
					Attributes:
						DIMENSION_LABELS: ['mass' 'IterationAxis']
						NDataDims: 1
			stds:
				Attributes:
				Hamiltonian: Dataset (dtype=float64, shape=(50, 1240), maxshape=(50, None))
					Attributes:
						DIMENSION_LABELS: ['mass' 'IterationAxis']
						NDataDims: 1
		EstimatorOptions:
			Attributes:
				_VERSION: 2
				default_precision: Unset
				default_shots: Unset
				experimental: Unset
				max_execution_time: Unset
				resilience_level: Unset
				seed_estimator: 23863023
			dynamical_decoupling:
				Attributes:
					enable: Unset
					extra_slack_distribution: Unset
					scheduling_method: Unset
					sequence_type: Unset
					skip_reset_qubits: Unset
			environment:
				Attributes:
					callback: None
					job_tags: None
					log_level: WARNING
					private: False
			execution:
				Attributes:
					init_qubits: Unset
					rep_delay: Unset
			resilience:
				Attributes:
					layer_noise_model: Unset
					measure_mitigation: Unset
					pec_mitigation: Unset
					zne_mitigation: Unset
				layer_noise_learning:
					Attributes:
						layer_pair_depths: Unset
						max_layers_to_learn: Unset
						num_randomizations: Unset
						shots_per_randomization: Unset
				measure_noise_learning:
					Attributes:
						num_randomizations: Unset
						shots_per_randomization: Unset
				pec:
					Attributes:
						max_overhead: Unset
						noise_gain: Unset
				zne:
					Attributes:
						amplifier: Unset
						extrapolated_noise_factors: Unset
						extrapolator: Unset
						noise_factors: Unset
			simulator:
				Attributes:
					basis_gates: Unset
					coupling_map: Unset
					noise_model: Unset
					seed_simulator: Unset
			twirling:
				Attributes:
					enable_gates: Unset
					enable_measure: Unset
					num_randomizations: Unset
					shots_per_randomization: Unset
					strategy: Unset
		MetaData:
			Attributes:
			circuit_metadata: Dataset (dtype=object, shape=(50, 1240), maxshape=(50, None))
				Attributes:
					DIMENSION_LABELS: ['mass' 'IterationAxis']
					NDataDims: 1
			simulator_metadata: Dataset (dtype=object, shape=(50, 1240), maxshape=(50, None))
				Attributes:
					DIMENSION_LABELS: ['mass' 'IterationAxis']
					NDataDims: 1
			target_precision: Dataset (dtype=float64, shape=(50, 1240), maxshape=(50, None))
				Attributes:
					DIMENSION_LABELS: ['mass' 'IterationAxis']
					NDataDims: 1
			version: Dataset (dtype=int64, shape=(50, 1240), maxshape=(50, None))
				Attributes:
					DIMENSION_LABELS: ['mass' 'IterationAxis']
					NDataDims: 1
		NIterations: Dataset (dtype=int64, shape=(50,), maxshape=(50,))
			Attributes:
				DIMENSION_LABELS: ['mass']
				NDataDims: 0
		OptimizerOptions:
			Attributes:
				bounds: None
				callback: None
				constraints: []
				method: slsqp
				tol: None
				x0Seed: 23863023
			options:
				Attributes:
					disp: 0
					maxiter: 20000
		PresetPassManagerOptions:
			Attributes:
		SimulatorOptions:
			Attributes:
				statevector_parallel_threshold: 6
		StartIterations: Dataset (dtype=int64, shape=(50, 18), maxshape=(50, None))
			Attributes:
				DIMENSION_LABELS: ['mass' 'AnsatzOperatorAxis']
				NDataDims: 1
		VersionInfo:
			Attributes:
				QiskitAerVersion: 0.17.1
				QiskitIBMRuntimeVersion: 0.41.1
				QiskitVersion: 2.1.2
		mass: Dataset (dtype=float64, shape=(50,), maxshape=(50,))
			Attributes:
	2025-11-13_16-22-00-23863126:
		Attributes:
			HamiltonianType: ZeroChargePenalty
			Last-Modified: 2025-11-13_16-22-00
			ProcessId: 23863126
			SimulatorType: Aer
			SolverName: AdaptVQE
			SystemName: FreeWilson2D
			n_x: 2
			n_y: 2
			r: 1.0
		AdaptOptions:
			Attributes:
				gradient_hamiltonian_type: HamiltonianType.ZeroChargePenalty
				max_depth: 30
				prec_cutoff: 0.001
				precision: 0
		AnsatzOperatorDerivatives: Dataset (dtype=float64, shape=(50, 19, 38), maxshape=(50, None, 38))
			Attributes:
				DIMENSION_LABELS: ['mass' 'AnsatzOperatorAxis' 'AnsatzPoolOperatorAxis']
				NDataDims: 2
		AnsatzOperatorSecondDerivatives: Dataset (dtype=float64, shape=(50, 19, 38), maxshape=(50, None, 38))
			Attributes:
				DIMENSION_LABELS: ['mass' 'AnsatzOperatorAxis' 'AnsatzPoolOperatorAxis']
				NDataDims: 2
		AnsatzOperators: Dataset (dtype=int64, shape=(50, 18), maxshape=(50, None))
			Attributes:
				DIMENSION_LABELS: ['mass' 'AnsatzOperatorAxis']
				NDataDims: 1
		Circuit:
			Attributes:
				Ansatz: HardwareAdaptAnsatz7
			AnsatzOptions:
				Attributes:
					num_qubits: 8
		CircuitParameters: Dataset (dtype=float64, shape=(50, 1240, 18), maxshape=(50, None, None))
			Attributes:
				DIMENSION_LABELS: ['mass' 'IterationAxis' 'CircuitParameterAxis']
				NDataDims: 2
		Data:
			Attributes:
			evs:
				Attributes:
				Hamiltonian: Dataset (dtype=float64, shape=(50, 1240), maxshape=(50, None))
					Attributes:
						DIMENSION_LABELS: ['mass' 'IterationAxis']
						NDataDims: 1
			stds:
				Attributes:
				Hamiltonian: Dataset (dtype=float64, shape=(50, 1240), maxshape=(50, None))
					Attributes:
						DIMENSION_LABELS: ['mass' 'IterationAxis']
						NDataDims: 1
		EstimatorOptions:
			Attributes:
				_VERSION: 2
				default_precision: Unset
				default_shots: Unset
				experimental: Unset
				max_execution_time: Unset
				resilience_level: Unset
				seed_estimator: 23863126
			dynamical_decoupling:
				Attributes:
					enable: Unset
					extra_slack_distribution: Unset
					scheduling_method: Unset
					sequence_type: Unset
					skip_reset_qubits: Unset
			environment:
				Attributes:
					callback: None
					job_tags: None
					log_level: WARNING
					private: False
			execution:
				Attributes:
					init_qubits: Unset
					rep_delay: Unset
			resilience:
				Attributes:
					layer_noise_model: Unset
					measure_mitigation: Unset
					pec_mitigation: Unset
					zne_mitigation: Unset
				layer_noise_learning:
					Attributes:
						layer_pair_depths: Unset
						max_layers_to_learn: Unset
						num_randomizations: Unset
						shots_per_randomization: Unset
				measure_noise_learning:
					Attributes:
						num_randomizations: Unset
						shots_per_randomization: Unset
				pec:
					Attributes:
						max_overhead: Unset
						noise_gain: Unset
				zne:
					Attributes:
						amplifier: Unset
						extrapolated_noise_factors: Unset
						extrapolator: Unset
						noise_factors: Unset
			simulator:
				Attributes:
					basis_gates: Unset
					coupling_map: Unset
					noise_model: Unset
					seed_simulator: Unset
			twirling:
				Attributes:
					enable_gates: Unset
					enable_measure: Unset
					num_randomizations: Unset
					shots_per_randomization: Unset
					strategy: Unset
		MetaData:
			Attributes:
			circuit_metadata: Dataset (dtype=object, shape=(50, 1240), maxshape=(50, None))
				Attributes:
					DIMENSION_LABELS: ['mass' 'IterationAxis']
					NDataDims: 1
			simulator_metadata: Dataset (dtype=object, shape=(50, 1240), maxshape=(50, None))
				Attributes:
					DIMENSION_LABELS: ['mass' 'IterationAxis']
					NDataDims: 1
			target_precision: Dataset (dtype=float64, shape=(50, 1240), maxshape=(50, None))
				Attributes:
					DIMENSION_LABELS: ['mass' 'IterationAxis']
					NDataDims: 1
			version: Dataset (dtype=int64, shape=(50, 1240), maxshape=(50, None))
				Attributes:
					DIMENSION_LABELS: ['mass' 'IterationAxis']
					NDataDims: 1
		NIterations: Dataset (dtype=int64, shape=(50,), maxshape=(50,))
			Attributes:
				DIMENSION_LABELS: ['mass']
				NDataDims: 0
		OptimizerOptions:
			Attributes:
				bounds: None
				callback: None
				constraints: []
				method: slsqp
				tol: None
				x0Seed: 23863126
			options:
				Attributes:
					disp: 0
					maxiter: 20000
		PresetPassManagerOptions:
			Attributes:
		SimulatorOptions:
			Attributes:
				method: matrix_product_state
		StartIterations: Dataset (dtype=int64, shape=(50, 18), maxshape=(50, None))
			Attributes:
				DIMENSION_LABELS: ['mass' 'AnsatzOperatorAxis']
				NDataDims: 1
		VersionInfo:
			Attributes:
				QiskitAerVersion: 0.17.1
				QiskitIBMRuntimeVersion: 0.41.1
				QiskitVersion: 2.1.2
		mass: Dataset (dtype=float64, shape=(50,), maxshape=(50,))
			Attributes:
	2025-11-13_16-36-21-23863344:
		Attributes:
			HamiltonianType: ZeroChargePenalty
			Last-Modified: 2025-11-13_16-36-21
			ProcessId: 23863344
			SimulatorType: Aer
			SolverName: AdaptVQE
			SystemName: FreeWilson2D
			n_x: 2
			n_y: 2
			r: 1.0
		AdaptOptions:
			Attributes:
				gradient_hamiltonian_type: HamiltonianType.ZeroChargePenalty
				max_depth: 30
				prec_cutoff: 0.001
				precision: 0
		AnsatzOperatorDerivatives: Dataset (dtype=float64, shape=(50, 19, 38), maxshape=(50, None, 38))
			Attributes:
				DIMENSION_LABELS: ['mass' 'AnsatzOperatorAxis' 'AnsatzPoolOperatorAxis']
				NDataDims: 2
		AnsatzOperatorSecondDerivatives: Dataset (dtype=float64, shape=(50, 19, 38), maxshape=(50, None, 38))
			Attributes:
				DIMENSION_LABELS: ['mass' 'AnsatzOperatorAxis' 'AnsatzPoolOperatorAxis']
				NDataDims: 2
		AnsatzOperators: Dataset (dtype=int64, shape=(50, 18), maxshape=(50, None))
			Attributes:
				DIMENSION_LABELS: ['mass' 'AnsatzOperatorAxis']
				NDataDims: 1
		Circuit:
			Attributes:
				Ansatz: HardwareAdaptAnsatz7
			AnsatzOptions:
				Attributes:
					num_qubits: 8
		CircuitParameters: Dataset (dtype=float64, shape=(50, 1240, 18), maxshape=(50, None, None))
			Attributes:
				DIMENSION_LABELS: ['mass' 'IterationAxis' 'CircuitParameterAxis']
				NDataDims: 2
		Data:
			Attributes:
			evs:
				Attributes:
				Hamiltonian: Dataset (dtype=float64, shape=(50, 1240), maxshape=(50, None))
					Attributes:
						DIMENSION_LABELS: ['mass' 'IterationAxis']
						NDataDims: 1
			stds:
				Attributes:
				Hamiltonian: Dataset (dtype=float64, shape=(50, 1240), maxshape=(50, None))
					Attributes:
						DIMENSION_LABELS: ['mass' 'IterationAxis']
						NDataDims: 1
		EstimatorOptions:
			Attributes:
				_VERSION: 2
				default_precision: Unset
				default_shots: Unset
				experimental: Unset
				max_execution_time: Unset
				resilience_level: Unset
				seed_estimator: 23863344
			dynamical_decoupling:
				Attributes:
					enable: Unset
					extra_slack_distribution: Unset
					scheduling_method: Unset
					sequence_type: Unset
					skip_reset_qubits: Unset
			environment:
				Attributes:
					callback: None
					job_tags: None
					log_level: WARNING
					private: False
			execution:
				Attributes:
					init_qubits: Unset
					rep_delay: Unset
			resilience:
				Attributes:
					layer_noise_model: Unset
					measure_mitigation: Unset
					pec_mitigation: Unset
					zne_mitigation: Unset
				layer_noise_learning:
					Attributes:
						layer_pair_depths: Unset
						max_layers_to_learn: Unset
						num_randomizations: Unset
						shots_per_randomization: Unset
				measure_noise_learning:
					Attributes:
						num_randomizations: Unset
						shots_per_randomization: Unset
				pec:
					Attributes:
						max_overhead: Unset
						noise_gain: Unset
				zne:
					Attributes:
						amplifier: Unset
						extrapolated_noise_factors: Unset
						extrapolator: Unset
						noise_factors: Unset
			simulator:
				Attributes:
					basis_gates: Unset
					coupling_map: Unset
					noise_model: Unset
					seed_simulator: Unset
			twirling:
				Attributes:
					enable_gates: Unset
					enable_measure: Unset
					num_randomizations: Unset
					shots_per_randomization: Unset
					strategy: Unset
		MetaData:
			Attributes:
			circuit_metadata: Dataset (dtype=object, shape=(50, 1240), maxshape=(50, None))
				Attributes:
					DIMENSION_LABELS: ['mass' 'IterationAxis']
					NDataDims: 1
			simulator_metadata: Dataset (dtype=object, shape=(50, 1240), maxshape=(50, None))
				Attributes:
					DIMENSION_LABELS: ['mass' 'IterationAxis']
					NDataDims: 1
			target_precision: Dataset (dtype=float64, shape=(50, 1240), maxshape=(50, None))
				Attributes:
					DIMENSION_LABELS: ['mass' 'IterationAxis']
					NDataDims: 1
			version: Dataset (dtype=int64, shape=(50, 1240), maxshape=(50, None))
				Attributes:
					DIMENSION_LABELS: ['mass' 'IterationAxis']
					NDataDims: 1
		NIterations: Dataset (dtype=int64, shape=(50,), maxshape=(50,))
			Attributes:
				DIMENSION_LABELS: ['mass']
				NDataDims: 0
		OptimizerOptions:
			Attributes:
				bounds: None
				callback: None
				constraints: []
				method: slsqp
				tol: None
				x0Seed: 23863344
			options:
				Attributes:
					disp: 0
					maxiter: 20000
		PresetPassManagerOptions:
			Attributes:
		SimulatorOptions:
			Attributes:
				method: matrix_product_state
				mps_parallel_threshold: 6
		StartIterations: Dataset (dtype=int64, shape=(50, 18), maxshape=(50, None))
			Attributes:
				DIMENSION_LABELS: ['mass' 'AnsatzOperatorAxis']
				NDataDims: 1
		VersionInfo:
			Attributes:
				QiskitAerVersion: 0.17.1
				QiskitIBMRuntimeVersion: 0.41.1
				QiskitVersion: 2.1.2
		mass: Dataset (dtype=float64, shape=(50,), maxshape=(50,))
			Attributes:
	2025-11-14_07-17-24-23863692:
		Attributes:
			HamiltonianType: ZeroChargePenalty
			Last-Modified: 2025-11-14_07-17-24
			ProcessId: 23863692
			SimulatorType: Aer
			SolverName: AdaptVQE
			SystemName: FreeWilson2D
			mass: -6.0
			n_x: 4
			n_y: 4
			r: 1.0
		AdaptOptions:
			Attributes:
				gradient_hamiltonian_type: HamiltonianType.ZeroChargePenalty
				max_depth: 2
				prec_cutoff: 0.001
				precision: 0
		AnsatzOperatorDerivatives: Dataset (dtype=float64, shape=(2, 158), maxshape=(None, 158))
			Attributes:
				DIMENSION_LABELS: ['AnsatzOperatorAxis' 'AnsatzPoolOperatorAxis']
				NDataDims: 2
		AnsatzOperatorSecondDerivatives: Dataset (dtype=float64, shape=(2, 158), maxshape=(None, 158))
			Attributes:
				DIMENSION_LABELS: ['AnsatzOperatorAxis' 'AnsatzPoolOperatorAxis']
				NDataDims: 2
		AnsatzOperators: Dataset (dtype=int64, shape=(1,), maxshape=(None,))
			Attributes:
				DIMENSION_LABELS: ['AnsatzOperatorAxis']
				NDataDims: 1
		Circuit:
			Attributes:
				Ansatz: HardwareAdaptAnsatz10
			AnsatzOptions:
				Attributes:
					num_qubits: 32
		CircuitParameters: Dataset (dtype=float64, shape=(10, 1), maxshape=(None, None))
			Attributes:
				DIMENSION_LABELS: ['IterationAxis' 'CircuitParameterAxis']
				NDataDims: 2
		Data:
			Attributes:
			evs:
				Attributes:
				Hamiltonian: Dataset (dtype=float64, shape=(10,), maxshape=(None,))
					Attributes:
						DIMENSION_LABELS: ['IterationAxis']
						NDataDims: 1
			stds:
				Attributes:
				Hamiltonian: Dataset (dtype=float64, shape=(10,), maxshape=(None,))
					Attributes:
						DIMENSION_LABELS: ['IterationAxis']
						NDataDims: 1
		EstimatorOptions:
			Attributes:
				_VERSION: 2
				default_precision: Unset
				default_shots: Unset
				experimental: Unset
				max_execution_time: Unset
				resilience_level: Unset
				seed_estimator: 23863692
			dynamical_decoupling:
				Attributes:
					enable: Unset
					extra_slack_distribution: Unset
					scheduling_method: Unset
					sequence_type: Unset
					skip_reset_qubits: Unset
			environment:
				Attributes:
					callback: None
					job_tags: None
					log_level: WARNING
					private: False
			execution:
				Attributes:
					init_qubits: Unset
					rep_delay: Unset
			resilience:
				Attributes:
					layer_noise_model: Unset
					measure_mitigation: Unset
					pec_mitigation: Unset
					zne_mitigation: Unset
				layer_noise_learning:
					Attributes:
						layer_pair_depths: Unset
						max_layers_to_learn: Unset
						num_randomizations: Unset
						shots_per_randomization: Unset
				measure_noise_learning:
					Attributes:
						num_randomizations: Unset
						shots_per_randomization: Unset
				pec:
					Attributes:
						max_overhead: Unset
						noise_gain: Unset
				zne:
					Attributes:
						amplifier: Unset
						extrapolated_noise_factors: Unset
						extrapolator: Unset
						noise_factors: Unset
			simulator:
				Attributes:
					basis_gates: Unset
					coupling_map: Unset
					noise_model: Unset
					seed_simulator: Unset
			twirling:
				Attributes:
					enable_gates: Unset
					enable_measure: Unset
					num_randomizations: Unset
					shots_per_randomization: Unset
					strategy: Unset
		MetaData:
			Attributes:
			circuit_metadata: Dataset (dtype=object, shape=(10,), maxshape=(None,))
				Attributes:
					DIMENSION_LABELS: ['IterationAxis']
					NDataDims: 1
			simulator_metadata: Dataset (dtype=object, shape=(10,), maxshape=(None,))
				Attributes:
					DIMENSION_LABELS: ['IterationAxis']
					NDataDims: 1
			target_precision: Dataset (dtype=float64, shape=(10,), maxshape=(None,))
				Attributes:
					DIMENSION_LABELS: ['IterationAxis']
					NDataDims: 1
			version: Dataset (dtype=int64, shape=(10,), maxshape=(None,))
				Attributes:
					DIMENSION_LABELS: ['IterationAxis']
					NDataDims: 1
		NIterations: Dataset (dtype=int64, shape=(), maxshape=())
			Attributes:
				NDataDims: 0
		OptimizerOptions:
			Attributes:
				bounds: None
				callback: None
				constraints: []
				method: slsqp
				tol: None
				x0Seed: 23863692
			options:
				Attributes:
					disp: 0
					maxiter: 100
		PresetPassManagerOptions:
			Attributes:
		SimulatorOptions:
			Attributes:
				method: statevector
		StartIterations: Dataset (dtype=int64, shape=(1,), maxshape=(None,))
			Attributes:
				DIMENSION_LABELS: ['AnsatzOperatorAxis']
				NDataDims: 1
		VersionInfo:
			Attributes:
				QiskitAerVersion: 0.17.1
				QiskitIBMRuntimeVersion: 0.41.1
				QiskitVersion: 2.1.2
	2025-11-14_14-34-12-23883059:
		Attributes:
			HamiltonianType: ZeroChargePenalty
			Last-Modified: 2025-11-14_14-34-12
			ProcessId: 23883059
			SimulatorType: Aer
			SolverName: AdaptVQE
			SystemName: FreeWilson2D
			mass: -6.0
			n_x: 4
			n_y: 4
			r: 1.0
		AdaptOptions:
			Attributes:
				gradient_hamiltonian_type: HamiltonianType.ZeroChargePenalty
				max_depth: 2
				prec_cutoff: 0.001
				precision: 0
		AnsatzOperatorDerivatives: Dataset (dtype=float64, shape=(2, 158), maxshape=(None, 158))
			Attributes:
				DIMENSION_LABELS: ['AnsatzOperatorAxis' 'AnsatzPoolOperatorAxis']
				NDataDims: 2
		AnsatzOperatorSecondDerivatives: Dataset (dtype=float64, shape=(2, 158), maxshape=(None, 158))
			Attributes:
				DIMENSION_LABELS: ['AnsatzOperatorAxis' 'AnsatzPoolOperatorAxis']
				NDataDims: 2
		AnsatzOperators: Dataset (dtype=int64, shape=(1,), maxshape=(None,))
			Attributes:
				DIMENSION_LABELS: ['AnsatzOperatorAxis']
				NDataDims: 1
		Circuit:
			Attributes:
				Ansatz: HardwareAdaptAnsatz10
			AnsatzOptions:
				Attributes:
					num_qubits: 32
		CircuitParameters: Dataset (dtype=float64, shape=(10, 1), maxshape=(None, None))
			Attributes:
				DIMENSION_LABELS: ['IterationAxis' 'CircuitParameterAxis']
				NDataDims: 2
		Data:
			Attributes:
			evs:
				Attributes:
				Hamiltonian: Dataset (dtype=float64, shape=(10,), maxshape=(None,))
					Attributes:
						DIMENSION_LABELS: ['IterationAxis']
						NDataDims: 1
			stds:
				Attributes:
				Hamiltonian: Dataset (dtype=float64, shape=(10,), maxshape=(None,))
					Attributes:
						DIMENSION_LABELS: ['IterationAxis']
						NDataDims: 1
		EstimatorOptions:
			Attributes:
				_VERSION: 2
				default_precision: Unset
				default_shots: Unset
				experimental: Unset
				max_execution_time: Unset
				resilience_level: Unset
				seed_estimator: 23883059
			dynamical_decoupling:
				Attributes:
					enable: Unset
					extra_slack_distribution: Unset
					scheduling_method: Unset
					sequence_type: Unset
					skip_reset_qubits: Unset
			environment:
				Attributes:
					callback: None
					job_tags: None
					log_level: WARNING
					private: False
			execution:
				Attributes:
					init_qubits: Unset
					rep_delay: Unset
			resilience:
				Attributes:
					layer_noise_model: Unset
					measure_mitigation: Unset
					pec_mitigation: Unset
					zne_mitigation: Unset
				layer_noise_learning:
					Attributes:
						layer_pair_depths: Unset
						max_layers_to_learn: Unset
						num_randomizations: Unset
						shots_per_randomization: Unset
				measure_noise_learning:
					Attributes:
						num_randomizations: Unset
						shots_per_randomization: Unset
				pec:
					Attributes:
						max_overhead: Unset
						noise_gain: Unset
				zne:
					Attributes:
						amplifier: Unset
						extrapolated_noise_factors: Unset
						extrapolator: Unset
						noise_factors: Unset
			simulator:
				Attributes:
					basis_gates: Unset
					coupling_map: Unset
					noise_model: Unset
					seed_simulator: Unset
			twirling:
				Attributes:
					enable_gates: Unset
					enable_measure: Unset
					num_randomizations: Unset
					shots_per_randomization: Unset
					strategy: Unset
		MetaData:
			Attributes:
			circuit_metadata: Dataset (dtype=object, shape=(10,), maxshape=(None,))
				Attributes:
					DIMENSION_LABELS: ['IterationAxis']
					NDataDims: 1
			simulator_metadata: Dataset (dtype=object, shape=(10,), maxshape=(None,))
				Attributes:
					DIMENSION_LABELS: ['IterationAxis']
					NDataDims: 1
			target_precision: Dataset (dtype=float64, shape=(10,), maxshape=(None,))
				Attributes:
					DIMENSION_LABELS: ['IterationAxis']
					NDataDims: 1
			version: Dataset (dtype=int64, shape=(10,), maxshape=(None,))
				Attributes:
					DIMENSION_LABELS: ['IterationAxis']
					NDataDims: 1
		NIterations: Dataset (dtype=int64, shape=(), maxshape=())
			Attributes:
				NDataDims: 0
		OptimizerOptions:
			Attributes:
				bounds: None
				callback: None
				constraints: []
				method: slsqp
				tol: None
				x0Seed: 23883059
			options:
				Attributes:
					disp: 0
					maxiter: 100
		PresetPassManagerOptions:
			Attributes:
		SimulatorOptions:
			Attributes:
				method: matrix_product_state
		StartIterations: Dataset (dtype=int64, shape=(1,), maxshape=(None,))
			Attributes:
				DIMENSION_LABELS: ['AnsatzOperatorAxis']
				NDataDims: 1
		VersionInfo:
			Attributes:
				QiskitAerVersion: 0.17.1
				QiskitIBMRuntimeVersion: 0.41.1
				QiskitVersion: 2.1.2
	2025-11-14_14-49-29-23883328:
		Attributes:
			HamiltonianType: ZeroChargePenalty
			Last-Modified: 2025-11-14_14-49-29
			ProcessId: 23883328
			SimulatorType: Aer
			SolverName: AdaptVQE
			SystemName: FreeWilson2D
			n_x: 4
			n_y: 4
			r: 1.0
		AdaptOptions:
			Attributes:
				gradient_hamiltonian_type: HamiltonianType.ZeroChargePenalty
				max_depth: 200
				prec_cutoff: 0.001
				precision: 0
		AnsatzOperatorDerivatives: Dataset (dtype=float64, shape=(2, 52, 158), maxshape=(2, None, 158))
			Attributes:
				DIMENSION_LABELS: ['mass' 'AnsatzOperatorAxis' 'AnsatzPoolOperatorAxis']
				NDataDims: 2
		AnsatzOperatorSecondDerivatives: Dataset (dtype=float64, shape=(2, 52, 158), maxshape=(2, None, 158))
			Attributes:
				DIMENSION_LABELS: ['mass' 'AnsatzOperatorAxis' 'AnsatzPoolOperatorAxis']
				NDataDims: 2
		AnsatzOperators: Dataset (dtype=int64, shape=(2, 51), maxshape=(2, None))
			Attributes:
				DIMENSION_LABELS: ['mass' 'AnsatzOperatorAxis']
				NDataDims: 1
		Circuit:
			Attributes:
				Ansatz: HardwareAdaptAnsatz7
			AnsatzOptions:
				Attributes:
					num_qubits: 32
		CircuitParameters: Dataset (dtype=float64, shape=(2, 15160, 51), maxshape=(2, None, None))
			Attributes:
				DIMENSION_LABELS: ['mass' 'IterationAxis' 'CircuitParameterAxis']
				NDataDims: 2
		Data:
			Attributes:
			evs:
				Attributes:
				Hamiltonian: Dataset (dtype=float64, shape=(2, 15160), maxshape=(2, None))
					Attributes:
						DIMENSION_LABELS: ['mass' 'IterationAxis']
						NDataDims: 1
			stds:
				Attributes:
				Hamiltonian: Dataset (dtype=float64, shape=(2, 15160), maxshape=(2, None))
					Attributes:
						DIMENSION_LABELS: ['mass' 'IterationAxis']
						NDataDims: 1
		EstimatorOptions:
			Attributes:
				_VERSION: 2
				default_precision: Unset
				default_shots: Unset
				experimental: Unset
				max_execution_time: Unset
				resilience_level: Unset
				seed_estimator: 23883328
			dynamical_decoupling:
				Attributes:
					enable: Unset
					extra_slack_distribution: Unset
					scheduling_method: Unset
					sequence_type: Unset
					skip_reset_qubits: Unset
			environment:
				Attributes:
					callback: None
					job_tags: None
					log_level: WARNING
					private: False
			execution:
				Attributes:
					init_qubits: Unset
					rep_delay: Unset
			resilience:
				Attributes:
					layer_noise_model: Unset
					measure_mitigation: Unset
					pec_mitigation: Unset
					zne_mitigation: Unset
				layer_noise_learning:
					Attributes:
						layer_pair_depths: Unset
						max_layers_to_learn: Unset
						num_randomizations: Unset
						shots_per_randomization: Unset
				measure_noise_learning:
					Attributes:
						num_randomizations: Unset
						shots_per_randomization: Unset
				pec:
					Attributes:
						max_overhead: Unset
						noise_gain: Unset
				zne:
					Attributes:
						amplifier: Unset
						extrapolated_noise_factors: Unset
						extrapolator: Unset
						noise_factors: Unset
			simulator:
				Attributes:
					basis_gates: Unset
					coupling_map: Unset
					noise_model: Unset
					seed_simulator: Unset
			twirling:
				Attributes:
					enable_gates: Unset
					enable_measure: Unset
					num_randomizations: Unset
					shots_per_randomization: Unset
					strategy: Unset
		MetaData:
			Attributes:
			circuit_metadata: Dataset (dtype=object, shape=(2, 15160), maxshape=(2, None))
				Attributes:
					DIMENSION_LABELS: ['mass' 'IterationAxis']
					NDataDims: 1
			simulator_metadata: Dataset (dtype=object, shape=(2, 15160), maxshape=(2, None))
				Attributes:
					DIMENSION_LABELS: ['mass' 'IterationAxis']
					NDataDims: 1
			target_precision: Dataset (dtype=float64, shape=(2, 15160), maxshape=(2, None))
				Attributes:
					DIMENSION_LABELS: ['mass' 'IterationAxis']
					NDataDims: 1
			version: Dataset (dtype=int64, shape=(2, 15160), maxshape=(2, None))
				Attributes:
					DIMENSION_LABELS: ['mass' 'IterationAxis']
					NDataDims: 1
		NIterations: Dataset (dtype=int64, shape=(2,), maxshape=(2,))
			Attributes:
				DIMENSION_LABELS: ['mass']
				NDataDims: 0
		OptimizerOptions:
			Attributes:
				bounds: None
				callback: None
				constraints: []
				method: slsqp
				tol: None
				x0Seed: 23883328
			options:
				Attributes:
					disp: 0
					maxiter: 20000
		PresetPassManagerOptions:
			Attributes:
		SimulatorOptions:
			Attributes:
				method: matrix_product_state
		StartIterations: Dataset (dtype=int64, shape=(2, 51), maxshape=(2, None))
			Attributes:
				DIMENSION_LABELS: ['mass' 'AnsatzOperatorAxis']
				NDataDims: 1
		VersionInfo:
			Attributes:
				QiskitAerVersion: 0.17.1
				QiskitIBMRuntimeVersion: 0.41.1
				QiskitVersion: 2.1.2
		mass: Dataset (dtype=float64, shape=(2,), maxshape=(2,))
			Attributes:
	2025-11-14_15-15-44-23884079:
		Attributes:
			HamiltonianType: ZeroChargePenalty
			Last-Modified: 2025-11-14_15-15-44
			ProcessId: 23884079
			SimulatorType: Aer
			SolverName: AdaptVQE
			SystemName: FreeWilson2D
			n_x: 2
			n_y: 2
			r: 1.0
		AdaptOptions:
			Attributes:
				gradient_hamiltonian_type: HamiltonianType.ZeroChargePenalty
				max_depth: 200
				prec_cutoff: 0.001
				precision: 0
		AnsatzOperatorDerivatives: Dataset (dtype=float64, shape=(2, 13, 38), maxshape=(2, None, 38))
			Attributes:
				DIMENSION_LABELS: ['mass' 'AnsatzOperatorAxis' 'AnsatzPoolOperatorAxis']
				NDataDims: 2
		AnsatzOperatorSecondDerivatives: Dataset (dtype=float64, shape=(2, 13, 38), maxshape=(2, None, 38))
			Attributes:
				DIMENSION_LABELS: ['mass' 'AnsatzOperatorAxis' 'AnsatzPoolOperatorAxis']
				NDataDims: 2
		AnsatzOperators: Dataset (dtype=int64, shape=(2, 12), maxshape=(2, None))
			Attributes:
				DIMENSION_LABELS: ['mass' 'AnsatzOperatorAxis']
				NDataDims: 1
		Circuit:
			Attributes:
				Ansatz: HardwareAdaptAnsatz7
			AnsatzOptions:
				Attributes:
					num_qubits: 8
		CircuitParameters: Dataset (dtype=float64, shape=(2, 1100, 12), maxshape=(2, None, None))
			Attributes:
				DIMENSION_LABELS: ['mass' 'IterationAxis' 'CircuitParameterAxis']
				NDataDims: 2
		Data:
			Attributes:
			evs:
				Attributes:
				Hamiltonian: Dataset (dtype=float64, shape=(2, 1100), maxshape=(2, None))
					Attributes:
						DIMENSION_LABELS: ['mass' 'IterationAxis']
						NDataDims: 1
			stds:
				Attributes:
				Hamiltonian: Dataset (dtype=float64, shape=(2, 1100), maxshape=(2, None))
					Attributes:
						DIMENSION_LABELS: ['mass' 'IterationAxis']
						NDataDims: 1
		EstimatorOptions:
			Attributes:
				_VERSION: 2
				default_precision: Unset
				default_shots: Unset
				experimental: Unset
				max_execution_time: Unset
				resilience_level: Unset
				seed_estimator: 23884079
			dynamical_decoupling:
				Attributes:
					enable: Unset
					extra_slack_distribution: Unset
					scheduling_method: Unset
					sequence_type: Unset
					skip_reset_qubits: Unset
			environment:
				Attributes:
					callback: None
					job_tags: None
					log_level: WARNING
					private: False
			execution:
				Attributes:
					init_qubits: Unset
					rep_delay: Unset
			resilience:
				Attributes:
					layer_noise_model: Unset
					measure_mitigation: Unset
					pec_mitigation: Unset
					zne_mitigation: Unset
				layer_noise_learning:
					Attributes:
						layer_pair_depths: Unset
						max_layers_to_learn: Unset
						num_randomizations: Unset
						shots_per_randomization: Unset
				measure_noise_learning:
					Attributes:
						num_randomizations: Unset
						shots_per_randomization: Unset
				pec:
					Attributes:
						max_overhead: Unset
						noise_gain: Unset
				zne:
					Attributes:
						amplifier: Unset
						extrapolated_noise_factors: Unset
						extrapolator: Unset
						noise_factors: Unset
			simulator:
				Attributes:
					basis_gates: Unset
					coupling_map: Unset
					noise_model: Unset
					seed_simulator: Unset
			twirling:
				Attributes:
					enable_gates: Unset
					enable_measure: Unset
					num_randomizations: Unset
					shots_per_randomization: Unset
					strategy: Unset
		MetaData:
			Attributes:
			circuit_metadata: Dataset (dtype=object, shape=(2, 1100), maxshape=(2, None))
				Attributes:
					DIMENSION_LABELS: ['mass' 'IterationAxis']
					NDataDims: 1
			simulator_metadata: Dataset (dtype=object, shape=(2, 1100), maxshape=(2, None))
				Attributes:
					DIMENSION_LABELS: ['mass' 'IterationAxis']
					NDataDims: 1
			target_precision: Dataset (dtype=float64, shape=(2, 1100), maxshape=(2, None))
				Attributes:
					DIMENSION_LABELS: ['mass' 'IterationAxis']
					NDataDims: 1
			version: Dataset (dtype=int64, shape=(2, 1100), maxshape=(2, None))
				Attributes:
					DIMENSION_LABELS: ['mass' 'IterationAxis']
					NDataDims: 1
		NIterations: Dataset (dtype=int64, shape=(2,), maxshape=(2,))
			Attributes:
				DIMENSION_LABELS: ['mass']
				NDataDims: 0
		OptimizerOptions:
			Attributes:
				bounds: None
				callback: None
				constraints: []
				method: slsqp
				tol: None
				x0Seed: 23884079
			options:
				Attributes:
					disp: 0
					maxiter: 20000
		PresetPassManagerOptions:
			Attributes:
		SimulatorOptions:
			Attributes:
				method: matrix_product_state
		StartIterations: Dataset (dtype=int64, shape=(2, 12), maxshape=(2, None))
			Attributes:
				DIMENSION_LABELS: ['mass' 'AnsatzOperatorAxis']
				NDataDims: 1
		VersionInfo:
			Attributes:
				QiskitAerVersion: 0.17.1
				QiskitIBMRuntimeVersion: 0.41.1
				QiskitVersion: 2.1.2
		mass: Dataset (dtype=float64, shape=(2,), maxshape=(2,))
			Attributes:
	2025-11-14_17-29-44-23886182:
		Attributes:
			HamiltonianType: ZeroChargePenalty
			Last-Modified: 2025-11-14_17-29-44
			ProcessId: 23886182
			SimulatorType: Aer
			SolverName: AdaptVQE
			SystemName: FreeWilson2D
			n_x: 4
			n_y: 4
			r: 1.0
		AdaptOptions:
			Attributes:
				gradient_hamiltonian_type: HamiltonianType.ZeroChargePenalty
				max_depth: 200
				prec_cutoff: 0.001
				precision: 0
		AnsatzOperatorDerivatives: Dataset (dtype=float64, shape=(20, 59, 158), maxshape=(20, None, 158))
			Attributes:
				DIMENSION_LABELS: ['mass' 'AnsatzOperatorAxis' 'AnsatzPoolOperatorAxis']
				NDataDims: 2
		AnsatzOperatorSecondDerivatives: Dataset (dtype=float64, shape=(20, 59, 158), maxshape=(20, None, 158))
			Attributes:
				DIMENSION_LABELS: ['mass' 'AnsatzOperatorAxis' 'AnsatzPoolOperatorAxis']
				NDataDims: 2
		AnsatzOperators: Dataset (dtype=int64, shape=(20, 58), maxshape=(20, None))
			Attributes:
				DIMENSION_LABELS: ['mass' 'AnsatzOperatorAxis']
				NDataDims: 1
		Circuit:
			Attributes:
				Ansatz: HardwareAdaptAnsatz7
			AnsatzOptions:
				Attributes:
					num_qubits: 32
		CircuitParameters: Dataset (dtype=float64, shape=(20, 19250, 58), maxshape=(20, None, None))
			Attributes:
				DIMENSION_LABELS: ['mass' 'IterationAxis' 'CircuitParameterAxis']
				NDataDims: 2
		Data:
			Attributes:
			evs:
				Attributes:
				Hamiltonian: Dataset (dtype=float64, shape=(20, 19250), maxshape=(20, None))
					Attributes:
						DIMENSION_LABELS: ['mass' 'IterationAxis']
						NDataDims: 1
			stds:
				Attributes:
				Hamiltonian: Dataset (dtype=float64, shape=(20, 19250), maxshape=(20, None))
					Attributes:
						DIMENSION_LABELS: ['mass' 'IterationAxis']
						NDataDims: 1
		EstimatorOptions:
			Attributes:
				_VERSION: 2
				default_precision: Unset
				default_shots: Unset
				experimental: Unset
				max_execution_time: Unset
				resilience_level: Unset
				seed_estimator: 23886182
			dynamical_decoupling:
				Attributes:
					enable: Unset
					extra_slack_distribution: Unset
					scheduling_method: Unset
					sequence_type: Unset
					skip_reset_qubits: Unset
			environment:
				Attributes:
					callback: None
					job_tags: None
					log_level: WARNING
					private: False
			execution:
				Attributes:
					init_qubits: Unset
					rep_delay: Unset
			resilience:
				Attributes:
					layer_noise_model: Unset
					measure_mitigation: Unset
					pec_mitigation: Unset
					zne_mitigation: Unset
				layer_noise_learning:
					Attributes:
						layer_pair_depths: Unset
						max_layers_to_learn: Unset
						num_randomizations: Unset
						shots_per_randomization: Unset
				measure_noise_learning:
					Attributes:
						num_randomizations: Unset
						shots_per_randomization: Unset
				pec:
					Attributes:
						max_overhead: Unset
						noise_gain: Unset
				zne:
					Attributes:
						amplifier: Unset
						extrapolated_noise_factors: Unset
						extrapolator: Unset
						noise_factors: Unset
			simulator:
				Attributes:
					basis_gates: Unset
					coupling_map: Unset
					noise_model: Unset
					seed_simulator: Unset
			twirling:
				Attributes:
					enable_gates: Unset
					enable_measure: Unset
					num_randomizations: Unset
					shots_per_randomization: Unset
					strategy: Unset
		MetaData:
			Attributes:
			circuit_metadata: Dataset (dtype=object, shape=(20, 19250), maxshape=(20, None))
				Attributes:
					DIMENSION_LABELS: ['mass' 'IterationAxis']
					NDataDims: 1
			simulator_metadata: Dataset (dtype=object, shape=(20, 19250), maxshape=(20, None))
				Attributes:
					DIMENSION_LABELS: ['mass' 'IterationAxis']
					NDataDims: 1
			target_precision: Dataset (dtype=float64, shape=(20, 19250), maxshape=(20, None))
				Attributes:
					DIMENSION_LABELS: ['mass' 'IterationAxis']
					NDataDims: 1
			version: Dataset (dtype=int64, shape=(20, 19250), maxshape=(20, None))
				Attributes:
					DIMENSION_LABELS: ['mass' 'IterationAxis']
					NDataDims: 1
		NIterations: Dataset (dtype=int64, shape=(20,), maxshape=(20,))
			Attributes:
				DIMENSION_LABELS: ['mass']
				NDataDims: 0
		OptimizerOptions:
			Attributes:
				bounds: None
				callback: None
				constraints: []
				method: slsqp
				tol: None
				x0Seed: 23886182
			options:
				Attributes:
					disp: 0
					maxiter: 20000
		PresetPassManagerOptions:
			Attributes:
		SimulatorOptions:
			Attributes:
				method: matrix_product_state
		StartIterations: Dataset (dtype=int64, shape=(20, 58), maxshape=(20, None))
			Attributes:
				DIMENSION_LABELS: ['mass' 'AnsatzOperatorAxis']
				NDataDims: 1
		VersionInfo:
			Attributes:
				QiskitAerVersion: 0.17.1
				QiskitIBMRuntimeVersion: 0.41.1
				QiskitVersion: 2.1.2
		mass: Dataset (dtype=float64, shape=(20,), maxshape=(20,))
			Attributes:
	2025-11-14_17-47-24-23886472:
		Attributes:
			HamiltonianType: ZeroChargePenalty
			Last-Modified: 2025-11-14_17-47-24
			ProcessId: 23886472
			SimulatorType: Aer
			SolverName: AdaptVQE
			SystemName: FreeWilson2D
			n_x: 2
			n_y: 2
			r: 1.0
		AdaptOptions:
			Attributes:
				gradient_hamiltonian_type: HamiltonianType.ZeroChargePenalty
				max_depth: 200
				prec_cutoff: 0.001
				precision: 0
		AnsatzOperatorDerivatives: Dataset (dtype=float64, shape=(50, 2, 52), maxshape=(50, None, 52))
			Attributes:
				DIMENSION_LABELS: ['mass' 'AnsatzOperatorAxis' 'AnsatzPoolOperatorAxis']
				NDataDims: 2
		AnsatzOperatorSecondDerivatives: Dataset (dtype=float64, shape=(50, 2, 52), maxshape=(50, None, 52))
			Attributes:
				DIMENSION_LABELS: ['mass' 'AnsatzOperatorAxis' 'AnsatzPoolOperatorAxis']
				NDataDims: 2
		AnsatzOperators: Dataset (dtype=int64, shape=(50, 1), maxshape=(50, None))
			Attributes:
				DIMENSION_LABELS: ['mass' 'AnsatzOperatorAxis']
				NDataDims: 1
		Circuit:
			Attributes:
				Ansatz: HardwareAdaptAnsatz12
			AnsatzOptions:
				Attributes:
					num_qubits: 8
		CircuitParameters: Dataset (dtype=float64, shape=(50, 10, 1), maxshape=(50, None, None))
			Attributes:
				DIMENSION_LABELS: ['mass' 'IterationAxis' 'CircuitParameterAxis']
				NDataDims: 2
		Data:
			Attributes:
			evs:
				Attributes:
				Hamiltonian: Dataset (dtype=float64, shape=(50, 10), maxshape=(50, None))
					Attributes:
						DIMENSION_LABELS: ['mass' 'IterationAxis']
						NDataDims: 1
			stds:
				Attributes:
				Hamiltonian: Dataset (dtype=float64, shape=(50, 10), maxshape=(50, None))
					Attributes:
						DIMENSION_LABELS: ['mass' 'IterationAxis']
						NDataDims: 1
		EstimatorOptions:
			Attributes:
				_VERSION: 2
				default_precision: Unset
				default_shots: Unset
				experimental: Unset
				max_execution_time: Unset
				resilience_level: Unset
				seed_estimator: 23886472
			dynamical_decoupling:
				Attributes:
					enable: Unset
					extra_slack_distribution: Unset
					scheduling_method: Unset
					sequence_type: Unset
					skip_reset_qubits: Unset
			environment:
				Attributes:
					callback: None
					job_tags: None
					log_level: WARNING
					private: False
			execution:
				Attributes:
					init_qubits: Unset
					rep_delay: Unset
			resilience:
				Attributes:
					layer_noise_model: Unset
					measure_mitigation: Unset
					pec_mitigation: Unset
					zne_mitigation: Unset
				layer_noise_learning:
					Attributes:
						layer_pair_depths: Unset
						max_layers_to_learn: Unset
						num_randomizations: Unset
						shots_per_randomization: Unset
				measure_noise_learning:
					Attributes:
						num_randomizations: Unset
						shots_per_randomization: Unset
				pec:
					Attributes:
						max_overhead: Unset
						noise_gain: Unset
				zne:
					Attributes:
						amplifier: Unset
						extrapolated_noise_factors: Unset
						extrapolator: Unset
						noise_factors: Unset
			simulator:
				Attributes:
					basis_gates: Unset
					coupling_map: Unset
					noise_model: Unset
					seed_simulator: Unset
			twirling:
				Attributes:
					enable_gates: Unset
					enable_measure: Unset
					num_randomizations: Unset
					shots_per_randomization: Unset
					strategy: Unset
		MetaData:
			Attributes:
			circuit_metadata: Dataset (dtype=object, shape=(50, 10), maxshape=(50, None))
				Attributes:
					DIMENSION_LABELS: ['mass' 'IterationAxis']
					NDataDims: 1
			simulator_metadata: Dataset (dtype=object, shape=(50, 10), maxshape=(50, None))
				Attributes:
					DIMENSION_LABELS: ['mass' 'IterationAxis']
					NDataDims: 1
			target_precision: Dataset (dtype=float64, shape=(50, 10), maxshape=(50, None))
				Attributes:
					DIMENSION_LABELS: ['mass' 'IterationAxis']
					NDataDims: 1
			version: Dataset (dtype=int64, shape=(50, 10), maxshape=(50, None))
				Attributes:
					DIMENSION_LABELS: ['mass' 'IterationAxis']
					NDataDims: 1
		NIterations: Dataset (dtype=int64, shape=(50,), maxshape=(50,))
			Attributes:
				DIMENSION_LABELS: ['mass']
				NDataDims: 0
		OptimizerOptions:
			Attributes:
				bounds: None
				callback: None
				constraints: []
				method: slsqp
				tol: None
				x0Seed: 23886472
			options:
				Attributes:
					disp: 0
					maxiter: 20000
		PresetPassManagerOptions:
			Attributes:
		SimulatorOptions:
			Attributes:
				method: statevector
		StartIterations: Dataset (dtype=int64, shape=(50, 1), maxshape=(50, None))
			Attributes:
				DIMENSION_LABELS: ['mass' 'AnsatzOperatorAxis']
				NDataDims: 1
		VersionInfo:
			Attributes:
				QiskitAerVersion: 0.17.1
				QiskitIBMRuntimeVersion: 0.41.1
				QiskitVersion: 2.1.2
		mass: Dataset (dtype=float64, shape=(50,), maxshape=(50,))
			Attributes:
	2025-11-14_18-07-21-23886762:
		Attributes:
			HamiltonianType: ZeroChargePenalty
			Last-Modified: 2025-11-14_18-07-21
			ProcessId: 23886762
			SimulatorType: Aer
			SolverName: AdaptVQE
			SystemName: FreeWilson2D
			n_x: 2
			n_y: 2
			r: 1.0
		AdaptOptions:
			Attributes:
				gradient_hamiltonian_type: HamiltonianType.ZeroChargePenalty
				max_depth: 200
				prec_cutoff: 0.001
				precision: 0
		AnsatzOperatorDerivatives: Dataset (dtype=float64, shape=(50, 2, 52), maxshape=(50, None, 52))
			Attributes:
				DIMENSION_LABELS: ['mass' 'AnsatzOperatorAxis' 'AnsatzPoolOperatorAxis']
				NDataDims: 2
		AnsatzOperatorSecondDerivatives: Dataset (dtype=float64, shape=(50, 2, 52), maxshape=(50, None, 52))
			Attributes:
				DIMENSION_LABELS: ['mass' 'AnsatzOperatorAxis' 'AnsatzPoolOperatorAxis']
				NDataDims: 2
		AnsatzOperators: Dataset (dtype=int64, shape=(50, 1), maxshape=(50, None))
			Attributes:
				DIMENSION_LABELS: ['mass' 'AnsatzOperatorAxis']
				NDataDims: 1
		Circuit:
			Attributes:
				Ansatz: HardwareAdaptAnsatz13
			AnsatzOptions:
				Attributes:
					num_qubits: 8
		CircuitParameters: Dataset (dtype=float64, shape=(50, 10, 1), maxshape=(50, None, None))
			Attributes:
				DIMENSION_LABELS: ['mass' 'IterationAxis' 'CircuitParameterAxis']
				NDataDims: 2
		Data:
			Attributes:
			evs:
				Attributes:
				Hamiltonian: Dataset (dtype=float64, shape=(50, 10), maxshape=(50, None))
					Attributes:
						DIMENSION_LABELS: ['mass' 'IterationAxis']
						NDataDims: 1
			stds:
				Attributes:
				Hamiltonian: Dataset (dtype=float64, shape=(50, 10), maxshape=(50, None))
					Attributes:
						DIMENSION_LABELS: ['mass' 'IterationAxis']
						NDataDims: 1
		EstimatorOptions:
			Attributes:
				_VERSION: 2
				default_precision: Unset
				default_shots: Unset
				experimental: Unset
				max_execution_time: Unset
				resilience_level: Unset
				seed_estimator: 23886762
			dynamical_decoupling:
				Attributes:
					enable: Unset
					extra_slack_distribution: Unset
					scheduling_method: Unset
					sequence_type: Unset
					skip_reset_qubits: Unset
			environment:
				Attributes:
					callback: None
					job_tags: None
					log_level: WARNING
					private: False
			execution:
				Attributes:
					init_qubits: Unset
					rep_delay: Unset
			resilience:
				Attributes:
					layer_noise_model: Unset
					measure_mitigation: Unset
					pec_mitigation: Unset
					zne_mitigation: Unset
				layer_noise_learning:
					Attributes:
						layer_pair_depths: Unset
						max_layers_to_learn: Unset
						num_randomizations: Unset
						shots_per_randomization: Unset
				measure_noise_learning:
					Attributes:
						num_randomizations: Unset
						shots_per_randomization: Unset
				pec:
					Attributes:
						max_overhead: Unset
						noise_gain: Unset
				zne:
					Attributes:
						amplifier: Unset
						extrapolated_noise_factors: Unset
						extrapolator: Unset
						noise_factors: Unset
			simulator:
				Attributes:
					basis_gates: Unset
					coupling_map: Unset
					noise_model: Unset
					seed_simulator: Unset
			twirling:
				Attributes:
					enable_gates: Unset
					enable_measure: Unset
					num_randomizations: Unset
					shots_per_randomization: Unset
					strategy: Unset
		MetaData:
			Attributes:
			circuit_metadata: Dataset (dtype=object, shape=(50, 10), maxshape=(50, None))
				Attributes:
					DIMENSION_LABELS: ['mass' 'IterationAxis']
					NDataDims: 1
			simulator_metadata: Dataset (dtype=object, shape=(50, 10), maxshape=(50, None))
				Attributes:
					DIMENSION_LABELS: ['mass' 'IterationAxis']
					NDataDims: 1
			target_precision: Dataset (dtype=float64, shape=(50, 10), maxshape=(50, None))
				Attributes:
					DIMENSION_LABELS: ['mass' 'IterationAxis']
					NDataDims: 1
			version: Dataset (dtype=int64, shape=(50, 10), maxshape=(50, None))
				Attributes:
					DIMENSION_LABELS: ['mass' 'IterationAxis']
					NDataDims: 1
		NIterations: Dataset (dtype=int64, shape=(50,), maxshape=(50,))
			Attributes:
				DIMENSION_LABELS: ['mass']
				NDataDims: 0
		OptimizerOptions:
			Attributes:
				bounds: None
				callback: None
				constraints: []
				method: slsqp
				tol: None
				x0Seed: 23886762
			options:
				Attributes:
					disp: 0
					maxiter: 20000
		PresetPassManagerOptions:
			Attributes:
		SimulatorOptions:
			Attributes:
				method: statevector
		StartIterations: Dataset (dtype=int64, shape=(50, 1), maxshape=(50, None))
			Attributes:
				DIMENSION_LABELS: ['mass' 'AnsatzOperatorAxis']
				NDataDims: 1
		VersionInfo:
			Attributes:
				QiskitAerVersion: 0.17.1
				QiskitIBMRuntimeVersion: 0.41.1
				QiskitVersion: 2.1.2
		mass: Dataset (dtype=float64, shape=(50,), maxshape=(50,))
			Attributes:
-----Ending pprint-----
Calculating for FreeWilson2D(N_x=2, N_y=2, mass=-6.000, r=1.000)
['mass=-6.000']
H: -15.999999983604068 255.9999996183015 1.4297131656348938e-07
C: 0.9999999979402237 4.1195526989668e-09
Calculating for FreeWilson2D(N_x=2, N_y=2, mass=-5.837, r=1.000)
['mass=-5.837']
H: -15.346937993575509 235.52851219574637 6.417094908783838e-06
C: 0.9999998958598877 2.0828021374263983e-07
Calculating for FreeWilson2D(N_x=2, N_y=2, mass=-5.673, r=1.000)
['mass=-5.673']
H: -14.693875886910673 215.9100014992257 1.2919290782065218e-05
C: 0.9999997700048076 4.599903320468002e-07
Calculating for FreeWilson2D(N_x=2, N_y=2, mass=-5.510, r=1.000)
['mass=-5.510']
H: -14.040816277217514 197.1445220632464 3.326701119021891e-07
C: 0.9999999912933707 1.7413258501797202e-08
Calculating for FreeWilson2D(N_x=2, N_y=2, mass=-5.347, r=1.000)
['mass=-5.347']
H: -13.387754673803972 179.23197829496678 3.0890066966549057e-06
C: 0.9999999322416901 1.3551661515176505e-07
Calculating for FreeWilson2D(N_x=2, N_y=2, mass=-5.184, r=1.000)
['mass=-5.184']
H: -12.734693877168509 162.17242814767764 2.484540573277627e-09
C: 0.999999999929373 1.412538974676636e-10
Calculating for FreeWilson2D(N_x=2, N_y=2, mass=-5.020, r=1.000)
['mass=-5.020']
H: -12.081632645276237 145.9658474214227 4.60182150163746e-08
C: 0.9999999986491913 2.7016173742566707e-09
Calculating for FreeWilson2D(N_x=2, N_y=2, mass=-4.857, r=1.000)
['mass=-4.857']
H: -11.428571404693923 130.61224443533993 8.315231525557465e-08
C: 0.9999999910904626 1.7819074771274757e-08
Calculating for FreeWilson2D(N_x=2, N_y=2, mass=-4.694, r=1.000)
['mass=-4.694']
H: -10.775510201110315 116.11162011233577 1.8103321508533554e-08
C: 0.9999999994447175 1.110564973316741e-09
Calculating for FreeWilson2D(N_x=2, N_y=2, mass=-4.531, r=1.000)
['mass=-4.531']
H: -10.122448975757715 102.46397328491054 1.8092123355017975e-08
C: 0.9999999982741724 3.451655183894786e-09
Calculating for FreeWilson2D(N_x=2, N_y=2, mass=-4.367, r=1.000)
['mass=-4.367']
H: -9.469387752715893 89.66930442428367 1.2997929843550082e-08
C: 0.999999999323324 1.3533520970554491e-09
Calculating for FreeWilson2D(N_x=2, N_y=2, mass=-4.204, r=1.000)
['mass=-4.204']
H: -8.816326485602893 77.72761288527748 1.8453441441579344e-07
C: 0.9999999838678091 3.2264381610858095e-08
Calculating for FreeWilson2D(N_x=2, N_y=2, mass=-4.041, r=1.000)
['mass=-4.041']
H: -8.163265298882365 66.63890037344115 3.350415056502243e-08
C: 0.9999999975998937 4.800212671796089e-09
Calculating for FreeWilson2D(N_x=2, N_y=2, mass=-3.878, r=1.000)
['mass=-3.878']
H: -7.510204080895599 56.40316534053799 3.837072881651693e-09
C: 0.999999999779091 4.4181791558628447e-10
Calculating for FreeWilson2D(N_x=2, N_y=2, mass=-3.714, r=1.000)
['mass=-3.714']
H: -6.857142849399299 47.02040808545764 2.8389699480158015e-08
C: 0.9999999951736485 9.652703081286518e-09
Calculating for FreeWilson2D(N_x=2, N_y=2, mass=-3.551, r=1.000)
['mass=-3.551']
H: -6.204081612822246 38.490628745027415 8.646833293823875e-08
C: 0.9999999935459082 1.2908183633086878e-08
Calculating for FreeWilson2D(N_x=2, N_y=2, mass=-3.388, r=1.000)
['mass=-3.388']
H: -5.5510204081631755 30.813827571844485 4.156675004196586e-13
C: 0.9999999999998825 2.349231920106831e-13
Calculating for FreeWilson2D(N_x=2, N_y=2, mass=-3.224, r=1.000)
['mass=-3.224']
H: -4.897959180125359 23.990004141813298 1.163901686140889e-08
C: 0.9999999985329932 2.934013698663307e-09
Calculating for FreeWilson2D(N_x=2, N_y=2, mass=-3.061, r=1.000)
['mass=-3.061']
H: -4.244897959110624 18.01915868349117 2.2963320134294918e-10
C: 0.999999999965361 6.927791673660977e-11
Calculating for FreeWilson2D(N_x=2, N_y=2, mass=-2.898, r=1.000)
['mass=-2.898']
H: -4.089672608708891 18.563362424846225 1.8379403784224415
C: -0.25250432411449053 0.9362415663034843
Calculating for FreeWilson2D(N_x=2, N_y=2, mass=-2.735, r=1.000)
['mass=-2.735']
H: -2.5100047717518206 8.819942972577573 2.519819018360664
C: 0.06375715205337398 0.9959350255620429
Calculating for FreeWilson2D(N_x=2, N_y=2, mass=-2.571, r=1.000)
['mass=-2.571']
H: -2.5099984952460974 8.71325688638239 2.4131644402447154
C: 0.06375549846074917 0.9959352364160214
Calculating for FreeWilson2D(N_x=2, N_y=2, mass=-2.408, r=1.000)
['mass=-2.408']
H: -3.4999997760347124 13.083297615198138 0.833299182955102
C: 2.9077199033120796e-06 0.9999999999915452
Calculating for FreeWilson2D(N_x=2, N_y=2, mass=-2.245, r=1.000)
['mass=-2.245']
H: -3.4999999999720006 13.02998750508951 0.7799875052855061
C: 7.00792216483981e-07 0.9999999999995088
Calculating for FreeWilson2D(N_x=2, N_y=2, mass=-2.082, r=1.000)
['mass=-2.082']
H: -3.4999999137790114 13.003331557216717 0.7533321607636285
C: -2.151389889906119e-07 0.9999999999999537
Calculating for FreeWilson2D(N_x=2, N_y=2, mass=-1.918, r=1.000)
['mass=-1.918']
H: -3.4999998991413355 13.003331491244769 0.7533321972554106
C: 3.006745230712168e-07 0.9999999999999096
Calculating for FreeWilson2D(N_x=2, N_y=2, mass=-1.755, r=1.000)
['mass=-1.755']
H: -3.4999999999902744 13.029987505161174 0.7799875052292524
C: 2.187404706204729e-07 0.9999999999999521
Calculating for FreeWilson2D(N_x=2, N_y=2, mass=-1.592, r=1.000)
['mass=-1.592']
H: -2.5099957506830846 8.63325737080035 2.3331787023532096
C: 0.06375694809855414 0.9959350515691583
Calculating for FreeWilson2D(N_x=2, N_y=2, mass=-1.429, r=1.000)
['mass=-1.429']
H: -3.4999994754144472 13.163262941761658 0.9132666138602534
C: 3.965670365393955e-06 0.9999999999842735
Calculating for FreeWilson2D(N_x=2, N_y=2, mass=-1.265, r=1.000)
['mass=-1.265']
H: -2.469387228197493 9.097874020328343 3.000000737543445
C: 7.68438239666629e-08 0.9999999999999941
Calculating for FreeWilson2D(N_x=2, N_y=2, mass=-1.102, r=1.000)
['mass=-1.102']
H: -3.591836734535663 12.901291128098924 5.391083135464214e-10
C: 0.9999999998893201 2.213598193634425e-10
Calculating for FreeWilson2D(N_x=2, N_y=2, mass=-0.939, r=1.000)
['mass=-0.939']
H: -4.244897952101791 18.01915864729581 2.3537829463293747e-08
C: 0.999999996287295 7.4254100645987364e-09
Calculating for FreeWilson2D(N_x=2, N_y=2, mass=-0.776, r=1.000)
['mass=-0.776']
H: -4.897959161707952 23.99000404276883 9.300996595129618e-08
C: 0.9999999820546382 3.589072317122799e-08
Calculating for FreeWilson2D(N_x=2, N_y=2, mass=-0.612, r=1.000)
['mass=-0.612']
H: -5.551020391789735 30.81382745851638 6.845091249374491e-08
C: 0.9999999884760788 2.3047842190315748e-08
Calculating for FreeWilson2D(N_x=2, N_y=2, mass=-0.449, r=1.000)
['mass=-0.449']
H: -6.2040814760263 38.490627637847126 6.766744604647101e-07
C: 0.9999998984172918 2.031654061651622e-07
Calculating for FreeWilson2D(N_x=2, N_y=2, mass=-0.286, r=1.000)
['mass=-0.286']
H: -6.85714249703896 47.02040491617955 1.6914818488089622e-06
C: 0.9999997896911821 4.2061759164546686e-07
Calculating for FreeWilson2D(N_x=2, N_y=2, mass=-0.122, r=1.000)
['mass=-0.122']
H: -7.510204080245035 56.40316533409593 7.166754301124456e-09
C: 0.9999999992669871 1.4660257452447922e-09
Calculating for FreeWilson2D(N_x=2, N_y=2, mass=0.041, r=1.000)
['mass=0.041']
H: -8.163265305440316 66.63890045031248 3.306908524791652e-09
C: 0.9999999996664843 6.670313190682009e-10
Calculating for FreeWilson2D(N_x=2, N_y=2, mass=0.204, r=1.000)
['mass=0.204']
H: -8.816326504088549 77.72761316721366 1.40519446745202e-07
C: 0.9999999880095931 2.39808136681674e-08
Calculating for FreeWilson2D(N_x=2, N_y=2, mass=0.367, r=1.000)
['mass=0.367']
H: -9.469387754872207 89.66930445339382 1.2701235618806095e-09
C: 0.999999999902991 1.9401791284678893e-10
Calculating for FreeWilson2D(N_x=2, N_y=2, mass=0.531, r=1.000)
['mass=0.531']
H: -10.122448838429492 102.46397130282523 8.162026716718174e-07
C: 0.9999999441643093 1.116713783666512e-07
Calculating for FreeWilson2D(N_x=2, N_y=2, mass=0.694, r=1.000)
['mass=0.694']
H: -10.775510191521196 116.11161996463363 7.705646964950574e-08
C: 0.9999999953733907 9.253218635763005e-09
Calculating for FreeWilson2D(N_x=2, N_y=2, mass=0.857, r=1.000)
['mass=0.857']
H: -11.42857142784138 130.61224488595604 4.683698762164568e-09
C: 0.9999999997464507 5.070985853450338e-10
Calculating for FreeWilson2D(N_x=2, N_y=2, mass=1.020, r=1.000)
['mass=1.020']
H: -12.081632104054904 145.96583813139554 3.833665402908082e-06
C: 0.9999998180108097 3.639783474618241e-07
Calculating for FreeWilson2D(N_x=2, N_y=2, mass=1.184, r=1.000)
['mass=1.184']
H: -12.734693467913544 162.1724205945211 2.8728011898238037e-06
C: 0.9999998702694388 2.594611054895779e-07
Calculating for FreeWilson2D(N_x=2, N_y=2, mass=1.347, r=1.000)
['mass=1.347']
H: -13.387752858996974 179.23194286397444 1.625039280384044e-05
C: 0.9999993263462111 1.34730712386677e-06
Calculating for FreeWilson2D(N_x=2, N_y=2, mass=1.510, r=1.000)
['mass=1.510']
H: -14.040816326008546 197.14452310444662 3.738506393347052e-09
C: 0.9999999998531272 2.9374569443518794e-10
Calculating for FreeWilson2D(N_x=2, N_y=2, mass=1.673, r=1.000)
['mass=1.673']
H: -14.693877516201908 215.91003673544986 2.74305904213179e-07
C: 0.9999999905565521 1.888689571405422e-08
Calculating for FreeWilson2D(N_x=2, N_y=2, mass=1.837, r=1.000)
['mass=1.837']
H: -15.346938718523122 235.52852849740273 4.6729860514460597e-07
C: 0.9999999850789516 2.984209657164172e-08
Calculating for FreeWilson2D(N_x=2, N_y=2, mass=2.000, r=1.000)
['mass=2.000']
H: -15.999999998395733 255.99999996240192 1.3738457482759259e-08
C: 0.9999999996007943 7.984113370440582e-10
-----Beginning pprint-----
/:
	Attributes:
	2025-11-10_14-19-01-23833720:
		Attributes:
			HamiltonianType: ZeroChargePenalty
			Last-Modified: 2025-11-10_14-19-01
			ProcessId: 23833720
			SimulatorType: Statevector
			SolverName: AdaptVQE
			SystemName: FreeWilson2D
			n_x: 2
			n_y: 2
			r: 1.0
		AdaptOptions:
			Attributes:
				gradient_hamiltonian_type: HamiltonianType.ZeroChargePenalty
				max_depth: 30
				prec_cutoff: 0.001
				precision: 0
		AnsatzOperatorDerivatives: Dataset (dtype=float64, shape=(10, 2, 80), maxshape=(10, None, 80))
			Attributes:
				DIMENSION_LABELS: ['mass' 'AnsatzOperatorAxis' 'AnsatzPoolOperatorAxis']
				NDataDims: 2
		AnsatzOperatorSecondDerivatives: Dataset (dtype=float64, shape=(10, 2, 80), maxshape=(10, None, 80))
			Attributes:
				DIMENSION_LABELS: ['mass' 'AnsatzOperatorAxis' 'AnsatzPoolOperatorAxis']
				NDataDims: 2
		AnsatzOperators: Dataset (dtype=int64, shape=(10, 1), maxshape=(10, None))
			Attributes:
				DIMENSION_LABELS: ['mass' 'AnsatzOperatorAxis']
				NDataDims: 1
		Circuit:
			Attributes:
				Ansatz: HardwareAdaptAnsatz11
			AnsatzOptions:
				Attributes:
					num_qubits: 8
		CircuitParameters: Dataset (dtype=float64, shape=(10, 10, 1), maxshape=(10, None, None))
			Attributes:
				DIMENSION_LABELS: ['mass' 'IterationAxis' 'CircuitParameterAxis']
				NDataDims: 2
		Data:
			Attributes:
			evs:
				Attributes:
				Hamiltonian: Dataset (dtype=float64, shape=(10, 10), maxshape=(10, None))
					Attributes:
						DIMENSION_LABELS: ['mass' 'IterationAxis']
						NDataDims: 1
			stds:
				Attributes:
				Hamiltonian: Dataset (dtype=float64, shape=(10, 10), maxshape=(10, None))
					Attributes:
						DIMENSION_LABELS: ['mass' 'IterationAxis']
						NDataDims: 1
		EstimatorOptions:
			Attributes:
				_VERSION: 2
				default_precision: Unset
				default_shots: Unset
				experimental: Unset
				max_execution_time: Unset
				resilience_level: Unset
				seed_estimator: 23833720
			dynamical_decoupling:
				Attributes:
					enable: Unset
					extra_slack_distribution: Unset
					scheduling_method: Unset
					sequence_type: Unset
					skip_reset_qubits: Unset
			environment:
				Attributes:
					callback: None
					job_tags: None
					log_level: WARNING
					private: False
			execution:
				Attributes:
					init_qubits: Unset
					rep_delay: Unset
			resilience:
				Attributes:
					layer_noise_model: Unset
					measure_mitigation: Unset
					pec_mitigation: Unset
					zne_mitigation: Unset
				layer_noise_learning:
					Attributes:
						layer_pair_depths: Unset
						max_layers_to_learn: Unset
						num_randomizations: Unset
						shots_per_randomization: Unset
				measure_noise_learning:
					Attributes:
						num_randomizations: Unset
						shots_per_randomization: Unset
				pec:
					Attributes:
						max_overhead: Unset
						noise_gain: Unset
				zne:
					Attributes:
						amplifier: Unset
						extrapolated_noise_factors: Unset
						extrapolator: Unset
						noise_factors: Unset
			simulator:
				Attributes:
					basis_gates: Unset
					coupling_map: Unset
					noise_model: Unset
					seed_simulator: Unset
			twirling:
				Attributes:
					enable_gates: Unset
					enable_measure: Unset
					num_randomizations: Unset
					shots_per_randomization: Unset
					strategy: Unset
		MetaData:
			Attributes:
			circuit_metadata: Dataset (dtype=object, shape=(10, 10), maxshape=(10, None))
				Attributes:
					DIMENSION_LABELS: ['mass' 'IterationAxis']
					NDataDims: 1
			target_precision: Dataset (dtype=float64, shape=(10, 10), maxshape=(10, None))
				Attributes:
					DIMENSION_LABELS: ['mass' 'IterationAxis']
					NDataDims: 1
			version: Dataset (dtype=int64, shape=(10, 10), maxshape=(10, None))
				Attributes:
					DIMENSION_LABELS: ['mass' 'IterationAxis']
					NDataDims: 1
		NIterations: Dataset (dtype=int64, shape=(10,), maxshape=(10,))
			Attributes:
				DIMENSION_LABELS: ['mass']
				NDataDims: 0
		OptimizerOptions:
			Attributes:
				bounds: None
				callback: None
				constraints: []
				method: slsqp
				tol: None
				x0Seed: 23833720
			options:
				Attributes:
					disp: 0
					maxiter: 20000
		PresetPassManagerOptions:
			Attributes:
		SimulatorOptions:
			Attributes:
		StartIterations: Dataset (dtype=int64, shape=(10, 1), maxshape=(10, None))
			Attributes:
				DIMENSION_LABELS: ['mass' 'AnsatzOperatorAxis']
				NDataDims: 1
		VersionInfo:
			Attributes:
				QiskitAerVersion: 0.17.1
				QiskitIBMRuntimeVersion: 0.41.1
				QiskitVersion: 2.1.2
		mass: Dataset (dtype=float64, shape=(10,), maxshape=(10,))
			Attributes:
	2025-11-13_14-45-01-23862036:
		Attributes:
			HamiltonianType: ZeroChargePenalty
			Last-Modified: 2025-11-13_14-45-01
			ProcessId: 23862036
			SimulatorType: Statevector
			SolverName: AdaptVQE
			SystemName: FreeWilson2D
			n_x: 2
			n_y: 2
			r: 1.0
		AdaptOptions:
			Attributes:
				gradient_hamiltonian_type: HamiltonianType.ZeroChargePenalty
				max_depth: 30
				prec_cutoff: 0.001
				precision: 0
		AnsatzOperatorDerivatives: Dataset (dtype=float64, shape=(50, 19, 38), maxshape=(50, None, 38))
			Attributes:
				DIMENSION_LABELS: ['mass' 'AnsatzOperatorAxis' 'AnsatzPoolOperatorAxis']
				NDataDims: 2
		AnsatzOperatorSecondDerivatives: Dataset (dtype=float64, shape=(50, 19, 38), maxshape=(50, None, 38))
			Attributes:
				DIMENSION_LABELS: ['mass' 'AnsatzOperatorAxis' 'AnsatzPoolOperatorAxis']
				NDataDims: 2
		AnsatzOperators: Dataset (dtype=int64, shape=(50, 18), maxshape=(50, None))
			Attributes:
				DIMENSION_LABELS: ['mass' 'AnsatzOperatorAxis']
				NDataDims: 1
		Circuit:
			Attributes:
				Ansatz: HardwareAdaptAnsatz7
			AnsatzOptions:
				Attributes:
					num_qubits: 8
		CircuitParameters: Dataset (dtype=float64, shape=(50, 1610, 18), maxshape=(50, None, None))
			Attributes:
				DIMENSION_LABELS: ['mass' 'IterationAxis' 'CircuitParameterAxis']
				NDataDims: 2
		Data:
			Attributes:
			Final:
				Attributes:
				ChargeConjugation: Dataset (dtype=float64, shape=(50,), maxshape=(50,))
					Attributes:
						DIMENSION_LABELS: ['mass']
						NDataDims: 0
				ChargeConjugationVariance: Dataset (dtype=float64, shape=(50,), maxshape=(50,))
					Attributes:
						DIMENSION_LABELS: ['mass']
						NDataDims: 0
				HamiltonianVariance: Dataset (dtype=float64, shape=(50,), maxshape=(50,))
					Attributes:
						DIMENSION_LABELS: ['mass']
						NDataDims: 0
			evs:
				Attributes:
				Hamiltonian: Dataset (dtype=float64, shape=(50, 1610), maxshape=(50, None))
					Attributes:
						DIMENSION_LABELS: ['mass' 'IterationAxis']
						NDataDims: 1
			stds:
				Attributes:
				Hamiltonian: Dataset (dtype=float64, shape=(50, 1610), maxshape=(50, None))
					Attributes:
						DIMENSION_LABELS: ['mass' 'IterationAxis']
						NDataDims: 1
		EstimatorOptions:
			Attributes:
				_VERSION: 2
				default_precision: Unset
				default_shots: Unset
				experimental: Unset
				max_execution_time: Unset
				resilience_level: Unset
				seed_estimator: 23862036
			dynamical_decoupling:
				Attributes:
					enable: Unset
					extra_slack_distribution: Unset
					scheduling_method: Unset
					sequence_type: Unset
					skip_reset_qubits: Unset
			environment:
				Attributes:
					callback: None
					job_tags: None
					log_level: WARNING
					private: False
			execution:
				Attributes:
					init_qubits: Unset
					rep_delay: Unset
			resilience:
				Attributes:
					layer_noise_model: Unset
					measure_mitigation: Unset
					pec_mitigation: Unset
					zne_mitigation: Unset
				layer_noise_learning:
					Attributes:
						layer_pair_depths: Unset
						max_layers_to_learn: Unset
						num_randomizations: Unset
						shots_per_randomization: Unset
				measure_noise_learning:
					Attributes:
						num_randomizations: Unset
						shots_per_randomization: Unset
				pec:
					Attributes:
						max_overhead: Unset
						noise_gain: Unset
				zne:
					Attributes:
						amplifier: Unset
						extrapolated_noise_factors: Unset
						extrapolator: Unset
						noise_factors: Unset
			simulator:
				Attributes:
					basis_gates: Unset
					coupling_map: Unset
					noise_model: Unset
					seed_simulator: Unset
			twirling:
				Attributes:
					enable_gates: Unset
					enable_measure: Unset
					num_randomizations: Unset
					shots_per_randomization: Unset
					strategy: Unset
		MetaData:
			Attributes:
			circuit_metadata: Dataset (dtype=object, shape=(50, 1610), maxshape=(50, None))
				Attributes:
					DIMENSION_LABELS: ['mass' 'IterationAxis']
					NDataDims: 1
			target_precision: Dataset (dtype=float64, shape=(50, 1610), maxshape=(50, None))
				Attributes:
					DIMENSION_LABELS: ['mass' 'IterationAxis']
					NDataDims: 1
			version: Dataset (dtype=int64, shape=(50, 1610), maxshape=(50, None))
				Attributes:
					DIMENSION_LABELS: ['mass' 'IterationAxis']
					NDataDims: 1
		NIterations: Dataset (dtype=int64, shape=(50,), maxshape=(50,))
			Attributes:
				DIMENSION_LABELS: ['mass']
				NDataDims: 0
		OptimizerOptions:
			Attributes:
				bounds: None
				callback: None
				constraints: []
				method: slsqp
				tol: None
				x0Seed: 23862036
			options:
				Attributes:
					disp: 0
					maxiter: 20000
		PresetPassManagerOptions:
			Attributes:
		SimulatorOptions:
			Attributes:
		StartIterations: Dataset (dtype=int64, shape=(50, 18), maxshape=(50, None))
			Attributes:
				DIMENSION_LABELS: ['mass' 'AnsatzOperatorAxis']
				NDataDims: 1
		VersionInfo:
			Attributes:
				QiskitAerVersion: 0.17.1
				QiskitIBMRuntimeVersion: 0.41.1
				QiskitVersion: 2.1.2
		mass: Dataset (dtype=float64, shape=(50,), maxshape=(50,))
			Attributes:
	2025-11-13_14-54-02-23862126:
		Attributes:
			HamiltonianType: ZeroChargePenalty
			Last-Modified: 2025-11-13_14-54-02
			ProcessId: 23862126
			SimulatorType: Aer
			SolverName: AdaptVQE
			SystemName: FreeWilson2D
			n_x: 2
			n_y: 2
			r: 1.0
		AdaptOptions:
			Attributes:
				gradient_hamiltonian_type: HamiltonianType.ZeroChargePenalty
				max_depth: 30
				prec_cutoff: 0.001
				precision: 0
		AnsatzOperatorDerivatives: Dataset (dtype=float64, shape=(50, 19, 38), maxshape=(50, None, 38))
			Attributes:
				DIMENSION_LABELS: ['mass' 'AnsatzOperatorAxis' 'AnsatzPoolOperatorAxis']
				NDataDims: 2
		AnsatzOperatorSecondDerivatives: Dataset (dtype=float64, shape=(50, 19, 38), maxshape=(50, None, 38))
			Attributes:
				DIMENSION_LABELS: ['mass' 'AnsatzOperatorAxis' 'AnsatzPoolOperatorAxis']
				NDataDims: 2
		AnsatzOperators: Dataset (dtype=int64, shape=(50, 18), maxshape=(50, None))
			Attributes:
				DIMENSION_LABELS: ['mass' 'AnsatzOperatorAxis']
				NDataDims: 1
		Circuit:
			Attributes:
				Ansatz: HardwareAdaptAnsatz7
			AnsatzOptions:
				Attributes:
					num_qubits: 8
		CircuitParameters: Dataset (dtype=float64, shape=(50, 1220, 18), maxshape=(50, None, None))
			Attributes:
				DIMENSION_LABELS: ['mass' 'IterationAxis' 'CircuitParameterAxis']
				NDataDims: 2
		Data:
			Attributes:
			evs:
				Attributes:
				Hamiltonian: Dataset (dtype=float64, shape=(50, 1220), maxshape=(50, None))
					Attributes:
						DIMENSION_LABELS: ['mass' 'IterationAxis']
						NDataDims: 1
			stds:
				Attributes:
				Hamiltonian: Dataset (dtype=float64, shape=(50, 1220), maxshape=(50, None))
					Attributes:
						DIMENSION_LABELS: ['mass' 'IterationAxis']
						NDataDims: 1
		EstimatorOptions:
			Attributes:
				_VERSION: 2
				default_precision: Unset
				default_shots: Unset
				experimental: Unset
				max_execution_time: Unset
				resilience_level: Unset
				seed_estimator: 23862126
			dynamical_decoupling:
				Attributes:
					enable: Unset
					extra_slack_distribution: Unset
					scheduling_method: Unset
					sequence_type: Unset
					skip_reset_qubits: Unset
			environment:
				Attributes:
					callback: None
					job_tags: None
					log_level: WARNING
					private: False
			execution:
				Attributes:
					init_qubits: Unset
					rep_delay: Unset
			resilience:
				Attributes:
					layer_noise_model: Unset
					measure_mitigation: Unset
					pec_mitigation: Unset
					zne_mitigation: Unset
				layer_noise_learning:
					Attributes:
						layer_pair_depths: Unset
						max_layers_to_learn: Unset
						num_randomizations: Unset
						shots_per_randomization: Unset
				measure_noise_learning:
					Attributes:
						num_randomizations: Unset
						shots_per_randomization: Unset
				pec:
					Attributes:
						max_overhead: Unset
						noise_gain: Unset
				zne:
					Attributes:
						amplifier: Unset
						extrapolated_noise_factors: Unset
						extrapolator: Unset
						noise_factors: Unset
			simulator:
				Attributes:
					basis_gates: Unset
					coupling_map: Unset
					noise_model: Unset
					seed_simulator: Unset
			twirling:
				Attributes:
					enable_gates: Unset
					enable_measure: Unset
					num_randomizations: Unset
					shots_per_randomization: Unset
					strategy: Unset
		MetaData:
			Attributes:
			circuit_metadata: Dataset (dtype=object, shape=(50, 1220), maxshape=(50, None))
				Attributes:
					DIMENSION_LABELS: ['mass' 'IterationAxis']
					NDataDims: 1
			simulator_metadata: Dataset (dtype=object, shape=(50, 1220), maxshape=(50, None))
				Attributes:
					DIMENSION_LABELS: ['mass' 'IterationAxis']
					NDataDims: 1
			target_precision: Dataset (dtype=float64, shape=(50, 1220), maxshape=(50, None))
				Attributes:
					DIMENSION_LABELS: ['mass' 'IterationAxis']
					NDataDims: 1
			version: Dataset (dtype=int64, shape=(50, 1220), maxshape=(50, None))
				Attributes:
					DIMENSION_LABELS: ['mass' 'IterationAxis']
					NDataDims: 1
		NIterations: Dataset (dtype=int64, shape=(50,), maxshape=(50,))
			Attributes:
				DIMENSION_LABELS: ['mass']
				NDataDims: 0
		OptimizerOptions:
			Attributes:
				bounds: None
				callback: None
				constraints: []
				method: slsqp
				tol: None
				x0Seed: 23862126
			options:
				Attributes:
					disp: 0
					maxiter: 20000
		PresetPassManagerOptions:
			Attributes:
		SimulatorOptions:
			Attributes:
		StartIterations: Dataset (dtype=int64, shape=(50, 18), maxshape=(50, None))
			Attributes:
				DIMENSION_LABELS: ['mass' 'AnsatzOperatorAxis']
				NDataDims: 1
		VersionInfo:
			Attributes:
				QiskitAerVersion: 0.17.1
				QiskitIBMRuntimeVersion: 0.41.1
				QiskitVersion: 2.1.2
		mass: Dataset (dtype=float64, shape=(50,), maxshape=(50,))
			Attributes:
	2025-11-13_15-58-15-23862817:
		Attributes:
			HamiltonianType: ZeroChargePenalty
			Last-Modified: 2025-11-13_15-58-15
			ProcessId: 23862817
			SimulatorType: Aer
			SolverName: AdaptVQE
			SystemName: FreeWilson2D
			n_x: 2
			n_y: 2
			r: 1.0
		AdaptOptions:
			Attributes:
				gradient_hamiltonian_type: HamiltonianType.ZeroChargePenalty
				max_depth: 30
				prec_cutoff: 0.001
				precision: 0
		AnsatzOperatorDerivatives: Dataset (dtype=float64, shape=(50, 19, 38), maxshape=(50, None, 38))
			Attributes:
				DIMENSION_LABELS: ['mass' 'AnsatzOperatorAxis' 'AnsatzPoolOperatorAxis']
				NDataDims: 2
		AnsatzOperatorSecondDerivatives: Dataset (dtype=float64, shape=(50, 19, 38), maxshape=(50, None, 38))
			Attributes:
				DIMENSION_LABELS: ['mass' 'AnsatzOperatorAxis' 'AnsatzPoolOperatorAxis']
				NDataDims: 2
		AnsatzOperators: Dataset (dtype=int64, shape=(50, 18), maxshape=(50, None))
			Attributes:
				DIMENSION_LABELS: ['mass' 'AnsatzOperatorAxis']
				NDataDims: 1
		Circuit:
			Attributes:
				Ansatz: HardwareAdaptAnsatz7
			AnsatzOptions:
				Attributes:
					num_qubits: 8
		CircuitParameters: Dataset (dtype=float64, shape=(50, 1220, 18), maxshape=(50, None, None))
			Attributes:
				DIMENSION_LABELS: ['mass' 'IterationAxis' 'CircuitParameterAxis']
				NDataDims: 2
		Data:
			Attributes:
			evs:
				Attributes:
				Hamiltonian: Dataset (dtype=float64, shape=(50, 1220), maxshape=(50, None))
					Attributes:
						DIMENSION_LABELS: ['mass' 'IterationAxis']
						NDataDims: 1
			stds:
				Attributes:
				Hamiltonian: Dataset (dtype=float64, shape=(50, 1220), maxshape=(50, None))
					Attributes:
						DIMENSION_LABELS: ['mass' 'IterationAxis']
						NDataDims: 1
		EstimatorOptions:
			Attributes:
				_VERSION: 2
				default_precision: Unset
				default_shots: Unset
				experimental: Unset
				max_execution_time: Unset
				resilience_level: Unset
				seed_estimator: 23862817
			dynamical_decoupling:
				Attributes:
					enable: Unset
					extra_slack_distribution: Unset
					scheduling_method: Unset
					sequence_type: Unset
					skip_reset_qubits: Unset
			environment:
				Attributes:
					callback: None
					job_tags: None
					log_level: WARNING
					private: False
			execution:
				Attributes:
					init_qubits: Unset
					rep_delay: Unset
			resilience:
				Attributes:
					layer_noise_model: Unset
					measure_mitigation: Unset
					pec_mitigation: Unset
					zne_mitigation: Unset
				layer_noise_learning:
					Attributes:
						layer_pair_depths: Unset
						max_layers_to_learn: Unset
						num_randomizations: Unset
						shots_per_randomization: Unset
				measure_noise_learning:
					Attributes:
						num_randomizations: Unset
						shots_per_randomization: Unset
				pec:
					Attributes:
						max_overhead: Unset
						noise_gain: Unset
				zne:
					Attributes:
						amplifier: Unset
						extrapolated_noise_factors: Unset
						extrapolator: Unset
						noise_factors: Unset
			simulator:
				Attributes:
					basis_gates: Unset
					coupling_map: Unset
					noise_model: Unset
					seed_simulator: Unset
			twirling:
				Attributes:
					enable_gates: Unset
					enable_measure: Unset
					num_randomizations: Unset
					shots_per_randomization: Unset
					strategy: Unset
		MetaData:
			Attributes:
			circuit_metadata: Dataset (dtype=object, shape=(50, 1220), maxshape=(50, None))
				Attributes:
					DIMENSION_LABELS: ['mass' 'IterationAxis']
					NDataDims: 1
			simulator_metadata: Dataset (dtype=object, shape=(50, 1220), maxshape=(50, None))
				Attributes:
					DIMENSION_LABELS: ['mass' 'IterationAxis']
					NDataDims: 1
			target_precision: Dataset (dtype=float64, shape=(50, 1220), maxshape=(50, None))
				Attributes:
					DIMENSION_LABELS: ['mass' 'IterationAxis']
					NDataDims: 1
			version: Dataset (dtype=int64, shape=(50, 1220), maxshape=(50, None))
				Attributes:
					DIMENSION_LABELS: ['mass' 'IterationAxis']
					NDataDims: 1
		NIterations: Dataset (dtype=int64, shape=(50,), maxshape=(50,))
			Attributes:
				DIMENSION_LABELS: ['mass']
				NDataDims: 0
		OptimizerOptions:
			Attributes:
				bounds: None
				callback: None
				constraints: []
				method: slsqp
				tol: None
				x0Seed: 23862817
			options:
				Attributes:
					disp: 0
					maxiter: 20000
		PresetPassManagerOptions:
			Attributes:
		SimulatorOptions:
			Attributes:
		StartIterations: Dataset (dtype=int64, shape=(50, 18), maxshape=(50, None))
			Attributes:
				DIMENSION_LABELS: ['mass' 'AnsatzOperatorAxis']
				NDataDims: 1
		VersionInfo:
			Attributes:
				QiskitAerVersion: 0.17.1
				QiskitIBMRuntimeVersion: 0.41.1
				QiskitVersion: 2.1.2
		mass: Dataset (dtype=float64, shape=(50,), maxshape=(50,))
			Attributes:
	2025-11-13_16-02-16-23862877:
		Attributes:
			HamiltonianType: ZeroChargePenalty
			Last-Modified: 2025-11-13_16-02-16
			ProcessId: 23862877
			SimulatorType: Statevector
			SolverName: AdaptVQE
			SystemName: FreeWilson2D
			n_x: 2
			n_y: 2
			r: 1.0
		AdaptOptions:
			Attributes:
				gradient_hamiltonian_type: HamiltonianType.ZeroChargePenalty
				max_depth: 30
				prec_cutoff: 0.001
				precision: 0
		AnsatzOperatorDerivatives: Dataset (dtype=float64, shape=(50, 19, 38), maxshape=(50, None, 38))
			Attributes:
				DIMENSION_LABELS: ['mass' 'AnsatzOperatorAxis' 'AnsatzPoolOperatorAxis']
				NDataDims: 2
		AnsatzOperatorSecondDerivatives: Dataset (dtype=float64, shape=(50, 19, 38), maxshape=(50, None, 38))
			Attributes:
				DIMENSION_LABELS: ['mass' 'AnsatzOperatorAxis' 'AnsatzPoolOperatorAxis']
				NDataDims: 2
		AnsatzOperators: Dataset (dtype=int64, shape=(50, 18), maxshape=(50, None))
			Attributes:
				DIMENSION_LABELS: ['mass' 'AnsatzOperatorAxis']
				NDataDims: 1
		Circuit:
			Attributes:
				Ansatz: HardwareAdaptAnsatz7
			AnsatzOptions:
				Attributes:
					num_qubits: 8
		CircuitParameters: Dataset (dtype=float64, shape=(50, 1610, 18), maxshape=(50, None, None))
			Attributes:
				DIMENSION_LABELS: ['mass' 'IterationAxis' 'CircuitParameterAxis']
				NDataDims: 2
		Data:
			Attributes:
			evs:
				Attributes:
				Hamiltonian: Dataset (dtype=float64, shape=(50, 1610), maxshape=(50, None))
					Attributes:
						DIMENSION_LABELS: ['mass' 'IterationAxis']
						NDataDims: 1
			stds:
				Attributes:
				Hamiltonian: Dataset (dtype=float64, shape=(50, 1610), maxshape=(50, None))
					Attributes:
						DIMENSION_LABELS: ['mass' 'IterationAxis']
						NDataDims: 1
		EstimatorOptions:
			Attributes:
				_VERSION: 2
				default_precision: Unset
				default_shots: Unset
				experimental: Unset
				max_execution_time: Unset
				resilience_level: Unset
				seed_estimator: 23862877
			dynamical_decoupling:
				Attributes:
					enable: Unset
					extra_slack_distribution: Unset
					scheduling_method: Unset
					sequence_type: Unset
					skip_reset_qubits: Unset
			environment:
				Attributes:
					callback: None
					job_tags: None
					log_level: WARNING
					private: False
			execution:
				Attributes:
					init_qubits: Unset
					rep_delay: Unset
			resilience:
				Attributes:
					layer_noise_model: Unset
					measure_mitigation: Unset
					pec_mitigation: Unset
					zne_mitigation: Unset
				layer_noise_learning:
					Attributes:
						layer_pair_depths: Unset
						max_layers_to_learn: Unset
						num_randomizations: Unset
						shots_per_randomization: Unset
				measure_noise_learning:
					Attributes:
						num_randomizations: Unset
						shots_per_randomization: Unset
				pec:
					Attributes:
						max_overhead: Unset
						noise_gain: Unset
				zne:
					Attributes:
						amplifier: Unset
						extrapolated_noise_factors: Unset
						extrapolator: Unset
						noise_factors: Unset
			simulator:
				Attributes:
					basis_gates: Unset
					coupling_map: Unset
					noise_model: Unset
					seed_simulator: Unset
			twirling:
				Attributes:
					enable_gates: Unset
					enable_measure: Unset
					num_randomizations: Unset
					shots_per_randomization: Unset
					strategy: Unset
		MetaData:
			Attributes:
			circuit_metadata: Dataset (dtype=object, shape=(50, 1610), maxshape=(50, None))
				Attributes:
					DIMENSION_LABELS: ['mass' 'IterationAxis']
					NDataDims: 1
			target_precision: Dataset (dtype=float64, shape=(50, 1610), maxshape=(50, None))
				Attributes:
					DIMENSION_LABELS: ['mass' 'IterationAxis']
					NDataDims: 1
			version: Dataset (dtype=int64, shape=(50, 1610), maxshape=(50, None))
				Attributes:
					DIMENSION_LABELS: ['mass' 'IterationAxis']
					NDataDims: 1
		NIterations: Dataset (dtype=int64, shape=(50,), maxshape=(50,))
			Attributes:
				DIMENSION_LABELS: ['mass']
				NDataDims: 0
		OptimizerOptions:
			Attributes:
				bounds: None
				callback: None
				constraints: []
				method: slsqp
				tol: None
				x0Seed: 23862877
			options:
				Attributes:
					disp: 0
					maxiter: 20000
		PresetPassManagerOptions:
			Attributes:
		SimulatorOptions:
			Attributes:
		StartIterations: Dataset (dtype=int64, shape=(50, 18), maxshape=(50, None))
			Attributes:
				DIMENSION_LABELS: ['mass' 'AnsatzOperatorAxis']
				NDataDims: 1
		VersionInfo:
			Attributes:
				QiskitAerVersion: 0.17.1
				QiskitIBMRuntimeVersion: 0.41.1
				QiskitVersion: 2.1.2
		mass: Dataset (dtype=float64, shape=(50,), maxshape=(50,))
			Attributes:
	2025-11-13_16-14-18-23863023:
		Attributes:
			HamiltonianType: ZeroChargePenalty
			Last-Modified: 2025-11-13_16-14-18
			ProcessId: 23863023
			SimulatorType: Aer
			SolverName: AdaptVQE
			SystemName: FreeWilson2D
			n_x: 2
			n_y: 2
			r: 1.0
		AdaptOptions:
			Attributes:
				gradient_hamiltonian_type: HamiltonianType.ZeroChargePenalty
				max_depth: 30
				prec_cutoff: 0.001
				precision: 0
		AnsatzOperatorDerivatives: Dataset (dtype=float64, shape=(50, 19, 38), maxshape=(50, None, 38))
			Attributes:
				DIMENSION_LABELS: ['mass' 'AnsatzOperatorAxis' 'AnsatzPoolOperatorAxis']
				NDataDims: 2
		AnsatzOperatorSecondDerivatives: Dataset (dtype=float64, shape=(50, 19, 38), maxshape=(50, None, 38))
			Attributes:
				DIMENSION_LABELS: ['mass' 'AnsatzOperatorAxis' 'AnsatzPoolOperatorAxis']
				NDataDims: 2
		AnsatzOperators: Dataset (dtype=int64, shape=(50, 18), maxshape=(50, None))
			Attributes:
				DIMENSION_LABELS: ['mass' 'AnsatzOperatorAxis']
				NDataDims: 1
		Circuit:
			Attributes:
				Ansatz: HardwareAdaptAnsatz7
			AnsatzOptions:
				Attributes:
					num_qubits: 8
		CircuitParameters: Dataset (dtype=float64, shape=(50, 1240, 18), maxshape=(50, None, None))
			Attributes:
				DIMENSION_LABELS: ['mass' 'IterationAxis' 'CircuitParameterAxis']
				NDataDims: 2
		Data:
			Attributes:
			evs:
				Attributes:
				Hamiltonian: Dataset (dtype=float64, shape=(50, 1240), maxshape=(50, None))
					Attributes:
						DIMENSION_LABELS: ['mass' 'IterationAxis']
						NDataDims: 1
			stds:
				Attributes:
				Hamiltonian: Dataset (dtype=float64, shape=(50, 1240), maxshape=(50, None))
					Attributes:
						DIMENSION_LABELS: ['mass' 'IterationAxis']
						NDataDims: 1
		EstimatorOptions:
			Attributes:
				_VERSION: 2
				default_precision: Unset
				default_shots: Unset
				experimental: Unset
				max_execution_time: Unset
				resilience_level: Unset
				seed_estimator: 23863023
			dynamical_decoupling:
				Attributes:
					enable: Unset
					extra_slack_distribution: Unset
					scheduling_method: Unset
					sequence_type: Unset
					skip_reset_qubits: Unset
			environment:
				Attributes:
					callback: None
					job_tags: None
					log_level: WARNING
					private: False
			execution:
				Attributes:
					init_qubits: Unset
					rep_delay: Unset
			resilience:
				Attributes:
					layer_noise_model: Unset
					measure_mitigation: Unset
					pec_mitigation: Unset
					zne_mitigation: Unset
				layer_noise_learning:
					Attributes:
						layer_pair_depths: Unset
						max_layers_to_learn: Unset
						num_randomizations: Unset
						shots_per_randomization: Unset
				measure_noise_learning:
					Attributes:
						num_randomizations: Unset
						shots_per_randomization: Unset
				pec:
					Attributes:
						max_overhead: Unset
						noise_gain: Unset
				zne:
					Attributes:
						amplifier: Unset
						extrapolated_noise_factors: Unset
						extrapolator: Unset
						noise_factors: Unset
			simulator:
				Attributes:
					basis_gates: Unset
					coupling_map: Unset
					noise_model: Unset
					seed_simulator: Unset
			twirling:
				Attributes:
					enable_gates: Unset
					enable_measure: Unset
					num_randomizations: Unset
					shots_per_randomization: Unset
					strategy: Unset
		MetaData:
			Attributes:
			circuit_metadata: Dataset (dtype=object, shape=(50, 1240), maxshape=(50, None))
				Attributes:
					DIMENSION_LABELS: ['mass' 'IterationAxis']
					NDataDims: 1
			simulator_metadata: Dataset (dtype=object, shape=(50, 1240), maxshape=(50, None))
				Attributes:
					DIMENSION_LABELS: ['mass' 'IterationAxis']
					NDataDims: 1
			target_precision: Dataset (dtype=float64, shape=(50, 1240), maxshape=(50, None))
				Attributes:
					DIMENSION_LABELS: ['mass' 'IterationAxis']
					NDataDims: 1
			version: Dataset (dtype=int64, shape=(50, 1240), maxshape=(50, None))
				Attributes:
					DIMENSION_LABELS: ['mass' 'IterationAxis']
					NDataDims: 1
		NIterations: Dataset (dtype=int64, shape=(50,), maxshape=(50,))
			Attributes:
				DIMENSION_LABELS: ['mass']
				NDataDims: 0
		OptimizerOptions:
			Attributes:
				bounds: None
				callback: None
				constraints: []
				method: slsqp
				tol: None
				x0Seed: 23863023
			options:
				Attributes:
					disp: 0
					maxiter: 20000
		PresetPassManagerOptions:
			Attributes:
		SimulatorOptions:
			Attributes:
				statevector_parallel_threshold: 6
		StartIterations: Dataset (dtype=int64, shape=(50, 18), maxshape=(50, None))
			Attributes:
				DIMENSION_LABELS: ['mass' 'AnsatzOperatorAxis']
				NDataDims: 1
		VersionInfo:
			Attributes:
				QiskitAerVersion: 0.17.1
				QiskitIBMRuntimeVersion: 0.41.1
				QiskitVersion: 2.1.2
		mass: Dataset (dtype=float64, shape=(50,), maxshape=(50,))
			Attributes:
	2025-11-13_16-22-00-23863126:
		Attributes:
			HamiltonianType: ZeroChargePenalty
			Last-Modified: 2025-11-13_16-22-00
			ProcessId: 23863126
			SimulatorType: Aer
			SolverName: AdaptVQE
			SystemName: FreeWilson2D
			n_x: 2
			n_y: 2
			r: 1.0
		AdaptOptions:
			Attributes:
				gradient_hamiltonian_type: HamiltonianType.ZeroChargePenalty
				max_depth: 30
				prec_cutoff: 0.001
				precision: 0
		AnsatzOperatorDerivatives: Dataset (dtype=float64, shape=(50, 19, 38), maxshape=(50, None, 38))
			Attributes:
				DIMENSION_LABELS: ['mass' 'AnsatzOperatorAxis' 'AnsatzPoolOperatorAxis']
				NDataDims: 2
		AnsatzOperatorSecondDerivatives: Dataset (dtype=float64, shape=(50, 19, 38), maxshape=(50, None, 38))
			Attributes:
				DIMENSION_LABELS: ['mass' 'AnsatzOperatorAxis' 'AnsatzPoolOperatorAxis']
				NDataDims: 2
		AnsatzOperators: Dataset (dtype=int64, shape=(50, 18), maxshape=(50, None))
			Attributes:
				DIMENSION_LABELS: ['mass' 'AnsatzOperatorAxis']
				NDataDims: 1
		Circuit:
			Attributes:
				Ansatz: HardwareAdaptAnsatz7
			AnsatzOptions:
				Attributes:
					num_qubits: 8
		CircuitParameters: Dataset (dtype=float64, shape=(50, 1240, 18), maxshape=(50, None, None))
			Attributes:
				DIMENSION_LABELS: ['mass' 'IterationAxis' 'CircuitParameterAxis']
				NDataDims: 2
		Data:
			Attributes:
			evs:
				Attributes:
				Hamiltonian: Dataset (dtype=float64, shape=(50, 1240), maxshape=(50, None))
					Attributes:
						DIMENSION_LABELS: ['mass' 'IterationAxis']
						NDataDims: 1
			stds:
				Attributes:
				Hamiltonian: Dataset (dtype=float64, shape=(50, 1240), maxshape=(50, None))
					Attributes:
						DIMENSION_LABELS: ['mass' 'IterationAxis']
						NDataDims: 1
		EstimatorOptions:
			Attributes:
				_VERSION: 2
				default_precision: Unset
				default_shots: Unset
				experimental: Unset
				max_execution_time: Unset
				resilience_level: Unset
				seed_estimator: 23863126
			dynamical_decoupling:
				Attributes:
					enable: Unset
					extra_slack_distribution: Unset
					scheduling_method: Unset
					sequence_type: Unset
					skip_reset_qubits: Unset
			environment:
				Attributes:
					callback: None
					job_tags: None
					log_level: WARNING
					private: False
			execution:
				Attributes:
					init_qubits: Unset
					rep_delay: Unset
			resilience:
				Attributes:
					layer_noise_model: Unset
					measure_mitigation: Unset
					pec_mitigation: Unset
					zne_mitigation: Unset
				layer_noise_learning:
					Attributes:
						layer_pair_depths: Unset
						max_layers_to_learn: Unset
						num_randomizations: Unset
						shots_per_randomization: Unset
				measure_noise_learning:
					Attributes:
						num_randomizations: Unset
						shots_per_randomization: Unset
				pec:
					Attributes:
						max_overhead: Unset
						noise_gain: Unset
				zne:
					Attributes:
						amplifier: Unset
						extrapolated_noise_factors: Unset
						extrapolator: Unset
						noise_factors: Unset
			simulator:
				Attributes:
					basis_gates: Unset
					coupling_map: Unset
					noise_model: Unset
					seed_simulator: Unset
			twirling:
				Attributes:
					enable_gates: Unset
					enable_measure: Unset
					num_randomizations: Unset
					shots_per_randomization: Unset
					strategy: Unset
		MetaData:
			Attributes:
			circuit_metadata: Dataset (dtype=object, shape=(50, 1240), maxshape=(50, None))
				Attributes:
					DIMENSION_LABELS: ['mass' 'IterationAxis']
					NDataDims: 1
			simulator_metadata: Dataset (dtype=object, shape=(50, 1240), maxshape=(50, None))
				Attributes:
					DIMENSION_LABELS: ['mass' 'IterationAxis']
					NDataDims: 1
			target_precision: Dataset (dtype=float64, shape=(50, 1240), maxshape=(50, None))
				Attributes:
					DIMENSION_LABELS: ['mass' 'IterationAxis']
					NDataDims: 1
			version: Dataset (dtype=int64, shape=(50, 1240), maxshape=(50, None))
				Attributes:
					DIMENSION_LABELS: ['mass' 'IterationAxis']
					NDataDims: 1
		NIterations: Dataset (dtype=int64, shape=(50,), maxshape=(50,))
			Attributes:
				DIMENSION_LABELS: ['mass']
				NDataDims: 0
		OptimizerOptions:
			Attributes:
				bounds: None
				callback: None
				constraints: []
				method: slsqp
				tol: None
				x0Seed: 23863126
			options:
				Attributes:
					disp: 0
					maxiter: 20000
		PresetPassManagerOptions:
			Attributes:
		SimulatorOptions:
			Attributes:
				method: matrix_product_state
		StartIterations: Dataset (dtype=int64, shape=(50, 18), maxshape=(50, None))
			Attributes:
				DIMENSION_LABELS: ['mass' 'AnsatzOperatorAxis']
				NDataDims: 1
		VersionInfo:
			Attributes:
				QiskitAerVersion: 0.17.1
				QiskitIBMRuntimeVersion: 0.41.1
				QiskitVersion: 2.1.2
		mass: Dataset (dtype=float64, shape=(50,), maxshape=(50,))
			Attributes:
	2025-11-13_16-36-21-23863344:
		Attributes:
			HamiltonianType: ZeroChargePenalty
			Last-Modified: 2025-11-13_16-36-21
			ProcessId: 23863344
			SimulatorType: Aer
			SolverName: AdaptVQE
			SystemName: FreeWilson2D
			n_x: 2
			n_y: 2
			r: 1.0
		AdaptOptions:
			Attributes:
				gradient_hamiltonian_type: HamiltonianType.ZeroChargePenalty
				max_depth: 30
				prec_cutoff: 0.001
				precision: 0
		AnsatzOperatorDerivatives: Dataset (dtype=float64, shape=(50, 19, 38), maxshape=(50, None, 38))
			Attributes:
				DIMENSION_LABELS: ['mass' 'AnsatzOperatorAxis' 'AnsatzPoolOperatorAxis']
				NDataDims: 2
		AnsatzOperatorSecondDerivatives: Dataset (dtype=float64, shape=(50, 19, 38), maxshape=(50, None, 38))
			Attributes:
				DIMENSION_LABELS: ['mass' 'AnsatzOperatorAxis' 'AnsatzPoolOperatorAxis']
				NDataDims: 2
		AnsatzOperators: Dataset (dtype=int64, shape=(50, 18), maxshape=(50, None))
			Attributes:
				DIMENSION_LABELS: ['mass' 'AnsatzOperatorAxis']
				NDataDims: 1
		Circuit:
			Attributes:
				Ansatz: HardwareAdaptAnsatz7
			AnsatzOptions:
				Attributes:
					num_qubits: 8
		CircuitParameters: Dataset (dtype=float64, shape=(50, 1240, 18), maxshape=(50, None, None))
			Attributes:
				DIMENSION_LABELS: ['mass' 'IterationAxis' 'CircuitParameterAxis']
				NDataDims: 2
		Data:
			Attributes:
			evs:
				Attributes:
				Hamiltonian: Dataset (dtype=float64, shape=(50, 1240), maxshape=(50, None))
					Attributes:
						DIMENSION_LABELS: ['mass' 'IterationAxis']
						NDataDims: 1
			stds:
				Attributes:
				Hamiltonian: Dataset (dtype=float64, shape=(50, 1240), maxshape=(50, None))
					Attributes:
						DIMENSION_LABELS: ['mass' 'IterationAxis']
						NDataDims: 1
		EstimatorOptions:
			Attributes:
				_VERSION: 2
				default_precision: Unset
				default_shots: Unset
				experimental: Unset
				max_execution_time: Unset
				resilience_level: Unset
				seed_estimator: 23863344
			dynamical_decoupling:
				Attributes:
					enable: Unset
					extra_slack_distribution: Unset
					scheduling_method: Unset
					sequence_type: Unset
					skip_reset_qubits: Unset
			environment:
				Attributes:
					callback: None
					job_tags: None
					log_level: WARNING
					private: False
			execution:
				Attributes:
					init_qubits: Unset
					rep_delay: Unset
			resilience:
				Attributes:
					layer_noise_model: Unset
					measure_mitigation: Unset
					pec_mitigation: Unset
					zne_mitigation: Unset
				layer_noise_learning:
					Attributes:
						layer_pair_depths: Unset
						max_layers_to_learn: Unset
						num_randomizations: Unset
						shots_per_randomization: Unset
				measure_noise_learning:
					Attributes:
						num_randomizations: Unset
						shots_per_randomization: Unset
				pec:
					Attributes:
						max_overhead: Unset
						noise_gain: Unset
				zne:
					Attributes:
						amplifier: Unset
						extrapolated_noise_factors: Unset
						extrapolator: Unset
						noise_factors: Unset
			simulator:
				Attributes:
					basis_gates: Unset
					coupling_map: Unset
					noise_model: Unset
					seed_simulator: Unset
			twirling:
				Attributes:
					enable_gates: Unset
					enable_measure: Unset
					num_randomizations: Unset
					shots_per_randomization: Unset
					strategy: Unset
		MetaData:
			Attributes:
			circuit_metadata: Dataset (dtype=object, shape=(50, 1240), maxshape=(50, None))
				Attributes:
					DIMENSION_LABELS: ['mass' 'IterationAxis']
					NDataDims: 1
			simulator_metadata: Dataset (dtype=object, shape=(50, 1240), maxshape=(50, None))
				Attributes:
					DIMENSION_LABELS: ['mass' 'IterationAxis']
					NDataDims: 1
			target_precision: Dataset (dtype=float64, shape=(50, 1240), maxshape=(50, None))
				Attributes:
					DIMENSION_LABELS: ['mass' 'IterationAxis']
					NDataDims: 1
			version: Dataset (dtype=int64, shape=(50, 1240), maxshape=(50, None))
				Attributes:
					DIMENSION_LABELS: ['mass' 'IterationAxis']
					NDataDims: 1
		NIterations: Dataset (dtype=int64, shape=(50,), maxshape=(50,))
			Attributes:
				DIMENSION_LABELS: ['mass']
				NDataDims: 0
		OptimizerOptions:
			Attributes:
				bounds: None
				callback: None
				constraints: []
				method: slsqp
				tol: None
				x0Seed: 23863344
			options:
				Attributes:
					disp: 0
					maxiter: 20000
		PresetPassManagerOptions:
			Attributes:
		SimulatorOptions:
			Attributes:
				method: matrix_product_state
				mps_parallel_threshold: 6
		StartIterations: Dataset (dtype=int64, shape=(50, 18), maxshape=(50, None))
			Attributes:
				DIMENSION_LABELS: ['mass' 'AnsatzOperatorAxis']
				NDataDims: 1
		VersionInfo:
			Attributes:
				QiskitAerVersion: 0.17.1
				QiskitIBMRuntimeVersion: 0.41.1
				QiskitVersion: 2.1.2
		mass: Dataset (dtype=float64, shape=(50,), maxshape=(50,))
			Attributes:
	2025-11-14_07-17-24-23863692:
		Attributes:
			HamiltonianType: ZeroChargePenalty
			Last-Modified: 2025-11-14_07-17-24
			ProcessId: 23863692
			SimulatorType: Aer
			SolverName: AdaptVQE
			SystemName: FreeWilson2D
			mass: -6.0
			n_x: 4
			n_y: 4
			r: 1.0
		AdaptOptions:
			Attributes:
				gradient_hamiltonian_type: HamiltonianType.ZeroChargePenalty
				max_depth: 2
				prec_cutoff: 0.001
				precision: 0
		AnsatzOperatorDerivatives: Dataset (dtype=float64, shape=(2, 158), maxshape=(None, 158))
			Attributes:
				DIMENSION_LABELS: ['AnsatzOperatorAxis' 'AnsatzPoolOperatorAxis']
				NDataDims: 2
		AnsatzOperatorSecondDerivatives: Dataset (dtype=float64, shape=(2, 158), maxshape=(None, 158))
			Attributes:
				DIMENSION_LABELS: ['AnsatzOperatorAxis' 'AnsatzPoolOperatorAxis']
				NDataDims: 2
		AnsatzOperators: Dataset (dtype=int64, shape=(1,), maxshape=(None,))
			Attributes:
				DIMENSION_LABELS: ['AnsatzOperatorAxis']
				NDataDims: 1
		Circuit:
			Attributes:
				Ansatz: HardwareAdaptAnsatz10
			AnsatzOptions:
				Attributes:
					num_qubits: 32
		CircuitParameters: Dataset (dtype=float64, shape=(10, 1), maxshape=(None, None))
			Attributes:
				DIMENSION_LABELS: ['IterationAxis' 'CircuitParameterAxis']
				NDataDims: 2
		Data:
			Attributes:
			evs:
				Attributes:
				Hamiltonian: Dataset (dtype=float64, shape=(10,), maxshape=(None,))
					Attributes:
						DIMENSION_LABELS: ['IterationAxis']
						NDataDims: 1
			stds:
				Attributes:
				Hamiltonian: Dataset (dtype=float64, shape=(10,), maxshape=(None,))
					Attributes:
						DIMENSION_LABELS: ['IterationAxis']
						NDataDims: 1
		EstimatorOptions:
			Attributes:
				_VERSION: 2
				default_precision: Unset
				default_shots: Unset
				experimental: Unset
				max_execution_time: Unset
				resilience_level: Unset
				seed_estimator: 23863692
			dynamical_decoupling:
				Attributes:
					enable: Unset
					extra_slack_distribution: Unset
					scheduling_method: Unset
					sequence_type: Unset
					skip_reset_qubits: Unset
			environment:
				Attributes:
					callback: None
					job_tags: None
					log_level: WARNING
					private: False
			execution:
				Attributes:
					init_qubits: Unset
					rep_delay: Unset
			resilience:
				Attributes:
					layer_noise_model: Unset
					measure_mitigation: Unset
					pec_mitigation: Unset
					zne_mitigation: Unset
				layer_noise_learning:
					Attributes:
						layer_pair_depths: Unset
						max_layers_to_learn: Unset
						num_randomizations: Unset
						shots_per_randomization: Unset
				measure_noise_learning:
					Attributes:
						num_randomizations: Unset
						shots_per_randomization: Unset
				pec:
					Attributes:
						max_overhead: Unset
						noise_gain: Unset
				zne:
					Attributes:
						amplifier: Unset
						extrapolated_noise_factors: Unset
						extrapolator: Unset
						noise_factors: Unset
			simulator:
				Attributes:
					basis_gates: Unset
					coupling_map: Unset
					noise_model: Unset
					seed_simulator: Unset
			twirling:
				Attributes:
					enable_gates: Unset
					enable_measure: Unset
					num_randomizations: Unset
					shots_per_randomization: Unset
					strategy: Unset
		MetaData:
			Attributes:
			circuit_metadata: Dataset (dtype=object, shape=(10,), maxshape=(None,))
				Attributes:
					DIMENSION_LABELS: ['IterationAxis']
					NDataDims: 1
			simulator_metadata: Dataset (dtype=object, shape=(10,), maxshape=(None,))
				Attributes:
					DIMENSION_LABELS: ['IterationAxis']
					NDataDims: 1
			target_precision: Dataset (dtype=float64, shape=(10,), maxshape=(None,))
				Attributes:
					DIMENSION_LABELS: ['IterationAxis']
					NDataDims: 1
			version: Dataset (dtype=int64, shape=(10,), maxshape=(None,))
				Attributes:
					DIMENSION_LABELS: ['IterationAxis']
					NDataDims: 1
		NIterations: Dataset (dtype=int64, shape=(), maxshape=())
			Attributes:
				NDataDims: 0
		OptimizerOptions:
			Attributes:
				bounds: None
				callback: None
				constraints: []
				method: slsqp
				tol: None
				x0Seed: 23863692
			options:
				Attributes:
					disp: 0
					maxiter: 100
		PresetPassManagerOptions:
			Attributes:
		SimulatorOptions:
			Attributes:
				method: statevector
		StartIterations: Dataset (dtype=int64, shape=(1,), maxshape=(None,))
			Attributes:
				DIMENSION_LABELS: ['AnsatzOperatorAxis']
				NDataDims: 1
		VersionInfo:
			Attributes:
				QiskitAerVersion: 0.17.1
				QiskitIBMRuntimeVersion: 0.41.1
				QiskitVersion: 2.1.2
	2025-11-14_14-34-12-23883059:
		Attributes:
			HamiltonianType: ZeroChargePenalty
			Last-Modified: 2025-11-14_14-34-12
			ProcessId: 23883059
			SimulatorType: Aer
			SolverName: AdaptVQE
			SystemName: FreeWilson2D
			mass: -6.0
			n_x: 4
			n_y: 4
			r: 1.0
		AdaptOptions:
			Attributes:
				gradient_hamiltonian_type: HamiltonianType.ZeroChargePenalty
				max_depth: 2
				prec_cutoff: 0.001
				precision: 0
		AnsatzOperatorDerivatives: Dataset (dtype=float64, shape=(2, 158), maxshape=(None, 158))
			Attributes:
				DIMENSION_LABELS: ['AnsatzOperatorAxis' 'AnsatzPoolOperatorAxis']
				NDataDims: 2
		AnsatzOperatorSecondDerivatives: Dataset (dtype=float64, shape=(2, 158), maxshape=(None, 158))
			Attributes:
				DIMENSION_LABELS: ['AnsatzOperatorAxis' 'AnsatzPoolOperatorAxis']
				NDataDims: 2
		AnsatzOperators: Dataset (dtype=int64, shape=(1,), maxshape=(None,))
			Attributes:
				DIMENSION_LABELS: ['AnsatzOperatorAxis']
				NDataDims: 1
		Circuit:
			Attributes:
				Ansatz: HardwareAdaptAnsatz10
			AnsatzOptions:
				Attributes:
					num_qubits: 32
		CircuitParameters: Dataset (dtype=float64, shape=(10, 1), maxshape=(None, None))
			Attributes:
				DIMENSION_LABELS: ['IterationAxis' 'CircuitParameterAxis']
				NDataDims: 2
		Data:
			Attributes:
			evs:
				Attributes:
				Hamiltonian: Dataset (dtype=float64, shape=(10,), maxshape=(None,))
					Attributes:
						DIMENSION_LABELS: ['IterationAxis']
						NDataDims: 1
			stds:
				Attributes:
				Hamiltonian: Dataset (dtype=float64, shape=(10,), maxshape=(None,))
					Attributes:
						DIMENSION_LABELS: ['IterationAxis']
						NDataDims: 1
		EstimatorOptions:
			Attributes:
				_VERSION: 2
				default_precision: Unset
				default_shots: Unset
				experimental: Unset
				max_execution_time: Unset
				resilience_level: Unset
				seed_estimator: 23883059
			dynamical_decoupling:
				Attributes:
					enable: Unset
					extra_slack_distribution: Unset
					scheduling_method: Unset
					sequence_type: Unset
					skip_reset_qubits: Unset
			environment:
				Attributes:
					callback: None
					job_tags: None
					log_level: WARNING
					private: False
			execution:
				Attributes:
					init_qubits: Unset
					rep_delay: Unset
			resilience:
				Attributes:
					layer_noise_model: Unset
					measure_mitigation: Unset
					pec_mitigation: Unset
					zne_mitigation: Unset
				layer_noise_learning:
					Attributes:
						layer_pair_depths: Unset
						max_layers_to_learn: Unset
						num_randomizations: Unset
						shots_per_randomization: Unset
				measure_noise_learning:
					Attributes:
						num_randomizations: Unset
						shots_per_randomization: Unset
				pec:
					Attributes:
						max_overhead: Unset
						noise_gain: Unset
				zne:
					Attributes:
						amplifier: Unset
						extrapolated_noise_factors: Unset
						extrapolator: Unset
						noise_factors: Unset
			simulator:
				Attributes:
					basis_gates: Unset
					coupling_map: Unset
					noise_model: Unset
					seed_simulator: Unset
			twirling:
				Attributes:
					enable_gates: Unset
					enable_measure: Unset
					num_randomizations: Unset
					shots_per_randomization: Unset
					strategy: Unset
		MetaData:
			Attributes:
			circuit_metadata: Dataset (dtype=object, shape=(10,), maxshape=(None,))
				Attributes:
					DIMENSION_LABELS: ['IterationAxis']
					NDataDims: 1
			simulator_metadata: Dataset (dtype=object, shape=(10,), maxshape=(None,))
				Attributes:
					DIMENSION_LABELS: ['IterationAxis']
					NDataDims: 1
			target_precision: Dataset (dtype=float64, shape=(10,), maxshape=(None,))
				Attributes:
					DIMENSION_LABELS: ['IterationAxis']
					NDataDims: 1
			version: Dataset (dtype=int64, shape=(10,), maxshape=(None,))
				Attributes:
					DIMENSION_LABELS: ['IterationAxis']
					NDataDims: 1
		NIterations: Dataset (dtype=int64, shape=(), maxshape=())
			Attributes:
				NDataDims: 0
		OptimizerOptions:
			Attributes:
				bounds: None
				callback: None
				constraints: []
				method: slsqp
				tol: None
				x0Seed: 23883059
			options:
				Attributes:
					disp: 0
					maxiter: 100
		PresetPassManagerOptions:
			Attributes:
		SimulatorOptions:
			Attributes:
				method: matrix_product_state
		StartIterations: Dataset (dtype=int64, shape=(1,), maxshape=(None,))
			Attributes:
				DIMENSION_LABELS: ['AnsatzOperatorAxis']
				NDataDims: 1
		VersionInfo:
			Attributes:
				QiskitAerVersion: 0.17.1
				QiskitIBMRuntimeVersion: 0.41.1
				QiskitVersion: 2.1.2
	2025-11-14_14-49-29-23883328:
		Attributes:
			HamiltonianType: ZeroChargePenalty
			Last-Modified: 2025-11-14_14-49-29
			ProcessId: 23883328
			SimulatorType: Aer
			SolverName: AdaptVQE
			SystemName: FreeWilson2D
			n_x: 4
			n_y: 4
			r: 1.0
		AdaptOptions:
			Attributes:
				gradient_hamiltonian_type: HamiltonianType.ZeroChargePenalty
				max_depth: 200
				prec_cutoff: 0.001
				precision: 0
		AnsatzOperatorDerivatives: Dataset (dtype=float64, shape=(2, 52, 158), maxshape=(2, None, 158))
			Attributes:
				DIMENSION_LABELS: ['mass' 'AnsatzOperatorAxis' 'AnsatzPoolOperatorAxis']
				NDataDims: 2
		AnsatzOperatorSecondDerivatives: Dataset (dtype=float64, shape=(2, 52, 158), maxshape=(2, None, 158))
			Attributes:
				DIMENSION_LABELS: ['mass' 'AnsatzOperatorAxis' 'AnsatzPoolOperatorAxis']
				NDataDims: 2
		AnsatzOperators: Dataset (dtype=int64, shape=(2, 51), maxshape=(2, None))
			Attributes:
				DIMENSION_LABELS: ['mass' 'AnsatzOperatorAxis']
				NDataDims: 1
		Circuit:
			Attributes:
				Ansatz: HardwareAdaptAnsatz7
			AnsatzOptions:
				Attributes:
					num_qubits: 32
		CircuitParameters: Dataset (dtype=float64, shape=(2, 15160, 51), maxshape=(2, None, None))
			Attributes:
				DIMENSION_LABELS: ['mass' 'IterationAxis' 'CircuitParameterAxis']
				NDataDims: 2
		Data:
			Attributes:
			evs:
				Attributes:
				Hamiltonian: Dataset (dtype=float64, shape=(2, 15160), maxshape=(2, None))
					Attributes:
						DIMENSION_LABELS: ['mass' 'IterationAxis']
						NDataDims: 1
			stds:
				Attributes:
				Hamiltonian: Dataset (dtype=float64, shape=(2, 15160), maxshape=(2, None))
					Attributes:
						DIMENSION_LABELS: ['mass' 'IterationAxis']
						NDataDims: 1
		EstimatorOptions:
			Attributes:
				_VERSION: 2
				default_precision: Unset
				default_shots: Unset
				experimental: Unset
				max_execution_time: Unset
				resilience_level: Unset
				seed_estimator: 23883328
			dynamical_decoupling:
				Attributes:
					enable: Unset
					extra_slack_distribution: Unset
					scheduling_method: Unset
					sequence_type: Unset
					skip_reset_qubits: Unset
			environment:
				Attributes:
					callback: None
					job_tags: None
					log_level: WARNING
					private: False
			execution:
				Attributes:
					init_qubits: Unset
					rep_delay: Unset
			resilience:
				Attributes:
					layer_noise_model: Unset
					measure_mitigation: Unset
					pec_mitigation: Unset
					zne_mitigation: Unset
				layer_noise_learning:
					Attributes:
						layer_pair_depths: Unset
						max_layers_to_learn: Unset
						num_randomizations: Unset
						shots_per_randomization: Unset
				measure_noise_learning:
					Attributes:
						num_randomizations: Unset
						shots_per_randomization: Unset
				pec:
					Attributes:
						max_overhead: Unset
						noise_gain: Unset
				zne:
					Attributes:
						amplifier: Unset
						extrapolated_noise_factors: Unset
						extrapolator: Unset
						noise_factors: Unset
			simulator:
				Attributes:
					basis_gates: Unset
					coupling_map: Unset
					noise_model: Unset
					seed_simulator: Unset
			twirling:
				Attributes:
					enable_gates: Unset
					enable_measure: Unset
					num_randomizations: Unset
					shots_per_randomization: Unset
					strategy: Unset
		MetaData:
			Attributes:
			circuit_metadata: Dataset (dtype=object, shape=(2, 15160), maxshape=(2, None))
				Attributes:
					DIMENSION_LABELS: ['mass' 'IterationAxis']
					NDataDims: 1
			simulator_metadata: Dataset (dtype=object, shape=(2, 15160), maxshape=(2, None))
				Attributes:
					DIMENSION_LABELS: ['mass' 'IterationAxis']
					NDataDims: 1
			target_precision: Dataset (dtype=float64, shape=(2, 15160), maxshape=(2, None))
				Attributes:
					DIMENSION_LABELS: ['mass' 'IterationAxis']
					NDataDims: 1
			version: Dataset (dtype=int64, shape=(2, 15160), maxshape=(2, None))
				Attributes:
					DIMENSION_LABELS: ['mass' 'IterationAxis']
					NDataDims: 1
		NIterations: Dataset (dtype=int64, shape=(2,), maxshape=(2,))
			Attributes:
				DIMENSION_LABELS: ['mass']
				NDataDims: 0
		OptimizerOptions:
			Attributes:
				bounds: None
				callback: None
				constraints: []
				method: slsqp
				tol: None
				x0Seed: 23883328
			options:
				Attributes:
					disp: 0
					maxiter: 20000
		PresetPassManagerOptions:
			Attributes:
		SimulatorOptions:
			Attributes:
				method: matrix_product_state
		StartIterations: Dataset (dtype=int64, shape=(2, 51), maxshape=(2, None))
			Attributes:
				DIMENSION_LABELS: ['mass' 'AnsatzOperatorAxis']
				NDataDims: 1
		VersionInfo:
			Attributes:
				QiskitAerVersion: 0.17.1
				QiskitIBMRuntimeVersion: 0.41.1
				QiskitVersion: 2.1.2
		mass: Dataset (dtype=float64, shape=(2,), maxshape=(2,))
			Attributes:
	2025-11-14_15-15-44-23884079:
		Attributes:
			HamiltonianType: ZeroChargePenalty
			Last-Modified: 2025-11-14_15-15-44
			ProcessId: 23884079
			SimulatorType: Aer
			SolverName: AdaptVQE
			SystemName: FreeWilson2D
			n_x: 2
			n_y: 2
			r: 1.0
		AdaptOptions:
			Attributes:
				gradient_hamiltonian_type: HamiltonianType.ZeroChargePenalty
				max_depth: 200
				prec_cutoff: 0.001
				precision: 0
		AnsatzOperatorDerivatives: Dataset (dtype=float64, shape=(2, 13, 38), maxshape=(2, None, 38))
			Attributes:
				DIMENSION_LABELS: ['mass' 'AnsatzOperatorAxis' 'AnsatzPoolOperatorAxis']
				NDataDims: 2
		AnsatzOperatorSecondDerivatives: Dataset (dtype=float64, shape=(2, 13, 38), maxshape=(2, None, 38))
			Attributes:
				DIMENSION_LABELS: ['mass' 'AnsatzOperatorAxis' 'AnsatzPoolOperatorAxis']
				NDataDims: 2
		AnsatzOperators: Dataset (dtype=int64, shape=(2, 12), maxshape=(2, None))
			Attributes:
				DIMENSION_LABELS: ['mass' 'AnsatzOperatorAxis']
				NDataDims: 1
		Circuit:
			Attributes:
				Ansatz: HardwareAdaptAnsatz7
			AnsatzOptions:
				Attributes:
					num_qubits: 8
		CircuitParameters: Dataset (dtype=float64, shape=(2, 1100, 12), maxshape=(2, None, None))
			Attributes:
				DIMENSION_LABELS: ['mass' 'IterationAxis' 'CircuitParameterAxis']
				NDataDims: 2
		Data:
			Attributes:
			evs:
				Attributes:
				Hamiltonian: Dataset (dtype=float64, shape=(2, 1100), maxshape=(2, None))
					Attributes:
						DIMENSION_LABELS: ['mass' 'IterationAxis']
						NDataDims: 1
			stds:
				Attributes:
				Hamiltonian: Dataset (dtype=float64, shape=(2, 1100), maxshape=(2, None))
					Attributes:
						DIMENSION_LABELS: ['mass' 'IterationAxis']
						NDataDims: 1
		EstimatorOptions:
			Attributes:
				_VERSION: 2
				default_precision: Unset
				default_shots: Unset
				experimental: Unset
				max_execution_time: Unset
				resilience_level: Unset
				seed_estimator: 23884079
			dynamical_decoupling:
				Attributes:
					enable: Unset
					extra_slack_distribution: Unset
					scheduling_method: Unset
					sequence_type: Unset
					skip_reset_qubits: Unset
			environment:
				Attributes:
					callback: None
					job_tags: None
					log_level: WARNING
					private: False
			execution:
				Attributes:
					init_qubits: Unset
					rep_delay: Unset
			resilience:
				Attributes:
					layer_noise_model: Unset
					measure_mitigation: Unset
					pec_mitigation: Unset
					zne_mitigation: Unset
				layer_noise_learning:
					Attributes:
						layer_pair_depths: Unset
						max_layers_to_learn: Unset
						num_randomizations: Unset
						shots_per_randomization: Unset
				measure_noise_learning:
					Attributes:
						num_randomizations: Unset
						shots_per_randomization: Unset
				pec:
					Attributes:
						max_overhead: Unset
						noise_gain: Unset
				zne:
					Attributes:
						amplifier: Unset
						extrapolated_noise_factors: Unset
						extrapolator: Unset
						noise_factors: Unset
			simulator:
				Attributes:
					basis_gates: Unset
					coupling_map: Unset
					noise_model: Unset
					seed_simulator: Unset
			twirling:
				Attributes:
					enable_gates: Unset
					enable_measure: Unset
					num_randomizations: Unset
					shots_per_randomization: Unset
					strategy: Unset
		MetaData:
			Attributes:
			circuit_metadata: Dataset (dtype=object, shape=(2, 1100), maxshape=(2, None))
				Attributes:
					DIMENSION_LABELS: ['mass' 'IterationAxis']
					NDataDims: 1
			simulator_metadata: Dataset (dtype=object, shape=(2, 1100), maxshape=(2, None))
				Attributes:
					DIMENSION_LABELS: ['mass' 'IterationAxis']
					NDataDims: 1
			target_precision: Dataset (dtype=float64, shape=(2, 1100), maxshape=(2, None))
				Attributes:
					DIMENSION_LABELS: ['mass' 'IterationAxis']
					NDataDims: 1
			version: Dataset (dtype=int64, shape=(2, 1100), maxshape=(2, None))
				Attributes:
					DIMENSION_LABELS: ['mass' 'IterationAxis']
					NDataDims: 1
		NIterations: Dataset (dtype=int64, shape=(2,), maxshape=(2,))
			Attributes:
				DIMENSION_LABELS: ['mass']
				NDataDims: 0
		OptimizerOptions:
			Attributes:
				bounds: None
				callback: None
				constraints: []
				method: slsqp
				tol: None
				x0Seed: 23884079
			options:
				Attributes:
					disp: 0
					maxiter: 20000
		PresetPassManagerOptions:
			Attributes:
		SimulatorOptions:
			Attributes:
				method: matrix_product_state
		StartIterations: Dataset (dtype=int64, shape=(2, 12), maxshape=(2, None))
			Attributes:
				DIMENSION_LABELS: ['mass' 'AnsatzOperatorAxis']
				NDataDims: 1
		VersionInfo:
			Attributes:
				QiskitAerVersion: 0.17.1
				QiskitIBMRuntimeVersion: 0.41.1
				QiskitVersion: 2.1.2
		mass: Dataset (dtype=float64, shape=(2,), maxshape=(2,))
			Attributes:
	2025-11-14_17-29-44-23886182:
		Attributes:
			HamiltonianType: ZeroChargePenalty
			Last-Modified: 2025-11-14_17-29-44
			ProcessId: 23886182
			SimulatorType: Aer
			SolverName: AdaptVQE
			SystemName: FreeWilson2D
			n_x: 4
			n_y: 4
			r: 1.0
		AdaptOptions:
			Attributes:
				gradient_hamiltonian_type: HamiltonianType.ZeroChargePenalty
				max_depth: 200
				prec_cutoff: 0.001
				precision: 0
		AnsatzOperatorDerivatives: Dataset (dtype=float64, shape=(20, 59, 158), maxshape=(20, None, 158))
			Attributes:
				DIMENSION_LABELS: ['mass' 'AnsatzOperatorAxis' 'AnsatzPoolOperatorAxis']
				NDataDims: 2
		AnsatzOperatorSecondDerivatives: Dataset (dtype=float64, shape=(20, 59, 158), maxshape=(20, None, 158))
			Attributes:
				DIMENSION_LABELS: ['mass' 'AnsatzOperatorAxis' 'AnsatzPoolOperatorAxis']
				NDataDims: 2
		AnsatzOperators: Dataset (dtype=int64, shape=(20, 58), maxshape=(20, None))
			Attributes:
				DIMENSION_LABELS: ['mass' 'AnsatzOperatorAxis']
				NDataDims: 1
		Circuit:
			Attributes:
				Ansatz: HardwareAdaptAnsatz7
			AnsatzOptions:
				Attributes:
					num_qubits: 32
		CircuitParameters: Dataset (dtype=float64, shape=(20, 19250, 58), maxshape=(20, None, None))
			Attributes:
				DIMENSION_LABELS: ['mass' 'IterationAxis' 'CircuitParameterAxis']
				NDataDims: 2
		Data:
			Attributes:
			evs:
				Attributes:
				Hamiltonian: Dataset (dtype=float64, shape=(20, 19250), maxshape=(20, None))
					Attributes:
						DIMENSION_LABELS: ['mass' 'IterationAxis']
						NDataDims: 1
			stds:
				Attributes:
				Hamiltonian: Dataset (dtype=float64, shape=(20, 19250), maxshape=(20, None))
					Attributes:
						DIMENSION_LABELS: ['mass' 'IterationAxis']
						NDataDims: 1
		EstimatorOptions:
			Attributes:
				_VERSION: 2
				default_precision: Unset
				default_shots: Unset
				experimental: Unset
				max_execution_time: Unset
				resilience_level: Unset
				seed_estimator: 23886182
			dynamical_decoupling:
				Attributes:
					enable: Unset
					extra_slack_distribution: Unset
					scheduling_method: Unset
					sequence_type: Unset
					skip_reset_qubits: Unset
			environment:
				Attributes:
					callback: None
					job_tags: None
					log_level: WARNING
					private: False
			execution:
				Attributes:
					init_qubits: Unset
					rep_delay: Unset
			resilience:
				Attributes:
					layer_noise_model: Unset
					measure_mitigation: Unset
					pec_mitigation: Unset
					zne_mitigation: Unset
				layer_noise_learning:
					Attributes:
						layer_pair_depths: Unset
						max_layers_to_learn: Unset
						num_randomizations: Unset
						shots_per_randomization: Unset
				measure_noise_learning:
					Attributes:
						num_randomizations: Unset
						shots_per_randomization: Unset
				pec:
					Attributes:
						max_overhead: Unset
						noise_gain: Unset
				zne:
					Attributes:
						amplifier: Unset
						extrapolated_noise_factors: Unset
						extrapolator: Unset
						noise_factors: Unset
			simulator:
				Attributes:
					basis_gates: Unset
					coupling_map: Unset
					noise_model: Unset
					seed_simulator: Unset
			twirling:
				Attributes:
					enable_gates: Unset
					enable_measure: Unset
					num_randomizations: Unset
					shots_per_randomization: Unset
					strategy: Unset
		MetaData:
			Attributes:
			circuit_metadata: Dataset (dtype=object, shape=(20, 19250), maxshape=(20, None))
				Attributes:
					DIMENSION_LABELS: ['mass' 'IterationAxis']
					NDataDims: 1
			simulator_metadata: Dataset (dtype=object, shape=(20, 19250), maxshape=(20, None))
				Attributes:
					DIMENSION_LABELS: ['mass' 'IterationAxis']
					NDataDims: 1
			target_precision: Dataset (dtype=float64, shape=(20, 19250), maxshape=(20, None))
				Attributes:
					DIMENSION_LABELS: ['mass' 'IterationAxis']
					NDataDims: 1
			version: Dataset (dtype=int64, shape=(20, 19250), maxshape=(20, None))
				Attributes:
					DIMENSION_LABELS: ['mass' 'IterationAxis']
					NDataDims: 1
		NIterations: Dataset (dtype=int64, shape=(20,), maxshape=(20,))
			Attributes:
				DIMENSION_LABELS: ['mass']
				NDataDims: 0
		OptimizerOptions:
			Attributes:
				bounds: None
				callback: None
				constraints: []
				method: slsqp
				tol: None
				x0Seed: 23886182
			options:
				Attributes:
					disp: 0
					maxiter: 20000
		PresetPassManagerOptions:
			Attributes:
		SimulatorOptions:
			Attributes:
				method: matrix_product_state
		StartIterations: Dataset (dtype=int64, shape=(20, 58), maxshape=(20, None))
			Attributes:
				DIMENSION_LABELS: ['mass' 'AnsatzOperatorAxis']
				NDataDims: 1
		VersionInfo:
			Attributes:
				QiskitAerVersion: 0.17.1
				QiskitIBMRuntimeVersion: 0.41.1
				QiskitVersion: 2.1.2
		mass: Dataset (dtype=float64, shape=(20,), maxshape=(20,))
			Attributes:
	2025-11-14_17-47-24-23886472:
		Attributes:
			HamiltonianType: ZeroChargePenalty
			Last-Modified: 2025-11-14_17-47-24
			ProcessId: 23886472
			SimulatorType: Aer
			SolverName: AdaptVQE
			SystemName: FreeWilson2D
			n_x: 2
			n_y: 2
			r: 1.0
		AdaptOptions:
			Attributes:
				gradient_hamiltonian_type: HamiltonianType.ZeroChargePenalty
				max_depth: 200
				prec_cutoff: 0.001
				precision: 0
		AnsatzOperatorDerivatives: Dataset (dtype=float64, shape=(50, 2, 52), maxshape=(50, None, 52))
			Attributes:
				DIMENSION_LABELS: ['mass' 'AnsatzOperatorAxis' 'AnsatzPoolOperatorAxis']
				NDataDims: 2
		AnsatzOperatorSecondDerivatives: Dataset (dtype=float64, shape=(50, 2, 52), maxshape=(50, None, 52))
			Attributes:
				DIMENSION_LABELS: ['mass' 'AnsatzOperatorAxis' 'AnsatzPoolOperatorAxis']
				NDataDims: 2
		AnsatzOperators: Dataset (dtype=int64, shape=(50, 1), maxshape=(50, None))
			Attributes:
				DIMENSION_LABELS: ['mass' 'AnsatzOperatorAxis']
				NDataDims: 1
		Circuit:
			Attributes:
				Ansatz: HardwareAdaptAnsatz12
			AnsatzOptions:
				Attributes:
					num_qubits: 8
		CircuitParameters: Dataset (dtype=float64, shape=(50, 10, 1), maxshape=(50, None, None))
			Attributes:
				DIMENSION_LABELS: ['mass' 'IterationAxis' 'CircuitParameterAxis']
				NDataDims: 2
		Data:
			Attributes:
			evs:
				Attributes:
				Hamiltonian: Dataset (dtype=float64, shape=(50, 10), maxshape=(50, None))
					Attributes:
						DIMENSION_LABELS: ['mass' 'IterationAxis']
						NDataDims: 1
			stds:
				Attributes:
				Hamiltonian: Dataset (dtype=float64, shape=(50, 10), maxshape=(50, None))
					Attributes:
						DIMENSION_LABELS: ['mass' 'IterationAxis']
						NDataDims: 1
		EstimatorOptions:
			Attributes:
				_VERSION: 2
				default_precision: Unset
				default_shots: Unset
				experimental: Unset
				max_execution_time: Unset
				resilience_level: Unset
				seed_estimator: 23886472
			dynamical_decoupling:
				Attributes:
					enable: Unset
					extra_slack_distribution: Unset
					scheduling_method: Unset
					sequence_type: Unset
					skip_reset_qubits: Unset
			environment:
				Attributes:
					callback: None
					job_tags: None
					log_level: WARNING
					private: False
			execution:
				Attributes:
					init_qubits: Unset
					rep_delay: Unset
			resilience:
				Attributes:
					layer_noise_model: Unset
					measure_mitigation: Unset
					pec_mitigation: Unset
					zne_mitigation: Unset
				layer_noise_learning:
					Attributes:
						layer_pair_depths: Unset
						max_layers_to_learn: Unset
						num_randomizations: Unset
						shots_per_randomization: Unset
				measure_noise_learning:
					Attributes:
						num_randomizations: Unset
						shots_per_randomization: Unset
				pec:
					Attributes:
						max_overhead: Unset
						noise_gain: Unset
				zne:
					Attributes:
						amplifier: Unset
						extrapolated_noise_factors: Unset
						extrapolator: Unset
						noise_factors: Unset
			simulator:
				Attributes:
					basis_gates: Unset
					coupling_map: Unset
					noise_model: Unset
					seed_simulator: Unset
			twirling:
				Attributes:
					enable_gates: Unset
					enable_measure: Unset
					num_randomizations: Unset
					shots_per_randomization: Unset
					strategy: Unset
		MetaData:
			Attributes:
			circuit_metadata: Dataset (dtype=object, shape=(50, 10), maxshape=(50, None))
				Attributes:
					DIMENSION_LABELS: ['mass' 'IterationAxis']
					NDataDims: 1
			simulator_metadata: Dataset (dtype=object, shape=(50, 10), maxshape=(50, None))
				Attributes:
					DIMENSION_LABELS: ['mass' 'IterationAxis']
					NDataDims: 1
			target_precision: Dataset (dtype=float64, shape=(50, 10), maxshape=(50, None))
				Attributes:
					DIMENSION_LABELS: ['mass' 'IterationAxis']
					NDataDims: 1
			version: Dataset (dtype=int64, shape=(50, 10), maxshape=(50, None))
				Attributes:
					DIMENSION_LABELS: ['mass' 'IterationAxis']
					NDataDims: 1
		NIterations: Dataset (dtype=int64, shape=(50,), maxshape=(50,))
			Attributes:
				DIMENSION_LABELS: ['mass']
				NDataDims: 0
		OptimizerOptions:
			Attributes:
				bounds: None
				callback: None
				constraints: []
				method: slsqp
				tol: None
				x0Seed: 23886472
			options:
				Attributes:
					disp: 0
					maxiter: 20000
		PresetPassManagerOptions:
			Attributes:
		SimulatorOptions:
			Attributes:
				method: statevector
		StartIterations: Dataset (dtype=int64, shape=(50, 1), maxshape=(50, None))
			Attributes:
				DIMENSION_LABELS: ['mass' 'AnsatzOperatorAxis']
				NDataDims: 1
		VersionInfo:
			Attributes:
				QiskitAerVersion: 0.17.1
				QiskitIBMRuntimeVersion: 0.41.1
				QiskitVersion: 2.1.2
		mass: Dataset (dtype=float64, shape=(50,), maxshape=(50,))
			Attributes:
	2025-11-14_18-07-21-23886762:
		Attributes:
			HamiltonianType: ZeroChargePenalty
			Last-Modified: 2025-11-14_18-07-21
			ProcessId: 23886762
			SimulatorType: Aer
			SolverName: AdaptVQE
			SystemName: FreeWilson2D
			n_x: 2
			n_y: 2
			r: 1.0
		AdaptOptions:
			Attributes:
				gradient_hamiltonian_type: HamiltonianType.ZeroChargePenalty
				max_depth: 200
				prec_cutoff: 0.001
				precision: 0
		AnsatzOperatorDerivatives: Dataset (dtype=float64, shape=(50, 2, 52), maxshape=(50, None, 52))
			Attributes:
				DIMENSION_LABELS: ['mass' 'AnsatzOperatorAxis' 'AnsatzPoolOperatorAxis']
				NDataDims: 2
		AnsatzOperatorSecondDerivatives: Dataset (dtype=float64, shape=(50, 2, 52), maxshape=(50, None, 52))
			Attributes:
				DIMENSION_LABELS: ['mass' 'AnsatzOperatorAxis' 'AnsatzPoolOperatorAxis']
				NDataDims: 2
		AnsatzOperators: Dataset (dtype=int64, shape=(50, 1), maxshape=(50, None))
			Attributes:
				DIMENSION_LABELS: ['mass' 'AnsatzOperatorAxis']
				NDataDims: 1
		Circuit:
			Attributes:
				Ansatz: HardwareAdaptAnsatz13
			AnsatzOptions:
				Attributes:
					num_qubits: 8
		CircuitParameters: Dataset (dtype=float64, shape=(50, 10, 1), maxshape=(50, None, None))
			Attributes:
				DIMENSION_LABELS: ['mass' 'IterationAxis' 'CircuitParameterAxis']
				NDataDims: 2
		Data:
			Attributes:
			evs:
				Attributes:
				Hamiltonian: Dataset (dtype=float64, shape=(50, 10), maxshape=(50, None))
					Attributes:
						DIMENSION_LABELS: ['mass' 'IterationAxis']
						NDataDims: 1
			stds:
				Attributes:
				Hamiltonian: Dataset (dtype=float64, shape=(50, 10), maxshape=(50, None))
					Attributes:
						DIMENSION_LABELS: ['mass' 'IterationAxis']
						NDataDims: 1
		EstimatorOptions:
			Attributes:
				_VERSION: 2
				default_precision: Unset
				default_shots: Unset
				experimental: Unset
				max_execution_time: Unset
				resilience_level: Unset
				seed_estimator: 23886762
			dynamical_decoupling:
				Attributes:
					enable: Unset
					extra_slack_distribution: Unset
					scheduling_method: Unset
					sequence_type: Unset
					skip_reset_qubits: Unset
			environment:
				Attributes:
					callback: None
					job_tags: None
					log_level: WARNING
					private: False
			execution:
				Attributes:
					init_qubits: Unset
					rep_delay: Unset
			resilience:
				Attributes:
					layer_noise_model: Unset
					measure_mitigation: Unset
					pec_mitigation: Unset
					zne_mitigation: Unset
				layer_noise_learning:
					Attributes:
						layer_pair_depths: Unset
						max_layers_to_learn: Unset
						num_randomizations: Unset
						shots_per_randomization: Unset
				measure_noise_learning:
					Attributes:
						num_randomizations: Unset
						shots_per_randomization: Unset
				pec:
					Attributes:
						max_overhead: Unset
						noise_gain: Unset
				zne:
					Attributes:
						amplifier: Unset
						extrapolated_noise_factors: Unset
						extrapolator: Unset
						noise_factors: Unset
			simulator:
				Attributes:
					basis_gates: Unset
					coupling_map: Unset
					noise_model: Unset
					seed_simulator: Unset
			twirling:
				Attributes:
					enable_gates: Unset
					enable_measure: Unset
					num_randomizations: Unset
					shots_per_randomization: Unset
					strategy: Unset
		MetaData:
			Attributes:
			circuit_metadata: Dataset (dtype=object, shape=(50, 10), maxshape=(50, None))
				Attributes:
					DIMENSION_LABELS: ['mass' 'IterationAxis']
					NDataDims: 1
			simulator_metadata: Dataset (dtype=object, shape=(50, 10), maxshape=(50, None))
				Attributes:
					DIMENSION_LABELS: ['mass' 'IterationAxis']
					NDataDims: 1
			target_precision: Dataset (dtype=float64, shape=(50, 10), maxshape=(50, None))
				Attributes:
					DIMENSION_LABELS: ['mass' 'IterationAxis']
					NDataDims: 1
			version: Dataset (dtype=int64, shape=(50, 10), maxshape=(50, None))
				Attributes:
					DIMENSION_LABELS: ['mass' 'IterationAxis']
					NDataDims: 1
		NIterations: Dataset (dtype=int64, shape=(50,), maxshape=(50,))
			Attributes:
				DIMENSION_LABELS: ['mass']
				NDataDims: 0
		OptimizerOptions:
			Attributes:
				bounds: None
				callback: None
				constraints: []
				method: slsqp
				tol: None
				x0Seed: 23886762
			options:
				Attributes:
					disp: 0
					maxiter: 20000
		PresetPassManagerOptions:
			Attributes:
		SimulatorOptions:
			Attributes:
				method: statevector
		StartIterations: Dataset (dtype=int64, shape=(50, 1), maxshape=(50, None))
			Attributes:
				DIMENSION_LABELS: ['mass' 'AnsatzOperatorAxis']
				NDataDims: 1
		VersionInfo:
			Attributes:
				QiskitAerVersion: 0.17.1
				QiskitIBMRuntimeVersion: 0.41.1
				QiskitVersion: 2.1.2
		mass: Dataset (dtype=float64, shape=(50,), maxshape=(50,))
			Attributes:
-----Ending pprint-----
-----Beginning pprint-----
/:
	Attributes:
	2026-01-11_00-57-15-24245100:
		Attributes:
			HamiltonianType: ZeroChargePenalty
			Last-Modified: 2026-01-11_00-57-15
			ProcessId: 24245100
			SimulatorType: Statevector
			SolverName: AdaptVQE
			SystemName: FreeWilson2D
			n_x: 2
			n_y: 2
			r: 1.0
		AdaptOptions:
			Attributes:
				allow_duplicate_gates: False
				gradient_hamiltonian_type: HamiltonianType.ZeroChargePenalty
				max_depth: 50
				parameter_prec_cutoff: 0.001
				prec_cutoff: 0.001
				precision: 0
		AnsatzOperatorDerivatives: Dataset (dtype=float64, shape=(50, 4, 8), maxshape=(50, None, 8))
			Attributes:
				DIMENSION_LABELS: ['mass' 'AnsatzOperatorAxis' 'AnsatzPoolOperatorAxis']
				NDataDims: 2
		AnsatzOperatorSecondDerivatives: Dataset (dtype=float64, shape=(50, 4, 8), maxshape=(50, None, 8))
			Attributes:
				DIMENSION_LABELS: ['mass' 'AnsatzOperatorAxis' 'AnsatzPoolOperatorAxis']
				NDataDims: 2
		AnsatzOperators: Dataset (dtype=int64, shape=(50, 4), maxshape=(50, None))
			Attributes:
				DIMENSION_LABELS: ['mass' 'AnsatzOperatorAxis']
				NDataDims: 1
		Circuit:
			Attributes:
				Ansatz: PhysicsAdaptAnsatz5
			AnsatzOptions:
				Attributes:
					num_qubits: 8
		CircuitParameters: Dataset (dtype=float64, shape=(50, 80, 4), maxshape=(50, None, None))
			Attributes:
				DIMENSION_LABELS: ['mass' 'IterationAxis' 'CircuitParameterAxis']
				NDataDims: 2
		Data:
			Attributes:
			evs:
				Attributes:
				Hamiltonian: Dataset (dtype=float64, shape=(50, 80), maxshape=(50, None))
					Attributes:
						DIMENSION_LABELS: ['mass' 'IterationAxis']
						NDataDims: 1
			stds:
				Attributes:
				Hamiltonian: Dataset (dtype=float64, shape=(50, 80), maxshape=(50, None))
					Attributes:
						DIMENSION_LABELS: ['mass' 'IterationAxis']
						NDataDims: 1
		EstimatorOptions:
			Attributes:
				_VERSION: 2
				default_precision: Unset
				default_shots: Unset
				experimental: Unset
				max_execution_time: Unset
				resilience_level: Unset
				seed_estimator: 24245100
			dynamical_decoupling:
				Attributes:
					enable: Unset
					extra_slack_distribution: Unset
					scheduling_method: Unset
					sequence_type: Unset
					skip_reset_qubits: Unset
			environment:
				Attributes:
					callback: None
					job_tags: None
					log_level: WARNING
					private: False
			execution:
				Attributes:
					init_qubits: Unset
					rep_delay: Unset
			resilience:
				Attributes:
					layer_noise_model: Unset
					measure_mitigation: Unset
					pec_mitigation: Unset
					zne_mitigation: Unset
				layer_noise_learning:
					Attributes:
						layer_pair_depths: Unset
						max_layers_to_learn: Unset
						num_randomizations: Unset
						shots_per_randomization: Unset
				measure_noise_learning:
					Attributes:
						num_randomizations: Unset
						shots_per_randomization: Unset
				pec:
					Attributes:
						max_overhead: Unset
						noise_gain: Unset
				zne:
					Attributes:
						amplifier: Unset
						extrapolated_noise_factors: Unset
						extrapolator: Unset
						noise_factors: Unset
			simulator:
				Attributes:
					basis_gates: Unset
					coupling_map: Unset
					noise_model: Unset
					seed_simulator: Unset
			twirling:
				Attributes:
					enable_gates: Unset
					enable_measure: Unset
					num_randomizations: Unset
					shots_per_randomization: Unset
					strategy: Unset
		MetaData:
			Attributes:
			circuit_metadata: Dataset (dtype=object, shape=(50, 80), maxshape=(50, None))
				Attributes:
					DIMENSION_LABELS: ['mass' 'IterationAxis']
					NDataDims: 1
			target_precision: Dataset (dtype=float64, shape=(50, 80), maxshape=(50, None))
				Attributes:
					DIMENSION_LABELS: ['mass' 'IterationAxis']
					NDataDims: 1
			version: Dataset (dtype=int64, shape=(50, 80), maxshape=(50, None))
				Attributes:
					DIMENSION_LABELS: ['mass' 'IterationAxis']
					NDataDims: 1
		NIterations: Dataset (dtype=int64, shape=(50,), maxshape=(50,))
			Attributes:
				DIMENSION_LABELS: ['mass']
				NDataDims: 0
		OptimizerOptions:
			Attributes:
				bounds: None
				callback: None
				constraints: []
				method: slsqp
				tol: None
				x0Seed: 24245100
			options:
				Attributes:
					disp: 0
					maxiter: 20000
		PresetPassManagerOptions:
			Attributes:
		SimulatorOptions:
			Attributes:
		StartIterations: Dataset (dtype=int64, shape=(50, 4), maxshape=(50, None))
			Attributes:
				DIMENSION_LABELS: ['mass' 'AnsatzOperatorAxis']
				NDataDims: 1
		VersionInfo:
			Attributes:
				QiskitAerVersion: 0.17.1
				QiskitIBMRuntimeVersion: 0.41.1
				QiskitVersion: 2.1.2
		mass: Dataset (dtype=float64, shape=(50,), maxshape=(50,))
			Attributes:
	2026-01-11_01-11-50-24245110:
		Attributes:
			HamiltonianType: ZeroChargePenalty
			Last-Modified: 2026-01-11_01-11-50
			ProcessId: 24245110
			SimulatorType: Statevector
			SolverName: AdaptVQE
			SystemName: FreeWilson2D
			n_x: 2
			n_y: 2
			r: 1.0
		AdaptOptions:
			Attributes:
				allow_duplicate_gates: False
				gradient_hamiltonian_type: HamiltonianType.ZeroChargePenalty
				max_depth: 50
				parameter_prec_cutoff: 0.001
				prec_cutoff: 0.001
				precision: 0
		AnsatzOperatorDerivatives: Dataset (dtype=float64, shape=(50, 1, 8), maxshape=(50, None, 8))
			Attributes:
				DIMENSION_LABELS: ['mass' 'AnsatzOperatorAxis' 'AnsatzPoolOperatorAxis']
				NDataDims: 2
		AnsatzOperatorSecondDerivatives: Dataset (dtype=float64, shape=(50, 1, 8), maxshape=(50, None, 8))
			Attributes:
				DIMENSION_LABELS: ['mass' 'AnsatzOperatorAxis' 'AnsatzPoolOperatorAxis']
				NDataDims: 2
		AnsatzOperators: Dataset (dtype=int64, shape=(50, 1), maxshape=(50, None))
			Attributes:
				DIMENSION_LABELS: ['mass' 'AnsatzOperatorAxis']
				NDataDims: 1
		Circuit:
			Attributes:
				Ansatz: PhysicsAdaptAnsatz6
			AnsatzOptions:
				Attributes:
					num_qubits: 8
		CircuitParameters: Dataset (dtype=float64, shape=(50, 10, 1), maxshape=(50, None, None))
			Attributes:
				DIMENSION_LABELS: ['mass' 'IterationAxis' 'CircuitParameterAxis']
				NDataDims: 2
		Data:
			Attributes:
			evs:
				Attributes:
				Hamiltonian: Dataset (dtype=float64, shape=(50, 10), maxshape=(50, None))
					Attributes:
						DIMENSION_LABELS: ['mass' 'IterationAxis']
						NDataDims: 1
			stds:
				Attributes:
				Hamiltonian: Dataset (dtype=float64, shape=(50, 10), maxshape=(50, None))
					Attributes:
						DIMENSION_LABELS: ['mass' 'IterationAxis']
						NDataDims: 1
		EstimatorOptions:
			Attributes:
				_VERSION: 2
				default_precision: Unset
				default_shots: Unset
				experimental: Unset
				max_execution_time: Unset
				resilience_level: Unset
				seed_estimator: 24245110
			dynamical_decoupling:
				Attributes:
					enable: Unset
					extra_slack_distribution: Unset
					scheduling_method: Unset
					sequence_type: Unset
					skip_reset_qubits: Unset
			environment:
				Attributes:
					callback: None
					job_tags: None
					log_level: WARNING
					private: False
			execution:
				Attributes:
					init_qubits: Unset
					rep_delay: Unset
			resilience:
				Attributes:
					layer_noise_model: Unset
					measure_mitigation: Unset
					pec_mitigation: Unset
					zne_mitigation: Unset
				layer_noise_learning:
					Attributes:
						layer_pair_depths: Unset
						max_layers_to_learn: Unset
						num_randomizations: Unset
						shots_per_randomization: Unset
				measure_noise_learning:
					Attributes:
						num_randomizations: Unset
						shots_per_randomization: Unset
				pec:
					Attributes:
						max_overhead: Unset
						noise_gain: Unset
				zne:
					Attributes:
						amplifier: Unset
						extrapolated_noise_factors: Unset
						extrapolator: Unset
						noise_factors: Unset
			simulator:
				Attributes:
					basis_gates: Unset
					coupling_map: Unset
					noise_model: Unset
					seed_simulator: Unset
			twirling:
				Attributes:
					enable_gates: Unset
					enable_measure: Unset
					num_randomizations: Unset
					shots_per_randomization: Unset
					strategy: Unset
		MetaData:
			Attributes:
			circuit_metadata: Dataset (dtype=object, shape=(50, 10), maxshape=(50, None))
				Attributes:
					DIMENSION_LABELS: ['mass' 'IterationAxis']
					NDataDims: 1
			target_precision: Dataset (dtype=float64, shape=(50, 10), maxshape=(50, None))
				Attributes:
					DIMENSION_LABELS: ['mass' 'IterationAxis']
					NDataDims: 1
			version: Dataset (dtype=int64, shape=(50, 10), maxshape=(50, None))
				Attributes:
					DIMENSION_LABELS: ['mass' 'IterationAxis']
					NDataDims: 1
		NIterations: Dataset (dtype=int64, shape=(50,), maxshape=(50,))
			Attributes:
				DIMENSION_LABELS: ['mass']
				NDataDims: 0
		OptimizerOptions:
			Attributes:
				bounds: None
				callback: None
				constraints: []
				method: slsqp
				tol: None
				x0Seed: 24245110
			options:
				Attributes:
					disp: 0
					maxiter: 20000
		PresetPassManagerOptions:
			Attributes:
		SimulatorOptions:
			Attributes:
		StartIterations: Dataset (dtype=int64, shape=(50, 1), maxshape=(50, None))
			Attributes:
				DIMENSION_LABELS: ['mass' 'AnsatzOperatorAxis']
				NDataDims: 1
		VersionInfo:
			Attributes:
				QiskitAerVersion: 0.17.1
				QiskitIBMRuntimeVersion: 0.41.1
				QiskitVersion: 2.1.2
		mass: Dataset (dtype=float64, shape=(50,), maxshape=(50,))
			Attributes:
	2026-01-11_01-16-50-24245112:
		Attributes:
			HamiltonianType: ZeroChargePenalty
			Last-Modified: 2026-01-11_01-16-50
			ProcessId: 24245112
			SimulatorType: Statevector
			SolverName: AdaptVQE
			SystemName: FreeWilson2D
			n_x: 2
			n_y: 2
			r: 1.0
		AdaptOptions:
			Attributes:
				allow_duplicate_gates: False
				gradient_hamiltonian_type: HamiltonianType.ZeroChargePenalty
				max_depth: 50
				parameter_prec_cutoff: 0.001
				prec_cutoff: 0.001
				precision: 0
		AnsatzOperatorDerivatives: Dataset (dtype=float64, shape=(50, 4, 8), maxshape=(50, None, 8))
			Attributes:
				DIMENSION_LABELS: ['mass' 'AnsatzOperatorAxis' 'AnsatzPoolOperatorAxis']
				NDataDims: 2
		AnsatzOperatorSecondDerivatives: Dataset (dtype=float64, shape=(50, 4, 8), maxshape=(50, None, 8))
			Attributes:
				DIMENSION_LABELS: ['mass' 'AnsatzOperatorAxis' 'AnsatzPoolOperatorAxis']
				NDataDims: 2
		AnsatzOperators: Dataset (dtype=int64, shape=(50, 4), maxshape=(50, None))
			Attributes:
				DIMENSION_LABELS: ['mass' 'AnsatzOperatorAxis']
				NDataDims: 1
		Circuit:
			Attributes:
				Ansatz: PhysicsAdaptAnsatz7
			AnsatzOptions:
				Attributes:
					num_qubits: 8
		CircuitParameters: Dataset (dtype=float64, shape=(50, 80, 4), maxshape=(50, None, None))
			Attributes:
				DIMENSION_LABELS: ['mass' 'IterationAxis' 'CircuitParameterAxis']
				NDataDims: 2
		Data:
			Attributes:
			evs:
				Attributes:
				Hamiltonian: Dataset (dtype=float64, shape=(50, 80), maxshape=(50, None))
					Attributes:
						DIMENSION_LABELS: ['mass' 'IterationAxis']
						NDataDims: 1
			stds:
				Attributes:
				Hamiltonian: Dataset (dtype=float64, shape=(50, 80), maxshape=(50, None))
					Attributes:
						DIMENSION_LABELS: ['mass' 'IterationAxis']
						NDataDims: 1
		EstimatorOptions:
			Attributes:
				_VERSION: 2
				default_precision: Unset
				default_shots: Unset
				experimental: Unset
				max_execution_time: Unset
				resilience_level: Unset
				seed_estimator: 24245112
			dynamical_decoupling:
				Attributes:
					enable: Unset
					extra_slack_distribution: Unset
					scheduling_method: Unset
					sequence_type: Unset
					skip_reset_qubits: Unset
			environment:
				Attributes:
					callback: None
					job_tags: None
					log_level: WARNING
					private: False
			execution:
				Attributes:
					init_qubits: Unset
					rep_delay: Unset
			resilience:
				Attributes:
					layer_noise_model: Unset
					measure_mitigation: Unset
					pec_mitigation: Unset
					zne_mitigation: Unset
				layer_noise_learning:
					Attributes:
						layer_pair_depths: Unset
						max_layers_to_learn: Unset
						num_randomizations: Unset
						shots_per_randomization: Unset
				measure_noise_learning:
					Attributes:
						num_randomizations: Unset
						shots_per_randomization: Unset
				pec:
					Attributes:
						max_overhead: Unset
						noise_gain: Unset
				zne:
					Attributes:
						amplifier: Unset
						extrapolated_noise_factors: Unset
						extrapolator: Unset
						noise_factors: Unset
			simulator:
				Attributes:
					basis_gates: Unset
					coupling_map: Unset
					noise_model: Unset
					seed_simulator: Unset
			twirling:
				Attributes:
					enable_gates: Unset
					enable_measure: Unset
					num_randomizations: Unset
					shots_per_randomization: Unset
					strategy: Unset
		MetaData:
			Attributes:
			circuit_metadata: Dataset (dtype=object, shape=(50, 80), maxshape=(50, None))
				Attributes:
					DIMENSION_LABELS: ['mass' 'IterationAxis']
					NDataDims: 1
			target_precision: Dataset (dtype=float64, shape=(50, 80), maxshape=(50, None))
				Attributes:
					DIMENSION_LABELS: ['mass' 'IterationAxis']
					NDataDims: 1
			version: Dataset (dtype=int64, shape=(50, 80), maxshape=(50, None))
				Attributes:
					DIMENSION_LABELS: ['mass' 'IterationAxis']
					NDataDims: 1
		NIterations: Dataset (dtype=int64, shape=(50,), maxshape=(50,))
			Attributes:
				DIMENSION_LABELS: ['mass']
				NDataDims: 0
		OptimizerOptions:
			Attributes:
				bounds: None
				callback: None
				constraints: []
				method: slsqp
				tol: None
				x0Seed: 24245112
			options:
				Attributes:
					disp: 0
					maxiter: 20000
		PresetPassManagerOptions:
			Attributes:
		SimulatorOptions:
			Attributes:
		StartIterations: Dataset (dtype=int64, shape=(50, 4), maxshape=(50, None))
			Attributes:
				DIMENSION_LABELS: ['mass' 'AnsatzOperatorAxis']
				NDataDims: 1
		VersionInfo:
			Attributes:
				QiskitAerVersion: 0.17.1
				QiskitIBMRuntimeVersion: 0.41.1
				QiskitVersion: 2.1.2
		mass: Dataset (dtype=float64, shape=(50,), maxshape=(50,))
			Attributes:
-----Ending pprint-----
Calculating for FreeWilson2D(N_x=2, N_y=2, mass=-6.000, r=1.000)
['mass=-6.000']
H: 4.000000011245446 16.000000133283628 4.3320056875018054e-08
C: -0.99999999999996 7.993605777301127e-14
Calculating for FreeWilson2D(N_x=2, N_y=2, mass=-5.837, r=1.000)
['mass=-5.837']
H: 3.673469398673337 13.494377464823117 4.183366897336782e-08
C: -0.9999999999999573 8.548717289613705e-14
Calculating for FreeWilson2D(N_x=2, N_y=2, mass=-5.673, r=1.000)
['mass=-5.673']
H: 3.3469387867002904 11.201999285178145 4.3259332116463156e-08
C: -0.9999999999999605 7.904787935331115e-14
Calculating for FreeWilson2D(N_x=2, N_y=2, mass=-5.510, r=1.000)
['mass=-5.510']
H: 3.020408174995212 9.122865588802728 4.522482122126803e-08
C: -0.9999999999999579 8.415490526658687e-14
Calculating for FreeWilson2D(N_x=2, N_y=2, mass=-5.347, r=1.000)
['mass=-5.347']
H: 2.6938775623918243 7.256976365188302 4.4030184831456154e-08
C: -0.999999999999959 8.193445921733655e-14
Calculating for FreeWilson2D(N_x=2, N_y=2, mass=-5.184, r=1.000)
['mass=-5.184']
H: 2.3673469495354396 5.604331620617438 4.114268659094478e-08
C: -0.9999999999999596 8.08242361927114e-14
Calculating for FreeWilson2D(N_x=2, N_y=2, mass=-5.020, r=1.000)
['mass=-5.020']
H: 2.0408163383861284 4.1649313730782165 4.605445180771994e-08
C: -0.9999999999999585 8.304468224196171e-14
Calculating for FreeWilson2D(N_x=2, N_y=2, mass=-4.857, r=1.000)
['mass=-4.857']
H: 1.7142857250791101 2.9387755883650177 4.115500740198286e-08
C: -0.999999999999958 8.393286066166183e-14
Calculating for FreeWilson2D(N_x=2, N_y=2, mass=-4.694, r=1.000)
['mass=-4.694']
H: 1.3877551136412931 1.9258643003497267 4.491216820667887e-08
C: -0.9999999999999577 8.459899447643693e-14
Calculating for FreeWilson2D(N_x=2, N_y=2, mass=-4.531, r=1.000)
['mass=-4.531']
H: 1.0612245013250903 1.1261974867498012 4.4537114662901445e-08
C: -0.9999999999999588 8.237854842718662e-14
Calculating for FreeWilson2D(N_x=2, N_y=2, mass=-4.367, r=1.000)
['mass=-4.367']
H: 0.7346938890084259 0.539775154760346 4.42140207779218e-08
C: -0.9999999999999603 7.949196856316121e-14
Calculating for FreeWilson2D(N_x=2, N_y=2, mass=-4.204, r=1.000)
['mass=-4.204']
H: 0.408163276541028 0.16659730330232886 4.298562114590787e-08
C: -0.9999999999999588 8.237854842718662e-14
Calculating for FreeWilson2D(N_x=2, N_y=2, mass=-4.041, r=1.000)
['mass=-4.041']
H: 0.08163266436112204 0.006663935369976337 4.347928073220736e-08
C: -0.999999999999958 8.393286066166183e-14
Calculating for FreeWilson2D(N_x=2, N_y=2, mass=-3.878, r=1.000)
['mass=-3.878']
H: -0.24489794842472062 0.0599750466984712 4.1555834079387566e-08
C: -0.9999999999999588 8.237854842718662e-14
Calculating for FreeWilson2D(N_x=2, N_y=2, mass=-3.714, r=1.000)
['mass=-3.714']
H: -0.5714285606065517 0.32653064164148726 4.176461176896851e-08
C: -0.9999999999999588 8.237854842718662e-14
Calculating for FreeWilson2D(N_x=2, N_y=2, mass=-3.551, r=1.000)
['mass=-3.551']
H: -0.8979591726227657 0.8063307180162705 4.2318908599625615e-08
C: -0.9999999999999571 8.570921750106208e-14
Calculating for FreeWilson2D(N_x=2, N_y=2, mass=-3.388, r=1.000)
['mass=-3.388']
H: -1.2244897842141564 1.4993752768302795 4.518544804987812e-08
C: -0.9999999999999576 8.482103908136196e-14
Calculating for FreeWilson2D(N_x=2, N_y=2, mass=-3.224, r=1.000)
['mass=-3.224']
H: -1.5510203973053245 2.4056643147880616 4.1930895200437135e-08
C: -0.9999999999999593 8.149037000748649e-14
Calculating for FreeWilson2D(N_x=2, N_y=2, mass=-3.061, r=1.000)
['mass=-3.061']
H: -1.8775510091638918 3.525197835169787 4.315743851179832e-08
C: -0.9999999999999573 8.548717289613705e-14
Calculating for FreeWilson2D(N_x=2, N_y=2, mass=-2.898, r=1.000)
['mass=-2.898']
H: -2.2040816210727647 4.857975837104101 4.475335479980913e-08
C: -0.9999999999999605 7.904787935331115e-14
Calculating for FreeWilson2D(N_x=2, N_y=2, mass=-2.735, r=1.000)
['mass=-2.735']
H: -2.5306122336082137 6.4039983198959325 4.3008379968512145e-08
C: -0.9999999999999587 8.260059303211165e-14
Calculating for FreeWilson2D(N_x=2, N_y=2, mass=-2.571, r=1.000)
['mass=-2.571']
H: -2.857142844981334 8.163265283809876 4.718184598573316e-08
C: -0.9999999999999578 8.43769498715119e-14
Calculating for FreeWilson2D(N_x=2, N_y=2, mass=-2.408, r=1.000)
['mass=-2.408']
H: -3.1836734581456136 10.135776731089331 4.2988480331018764e-08
C: -0.9999999999999571 8.570921750106208e-14
Calculating for FreeWilson2D(N_x=2, N_y=2, mass=-2.245, r=1.000)
['mass=-2.245']
H: -3.5102040702971697 12.321532658800038 4.3669219351727406e-08
C: -0.9999999999999598 8.038014698286133e-14
Calculating for FreeWilson2D(N_x=2, N_y=2, mass=-2.082, r=1.000)
['mass=-2.082']
H: -3.836734682190785 14.720533066848954 4.532333086615381e-08
C: -0.9999999999999597 8.060219158778636e-14
Calculating for FreeWilson2D(N_x=2, N_y=2, mass=-1.918, r=1.000)
['mass=-1.918']
H: -4.163265295008903 17.33277795938716 4.276159160099269e-08
C: -0.9999999999999585 8.304468224196171e-14
Calculating for FreeWilson2D(N_x=2, N_y=2, mass=-1.755, r=1.000)
['mass=-1.755']
H: -4.489795906799552 20.158267329427876 4.4713864610912424e-08
C: -0.9999999999999588 8.237854842718662e-14
Calculating for FreeWilson2D(N_x=2, N_y=2, mass=-1.592, r=1.000)
['mass=-1.592']
H: -4.816326519243764 23.1970011837568 4.37860521174116e-08
C: -0.9999999999999591 8.171241461241152e-14
Calculating for FreeWilson2D(N_x=2, N_y=2, mass=-1.429, r=1.000)
['mass=-1.429']
H: -5.142857131775428 26.44897952018564 4.2332256811050684e-08
C: -0.9999999999999589 8.215650382226158e-14
Calculating for FreeWilson2D(N_x=2, N_y=2, mass=-1.265, r=1.000)
['mass=-1.265']
H: -5.469387743955836 29.9142023369667 4.323239011227997e-08
C: -0.9999999999999584 8.326672684688674e-14
Calculating for FreeWilson2D(N_x=2, N_y=2, mass=-1.102, r=1.000)
['mass=-1.102']
H: -5.795918356345529 33.59266963590938 4.248632023973187e-08
C: -0.9999999999999569 8.615330671091215e-14
Calculating for FreeWilson2D(N_x=2, N_y=2, mass=-0.939, r=1.000)
['mass=-0.939']
H: -6.122448968002698 37.48438141064049 4.484319049424812e-08
C: -0.9999999999999595 8.104628079763643e-14
Calculating for FreeWilson2D(N_x=2, N_y=2, mass=-0.776, r=1.000)
['mass=-0.776']
H: -6.448979580307827 41.58933767163239 4.44050769488058e-08
C: -0.999999999999959 8.193445921733655e-14
Calculating for FreeWilson2D(N_x=2, N_y=2, mass=-0.612, r=1.000)
['mass=-0.612']
H: -6.775510192163528 45.90753841006698 4.595512592686646e-08
C: -0.999999999999957 8.593126210598712e-14
Calculating for FreeWilson2D(N_x=2, N_y=2, mass=-0.449, r=1.000)
['mass=-0.449']
H: -7.102040805320051 50.438983642525095 4.2094015384464e-08
C: -0.9999999999999587 8.260059303211165e-14
Calculating for FreeWilson2D(N_x=2, N_y=2, mass=-0.286, r=1.000)
['mass=-0.286']
H: -7.4285714171886195 55.18367334437647 4.410473763982736e-08
C: -0.9999999999999596 8.08242361927114e-14
Calculating for FreeWilson2D(N_x=2, N_y=2, mass=-0.122, r=1.000)
['mass=-0.122']
H: -7.755102030010558 60.141607537467706 4.159382172019832e-08
C: -0.9999999999999588 8.237854842718662e-14
Calculating for FreeWilson2D(N_x=2, N_y=2, mass=0.041, r=1.000)
['mass=0.041']
H: -8.081632641999795 65.31278620258814 4.235155870446761e-08
C: -0.9999999999999579 8.415490526658687e-14
Calculating for FreeWilson2D(N_x=2, N_y=2, mass=0.204, r=1.000)
['mass=0.204']
H: -8.40816325372527 70.69720934601031 4.471438330710953e-08
C: -0.9999999999999603 7.949196856316121e-14
Calculating for FreeWilson2D(N_x=2, N_y=2, mass=0.367, r=1.000)
['mass=0.367']
H: -8.734693865952046 76.29487697646582 4.456551039311307e-08
C: -0.999999999999958 8.393286066166183e-14
Calculating for FreeWilson2D(N_x=2, N_y=2, mass=0.531, r=1.000)
['mass=0.531']
H: -9.06122447839997 82.10578909175514 4.3800341131827736e-08
C: -0.9999999999999584 8.326672684688674e-14
Calculating for FreeWilson2D(N_x=2, N_y=2, mass=0.694, r=1.000)
['mass=0.694']
H: -9.387755090420452 88.12994568257153 4.485642079998797e-08
C: -0.9999999999999581 8.37108160567368e-14
Calculating for FreeWilson2D(N_x=2, N_y=2, mass=0.857, r=1.000)
['mass=0.857']
H: -9.714285702759287 94.36734675945281 4.461931268906483e-08
C: -0.9999999999999603 7.949196856316121e-14
Calculating for FreeWilson2D(N_x=2, N_y=2, mass=1.020, r=1.000)
['mass=1.020']
H: -10.040816314892007 100.81799231437638 4.4974882484893897e-08
C: -0.9999999999999606 7.882583474838611e-14
Calculating for FreeWilson2D(N_x=2, N_y=2, mass=1.184, r=1.000)
['mass=1.184']
H: -10.367346927009086 107.4818823503788 4.54140547390125e-08
C: -0.9999999999999591 8.171241461241152e-14
Calculating for FreeWilson2D(N_x=2, N_y=2, mass=1.347, r=1.000)
['mass=1.347']
H: -10.693877539624928 114.35901687631865 4.3824130102620984e-08
C: -0.999999999999959 8.193445921733655e-14
Calculating for FreeWilson2D(N_x=2, N_y=2, mass=1.510, r=1.000)
['mass=1.510']
H: -11.020408151984904 121.44939588017729 4.384195051443385e-08
C: -0.9999999999999577 8.459899447643693e-14
Calculating for FreeWilson2D(N_x=2, N_y=2, mass=1.673, r=1.000)
['mass=1.673']
H: -11.346938763827012 128.75301935492897 4.4888878392157494e-08
C: -0.999999999999958 8.393286066166183e-14
Calculating for FreeWilson2D(N_x=2, N_y=2, mass=1.837, r=1.000)
['mass=1.837']
H: -11.673469375836907 136.26988731482106 4.621895755008154e-08
C: -0.9999999999999601 7.971401316808624e-14
Calculating for FreeWilson2D(N_x=2, N_y=2, mass=2.000, r=1.000)
['mass=2.000']
H: -11.999999989322816 143.99999978493491 4.118732022106997e-08
C: -0.9999999999999575 8.504308368628699e-14
-----Beginning pprint-----
/:
	Attributes:
	2026-01-11_00-57-15-24245100:
		Attributes:
			HamiltonianType: ZeroChargePenalty
			Last-Modified: 2026-01-11_00-57-15
			ProcessId: 24245100
			SimulatorType: Statevector
			SolverName: AdaptVQE
			SystemName: FreeWilson2D
			n_x: 2
			n_y: 2
			r: 1.0
		AdaptOptions:
			Attributes:
				allow_duplicate_gates: False
				gradient_hamiltonian_type: HamiltonianType.ZeroChargePenalty
				max_depth: 50
				parameter_prec_cutoff: 0.001
				prec_cutoff: 0.001
				precision: 0
		AnsatzOperatorDerivatives: Dataset (dtype=float64, shape=(50, 4, 8), maxshape=(50, None, 8))
			Attributes:
				DIMENSION_LABELS: ['mass' 'AnsatzOperatorAxis' 'AnsatzPoolOperatorAxis']
				NDataDims: 2
		AnsatzOperatorSecondDerivatives: Dataset (dtype=float64, shape=(50, 4, 8), maxshape=(50, None, 8))
			Attributes:
				DIMENSION_LABELS: ['mass' 'AnsatzOperatorAxis' 'AnsatzPoolOperatorAxis']
				NDataDims: 2
		AnsatzOperators: Dataset (dtype=int64, shape=(50, 4), maxshape=(50, None))
			Attributes:
				DIMENSION_LABELS: ['mass' 'AnsatzOperatorAxis']
				NDataDims: 1
		Circuit:
			Attributes:
				Ansatz: PhysicsAdaptAnsatz5
			AnsatzOptions:
				Attributes:
					num_qubits: 8
		CircuitParameters: Dataset (dtype=float64, shape=(50, 80, 4), maxshape=(50, None, None))
			Attributes:
				DIMENSION_LABELS: ['mass' 'IterationAxis' 'CircuitParameterAxis']
				NDataDims: 2
		Data:
			Attributes:
			Final:
				Attributes:
				ChargeConjugation: Dataset (dtype=float64, shape=(50,), maxshape=(50,))
					Attributes:
						DIMENSION_LABELS: ['mass']
						NDataDims: 0
				ChargeConjugationVariance: Dataset (dtype=float64, shape=(50,), maxshape=(50,))
					Attributes:
						DIMENSION_LABELS: ['mass']
						NDataDims: 0
				HamiltonianVariance: Dataset (dtype=float64, shape=(50,), maxshape=(50,))
					Attributes:
						DIMENSION_LABELS: ['mass']
						NDataDims: 0
			evs:
				Attributes:
				Hamiltonian: Dataset (dtype=float64, shape=(50, 80), maxshape=(50, None))
					Attributes:
						DIMENSION_LABELS: ['mass' 'IterationAxis']
						NDataDims: 1
			stds:
				Attributes:
				Hamiltonian: Dataset (dtype=float64, shape=(50, 80), maxshape=(50, None))
					Attributes:
						DIMENSION_LABELS: ['mass' 'IterationAxis']
						NDataDims: 1
		EstimatorOptions:
			Attributes:
				_VERSION: 2
				default_precision: Unset
				default_shots: Unset
				experimental: Unset
				max_execution_time: Unset
				resilience_level: Unset
				seed_estimator: 24245100
			dynamical_decoupling:
				Attributes:
					enable: Unset
					extra_slack_distribution: Unset
					scheduling_method: Unset
					sequence_type: Unset
					skip_reset_qubits: Unset
			environment:
				Attributes:
					callback: None
					job_tags: None
					log_level: WARNING
					private: False
			execution:
				Attributes:
					init_qubits: Unset
					rep_delay: Unset
			resilience:
				Attributes:
					layer_noise_model: Unset
					measure_mitigation: Unset
					pec_mitigation: Unset
					zne_mitigation: Unset
				layer_noise_learning:
					Attributes:
						layer_pair_depths: Unset
						max_layers_to_learn: Unset
						num_randomizations: Unset
						shots_per_randomization: Unset
				measure_noise_learning:
					Attributes:
						num_randomizations: Unset
						shots_per_randomization: Unset
				pec:
					Attributes:
						max_overhead: Unset
						noise_gain: Unset
				zne:
					Attributes:
						amplifier: Unset
						extrapolated_noise_factors: Unset
						extrapolator: Unset
						noise_factors: Unset
			simulator:
				Attributes:
					basis_gates: Unset
					coupling_map: Unset
					noise_model: Unset
					seed_simulator: Unset
			twirling:
				Attributes:
					enable_gates: Unset
					enable_measure: Unset
					num_randomizations: Unset
					shots_per_randomization: Unset
					strategy: Unset
		MetaData:
			Attributes:
			circuit_metadata: Dataset (dtype=object, shape=(50, 80), maxshape=(50, None))
				Attributes:
					DIMENSION_LABELS: ['mass' 'IterationAxis']
					NDataDims: 1
			target_precision: Dataset (dtype=float64, shape=(50, 80), maxshape=(50, None))
				Attributes:
					DIMENSION_LABELS: ['mass' 'IterationAxis']
					NDataDims: 1
			version: Dataset (dtype=int64, shape=(50, 80), maxshape=(50, None))
				Attributes:
					DIMENSION_LABELS: ['mass' 'IterationAxis']
					NDataDims: 1
		NIterations: Dataset (dtype=int64, shape=(50,), maxshape=(50,))
			Attributes:
				DIMENSION_LABELS: ['mass']
				NDataDims: 0
		OptimizerOptions:
			Attributes:
				bounds: None
				callback: None
				constraints: []
				method: slsqp
				tol: None
				x0Seed: 24245100
			options:
				Attributes:
					disp: 0
					maxiter: 20000
		PresetPassManagerOptions:
			Attributes:
		SimulatorOptions:
			Attributes:
		StartIterations: Dataset (dtype=int64, shape=(50, 4), maxshape=(50, None))
			Attributes:
				DIMENSION_LABELS: ['mass' 'AnsatzOperatorAxis']
				NDataDims: 1
		VersionInfo:
			Attributes:
				QiskitAerVersion: 0.17.1
				QiskitIBMRuntimeVersion: 0.41.1
				QiskitVersion: 2.1.2
		mass: Dataset (dtype=float64, shape=(50,), maxshape=(50,))
			Attributes:
	2026-01-11_01-11-50-24245110:
		Attributes:
			HamiltonianType: ZeroChargePenalty
			Last-Modified: 2026-01-11_01-11-50
			ProcessId: 24245110
			SimulatorType: Statevector
			SolverName: AdaptVQE
			SystemName: FreeWilson2D
			n_x: 2
			n_y: 2
			r: 1.0
		AdaptOptions:
			Attributes:
				allow_duplicate_gates: False
				gradient_hamiltonian_type: HamiltonianType.ZeroChargePenalty
				max_depth: 50
				parameter_prec_cutoff: 0.001
				prec_cutoff: 0.001
				precision: 0
		AnsatzOperatorDerivatives: Dataset (dtype=float64, shape=(50, 1, 8), maxshape=(50, None, 8))
			Attributes:
				DIMENSION_LABELS: ['mass' 'AnsatzOperatorAxis' 'AnsatzPoolOperatorAxis']
				NDataDims: 2
		AnsatzOperatorSecondDerivatives: Dataset (dtype=float64, shape=(50, 1, 8), maxshape=(50, None, 8))
			Attributes:
				DIMENSION_LABELS: ['mass' 'AnsatzOperatorAxis' 'AnsatzPoolOperatorAxis']
				NDataDims: 2
		AnsatzOperators: Dataset (dtype=int64, shape=(50, 1), maxshape=(50, None))
			Attributes:
				DIMENSION_LABELS: ['mass' 'AnsatzOperatorAxis']
				NDataDims: 1
		Circuit:
			Attributes:
				Ansatz: PhysicsAdaptAnsatz6
			AnsatzOptions:
				Attributes:
					num_qubits: 8
		CircuitParameters: Dataset (dtype=float64, shape=(50, 10, 1), maxshape=(50, None, None))
			Attributes:
				DIMENSION_LABELS: ['mass' 'IterationAxis' 'CircuitParameterAxis']
				NDataDims: 2
		Data:
			Attributes:
			evs:
				Attributes:
				Hamiltonian: Dataset (dtype=float64, shape=(50, 10), maxshape=(50, None))
					Attributes:
						DIMENSION_LABELS: ['mass' 'IterationAxis']
						NDataDims: 1
			stds:
				Attributes:
				Hamiltonian: Dataset (dtype=float64, shape=(50, 10), maxshape=(50, None))
					Attributes:
						DIMENSION_LABELS: ['mass' 'IterationAxis']
						NDataDims: 1
		EstimatorOptions:
			Attributes:
				_VERSION: 2
				default_precision: Unset
				default_shots: Unset
				experimental: Unset
				max_execution_time: Unset
				resilience_level: Unset
				seed_estimator: 24245110
			dynamical_decoupling:
				Attributes:
					enable: Unset
					extra_slack_distribution: Unset
					scheduling_method: Unset
					sequence_type: Unset
					skip_reset_qubits: Unset
			environment:
				Attributes:
					callback: None
					job_tags: None
					log_level: WARNING
					private: False
			execution:
				Attributes:
					init_qubits: Unset
					rep_delay: Unset
			resilience:
				Attributes:
					layer_noise_model: Unset
					measure_mitigation: Unset
					pec_mitigation: Unset
					zne_mitigation: Unset
				layer_noise_learning:
					Attributes:
						layer_pair_depths: Unset
						max_layers_to_learn: Unset
						num_randomizations: Unset
						shots_per_randomization: Unset
				measure_noise_learning:
					Attributes:
						num_randomizations: Unset
						shots_per_randomization: Unset
				pec:
					Attributes:
						max_overhead: Unset
						noise_gain: Unset
				zne:
					Attributes:
						amplifier: Unset
						extrapolated_noise_factors: Unset
						extrapolator: Unset
						noise_factors: Unset
			simulator:
				Attributes:
					basis_gates: Unset
					coupling_map: Unset
					noise_model: Unset
					seed_simulator: Unset
			twirling:
				Attributes:
					enable_gates: Unset
					enable_measure: Unset
					num_randomizations: Unset
					shots_per_randomization: Unset
					strategy: Unset
		MetaData:
			Attributes:
			circuit_metadata: Dataset (dtype=object, shape=(50, 10), maxshape=(50, None))
				Attributes:
					DIMENSION_LABELS: ['mass' 'IterationAxis']
					NDataDims: 1
			target_precision: Dataset (dtype=float64, shape=(50, 10), maxshape=(50, None))
				Attributes:
					DIMENSION_LABELS: ['mass' 'IterationAxis']
					NDataDims: 1
			version: Dataset (dtype=int64, shape=(50, 10), maxshape=(50, None))
				Attributes:
					DIMENSION_LABELS: ['mass' 'IterationAxis']
					NDataDims: 1
		NIterations: Dataset (dtype=int64, shape=(50,), maxshape=(50,))
			Attributes:
				DIMENSION_LABELS: ['mass']
				NDataDims: 0
		OptimizerOptions:
			Attributes:
				bounds: None
				callback: None
				constraints: []
				method: slsqp
				tol: None
				x0Seed: 24245110
			options:
				Attributes:
					disp: 0
					maxiter: 20000
		PresetPassManagerOptions:
			Attributes:
		SimulatorOptions:
			Attributes:
		StartIterations: Dataset (dtype=int64, shape=(50, 1), maxshape=(50, None))
			Attributes:
				DIMENSION_LABELS: ['mass' 'AnsatzOperatorAxis']
				NDataDims: 1
		VersionInfo:
			Attributes:
				QiskitAerVersion: 0.17.1
				QiskitIBMRuntimeVersion: 0.41.1
				QiskitVersion: 2.1.2
		mass: Dataset (dtype=float64, shape=(50,), maxshape=(50,))
			Attributes:
	2026-01-11_01-16-50-24245112:
		Attributes:
			HamiltonianType: ZeroChargePenalty
			Last-Modified: 2026-01-11_01-16-50
			ProcessId: 24245112
			SimulatorType: Statevector
			SolverName: AdaptVQE
			SystemName: FreeWilson2D
			n_x: 2
			n_y: 2
			r: 1.0
		AdaptOptions:
			Attributes:
				allow_duplicate_gates: False
				gradient_hamiltonian_type: HamiltonianType.ZeroChargePenalty
				max_depth: 50
				parameter_prec_cutoff: 0.001
				prec_cutoff: 0.001
				precision: 0
		AnsatzOperatorDerivatives: Dataset (dtype=float64, shape=(50, 4, 8), maxshape=(50, None, 8))
			Attributes:
				DIMENSION_LABELS: ['mass' 'AnsatzOperatorAxis' 'AnsatzPoolOperatorAxis']
				NDataDims: 2
		AnsatzOperatorSecondDerivatives: Dataset (dtype=float64, shape=(50, 4, 8), maxshape=(50, None, 8))
			Attributes:
				DIMENSION_LABELS: ['mass' 'AnsatzOperatorAxis' 'AnsatzPoolOperatorAxis']
				NDataDims: 2
		AnsatzOperators: Dataset (dtype=int64, shape=(50, 4), maxshape=(50, None))
			Attributes:
				DIMENSION_LABELS: ['mass' 'AnsatzOperatorAxis']
				NDataDims: 1
		Circuit:
			Attributes:
				Ansatz: PhysicsAdaptAnsatz7
			AnsatzOptions:
				Attributes:
					num_qubits: 8
		CircuitParameters: Dataset (dtype=float64, shape=(50, 80, 4), maxshape=(50, None, None))
			Attributes:
				DIMENSION_LABELS: ['mass' 'IterationAxis' 'CircuitParameterAxis']
				NDataDims: 2
		Data:
			Attributes:
			evs:
				Attributes:
				Hamiltonian: Dataset (dtype=float64, shape=(50, 80), maxshape=(50, None))
					Attributes:
						DIMENSION_LABELS: ['mass' 'IterationAxis']
						NDataDims: 1
			stds:
				Attributes:
				Hamiltonian: Dataset (dtype=float64, shape=(50, 80), maxshape=(50, None))
					Attributes:
						DIMENSION_LABELS: ['mass' 'IterationAxis']
						NDataDims: 1
		EstimatorOptions:
			Attributes:
				_VERSION: 2
				default_precision: Unset
				default_shots: Unset
				experimental: Unset
				max_execution_time: Unset
				resilience_level: Unset
				seed_estimator: 24245112
			dynamical_decoupling:
				Attributes:
					enable: Unset
					extra_slack_distribution: Unset
					scheduling_method: Unset
					sequence_type: Unset
					skip_reset_qubits: Unset
			environment:
				Attributes:
					callback: None
					job_tags: None
					log_level: WARNING
					private: False
			execution:
				Attributes:
					init_qubits: Unset
					rep_delay: Unset
			resilience:
				Attributes:
					layer_noise_model: Unset
					measure_mitigation: Unset
					pec_mitigation: Unset
					zne_mitigation: Unset
				layer_noise_learning:
					Attributes:
						layer_pair_depths: Unset
						max_layers_to_learn: Unset
						num_randomizations: Unset
						shots_per_randomization: Unset
				measure_noise_learning:
					Attributes:
						num_randomizations: Unset
						shots_per_randomization: Unset
				pec:
					Attributes:
						max_overhead: Unset
						noise_gain: Unset
				zne:
					Attributes:
						amplifier: Unset
						extrapolated_noise_factors: Unset
						extrapolator: Unset
						noise_factors: Unset
			simulator:
				Attributes:
					basis_gates: Unset
					coupling_map: Unset
					noise_model: Unset
					seed_simulator: Unset
			twirling:
				Attributes:
					enable_gates: Unset
					enable_measure: Unset
					num_randomizations: Unset
					shots_per_randomization: Unset
					strategy: Unset
		MetaData:
			Attributes:
			circuit_metadata: Dataset (dtype=object, shape=(50, 80), maxshape=(50, None))
				Attributes:
					DIMENSION_LABELS: ['mass' 'IterationAxis']
					NDataDims: 1
			target_precision: Dataset (dtype=float64, shape=(50, 80), maxshape=(50, None))
				Attributes:
					DIMENSION_LABELS: ['mass' 'IterationAxis']
					NDataDims: 1
			version: Dataset (dtype=int64, shape=(50, 80), maxshape=(50, None))
				Attributes:
					DIMENSION_LABELS: ['mass' 'IterationAxis']
					NDataDims: 1
		NIterations: Dataset (dtype=int64, shape=(50,), maxshape=(50,))
			Attributes:
				DIMENSION_LABELS: ['mass']
				NDataDims: 0
		OptimizerOptions:
			Attributes:
				bounds: None
				callback: None
				constraints: []
				method: slsqp
				tol: None
				x0Seed: 24245112
			options:
				Attributes:
					disp: 0
					maxiter: 20000
		PresetPassManagerOptions:
			Attributes:
		SimulatorOptions:
			Attributes:
		StartIterations: Dataset (dtype=int64, shape=(50, 4), maxshape=(50, None))
			Attributes:
				DIMENSION_LABELS: ['mass' 'AnsatzOperatorAxis']
				NDataDims: 1
		VersionInfo:
			Attributes:
				QiskitAerVersion: 0.17.1
				QiskitIBMRuntimeVersion: 0.41.1
				QiskitVersion: 2.1.2
		mass: Dataset (dtype=float64, shape=(50,), maxshape=(50,))
			Attributes:
-----Ending pprint-----
-----Beginning pprint-----
/:
	Attributes:
	2026-01-11_00-57-15-24245100:
		Attributes:
			HamiltonianType: ZeroChargePenalty
			Last-Modified: 2026-01-11_00-57-15
			ProcessId: 24245100
			SimulatorType: Statevector
			SolverName: AdaptVQE
			SystemName: FreeWilson2D
			n_x: 2
			n_y: 2
			r: 1.0
		AdaptOptions:
			Attributes:
				allow_duplicate_gates: False
				gradient_hamiltonian_type: HamiltonianType.ZeroChargePenalty
				max_depth: 50
				parameter_prec_cutoff: 0.001
				prec_cutoff: 0.001
				precision: 0
		AnsatzOperatorDerivatives: Dataset (dtype=float64, shape=(50, 4, 8), maxshape=(50, None, 8))
			Attributes:
				DIMENSION_LABELS: ['mass' 'AnsatzOperatorAxis' 'AnsatzPoolOperatorAxis']
				NDataDims: 2
		AnsatzOperatorSecondDerivatives: Dataset (dtype=float64, shape=(50, 4, 8), maxshape=(50, None, 8))
			Attributes:
				DIMENSION_LABELS: ['mass' 'AnsatzOperatorAxis' 'AnsatzPoolOperatorAxis']
				NDataDims: 2
		AnsatzOperators: Dataset (dtype=int64, shape=(50, 4), maxshape=(50, None))
			Attributes:
				DIMENSION_LABELS: ['mass' 'AnsatzOperatorAxis']
				NDataDims: 1
		Circuit:
			Attributes:
				Ansatz: PhysicsAdaptAnsatz5
			AnsatzOptions:
				Attributes:
					num_qubits: 8
		CircuitParameters: Dataset (dtype=float64, shape=(50, 80, 4), maxshape=(50, None, None))
			Attributes:
				DIMENSION_LABELS: ['mass' 'IterationAxis' 'CircuitParameterAxis']
				NDataDims: 2
		Data:
			Attributes:
			Final:
				Attributes:
				ChargeConjugation: Dataset (dtype=float64, shape=(50,), maxshape=(50,))
					Attributes:
						DIMENSION_LABELS: ['mass']
						NDataDims: 0
				ChargeConjugationVariance: Dataset (dtype=float64, shape=(50,), maxshape=(50,))
					Attributes:
						DIMENSION_LABELS: ['mass']
						NDataDims: 0
				HamiltonianVariance: Dataset (dtype=float64, shape=(50,), maxshape=(50,))
					Attributes:
						DIMENSION_LABELS: ['mass']
						NDataDims: 0
			evs:
				Attributes:
				Hamiltonian: Dataset (dtype=float64, shape=(50, 80), maxshape=(50, None))
					Attributes:
						DIMENSION_LABELS: ['mass' 'IterationAxis']
						NDataDims: 1
			stds:
				Attributes:
				Hamiltonian: Dataset (dtype=float64, shape=(50, 80), maxshape=(50, None))
					Attributes:
						DIMENSION_LABELS: ['mass' 'IterationAxis']
						NDataDims: 1
		EstimatorOptions:
			Attributes:
				_VERSION: 2
				default_precision: Unset
				default_shots: Unset
				experimental: Unset
				max_execution_time: Unset
				resilience_level: Unset
				seed_estimator: 24245100
			dynamical_decoupling:
				Attributes:
					enable: Unset
					extra_slack_distribution: Unset
					scheduling_method: Unset
					sequence_type: Unset
					skip_reset_qubits: Unset
			environment:
				Attributes:
					callback: None
					job_tags: None
					log_level: WARNING
					private: False
			execution:
				Attributes:
					init_qubits: Unset
					rep_delay: Unset
			resilience:
				Attributes:
					layer_noise_model: Unset
					measure_mitigation: Unset
					pec_mitigation: Unset
					zne_mitigation: Unset
				layer_noise_learning:
					Attributes:
						layer_pair_depths: Unset
						max_layers_to_learn: Unset
						num_randomizations: Unset
						shots_per_randomization: Unset
				measure_noise_learning:
					Attributes:
						num_randomizations: Unset
						shots_per_randomization: Unset
				pec:
					Attributes:
						max_overhead: Unset
						noise_gain: Unset
				zne:
					Attributes:
						amplifier: Unset
						extrapolated_noise_factors: Unset
						extrapolator: Unset
						noise_factors: Unset
			simulator:
				Attributes:
					basis_gates: Unset
					coupling_map: Unset
					noise_model: Unset
					seed_simulator: Unset
			twirling:
				Attributes:
					enable_gates: Unset
					enable_measure: Unset
					num_randomizations: Unset
					shots_per_randomization: Unset
					strategy: Unset
		MetaData:
			Attributes:
			circuit_metadata: Dataset (dtype=object, shape=(50, 80), maxshape=(50, None))
				Attributes:
					DIMENSION_LABELS: ['mass' 'IterationAxis']
					NDataDims: 1
			target_precision: Dataset (dtype=float64, shape=(50, 80), maxshape=(50, None))
				Attributes:
					DIMENSION_LABELS: ['mass' 'IterationAxis']
					NDataDims: 1
			version: Dataset (dtype=int64, shape=(50, 80), maxshape=(50, None))
				Attributes:
					DIMENSION_LABELS: ['mass' 'IterationAxis']
					NDataDims: 1
		NIterations: Dataset (dtype=int64, shape=(50,), maxshape=(50,))
			Attributes:
				DIMENSION_LABELS: ['mass']
				NDataDims: 0
		OptimizerOptions:
			Attributes:
				bounds: None
				callback: None
				constraints: []
				method: slsqp
				tol: None
				x0Seed: 24245100
			options:
				Attributes:
					disp: 0
					maxiter: 20000
		PresetPassManagerOptions:
			Attributes:
		SimulatorOptions:
			Attributes:
		StartIterations: Dataset (dtype=int64, shape=(50, 4), maxshape=(50, None))
			Attributes:
				DIMENSION_LABELS: ['mass' 'AnsatzOperatorAxis']
				NDataDims: 1
		VersionInfo:
			Attributes:
				QiskitAerVersion: 0.17.1
				QiskitIBMRuntimeVersion: 0.41.1
				QiskitVersion: 2.1.2
		mass: Dataset (dtype=float64, shape=(50,), maxshape=(50,))
			Attributes:
	2026-01-11_01-11-50-24245110:
		Attributes:
			HamiltonianType: ZeroChargePenalty
			Last-Modified: 2026-01-11_01-11-50
			ProcessId: 24245110
			SimulatorType: Statevector
			SolverName: AdaptVQE
			SystemName: FreeWilson2D
			n_x: 2
			n_y: 2
			r: 1.0
		AdaptOptions:
			Attributes:
				allow_duplicate_gates: False
				gradient_hamiltonian_type: HamiltonianType.ZeroChargePenalty
				max_depth: 50
				parameter_prec_cutoff: 0.001
				prec_cutoff: 0.001
				precision: 0
		AnsatzOperatorDerivatives: Dataset (dtype=float64, shape=(50, 1, 8), maxshape=(50, None, 8))
			Attributes:
				DIMENSION_LABELS: ['mass' 'AnsatzOperatorAxis' 'AnsatzPoolOperatorAxis']
				NDataDims: 2
		AnsatzOperatorSecondDerivatives: Dataset (dtype=float64, shape=(50, 1, 8), maxshape=(50, None, 8))
			Attributes:
				DIMENSION_LABELS: ['mass' 'AnsatzOperatorAxis' 'AnsatzPoolOperatorAxis']
				NDataDims: 2
		AnsatzOperators: Dataset (dtype=int64, shape=(50, 1), maxshape=(50, None))
			Attributes:
				DIMENSION_LABELS: ['mass' 'AnsatzOperatorAxis']
				NDataDims: 1
		Circuit:
			Attributes:
				Ansatz: PhysicsAdaptAnsatz6
			AnsatzOptions:
				Attributes:
					num_qubits: 8
		CircuitParameters: Dataset (dtype=float64, shape=(50, 10, 1), maxshape=(50, None, None))
			Attributes:
				DIMENSION_LABELS: ['mass' 'IterationAxis' 'CircuitParameterAxis']
				NDataDims: 2
		Data:
			Attributes:
			evs:
				Attributes:
				Hamiltonian: Dataset (dtype=float64, shape=(50, 10), maxshape=(50, None))
					Attributes:
						DIMENSION_LABELS: ['mass' 'IterationAxis']
						NDataDims: 1
			stds:
				Attributes:
				Hamiltonian: Dataset (dtype=float64, shape=(50, 10), maxshape=(50, None))
					Attributes:
						DIMENSION_LABELS: ['mass' 'IterationAxis']
						NDataDims: 1
		EstimatorOptions:
			Attributes:
				_VERSION: 2
				default_precision: Unset
				default_shots: Unset
				experimental: Unset
				max_execution_time: Unset
				resilience_level: Unset
				seed_estimator: 24245110
			dynamical_decoupling:
				Attributes:
					enable: Unset
					extra_slack_distribution: Unset
					scheduling_method: Unset
					sequence_type: Unset
					skip_reset_qubits: Unset
			environment:
				Attributes:
					callback: None
					job_tags: None
					log_level: WARNING
					private: False
			execution:
				Attributes:
					init_qubits: Unset
					rep_delay: Unset
			resilience:
				Attributes:
					layer_noise_model: Unset
					measure_mitigation: Unset
					pec_mitigation: Unset
					zne_mitigation: Unset
				layer_noise_learning:
					Attributes:
						layer_pair_depths: Unset
						max_layers_to_learn: Unset
						num_randomizations: Unset
						shots_per_randomization: Unset
				measure_noise_learning:
					Attributes:
						num_randomizations: Unset
						shots_per_randomization: Unset
				pec:
					Attributes:
						max_overhead: Unset
						noise_gain: Unset
				zne:
					Attributes:
						amplifier: Unset
						extrapolated_noise_factors: Unset
						extrapolator: Unset
						noise_factors: Unset
			simulator:
				Attributes:
					basis_gates: Unset
					coupling_map: Unset
					noise_model: Unset
					seed_simulator: Unset
			twirling:
				Attributes:
					enable_gates: Unset
					enable_measure: Unset
					num_randomizations: Unset
					shots_per_randomization: Unset
					strategy: Unset
		MetaData:
			Attributes:
			circuit_metadata: Dataset (dtype=object, shape=(50, 10), maxshape=(50, None))
				Attributes:
					DIMENSION_LABELS: ['mass' 'IterationAxis']
					NDataDims: 1
			target_precision: Dataset (dtype=float64, shape=(50, 10), maxshape=(50, None))
				Attributes:
					DIMENSION_LABELS: ['mass' 'IterationAxis']
					NDataDims: 1
			version: Dataset (dtype=int64, shape=(50, 10), maxshape=(50, None))
				Attributes:
					DIMENSION_LABELS: ['mass' 'IterationAxis']
					NDataDims: 1
		NIterations: Dataset (dtype=int64, shape=(50,), maxshape=(50,))
			Attributes:
				DIMENSION_LABELS: ['mass']
				NDataDims: 0
		OptimizerOptions:
			Attributes:
				bounds: None
				callback: None
				constraints: []
				method: slsqp
				tol: None
				x0Seed: 24245110
			options:
				Attributes:
					disp: 0
					maxiter: 20000
		PresetPassManagerOptions:
			Attributes:
		SimulatorOptions:
			Attributes:
		StartIterations: Dataset (dtype=int64, shape=(50, 1), maxshape=(50, None))
			Attributes:
				DIMENSION_LABELS: ['mass' 'AnsatzOperatorAxis']
				NDataDims: 1
		VersionInfo:
			Attributes:
				QiskitAerVersion: 0.17.1
				QiskitIBMRuntimeVersion: 0.41.1
				QiskitVersion: 2.1.2
		mass: Dataset (dtype=float64, shape=(50,), maxshape=(50,))
			Attributes:
	2026-01-11_01-16-50-24245112:
		Attributes:
			HamiltonianType: ZeroChargePenalty
			Last-Modified: 2026-01-11_01-16-50
			ProcessId: 24245112
			SimulatorType: Statevector
			SolverName: AdaptVQE
			SystemName: FreeWilson2D
			n_x: 2
			n_y: 2
			r: 1.0
		AdaptOptions:
			Attributes:
				allow_duplicate_gates: False
				gradient_hamiltonian_type: HamiltonianType.ZeroChargePenalty
				max_depth: 50
				parameter_prec_cutoff: 0.001
				prec_cutoff: 0.001
				precision: 0
		AnsatzOperatorDerivatives: Dataset (dtype=float64, shape=(50, 4, 8), maxshape=(50, None, 8))
			Attributes:
				DIMENSION_LABELS: ['mass' 'AnsatzOperatorAxis' 'AnsatzPoolOperatorAxis']
				NDataDims: 2
		AnsatzOperatorSecondDerivatives: Dataset (dtype=float64, shape=(50, 4, 8), maxshape=(50, None, 8))
			Attributes:
				DIMENSION_LABELS: ['mass' 'AnsatzOperatorAxis' 'AnsatzPoolOperatorAxis']
				NDataDims: 2
		AnsatzOperators: Dataset (dtype=int64, shape=(50, 4), maxshape=(50, None))
			Attributes:
				DIMENSION_LABELS: ['mass' 'AnsatzOperatorAxis']
				NDataDims: 1
		Circuit:
			Attributes:
				Ansatz: PhysicsAdaptAnsatz7
			AnsatzOptions:
				Attributes:
					num_qubits: 8
		CircuitParameters: Dataset (dtype=float64, shape=(50, 80, 4), maxshape=(50, None, None))
			Attributes:
				DIMENSION_LABELS: ['mass' 'IterationAxis' 'CircuitParameterAxis']
				NDataDims: 2
		Data:
			Attributes:
			evs:
				Attributes:
				Hamiltonian: Dataset (dtype=float64, shape=(50, 80), maxshape=(50, None))
					Attributes:
						DIMENSION_LABELS: ['mass' 'IterationAxis']
						NDataDims: 1
			stds:
				Attributes:
				Hamiltonian: Dataset (dtype=float64, shape=(50, 80), maxshape=(50, None))
					Attributes:
						DIMENSION_LABELS: ['mass' 'IterationAxis']
						NDataDims: 1
		EstimatorOptions:
			Attributes:
				_VERSION: 2
				default_precision: Unset
				default_shots: Unset
				experimental: Unset
				max_execution_time: Unset
				resilience_level: Unset
				seed_estimator: 24245112
			dynamical_decoupling:
				Attributes:
					enable: Unset
					extra_slack_distribution: Unset
					scheduling_method: Unset
					sequence_type: Unset
					skip_reset_qubits: Unset
			environment:
				Attributes:
					callback: None
					job_tags: None
					log_level: WARNING
					private: False
			execution:
				Attributes:
					init_qubits: Unset
					rep_delay: Unset
			resilience:
				Attributes:
					layer_noise_model: Unset
					measure_mitigation: Unset
					pec_mitigation: Unset
					zne_mitigation: Unset
				layer_noise_learning:
					Attributes:
						layer_pair_depths: Unset
						max_layers_to_learn: Unset
						num_randomizations: Unset
						shots_per_randomization: Unset
				measure_noise_learning:
					Attributes:
						num_randomizations: Unset
						shots_per_randomization: Unset
				pec:
					Attributes:
						max_overhead: Unset
						noise_gain: Unset
				zne:
					Attributes:
						amplifier: Unset
						extrapolated_noise_factors: Unset
						extrapolator: Unset
						noise_factors: Unset
			simulator:
				Attributes:
					basis_gates: Unset
					coupling_map: Unset
					noise_model: Unset
					seed_simulator: Unset
			twirling:
				Attributes:
					enable_gates: Unset
					enable_measure: Unset
					num_randomizations: Unset
					shots_per_randomization: Unset
					strategy: Unset
		MetaData:
			Attributes:
			circuit_metadata: Dataset (dtype=object, shape=(50, 80), maxshape=(50, None))
				Attributes:
					DIMENSION_LABELS: ['mass' 'IterationAxis']
					NDataDims: 1
			target_precision: Dataset (dtype=float64, shape=(50, 80), maxshape=(50, None))
				Attributes:
					DIMENSION_LABELS: ['mass' 'IterationAxis']
					NDataDims: 1
			version: Dataset (dtype=int64, shape=(50, 80), maxshape=(50, None))
				Attributes:
					DIMENSION_LABELS: ['mass' 'IterationAxis']
					NDataDims: 1
		NIterations: Dataset (dtype=int64, shape=(50,), maxshape=(50,))
			Attributes:
				DIMENSION_LABELS: ['mass']
				NDataDims: 0
		OptimizerOptions:
			Attributes:
				bounds: None
				callback: None
				constraints: []
				method: slsqp
				tol: None
				x0Seed: 24245112
			options:
				Attributes:
					disp: 0
					maxiter: 20000
		PresetPassManagerOptions:
			Attributes:
		SimulatorOptions:
			Attributes:
		StartIterations: Dataset (dtype=int64, shape=(50, 4), maxshape=(50, None))
			Attributes:
				DIMENSION_LABELS: ['mass' 'AnsatzOperatorAxis']
				NDataDims: 1
		VersionInfo:
			Attributes:
				QiskitAerVersion: 0.17.1
				QiskitIBMRuntimeVersion: 0.41.1
				QiskitVersion: 2.1.2
		mass: Dataset (dtype=float64, shape=(50,), maxshape=(50,))
			Attributes:
-----Ending pprint-----
Calculating for FreeWilson2D(N_x=2, N_y=2, mass=-6.000, r=1.000)
['mass=-6.000']
H: -11.999999988845202 143.99999977512687 4.284200372239866e-08
C: -0.9999999999999588 8.237854842718662e-14
Calculating for FreeWilson2D(N_x=2, N_y=2, mass=-5.837, r=1.000)
['mass=-5.837']
H: -11.673469376310035 136.26988732398345 4.4335280335872085e-08
C: -0.9999999999999594 8.126832540256146e-14
Calculating for FreeWilson2D(N_x=2, N_y=2, mass=-5.673, r=1.000)
['mass=-5.673']
H: -11.346938763558999 128.7530193501594 4.6201591885619564e-08
C: -0.9999999999999586 8.282263763703668e-14
Calculating for FreeWilson2D(N_x=2, N_y=2, mass=-5.510, r=1.000)
['mass=-5.510']
H: -11.020408152071132 121.44939588131531 4.3079438682980253e-08
C: -0.9999999999999586 8.282263763703668e-14
Calculating for FreeWilson2D(N_x=2, N_y=2, mass=-5.347, r=1.000)
['mass=-5.347']
H: -10.693877539590368 114.35901687559732 4.384197893614328e-08
C: -0.9999999999999605 7.904787935331115e-14
Calculating for FreeWilson2D(N_x=2, N_y=2, mass=-5.184, r=1.000)
['mass=-5.184']
H: -10.367346926973925 107.48188235000298 4.5767293954668276e-08
C: -0.9999999999999593 8.149037000748649e-14
Calculating for FreeWilson2D(N_x=2, N_y=2, mass=-5.020, r=1.000)
['mass=-5.020']
H: -10.040816315370332 100.81799232207527 4.3068212107755244e-08
C: -0.9999999999999579 8.415490526658687e-14
Calculating for FreeWilson2D(N_x=2, N_y=2, mass=-4.857, r=1.000)
['mass=-4.857']
H: -9.714285703311337 94.36734676751684 4.195780434201879e-08
C: -0.9999999999999587 8.260059303211165e-14
Calculating for FreeWilson2D(N_x=2, N_y=2, mass=-4.694, r=1.000)
['mass=-4.694']
H: -9.387755091098398 88.1299456924969 4.205300285775593e-08
C: -0.9999999999999591 8.171241461241152e-14
Calculating for FreeWilson2D(N_x=2, N_y=2, mass=-4.531, r=1.000)
['mass=-4.531']
H: -9.061224478060039 82.10578908703376 4.523933228028909e-08
C: -0.9999999999999591 8.171241461241152e-14
Calculating for FreeWilson2D(N_x=2, N_y=2, mass=-4.367, r=1.000)
['mass=-4.367']
H: -8.734693866487701 76.29487698373646 4.24785895347668e-08
C: -0.999999999999959 8.193445921733655e-14
Calculating for FreeWilson2D(N_x=2, N_y=2, mass=-4.204, r=1.000)
['mass=-4.204']
H: -8.408163253583261 70.69720934416 4.52521504712422e-08
C: -0.9999999999999597 8.060219158778636e-14
Calculating for FreeWilson2D(N_x=2, N_y=2, mass=-4.041, r=1.000)
['mass=-4.041']
H: -8.08163264195066 65.31278620254163 4.3099220192743815e-08
C: -0.999999999999958 8.393286066166183e-14
Calculating for FreeWilson2D(N_x=2, N_y=2, mass=-3.878, r=1.000)
['mass=-3.878']
H: -7.755102028962815 60.1416075254376 4.581442425433124e-08
C: -0.9999999999999604 7.926992395823618e-14
Calculating for FreeWilson2D(N_x=2, N_y=2, mass=-3.714, r=1.000)
['mass=-3.714']
H: -7.42857141761907 55.183673348542534 4.1875537704072485e-08
C: -0.9999999999999593 8.149037000748649e-14
Calculating for FreeWilson2D(N_x=2, N_y=2, mass=-3.551, r=1.000)
['mass=-3.551']
H: -7.1020408049389525 50.43898363873763 4.371970874217368e-08
C: -0.9999999999999586 8.282263763703668e-14
Calculating for FreeWilson2D(N_x=2, N_y=2, mass=-3.388, r=1.000)
['mass=-3.388']
H: -6.775510192832331 45.90753841656604 4.3391224835431785e-08
C: -0.99999999999996 7.993605777301127e-14
Calculating for FreeWilson2D(N_x=2, N_y=2, mass=-3.224, r=1.000)
['mass=-3.224']
H: -6.448979580508925 41.589337673617386 4.3796319459943334e-08
C: -0.999999999999959 8.193445921733655e-14
Calculating for FreeWilson2D(N_x=2, N_y=2, mass=-3.061, r=1.000)
['mass=-3.061']
H: -6.122448967645802 37.4843814076413 4.62141542811878e-08
C: -0.999999999999957 8.593126210598712e-14
Calculating for FreeWilson2D(N_x=2, N_y=2, mass=-2.898, r=1.000)
['mass=-2.898']
H: -5.7959183559516845 33.59266963302459 4.416691723463373e-08
C: -0.9999999999999586 8.282263763703668e-14
Calculating for FreeWilson2D(N_x=2, N_y=2, mass=-2.735, r=1.000)
['mass=-2.735']
H: -5.469387743346409 29.914202332694884 4.5626965317069335e-08
C: -0.9999999999999586 8.282263763703668e-14
Calculating for FreeWilson2D(N_x=2, N_y=2, mass=-2.571, r=1.000)
['mass=-2.571']
H: -5.142857131151544 26.448979516812628 4.537633913059835e-08
C: -0.9999999999999606 7.882583474838611e-14
Calculating for FreeWilson2D(N_x=2, N_y=2, mass=-2.408, r=1.000)
['mass=-2.408']
H: -4.816326519689879 23.197001186152576 4.188455449138928e-08
C: -0.999999999999959 8.193445921733655e-14
Calculating for FreeWilson2D(N_x=2, N_y=2, mass=-2.245, r=1.000)
['mass=-2.245']
H: -4.489795906529438 20.1582673280998 4.581130141900758e-08
C: -0.9999999999999589 8.215650382226158e-14
Calculating for FreeWilson2D(N_x=2, N_y=2, mass=-2.082, r=1.000)
['mass=-2.082']
H: -4.163265294930998 17.332777958988473 4.301158540442884e-08
C: -0.9999999999999587 8.260059303211165e-14
Calculating for FreeWilson2D(N_x=2, N_y=2, mass=-1.918, r=1.000)
['mass=-1.918']
H: -3.8367346823371986 14.720533067209344 4.45602186260885e-08
C: -0.9999999999999573 8.548717289613705e-14
Calculating for FreeWilson2D(N_x=2, N_y=2, mass=-1.755, r=1.000)
['mass=-1.755']
H: -3.510204070186522 12.321532658597635 4.4243609664817996e-08
C: -0.9999999999999586 8.282263763703668e-14
Calculating for FreeWilson2D(N_x=2, N_y=2, mass=-1.592, r=1.000)
['mass=-1.592']
H: -3.1836734585549746 10.135776732240226 4.153283228447435e-08
C: -0.9999999999999574 8.526512829121202e-14
Calculating for FreeWilson2D(N_x=2, N_y=2, mass=-1.429, r=1.000)
['mass=-1.429']
H: -2.857142846161486 8.16326528525451 4.188275504191097e-08
C: -0.9999999999999589 8.215650382226158e-14
Calculating for FreeWilson2D(N_x=2, N_y=2, mass=-1.265, r=1.000)
['mass=-1.265']
H: -2.530612233642301 6.403998320623404 4.356332716781708e-08
C: -0.9999999999999589 8.215650382226158e-14
Calculating for FreeWilson2D(N_x=2, N_y=2, mass=-1.102, r=1.000)
['mass=-1.102']
H: -2.204081621337141 4.857975837178608 4.366244876763403e-08
C: -0.9999999999999595 8.104628079763643e-14
Calculating for FreeWilson2D(N_x=2, N_y=2, mass=-0.939, r=1.000)
['mass=-0.939']
H: -1.8775510095258854 3.5251978351627242 4.179105284052298e-08
C: -0.999999999999958 8.393286066166183e-14
Calculating for FreeWilson2D(N_x=2, N_y=2, mass=-0.776, r=1.000)
['mass=-0.776']
H: -1.5510203962572413 2.405664315728268 4.6122298424933206e-08
C: -0.9999999999999584 8.326672684688674e-14
Calculating for FreeWilson2D(N_x=2, N_y=2, mass=-0.612, r=1.000)
['mass=-0.612']
H: -1.224489784112758 1.499375276903334 4.550682519699478e-08
C: -0.9999999999999568 8.637535131583718e-14
Calculating for FreeWilson2D(N_x=2, N_y=2, mass=-0.449, r=1.000)
['mass=-0.449']
H: -0.8979591726449605 0.8063307179820611 4.224483918235933e-08
C: -0.9999999999999589 8.215650382226158e-14
Calculating for FreeWilson2D(N_x=2, N_y=2, mass=-0.286, r=1.000)
['mass=-0.286']
H: -0.5714285606613527 0.3265306409902422 4.10507369208446e-08
C: -0.9999999999999586 8.282263763703668e-14
Calculating for FreeWilson2D(N_x=2, N_y=2, mass=-0.122, r=1.000)
['mass=-0.122']
H: -0.24489794821440125 0.05997504722585956 4.2186235997554444e-08
C: -0.9999999999999596 8.08242361927114e-14
Calculating for FreeWilson2D(N_x=2, N_y=2, mass=0.041, r=1.000)
['mass=0.041']
H: 0.08163266461333152 0.0066639363793984385 4.444752577104083e-08
C: -0.9999999999999585 8.304468224196171e-14
Calculating for FreeWilson2D(N_x=2, N_y=2, mass=0.204, r=1.000)
['mass=0.204']
H: 0.4081632768679049 0.16659730499095338 4.4407407390201215e-08
C: -0.9999999999999576 8.482103908136196e-14
Calculating for FreeWilson2D(N_x=2, N_y=2, mass=0.367, r=1.000)
['mass=0.367']
H: 0.7346938894188912 0.5397751572162193 4.606676129448317e-08
C: -0.9999999999999585 8.304468224196171e-14
Calculating for FreeWilson2D(N_x=2, N_y=2, mass=0.531, r=1.000)
['mass=0.531']
H: 1.0612245011743966 1.1261974860020083 4.4109161434491284e-08
C: -0.9999999999999616 7.682743330406083e-14
Calculating for FreeWilson2D(N_x=2, N_y=2, mass=0.694, r=1.000)
['mass=0.694']
H: 1.3877551129048706 1.9258642950732185 4.1679608209221897e-08
C: -0.9999999999999573 8.548717289613705e-14
Calculating for FreeWilson2D(N_x=2, N_y=2, mass=0.857, r=1.000)
['mass=0.857']
H: 1.714285726193245 2.938775597316198 4.6286297017417155e-08
C: -0.9999999999999587 8.260059303211165e-14
Calculating for FreeWilson2D(N_x=2, N_y=2, mass=1.020, r=1.000)
['mass=1.020']
H: 2.0408163375744 4.164931366263517 4.255292918031728e-08
C: -0.9999999999999577 8.459899447643693e-14
Calculating for FreeWilson2D(N_x=2, N_y=2, mass=1.184, r=1.000)
['mass=1.184']
H: 2.367346950184631 5.604331626874988 4.4326514014869645e-08
C: -0.9999999999999585 8.304468224196171e-14
Calculating for FreeWilson2D(N_x=2, N_y=2, mass=1.347, r=1.000)
['mass=1.347']
H: 2.6938775620991056 7.256976362159287 4.2578267134274483e-08
C: -0.999999999999958 8.393286066166183e-14
Calculating for FreeWilson2D(N_x=2, N_y=2, mass=1.510, r=1.000)
['mass=1.510']
H: 3.020408175314058 9.122865592075206 4.657120733497777e-08
C: -0.9999999999999576 8.482103908136196e-14
Calculating for FreeWilson2D(N_x=2, N_y=2, mass=1.673, r=1.000)
['mass=1.673']
H: 3.346938786713946 11.20199928537764 4.336741810107014e-08
C: -0.9999999999999594 8.126832540256146e-14
Calculating for FreeWilson2D(N_x=2, N_y=2, mass=1.837, r=1.000)
['mass=1.837']
H: 3.6734693992920215 13.494377472140222 4.4605336313452426e-08
C: -0.9999999999999599 8.01581023779363e-14
Calculating for FreeWilson2D(N_x=2, N_y=2, mass=2.000, r=1.000)
['mass=2.000']
H: 4.000000011104602 16.00000013178748 4.295066702297845e-08
C: -0.9999999999999576 8.482103908136196e-14
-----Beginning pprint-----
/:
	Attributes:
	2026-01-11_00-57-15-24245100:
		Attributes:
			HamiltonianType: ZeroChargePenalty
			Last-Modified: 2026-01-11_00-57-15
			ProcessId: 24245100
			SimulatorType: Statevector
			SolverName: AdaptVQE
			SystemName: FreeWilson2D
			n_x: 2
			n_y: 2
			r: 1.0
		AdaptOptions:
			Attributes:
				allow_duplicate_gates: False
				gradient_hamiltonian_type: HamiltonianType.ZeroChargePenalty
				max_depth: 50
				parameter_prec_cutoff: 0.001
				prec_cutoff: 0.001
				precision: 0
		AnsatzOperatorDerivatives: Dataset (dtype=float64, shape=(50, 4, 8), maxshape=(50, None, 8))
			Attributes:
				DIMENSION_LABELS: ['mass' 'AnsatzOperatorAxis' 'AnsatzPoolOperatorAxis']
				NDataDims: 2
		AnsatzOperatorSecondDerivatives: Dataset (dtype=float64, shape=(50, 4, 8), maxshape=(50, None, 8))
			Attributes:
				DIMENSION_LABELS: ['mass' 'AnsatzOperatorAxis' 'AnsatzPoolOperatorAxis']
				NDataDims: 2
		AnsatzOperators: Dataset (dtype=int64, shape=(50, 4), maxshape=(50, None))
			Attributes:
				DIMENSION_LABELS: ['mass' 'AnsatzOperatorAxis']
				NDataDims: 1
		Circuit:
			Attributes:
				Ansatz: PhysicsAdaptAnsatz5
			AnsatzOptions:
				Attributes:
					num_qubits: 8
		CircuitParameters: Dataset (dtype=float64, shape=(50, 80, 4), maxshape=(50, None, None))
			Attributes:
				DIMENSION_LABELS: ['mass' 'IterationAxis' 'CircuitParameterAxis']
				NDataDims: 2
		Data:
			Attributes:
			Final:
				Attributes:
				ChargeConjugation: Dataset (dtype=float64, shape=(50,), maxshape=(50,))
					Attributes:
						DIMENSION_LABELS: ['mass']
						NDataDims: 0
				ChargeConjugationVariance: Dataset (dtype=float64, shape=(50,), maxshape=(50,))
					Attributes:
						DIMENSION_LABELS: ['mass']
						NDataDims: 0
				HamiltonianVariance: Dataset (dtype=float64, shape=(50,), maxshape=(50,))
					Attributes:
						DIMENSION_LABELS: ['mass']
						NDataDims: 0
			evs:
				Attributes:
				Hamiltonian: Dataset (dtype=float64, shape=(50, 80), maxshape=(50, None))
					Attributes:
						DIMENSION_LABELS: ['mass' 'IterationAxis']
						NDataDims: 1
			stds:
				Attributes:
				Hamiltonian: Dataset (dtype=float64, shape=(50, 80), maxshape=(50, None))
					Attributes:
						DIMENSION_LABELS: ['mass' 'IterationAxis']
						NDataDims: 1
		EstimatorOptions:
			Attributes:
				_VERSION: 2
				default_precision: Unset
				default_shots: Unset
				experimental: Unset
				max_execution_time: Unset
				resilience_level: Unset
				seed_estimator: 24245100
			dynamical_decoupling:
				Attributes:
					enable: Unset
					extra_slack_distribution: Unset
					scheduling_method: Unset
					sequence_type: Unset
					skip_reset_qubits: Unset
			environment:
				Attributes:
					callback: None
					job_tags: None
					log_level: WARNING
					private: False
			execution:
				Attributes:
					init_qubits: Unset
					rep_delay: Unset
			resilience:
				Attributes:
					layer_noise_model: Unset
					measure_mitigation: Unset
					pec_mitigation: Unset
					zne_mitigation: Unset
				layer_noise_learning:
					Attributes:
						layer_pair_depths: Unset
						max_layers_to_learn: Unset
						num_randomizations: Unset
						shots_per_randomization: Unset
				measure_noise_learning:
					Attributes:
						num_randomizations: Unset
						shots_per_randomization: Unset
				pec:
					Attributes:
						max_overhead: Unset
						noise_gain: Unset
				zne:
					Attributes:
						amplifier: Unset
						extrapolated_noise_factors: Unset
						extrapolator: Unset
						noise_factors: Unset
			simulator:
				Attributes:
					basis_gates: Unset
					coupling_map: Unset
					noise_model: Unset
					seed_simulator: Unset
			twirling:
				Attributes:
					enable_gates: Unset
					enable_measure: Unset
					num_randomizations: Unset
					shots_per_randomization: Unset
					strategy: Unset
		MetaData:
			Attributes:
			circuit_metadata: Dataset (dtype=object, shape=(50, 80), maxshape=(50, None))
				Attributes:
					DIMENSION_LABELS: ['mass' 'IterationAxis']
					NDataDims: 1
			target_precision: Dataset (dtype=float64, shape=(50, 80), maxshape=(50, None))
				Attributes:
					DIMENSION_LABELS: ['mass' 'IterationAxis']
					NDataDims: 1
			version: Dataset (dtype=int64, shape=(50, 80), maxshape=(50, None))
				Attributes:
					DIMENSION_LABELS: ['mass' 'IterationAxis']
					NDataDims: 1
		NIterations: Dataset (dtype=int64, shape=(50,), maxshape=(50,))
			Attributes:
				DIMENSION_LABELS: ['mass']
				NDataDims: 0
		OptimizerOptions:
			Attributes:
				bounds: None
				callback: None
				constraints: []
				method: slsqp
				tol: None
				x0Seed: 24245100
			options:
				Attributes:
					disp: 0
					maxiter: 20000
		PresetPassManagerOptions:
			Attributes:
		SimulatorOptions:
			Attributes:
		StartIterations: Dataset (dtype=int64, shape=(50, 4), maxshape=(50, None))
			Attributes:
				DIMENSION_LABELS: ['mass' 'AnsatzOperatorAxis']
				NDataDims: 1
		VersionInfo:
			Attributes:
				QiskitAerVersion: 0.17.1
				QiskitIBMRuntimeVersion: 0.41.1
				QiskitVersion: 2.1.2
		mass: Dataset (dtype=float64, shape=(50,), maxshape=(50,))
			Attributes:
	2026-01-11_01-11-50-24245110:
		Attributes:
			HamiltonianType: ZeroChargePenalty
			Last-Modified: 2026-01-11_01-11-50
			ProcessId: 24245110
			SimulatorType: Statevector
			SolverName: AdaptVQE
			SystemName: FreeWilson2D
			n_x: 2
			n_y: 2
			r: 1.0
		AdaptOptions:
			Attributes:
				allow_duplicate_gates: False
				gradient_hamiltonian_type: HamiltonianType.ZeroChargePenalty
				max_depth: 50
				parameter_prec_cutoff: 0.001
				prec_cutoff: 0.001
				precision: 0
		AnsatzOperatorDerivatives: Dataset (dtype=float64, shape=(50, 1, 8), maxshape=(50, None, 8))
			Attributes:
				DIMENSION_LABELS: ['mass' 'AnsatzOperatorAxis' 'AnsatzPoolOperatorAxis']
				NDataDims: 2
		AnsatzOperatorSecondDerivatives: Dataset (dtype=float64, shape=(50, 1, 8), maxshape=(50, None, 8))
			Attributes:
				DIMENSION_LABELS: ['mass' 'AnsatzOperatorAxis' 'AnsatzPoolOperatorAxis']
				NDataDims: 2
		AnsatzOperators: Dataset (dtype=int64, shape=(50, 1), maxshape=(50, None))
			Attributes:
				DIMENSION_LABELS: ['mass' 'AnsatzOperatorAxis']
				NDataDims: 1
		Circuit:
			Attributes:
				Ansatz: PhysicsAdaptAnsatz6
			AnsatzOptions:
				Attributes:
					num_qubits: 8
		CircuitParameters: Dataset (dtype=float64, shape=(50, 10, 1), maxshape=(50, None, None))
			Attributes:
				DIMENSION_LABELS: ['mass' 'IterationAxis' 'CircuitParameterAxis']
				NDataDims: 2
		Data:
			Attributes:
			evs:
				Attributes:
				Hamiltonian: Dataset (dtype=float64, shape=(50, 10), maxshape=(50, None))
					Attributes:
						DIMENSION_LABELS: ['mass' 'IterationAxis']
						NDataDims: 1
			stds:
				Attributes:
				Hamiltonian: Dataset (dtype=float64, shape=(50, 10), maxshape=(50, None))
					Attributes:
						DIMENSION_LABELS: ['mass' 'IterationAxis']
						NDataDims: 1
		EstimatorOptions:
			Attributes:
				_VERSION: 2
				default_precision: Unset
				default_shots: Unset
				experimental: Unset
				max_execution_time: Unset
				resilience_level: Unset
				seed_estimator: 24245110
			dynamical_decoupling:
				Attributes:
					enable: Unset
					extra_slack_distribution: Unset
					scheduling_method: Unset
					sequence_type: Unset
					skip_reset_qubits: Unset
			environment:
				Attributes:
					callback: None
					job_tags: None
					log_level: WARNING
					private: False
			execution:
				Attributes:
					init_qubits: Unset
					rep_delay: Unset
			resilience:
				Attributes:
					layer_noise_model: Unset
					measure_mitigation: Unset
					pec_mitigation: Unset
					zne_mitigation: Unset
				layer_noise_learning:
					Attributes:
						layer_pair_depths: Unset
						max_layers_to_learn: Unset
						num_randomizations: Unset
						shots_per_randomization: Unset
				measure_noise_learning:
					Attributes:
						num_randomizations: Unset
						shots_per_randomization: Unset
				pec:
					Attributes:
						max_overhead: Unset
						noise_gain: Unset
				zne:
					Attributes:
						amplifier: Unset
						extrapolated_noise_factors: Unset
						extrapolator: Unset
						noise_factors: Unset
			simulator:
				Attributes:
					basis_gates: Unset
					coupling_map: Unset
					noise_model: Unset
					seed_simulator: Unset
			twirling:
				Attributes:
					enable_gates: Unset
					enable_measure: Unset
					num_randomizations: Unset
					shots_per_randomization: Unset
					strategy: Unset
		MetaData:
			Attributes:
			circuit_metadata: Dataset (dtype=object, shape=(50, 10), maxshape=(50, None))
				Attributes:
					DIMENSION_LABELS: ['mass' 'IterationAxis']
					NDataDims: 1
			target_precision: Dataset (dtype=float64, shape=(50, 10), maxshape=(50, None))
				Attributes:
					DIMENSION_LABELS: ['mass' 'IterationAxis']
					NDataDims: 1
			version: Dataset (dtype=int64, shape=(50, 10), maxshape=(50, None))
				Attributes:
					DIMENSION_LABELS: ['mass' 'IterationAxis']
					NDataDims: 1
		NIterations: Dataset (dtype=int64, shape=(50,), maxshape=(50,))
			Attributes:
				DIMENSION_LABELS: ['mass']
				NDataDims: 0
		OptimizerOptions:
			Attributes:
				bounds: None
				callback: None
				constraints: []
				method: slsqp
				tol: None
				x0Seed: 24245110
			options:
				Attributes:
					disp: 0
					maxiter: 20000
		PresetPassManagerOptions:
			Attributes:
		SimulatorOptions:
			Attributes:
		StartIterations: Dataset (dtype=int64, shape=(50, 1), maxshape=(50, None))
			Attributes:
				DIMENSION_LABELS: ['mass' 'AnsatzOperatorAxis']
				NDataDims: 1
		VersionInfo:
			Attributes:
				QiskitAerVersion: 0.17.1
				QiskitIBMRuntimeVersion: 0.41.1
				QiskitVersion: 2.1.2
		mass: Dataset (dtype=float64, shape=(50,), maxshape=(50,))
			Attributes:
	2026-01-11_01-16-50-24245112:
		Attributes:
			HamiltonianType: ZeroChargePenalty
			Last-Modified: 2026-01-11_01-16-50
			ProcessId: 24245112
			SimulatorType: Statevector
			SolverName: AdaptVQE
			SystemName: FreeWilson2D
			n_x: 2
			n_y: 2
			r: 1.0
		AdaptOptions:
			Attributes:
				allow_duplicate_gates: False
				gradient_hamiltonian_type: HamiltonianType.ZeroChargePenalty
				max_depth: 50
				parameter_prec_cutoff: 0.001
				prec_cutoff: 0.001
				precision: 0
		AnsatzOperatorDerivatives: Dataset (dtype=float64, shape=(50, 4, 8), maxshape=(50, None, 8))
			Attributes:
				DIMENSION_LABELS: ['mass' 'AnsatzOperatorAxis' 'AnsatzPoolOperatorAxis']
				NDataDims: 2
		AnsatzOperatorSecondDerivatives: Dataset (dtype=float64, shape=(50, 4, 8), maxshape=(50, None, 8))
			Attributes:
				DIMENSION_LABELS: ['mass' 'AnsatzOperatorAxis' 'AnsatzPoolOperatorAxis']
				NDataDims: 2
		AnsatzOperators: Dataset (dtype=int64, shape=(50, 4), maxshape=(50, None))
			Attributes:
				DIMENSION_LABELS: ['mass' 'AnsatzOperatorAxis']
				NDataDims: 1
		Circuit:
			Attributes:
				Ansatz: PhysicsAdaptAnsatz7
			AnsatzOptions:
				Attributes:
					num_qubits: 8
		CircuitParameters: Dataset (dtype=float64, shape=(50, 80, 4), maxshape=(50, None, None))
			Attributes:
				DIMENSION_LABELS: ['mass' 'IterationAxis' 'CircuitParameterAxis']
				NDataDims: 2
		Data:
			Attributes:
			Final:
				Attributes:
				ChargeConjugation: Dataset (dtype=float64, shape=(50,), maxshape=(50,))
					Attributes:
						DIMENSION_LABELS: ['mass']
						NDataDims: 0
				ChargeConjugationVariance: Dataset (dtype=float64, shape=(50,), maxshape=(50,))
					Attributes:
						DIMENSION_LABELS: ['mass']
						NDataDims: 0
				HamiltonianVariance: Dataset (dtype=float64, shape=(50,), maxshape=(50,))
					Attributes:
						DIMENSION_LABELS: ['mass']
						NDataDims: 0
			evs:
				Attributes:
				Hamiltonian: Dataset (dtype=float64, shape=(50, 80), maxshape=(50, None))
					Attributes:
						DIMENSION_LABELS: ['mass' 'IterationAxis']
						NDataDims: 1
			stds:
				Attributes:
				Hamiltonian: Dataset (dtype=float64, shape=(50, 80), maxshape=(50, None))
					Attributes:
						DIMENSION_LABELS: ['mass' 'IterationAxis']
						NDataDims: 1
		EstimatorOptions:
			Attributes:
				_VERSION: 2
				default_precision: Unset
				default_shots: Unset
				experimental: Unset
				max_execution_time: Unset
				resilience_level: Unset
				seed_estimator: 24245112
			dynamical_decoupling:
				Attributes:
					enable: Unset
					extra_slack_distribution: Unset
					scheduling_method: Unset
					sequence_type: Unset
					skip_reset_qubits: Unset
			environment:
				Attributes:
					callback: None
					job_tags: None
					log_level: WARNING
					private: False
			execution:
				Attributes:
					init_qubits: Unset
					rep_delay: Unset
			resilience:
				Attributes:
					layer_noise_model: Unset
					measure_mitigation: Unset
					pec_mitigation: Unset
					zne_mitigation: Unset
				layer_noise_learning:
					Attributes:
						layer_pair_depths: Unset
						max_layers_to_learn: Unset
						num_randomizations: Unset
						shots_per_randomization: Unset
				measure_noise_learning:
					Attributes:
						num_randomizations: Unset
						shots_per_randomization: Unset
				pec:
					Attributes:
						max_overhead: Unset
						noise_gain: Unset
				zne:
					Attributes:
						amplifier: Unset
						extrapolated_noise_factors: Unset
						extrapolator: Unset
						noise_factors: Unset
			simulator:
				Attributes:
					basis_gates: Unset
					coupling_map: Unset
					noise_model: Unset
					seed_simulator: Unset
			twirling:
				Attributes:
					enable_gates: Unset
					enable_measure: Unset
					num_randomizations: Unset
					shots_per_randomization: Unset
					strategy: Unset
		MetaData:
			Attributes:
			circuit_metadata: Dataset (dtype=object, shape=(50, 80), maxshape=(50, None))
				Attributes:
					DIMENSION_LABELS: ['mass' 'IterationAxis']
					NDataDims: 1
			target_precision: Dataset (dtype=float64, shape=(50, 80), maxshape=(50, None))
				Attributes:
					DIMENSION_LABELS: ['mass' 'IterationAxis']
					NDataDims: 1
			version: Dataset (dtype=int64, shape=(50, 80), maxshape=(50, None))
				Attributes:
					DIMENSION_LABELS: ['mass' 'IterationAxis']
					NDataDims: 1
		NIterations: Dataset (dtype=int64, shape=(50,), maxshape=(50,))
			Attributes:
				DIMENSION_LABELS: ['mass']
				NDataDims: 0
		OptimizerOptions:
			Attributes:
				bounds: None
				callback: None
				constraints: []
				method: slsqp
				tol: None
				x0Seed: 24245112
			options:
				Attributes:
					disp: 0
					maxiter: 20000
		PresetPassManagerOptions:
			Attributes:
		SimulatorOptions:
			Attributes:
		StartIterations: Dataset (dtype=int64, shape=(50, 4), maxshape=(50, None))
			Attributes:
				DIMENSION_LABELS: ['mass' 'AnsatzOperatorAxis']
				NDataDims: 1
		VersionInfo:
			Attributes:
				QiskitAerVersion: 0.17.1
				QiskitIBMRuntimeVersion: 0.41.1
				QiskitVersion: 2.1.2
		mass: Dataset (dtype=float64, shape=(50,), maxshape=(50,))
			Attributes:
-----Ending pprint-----
End 2026-01-11 12:02:45 | 24245425 MyPyJob | lmnode196 | /home/s6nidich_hpc/PycharmProjects/QC-MasterThesis 

