Start 2025-11-18 12:53:34 | 23954327 MyPyJob | lmnode201 | /home/s6nidich_hpc/PycharmProjects/QC-MasterThesis 

Used python interpreter:
/home/s6nidich_hpc/PycharmProjects/QC-MasterThesis/.venv_intel_3_12_3/bin/python
Python version:
Python 3.12.3

Currently Loaded Modules:
  1) GCCcore/13.3.0                   7) Tcl/8.6.14-GCCcore-13.3.0
  2) zlib/1.3.1-GCCcore-13.3.0        8) SQLite/3.45.3-GCCcore-13.3.0
  3) binutils/2.42-GCCcore-13.3.0     9) XZ/5.4.5-GCCcore-13.3.0
  4) bzip2/1.0.8-GCCcore-13.3.0      10) libffi/3.4.5-GCCcore-13.3.0
  5) ncurses/6.5-GCCcore-13.3.0      11) OpenSSL/3
  6) libreadline/8.2-GCCcore-13.3.0  12) Python/3.12.3-GCCcore-13.3.0

 

Start of Program:

-----Beginning pprint-----
/:
	Attributes:
-----Ending pprint-----
Calculating energies for FreeWilson2D(N_x=2, N_y=2, mass=-6.000, r=1.000)
h_im: 0.0
New op index: 26	$R_{YX+XY}$[0, 1]
Current grad: 6.563360965827769e-13
0:	0.00e+00	-5.00e+01
1:	0.00e+00	-5.00e+01
2:	0.00e+00	0.00e+00
3:	0.00e+00	-5.00e+01
4:	0.00e+00	-5.00e+01
5:	0.00e+00	0.00e+00
6:	0.00e+00	-5.00e+01
7:	0.00e+00	-5.00e+01
8:	0.00e+00	0.00e+00
9:	0.00e+00	-5.00e+01
10:	0.00e+00	-5.00e+01
11:	0.00e+00	0.00e+00
12:	0.00e+00	-5.00e+01
13:	0.00e+00	-5.00e+01
14:	0.00e+00	0.00e+00
15:	0.00e+00	-5.00e+01
16:	0.00e+00	-5.00e+01
17:	0.00e+00	0.00e+00
18:	0.00e+00	-5.00e+01
19:	0.00e+00	-5.00e+01
20:	0.00e+00	0.00e+00
21:	0.00e+00	-5.00e+01
22:	0.00e+00	-5.00e+01
23:	0.00e+00	0.00e+00
24:	0.00e+00	0.00e+00
25:	0.00e+00	3.33e-14
26:	-1.64e-13	3.33e-14
27:	0.00e+00	0.00e+00
28:	0.00e+00	0.00e+00
29:	0.00e+00	-4.00e+02
30:	0.00e+00	-4.00e+02
31:	-1.39e-17	0.00e+00
32:	0.00e+00	0.00e+00
33:	0.00e+00	-4.00e+02
34:	0.00e+00	-4.00e+02
35:	0.00e+00	0.00e+00
36:	0.00e+00	2.22e-16
37:	0.00e+00	-4.00e+02
38:	0.00e+00	-4.00e+02
39:	0.00e+00	2.22e-16
40:	0.00e+00	0.00e+00
41:	0.00e+00	-4.00e+02
42:	0.00e+00	-4.00e+02
43:	0.00e+00	0.00e+00
44:	0.00e+00	2.22e-16
45:	0.00e+00	-4.00e+02
46:	2.36e-16	-4.00e+02
47:	0.00e+00	2.22e-16
48:	0.00e+00	0.00e+00
49:	0.00e+00	-4.00e+02
50:	0.00e+00	-4.00e+02
51:	-2.78e-17	0.00e+00
52:	0.00e+00	0.00e+00
53:	0.00e+00	-4.00e+02
54:	0.00e+00	-4.00e+02
55:	0.00e+00	0.00e+00
56:	0.00e+00	0.00e+00
57:	0.00e+00	-4.00e+02
58:	0.00e+00	-4.00e+02
59:	0.00e+00	0.00e+00
60:	0.00e+00	0.00e+00
61:	0.00e+00	-4.00e+02
62:	0.00e+00	-4.00e+02
63:	0.00e+00	0.00e+00
64:	0.00e+00	-2.22e-16
65:	0.00e+00	-4.00e+02
66:	0.00e+00	-4.00e+02
67:	0.00e+00	-2.22e-16
68:	0.00e+00	0.00e+00
69:	0.00e+00	-4.00e+02
70:	0.00e+00	-4.00e+02
71:	-2.78e-17	0.00e+00
72:	0.00e+00	-2.22e-16
73:	0.00e+00	-4.00e+02
74:	2.36e-16	-4.00e+02
75:	0.00e+00	-2.22e-16
76:	0.00e+00	0.00e+00
77:	0.00e+00	3.33e-14
78:	-1.64e-13	3.33e-14
79:	0.00e+00	0.00e+00
80:	0.00e+00	2.22e-16
81:	0.00e+00	-4.00e+02
82:	3.47e-16	-4.00e+02
83:	0.00e+00	2.22e-16
84:	0.00e+00	0.00e+00
85:	0.00e+00	-4.00e+02
86:	0.00e+00	-4.00e+02
87:	-2.78e-17	0.00e+00
88:	0.00e+00	2.22e-16
89:	0.00e+00	-4.00e+02
90:	0.00e+00	-4.00e+02
91:	0.00e+00	2.22e-16
92:	0.00e+00	0.00e+00
93:	0.00e+00	-4.00e+02
94:	0.00e+00	-4.00e+02
95:	0.00e+00	0.00e+00
96:	0.00e+00	0.00e+00
97:	0.00e+00	-4.00e+02
98:	0.00e+00	-4.00e+02
99:	-2.78e-17	0.00e+00
100:	0.00e+00	-2.22e-16
101:	0.00e+00	-4.00e+02
102:	3.47e-16	-4.00e+02
103:	0.00e+00	-2.22e-16
104:	0.00e+00	0.00e+00
105:	0.00e+00	-4.00e+02
106:	0.00e+00	-4.00e+02
107:	0.00e+00	0.00e+00
108:	0.00e+00	-2.22e-16
109:	0.00e+00	-4.00e+02
110:	0.00e+00	-4.00e+02
111:	0.00e+00	-2.22e-16
112:	0.00e+00	0.00e+00
113:	0.00e+00	1.11e-14
114:	-1.64e-13	1.11e-14
115:	0.00e+00	0.00e+00
116:	0.00e+00	0.00e+00
117:	0.00e+00	-4.00e+02
118:	0.00e+00	-4.00e+02
119:	-1.39e-17	0.00e+00
120:	0.00e+00	0.00e+00
121:	0.00e+00	-4.00e+02
122:	0.00e+00	-4.00e+02
123:	0.00e+00	0.00e+00
124:	0.00e+00	0.00e+00
125:	0.00e+00	-4.00e+02
126:	0.00e+00	-4.00e+02
127:	0.00e+00	0.00e+00
128:	0.00e+00	0.00e+00
129:	0.00e+00	-4.00e+02
130:	0.00e+00	-4.00e+02
131:	0.00e+00	0.00e+00
132:	0.00e+00	0.00e+00
133:	0.00e+00	1.11e-14
134:	-1.64e-13	1.11e-14
135:	0.00e+00	0.00e+00
Selecting maximum: 0 with second gradient of -50.0
New op index: 27	$R_{YX-XY}$[0, 1]
Current grad: 16.000000000000295
New op index: 54	$R_{YX+XY}$[1, 2]
Current grad: 8.000083610347836
New op index: 107	$R_{YX-XY}$[3, 6]
Current grad: 4.018635980909796
New op index: 43	$R_{YX-XY}$[0, 5]
Current grad: 2.000522562689569
New op index: 126	$R_{YX+XY}$[5, 6]
Current grad: 6.8596618786668415
New op index: 38	$R_{YX+XY}$[0, 4]
Current grad: 0.01458855057667948
Parameter value cutoff reached.
Calculating energies for FreeWilson2D(N_x=2, N_y=2, mass=-5.837, r=1.000)
h_im: 0.0
New op index: 26	$R_{YX+XY}$[0, 1]
Current grad: 6.563360965827769e-13
0:	0.00e+00	-5.00e+01
1:	0.00e+00	-5.00e+01
2:	0.00e+00	0.00e+00
3:	0.00e+00	-5.00e+01
4:	0.00e+00	-5.00e+01
5:	0.00e+00	0.00e+00
6:	0.00e+00	-5.00e+01
7:	0.00e+00	-5.00e+01
8:	0.00e+00	0.00e+00
9:	0.00e+00	-5.00e+01
10:	0.00e+00	-5.00e+01
11:	0.00e+00	0.00e+00
12:	0.00e+00	-5.00e+01
13:	0.00e+00	-5.00e+01
14:	0.00e+00	0.00e+00
15:	0.00e+00	-5.00e+01
16:	0.00e+00	-5.00e+01
17:	0.00e+00	0.00e+00
18:	0.00e+00	-5.00e+01
19:	0.00e+00	-5.00e+01
20:	0.00e+00	0.00e+00
21:	0.00e+00	-5.00e+01
22:	0.00e+00	-5.00e+01
23:	0.00e+00	0.00e+00
24:	0.00e+00	0.00e+00
25:	0.00e+00	3.33e-14
26:	-1.64e-13	3.33e-14
27:	0.00e+00	0.00e+00
28:	0.00e+00	0.00e+00
29:	0.00e+00	-4.00e+02
30:	0.00e+00	-4.00e+02
31:	-1.39e-17	0.00e+00
32:	0.00e+00	0.00e+00
33:	0.00e+00	-4.00e+02
34:	0.00e+00	-4.00e+02
35:	0.00e+00	0.00e+00
36:	0.00e+00	2.13e-16
37:	0.00e+00	-4.00e+02
38:	0.00e+00	-4.00e+02
39:	0.00e+00	2.13e-16
40:	0.00e+00	0.00e+00
41:	0.00e+00	-4.00e+02
42:	0.00e+00	-4.00e+02
43:	0.00e+00	0.00e+00
44:	0.00e+00	2.13e-16
45:	0.00e+00	-4.00e+02
46:	2.36e-16	-4.00e+02
47:	0.00e+00	2.13e-16
48:	0.00e+00	0.00e+00
49:	0.00e+00	-4.00e+02
50:	0.00e+00	-4.00e+02
51:	-2.78e-17	0.00e+00
52:	0.00e+00	0.00e+00
53:	0.00e+00	-4.00e+02
54:	0.00e+00	-4.00e+02
55:	0.00e+00	0.00e+00
56:	0.00e+00	0.00e+00
57:	0.00e+00	-4.00e+02
58:	0.00e+00	-4.00e+02
59:	0.00e+00	0.00e+00
60:	0.00e+00	0.00e+00
61:	0.00e+00	-4.00e+02
62:	0.00e+00	-4.00e+02
63:	0.00e+00	0.00e+00
64:	0.00e+00	-2.13e-16
65:	0.00e+00	-4.00e+02
66:	0.00e+00	-4.00e+02
67:	0.00e+00	-2.13e-16
68:	0.00e+00	0.00e+00
69:	0.00e+00	-4.00e+02
70:	0.00e+00	-4.00e+02
71:	-2.78e-17	0.00e+00
72:	0.00e+00	-2.13e-16
73:	0.00e+00	-4.00e+02
74:	2.36e-16	-4.00e+02
75:	0.00e+00	-2.13e-16
76:	0.00e+00	0.00e+00
77:	0.00e+00	3.33e-14
78:	-1.64e-13	3.33e-14
79:	0.00e+00	0.00e+00
80:	0.00e+00	2.13e-16
81:	0.00e+00	-4.00e+02
82:	3.47e-16	-4.00e+02
83:	0.00e+00	2.13e-16
84:	0.00e+00	0.00e+00
85:	0.00e+00	-4.00e+02
86:	0.00e+00	-4.00e+02
87:	-2.78e-17	0.00e+00
88:	0.00e+00	2.13e-16
89:	0.00e+00	-4.00e+02
90:	0.00e+00	-4.00e+02
91:	0.00e+00	2.13e-16
92:	0.00e+00	0.00e+00
93:	0.00e+00	-4.00e+02
94:	0.00e+00	-4.00e+02
95:	0.00e+00	0.00e+00
96:	0.00e+00	0.00e+00
97:	0.00e+00	-4.00e+02
98:	0.00e+00	-4.00e+02
99:	-2.78e-17	0.00e+00
100:	0.00e+00	-2.13e-16
101:	0.00e+00	-4.00e+02
102:	3.47e-16	-4.00e+02
103:	0.00e+00	-2.13e-16
104:	0.00e+00	0.00e+00
105:	0.00e+00	-4.00e+02
106:	0.00e+00	-4.00e+02
107:	0.00e+00	0.00e+00
108:	0.00e+00	-2.13e-16
109:	0.00e+00	-4.00e+02
110:	0.00e+00	-4.00e+02
111:	0.00e+00	-2.13e-16
112:	0.00e+00	0.00e+00
113:	0.00e+00	1.11e-14
114:	-1.64e-13	1.11e-14
115:	0.00e+00	0.00e+00
116:	0.00e+00	0.00e+00
117:	0.00e+00	-4.00e+02
118:	0.00e+00	-4.00e+02
119:	-1.39e-17	0.00e+00
120:	0.00e+00	0.00e+00
121:	0.00e+00	-4.00e+02
122:	0.00e+00	-4.00e+02
123:	0.00e+00	0.00e+00
124:	0.00e+00	0.00e+00
125:	0.00e+00	-4.00e+02
126:	0.00e+00	-4.00e+02
127:	0.00e+00	0.00e+00
128:	0.00e+00	0.00e+00
129:	0.00e+00	-4.00e+02
130:	0.00e+00	-4.00e+02
131:	0.00e+00	0.00e+00
132:	0.00e+00	0.00e+00
133:	0.00e+00	1.11e-14
134:	-1.64e-13	1.11e-14
135:	0.00e+00	0.00e+00
Selecting maximum: 0 with second gradient of -50.0
New op index: 27	$R_{YX-XY}$[0, 1]
Current grad: 15.673469387755398
New op index: 31	$R_{YX-XY}$[0, 2]
Current grad: 8.0000843878834
New op index: 59	$R_{YX-XY}$[1, 3]
Current grad: 6.828535087916059
New op index: 107	$R_{YX-XY}$[3, 6]
Current grad: 8.000012544573625
New op index: 110	$R_{YX+XY}$[3, 7]
Current grad: 430.19432048362773
New op index: 126	$R_{YX+XY}$[5, 6]
Current grad: 4.9006963580996405
New op index: 74	$R_{YX+XY}$[1, 7]
Current grad: 3.498057125438491
New op index: 59	$R_{YX-XY}$[1, 3]
Current grad: 0.18701454755422797
New op index: 107	$R_{YX-XY}$[3, 6]
Current grad: 1.9107030295692446
New op index: 95	$R_{YX-XY}$[2, 7]
Current grad: 1.91324078004669
New op index: 51	$R_{YX-XY}$[0, 7]
Current grad: 2.7096363908232615
New op index: 131	$R_{YX-XY}$[5, 7]
Current grad: 3.1631977644058913
New op index: 31	$R_{YX-XY}$[0, 2]
Current grad: 0.008744428616705152
Parameter value cutoff reached.
Calculating energies for FreeWilson2D(N_x=2, N_y=2, mass=-5.673, r=1.000)
h_im: 0.0
New op index: 26	$R_{YX+XY}$[0, 1]
Current grad: 6.563360965827769e-13
0:	0.00e+00	-5.00e+01
1:	0.00e+00	-5.00e+01
2:	0.00e+00	0.00e+00
3:	0.00e+00	-5.00e+01
4:	0.00e+00	-5.00e+01
5:	0.00e+00	0.00e+00
6:	0.00e+00	-5.00e+01
7:	0.00e+00	-5.00e+01
8:	0.00e+00	0.00e+00
9:	0.00e+00	-5.00e+01
10:	0.00e+00	-5.00e+01
11:	0.00e+00	0.00e+00
12:	0.00e+00	-5.00e+01
13:	0.00e+00	-5.00e+01
14:	0.00e+00	0.00e+00
15:	0.00e+00	-5.00e+01
16:	0.00e+00	-5.00e+01
17:	0.00e+00	0.00e+00
18:	0.00e+00	-5.00e+01
19:	0.00e+00	-5.00e+01
20:	0.00e+00	0.00e+00
21:	0.00e+00	-5.00e+01
22:	0.00e+00	-5.00e+01
23:	0.00e+00	0.00e+00
24:	0.00e+00	0.00e+00
25:	0.00e+00	3.33e-14
26:	-1.64e-13	3.33e-14
27:	0.00e+00	0.00e+00
28:	0.00e+00	0.00e+00
29:	0.00e+00	-4.00e+02
30:	0.00e+00	-4.00e+02
31:	-1.39e-17	0.00e+00
32:	0.00e+00	0.00e+00
33:	0.00e+00	-4.00e+02
34:	0.00e+00	-4.00e+02
35:	0.00e+00	0.00e+00
36:	0.00e+00	2.04e-16
37:	0.00e+00	-4.00e+02
38:	0.00e+00	-4.00e+02
39:	0.00e+00	2.04e-16
40:	0.00e+00	0.00e+00
41:	0.00e+00	-4.00e+02
42:	0.00e+00	-4.00e+02
43:	0.00e+00	0.00e+00
44:	0.00e+00	2.04e-16
45:	0.00e+00	-4.00e+02
46:	2.36e-16	-4.00e+02
47:	0.00e+00	2.04e-16
48:	0.00e+00	0.00e+00
49:	0.00e+00	-4.00e+02
50:	0.00e+00	-4.00e+02
51:	-2.78e-17	0.00e+00
52:	0.00e+00	0.00e+00
53:	0.00e+00	-4.00e+02
54:	0.00e+00	-4.00e+02
55:	0.00e+00	0.00e+00
56:	0.00e+00	0.00e+00
57:	0.00e+00	-4.00e+02
58:	0.00e+00	-4.00e+02
59:	0.00e+00	0.00e+00
60:	0.00e+00	0.00e+00
61:	0.00e+00	-4.00e+02
62:	0.00e+00	-4.00e+02
63:	0.00e+00	0.00e+00
64:	0.00e+00	-2.04e-16
65:	0.00e+00	-4.00e+02
66:	0.00e+00	-4.00e+02
67:	0.00e+00	-2.04e-16
68:	0.00e+00	0.00e+00
69:	0.00e+00	-4.00e+02
70:	0.00e+00	-4.00e+02
71:	-2.78e-17	0.00e+00
72:	0.00e+00	-2.04e-16
73:	0.00e+00	-4.00e+02
74:	2.36e-16	-4.00e+02
75:	0.00e+00	-2.04e-16
76:	0.00e+00	0.00e+00
77:	0.00e+00	3.33e-14
78:	-1.64e-13	3.33e-14
79:	0.00e+00	0.00e+00
80:	0.00e+00	2.04e-16
81:	0.00e+00	-4.00e+02
82:	3.47e-16	-4.00e+02
83:	0.00e+00	2.04e-16
84:	0.00e+00	0.00e+00
85:	0.00e+00	-4.00e+02
86:	0.00e+00	-4.00e+02
87:	-2.78e-17	0.00e+00
88:	0.00e+00	2.04e-16
89:	0.00e+00	-4.00e+02
90:	0.00e+00	-4.00e+02
91:	0.00e+00	2.04e-16
92:	0.00e+00	0.00e+00
93:	0.00e+00	-4.00e+02
94:	0.00e+00	-4.00e+02
95:	0.00e+00	0.00e+00
96:	0.00e+00	0.00e+00
97:	0.00e+00	-4.00e+02
98:	0.00e+00	-4.00e+02
99:	-2.78e-17	0.00e+00
100:	0.00e+00	-2.04e-16
101:	0.00e+00	-4.00e+02
102:	3.47e-16	-4.00e+02
103:	0.00e+00	-2.04e-16
104:	0.00e+00	0.00e+00
105:	0.00e+00	-4.00e+02
106:	0.00e+00	-4.00e+02
107:	0.00e+00	0.00e+00
108:	0.00e+00	-2.04e-16
109:	0.00e+00	-4.00e+02
110:	0.00e+00	-4.00e+02
111:	0.00e+00	-2.04e-16
112:	0.00e+00	0.00e+00
113:	0.00e+00	1.11e-14
114:	-1.64e-13	1.11e-14
115:	0.00e+00	0.00e+00
116:	0.00e+00	0.00e+00
117:	0.00e+00	-4.00e+02
118:	0.00e+00	-4.00e+02
119:	-1.39e-17	0.00e+00
120:	0.00e+00	0.00e+00
121:	0.00e+00	-4.00e+02
122:	0.00e+00	-4.00e+02
123:	0.00e+00	0.00e+00
124:	0.00e+00	0.00e+00
125:	0.00e+00	-4.00e+02
126:	0.00e+00	-4.00e+02
127:	0.00e+00	0.00e+00
128:	0.00e+00	0.00e+00
129:	0.00e+00	-4.00e+02
130:	0.00e+00	-4.00e+02
131:	0.00e+00	0.00e+00
132:	0.00e+00	0.00e+00
133:	0.00e+00	1.11e-14
134:	-1.64e-13	1.11e-14
135:	0.00e+00	0.00e+00
Selecting maximum: 0 with second gradient of -50.0
New op index: 27	$R_{YX-XY}$[0, 1]
Current grad: 15.3469387755105
New op index: 31	$R_{YX-XY}$[0, 2]
Current grad: 8.000285891002726
New op index: 59	$R_{YX-XY}$[1, 3]
Current grad: 6.828484454895609
New op index: 51	$R_{YX-XY}$[0, 7]
Current grad: 8.00165466669339
New op index: 110	$R_{YX+XY}$[3, 7]
Current grad: 231.39283346537906
New op index: 119	$R_{YX-XY}$[4, 6]
Current grad: 4.421707083535571
New op index: 122	$R_{YX+XY}$[4, 7]
Current grad: 4.40581741411915
New op index: 51	$R_{YX-XY}$[0, 7]
Current grad: 2.2181672697537946
New op index: 99	$R_{YX-XY}$[3, 4]
Current grad: 2.89010612196549
New op index: 74	$R_{YX+XY}$[1, 7]
Current grad: 2.935988062535592
New op index: 110	$R_{YX+XY}$[3, 7]
Current grad: 3.945723317485188
New op index: 134	$R_{YX+XY}$[6, 7]
Current grad: 7.6698677573169185
New op index: 66	$R_{YX+XY}$[1, 5]
Current grad: 6.179590980515875
New op index: 38	$R_{YX+XY}$[0, 4]
Current grad: 5.011419834138563
New op index: 78	$R_{YX+XY}$[2, 3]
Current grad: 4.547836148444022
New op index: 59	$R_{YX-XY}$[1, 3]
Current grad: 4.0234510019464205
New op index: 99	$R_{YX-XY}$[3, 4]
Current grad: 1.110338821487021
New op index: 54	$R_{YX+XY}$[1, 2]
Current grad: 0.22519477408878086
Parameter value cutoff reached.
Calculating energies for FreeWilson2D(N_x=2, N_y=2, mass=-5.510, r=1.000)
h_im: 0.0
New op index: 26	$R_{YX+XY}$[0, 1]
Current grad: 6.563360965827769e-13
0:	0.00e+00	-5.00e+01
1:	0.00e+00	-5.00e+01
2:	0.00e+00	0.00e+00
3:	0.00e+00	-5.00e+01
4:	0.00e+00	-5.00e+01
5:	0.00e+00	0.00e+00
6:	0.00e+00	-5.00e+01
7:	0.00e+00	-5.00e+01
8:	0.00e+00	0.00e+00
9:	0.00e+00	-5.00e+01
10:	0.00e+00	-5.00e+01
11:	0.00e+00	0.00e+00
12:	0.00e+00	-5.00e+01
13:	0.00e+00	-5.00e+01
14:	0.00e+00	0.00e+00
15:	0.00e+00	-5.00e+01
16:	0.00e+00	-5.00e+01
17:	0.00e+00	0.00e+00
18:	0.00e+00	-5.00e+01
19:	0.00e+00	-5.00e+01
20:	0.00e+00	0.00e+00
21:	0.00e+00	-5.00e+01
22:	0.00e+00	-5.00e+01
23:	0.00e+00	0.00e+00
24:	0.00e+00	0.00e+00
25:	0.00e+00	3.33e-14
26:	-1.64e-13	3.33e-14
27:	0.00e+00	0.00e+00
28:	0.00e+00	0.00e+00
29:	0.00e+00	-4.00e+02
30:	0.00e+00	-4.00e+02
31:	-1.39e-17	0.00e+00
32:	0.00e+00	0.00e+00
33:	0.00e+00	-4.00e+02
34:	0.00e+00	-4.00e+02
35:	0.00e+00	0.00e+00
36:	0.00e+00	1.95e-16
37:	0.00e+00	-4.00e+02
38:	0.00e+00	-4.00e+02
39:	0.00e+00	1.95e-16
40:	0.00e+00	0.00e+00
41:	0.00e+00	-4.00e+02
42:	0.00e+00	-4.00e+02
43:	0.00e+00	0.00e+00
44:	0.00e+00	1.95e-16
45:	0.00e+00	-4.00e+02
46:	2.36e-16	-4.00e+02
47:	0.00e+00	1.95e-16
48:	0.00e+00	0.00e+00
49:	0.00e+00	-4.00e+02
50:	0.00e+00	-4.00e+02
51:	-2.78e-17	0.00e+00
52:	0.00e+00	0.00e+00
53:	0.00e+00	-4.00e+02
54:	0.00e+00	-4.00e+02
55:	0.00e+00	0.00e+00
56:	0.00e+00	0.00e+00
57:	0.00e+00	-4.00e+02
58:	0.00e+00	-4.00e+02
59:	0.00e+00	0.00e+00
60:	0.00e+00	0.00e+00
61:	0.00e+00	-4.00e+02
62:	0.00e+00	-4.00e+02
63:	0.00e+00	0.00e+00
64:	0.00e+00	-1.95e-16
65:	0.00e+00	-4.00e+02
66:	0.00e+00	-4.00e+02
67:	0.00e+00	-1.95e-16
68:	0.00e+00	0.00e+00
69:	0.00e+00	-4.00e+02
70:	0.00e+00	-4.00e+02
71:	-2.78e-17	0.00e+00
72:	0.00e+00	-1.95e-16
73:	0.00e+00	-4.00e+02
74:	2.36e-16	-4.00e+02
75:	0.00e+00	-1.95e-16
76:	0.00e+00	0.00e+00
77:	0.00e+00	3.33e-14
78:	-1.64e-13	3.33e-14
79:	0.00e+00	0.00e+00
80:	0.00e+00	1.95e-16
81:	0.00e+00	-4.00e+02
82:	3.47e-16	-4.00e+02
83:	0.00e+00	1.95e-16
84:	0.00e+00	0.00e+00
85:	0.00e+00	-4.00e+02
86:	0.00e+00	-4.00e+02
87:	-2.78e-17	0.00e+00
88:	0.00e+00	1.95e-16
89:	0.00e+00	-4.00e+02
90:	0.00e+00	-4.00e+02
91:	0.00e+00	1.95e-16
92:	0.00e+00	0.00e+00
93:	0.00e+00	-4.00e+02
94:	0.00e+00	-4.00e+02
95:	0.00e+00	0.00e+00
96:	0.00e+00	0.00e+00
97:	0.00e+00	-4.00e+02
98:	0.00e+00	-4.00e+02
99:	-2.78e-17	0.00e+00
100:	0.00e+00	-1.95e-16
101:	0.00e+00	-4.00e+02
102:	3.47e-16	-4.00e+02
103:	0.00e+00	-1.95e-16
104:	0.00e+00	0.00e+00
105:	0.00e+00	-4.00e+02
106:	0.00e+00	-4.00e+02
107:	0.00e+00	0.00e+00
108:	0.00e+00	-1.95e-16
109:	0.00e+00	-4.00e+02
110:	0.00e+00	-4.00e+02
111:	0.00e+00	-1.95e-16
112:	0.00e+00	0.00e+00
113:	0.00e+00	1.11e-14
114:	-1.64e-13	1.11e-14
115:	0.00e+00	0.00e+00
116:	0.00e+00	0.00e+00
117:	0.00e+00	-4.00e+02
118:	0.00e+00	-4.00e+02
119:	-1.39e-17	0.00e+00
120:	0.00e+00	0.00e+00
121:	0.00e+00	-4.00e+02
122:	0.00e+00	-4.00e+02
123:	0.00e+00	0.00e+00
124:	0.00e+00	0.00e+00
125:	0.00e+00	-4.00e+02
126:	0.00e+00	-4.00e+02
127:	0.00e+00	0.00e+00
128:	0.00e+00	0.00e+00
129:	0.00e+00	-4.00e+02
130:	0.00e+00	-4.00e+02
131:	0.00e+00	0.00e+00
132:	0.00e+00	0.00e+00
133:	0.00e+00	1.11e-14
134:	-1.64e-13	1.11e-14
135:	0.00e+00	0.00e+00
Selecting maximum: 0 with second gradient of -50.0
New op index: 27	$R_{YX-XY}$[0, 1]
Current grad: 15.020408163265602
New op index: 31	$R_{YX-XY}$[0, 2]
Current grad: 8.000643082151836
New op index: 59	$R_{YX-XY}$[1, 3]
Current grad: 6.828446493392148
New op index: 51	$R_{YX-XY}$[0, 7]
Current grad: 8.000132061952579
New op index: 110	$R_{YX+XY}$[3, 7]
Current grad: 231.20196552092798
New op index: 126	$R_{YX+XY}$[5, 6]
Current grad: 4.415686161435776
New op index: 74	$R_{YX+XY}$[1, 7]
Current grad: 6.632301777117711
New op index: 78	$R_{YX+XY}$[2, 3]
Current grad: 3.6134972253809825
New op index: 71	$R_{YX-XY}$[1, 6]
Current grad: 0.8881668875137633
New op index: 126	$R_{YX+XY}$[5, 6]
Current grad: 0.005181554477429646
Parameter value cutoff reached.
Calculating energies for FreeWilson2D(N_x=2, N_y=2, mass=-5.347, r=1.000)
h_im: 0.0
New op index: 26	$R_{YX+XY}$[0, 1]
Current grad: 6.563360965827769e-13
0:	0.00e+00	-5.00e+01
1:	0.00e+00	-5.00e+01
2:	0.00e+00	0.00e+00
3:	0.00e+00	-5.00e+01
4:	0.00e+00	-5.00e+01
5:	0.00e+00	0.00e+00
6:	0.00e+00	-5.00e+01
7:	0.00e+00	-5.00e+01
8:	0.00e+00	0.00e+00
9:	0.00e+00	-5.00e+01
10:	0.00e+00	-5.00e+01
11:	0.00e+00	0.00e+00
12:	0.00e+00	-5.00e+01
13:	0.00e+00	-5.00e+01
14:	0.00e+00	0.00e+00
15:	0.00e+00	-5.00e+01
16:	0.00e+00	-5.00e+01
17:	0.00e+00	0.00e+00
18:	0.00e+00	-5.00e+01
19:	0.00e+00	-5.00e+01
20:	0.00e+00	0.00e+00
21:	0.00e+00	-5.00e+01
22:	0.00e+00	-5.00e+01
23:	0.00e+00	0.00e+00
24:	0.00e+00	0.00e+00
25:	0.00e+00	3.33e-14
26:	-1.64e-13	3.33e-14
27:	0.00e+00	0.00e+00
28:	0.00e+00	0.00e+00
29:	0.00e+00	-4.00e+02
30:	0.00e+00	-4.00e+02
31:	-1.39e-17	0.00e+00
32:	0.00e+00	0.00e+00
33:	0.00e+00	-4.00e+02
34:	0.00e+00	-4.00e+02
35:	0.00e+00	0.00e+00
36:	0.00e+00	1.86e-16
37:	0.00e+00	-4.00e+02
38:	0.00e+00	-4.00e+02
39:	0.00e+00	1.86e-16
40:	0.00e+00	0.00e+00
41:	0.00e+00	-4.00e+02
42:	0.00e+00	-4.00e+02
43:	0.00e+00	0.00e+00
44:	0.00e+00	1.86e-16
45:	0.00e+00	-4.00e+02
46:	2.36e-16	-4.00e+02
47:	0.00e+00	1.86e-16
48:	0.00e+00	0.00e+00
49:	0.00e+00	-4.00e+02
50:	0.00e+00	-4.00e+02
51:	-2.78e-17	0.00e+00
52:	0.00e+00	0.00e+00
53:	0.00e+00	-4.00e+02
54:	0.00e+00	-4.00e+02
55:	0.00e+00	0.00e+00
56:	0.00e+00	0.00e+00
57:	0.00e+00	-4.00e+02
58:	0.00e+00	-4.00e+02
59:	0.00e+00	0.00e+00
60:	0.00e+00	0.00e+00
61:	0.00e+00	-4.00e+02
62:	0.00e+00	-4.00e+02
63:	0.00e+00	0.00e+00
64:	0.00e+00	-1.86e-16
65:	0.00e+00	-4.00e+02
66:	0.00e+00	-4.00e+02
67:	0.00e+00	-1.86e-16
68:	0.00e+00	0.00e+00
69:	0.00e+00	-4.00e+02
70:	0.00e+00	-4.00e+02
71:	-2.78e-17	0.00e+00
72:	0.00e+00	-1.86e-16
73:	0.00e+00	-4.00e+02
74:	2.36e-16	-4.00e+02
75:	0.00e+00	-1.86e-16
76:	0.00e+00	0.00e+00
77:	0.00e+00	3.33e-14
78:	-1.64e-13	3.33e-14
79:	0.00e+00	0.00e+00
80:	0.00e+00	1.86e-16
81:	0.00e+00	-4.00e+02
82:	3.47e-16	-4.00e+02
83:	0.00e+00	1.86e-16
84:	0.00e+00	0.00e+00
85:	0.00e+00	-4.00e+02
86:	0.00e+00	-4.00e+02
87:	-2.78e-17	0.00e+00
88:	0.00e+00	1.86e-16
89:	0.00e+00	-4.00e+02
90:	0.00e+00	-4.00e+02
91:	0.00e+00	1.86e-16
92:	0.00e+00	0.00e+00
93:	0.00e+00	-4.00e+02
94:	0.00e+00	-4.00e+02
95:	0.00e+00	0.00e+00
96:	0.00e+00	0.00e+00
97:	0.00e+00	-4.00e+02
98:	0.00e+00	-4.00e+02
99:	-2.78e-17	0.00e+00
100:	0.00e+00	-1.86e-16
101:	0.00e+00	-4.00e+02
102:	3.47e-16	-4.00e+02
103:	0.00e+00	-1.86e-16
104:	0.00e+00	0.00e+00
105:	0.00e+00	-4.00e+02
106:	0.00e+00	-4.00e+02
107:	0.00e+00	0.00e+00
108:	0.00e+00	-1.86e-16
109:	0.00e+00	-4.00e+02
110:	0.00e+00	-4.00e+02
111:	0.00e+00	-1.86e-16
112:	0.00e+00	0.00e+00
113:	0.00e+00	1.11e-14
114:	-1.64e-13	1.11e-14
115:	0.00e+00	0.00e+00
116:	0.00e+00	0.00e+00
117:	0.00e+00	-4.00e+02
118:	0.00e+00	-4.00e+02
119:	-1.39e-17	0.00e+00
120:	0.00e+00	0.00e+00
121:	0.00e+00	-4.00e+02
122:	0.00e+00	-4.00e+02
123:	0.00e+00	0.00e+00
124:	0.00e+00	0.00e+00
125:	0.00e+00	-4.00e+02
126:	0.00e+00	-4.00e+02
127:	0.00e+00	0.00e+00
128:	0.00e+00	0.00e+00
129:	0.00e+00	-4.00e+02
130:	0.00e+00	-4.00e+02
131:	0.00e+00	0.00e+00
132:	0.00e+00	0.00e+00
133:	0.00e+00	1.11e-14
134:	-1.64e-13	1.11e-14
135:	0.00e+00	0.00e+00
Selecting maximum: 0 with second gradient of -50.0
New op index: 27	$R_{YX-XY}$[0, 1]
Current grad: 14.693877551020703
New op index: 31	$R_{YX-XY}$[0, 2]
Current grad: 8.0001396311547
New op index: 59	$R_{YX-XY}$[1, 3]
Current grad: 6.828624101701971
New op index: 51	$R_{YX-XY}$[0, 7]
Current grad: 8.000028853047045
New op index: 110	$R_{YX+XY}$[3, 7]
Current grad: 231.26773640198212
New op index: 126	$R_{YX+XY}$[5, 6]
Current grad: 4.447693743104684
New op index: 74	$R_{YX+XY}$[1, 7]
Current grad: 6.668222670243518
New op index: 78	$R_{YX+XY}$[2, 3]
Current grad: 3.6244429623893417
New op index: 71	$R_{YX-XY}$[1, 6]
Current grad: 1.0274056782252134
New op index: 26	$R_{YX+XY}$[0, 1]
Current grad: 0.022672110677379467
Parameter value cutoff reached.
Calculating energies for FreeWilson2D(N_x=2, N_y=2, mass=-5.184, r=1.000)
h_im: 0.0
New op index: 26	$R_{YX+XY}$[0, 1]
Current grad: 6.563360965827769e-13
0:	0.00e+00	-5.00e+01
1:	0.00e+00	-5.00e+01
2:	0.00e+00	0.00e+00
3:	0.00e+00	-5.00e+01
4:	0.00e+00	-5.00e+01
5:	0.00e+00	0.00e+00
6:	0.00e+00	-5.00e+01
7:	0.00e+00	-5.00e+01
8:	0.00e+00	0.00e+00
9:	0.00e+00	-5.00e+01
10:	0.00e+00	-5.00e+01
11:	0.00e+00	0.00e+00
12:	0.00e+00	-5.00e+01
13:	0.00e+00	-5.00e+01
14:	0.00e+00	0.00e+00
15:	0.00e+00	-5.00e+01
16:	0.00e+00	-5.00e+01
17:	0.00e+00	0.00e+00
18:	0.00e+00	-5.00e+01
19:	0.00e+00	-5.00e+01
20:	0.00e+00	0.00e+00
21:	0.00e+00	-5.00e+01
22:	0.00e+00	-5.00e+01
23:	0.00e+00	0.00e+00
24:	0.00e+00	0.00e+00
25:	0.00e+00	3.33e-14
26:	-1.64e-13	3.33e-14
27:	0.00e+00	0.00e+00
28:	0.00e+00	0.00e+00
29:	0.00e+00	-4.00e+02
30:	0.00e+00	-4.00e+02
31:	-1.39e-17	0.00e+00
32:	0.00e+00	0.00e+00
33:	0.00e+00	-4.00e+02
34:	0.00e+00	-4.00e+02
35:	0.00e+00	0.00e+00
36:	0.00e+00	1.77e-16
37:	0.00e+00	-4.00e+02
38:	0.00e+00	-4.00e+02
39:	0.00e+00	1.77e-16
40:	0.00e+00	0.00e+00
41:	0.00e+00	-4.00e+02
42:	0.00e+00	-4.00e+02
43:	0.00e+00	0.00e+00
44:	0.00e+00	1.77e-16
45:	0.00e+00	-4.00e+02
46:	2.36e-16	-4.00e+02
47:	0.00e+00	1.77e-16
48:	0.00e+00	0.00e+00
49:	0.00e+00	-4.00e+02
50:	0.00e+00	-4.00e+02
51:	-2.78e-17	0.00e+00
52:	0.00e+00	0.00e+00
53:	0.00e+00	-4.00e+02
54:	0.00e+00	-4.00e+02
55:	0.00e+00	0.00e+00
56:	0.00e+00	0.00e+00
57:	0.00e+00	-4.00e+02
58:	0.00e+00	-4.00e+02
59:	0.00e+00	0.00e+00
60:	0.00e+00	0.00e+00
61:	0.00e+00	-4.00e+02
62:	0.00e+00	-4.00e+02
63:	0.00e+00	0.00e+00
64:	0.00e+00	-1.77e-16
65:	0.00e+00	-4.00e+02
66:	0.00e+00	-4.00e+02
67:	0.00e+00	-1.77e-16
68:	0.00e+00	0.00e+00
69:	0.00e+00	-4.00e+02
70:	0.00e+00	-4.00e+02
71:	-2.78e-17	0.00e+00
72:	0.00e+00	-1.77e-16
73:	0.00e+00	-4.00e+02
74:	2.36e-16	-4.00e+02
75:	0.00e+00	-1.77e-16
76:	0.00e+00	0.00e+00
77:	0.00e+00	3.33e-14
78:	-1.64e-13	3.33e-14
79:	0.00e+00	0.00e+00
80:	0.00e+00	1.77e-16
81:	0.00e+00	-4.00e+02
82:	3.47e-16	-4.00e+02
83:	0.00e+00	1.77e-16
84:	0.00e+00	0.00e+00
85:	0.00e+00	-4.00e+02
86:	0.00e+00	-4.00e+02
87:	-2.78e-17	0.00e+00
88:	0.00e+00	1.77e-16
89:	0.00e+00	-4.00e+02
90:	0.00e+00	-4.00e+02
91:	0.00e+00	1.77e-16
92:	0.00e+00	0.00e+00
93:	0.00e+00	-4.00e+02
94:	0.00e+00	-4.00e+02
95:	0.00e+00	0.00e+00
96:	0.00e+00	0.00e+00
97:	0.00e+00	-4.00e+02
98:	0.00e+00	-4.00e+02
99:	-2.78e-17	0.00e+00
100:	0.00e+00	-1.77e-16
101:	0.00e+00	-4.00e+02
102:	3.47e-16	-4.00e+02
103:	0.00e+00	-1.77e-16
104:	0.00e+00	0.00e+00
105:	0.00e+00	-4.00e+02
106:	0.00e+00	-4.00e+02
107:	0.00e+00	0.00e+00
108:	0.00e+00	-1.77e-16
109:	0.00e+00	-4.00e+02
110:	0.00e+00	-4.00e+02
111:	0.00e+00	-1.77e-16
112:	0.00e+00	0.00e+00
113:	0.00e+00	1.11e-14
114:	-1.64e-13	1.11e-14
115:	0.00e+00	0.00e+00
116:	0.00e+00	0.00e+00
117:	0.00e+00	-4.00e+02
118:	0.00e+00	-4.00e+02
119:	-1.39e-17	0.00e+00
120:	0.00e+00	0.00e+00
121:	0.00e+00	-4.00e+02
122:	0.00e+00	-4.00e+02
123:	0.00e+00	0.00e+00
124:	0.00e+00	0.00e+00
125:	0.00e+00	-4.00e+02
126:	0.00e+00	-4.00e+02
127:	0.00e+00	0.00e+00
128:	0.00e+00	0.00e+00
129:	0.00e+00	-4.00e+02
130:	0.00e+00	-4.00e+02
131:	0.00e+00	0.00e+00
132:	0.00e+00	0.00e+00
133:	0.00e+00	1.11e-14
134:	-1.64e-13	1.11e-14
135:	0.00e+00	0.00e+00
Selecting maximum: 0 with second gradient of -50.0
New op index: 27	$R_{YX-XY}$[0, 1]
Current grad: 14.367346938775805
New op index: 54	$R_{YX+XY}$[1, 2]
Current grad: 8.000364018856628
New op index: 110	$R_{YX+XY}$[3, 7]
Current grad: 4.0005371545011545
New op index: 38	$R_{YX+XY}$[0, 4]
Current grad: 2.684446737055492
New op index: 126	$R_{YX+XY}$[5, 6]
Current grad: 6.005201524657981
New op index: 38	$R_{YX+XY}$[0, 4]
Current grad: 0.03165306318580928
Adding the same operator twice is not sensible, terminating.
Calculating energies for FreeWilson2D(N_x=2, N_y=2, mass=-5.020, r=1.000)
h_im: 0.0
New op index: 26	$R_{YX+XY}$[0, 1]
Current grad: 6.563360965827769e-13
0:	0.00e+00	-5.00e+01
1:	0.00e+00	-5.00e+01
2:	0.00e+00	0.00e+00
3:	0.00e+00	-5.00e+01
4:	0.00e+00	-5.00e+01
5:	0.00e+00	0.00e+00
6:	0.00e+00	-5.00e+01
7:	0.00e+00	-5.00e+01
8:	0.00e+00	0.00e+00
9:	0.00e+00	-5.00e+01
10:	0.00e+00	-5.00e+01
11:	0.00e+00	0.00e+00
12:	0.00e+00	-5.00e+01
13:	0.00e+00	-5.00e+01
14:	0.00e+00	0.00e+00
15:	0.00e+00	-5.00e+01
16:	0.00e+00	-5.00e+01
17:	0.00e+00	0.00e+00
18:	0.00e+00	-5.00e+01
19:	0.00e+00	-5.00e+01
20:	0.00e+00	0.00e+00
21:	0.00e+00	-5.00e+01
22:	0.00e+00	-5.00e+01
23:	0.00e+00	0.00e+00
24:	0.00e+00	0.00e+00
25:	0.00e+00	3.33e-14
26:	-1.64e-13	3.33e-14
27:	0.00e+00	0.00e+00
28:	0.00e+00	0.00e+00
29:	0.00e+00	-4.00e+02
30:	0.00e+00	-4.00e+02
31:	-1.39e-17	0.00e+00
32:	0.00e+00	0.00e+00
33:	0.00e+00	-4.00e+02
34:	0.00e+00	-4.00e+02
35:	0.00e+00	0.00e+00
36:	0.00e+00	1.68e-16
37:	0.00e+00	-4.00e+02
38:	0.00e+00	-4.00e+02
39:	0.00e+00	1.68e-16
40:	0.00e+00	0.00e+00
41:	0.00e+00	-4.00e+02
42:	0.00e+00	-4.00e+02
43:	0.00e+00	0.00e+00
44:	0.00e+00	1.68e-16
45:	0.00e+00	-4.00e+02
46:	2.36e-16	-4.00e+02
47:	0.00e+00	1.68e-16
48:	0.00e+00	0.00e+00
49:	0.00e+00	-4.00e+02
50:	0.00e+00	-4.00e+02
51:	-2.78e-17	0.00e+00
52:	0.00e+00	0.00e+00
53:	0.00e+00	-4.00e+02
54:	0.00e+00	-4.00e+02
55:	0.00e+00	0.00e+00
56:	0.00e+00	0.00e+00
57:	0.00e+00	-4.00e+02
58:	0.00e+00	-4.00e+02
59:	0.00e+00	0.00e+00
60:	0.00e+00	0.00e+00
61:	0.00e+00	-4.00e+02
62:	0.00e+00	-4.00e+02
63:	0.00e+00	0.00e+00
64:	0.00e+00	-1.68e-16
65:	0.00e+00	-4.00e+02
66:	0.00e+00	-4.00e+02
67:	0.00e+00	-1.68e-16
68:	0.00e+00	0.00e+00
69:	0.00e+00	-4.00e+02
70:	0.00e+00	-4.00e+02
71:	-2.78e-17	0.00e+00
72:	0.00e+00	-1.68e-16
73:	0.00e+00	-4.00e+02
74:	2.36e-16	-4.00e+02
75:	0.00e+00	-1.68e-16
76:	0.00e+00	0.00e+00
77:	0.00e+00	3.33e-14
78:	-1.64e-13	3.33e-14
79:	0.00e+00	0.00e+00
80:	0.00e+00	1.68e-16
81:	0.00e+00	-4.00e+02
82:	3.47e-16	-4.00e+02
83:	0.00e+00	1.68e-16
84:	0.00e+00	0.00e+00
85:	0.00e+00	-4.00e+02
86:	0.00e+00	-4.00e+02
87:	-2.78e-17	0.00e+00
88:	0.00e+00	1.68e-16
89:	0.00e+00	-4.00e+02
90:	0.00e+00	-4.00e+02
91:	0.00e+00	1.68e-16
92:	0.00e+00	0.00e+00
93:	0.00e+00	-4.00e+02
94:	0.00e+00	-4.00e+02
95:	0.00e+00	0.00e+00
96:	0.00e+00	0.00e+00
97:	0.00e+00	-4.00e+02
98:	0.00e+00	-4.00e+02
99:	-2.78e-17	0.00e+00
100:	0.00e+00	-1.68e-16
101:	0.00e+00	-4.00e+02
102:	3.47e-16	-4.00e+02
103:	0.00e+00	-1.68e-16
104:	0.00e+00	0.00e+00
105:	0.00e+00	-4.00e+02
106:	0.00e+00	-4.00e+02
107:	0.00e+00	0.00e+00
108:	0.00e+00	-1.68e-16
109:	0.00e+00	-4.00e+02
110:	0.00e+00	-4.00e+02
111:	0.00e+00	-1.68e-16
112:	0.00e+00	0.00e+00
113:	0.00e+00	1.11e-14
114:	-1.64e-13	1.11e-14
115:	0.00e+00	0.00e+00
116:	0.00e+00	0.00e+00
117:	0.00e+00	-4.00e+02
118:	0.00e+00	-4.00e+02
119:	-1.39e-17	0.00e+00
120:	0.00e+00	0.00e+00
121:	0.00e+00	-4.00e+02
122:	0.00e+00	-4.00e+02
123:	0.00e+00	0.00e+00
124:	0.00e+00	0.00e+00
125:	0.00e+00	-4.00e+02
126:	0.00e+00	-4.00e+02
127:	0.00e+00	0.00e+00
128:	0.00e+00	0.00e+00
129:	0.00e+00	-4.00e+02
130:	0.00e+00	-4.00e+02
131:	0.00e+00	0.00e+00
132:	0.00e+00	0.00e+00
133:	0.00e+00	1.11e-14
134:	-1.64e-13	1.11e-14
135:	0.00e+00	0.00e+00
Selecting maximum: 0 with second gradient of -50.0
New op index: 27	$R_{YX-XY}$[0, 1]
Current grad: 14.040816326530907
New op index: 54	$R_{YX+XY}$[1, 2]
Current grad: 8.002819834695568
New op index: 107	$R_{YX-XY}$[3, 6]
Current grad: 4.01004558995313
New op index: 119	$R_{YX-XY}$[4, 6]
Current grad: 6.829165982793704
New op index: 122	$R_{YX+XY}$[4, 7]
Current grad: 441.4379619183234
New op index: 110	$R_{YX+XY}$[3, 7]
Current grad: 0.016970330849201676
Parameter value cutoff reached.
Calculating energies for FreeWilson2D(N_x=2, N_y=2, mass=-4.857, r=1.000)
h_im: 0.0
New op index: 26	$R_{YX+XY}$[0, 1]
Current grad: 6.563360965827769e-13
0:	0.00e+00	-5.00e+01
1:	0.00e+00	-5.00e+01
2:	0.00e+00	0.00e+00
3:	0.00e+00	-5.00e+01
4:	0.00e+00	-5.00e+01
5:	0.00e+00	0.00e+00
6:	0.00e+00	-5.00e+01
7:	0.00e+00	-5.00e+01
8:	0.00e+00	0.00e+00
9:	0.00e+00	-5.00e+01
10:	0.00e+00	-5.00e+01
11:	0.00e+00	0.00e+00
12:	0.00e+00	-5.00e+01
13:	0.00e+00	-5.00e+01
14:	0.00e+00	0.00e+00
15:	0.00e+00	-5.00e+01
16:	0.00e+00	-5.00e+01
17:	0.00e+00	0.00e+00
18:	0.00e+00	-5.00e+01
19:	0.00e+00	-5.00e+01
20:	0.00e+00	0.00e+00
21:	0.00e+00	-5.00e+01
22:	0.00e+00	-5.00e+01
23:	0.00e+00	0.00e+00
24:	0.00e+00	0.00e+00
25:	0.00e+00	3.33e-14
26:	-1.64e-13	3.33e-14
27:	0.00e+00	0.00e+00
28:	0.00e+00	0.00e+00
29:	0.00e+00	-4.00e+02
30:	0.00e+00	-4.00e+02
31:	-1.39e-17	0.00e+00
32:	0.00e+00	0.00e+00
33:	0.00e+00	-4.00e+02
34:	0.00e+00	-4.00e+02
35:	0.00e+00	0.00e+00
36:	0.00e+00	1.59e-16
37:	0.00e+00	-4.00e+02
38:	0.00e+00	-4.00e+02
39:	0.00e+00	1.59e-16
40:	0.00e+00	0.00e+00
41:	0.00e+00	-4.00e+02
42:	0.00e+00	-4.00e+02
43:	0.00e+00	0.00e+00
44:	0.00e+00	1.59e-16
45:	0.00e+00	-4.00e+02
46:	2.36e-16	-4.00e+02
47:	0.00e+00	1.59e-16
48:	0.00e+00	0.00e+00
49:	0.00e+00	-4.00e+02
50:	0.00e+00	-4.00e+02
51:	-2.78e-17	0.00e+00
52:	0.00e+00	0.00e+00
53:	0.00e+00	-4.00e+02
54:	0.00e+00	-4.00e+02
55:	0.00e+00	0.00e+00
56:	0.00e+00	0.00e+00
57:	0.00e+00	-4.00e+02
58:	0.00e+00	-4.00e+02
59:	0.00e+00	0.00e+00
60:	0.00e+00	0.00e+00
61:	0.00e+00	-4.00e+02
62:	0.00e+00	-4.00e+02
63:	0.00e+00	0.00e+00
64:	0.00e+00	-1.59e-16
65:	0.00e+00	-4.00e+02
66:	0.00e+00	-4.00e+02
67:	0.00e+00	-1.59e-16
68:	0.00e+00	0.00e+00
69:	0.00e+00	-4.00e+02
70:	0.00e+00	-4.00e+02
71:	-2.78e-17	0.00e+00
72:	0.00e+00	-1.59e-16
73:	0.00e+00	-4.00e+02
74:	2.36e-16	-4.00e+02
75:	0.00e+00	-1.59e-16
76:	0.00e+00	0.00e+00
77:	0.00e+00	3.33e-14
78:	-1.64e-13	3.33e-14
79:	0.00e+00	0.00e+00
80:	0.00e+00	1.59e-16
81:	0.00e+00	-4.00e+02
82:	3.47e-16	-4.00e+02
83:	0.00e+00	1.59e-16
84:	0.00e+00	0.00e+00
85:	0.00e+00	-4.00e+02
86:	0.00e+00	-4.00e+02
87:	-2.78e-17	0.00e+00
88:	0.00e+00	1.59e-16
89:	0.00e+00	-4.00e+02
90:	0.00e+00	-4.00e+02
91:	0.00e+00	1.59e-16
92:	0.00e+00	0.00e+00
93:	0.00e+00	-4.00e+02
94:	0.00e+00	-4.00e+02
95:	0.00e+00	0.00e+00
96:	0.00e+00	0.00e+00
97:	0.00e+00	-4.00e+02
98:	0.00e+00	-4.00e+02
99:	-2.78e-17	0.00e+00
100:	0.00e+00	-1.59e-16
101:	0.00e+00	-4.00e+02
102:	3.47e-16	-4.00e+02
103:	0.00e+00	-1.59e-16
104:	0.00e+00	0.00e+00
105:	0.00e+00	-4.00e+02
106:	0.00e+00	-4.00e+02
107:	0.00e+00	0.00e+00
108:	0.00e+00	-1.59e-16
109:	0.00e+00	-4.00e+02
110:	0.00e+00	-4.00e+02
111:	0.00e+00	-1.59e-16
112:	0.00e+00	0.00e+00
113:	0.00e+00	1.11e-14
114:	-1.64e-13	1.11e-14
115:	0.00e+00	0.00e+00
116:	0.00e+00	0.00e+00
117:	0.00e+00	-4.00e+02
118:	0.00e+00	-4.00e+02
119:	-1.39e-17	0.00e+00
120:	0.00e+00	0.00e+00
121:	0.00e+00	-4.00e+02
122:	0.00e+00	-4.00e+02
123:	0.00e+00	0.00e+00
124:	0.00e+00	0.00e+00
125:	0.00e+00	-4.00e+02
126:	0.00e+00	-4.00e+02
127:	0.00e+00	0.00e+00
128:	0.00e+00	0.00e+00
129:	0.00e+00	-4.00e+02
130:	0.00e+00	-4.00e+02
131:	0.00e+00	0.00e+00
132:	0.00e+00	0.00e+00
133:	0.00e+00	1.11e-14
134:	-1.64e-13	1.11e-14
135:	0.00e+00	0.00e+00
Selecting maximum: 0 with second gradient of -50.0
New op index: 27	$R_{YX-XY}$[0, 1]
Current grad: 13.714285714286012
New op index: 31	$R_{YX-XY}$[0, 2]
Current grad: 8.000939961730788
New op index: 59	$R_{YX-XY}$[1, 3]
Current grad: 6.828438371259887
New op index: 82	$R_{YX+XY}$[2, 4]
Current grad: 8.001904084859747
New op index: 99	$R_{YX-XY}$[3, 4]
Current grad: 9.028853052583646
New op index: 46	$R_{YX+XY}$[0, 6]
Current grad: 7.016428640646554
New op index: 46	$R_{YX+XY}$[0, 6]
Current grad: 0.009232591158557884
Adding the same operator twice is not sensible, terminating.
Calculating energies for FreeWilson2D(N_x=2, N_y=2, mass=-4.694, r=1.000)
h_im: 0.0
New op index: 26	$R_{YX+XY}$[0, 1]
Current grad: 6.563360965827769e-13
0:	0.00e+00	-5.00e+01
1:	0.00e+00	-5.00e+01
2:	0.00e+00	0.00e+00
3:	0.00e+00	-5.00e+01
4:	0.00e+00	-5.00e+01
5:	0.00e+00	0.00e+00
6:	0.00e+00	-5.00e+01
7:	0.00e+00	-5.00e+01
8:	0.00e+00	0.00e+00
9:	0.00e+00	-5.00e+01
10:	0.00e+00	-5.00e+01
11:	0.00e+00	0.00e+00
12:	0.00e+00	-5.00e+01
13:	0.00e+00	-5.00e+01
14:	0.00e+00	0.00e+00
15:	0.00e+00	-5.00e+01
16:	0.00e+00	-5.00e+01
17:	0.00e+00	0.00e+00
18:	0.00e+00	-5.00e+01
19:	0.00e+00	-5.00e+01
20:	0.00e+00	0.00e+00
21:	0.00e+00	-5.00e+01
22:	0.00e+00	-5.00e+01
23:	0.00e+00	0.00e+00
24:	0.00e+00	0.00e+00
25:	0.00e+00	3.33e-14
26:	-1.64e-13	3.33e-14
27:	0.00e+00	0.00e+00
28:	0.00e+00	0.00e+00
29:	0.00e+00	-4.00e+02
30:	0.00e+00	-4.00e+02
31:	-1.39e-17	0.00e+00
32:	0.00e+00	0.00e+00
33:	0.00e+00	-4.00e+02
34:	0.00e+00	-4.00e+02
35:	0.00e+00	0.00e+00
36:	0.00e+00	1.50e-16
37:	0.00e+00	-4.00e+02
38:	0.00e+00	-4.00e+02
39:	0.00e+00	1.50e-16
40:	0.00e+00	0.00e+00
41:	0.00e+00	-4.00e+02
42:	0.00e+00	-4.00e+02
43:	0.00e+00	0.00e+00
44:	0.00e+00	1.50e-16
45:	0.00e+00	-4.00e+02
46:	2.36e-16	-4.00e+02
47:	0.00e+00	1.50e-16
48:	0.00e+00	0.00e+00
49:	0.00e+00	-4.00e+02
50:	0.00e+00	-4.00e+02
51:	-2.78e-17	0.00e+00
52:	0.00e+00	0.00e+00
53:	0.00e+00	-4.00e+02
54:	0.00e+00	-4.00e+02
55:	0.00e+00	0.00e+00
56:	0.00e+00	0.00e+00
57:	0.00e+00	-4.00e+02
58:	0.00e+00	-4.00e+02
59:	0.00e+00	0.00e+00
60:	0.00e+00	0.00e+00
61:	0.00e+00	-4.00e+02
62:	0.00e+00	-4.00e+02
63:	0.00e+00	0.00e+00
64:	0.00e+00	-1.50e-16
65:	0.00e+00	-4.00e+02
66:	0.00e+00	-4.00e+02
67:	0.00e+00	-1.50e-16
68:	0.00e+00	0.00e+00
69:	0.00e+00	-4.00e+02
70:	0.00e+00	-4.00e+02
71:	-2.78e-17	0.00e+00
72:	0.00e+00	-1.50e-16
73:	0.00e+00	-4.00e+02
74:	2.36e-16	-4.00e+02
75:	0.00e+00	-1.50e-16
76:	0.00e+00	0.00e+00
77:	0.00e+00	3.33e-14
78:	-1.64e-13	3.33e-14
79:	0.00e+00	0.00e+00
80:	0.00e+00	1.50e-16
81:	0.00e+00	-4.00e+02
82:	3.47e-16	-4.00e+02
83:	0.00e+00	1.50e-16
84:	0.00e+00	0.00e+00
85:	0.00e+00	-4.00e+02
86:	0.00e+00	-4.00e+02
87:	-2.78e-17	0.00e+00
88:	0.00e+00	1.50e-16
89:	0.00e+00	-4.00e+02
90:	0.00e+00	-4.00e+02
91:	0.00e+00	1.50e-16
92:	0.00e+00	0.00e+00
93:	0.00e+00	-4.00e+02
94:	0.00e+00	-4.00e+02
95:	0.00e+00	0.00e+00
96:	0.00e+00	0.00e+00
97:	0.00e+00	-4.00e+02
98:	0.00e+00	-4.00e+02
99:	-2.78e-17	0.00e+00
100:	0.00e+00	-1.50e-16
101:	0.00e+00	-4.00e+02
102:	3.47e-16	-4.00e+02
103:	0.00e+00	-1.50e-16
104:	0.00e+00	0.00e+00
105:	0.00e+00	-4.00e+02
106:	0.00e+00	-4.00e+02
107:	0.00e+00	0.00e+00
108:	0.00e+00	-1.50e-16
109:	0.00e+00	-4.00e+02
110:	0.00e+00	-4.00e+02
111:	0.00e+00	-1.50e-16
112:	0.00e+00	0.00e+00
113:	0.00e+00	1.11e-14
114:	-1.64e-13	1.11e-14
115:	0.00e+00	0.00e+00
116:	0.00e+00	0.00e+00
117:	0.00e+00	-4.00e+02
118:	0.00e+00	-4.00e+02
119:	-1.39e-17	0.00e+00
120:	0.00e+00	0.00e+00
121:	0.00e+00	-4.00e+02
122:	0.00e+00	-4.00e+02
123:	0.00e+00	0.00e+00
124:	0.00e+00	0.00e+00
125:	0.00e+00	-4.00e+02
126:	0.00e+00	-4.00e+02
127:	0.00e+00	0.00e+00
128:	0.00e+00	0.00e+00
129:	0.00e+00	-4.00e+02
130:	0.00e+00	-4.00e+02
131:	0.00e+00	0.00e+00
132:	0.00e+00	0.00e+00
133:	0.00e+00	1.11e-14
134:	-1.64e-13	1.11e-14
135:	0.00e+00	0.00e+00
Selecting maximum: 0 with second gradient of -50.0
New op index: 27	$R_{YX-XY}$[0, 1]
Current grad: 13.387755102041114
New op index: 31	$R_{YX-XY}$[0, 2]
Current grad: 8.00002179984503
New op index: 59	$R_{YX-XY}$[1, 3]
Current grad: 6.830609201818211
New op index: 51	$R_{YX-XY}$[0, 7]
Current grad: 8.004549908483316
New op index: 110	$R_{YX+XY}$[3, 7]
Current grad: 231.34322718554714
New op index: 119	$R_{YX-XY}$[4, 6]
Current grad: 4.415411397744453
New op index: 122	$R_{YX+XY}$[4, 7]
Current grad: 4.416706576274094
New op index: 38	$R_{YX+XY}$[0, 4]
Current grad: 2.2028644297658744
New op index: 51	$R_{YX-XY}$[0, 7]
Current grad: 2.2054648480853256
New op index: 99	$R_{YX-XY}$[3, 4]
Current grad: 2.6400562532981264
New op index: 82	$R_{YX+XY}$[2, 4]
Current grad: 2.890780460957042
New op index: 95	$R_{YX-XY}$[2, 7]
Current grad: 3.141659854699849
New op index: 26	$R_{YX+XY}$[0, 1]
Current grad: 2.762778549727772
New op index: 63	$R_{YX-XY}$[1, 4]
Current grad: 1.3170269323945554
New op index: 99	$R_{YX-XY}$[3, 4]
Current grad: 2.0067158265471132
New op index: 71	$R_{YX-XY}$[1, 6]
Current grad: 0.8841303104261016
New op index: 126	$R_{YX+XY}$[5, 6]
Current grad: 0.034953134166212686
Parameter value cutoff reached.
Calculating energies for FreeWilson2D(N_x=2, N_y=2, mass=-4.531, r=1.000)
h_im: 0.0
New op index: 26	$R_{YX+XY}$[0, 1]
Current grad: 6.563360965827769e-13
0:	0.00e+00	-5.00e+01
1:	0.00e+00	-5.00e+01
2:	0.00e+00	0.00e+00
3:	0.00e+00	-5.00e+01
4:	0.00e+00	-5.00e+01
5:	0.00e+00	0.00e+00
6:	0.00e+00	-5.00e+01
7:	0.00e+00	-5.00e+01
8:	0.00e+00	0.00e+00
9:	0.00e+00	-5.00e+01
10:	0.00e+00	-5.00e+01
11:	0.00e+00	0.00e+00
12:	0.00e+00	-5.00e+01
13:	0.00e+00	-5.00e+01
14:	0.00e+00	0.00e+00
15:	0.00e+00	-5.00e+01
16:	0.00e+00	-5.00e+01
17:	0.00e+00	0.00e+00
18:	0.00e+00	-5.00e+01
19:	0.00e+00	-5.00e+01
20:	0.00e+00	0.00e+00
21:	0.00e+00	-5.00e+01
22:	0.00e+00	-5.00e+01
23:	0.00e+00	0.00e+00
24:	0.00e+00	0.00e+00
25:	0.00e+00	3.33e-14
26:	-1.64e-13	3.33e-14
27:	0.00e+00	0.00e+00
28:	0.00e+00	0.00e+00
29:	0.00e+00	-4.00e+02
30:	0.00e+00	-4.00e+02
31:	-1.39e-17	0.00e+00
32:	0.00e+00	0.00e+00
33:	0.00e+00	-4.00e+02
34:	0.00e+00	-4.00e+02
35:	0.00e+00	0.00e+00
36:	0.00e+00	1.40e-16
37:	0.00e+00	-4.00e+02
38:	0.00e+00	-4.00e+02
39:	0.00e+00	1.40e-16
40:	0.00e+00	0.00e+00
41:	0.00e+00	-4.00e+02
42:	0.00e+00	-4.00e+02
43:	0.00e+00	0.00e+00
44:	0.00e+00	1.40e-16
45:	0.00e+00	-4.00e+02
46:	2.36e-16	-4.00e+02
47:	0.00e+00	1.40e-16
48:	0.00e+00	0.00e+00
49:	0.00e+00	-4.00e+02
50:	0.00e+00	-4.00e+02
51:	-2.78e-17	0.00e+00
52:	0.00e+00	0.00e+00
53:	0.00e+00	-4.00e+02
54:	0.00e+00	-4.00e+02
55:	0.00e+00	0.00e+00
56:	0.00e+00	0.00e+00
57:	0.00e+00	-4.00e+02
58:	0.00e+00	-4.00e+02
59:	0.00e+00	0.00e+00
60:	0.00e+00	0.00e+00
61:	0.00e+00	-4.00e+02
62:	0.00e+00	-4.00e+02
63:	0.00e+00	0.00e+00
64:	0.00e+00	-1.40e-16
65:	0.00e+00	-4.00e+02
66:	0.00e+00	-4.00e+02
67:	0.00e+00	-1.40e-16
68:	0.00e+00	0.00e+00
69:	0.00e+00	-4.00e+02
70:	0.00e+00	-4.00e+02
71:	-2.78e-17	0.00e+00
72:	0.00e+00	-1.40e-16
73:	0.00e+00	-4.00e+02
74:	2.36e-16	-4.00e+02
75:	0.00e+00	-1.40e-16
76:	0.00e+00	0.00e+00
77:	0.00e+00	3.33e-14
78:	-1.64e-13	3.33e-14
79:	0.00e+00	0.00e+00
80:	0.00e+00	1.40e-16
81:	0.00e+00	-4.00e+02
82:	3.47e-16	-4.00e+02
83:	0.00e+00	1.40e-16
84:	0.00e+00	0.00e+00
85:	0.00e+00	-4.00e+02
86:	0.00e+00	-4.00e+02
87:	-2.78e-17	0.00e+00
88:	0.00e+00	1.40e-16
89:	0.00e+00	-4.00e+02
90:	0.00e+00	-4.00e+02
91:	0.00e+00	1.40e-16
92:	0.00e+00	0.00e+00
93:	0.00e+00	-4.00e+02
94:	0.00e+00	-4.00e+02
95:	0.00e+00	0.00e+00
96:	0.00e+00	0.00e+00
97:	0.00e+00	-4.00e+02
98:	0.00e+00	-4.00e+02
99:	-2.78e-17	0.00e+00
100:	0.00e+00	-1.40e-16
101:	0.00e+00	-4.00e+02
102:	3.47e-16	-4.00e+02
103:	0.00e+00	-1.40e-16
104:	0.00e+00	0.00e+00
105:	0.00e+00	-4.00e+02
106:	0.00e+00	-4.00e+02
107:	0.00e+00	0.00e+00
108:	0.00e+00	-1.40e-16
109:	0.00e+00	-4.00e+02
110:	0.00e+00	-4.00e+02
111:	0.00e+00	-1.40e-16
112:	0.00e+00	0.00e+00
113:	0.00e+00	1.11e-14
114:	-1.64e-13	1.11e-14
115:	0.00e+00	0.00e+00
116:	0.00e+00	0.00e+00
117:	0.00e+00	-4.00e+02
118:	0.00e+00	-4.00e+02
119:	-1.39e-17	0.00e+00
120:	0.00e+00	0.00e+00
121:	0.00e+00	-4.00e+02
122:	0.00e+00	-4.00e+02
123:	0.00e+00	0.00e+00
124:	0.00e+00	0.00e+00
125:	0.00e+00	-4.00e+02
126:	0.00e+00	-4.00e+02
127:	0.00e+00	0.00e+00
128:	0.00e+00	0.00e+00
129:	0.00e+00	-4.00e+02
130:	0.00e+00	-4.00e+02
131:	0.00e+00	0.00e+00
132:	0.00e+00	0.00e+00
133:	0.00e+00	1.11e-14
134:	-1.64e-13	1.11e-14
135:	0.00e+00	0.00e+00
Selecting maximum: 0 with second gradient of -50.0
New op index: 27	$R_{YX-XY}$[0, 1]
Current grad: 13.061224489796215
New op index: 34	$R_{YX+XY}$[0, 3]
Current grad: 8.000072868795282
New op index: 43	$R_{YX-XY}$[0, 5]
Current grad: 4.0029953689290565
New op index: 126	$R_{YX+XY}$[5, 6]
Current grad: 6.836086361975355
New op index: 38	$R_{YX+XY}$[0, 4]
Current grad: 0.00018656759407849783
Precision cutoff reached.
Calculating energies for FreeWilson2D(N_x=2, N_y=2, mass=-4.367, r=1.000)
h_im: 0.0
New op index: 26	$R_{YX+XY}$[0, 1]
Current grad: 6.563360965827769e-13
0:	0.00e+00	-5.00e+01
1:	0.00e+00	-5.00e+01
2:	0.00e+00	0.00e+00
3:	0.00e+00	-5.00e+01
4:	0.00e+00	-5.00e+01
5:	0.00e+00	0.00e+00
6:	0.00e+00	-5.00e+01
7:	0.00e+00	-5.00e+01
8:	0.00e+00	0.00e+00
9:	0.00e+00	-5.00e+01
10:	0.00e+00	-5.00e+01
11:	0.00e+00	0.00e+00
12:	0.00e+00	-5.00e+01
13:	0.00e+00	-5.00e+01
14:	0.00e+00	0.00e+00
15:	0.00e+00	-5.00e+01
16:	0.00e+00	-5.00e+01
17:	0.00e+00	0.00e+00
18:	0.00e+00	-5.00e+01
19:	0.00e+00	-5.00e+01
20:	0.00e+00	0.00e+00
21:	0.00e+00	-5.00e+01
22:	0.00e+00	-5.00e+01
23:	0.00e+00	0.00e+00
24:	0.00e+00	0.00e+00
25:	0.00e+00	3.33e-14
26:	-1.64e-13	3.33e-14
27:	0.00e+00	0.00e+00
28:	0.00e+00	0.00e+00
29:	0.00e+00	-4.00e+02
30:	0.00e+00	-4.00e+02
31:	-1.39e-17	0.00e+00
32:	0.00e+00	0.00e+00
33:	0.00e+00	-4.00e+02
34:	0.00e+00	-4.00e+02
35:	0.00e+00	0.00e+00
36:	0.00e+00	1.31e-16
37:	0.00e+00	-4.00e+02
38:	0.00e+00	-4.00e+02
39:	0.00e+00	1.31e-16
40:	0.00e+00	0.00e+00
41:	0.00e+00	-4.00e+02
42:	0.00e+00	-4.00e+02
43:	0.00e+00	0.00e+00
44:	0.00e+00	1.31e-16
45:	0.00e+00	-4.00e+02
46:	2.36e-16	-4.00e+02
47:	0.00e+00	1.31e-16
48:	0.00e+00	0.00e+00
49:	0.00e+00	-4.00e+02
50:	0.00e+00	-4.00e+02
51:	-2.78e-17	0.00e+00
52:	0.00e+00	0.00e+00
53:	0.00e+00	-4.00e+02
54:	0.00e+00	-4.00e+02
55:	0.00e+00	0.00e+00
56:	0.00e+00	0.00e+00
57:	0.00e+00	-4.00e+02
58:	0.00e+00	-4.00e+02
59:	0.00e+00	0.00e+00
60:	0.00e+00	0.00e+00
61:	0.00e+00	-4.00e+02
62:	0.00e+00	-4.00e+02
63:	0.00e+00	0.00e+00
64:	0.00e+00	-1.31e-16
65:	0.00e+00	-4.00e+02
66:	0.00e+00	-4.00e+02
67:	0.00e+00	-1.31e-16
68:	0.00e+00	0.00e+00
69:	0.00e+00	-4.00e+02
70:	0.00e+00	-4.00e+02
71:	-2.78e-17	0.00e+00
72:	0.00e+00	-1.31e-16
73:	0.00e+00	-4.00e+02
74:	2.36e-16	-4.00e+02
75:	0.00e+00	-1.31e-16
76:	0.00e+00	0.00e+00
77:	0.00e+00	3.33e-14
78:	-1.64e-13	3.33e-14
79:	0.00e+00	0.00e+00
80:	0.00e+00	1.31e-16
81:	0.00e+00	-4.00e+02
82:	3.47e-16	-4.00e+02
83:	0.00e+00	1.31e-16
84:	0.00e+00	0.00e+00
85:	0.00e+00	-4.00e+02
86:	0.00e+00	-4.00e+02
87:	-2.78e-17	0.00e+00
88:	0.00e+00	1.31e-16
89:	0.00e+00	-4.00e+02
90:	0.00e+00	-4.00e+02
91:	0.00e+00	1.31e-16
92:	0.00e+00	0.00e+00
93:	0.00e+00	-4.00e+02
94:	0.00e+00	-4.00e+02
95:	0.00e+00	0.00e+00
96:	0.00e+00	0.00e+00
97:	0.00e+00	-4.00e+02
98:	0.00e+00	-4.00e+02
99:	-2.78e-17	0.00e+00
100:	0.00e+00	-1.31e-16
101:	0.00e+00	-4.00e+02
102:	3.47e-16	-4.00e+02
103:	0.00e+00	-1.31e-16
104:	0.00e+00	0.00e+00
105:	0.00e+00	-4.00e+02
106:	0.00e+00	-4.00e+02
107:	0.00e+00	0.00e+00
108:	0.00e+00	-1.31e-16
109:	0.00e+00	-4.00e+02
110:	0.00e+00	-4.00e+02
111:	0.00e+00	-1.31e-16
112:	0.00e+00	0.00e+00
113:	0.00e+00	1.11e-14
114:	-1.64e-13	1.11e-14
115:	0.00e+00	0.00e+00
116:	0.00e+00	0.00e+00
117:	0.00e+00	-4.00e+02
118:	0.00e+00	-4.00e+02
119:	-1.39e-17	0.00e+00
120:	0.00e+00	0.00e+00
121:	0.00e+00	-4.00e+02
122:	0.00e+00	-4.00e+02
123:	0.00e+00	0.00e+00
124:	0.00e+00	0.00e+00
125:	0.00e+00	-4.00e+02
126:	0.00e+00	-4.00e+02
127:	0.00e+00	0.00e+00
128:	0.00e+00	0.00e+00
129:	0.00e+00	-4.00e+02
130:	0.00e+00	-4.00e+02
131:	0.00e+00	0.00e+00
132:	0.00e+00	0.00e+00
133:	0.00e+00	1.11e-14
134:	-1.64e-13	1.11e-14
135:	0.00e+00	0.00e+00
Selecting maximum: 0 with second gradient of -50.0
New op index: 27	$R_{YX-XY}$[0, 1]
Current grad: 12.734693877551317
New op index: 31	$R_{YX-XY}$[0, 2]
Current grad: 8.000071004150847
New op index: 59	$R_{YX-XY}$[1, 3]
Current grad: 6.830554758439884
New op index: 38	$R_{YX+XY}$[0, 4]
Current grad: 8.004547399265517
New op index: 126	$R_{YX+XY}$[5, 6]
Current grad: 6.424693785307827
New op index: 82	$R_{YX+XY}$[2, 4]
Current grad: 5.304743414326464
New op index: 99	$R_{YX-XY}$[3, 4]
Current grad: 2.911578208371512
New op index: 26	$R_{YX+XY}$[0, 1]
Current grad: 3.8672302265601934
New op index: 51	$R_{YX-XY}$[0, 7]
Current grad: 1.782623391819048
Parameter value cutoff reached.
Calculating energies for FreeWilson2D(N_x=2, N_y=2, mass=-4.204, r=1.000)
h_im: 0.0
New op index: 26	$R_{YX+XY}$[0, 1]
Current grad: 6.563360965827769e-13
0:	0.00e+00	-5.00e+01
1:	0.00e+00	-5.00e+01
2:	0.00e+00	0.00e+00
3:	0.00e+00	-5.00e+01
4:	0.00e+00	-5.00e+01
5:	0.00e+00	0.00e+00
6:	0.00e+00	-5.00e+01
7:	0.00e+00	-5.00e+01
8:	0.00e+00	0.00e+00
9:	0.00e+00	-5.00e+01
10:	0.00e+00	-5.00e+01
11:	0.00e+00	0.00e+00
12:	0.00e+00	-5.00e+01
13:	0.00e+00	-5.00e+01
14:	0.00e+00	0.00e+00
15:	0.00e+00	-5.00e+01
16:	0.00e+00	-5.00e+01
17:	0.00e+00	0.00e+00
18:	0.00e+00	-5.00e+01
19:	0.00e+00	-5.00e+01
20:	0.00e+00	0.00e+00
21:	0.00e+00	-5.00e+01
22:	0.00e+00	-5.00e+01
23:	0.00e+00	0.00e+00
24:	0.00e+00	0.00e+00
25:	0.00e+00	3.33e-14
26:	-1.64e-13	3.33e-14
27:	0.00e+00	0.00e+00
28:	0.00e+00	0.00e+00
29:	0.00e+00	-4.00e+02
30:	0.00e+00	-4.00e+02
31:	-1.39e-17	0.00e+00
32:	0.00e+00	0.00e+00
33:	0.00e+00	-4.00e+02
34:	0.00e+00	-4.00e+02
35:	0.00e+00	0.00e+00
36:	0.00e+00	1.22e-16
37:	0.00e+00	-4.00e+02
38:	0.00e+00	-4.00e+02
39:	0.00e+00	1.22e-16
40:	0.00e+00	0.00e+00
41:	0.00e+00	-4.00e+02
42:	0.00e+00	-4.00e+02
43:	0.00e+00	0.00e+00
44:	0.00e+00	1.22e-16
45:	0.00e+00	-4.00e+02
46:	2.36e-16	-4.00e+02
47:	0.00e+00	1.22e-16
48:	0.00e+00	0.00e+00
49:	0.00e+00	-4.00e+02
50:	0.00e+00	-4.00e+02
51:	-2.78e-17	0.00e+00
52:	0.00e+00	0.00e+00
53:	0.00e+00	-4.00e+02
54:	0.00e+00	-4.00e+02
55:	0.00e+00	0.00e+00
56:	0.00e+00	0.00e+00
57:	0.00e+00	-4.00e+02
58:	0.00e+00	-4.00e+02
59:	0.00e+00	0.00e+00
60:	0.00e+00	0.00e+00
61:	0.00e+00	-4.00e+02
62:	0.00e+00	-4.00e+02
63:	0.00e+00	0.00e+00
64:	0.00e+00	-1.22e-16
65:	0.00e+00	-4.00e+02
66:	0.00e+00	-4.00e+02
67:	0.00e+00	-1.22e-16
68:	0.00e+00	0.00e+00
69:	0.00e+00	-4.00e+02
70:	0.00e+00	-4.00e+02
71:	-2.78e-17	0.00e+00
72:	0.00e+00	-1.22e-16
73:	0.00e+00	-4.00e+02
74:	2.36e-16	-4.00e+02
75:	0.00e+00	-1.22e-16
76:	0.00e+00	0.00e+00
77:	0.00e+00	3.33e-14
78:	-1.64e-13	3.33e-14
79:	0.00e+00	0.00e+00
80:	0.00e+00	1.22e-16
81:	0.00e+00	-4.00e+02
82:	3.47e-16	-4.00e+02
83:	0.00e+00	1.22e-16
84:	0.00e+00	0.00e+00
85:	0.00e+00	-4.00e+02
86:	0.00e+00	-4.00e+02
87:	-2.78e-17	0.00e+00
88:	0.00e+00	1.22e-16
89:	0.00e+00	-4.00e+02
90:	0.00e+00	-4.00e+02
91:	0.00e+00	1.22e-16
92:	0.00e+00	0.00e+00
93:	0.00e+00	-4.00e+02
94:	0.00e+00	-4.00e+02
95:	0.00e+00	0.00e+00
96:	0.00e+00	0.00e+00
97:	0.00e+00	-4.00e+02
98:	0.00e+00	-4.00e+02
99:	-2.78e-17	0.00e+00
100:	0.00e+00	-1.22e-16
101:	0.00e+00	-4.00e+02
102:	3.47e-16	-4.00e+02
103:	0.00e+00	-1.22e-16
104:	0.00e+00	0.00e+00
105:	0.00e+00	-4.00e+02
106:	0.00e+00	-4.00e+02
107:	0.00e+00	0.00e+00
108:	0.00e+00	-1.22e-16
109:	0.00e+00	-4.00e+02
110:	0.00e+00	-4.00e+02
111:	0.00e+00	-1.22e-16
112:	0.00e+00	0.00e+00
113:	0.00e+00	1.11e-14
114:	-1.64e-13	1.11e-14
115:	0.00e+00	0.00e+00
116:	0.00e+00	0.00e+00
117:	0.00e+00	-4.00e+02
118:	0.00e+00	-4.00e+02
119:	-1.39e-17	0.00e+00
120:	0.00e+00	0.00e+00
121:	0.00e+00	-4.00e+02
122:	0.00e+00	-4.00e+02
123:	0.00e+00	0.00e+00
124:	0.00e+00	0.00e+00
125:	0.00e+00	-4.00e+02
126:	0.00e+00	-4.00e+02
127:	0.00e+00	0.00e+00
128:	0.00e+00	0.00e+00
129:	0.00e+00	-4.00e+02
130:	0.00e+00	-4.00e+02
131:	0.00e+00	0.00e+00
132:	0.00e+00	0.00e+00
133:	0.00e+00	1.11e-14
134:	-1.64e-13	1.11e-14
135:	0.00e+00	0.00e+00
Selecting maximum: 0 with second gradient of -50.0
New op index: 27	$R_{YX-XY}$[0, 1]
Current grad: 12.408163265306419
New op index: 31	$R_{YX-XY}$[0, 2]
Current grad: 8.000080388293068
New op index: 59	$R_{YX-XY}$[1, 3]
Current grad: 6.828437078226985
New op index: 82	$R_{YX+XY}$[2, 4]
Current grad: 8.022626916317297
New op index: 46	$R_{YX+XY}$[0, 6]
Current grad: 7.008147876551218
New op index: 99	$R_{YX-XY}$[3, 4]
Current grad: 2.3721322003398284
New op index: 46	$R_{YX+XY}$[0, 6]
Current grad: 0.015150269975488094
Adding the same operator twice is not sensible, terminating.
Calculating energies for FreeWilson2D(N_x=2, N_y=2, mass=-4.041, r=1.000)
h_im: 0.0
New op index: 26	$R_{YX+XY}$[0, 1]
Current grad: 6.563360965827769e-13
0:	0.00e+00	-5.00e+01
1:	0.00e+00	-5.00e+01
2:	0.00e+00	0.00e+00
3:	0.00e+00	-5.00e+01
4:	0.00e+00	-5.00e+01
5:	0.00e+00	0.00e+00
6:	0.00e+00	-5.00e+01
7:	0.00e+00	-5.00e+01
8:	0.00e+00	0.00e+00
9:	0.00e+00	-5.00e+01
10:	0.00e+00	-5.00e+01
11:	0.00e+00	0.00e+00
12:	0.00e+00	-5.00e+01
13:	0.00e+00	-5.00e+01
14:	0.00e+00	0.00e+00
15:	0.00e+00	-5.00e+01
16:	0.00e+00	-5.00e+01
17:	0.00e+00	0.00e+00
18:	0.00e+00	-5.00e+01
19:	0.00e+00	-5.00e+01
20:	0.00e+00	0.00e+00
21:	0.00e+00	-5.00e+01
22:	0.00e+00	-5.00e+01
23:	0.00e+00	0.00e+00
24:	0.00e+00	0.00e+00
25:	0.00e+00	3.33e-14
26:	-1.64e-13	3.33e-14
27:	0.00e+00	0.00e+00
28:	0.00e+00	0.00e+00
29:	0.00e+00	-4.00e+02
30:	0.00e+00	-4.00e+02
31:	-1.39e-17	0.00e+00
32:	0.00e+00	0.00e+00
33:	0.00e+00	-4.00e+02
34:	0.00e+00	-4.00e+02
35:	0.00e+00	0.00e+00
36:	0.00e+00	1.13e-16
37:	0.00e+00	-4.00e+02
38:	0.00e+00	-4.00e+02
39:	0.00e+00	1.13e-16
40:	0.00e+00	0.00e+00
41:	0.00e+00	-4.00e+02
42:	0.00e+00	-4.00e+02
43:	0.00e+00	0.00e+00
44:	0.00e+00	1.13e-16
45:	0.00e+00	-4.00e+02
46:	2.36e-16	-4.00e+02
47:	0.00e+00	1.13e-16
48:	0.00e+00	0.00e+00
49:	0.00e+00	-4.00e+02
50:	0.00e+00	-4.00e+02
51:	-2.78e-17	0.00e+00
52:	0.00e+00	0.00e+00
53:	0.00e+00	-4.00e+02
54:	0.00e+00	-4.00e+02
55:	0.00e+00	0.00e+00
56:	0.00e+00	0.00e+00
57:	0.00e+00	-4.00e+02
58:	0.00e+00	-4.00e+02
59:	0.00e+00	0.00e+00
60:	0.00e+00	0.00e+00
61:	0.00e+00	-4.00e+02
62:	0.00e+00	-4.00e+02
63:	0.00e+00	0.00e+00
64:	0.00e+00	-1.13e-16
65:	0.00e+00	-4.00e+02
66:	0.00e+00	-4.00e+02
67:	0.00e+00	-1.13e-16
68:	0.00e+00	0.00e+00
69:	0.00e+00	-4.00e+02
70:	0.00e+00	-4.00e+02
71:	-2.78e-17	0.00e+00
72:	0.00e+00	-1.13e-16
73:	0.00e+00	-4.00e+02
74:	2.36e-16	-4.00e+02
75:	0.00e+00	-1.13e-16
76:	0.00e+00	0.00e+00
77:	0.00e+00	3.33e-14
78:	-1.64e-13	3.33e-14
79:	0.00e+00	0.00e+00
80:	0.00e+00	1.13e-16
81:	0.00e+00	-4.00e+02
82:	3.47e-16	-4.00e+02
83:	0.00e+00	1.13e-16
84:	0.00e+00	0.00e+00
85:	0.00e+00	-4.00e+02
86:	0.00e+00	-4.00e+02
87:	-2.78e-17	0.00e+00
88:	0.00e+00	1.13e-16
89:	0.00e+00	-4.00e+02
90:	0.00e+00	-4.00e+02
91:	0.00e+00	1.13e-16
92:	0.00e+00	0.00e+00
93:	0.00e+00	-4.00e+02
94:	0.00e+00	-4.00e+02
95:	0.00e+00	0.00e+00
96:	0.00e+00	0.00e+00
97:	0.00e+00	-4.00e+02
98:	0.00e+00	-4.00e+02
99:	-2.78e-17	0.00e+00
100:	0.00e+00	-1.13e-16
101:	0.00e+00	-4.00e+02
102:	3.47e-16	-4.00e+02
103:	0.00e+00	-1.13e-16
104:	0.00e+00	0.00e+00
105:	0.00e+00	-4.00e+02
106:	0.00e+00	-4.00e+02
107:	0.00e+00	0.00e+00
108:	0.00e+00	-1.13e-16
109:	0.00e+00	-4.00e+02
110:	0.00e+00	-4.00e+02
111:	0.00e+00	-1.13e-16
112:	0.00e+00	0.00e+00
113:	0.00e+00	1.11e-14
114:	-1.64e-13	1.11e-14
115:	0.00e+00	0.00e+00
116:	0.00e+00	0.00e+00
117:	0.00e+00	-4.00e+02
118:	0.00e+00	-4.00e+02
119:	-1.39e-17	0.00e+00
120:	0.00e+00	0.00e+00
121:	0.00e+00	-4.00e+02
122:	0.00e+00	-4.00e+02
123:	0.00e+00	0.00e+00
124:	0.00e+00	0.00e+00
125:	0.00e+00	-4.00e+02
126:	0.00e+00	-4.00e+02
127:	0.00e+00	0.00e+00
128:	0.00e+00	0.00e+00
129:	0.00e+00	-4.00e+02
130:	0.00e+00	-4.00e+02
131:	0.00e+00	0.00e+00
132:	0.00e+00	0.00e+00
133:	0.00e+00	1.11e-14
134:	-1.64e-13	1.11e-14
135:	0.00e+00	0.00e+00
Selecting maximum: 0 with second gradient of -50.0
New op index: 27	$R_{YX-XY}$[0, 1]
Current grad: 12.08163265306152
New op index: 31	$R_{YX-XY}$[0, 2]
Current grad: 8.005744733578933
New op index: 59	$R_{YX-XY}$[1, 3]
Current grad: 6.8284239598342795
New op index: 82	$R_{YX+XY}$[2, 4]
Current grad: 8.022729897067872
New op index: 51	$R_{YX-XY}$[0, 7]
Current grad: 7.013487177153652
New op index: 71	$R_{YX-XY}$[1, 6]
Current grad: 5.537055997389821
New op index: 26	$R_{YX+XY}$[0, 1]
Current grad: 3.945800022820253
New op index: 82	$R_{YX+XY}$[2, 4]
Current grad: 0.0036262690209823145
Adding the same operator twice is not sensible, terminating.
Calculating energies for FreeWilson2D(N_x=2, N_y=2, mass=-3.878, r=1.000)
h_im: 0.0
New op index: 26	$R_{YX+XY}$[0, 1]
Current grad: 6.563360965827769e-13
0:	0.00e+00	-5.00e+01
1:	0.00e+00	-5.00e+01
2:	0.00e+00	0.00e+00
3:	0.00e+00	-5.00e+01
4:	0.00e+00	-5.00e+01
5:	0.00e+00	0.00e+00
6:	0.00e+00	-5.00e+01
7:	0.00e+00	-5.00e+01
8:	0.00e+00	0.00e+00
9:	0.00e+00	-5.00e+01
10:	0.00e+00	-5.00e+01
11:	0.00e+00	0.00e+00
12:	0.00e+00	-5.00e+01
13:	0.00e+00	-5.00e+01
14:	0.00e+00	0.00e+00
15:	0.00e+00	-5.00e+01
16:	0.00e+00	-5.00e+01
17:	0.00e+00	0.00e+00
18:	0.00e+00	-5.00e+01
19:	0.00e+00	-5.00e+01
20:	0.00e+00	0.00e+00
21:	0.00e+00	-5.00e+01
22:	0.00e+00	-5.00e+01
23:	0.00e+00	0.00e+00
24:	0.00e+00	0.00e+00
25:	0.00e+00	3.33e-14
26:	-1.64e-13	3.33e-14
27:	0.00e+00	0.00e+00
28:	0.00e+00	0.00e+00
29:	0.00e+00	-4.00e+02
30:	0.00e+00	-4.00e+02
31:	-1.39e-17	0.00e+00
32:	0.00e+00	0.00e+00
33:	0.00e+00	-4.00e+02
34:	0.00e+00	-4.00e+02
35:	0.00e+00	0.00e+00
36:	0.00e+00	1.04e-16
37:	0.00e+00	-4.00e+02
38:	0.00e+00	-4.00e+02
39:	0.00e+00	1.04e-16
40:	0.00e+00	0.00e+00
41:	0.00e+00	-4.00e+02
42:	0.00e+00	-4.00e+02
43:	0.00e+00	0.00e+00
44:	0.00e+00	1.04e-16
45:	0.00e+00	-4.00e+02
46:	2.36e-16	-4.00e+02
47:	0.00e+00	1.04e-16
48:	0.00e+00	0.00e+00
49:	0.00e+00	-4.00e+02
50:	0.00e+00	-4.00e+02
51:	-2.78e-17	0.00e+00
52:	0.00e+00	0.00e+00
53:	0.00e+00	-4.00e+02
54:	0.00e+00	-4.00e+02
55:	0.00e+00	0.00e+00
56:	0.00e+00	0.00e+00
57:	0.00e+00	-4.00e+02
58:	0.00e+00	-4.00e+02
59:	0.00e+00	0.00e+00
60:	0.00e+00	0.00e+00
61:	0.00e+00	-4.00e+02
62:	0.00e+00	-4.00e+02
63:	0.00e+00	0.00e+00
64:	0.00e+00	-1.04e-16
65:	0.00e+00	-4.00e+02
66:	0.00e+00	-4.00e+02
67:	0.00e+00	-1.04e-16
68:	0.00e+00	0.00e+00
69:	0.00e+00	-4.00e+02
70:	0.00e+00	-4.00e+02
71:	-2.78e-17	0.00e+00
72:	0.00e+00	-1.04e-16
73:	0.00e+00	-4.00e+02
74:	2.36e-16	-4.00e+02
75:	0.00e+00	-1.04e-16
76:	0.00e+00	0.00e+00
77:	0.00e+00	3.33e-14
78:	-1.64e-13	3.33e-14
79:	0.00e+00	0.00e+00
80:	0.00e+00	1.04e-16
81:	0.00e+00	-4.00e+02
82:	3.47e-16	-4.00e+02
83:	0.00e+00	1.04e-16
84:	0.00e+00	0.00e+00
85:	0.00e+00	-4.00e+02
86:	0.00e+00	-4.00e+02
87:	-2.78e-17	0.00e+00
88:	0.00e+00	1.04e-16
89:	0.00e+00	-4.00e+02
90:	0.00e+00	-4.00e+02
91:	0.00e+00	1.04e-16
92:	0.00e+00	0.00e+00
93:	0.00e+00	-4.00e+02
94:	0.00e+00	-4.00e+02
95:	0.00e+00	0.00e+00
96:	0.00e+00	0.00e+00
97:	0.00e+00	-4.00e+02
98:	0.00e+00	-4.00e+02
99:	-2.78e-17	0.00e+00
100:	0.00e+00	-1.04e-16
101:	0.00e+00	-4.00e+02
102:	3.47e-16	-4.00e+02
103:	0.00e+00	-1.04e-16
104:	0.00e+00	0.00e+00
105:	0.00e+00	-4.00e+02
106:	0.00e+00	-4.00e+02
107:	0.00e+00	0.00e+00
108:	0.00e+00	-1.04e-16
109:	0.00e+00	-4.00e+02
110:	0.00e+00	-4.00e+02
111:	0.00e+00	-1.04e-16
112:	0.00e+00	0.00e+00
113:	0.00e+00	1.11e-14
114:	-1.64e-13	1.11e-14
115:	0.00e+00	0.00e+00
116:	0.00e+00	0.00e+00
117:	0.00e+00	-4.00e+02
118:	0.00e+00	-4.00e+02
119:	-1.39e-17	0.00e+00
120:	0.00e+00	0.00e+00
121:	0.00e+00	-4.00e+02
122:	0.00e+00	-4.00e+02
123:	0.00e+00	0.00e+00
124:	0.00e+00	0.00e+00
125:	0.00e+00	-4.00e+02
126:	0.00e+00	-4.00e+02
127:	0.00e+00	0.00e+00
128:	0.00e+00	0.00e+00
129:	0.00e+00	-4.00e+02
130:	0.00e+00	-4.00e+02
131:	0.00e+00	0.00e+00
132:	0.00e+00	0.00e+00
133:	0.00e+00	1.11e-14
134:	-1.64e-13	1.11e-14
135:	0.00e+00	0.00e+00
Selecting maximum: 0 with second gradient of -50.0
New op index: 27	$R_{YX-XY}$[0, 1]
Current grad: 11.755102040816624
New op index: 31	$R_{YX-XY}$[0, 2]
Current grad: 8.001682943335574
New op index: 59	$R_{YX-XY}$[1, 3]
Current grad: 6.828454762512077
New op index: 82	$R_{YX+XY}$[2, 4]
Current grad: 8.000415303154853
New op index: 63	$R_{YX-XY}$[1, 4]
Current grad: 8.00024261095421
New op index: 51	$R_{YX-XY}$[0, 7]
Current grad: 7.00310491326333
New op index: 71	$R_{YX-XY}$[1, 6]
Current grad: 5.549662822538881
New op index: 134	$R_{YX+XY}$[6, 7]
Current grad: 5.1947468220567
New op index: 26	$R_{YX+XY}$[0, 1]
Current grad: 4.910334546797601
New op index: 71	$R_{YX-XY}$[1, 6]
Current grad: 3.32965100783579
New op index: 110	$R_{YX+XY}$[3, 7]
Current grad: 3.8190334483746864
Parameter value cutoff reached.
Calculating energies for FreeWilson2D(N_x=2, N_y=2, mass=-3.714, r=1.000)
h_im: 0.0
New op index: 26	$R_{YX+XY}$[0, 1]
Current grad: 6.563360965827769e-13
0:	0.00e+00	-5.00e+01
1:	0.00e+00	-5.00e+01
2:	0.00e+00	0.00e+00
3:	0.00e+00	-5.00e+01
4:	0.00e+00	-5.00e+01
5:	0.00e+00	0.00e+00
6:	0.00e+00	-5.00e+01
7:	0.00e+00	-5.00e+01
8:	0.00e+00	0.00e+00
9:	0.00e+00	-5.00e+01
10:	0.00e+00	-5.00e+01
11:	0.00e+00	0.00e+00
12:	0.00e+00	-5.00e+01
13:	0.00e+00	-5.00e+01
14:	0.00e+00	0.00e+00
15:	0.00e+00	-5.00e+01
16:	0.00e+00	-5.00e+01
17:	0.00e+00	0.00e+00
18:	0.00e+00	-5.00e+01
19:	0.00e+00	-5.00e+01
20:	0.00e+00	0.00e+00
21:	0.00e+00	-5.00e+01
22:	0.00e+00	-5.00e+01
23:	0.00e+00	0.00e+00
24:	0.00e+00	0.00e+00
25:	0.00e+00	3.33e-14
26:	-1.64e-13	3.33e-14
27:	0.00e+00	0.00e+00
28:	0.00e+00	0.00e+00
29:	0.00e+00	-4.00e+02
30:	0.00e+00	-4.00e+02
31:	-1.39e-17	0.00e+00
32:	0.00e+00	0.00e+00
33:	0.00e+00	-4.00e+02
34:	0.00e+00	-4.00e+02
35:	0.00e+00	0.00e+00
36:	0.00e+00	9.52e-17
37:	0.00e+00	-4.00e+02
38:	0.00e+00	-4.00e+02
39:	0.00e+00	9.52e-17
40:	0.00e+00	0.00e+00
41:	0.00e+00	-4.00e+02
42:	0.00e+00	-4.00e+02
43:	0.00e+00	0.00e+00
44:	0.00e+00	9.52e-17
45:	0.00e+00	-4.00e+02
46:	2.36e-16	-4.00e+02
47:	0.00e+00	9.52e-17
48:	0.00e+00	0.00e+00
49:	0.00e+00	-4.00e+02
50:	0.00e+00	-4.00e+02
51:	-2.78e-17	0.00e+00
52:	0.00e+00	0.00e+00
53:	0.00e+00	-4.00e+02
54:	0.00e+00	-4.00e+02
55:	0.00e+00	0.00e+00
56:	0.00e+00	0.00e+00
57:	0.00e+00	-4.00e+02
58:	0.00e+00	-4.00e+02
59:	0.00e+00	0.00e+00
60:	0.00e+00	0.00e+00
61:	0.00e+00	-4.00e+02
62:	0.00e+00	-4.00e+02
63:	0.00e+00	0.00e+00
64:	0.00e+00	-9.52e-17
65:	0.00e+00	-4.00e+02
66:	0.00e+00	-4.00e+02
67:	0.00e+00	-9.52e-17
68:	0.00e+00	0.00e+00
69:	0.00e+00	-4.00e+02
70:	0.00e+00	-4.00e+02
71:	-2.78e-17	0.00e+00
72:	0.00e+00	-9.52e-17
73:	0.00e+00	-4.00e+02
74:	2.36e-16	-4.00e+02
75:	0.00e+00	-9.52e-17
76:	0.00e+00	0.00e+00
77:	0.00e+00	3.33e-14
78:	-1.64e-13	3.33e-14
79:	0.00e+00	0.00e+00
80:	0.00e+00	9.52e-17
81:	0.00e+00	-4.00e+02
82:	3.47e-16	-4.00e+02
83:	0.00e+00	9.52e-17
84:	0.00e+00	0.00e+00
85:	0.00e+00	-4.00e+02
86:	0.00e+00	-4.00e+02
87:	-2.78e-17	0.00e+00
88:	0.00e+00	9.52e-17
89:	0.00e+00	-4.00e+02
90:	0.00e+00	-4.00e+02
91:	0.00e+00	9.52e-17
92:	0.00e+00	0.00e+00
93:	0.00e+00	-4.00e+02
94:	0.00e+00	-4.00e+02
95:	0.00e+00	0.00e+00
96:	0.00e+00	0.00e+00
97:	0.00e+00	-4.00e+02
98:	0.00e+00	-4.00e+02
99:	-2.78e-17	0.00e+00
100:	0.00e+00	-9.52e-17
101:	0.00e+00	-4.00e+02
102:	3.47e-16	-4.00e+02
103:	0.00e+00	-9.52e-17
104:	0.00e+00	0.00e+00
105:	0.00e+00	-4.00e+02
106:	0.00e+00	-4.00e+02
107:	0.00e+00	0.00e+00
108:	0.00e+00	-9.52e-17
109:	0.00e+00	-4.00e+02
110:	0.00e+00	-4.00e+02
111:	0.00e+00	-9.52e-17
112:	0.00e+00	0.00e+00
113:	0.00e+00	1.11e-14
114:	-1.64e-13	1.11e-14
115:	0.00e+00	0.00e+00
116:	0.00e+00	0.00e+00
117:	0.00e+00	-4.00e+02
118:	0.00e+00	-4.00e+02
119:	-1.39e-17	0.00e+00
120:	0.00e+00	0.00e+00
121:	0.00e+00	-4.00e+02
122:	0.00e+00	-4.00e+02
123:	0.00e+00	0.00e+00
124:	0.00e+00	0.00e+00
125:	0.00e+00	-4.00e+02
126:	0.00e+00	-4.00e+02
127:	0.00e+00	0.00e+00
128:	0.00e+00	0.00e+00
129:	0.00e+00	-4.00e+02
130:	0.00e+00	-4.00e+02
131:	0.00e+00	0.00e+00
132:	0.00e+00	0.00e+00
133:	0.00e+00	1.11e-14
134:	-1.64e-13	1.11e-14
135:	0.00e+00	0.00e+00
Selecting maximum: 0 with second gradient of -50.0
New op index: 27	$R_{YX-XY}$[0, 1]
Current grad: 11.428571428571725
New op index: 54	$R_{YX+XY}$[1, 2]
Current grad: 8.00021332332431
New op index: 107	$R_{YX-XY}$[3, 6]
Current grad: 4.001394539920348
New op index: 38	$R_{YX+XY}$[0, 4]
Current grad: 2.000071371598156
New op index: 126	$R_{YX+XY}$[5, 6]
Current grad: 6.007188516643053
New op index: 38	$R_{YX+XY}$[0, 4]
Current grad: 0.014865815653888361
Adding the same operator twice is not sensible, terminating.
Calculating energies for FreeWilson2D(N_x=2, N_y=2, mass=-3.551, r=1.000)
h_im: 0.0
New op index: 26	$R_{YX+XY}$[0, 1]
Current grad: 6.563360965827769e-13
0:	0.00e+00	-5.00e+01
1:	0.00e+00	-5.00e+01
2:	0.00e+00	0.00e+00
3:	0.00e+00	-5.00e+01
4:	0.00e+00	-5.00e+01
5:	0.00e+00	0.00e+00
6:	0.00e+00	-5.00e+01
7:	0.00e+00	-5.00e+01
8:	0.00e+00	0.00e+00
9:	0.00e+00	-5.00e+01
10:	0.00e+00	-5.00e+01
11:	0.00e+00	0.00e+00
12:	0.00e+00	-5.00e+01
13:	0.00e+00	-5.00e+01
14:	0.00e+00	0.00e+00
15:	0.00e+00	-5.00e+01
16:	0.00e+00	-5.00e+01
17:	0.00e+00	0.00e+00
18:	0.00e+00	-5.00e+01
19:	0.00e+00	-5.00e+01
20:	0.00e+00	0.00e+00
21:	0.00e+00	-5.00e+01
22:	0.00e+00	-5.00e+01
23:	0.00e+00	0.00e+00
24:	0.00e+00	0.00e+00
25:	0.00e+00	3.33e-14
26:	-1.64e-13	3.33e-14
27:	0.00e+00	0.00e+00
28:	0.00e+00	0.00e+00
29:	0.00e+00	-4.00e+02
30:	0.00e+00	-4.00e+02
31:	-1.39e-17	0.00e+00
32:	0.00e+00	0.00e+00
33:	0.00e+00	-4.00e+02
34:	0.00e+00	-4.00e+02
35:	0.00e+00	0.00e+00
36:	0.00e+00	8.61e-17
37:	0.00e+00	-4.00e+02
38:	0.00e+00	-4.00e+02
39:	0.00e+00	8.61e-17
40:	0.00e+00	0.00e+00
41:	0.00e+00	-4.00e+02
42:	0.00e+00	-4.00e+02
43:	0.00e+00	0.00e+00
44:	0.00e+00	8.61e-17
45:	0.00e+00	-4.00e+02
46:	2.36e-16	-4.00e+02
47:	0.00e+00	8.61e-17
48:	0.00e+00	0.00e+00
49:	0.00e+00	-4.00e+02
50:	0.00e+00	-4.00e+02
51:	-2.78e-17	0.00e+00
52:	0.00e+00	0.00e+00
53:	0.00e+00	-4.00e+02
54:	0.00e+00	-4.00e+02
55:	0.00e+00	0.00e+00
56:	0.00e+00	0.00e+00
57:	0.00e+00	-4.00e+02
58:	0.00e+00	-4.00e+02
59:	0.00e+00	0.00e+00
60:	0.00e+00	0.00e+00
61:	0.00e+00	-4.00e+02
62:	0.00e+00	-4.00e+02
63:	0.00e+00	0.00e+00
64:	0.00e+00	-8.61e-17
65:	0.00e+00	-4.00e+02
66:	0.00e+00	-4.00e+02
67:	0.00e+00	-8.61e-17
68:	0.00e+00	0.00e+00
69:	0.00e+00	-4.00e+02
70:	0.00e+00	-4.00e+02
71:	-2.78e-17	0.00e+00
72:	0.00e+00	-8.61e-17
73:	0.00e+00	-4.00e+02
74:	2.36e-16	-4.00e+02
75:	0.00e+00	-8.61e-17
76:	0.00e+00	0.00e+00
77:	0.00e+00	3.33e-14
78:	-1.64e-13	3.33e-14
79:	0.00e+00	0.00e+00
80:	0.00e+00	8.61e-17
81:	0.00e+00	-4.00e+02
82:	3.47e-16	-4.00e+02
83:	0.00e+00	8.61e-17
84:	0.00e+00	0.00e+00
85:	0.00e+00	-4.00e+02
86:	0.00e+00	-4.00e+02
87:	-2.78e-17	0.00e+00
88:	0.00e+00	8.61e-17
89:	0.00e+00	-4.00e+02
90:	0.00e+00	-4.00e+02
91:	0.00e+00	8.61e-17
92:	0.00e+00	0.00e+00
93:	0.00e+00	-4.00e+02
94:	0.00e+00	-4.00e+02
95:	0.00e+00	0.00e+00
96:	0.00e+00	0.00e+00
97:	0.00e+00	-4.00e+02
98:	0.00e+00	-4.00e+02
99:	-2.78e-17	0.00e+00
100:	0.00e+00	-8.61e-17
101:	0.00e+00	-4.00e+02
102:	3.47e-16	-4.00e+02
103:	0.00e+00	-8.61e-17
104:	0.00e+00	0.00e+00
105:	0.00e+00	-4.00e+02
106:	0.00e+00	-4.00e+02
107:	0.00e+00	0.00e+00
108:	0.00e+00	-8.61e-17
109:	0.00e+00	-4.00e+02
110:	0.00e+00	-4.00e+02
111:	0.00e+00	-8.61e-17
112:	0.00e+00	0.00e+00
113:	0.00e+00	1.11e-14
114:	-1.64e-13	1.11e-14
115:	0.00e+00	0.00e+00
116:	0.00e+00	0.00e+00
117:	0.00e+00	-4.00e+02
118:	0.00e+00	-4.00e+02
119:	-1.39e-17	0.00e+00
120:	0.00e+00	0.00e+00
121:	0.00e+00	-4.00e+02
122:	0.00e+00	-4.00e+02
123:	0.00e+00	0.00e+00
124:	0.00e+00	0.00e+00
125:	0.00e+00	-4.00e+02
126:	0.00e+00	-4.00e+02
127:	0.00e+00	0.00e+00
128:	0.00e+00	0.00e+00
129:	0.00e+00	-4.00e+02
130:	0.00e+00	-4.00e+02
131:	0.00e+00	0.00e+00
132:	0.00e+00	0.00e+00
133:	0.00e+00	1.11e-14
134:	-1.64e-13	1.11e-14
135:	0.00e+00	0.00e+00
Selecting maximum: 0 with second gradient of -50.0
New op index: 27	$R_{YX-XY}$[0, 1]
Current grad: 11.102040816326827
New op index: 31	$R_{YX-XY}$[0, 2]
Current grad: 8.004009969094277
New op index: 59	$R_{YX-XY}$[1, 3]
Current grad: 6.828446672496609
New op index: 51	$R_{YX-XY}$[0, 7]
Current grad: 8.00039193243056
New op index: 110	$R_{YX+XY}$[3, 7]
Current grad: 231.28325901551682
New op index: 119	$R_{YX-XY}$[4, 6]
Current grad: 4.443081235228608
New op index: 122	$R_{YX+XY}$[4, 7]
Current grad: 4.404931507879752
New op index: 51	$R_{YX-XY}$[0, 7]
Current grad: 2.219135696737481
New op index: 99	$R_{YX-XY}$[3, 4]
Current grad: 2.875773493838987
New op index: 74	$R_{YX+XY}$[1, 7]
Current grad: 2.943711113926809
New op index: 110	$R_{YX+XY}$[3, 7]
Current grad: 3.957139671777018
New op index: 134	$R_{YX+XY}$[6, 7]
Current grad: 7.6944164887828705
New op index: 66	$R_{YX+XY}$[1, 5]
Current grad: 6.188654958488305
New op index: 38	$R_{YX+XY}$[0, 4]
Current grad: 5.022512541106535
New op index: 78	$R_{YX+XY}$[2, 3]
Current grad: 4.5466101976169435
New op index: 59	$R_{YX-XY}$[1, 3]
Current grad: 8.027504783140898
New op index: 66	$R_{YX+XY}$[1, 5]
Current grad: 0.17596131360517897
Parameter value cutoff reached.
Calculating energies for FreeWilson2D(N_x=2, N_y=2, mass=-3.388, r=1.000)
h_im: 0.0
New op index: 26	$R_{YX+XY}$[0, 1]
Current grad: 6.563360965827769e-13
0:	0.00e+00	-5.00e+01
1:	0.00e+00	-5.00e+01
2:	0.00e+00	0.00e+00
3:	0.00e+00	-5.00e+01
4:	0.00e+00	-5.00e+01
5:	0.00e+00	0.00e+00
6:	0.00e+00	-5.00e+01
7:	0.00e+00	-5.00e+01
8:	0.00e+00	0.00e+00
9:	0.00e+00	-5.00e+01
10:	0.00e+00	-5.00e+01
11:	0.00e+00	0.00e+00
12:	0.00e+00	-5.00e+01
13:	0.00e+00	-5.00e+01
14:	0.00e+00	0.00e+00
15:	0.00e+00	-5.00e+01
16:	0.00e+00	-5.00e+01
17:	0.00e+00	0.00e+00
18:	0.00e+00	-5.00e+01
19:	0.00e+00	-5.00e+01
20:	0.00e+00	0.00e+00
21:	0.00e+00	-5.00e+01
22:	0.00e+00	-5.00e+01
23:	0.00e+00	0.00e+00
24:	0.00e+00	0.00e+00
25:	0.00e+00	3.33e-14
26:	-1.64e-13	3.33e-14
27:	0.00e+00	0.00e+00
28:	0.00e+00	0.00e+00
29:	0.00e+00	-4.00e+02
30:	0.00e+00	-4.00e+02
31:	-1.39e-17	0.00e+00
32:	0.00e+00	0.00e+00
33:	0.00e+00	-4.00e+02
34:	0.00e+00	-4.00e+02
35:	0.00e+00	0.00e+00
36:	0.00e+00	7.70e-17
37:	0.00e+00	-4.00e+02
38:	0.00e+00	-4.00e+02
39:	0.00e+00	7.70e-17
40:	0.00e+00	0.00e+00
41:	0.00e+00	-4.00e+02
42:	0.00e+00	-4.00e+02
43:	0.00e+00	0.00e+00
44:	0.00e+00	7.70e-17
45:	0.00e+00	-4.00e+02
46:	2.36e-16	-4.00e+02
47:	0.00e+00	7.70e-17
48:	0.00e+00	0.00e+00
49:	0.00e+00	-4.00e+02
50:	0.00e+00	-4.00e+02
51:	-2.78e-17	0.00e+00
52:	0.00e+00	0.00e+00
53:	0.00e+00	-4.00e+02
54:	0.00e+00	-4.00e+02
55:	0.00e+00	0.00e+00
56:	0.00e+00	0.00e+00
57:	0.00e+00	-4.00e+02
58:	0.00e+00	-4.00e+02
59:	0.00e+00	0.00e+00
60:	0.00e+00	0.00e+00
61:	0.00e+00	-4.00e+02
62:	0.00e+00	-4.00e+02
63:	0.00e+00	0.00e+00
64:	0.00e+00	-7.70e-17
65:	0.00e+00	-4.00e+02
66:	0.00e+00	-4.00e+02
67:	0.00e+00	-7.70e-17
68:	0.00e+00	0.00e+00
69:	0.00e+00	-4.00e+02
70:	0.00e+00	-4.00e+02
71:	-2.78e-17	0.00e+00
72:	0.00e+00	-7.70e-17
73:	0.00e+00	-4.00e+02
74:	2.36e-16	-4.00e+02
75:	0.00e+00	-7.70e-17
76:	0.00e+00	0.00e+00
77:	0.00e+00	3.33e-14
78:	-1.64e-13	3.33e-14
79:	0.00e+00	0.00e+00
80:	0.00e+00	7.70e-17
81:	0.00e+00	-4.00e+02
82:	3.47e-16	-4.00e+02
83:	0.00e+00	7.70e-17
84:	0.00e+00	0.00e+00
85:	0.00e+00	-4.00e+02
86:	0.00e+00	-4.00e+02
87:	-2.78e-17	0.00e+00
88:	0.00e+00	7.70e-17
89:	0.00e+00	-4.00e+02
90:	0.00e+00	-4.00e+02
91:	0.00e+00	7.70e-17
92:	0.00e+00	0.00e+00
93:	0.00e+00	-4.00e+02
94:	0.00e+00	-4.00e+02
95:	0.00e+00	0.00e+00
96:	0.00e+00	0.00e+00
97:	0.00e+00	-4.00e+02
98:	0.00e+00	-4.00e+02
99:	-2.78e-17	0.00e+00
100:	0.00e+00	-7.70e-17
101:	0.00e+00	-4.00e+02
102:	3.47e-16	-4.00e+02
103:	0.00e+00	-7.70e-17
104:	0.00e+00	0.00e+00
105:	0.00e+00	-4.00e+02
106:	0.00e+00	-4.00e+02
107:	0.00e+00	0.00e+00
108:	0.00e+00	-7.70e-17
109:	0.00e+00	-4.00e+02
110:	0.00e+00	-4.00e+02
111:	0.00e+00	-7.70e-17
112:	0.00e+00	0.00e+00
113:	0.00e+00	1.11e-14
114:	-1.64e-13	1.11e-14
115:	0.00e+00	0.00e+00
116:	0.00e+00	0.00e+00
117:	0.00e+00	-4.00e+02
118:	0.00e+00	-4.00e+02
119:	-1.39e-17	0.00e+00
120:	0.00e+00	0.00e+00
121:	0.00e+00	-4.00e+02
122:	0.00e+00	-4.00e+02
123:	0.00e+00	0.00e+00
124:	0.00e+00	0.00e+00
125:	0.00e+00	-4.00e+02
126:	0.00e+00	-4.00e+02
127:	0.00e+00	0.00e+00
128:	0.00e+00	0.00e+00
129:	0.00e+00	-4.00e+02
130:	0.00e+00	-4.00e+02
131:	0.00e+00	0.00e+00
132:	0.00e+00	0.00e+00
133:	0.00e+00	1.11e-14
134:	-1.64e-13	1.11e-14
135:	0.00e+00	0.00e+00
Selecting maximum: 0 with second gradient of -50.0
New op index: 27	$R_{YX-XY}$[0, 1]
Current grad: 10.775510204081929
New op index: 31	$R_{YX-XY}$[0, 2]
Current grad: 8.000010560986768
New op index: 59	$R_{YX-XY}$[1, 3]
Current grad: 6.835212817673259
New op index: 51	$R_{YX-XY}$[0, 7]
Current grad: 8.00197528962578
New op index: 110	$R_{YX+XY}$[3, 7]
Current grad: 231.26841442788927
New op index: 119	$R_{YX-XY}$[4, 6]
Current grad: 4.420898275136983
New op index: 122	$R_{YX+XY}$[4, 7]
Current grad: 4.41731382411111
New op index: 51	$R_{YX-XY}$[0, 7]
Current grad: 2.199455297989786
New op index: 99	$R_{YX-XY}$[3, 4]
Current grad: 2.8730744318220562
New op index: 74	$R_{YX+XY}$[1, 7]
Current grad: 2.932282482271995
New op index: 110	$R_{YX+XY}$[3, 7]
Current grad: 3.926824565795356
New op index: 134	$R_{YX+XY}$[6, 7]
Current grad: 7.676527017085357
New op index: 66	$R_{YX+XY}$[1, 5]
Current grad: 6.185518451990065
New op index: 38	$R_{YX+XY}$[0, 4]
Current grad: 5.021783980936048
New op index: 78	$R_{YX+XY}$[2, 3]
Current grad: 4.546872056227007
New op index: 59	$R_{YX-XY}$[1, 3]
Current grad: 8.99642075987628
New op index: 82	$R_{YX+XY}$[2, 4]
Current grad: 0.022094426687884746
Parameter value cutoff reached.
Calculating energies for FreeWilson2D(N_x=2, N_y=2, mass=-3.224, r=1.000)
h_im: 0.0
New op index: 26	$R_{YX+XY}$[0, 1]
Current grad: 6.563360965827769e-13
0:	0.00e+00	-5.00e+01
1:	0.00e+00	-5.00e+01
2:	0.00e+00	0.00e+00
3:	0.00e+00	-5.00e+01
4:	0.00e+00	-5.00e+01
5:	0.00e+00	0.00e+00
6:	0.00e+00	-5.00e+01
7:	0.00e+00	-5.00e+01
8:	0.00e+00	0.00e+00
9:	0.00e+00	-5.00e+01
10:	0.00e+00	-5.00e+01
11:	0.00e+00	0.00e+00
12:	0.00e+00	-5.00e+01
13:	0.00e+00	-5.00e+01
14:	0.00e+00	0.00e+00
15:	0.00e+00	-5.00e+01
16:	0.00e+00	-5.00e+01
17:	0.00e+00	0.00e+00
18:	0.00e+00	-5.00e+01
19:	0.00e+00	-5.00e+01
20:	0.00e+00	0.00e+00
21:	0.00e+00	-5.00e+01
22:	0.00e+00	-5.00e+01
23:	0.00e+00	0.00e+00
24:	0.00e+00	0.00e+00
25:	0.00e+00	3.33e-14
26:	-1.64e-13	3.33e-14
27:	0.00e+00	0.00e+00
28:	0.00e+00	0.00e+00
29:	0.00e+00	-4.00e+02
30:	0.00e+00	-4.00e+02
31:	-1.39e-17	0.00e+00
32:	0.00e+00	0.00e+00
33:	0.00e+00	-4.00e+02
34:	0.00e+00	-4.00e+02
35:	0.00e+00	0.00e+00
36:	0.00e+00	6.80e-17
37:	0.00e+00	-4.00e+02
38:	0.00e+00	-4.00e+02
39:	0.00e+00	6.80e-17
40:	0.00e+00	0.00e+00
41:	0.00e+00	-4.00e+02
42:	0.00e+00	-4.00e+02
43:	0.00e+00	0.00e+00
44:	0.00e+00	6.80e-17
45:	0.00e+00	-4.00e+02
46:	2.36e-16	-4.00e+02
47:	0.00e+00	6.80e-17
48:	0.00e+00	0.00e+00
49:	0.00e+00	-4.00e+02
50:	0.00e+00	-4.00e+02
51:	-2.78e-17	0.00e+00
52:	0.00e+00	0.00e+00
53:	0.00e+00	-4.00e+02
54:	0.00e+00	-4.00e+02
55:	0.00e+00	0.00e+00
56:	0.00e+00	0.00e+00
57:	0.00e+00	-4.00e+02
58:	0.00e+00	-4.00e+02
59:	0.00e+00	0.00e+00
60:	0.00e+00	0.00e+00
61:	0.00e+00	-4.00e+02
62:	0.00e+00	-4.00e+02
63:	0.00e+00	0.00e+00
64:	0.00e+00	-6.80e-17
65:	0.00e+00	-4.00e+02
66:	0.00e+00	-4.00e+02
67:	0.00e+00	-6.80e-17
68:	0.00e+00	0.00e+00
69:	0.00e+00	-4.00e+02
70:	0.00e+00	-4.00e+02
71:	-2.78e-17	0.00e+00
72:	0.00e+00	-6.80e-17
73:	0.00e+00	-4.00e+02
74:	2.36e-16	-4.00e+02
75:	0.00e+00	-6.80e-17
76:	0.00e+00	0.00e+00
77:	0.00e+00	3.33e-14
78:	-1.64e-13	3.33e-14
79:	0.00e+00	0.00e+00
80:	0.00e+00	6.80e-17
81:	0.00e+00	-4.00e+02
82:	3.47e-16	-4.00e+02
83:	0.00e+00	6.80e-17
84:	0.00e+00	0.00e+00
85:	0.00e+00	-4.00e+02
86:	0.00e+00	-4.00e+02
87:	-2.78e-17	0.00e+00
88:	0.00e+00	6.80e-17
89:	0.00e+00	-4.00e+02
90:	0.00e+00	-4.00e+02
91:	0.00e+00	6.80e-17
92:	0.00e+00	0.00e+00
93:	0.00e+00	-4.00e+02
94:	0.00e+00	-4.00e+02
95:	0.00e+00	0.00e+00
96:	0.00e+00	0.00e+00
97:	0.00e+00	-4.00e+02
98:	0.00e+00	-4.00e+02
99:	-2.78e-17	0.00e+00
100:	0.00e+00	-6.80e-17
101:	0.00e+00	-4.00e+02
102:	3.47e-16	-4.00e+02
103:	0.00e+00	-6.80e-17
104:	0.00e+00	0.00e+00
105:	0.00e+00	-4.00e+02
106:	0.00e+00	-4.00e+02
107:	0.00e+00	0.00e+00
108:	0.00e+00	-6.80e-17
109:	0.00e+00	-4.00e+02
110:	0.00e+00	-4.00e+02
111:	0.00e+00	-6.80e-17
112:	0.00e+00	0.00e+00
113:	0.00e+00	1.11e-14
114:	-1.64e-13	1.11e-14
115:	0.00e+00	0.00e+00
116:	0.00e+00	0.00e+00
117:	0.00e+00	-4.00e+02
118:	0.00e+00	-4.00e+02
119:	-1.39e-17	0.00e+00
120:	0.00e+00	0.00e+00
121:	0.00e+00	-4.00e+02
122:	0.00e+00	-4.00e+02
123:	0.00e+00	0.00e+00
124:	0.00e+00	0.00e+00
125:	0.00e+00	-4.00e+02
126:	0.00e+00	-4.00e+02
127:	0.00e+00	0.00e+00
128:	0.00e+00	0.00e+00
129:	0.00e+00	-4.00e+02
130:	0.00e+00	-4.00e+02
131:	0.00e+00	0.00e+00
132:	0.00e+00	0.00e+00
133:	0.00e+00	1.11e-14
134:	-1.64e-13	1.11e-14
135:	0.00e+00	0.00e+00
Selecting maximum: 0 with second gradient of -50.0
New op index: 27	$R_{YX-XY}$[0, 1]
Current grad: 10.44897959183703
New op index: 54	$R_{YX+XY}$[1, 2]
Current grad: 8.030902657679052
New op index: 107	$R_{YX-XY}$[3, 6]
Current grad: 4.002324228647558
New op index: 38	$R_{YX+XY}$[0, 4]
Current grad: 2.0004369769381096
New op index: 126	$R_{YX+XY}$[5, 6]
Current grad: 6.048438283322538
New op index: 122	$R_{YX+XY}$[4, 7]
Current grad: 0.0005461534890425764
Precision cutoff reached.
Calculating energies for FreeWilson2D(N_x=2, N_y=2, mass=-3.061, r=1.000)
h_im: 0.0
New op index: 26	$R_{YX+XY}$[0, 1]
Current grad: 6.563360965827769e-13
0:	0.00e+00	-5.00e+01
1:	0.00e+00	-5.00e+01
2:	0.00e+00	0.00e+00
3:	0.00e+00	-5.00e+01
4:	0.00e+00	-5.00e+01
5:	0.00e+00	0.00e+00
6:	0.00e+00	-5.00e+01
7:	0.00e+00	-5.00e+01
8:	0.00e+00	0.00e+00
9:	0.00e+00	-5.00e+01
10:	0.00e+00	-5.00e+01
11:	0.00e+00	0.00e+00
12:	0.00e+00	-5.00e+01
13:	0.00e+00	-5.00e+01
14:	0.00e+00	0.00e+00
15:	0.00e+00	-5.00e+01
16:	0.00e+00	-5.00e+01
17:	0.00e+00	0.00e+00
18:	0.00e+00	-5.00e+01
19:	0.00e+00	-5.00e+01
20:	0.00e+00	0.00e+00
21:	0.00e+00	-5.00e+01
22:	0.00e+00	-5.00e+01
23:	0.00e+00	0.00e+00
24:	0.00e+00	0.00e+00
25:	0.00e+00	3.33e-14
26:	-1.64e-13	3.33e-14
27:	0.00e+00	0.00e+00
28:	0.00e+00	0.00e+00
29:	0.00e+00	-4.00e+02
30:	0.00e+00	-4.00e+02
31:	-1.39e-17	0.00e+00
32:	0.00e+00	0.00e+00
33:	0.00e+00	-4.00e+02
34:	0.00e+00	-4.00e+02
35:	0.00e+00	0.00e+00
36:	0.00e+00	5.89e-17
37:	0.00e+00	-4.00e+02
38:	0.00e+00	-4.00e+02
39:	0.00e+00	5.89e-17
40:	0.00e+00	0.00e+00
41:	0.00e+00	-4.00e+02
42:	0.00e+00	-4.00e+02
43:	0.00e+00	0.00e+00
44:	0.00e+00	5.89e-17
45:	0.00e+00	-4.00e+02
46:	2.36e-16	-4.00e+02
47:	0.00e+00	5.89e-17
48:	0.00e+00	0.00e+00
49:	0.00e+00	-4.00e+02
50:	0.00e+00	-4.00e+02
51:	-2.78e-17	0.00e+00
52:	0.00e+00	0.00e+00
53:	0.00e+00	-4.00e+02
54:	0.00e+00	-4.00e+02
55:	0.00e+00	0.00e+00
56:	0.00e+00	0.00e+00
57:	0.00e+00	-4.00e+02
58:	0.00e+00	-4.00e+02
59:	0.00e+00	0.00e+00
60:	0.00e+00	0.00e+00
61:	0.00e+00	-4.00e+02
62:	0.00e+00	-4.00e+02
63:	0.00e+00	0.00e+00
64:	0.00e+00	-5.89e-17
65:	0.00e+00	-4.00e+02
66:	0.00e+00	-4.00e+02
67:	0.00e+00	-5.89e-17
68:	0.00e+00	0.00e+00
69:	0.00e+00	-4.00e+02
70:	0.00e+00	-4.00e+02
71:	-2.78e-17	0.00e+00
72:	0.00e+00	-5.89e-17
73:	0.00e+00	-4.00e+02
74:	2.36e-16	-4.00e+02
75:	0.00e+00	-5.89e-17
76:	0.00e+00	0.00e+00
77:	0.00e+00	3.33e-14
78:	-1.64e-13	3.33e-14
79:	0.00e+00	0.00e+00
80:	0.00e+00	5.89e-17
81:	0.00e+00	-4.00e+02
82:	3.47e-16	-4.00e+02
83:	0.00e+00	5.89e-17
84:	0.00e+00	0.00e+00
85:	0.00e+00	-4.00e+02
86:	0.00e+00	-4.00e+02
87:	-2.78e-17	0.00e+00
88:	0.00e+00	5.89e-17
89:	0.00e+00	-4.00e+02
90:	0.00e+00	-4.00e+02
91:	0.00e+00	5.89e-17
92:	0.00e+00	0.00e+00
93:	0.00e+00	-4.00e+02
94:	0.00e+00	-4.00e+02
95:	0.00e+00	0.00e+00
96:	0.00e+00	0.00e+00
97:	0.00e+00	-4.00e+02
98:	0.00e+00	-4.00e+02
99:	-2.78e-17	0.00e+00
100:	0.00e+00	-5.89e-17
101:	0.00e+00	-4.00e+02
102:	3.47e-16	-4.00e+02
103:	0.00e+00	-5.89e-17
104:	0.00e+00	0.00e+00
105:	0.00e+00	-4.00e+02
106:	0.00e+00	-4.00e+02
107:	0.00e+00	0.00e+00
108:	0.00e+00	-5.89e-17
109:	0.00e+00	-4.00e+02
110:	0.00e+00	-4.00e+02
111:	0.00e+00	-5.89e-17
112:	0.00e+00	0.00e+00
113:	0.00e+00	1.11e-14
114:	-1.64e-13	1.11e-14
115:	0.00e+00	0.00e+00
116:	0.00e+00	0.00e+00
117:	0.00e+00	-4.00e+02
118:	0.00e+00	-4.00e+02
119:	-1.39e-17	0.00e+00
120:	0.00e+00	0.00e+00
121:	0.00e+00	-4.00e+02
122:	0.00e+00	-4.00e+02
123:	0.00e+00	0.00e+00
124:	0.00e+00	0.00e+00
125:	0.00e+00	-4.00e+02
126:	0.00e+00	-4.00e+02
127:	0.00e+00	0.00e+00
128:	0.00e+00	0.00e+00
129:	0.00e+00	-4.00e+02
130:	0.00e+00	-4.00e+02
131:	0.00e+00	0.00e+00
132:	0.00e+00	0.00e+00
133:	0.00e+00	1.11e-14
134:	-1.64e-13	1.11e-14
135:	0.00e+00	0.00e+00
Selecting maximum: 0 with second gradient of -50.0
New op index: 27	$R_{YX-XY}$[0, 1]
Current grad: 10.122448979592136
New op index: 59	$R_{YX-XY}$[1, 3]
Current grad: 8.001969521928096
New op index: 31	$R_{YX-XY}$[0, 2]
Current grad: 13.659440979468837
New op index: 51	$R_{YX-XY}$[0, 7]
Current grad: 8.006031049618334
New op index: 110	$R_{YX+XY}$[3, 7]
Current grad: 231.3263361281688
New op index: 119	$R_{YX-XY}$[4, 6]
Current grad: 4.423037632077393
New op index: 122	$R_{YX+XY}$[4, 7]
Current grad: 4.411421322730494
New op index: 51	$R_{YX-XY}$[0, 7]
Current grad: 2.232752393912424
New op index: 99	$R_{YX-XY}$[3, 4]
Current grad: 2.877750735309273
New op index: 74	$R_{YX+XY}$[1, 7]
Current grad: 2.938386800843919
New op index: 110	$R_{YX+XY}$[3, 7]
Current grad: 3.929429253672845
New op index: 134	$R_{YX+XY}$[6, 7]
Current grad: 7.683228858226301
New op index: 66	$R_{YX+XY}$[1, 5]
Current grad: 6.182768689682202
New op index: 38	$R_{YX+XY}$[0, 4]
Current grad: 5.01976604256075
New op index: 78	$R_{YX+XY}$[2, 3]
Current grad: 4.547260872176624
New op index: 31	$R_{YX-XY}$[0, 2]
Current grad: 4.025682575022
New op index: 95	$R_{YX-XY}$[2, 7]
Current grad: 2.379342895643065
New op index: 59	$R_{YX-XY}$[1, 3]
Current grad: 0.6248147776662802
New op index: 99	$R_{YX-XY}$[3, 4]
Current grad: 0.841805713592249
New op index: 71	$R_{YX-XY}$[1, 6]
Current grad: 0.2822424950189166
New op index: 63	$R_{YX-XY}$[1, 4]
Current grad: 0.25060205446231554
New op index: 51	$R_{YX-XY}$[0, 7]
Current grad: 0.20025673569659647
New op index: 122	$R_{YX+XY}$[4, 7]
Current grad: 0.017397385950260764
Parameter value cutoff reached.
Calculating energies for FreeWilson2D(N_x=2, N_y=2, mass=-2.898, r=1.000)
h_im: 0.0
New op index: 26	$R_{YX+XY}$[0, 1]
Current grad: 6.563360965827769e-13
0:	0.00e+00	-5.00e+01
1:	0.00e+00	-5.00e+01
2:	0.00e+00	0.00e+00
3:	0.00e+00	-5.00e+01
4:	0.00e+00	-5.00e+01
5:	0.00e+00	0.00e+00
6:	0.00e+00	-5.00e+01
7:	0.00e+00	-5.00e+01
8:	0.00e+00	0.00e+00
9:	0.00e+00	-5.00e+01
10:	0.00e+00	-5.00e+01
11:	0.00e+00	0.00e+00
12:	0.00e+00	-5.00e+01
13:	0.00e+00	-5.00e+01
14:	0.00e+00	0.00e+00
15:	0.00e+00	-5.00e+01
16:	0.00e+00	-5.00e+01
17:	0.00e+00	0.00e+00
18:	0.00e+00	-5.00e+01
19:	0.00e+00	-5.00e+01
20:	0.00e+00	0.00e+00
21:	0.00e+00	-5.00e+01
22:	0.00e+00	-5.00e+01
23:	0.00e+00	0.00e+00
24:	0.00e+00	0.00e+00
25:	0.00e+00	3.33e-14
26:	-1.64e-13	3.33e-14
27:	0.00e+00	0.00e+00
28:	0.00e+00	0.00e+00
29:	0.00e+00	-4.00e+02
30:	0.00e+00	-4.00e+02
31:	-1.39e-17	0.00e+00
32:	0.00e+00	0.00e+00
33:	0.00e+00	-4.00e+02
34:	0.00e+00	-4.00e+02
35:	0.00e+00	0.00e+00
36:	0.00e+00	4.98e-17
37:	0.00e+00	-4.00e+02
38:	0.00e+00	-4.00e+02
39:	0.00e+00	4.98e-17
40:	0.00e+00	0.00e+00
41:	0.00e+00	-4.00e+02
42:	0.00e+00	-4.00e+02
43:	0.00e+00	0.00e+00
44:	0.00e+00	4.98e-17
45:	0.00e+00	-4.00e+02
46:	2.36e-16	-4.00e+02
47:	0.00e+00	4.98e-17
48:	0.00e+00	0.00e+00
49:	0.00e+00	-4.00e+02
50:	0.00e+00	-4.00e+02
51:	-2.78e-17	0.00e+00
52:	0.00e+00	0.00e+00
53:	0.00e+00	-4.00e+02
54:	0.00e+00	-4.00e+02
55:	0.00e+00	0.00e+00
56:	0.00e+00	0.00e+00
57:	0.00e+00	-4.00e+02
58:	0.00e+00	-4.00e+02
59:	0.00e+00	0.00e+00
60:	0.00e+00	0.00e+00
61:	0.00e+00	-4.00e+02
62:	0.00e+00	-4.00e+02
63:	0.00e+00	0.00e+00
64:	0.00e+00	-4.98e-17
65:	0.00e+00	-4.00e+02
66:	0.00e+00	-4.00e+02
67:	0.00e+00	-4.98e-17
68:	0.00e+00	0.00e+00
69:	0.00e+00	-4.00e+02
70:	0.00e+00	-4.00e+02
71:	-2.78e-17	0.00e+00
72:	0.00e+00	-4.98e-17
73:	0.00e+00	-4.00e+02
74:	2.36e-16	-4.00e+02
75:	0.00e+00	-4.98e-17
76:	0.00e+00	0.00e+00
77:	0.00e+00	3.33e-14
78:	-1.64e-13	3.33e-14
79:	0.00e+00	0.00e+00
80:	0.00e+00	4.98e-17
81:	0.00e+00	-4.00e+02
82:	3.47e-16	-4.00e+02
83:	0.00e+00	4.98e-17
84:	0.00e+00	0.00e+00
85:	0.00e+00	-4.00e+02
86:	0.00e+00	-4.00e+02
87:	-2.78e-17	0.00e+00
88:	0.00e+00	4.98e-17
89:	0.00e+00	-4.00e+02
90:	0.00e+00	-4.00e+02
91:	0.00e+00	4.98e-17
92:	0.00e+00	0.00e+00
93:	0.00e+00	-4.00e+02
94:	0.00e+00	-4.00e+02
95:	0.00e+00	0.00e+00
96:	0.00e+00	0.00e+00
97:	0.00e+00	-4.00e+02
98:	0.00e+00	-4.00e+02
99:	-2.78e-17	0.00e+00
100:	0.00e+00	-4.98e-17
101:	0.00e+00	-4.00e+02
102:	3.47e-16	-4.00e+02
103:	0.00e+00	-4.98e-17
104:	0.00e+00	0.00e+00
105:	0.00e+00	-4.00e+02
106:	0.00e+00	-4.00e+02
107:	0.00e+00	0.00e+00
108:	0.00e+00	-4.98e-17
109:	0.00e+00	-4.00e+02
110:	0.00e+00	-4.00e+02
111:	0.00e+00	-4.98e-17
112:	0.00e+00	0.00e+00
113:	0.00e+00	1.11e-14
114:	-1.64e-13	1.11e-14
115:	0.00e+00	0.00e+00
116:	0.00e+00	0.00e+00
117:	0.00e+00	-4.00e+02
118:	0.00e+00	-4.00e+02
119:	-1.39e-17	0.00e+00
120:	0.00e+00	0.00e+00
121:	0.00e+00	-4.00e+02
122:	0.00e+00	-4.00e+02
123:	0.00e+00	0.00e+00
124:	0.00e+00	0.00e+00
125:	0.00e+00	-4.00e+02
126:	0.00e+00	-4.00e+02
127:	0.00e+00	0.00e+00
128:	0.00e+00	0.00e+00
129:	0.00e+00	-4.00e+02
130:	0.00e+00	-4.00e+02
131:	0.00e+00	0.00e+00
132:	0.00e+00	0.00e+00
133:	0.00e+00	1.11e-14
134:	-1.64e-13	1.11e-14
135:	0.00e+00	0.00e+00
Selecting maximum: 0 with second gradient of -50.0
New op index: 27	$R_{YX-XY}$[0, 1]
Current grad: 9.795918367347237
New op index: 31	$R_{YX-XY}$[0, 2]
Current grad: 8.000290782924438
New op index: 59	$R_{YX-XY}$[1, 3]
Current grad: 6.831600718744584
New op index: 51	$R_{YX-XY}$[0, 7]
Current grad: 8.000340276442001
New op index: 110	$R_{YX+XY}$[3, 7]
Current grad: 231.1859128055381
New op index: 119	$R_{YX-XY}$[4, 6]
Current grad: 4.42819568579782
New op index: 122	$R_{YX+XY}$[4, 7]
Current grad: 4.414170582827894
New op index: 38	$R_{YX+XY}$[0, 4]
Current grad: 2.234445959439821
New op index: 51	$R_{YX-XY}$[0, 7]
Current grad: 2.2366488556596917
New op index: 99	$R_{YX-XY}$[3, 4]
Current grad: 2.646152089741652
New op index: 82	$R_{YX+XY}$[2, 4]
Current grad: 2.8913405082030104
New op index: 95	$R_{YX-XY}$[2, 7]
Current grad: 3.1424700127132206
New op index: 26	$R_{YX+XY}$[0, 1]
Current grad: 2.7712770323118603
New op index: 59	$R_{YX-XY}$[1, 3]
Current grad: 4.033298866441056
New op index: 63	$R_{YX-XY}$[1, 4]
Current grad: 1.9746128308045372
New op index: 99	$R_{YX-XY}$[3, 4]
Current grad: 0.8251074737005563
New op index: 78	$R_{YX+XY}$[2, 3]
Current grad: 0.02548576175514511
Parameter value cutoff reached.
Calculating energies for FreeWilson2D(N_x=2, N_y=2, mass=-2.735, r=1.000)
h_im: 0.0
New op index: 26	$R_{YX+XY}$[0, 1]
Current grad: 6.563360965827769e-13
0:	0.00e+00	-5.00e+01
1:	0.00e+00	-5.00e+01
2:	0.00e+00	0.00e+00
3:	0.00e+00	-5.00e+01
4:	0.00e+00	-5.00e+01
5:	0.00e+00	0.00e+00
6:	0.00e+00	-5.00e+01
7:	0.00e+00	-5.00e+01
8:	0.00e+00	0.00e+00
9:	0.00e+00	-5.00e+01
10:	0.00e+00	-5.00e+01
11:	0.00e+00	0.00e+00
12:	0.00e+00	-5.00e+01
13:	0.00e+00	-5.00e+01
14:	0.00e+00	0.00e+00
15:	0.00e+00	-5.00e+01
16:	0.00e+00	-5.00e+01
17:	0.00e+00	0.00e+00
18:	0.00e+00	-5.00e+01
19:	0.00e+00	-5.00e+01
20:	0.00e+00	0.00e+00
21:	0.00e+00	-5.00e+01
22:	0.00e+00	-5.00e+01
23:	0.00e+00	0.00e+00
24:	0.00e+00	0.00e+00
25:	0.00e+00	3.33e-14
26:	-1.64e-13	3.33e-14
27:	0.00e+00	0.00e+00
28:	0.00e+00	0.00e+00
29:	0.00e+00	-4.00e+02
30:	0.00e+00	-4.00e+02
31:	-1.39e-17	0.00e+00
32:	0.00e+00	0.00e+00
33:	0.00e+00	-4.00e+02
34:	0.00e+00	-4.00e+02
35:	0.00e+00	0.00e+00
36:	0.00e+00	4.08e-17
37:	0.00e+00	-4.00e+02
38:	0.00e+00	-4.00e+02
39:	0.00e+00	4.08e-17
40:	0.00e+00	0.00e+00
41:	0.00e+00	-4.00e+02
42:	0.00e+00	-4.00e+02
43:	0.00e+00	0.00e+00
44:	0.00e+00	4.08e-17
45:	0.00e+00	-4.00e+02
46:	2.36e-16	-4.00e+02
47:	0.00e+00	4.08e-17
48:	0.00e+00	0.00e+00
49:	0.00e+00	-4.00e+02
50:	0.00e+00	-4.00e+02
51:	-2.78e-17	0.00e+00
52:	0.00e+00	0.00e+00
53:	0.00e+00	-4.00e+02
54:	0.00e+00	-4.00e+02
55:	0.00e+00	0.00e+00
56:	0.00e+00	0.00e+00
57:	0.00e+00	-4.00e+02
58:	0.00e+00	-4.00e+02
59:	0.00e+00	0.00e+00
60:	0.00e+00	0.00e+00
61:	0.00e+00	-4.00e+02
62:	0.00e+00	-4.00e+02
63:	0.00e+00	0.00e+00
64:	0.00e+00	-4.08e-17
65:	0.00e+00	-4.00e+02
66:	0.00e+00	-4.00e+02
67:	0.00e+00	-4.08e-17
68:	0.00e+00	0.00e+00
69:	0.00e+00	-4.00e+02
70:	0.00e+00	-4.00e+02
71:	-2.78e-17	0.00e+00
72:	0.00e+00	-4.08e-17
73:	0.00e+00	-4.00e+02
74:	2.36e-16	-4.00e+02
75:	0.00e+00	-4.08e-17
76:	0.00e+00	0.00e+00
77:	0.00e+00	3.33e-14
78:	-1.64e-13	3.33e-14
79:	0.00e+00	0.00e+00
80:	0.00e+00	4.08e-17
81:	0.00e+00	-4.00e+02
82:	3.47e-16	-4.00e+02
83:	0.00e+00	4.08e-17
84:	0.00e+00	0.00e+00
85:	0.00e+00	-4.00e+02
86:	0.00e+00	-4.00e+02
87:	-2.78e-17	0.00e+00
88:	0.00e+00	4.08e-17
89:	0.00e+00	-4.00e+02
90:	0.00e+00	-4.00e+02
91:	0.00e+00	4.08e-17
92:	0.00e+00	0.00e+00
93:	0.00e+00	-4.00e+02
94:	0.00e+00	-4.00e+02
95:	0.00e+00	0.00e+00
96:	0.00e+00	0.00e+00
97:	0.00e+00	-4.00e+02
98:	0.00e+00	-4.00e+02
99:	-2.78e-17	0.00e+00
100:	0.00e+00	-4.08e-17
101:	0.00e+00	-4.00e+02
102:	3.47e-16	-4.00e+02
103:	0.00e+00	-4.08e-17
104:	0.00e+00	0.00e+00
105:	0.00e+00	-4.00e+02
106:	0.00e+00	-4.00e+02
107:	0.00e+00	0.00e+00
108:	0.00e+00	-4.08e-17
109:	0.00e+00	-4.00e+02
110:	0.00e+00	-4.00e+02
111:	0.00e+00	-4.08e-17
112:	0.00e+00	0.00e+00
113:	0.00e+00	1.11e-14
114:	-1.64e-13	1.11e-14
115:	0.00e+00	0.00e+00
116:	0.00e+00	0.00e+00
117:	0.00e+00	-4.00e+02
118:	0.00e+00	-4.00e+02
119:	-1.39e-17	0.00e+00
120:	0.00e+00	0.00e+00
121:	0.00e+00	-4.00e+02
122:	0.00e+00	-4.00e+02
123:	0.00e+00	0.00e+00
124:	0.00e+00	0.00e+00
125:	0.00e+00	-4.00e+02
126:	0.00e+00	-4.00e+02
127:	0.00e+00	0.00e+00
128:	0.00e+00	0.00e+00
129:	0.00e+00	-4.00e+02
130:	0.00e+00	-4.00e+02
131:	0.00e+00	0.00e+00
132:	0.00e+00	0.00e+00
133:	0.00e+00	1.11e-14
134:	-1.64e-13	1.11e-14
135:	0.00e+00	0.00e+00
Selecting maximum: 0 with second gradient of -50.0
New op index: 27	$R_{YX-XY}$[0, 1]
Current grad: 9.469387755102339
New op index: 31	$R_{YX-XY}$[0, 2]
Current grad: 8.000000162354475
New op index: 59	$R_{YX-XY}$[1, 3]
Current grad: 6.832297801432953
New op index: 87	$R_{YX-XY}$[2, 5]
Current grad: 8.001416256709705
New op index: 66	$R_{YX+XY}$[1, 5]
Current grad: 222.5278062670725
New op index: 99	$R_{YX-XY}$[3, 4]
Current grad: 9.02975957919753
New op index: 71	$R_{YX-XY}$[1, 6]
Current grad: 7.016868653888265
New op index: 51	$R_{YX-XY}$[0, 7]
Current grad: 5.477589493002721
New op index: 134	$R_{YX+XY}$[6, 7]
Current grad: 4.537086995910034
New op index: 90	$R_{YX+XY}$[2, 6]
Current grad: 0.008192443809827536
Parameter value cutoff reached.
Calculating energies for FreeWilson2D(N_x=2, N_y=2, mass=-2.571, r=1.000)
h_im: 0.0
New op index: 26	$R_{YX+XY}$[0, 1]
Current grad: 6.563360965827769e-13
0:	0.00e+00	-5.00e+01
1:	0.00e+00	-5.00e+01
2:	0.00e+00	0.00e+00
3:	0.00e+00	-5.00e+01
4:	0.00e+00	-5.00e+01
5:	0.00e+00	0.00e+00
6:	0.00e+00	-5.00e+01
7:	0.00e+00	-5.00e+01
8:	0.00e+00	0.00e+00
9:	0.00e+00	-5.00e+01
10:	0.00e+00	-5.00e+01
11:	0.00e+00	0.00e+00
12:	0.00e+00	-5.00e+01
13:	0.00e+00	-5.00e+01
14:	0.00e+00	0.00e+00
15:	0.00e+00	-5.00e+01
16:	0.00e+00	-5.00e+01
17:	0.00e+00	0.00e+00
18:	0.00e+00	-5.00e+01
19:	0.00e+00	-5.00e+01
20:	0.00e+00	0.00e+00
21:	0.00e+00	-5.00e+01
22:	0.00e+00	-5.00e+01
23:	0.00e+00	0.00e+00
24:	0.00e+00	0.00e+00
25:	0.00e+00	3.33e-14
26:	-1.64e-13	3.33e-14
27:	0.00e+00	0.00e+00
28:	0.00e+00	0.00e+00
29:	0.00e+00	-4.00e+02
30:	0.00e+00	-4.00e+02
31:	-1.39e-17	0.00e+00
32:	0.00e+00	0.00e+00
33:	0.00e+00	-4.00e+02
34:	0.00e+00	-4.00e+02
35:	0.00e+00	0.00e+00
36:	0.00e+00	3.17e-17
37:	0.00e+00	-4.00e+02
38:	0.00e+00	-4.00e+02
39:	0.00e+00	3.17e-17
40:	0.00e+00	0.00e+00
41:	0.00e+00	-4.00e+02
42:	0.00e+00	-4.00e+02
43:	0.00e+00	0.00e+00
44:	0.00e+00	3.17e-17
45:	0.00e+00	-4.00e+02
46:	2.36e-16	-4.00e+02
47:	0.00e+00	3.17e-17
48:	0.00e+00	0.00e+00
49:	0.00e+00	-4.00e+02
50:	0.00e+00	-4.00e+02
51:	-2.78e-17	0.00e+00
52:	0.00e+00	0.00e+00
53:	0.00e+00	-4.00e+02
54:	0.00e+00	-4.00e+02
55:	0.00e+00	0.00e+00
56:	0.00e+00	0.00e+00
57:	0.00e+00	-4.00e+02
58:	0.00e+00	-4.00e+02
59:	0.00e+00	0.00e+00
60:	0.00e+00	0.00e+00
61:	0.00e+00	-4.00e+02
62:	0.00e+00	-4.00e+02
63:	0.00e+00	0.00e+00
64:	0.00e+00	-3.17e-17
65:	0.00e+00	-4.00e+02
66:	0.00e+00	-4.00e+02
67:	0.00e+00	-3.17e-17
68:	0.00e+00	0.00e+00
69:	0.00e+00	-4.00e+02
70:	0.00e+00	-4.00e+02
71:	-2.78e-17	0.00e+00
72:	0.00e+00	-3.17e-17
73:	0.00e+00	-4.00e+02
74:	2.36e-16	-4.00e+02
75:	0.00e+00	-3.17e-17
76:	0.00e+00	0.00e+00
77:	0.00e+00	3.33e-14
78:	-1.64e-13	3.33e-14
79:	0.00e+00	0.00e+00
80:	0.00e+00	3.17e-17
81:	0.00e+00	-4.00e+02
82:	3.47e-16	-4.00e+02
83:	0.00e+00	3.17e-17
84:	0.00e+00	0.00e+00
85:	0.00e+00	-4.00e+02
86:	0.00e+00	-4.00e+02
87:	-2.78e-17	0.00e+00
88:	0.00e+00	3.17e-17
89:	0.00e+00	-4.00e+02
90:	0.00e+00	-4.00e+02
91:	0.00e+00	3.17e-17
92:	0.00e+00	0.00e+00
93:	0.00e+00	-4.00e+02
94:	0.00e+00	-4.00e+02
95:	0.00e+00	0.00e+00
96:	0.00e+00	0.00e+00
97:	0.00e+00	-4.00e+02
98:	0.00e+00	-4.00e+02
99:	-2.78e-17	0.00e+00
100:	0.00e+00	-3.17e-17
101:	0.00e+00	-4.00e+02
102:	3.47e-16	-4.00e+02
103:	0.00e+00	-3.17e-17
104:	0.00e+00	0.00e+00
105:	0.00e+00	-4.00e+02
106:	0.00e+00	-4.00e+02
107:	0.00e+00	0.00e+00
108:	0.00e+00	-3.17e-17
109:	0.00e+00	-4.00e+02
110:	0.00e+00	-4.00e+02
111:	0.00e+00	-3.17e-17
112:	0.00e+00	0.00e+00
113:	0.00e+00	1.11e-14
114:	-1.64e-13	1.11e-14
115:	0.00e+00	0.00e+00
116:	0.00e+00	0.00e+00
117:	0.00e+00	-4.00e+02
118:	0.00e+00	-4.00e+02
119:	-1.39e-17	0.00e+00
120:	0.00e+00	0.00e+00
121:	0.00e+00	-4.00e+02
122:	0.00e+00	-4.00e+02
123:	0.00e+00	0.00e+00
124:	0.00e+00	0.00e+00
125:	0.00e+00	-4.00e+02
126:	0.00e+00	-4.00e+02
127:	0.00e+00	0.00e+00
128:	0.00e+00	0.00e+00
129:	0.00e+00	-4.00e+02
130:	0.00e+00	-4.00e+02
131:	0.00e+00	0.00e+00
132:	0.00e+00	0.00e+00
133:	0.00e+00	1.11e-14
134:	-1.64e-13	1.11e-14
135:	0.00e+00	0.00e+00
Selecting maximum: 0 with second gradient of -50.0
New op index: 27	$R_{YX-XY}$[0, 1]
Current grad: 9.14285714285744
New op index: 31	$R_{YX-XY}$[0, 2]
Current grad: 8.00100897521472
New op index: 59	$R_{YX-XY}$[1, 3]
Current grad: 6.8295885080961
New op index: 38	$R_{YX+XY}$[0, 4]
Current grad: 8.000256029288321
New op index: 126	$R_{YX+XY}$[5, 6]
Current grad: 4.426224418710488
New op index: 82	$R_{YX+XY}$[2, 4]
Current grad: 5.310217028327594
New op index: 99	$R_{YX-XY}$[3, 4]
Current grad: 2.9167241748495134
New op index: 26	$R_{YX+XY}$[0, 1]
Current grad: 3.8943069074092818
New op index: 31	$R_{YX-XY}$[0, 2]
Current grad: 4.016830080900973
New op index: 51	$R_{YX-XY}$[0, 7]
Current grad: 1.1038744634696267
New op index: 126	$R_{YX+XY}$[5, 6]
Current grad: 0.012614863130884143
Adding the same operator twice is not sensible, terminating.
Calculating energies for FreeWilson2D(N_x=2, N_y=2, mass=-2.408, r=1.000)
h_im: 0.0
New op index: 26	$R_{YX+XY}$[0, 1]
Current grad: 6.563360965827769e-13
0:	0.00e+00	-5.00e+01
1:	0.00e+00	-5.00e+01
2:	0.00e+00	0.00e+00
3:	0.00e+00	-5.00e+01
4:	0.00e+00	-5.00e+01
5:	0.00e+00	0.00e+00
6:	0.00e+00	-5.00e+01
7:	0.00e+00	-5.00e+01
8:	0.00e+00	0.00e+00
9:	0.00e+00	-5.00e+01
10:	0.00e+00	-5.00e+01
11:	0.00e+00	0.00e+00
12:	0.00e+00	-5.00e+01
13:	0.00e+00	-5.00e+01
14:	0.00e+00	0.00e+00
15:	0.00e+00	-5.00e+01
16:	0.00e+00	-5.00e+01
17:	0.00e+00	0.00e+00
18:	0.00e+00	-5.00e+01
19:	0.00e+00	-5.00e+01
20:	0.00e+00	0.00e+00
21:	0.00e+00	-5.00e+01
22:	0.00e+00	-5.00e+01
23:	0.00e+00	0.00e+00
24:	0.00e+00	0.00e+00
25:	0.00e+00	3.33e-14
26:	-1.64e-13	3.33e-14
27:	0.00e+00	0.00e+00
28:	0.00e+00	0.00e+00
29:	0.00e+00	-4.00e+02
30:	0.00e+00	-4.00e+02
31:	-1.39e-17	0.00e+00
32:	0.00e+00	0.00e+00
33:	0.00e+00	-4.00e+02
34:	0.00e+00	-4.00e+02
35:	0.00e+00	0.00e+00
36:	0.00e+00	2.27e-17
37:	0.00e+00	-4.00e+02
38:	0.00e+00	-4.00e+02
39:	0.00e+00	2.27e-17
40:	0.00e+00	0.00e+00
41:	0.00e+00	-4.00e+02
42:	0.00e+00	-4.00e+02
43:	0.00e+00	0.00e+00
44:	0.00e+00	2.27e-17
45:	0.00e+00	-4.00e+02
46:	2.36e-16	-4.00e+02
47:	0.00e+00	2.27e-17
48:	0.00e+00	0.00e+00
49:	0.00e+00	-4.00e+02
50:	0.00e+00	-4.00e+02
51:	-2.78e-17	0.00e+00
52:	0.00e+00	0.00e+00
53:	0.00e+00	-4.00e+02
54:	0.00e+00	-4.00e+02
55:	0.00e+00	0.00e+00
56:	0.00e+00	0.00e+00
57:	0.00e+00	-4.00e+02
58:	0.00e+00	-4.00e+02
59:	0.00e+00	0.00e+00
60:	0.00e+00	0.00e+00
61:	0.00e+00	-4.00e+02
62:	0.00e+00	-4.00e+02
63:	0.00e+00	0.00e+00
64:	0.00e+00	-2.27e-17
65:	0.00e+00	-4.00e+02
66:	0.00e+00	-4.00e+02
67:	0.00e+00	-2.27e-17
68:	0.00e+00	0.00e+00
69:	0.00e+00	-4.00e+02
70:	0.00e+00	-4.00e+02
71:	-2.78e-17	0.00e+00
72:	0.00e+00	-2.27e-17
73:	0.00e+00	-4.00e+02
74:	2.36e-16	-4.00e+02
75:	0.00e+00	-2.27e-17
76:	0.00e+00	0.00e+00
77:	0.00e+00	3.33e-14
78:	-1.64e-13	3.33e-14
79:	0.00e+00	0.00e+00
80:	0.00e+00	2.27e-17
81:	0.00e+00	-4.00e+02
82:	3.47e-16	-4.00e+02
83:	0.00e+00	2.27e-17
84:	0.00e+00	0.00e+00
85:	0.00e+00	-4.00e+02
86:	0.00e+00	-4.00e+02
87:	-2.78e-17	0.00e+00
88:	0.00e+00	2.27e-17
89:	0.00e+00	-4.00e+02
90:	0.00e+00	-4.00e+02
91:	0.00e+00	2.27e-17
92:	0.00e+00	0.00e+00
93:	0.00e+00	-4.00e+02
94:	0.00e+00	-4.00e+02
95:	0.00e+00	0.00e+00
96:	0.00e+00	0.00e+00
97:	0.00e+00	-4.00e+02
98:	0.00e+00	-4.00e+02
99:	-2.78e-17	0.00e+00
100:	0.00e+00	-2.27e-17
101:	0.00e+00	-4.00e+02
102:	3.47e-16	-4.00e+02
103:	0.00e+00	-2.27e-17
104:	0.00e+00	0.00e+00
105:	0.00e+00	-4.00e+02
106:	0.00e+00	-4.00e+02
107:	0.00e+00	0.00e+00
108:	0.00e+00	-2.27e-17
109:	0.00e+00	-4.00e+02
110:	0.00e+00	-4.00e+02
111:	0.00e+00	-2.27e-17
112:	0.00e+00	0.00e+00
113:	0.00e+00	1.11e-14
114:	-1.64e-13	1.11e-14
115:	0.00e+00	0.00e+00
116:	0.00e+00	0.00e+00
117:	0.00e+00	-4.00e+02
118:	0.00e+00	-4.00e+02
119:	-1.39e-17	0.00e+00
120:	0.00e+00	0.00e+00
121:	0.00e+00	-4.00e+02
122:	0.00e+00	-4.00e+02
123:	0.00e+00	0.00e+00
124:	0.00e+00	0.00e+00
125:	0.00e+00	-4.00e+02
126:	0.00e+00	-4.00e+02
127:	0.00e+00	0.00e+00
128:	0.00e+00	0.00e+00
129:	0.00e+00	-4.00e+02
130:	0.00e+00	-4.00e+02
131:	0.00e+00	0.00e+00
132:	0.00e+00	0.00e+00
133:	0.00e+00	1.11e-14
134:	-1.64e-13	1.11e-14
135:	0.00e+00	0.00e+00
Selecting maximum: 0 with second gradient of -50.0
New op index: 30	$R_{YX+XY}$[0, 2]
Current grad: 8.816326530612542
New op index: 58	$R_{YX+XY}$[1, 3]
Current grad: 10.23439068317375
New op index: 67	$R_{YX-XY}$[1, 5]
Current grad: 4.000907772151522
New op index: 43	$R_{YX-XY}$[0, 5]
Current grad: 3.000006847381033
New op index: 131	$R_{YX-XY}$[5, 7]
Current grad: 5.000833984017825
New op index: 122	$R_{YX+XY}$[4, 7]
Current grad: 49.03551064499166
New op index: 59	$R_{YX-XY}$[1, 3]
Current grad: 4.05331978764583
New op index: 55	$R_{YX-XY}$[1, 2]
Current grad: 6.4672958628645105
New op index: 38	$R_{YX+XY}$[0, 4]
Current grad: 0.06732094319756425
Parameter value cutoff reached.
Calculating energies for FreeWilson2D(N_x=2, N_y=2, mass=-2.245, r=1.000)
h_im: 0.0
New op index: 26	$R_{YX+XY}$[0, 1]
Current grad: 6.563360965827769e-13
0:	0.00e+00	-5.00e+01
1:	0.00e+00	-5.00e+01
2:	0.00e+00	0.00e+00
3:	0.00e+00	-5.00e+01
4:	0.00e+00	-5.00e+01
5:	0.00e+00	0.00e+00
6:	0.00e+00	-5.00e+01
7:	0.00e+00	-5.00e+01
8:	0.00e+00	0.00e+00
9:	0.00e+00	-5.00e+01
10:	0.00e+00	-5.00e+01
11:	0.00e+00	0.00e+00
12:	0.00e+00	-5.00e+01
13:	0.00e+00	-5.00e+01
14:	0.00e+00	0.00e+00
15:	0.00e+00	-5.00e+01
16:	0.00e+00	-5.00e+01
17:	0.00e+00	0.00e+00
18:	0.00e+00	-5.00e+01
19:	0.00e+00	-5.00e+01
20:	0.00e+00	0.00e+00
21:	0.00e+00	-5.00e+01
22:	0.00e+00	-5.00e+01
23:	0.00e+00	0.00e+00
24:	0.00e+00	0.00e+00
25:	0.00e+00	3.33e-14
26:	-1.64e-13	3.33e-14
27:	0.00e+00	0.00e+00
28:	0.00e+00	0.00e+00
29:	0.00e+00	-4.00e+02
30:	0.00e+00	-4.00e+02
31:	-1.39e-17	0.00e+00
32:	0.00e+00	0.00e+00
33:	0.00e+00	-4.00e+02
34:	0.00e+00	-4.00e+02
35:	0.00e+00	0.00e+00
36:	0.00e+00	1.36e-17
37:	0.00e+00	-4.00e+02
38:	0.00e+00	-4.00e+02
39:	0.00e+00	1.36e-17
40:	0.00e+00	0.00e+00
41:	0.00e+00	-4.00e+02
42:	0.00e+00	-4.00e+02
43:	0.00e+00	0.00e+00
44:	0.00e+00	1.36e-17
45:	0.00e+00	-4.00e+02
46:	2.36e-16	-4.00e+02
47:	0.00e+00	1.36e-17
48:	0.00e+00	0.00e+00
49:	0.00e+00	-4.00e+02
50:	0.00e+00	-4.00e+02
51:	-2.78e-17	0.00e+00
52:	0.00e+00	0.00e+00
53:	0.00e+00	-4.00e+02
54:	0.00e+00	-4.00e+02
55:	0.00e+00	0.00e+00
56:	0.00e+00	0.00e+00
57:	0.00e+00	-4.00e+02
58:	0.00e+00	-4.00e+02
59:	0.00e+00	0.00e+00
60:	0.00e+00	0.00e+00
61:	0.00e+00	-4.00e+02
62:	0.00e+00	-4.00e+02
63:	0.00e+00	0.00e+00
64:	0.00e+00	-1.36e-17
65:	0.00e+00	-4.00e+02
66:	0.00e+00	-4.00e+02
67:	0.00e+00	-1.36e-17
68:	0.00e+00	0.00e+00
69:	0.00e+00	-4.00e+02
70:	0.00e+00	-4.00e+02
71:	-2.78e-17	0.00e+00
72:	0.00e+00	-1.36e-17
73:	0.00e+00	-4.00e+02
74:	2.36e-16	-4.00e+02
75:	0.00e+00	-1.36e-17
76:	0.00e+00	0.00e+00
77:	0.00e+00	3.33e-14
78:	-1.64e-13	3.33e-14
79:	0.00e+00	0.00e+00
80:	0.00e+00	1.36e-17
81:	0.00e+00	-4.00e+02
82:	3.47e-16	-4.00e+02
83:	0.00e+00	1.36e-17
84:	0.00e+00	0.00e+00
85:	0.00e+00	-4.00e+02
86:	0.00e+00	-4.00e+02
87:	-2.78e-17	0.00e+00
88:	0.00e+00	1.36e-17
89:	0.00e+00	-4.00e+02
90:	0.00e+00	-4.00e+02
91:	0.00e+00	1.36e-17
92:	0.00e+00	0.00e+00
93:	0.00e+00	-4.00e+02
94:	0.00e+00	-4.00e+02
95:	0.00e+00	0.00e+00
96:	0.00e+00	0.00e+00
97:	0.00e+00	-4.00e+02
98:	0.00e+00	-4.00e+02
99:	-2.78e-17	0.00e+00
100:	0.00e+00	-1.36e-17
101:	0.00e+00	-4.00e+02
102:	3.47e-16	-4.00e+02
103:	0.00e+00	-1.36e-17
104:	0.00e+00	0.00e+00
105:	0.00e+00	-4.00e+02
106:	0.00e+00	-4.00e+02
107:	0.00e+00	0.00e+00
108:	0.00e+00	-1.36e-17
109:	0.00e+00	-4.00e+02
110:	0.00e+00	-4.00e+02
111:	0.00e+00	-1.36e-17
112:	0.00e+00	0.00e+00
113:	0.00e+00	1.11e-14
114:	-1.64e-13	1.11e-14
115:	0.00e+00	0.00e+00
116:	0.00e+00	0.00e+00
117:	0.00e+00	-4.00e+02
118:	0.00e+00	-4.00e+02
119:	-1.39e-17	0.00e+00
120:	0.00e+00	0.00e+00
121:	0.00e+00	-4.00e+02
122:	0.00e+00	-4.00e+02
123:	0.00e+00	0.00e+00
124:	0.00e+00	0.00e+00
125:	0.00e+00	-4.00e+02
126:	0.00e+00	-4.00e+02
127:	0.00e+00	0.00e+00
128:	0.00e+00	0.00e+00
129:	0.00e+00	-4.00e+02
130:	0.00e+00	-4.00e+02
131:	0.00e+00	0.00e+00
132:	0.00e+00	0.00e+00
133:	0.00e+00	1.11e-14
134:	-1.64e-13	1.11e-14
135:	0.00e+00	0.00e+00
Selecting maximum: 0 with second gradient of -50.0
New op index: 30	$R_{YX+XY}$[0, 2]
Current grad: 8.489795918367644
New op index: 58	$R_{YX+XY}$[1, 3]
Current grad: 10.003496666695746
New op index: 67	$R_{YX-XY}$[1, 5]
Current grad: 4.000907772150915
New op index: 43	$R_{YX-XY}$[0, 5]
Current grad: 3.000006847381033
New op index: 131	$R_{YX-XY}$[5, 7]
Current grad: 4.769783741256022
New op index: 122	$R_{YX+XY}$[4, 7]
Current grad: 48.852328450527125
New op index: 59	$R_{YX-XY}$[1, 3]
Current grad: 4.074637025547102
New op index: 55	$R_{YX-XY}$[1, 2]
Current grad: 5.989120165215121
New op index: 38	$R_{YX+XY}$[0, 4]
Current grad: 0.05664287384616644
Parameter value cutoff reached.
Calculating energies for FreeWilson2D(N_x=2, N_y=2, mass=-2.082, r=1.000)
h_im: 0.0
New op index: 26	$R_{YX+XY}$[0, 1]
Current grad: 6.563360965827769e-13
0:	0.00e+00	-5.00e+01
1:	0.00e+00	-5.00e+01
2:	0.00e+00	0.00e+00
3:	0.00e+00	-5.00e+01
4:	0.00e+00	-5.00e+01
5:	0.00e+00	0.00e+00
6:	0.00e+00	-5.00e+01
7:	0.00e+00	-5.00e+01
8:	0.00e+00	0.00e+00
9:	0.00e+00	-5.00e+01
10:	0.00e+00	-5.00e+01
11:	0.00e+00	0.00e+00
12:	0.00e+00	-5.00e+01
13:	0.00e+00	-5.00e+01
14:	0.00e+00	0.00e+00
15:	0.00e+00	-5.00e+01
16:	0.00e+00	-5.00e+01
17:	0.00e+00	0.00e+00
18:	0.00e+00	-5.00e+01
19:	0.00e+00	-5.00e+01
20:	0.00e+00	0.00e+00
21:	0.00e+00	-5.00e+01
22:	0.00e+00	-5.00e+01
23:	0.00e+00	0.00e+00
24:	0.00e+00	0.00e+00
25:	0.00e+00	3.33e-14
26:	-1.64e-13	3.33e-14
27:	0.00e+00	0.00e+00
28:	0.00e+00	0.00e+00
29:	0.00e+00	-4.00e+02
30:	0.00e+00	-4.00e+02
31:	-1.39e-17	0.00e+00
32:	0.00e+00	0.00e+00
33:	0.00e+00	-4.00e+02
34:	0.00e+00	-4.00e+02
35:	0.00e+00	0.00e+00
36:	0.00e+00	4.53e-18
37:	0.00e+00	-4.00e+02
38:	0.00e+00	-4.00e+02
39:	0.00e+00	4.53e-18
40:	0.00e+00	0.00e+00
41:	0.00e+00	-4.00e+02
42:	0.00e+00	-4.00e+02
43:	0.00e+00	0.00e+00
44:	0.00e+00	4.53e-18
45:	0.00e+00	-4.00e+02
46:	2.36e-16	-4.00e+02
47:	0.00e+00	4.53e-18
48:	0.00e+00	0.00e+00
49:	0.00e+00	-4.00e+02
50:	0.00e+00	-4.00e+02
51:	-2.78e-17	0.00e+00
52:	0.00e+00	0.00e+00
53:	0.00e+00	-4.00e+02
54:	0.00e+00	-4.00e+02
55:	0.00e+00	0.00e+00
56:	0.00e+00	0.00e+00
57:	0.00e+00	-4.00e+02
58:	0.00e+00	-4.00e+02
59:	0.00e+00	0.00e+00
60:	0.00e+00	0.00e+00
61:	0.00e+00	-4.00e+02
62:	0.00e+00	-4.00e+02
63:	0.00e+00	0.00e+00
64:	0.00e+00	-4.53e-18
65:	0.00e+00	-4.00e+02
66:	0.00e+00	-4.00e+02
67:	0.00e+00	-4.53e-18
68:	0.00e+00	0.00e+00
69:	0.00e+00	-4.00e+02
70:	0.00e+00	-4.00e+02
71:	-2.78e-17	0.00e+00
72:	0.00e+00	-4.53e-18
73:	0.00e+00	-4.00e+02
74:	2.36e-16	-4.00e+02
75:	0.00e+00	-4.53e-18
76:	0.00e+00	0.00e+00
77:	0.00e+00	3.33e-14
78:	-1.64e-13	3.33e-14
79:	0.00e+00	0.00e+00
80:	0.00e+00	4.53e-18
81:	0.00e+00	-4.00e+02
82:	3.47e-16	-4.00e+02
83:	0.00e+00	4.53e-18
84:	0.00e+00	0.00e+00
85:	0.00e+00	-4.00e+02
86:	0.00e+00	-4.00e+02
87:	-2.78e-17	0.00e+00
88:	0.00e+00	4.53e-18
89:	0.00e+00	-4.00e+02
90:	0.00e+00	-4.00e+02
91:	0.00e+00	4.53e-18
92:	0.00e+00	0.00e+00
93:	0.00e+00	-4.00e+02
94:	0.00e+00	-4.00e+02
95:	0.00e+00	0.00e+00
96:	0.00e+00	0.00e+00
97:	0.00e+00	-4.00e+02
98:	0.00e+00	-4.00e+02
99:	-2.78e-17	0.00e+00
100:	0.00e+00	-4.53e-18
101:	0.00e+00	-4.00e+02
102:	3.47e-16	-4.00e+02
103:	0.00e+00	-4.53e-18
104:	0.00e+00	0.00e+00
105:	0.00e+00	-4.00e+02
106:	0.00e+00	-4.00e+02
107:	0.00e+00	0.00e+00
108:	0.00e+00	-4.53e-18
109:	0.00e+00	-4.00e+02
110:	0.00e+00	-4.00e+02
111:	0.00e+00	-4.53e-18
112:	0.00e+00	0.00e+00
113:	0.00e+00	1.11e-14
114:	-1.64e-13	1.11e-14
115:	0.00e+00	0.00e+00
116:	0.00e+00	0.00e+00
117:	0.00e+00	-4.00e+02
118:	0.00e+00	-4.00e+02
119:	-1.39e-17	0.00e+00
120:	0.00e+00	0.00e+00
121:	0.00e+00	-4.00e+02
122:	0.00e+00	-4.00e+02
123:	0.00e+00	0.00e+00
124:	0.00e+00	0.00e+00
125:	0.00e+00	-4.00e+02
126:	0.00e+00	-4.00e+02
127:	0.00e+00	0.00e+00
128:	0.00e+00	0.00e+00
129:	0.00e+00	-4.00e+02
130:	0.00e+00	-4.00e+02
131:	0.00e+00	0.00e+00
132:	0.00e+00	0.00e+00
133:	0.00e+00	1.11e-14
134:	-1.64e-13	1.11e-14
135:	0.00e+00	0.00e+00
Selecting maximum: 0 with second gradient of -50.0
New op index: 30	$R_{YX+XY}$[0, 2]
Current grad: 8.163265306122746
New op index: 58	$R_{YX+XY}$[1, 3]
Current grad: 9.772602650217742
New op index: 67	$R_{YX-XY}$[1, 5]
Current grad: 4.000907772150309
New op index: 43	$R_{YX-XY}$[0, 5]
Current grad: 3.000006847381033
New op index: 131	$R_{YX-XY}$[5, 7]
Current grad: 4.538733498494222
New op index: 122	$R_{YX+XY}$[4, 7]
Current grad: 48.6691462560626
New op index: 59	$R_{YX-XY}$[1, 3]
Current grad: 4.073369996297315
New op index: 55	$R_{YX-XY}$[1, 2]
Current grad: 5.532765891439738
New op index: 131	$R_{YX-XY}$[5, 7]
Current grad: 0.03872059994775119
Parameter value cutoff reached.
Calculating energies for FreeWilson2D(N_x=2, N_y=2, mass=-1.918, r=1.000)
h_im: 0.0
New op index: 26	$R_{YX+XY}$[0, 1]
Current grad: 6.563360965827769e-13
0:	0.00e+00	-5.00e+01
1:	0.00e+00	-5.00e+01
2:	0.00e+00	0.00e+00
3:	0.00e+00	-5.00e+01
4:	0.00e+00	-5.00e+01
5:	0.00e+00	0.00e+00
6:	0.00e+00	-5.00e+01
7:	0.00e+00	-5.00e+01
8:	0.00e+00	0.00e+00
9:	0.00e+00	-5.00e+01
10:	0.00e+00	-5.00e+01
11:	0.00e+00	0.00e+00
12:	0.00e+00	-5.00e+01
13:	0.00e+00	-5.00e+01
14:	0.00e+00	0.00e+00
15:	0.00e+00	-5.00e+01
16:	0.00e+00	-5.00e+01
17:	0.00e+00	0.00e+00
18:	0.00e+00	-5.00e+01
19:	0.00e+00	-5.00e+01
20:	0.00e+00	0.00e+00
21:	0.00e+00	-5.00e+01
22:	0.00e+00	-5.00e+01
23:	0.00e+00	0.00e+00
24:	0.00e+00	0.00e+00
25:	0.00e+00	3.33e-14
26:	-1.64e-13	3.33e-14
27:	0.00e+00	0.00e+00
28:	0.00e+00	0.00e+00
29:	0.00e+00	-4.00e+02
30:	0.00e+00	-4.00e+02
31:	-1.39e-17	0.00e+00
32:	0.00e+00	0.00e+00
33:	0.00e+00	-4.00e+02
34:	0.00e+00	-4.00e+02
35:	0.00e+00	0.00e+00
36:	0.00e+00	-4.53e-18
37:	0.00e+00	-4.00e+02
38:	0.00e+00	-4.00e+02
39:	0.00e+00	-4.53e-18
40:	0.00e+00	0.00e+00
41:	0.00e+00	-4.00e+02
42:	0.00e+00	-4.00e+02
43:	0.00e+00	0.00e+00
44:	0.00e+00	-4.53e-18
45:	0.00e+00	-4.00e+02
46:	2.36e-16	-4.00e+02
47:	0.00e+00	-4.53e-18
48:	0.00e+00	0.00e+00
49:	0.00e+00	-4.00e+02
50:	0.00e+00	-4.00e+02
51:	-2.78e-17	0.00e+00
52:	0.00e+00	0.00e+00
53:	0.00e+00	-4.00e+02
54:	0.00e+00	-4.00e+02
55:	0.00e+00	0.00e+00
56:	0.00e+00	0.00e+00
57:	0.00e+00	-4.00e+02
58:	0.00e+00	-4.00e+02
59:	0.00e+00	0.00e+00
60:	0.00e+00	0.00e+00
61:	0.00e+00	-4.00e+02
62:	0.00e+00	-4.00e+02
63:	0.00e+00	0.00e+00
64:	0.00e+00	4.53e-18
65:	0.00e+00	-4.00e+02
66:	0.00e+00	-4.00e+02
67:	0.00e+00	4.53e-18
68:	0.00e+00	0.00e+00
69:	0.00e+00	-4.00e+02
70:	0.00e+00	-4.00e+02
71:	-2.78e-17	0.00e+00
72:	0.00e+00	4.53e-18
73:	0.00e+00	-4.00e+02
74:	2.36e-16	-4.00e+02
75:	0.00e+00	4.53e-18
76:	0.00e+00	0.00e+00
77:	0.00e+00	3.33e-14
78:	-1.64e-13	3.33e-14
79:	0.00e+00	0.00e+00
80:	0.00e+00	-4.53e-18
81:	0.00e+00	-4.00e+02
82:	3.47e-16	-4.00e+02
83:	0.00e+00	-4.53e-18
84:	0.00e+00	0.00e+00
85:	0.00e+00	-4.00e+02
86:	0.00e+00	-4.00e+02
87:	-2.78e-17	0.00e+00
88:	0.00e+00	-4.53e-18
89:	0.00e+00	-4.00e+02
90:	0.00e+00	-4.00e+02
91:	0.00e+00	-4.53e-18
92:	0.00e+00	0.00e+00
93:	0.00e+00	-4.00e+02
94:	0.00e+00	-4.00e+02
95:	0.00e+00	0.00e+00
96:	0.00e+00	0.00e+00
97:	0.00e+00	-4.00e+02
98:	0.00e+00	-4.00e+02
99:	-2.78e-17	0.00e+00
100:	0.00e+00	4.53e-18
101:	0.00e+00	-4.00e+02
102:	3.47e-16	-4.00e+02
103:	0.00e+00	4.53e-18
104:	0.00e+00	0.00e+00
105:	0.00e+00	-4.00e+02
106:	0.00e+00	-4.00e+02
107:	0.00e+00	0.00e+00
108:	0.00e+00	4.53e-18
109:	0.00e+00	-4.00e+02
110:	0.00e+00	-4.00e+02
111:	0.00e+00	4.53e-18
112:	0.00e+00	0.00e+00
113:	0.00e+00	1.11e-14
114:	-1.64e-13	1.11e-14
115:	0.00e+00	0.00e+00
116:	0.00e+00	0.00e+00
117:	0.00e+00	-4.00e+02
118:	0.00e+00	-4.00e+02
119:	-1.39e-17	0.00e+00
120:	0.00e+00	0.00e+00
121:	0.00e+00	-4.00e+02
122:	0.00e+00	-4.00e+02
123:	0.00e+00	0.00e+00
124:	0.00e+00	0.00e+00
125:	0.00e+00	-4.00e+02
126:	0.00e+00	-4.00e+02
127:	0.00e+00	0.00e+00
128:	0.00e+00	0.00e+00
129:	0.00e+00	-4.00e+02
130:	0.00e+00	-4.00e+02
131:	0.00e+00	0.00e+00
132:	0.00e+00	0.00e+00
133:	0.00e+00	1.11e-14
134:	-1.64e-13	1.11e-14
135:	0.00e+00	0.00e+00
Selecting maximum: 0 with second gradient of -50.0
New op index: 30	$R_{YX+XY}$[0, 2]
Current grad: 8.163265306122746
New op index: 58	$R_{YX+XY}$[1, 3]
Current grad: 9.772602650217742
New op index: 67	$R_{YX-XY}$[1, 5]
Current grad: 4.000907772150309
New op index: 43	$R_{YX-XY}$[0, 5]
Current grad: 3.000006847381033
New op index: 131	$R_{YX-XY}$[5, 7]
Current grad: 4.5387334984942225
New op index: 122	$R_{YX+XY}$[4, 7]
Current grad: 48.66914625606272
New op index: 59	$R_{YX-XY}$[1, 3]
Current grad: 4.079345580333364
New op index: 55	$R_{YX-XY}$[1, 2]
Current grad: 5.530672161317272
New op index: 59	$R_{YX-XY}$[1, 3]
Current grad: 0.08496092234173312
New op index: 38	$R_{YX+XY}$[0, 4]
Current grad: 0.04161533139788505
Parameter value cutoff reached.
Calculating energies for FreeWilson2D(N_x=2, N_y=2, mass=-1.755, r=1.000)
h_im: 0.0
New op index: 26	$R_{YX+XY}$[0, 1]
Current grad: 6.563360965827769e-13
0:	0.00e+00	-5.00e+01
1:	0.00e+00	-5.00e+01
2:	0.00e+00	0.00e+00
3:	0.00e+00	-5.00e+01
4:	0.00e+00	-5.00e+01
5:	0.00e+00	0.00e+00
6:	0.00e+00	-5.00e+01
7:	0.00e+00	-5.00e+01
8:	0.00e+00	0.00e+00
9:	0.00e+00	-5.00e+01
10:	0.00e+00	-5.00e+01
11:	0.00e+00	0.00e+00
12:	0.00e+00	-5.00e+01
13:	0.00e+00	-5.00e+01
14:	0.00e+00	0.00e+00
15:	0.00e+00	-5.00e+01
16:	0.00e+00	-5.00e+01
17:	0.00e+00	0.00e+00
18:	0.00e+00	-5.00e+01
19:	0.00e+00	-5.00e+01
20:	0.00e+00	0.00e+00
21:	0.00e+00	-5.00e+01
22:	0.00e+00	-5.00e+01
23:	0.00e+00	0.00e+00
24:	0.00e+00	0.00e+00
25:	0.00e+00	3.33e-14
26:	-1.64e-13	3.33e-14
27:	0.00e+00	0.00e+00
28:	0.00e+00	0.00e+00
29:	0.00e+00	-4.00e+02
30:	0.00e+00	-4.00e+02
31:	-1.39e-17	0.00e+00
32:	0.00e+00	0.00e+00
33:	0.00e+00	-4.00e+02
34:	0.00e+00	-4.00e+02
35:	0.00e+00	0.00e+00
36:	0.00e+00	-1.36e-17
37:	0.00e+00	-4.00e+02
38:	0.00e+00	-4.00e+02
39:	0.00e+00	-1.36e-17
40:	0.00e+00	0.00e+00
41:	0.00e+00	-4.00e+02
42:	0.00e+00	-4.00e+02
43:	0.00e+00	0.00e+00
44:	0.00e+00	-1.36e-17
45:	0.00e+00	-4.00e+02
46:	2.36e-16	-4.00e+02
47:	0.00e+00	-1.36e-17
48:	0.00e+00	0.00e+00
49:	0.00e+00	-4.00e+02
50:	0.00e+00	-4.00e+02
51:	-2.78e-17	0.00e+00
52:	0.00e+00	0.00e+00
53:	0.00e+00	-4.00e+02
54:	0.00e+00	-4.00e+02
55:	0.00e+00	0.00e+00
56:	0.00e+00	0.00e+00
57:	0.00e+00	-4.00e+02
58:	0.00e+00	-4.00e+02
59:	0.00e+00	0.00e+00
60:	0.00e+00	0.00e+00
61:	0.00e+00	-4.00e+02
62:	0.00e+00	-4.00e+02
63:	0.00e+00	0.00e+00
64:	0.00e+00	1.36e-17
65:	0.00e+00	-4.00e+02
66:	0.00e+00	-4.00e+02
67:	0.00e+00	1.36e-17
68:	0.00e+00	0.00e+00
69:	0.00e+00	-4.00e+02
70:	0.00e+00	-4.00e+02
71:	-2.78e-17	0.00e+00
72:	0.00e+00	1.36e-17
73:	0.00e+00	-4.00e+02
74:	2.36e-16	-4.00e+02
75:	0.00e+00	1.36e-17
76:	0.00e+00	0.00e+00
77:	0.00e+00	3.33e-14
78:	-1.64e-13	3.33e-14
79:	0.00e+00	0.00e+00
80:	0.00e+00	-1.36e-17
81:	0.00e+00	-4.00e+02
82:	3.47e-16	-4.00e+02
83:	0.00e+00	-1.36e-17
84:	0.00e+00	0.00e+00
85:	0.00e+00	-4.00e+02
86:	0.00e+00	-4.00e+02
87:	-2.78e-17	0.00e+00
88:	0.00e+00	-1.36e-17
89:	0.00e+00	-4.00e+02
90:	0.00e+00	-4.00e+02
91:	0.00e+00	-1.36e-17
92:	0.00e+00	0.00e+00
93:	0.00e+00	-4.00e+02
94:	0.00e+00	-4.00e+02
95:	0.00e+00	0.00e+00
96:	0.00e+00	0.00e+00
97:	0.00e+00	-4.00e+02
98:	0.00e+00	-4.00e+02
99:	-2.78e-17	0.00e+00
100:	0.00e+00	1.36e-17
101:	0.00e+00	-4.00e+02
102:	3.47e-16	-4.00e+02
103:	0.00e+00	1.36e-17
104:	0.00e+00	0.00e+00
105:	0.00e+00	-4.00e+02
106:	0.00e+00	-4.00e+02
107:	0.00e+00	0.00e+00
108:	0.00e+00	1.36e-17
109:	0.00e+00	-4.00e+02
110:	0.00e+00	-4.00e+02
111:	0.00e+00	1.36e-17
112:	0.00e+00	0.00e+00
113:	0.00e+00	1.11e-14
114:	-1.64e-13	1.11e-14
115:	0.00e+00	0.00e+00
116:	0.00e+00	0.00e+00
117:	0.00e+00	-4.00e+02
118:	0.00e+00	-4.00e+02
119:	-1.39e-17	0.00e+00
120:	0.00e+00	0.00e+00
121:	0.00e+00	-4.00e+02
122:	0.00e+00	-4.00e+02
123:	0.00e+00	0.00e+00
124:	0.00e+00	0.00e+00
125:	0.00e+00	-4.00e+02
126:	0.00e+00	-4.00e+02
127:	0.00e+00	0.00e+00
128:	0.00e+00	0.00e+00
129:	0.00e+00	-4.00e+02
130:	0.00e+00	-4.00e+02
131:	0.00e+00	0.00e+00
132:	0.00e+00	0.00e+00
133:	0.00e+00	1.11e-14
134:	-1.64e-13	1.11e-14
135:	0.00e+00	0.00e+00
Selecting maximum: 0 with second gradient of -50.0
New op index: 30	$R_{YX+XY}$[0, 2]
Current grad: 8.489795918367644
New op index: 58	$R_{YX+XY}$[1, 3]
Current grad: 10.003496666695744
New op index: 67	$R_{YX-XY}$[1, 5]
Current grad: 4.000907772150915
New op index: 43	$R_{YX-XY}$[0, 5]
Current grad: 3.000006847381033
New op index: 131	$R_{YX-XY}$[5, 7]
Current grad: 4.769783741256022
New op index: 122	$R_{YX+XY}$[4, 7]
Current grad: 48.85232845052725
New op index: 59	$R_{YX-XY}$[1, 3]
Current grad: 4.077156367276286
New op index: 55	$R_{YX-XY}$[1, 2]
Current grad: 5.991482003377463
New op index: 38	$R_{YX+XY}$[0, 4]
Current grad: 0.06642509304273285
Parameter value cutoff reached.
Calculating energies for FreeWilson2D(N_x=2, N_y=2, mass=-1.592, r=1.000)
h_im: 0.0
New op index: 26	$R_{YX+XY}$[0, 1]
Current grad: 6.563360965827769e-13
0:	0.00e+00	-5.00e+01
1:	0.00e+00	-5.00e+01
2:	0.00e+00	0.00e+00
3:	0.00e+00	-5.00e+01
4:	0.00e+00	-5.00e+01
5:	0.00e+00	0.00e+00
6:	0.00e+00	-5.00e+01
7:	0.00e+00	-5.00e+01
8:	0.00e+00	0.00e+00
9:	0.00e+00	-5.00e+01
10:	0.00e+00	-5.00e+01
11:	0.00e+00	0.00e+00
12:	0.00e+00	-5.00e+01
13:	0.00e+00	-5.00e+01
14:	0.00e+00	0.00e+00
15:	0.00e+00	-5.00e+01
16:	0.00e+00	-5.00e+01
17:	0.00e+00	0.00e+00
18:	0.00e+00	-5.00e+01
19:	0.00e+00	-5.00e+01
20:	0.00e+00	0.00e+00
21:	0.00e+00	-5.00e+01
22:	0.00e+00	-5.00e+01
23:	0.00e+00	0.00e+00
24:	0.00e+00	0.00e+00
25:	0.00e+00	3.33e-14
26:	-1.64e-13	3.33e-14
27:	0.00e+00	0.00e+00
28:	0.00e+00	0.00e+00
29:	0.00e+00	-4.00e+02
30:	0.00e+00	-4.00e+02
31:	-1.39e-17	0.00e+00
32:	0.00e+00	0.00e+00
33:	0.00e+00	-4.00e+02
34:	0.00e+00	-4.00e+02
35:	0.00e+00	0.00e+00
36:	0.00e+00	-2.27e-17
37:	0.00e+00	-4.00e+02
38:	0.00e+00	-4.00e+02
39:	0.00e+00	-2.27e-17
40:	0.00e+00	0.00e+00
41:	0.00e+00	-4.00e+02
42:	0.00e+00	-4.00e+02
43:	0.00e+00	0.00e+00
44:	0.00e+00	-2.27e-17
45:	0.00e+00	-4.00e+02
46:	2.36e-16	-4.00e+02
47:	0.00e+00	-2.27e-17
48:	0.00e+00	0.00e+00
49:	0.00e+00	-4.00e+02
50:	0.00e+00	-4.00e+02
51:	-2.78e-17	0.00e+00
52:	0.00e+00	0.00e+00
53:	0.00e+00	-4.00e+02
54:	0.00e+00	-4.00e+02
55:	0.00e+00	0.00e+00
56:	0.00e+00	0.00e+00
57:	0.00e+00	-4.00e+02
58:	0.00e+00	-4.00e+02
59:	0.00e+00	0.00e+00
60:	0.00e+00	0.00e+00
61:	0.00e+00	-4.00e+02
62:	0.00e+00	-4.00e+02
63:	0.00e+00	0.00e+00
64:	0.00e+00	2.27e-17
65:	0.00e+00	-4.00e+02
66:	0.00e+00	-4.00e+02
67:	0.00e+00	2.27e-17
68:	0.00e+00	0.00e+00
69:	0.00e+00	-4.00e+02
70:	0.00e+00	-4.00e+02
71:	-2.78e-17	0.00e+00
72:	0.00e+00	2.27e-17
73:	0.00e+00	-4.00e+02
74:	2.36e-16	-4.00e+02
75:	0.00e+00	2.27e-17
76:	0.00e+00	0.00e+00
77:	0.00e+00	3.33e-14
78:	-1.64e-13	3.33e-14
79:	0.00e+00	0.00e+00
80:	0.00e+00	-2.27e-17
81:	0.00e+00	-4.00e+02
82:	3.47e-16	-4.00e+02
83:	0.00e+00	-2.27e-17
84:	0.00e+00	0.00e+00
85:	0.00e+00	-4.00e+02
86:	0.00e+00	-4.00e+02
87:	-2.78e-17	0.00e+00
88:	0.00e+00	-2.27e-17
89:	0.00e+00	-4.00e+02
90:	0.00e+00	-4.00e+02
91:	0.00e+00	-2.27e-17
92:	0.00e+00	0.00e+00
93:	0.00e+00	-4.00e+02
94:	0.00e+00	-4.00e+02
95:	0.00e+00	0.00e+00
96:	0.00e+00	0.00e+00
97:	0.00e+00	-4.00e+02
98:	0.00e+00	-4.00e+02
99:	-2.78e-17	0.00e+00
100:	0.00e+00	2.27e-17
101:	0.00e+00	-4.00e+02
102:	3.47e-16	-4.00e+02
103:	0.00e+00	2.27e-17
104:	0.00e+00	0.00e+00
105:	0.00e+00	-4.00e+02
106:	0.00e+00	-4.00e+02
107:	0.00e+00	0.00e+00
108:	0.00e+00	2.27e-17
109:	0.00e+00	-4.00e+02
110:	0.00e+00	-4.00e+02
111:	0.00e+00	2.27e-17
112:	0.00e+00	0.00e+00
113:	0.00e+00	1.11e-14
114:	-1.64e-13	1.11e-14
115:	0.00e+00	0.00e+00
116:	0.00e+00	0.00e+00
117:	0.00e+00	-4.00e+02
118:	0.00e+00	-4.00e+02
119:	-1.39e-17	0.00e+00
120:	0.00e+00	0.00e+00
121:	0.00e+00	-4.00e+02
122:	0.00e+00	-4.00e+02
123:	0.00e+00	0.00e+00
124:	0.00e+00	0.00e+00
125:	0.00e+00	-4.00e+02
126:	0.00e+00	-4.00e+02
127:	0.00e+00	0.00e+00
128:	0.00e+00	0.00e+00
129:	0.00e+00	-4.00e+02
130:	0.00e+00	-4.00e+02
131:	0.00e+00	0.00e+00
132:	0.00e+00	0.00e+00
133:	0.00e+00	1.11e-14
134:	-1.64e-13	1.11e-14
135:	0.00e+00	0.00e+00
Selecting maximum: 0 with second gradient of -50.0
New op index: 30	$R_{YX+XY}$[0, 2]
Current grad: 8.816326530612542
New op index: 58	$R_{YX+XY}$[1, 3]
Current grad: 10.23439068317375
New op index: 67	$R_{YX-XY}$[1, 5]
Current grad: 4.000907772151522
New op index: 43	$R_{YX-XY}$[0, 5]
Current grad: 3.000006847381033
New op index: 131	$R_{YX-XY}$[5, 7]
Current grad: 5.000833984017823
New op index: 122	$R_{YX+XY}$[4, 7]
Current grad: 49.03551064499179
New op index: 31	$R_{YX-XY}$[0, 2]
Current grad: 4.04149388212769
New op index: 55	$R_{YX-XY}$[1, 2]
Current grad: 6.442760300784365
New op index: 59	$R_{YX-XY}$[1, 3]
Current grad: 0.07180157515603026
New op index: 38	$R_{YX+XY}$[0, 4]
Current grad: 0.032169769998139114
Parameter value cutoff reached.
Calculating energies for FreeWilson2D(N_x=2, N_y=2, mass=-1.429, r=1.000)
h_im: 0.0
New op index: 26	$R_{YX+XY}$[0, 1]
Current grad: 6.563360965827769e-13
0:	0.00e+00	-5.00e+01
1:	0.00e+00	-5.00e+01
2:	0.00e+00	0.00e+00
3:	0.00e+00	-5.00e+01
4:	0.00e+00	-5.00e+01
5:	0.00e+00	0.00e+00
6:	0.00e+00	-5.00e+01
7:	0.00e+00	-5.00e+01
8:	0.00e+00	0.00e+00
9:	0.00e+00	-5.00e+01
10:	0.00e+00	-5.00e+01
11:	0.00e+00	0.00e+00
12:	0.00e+00	-5.00e+01
13:	0.00e+00	-5.00e+01
14:	0.00e+00	0.00e+00
15:	0.00e+00	-5.00e+01
16:	0.00e+00	-5.00e+01
17:	0.00e+00	0.00e+00
18:	0.00e+00	-5.00e+01
19:	0.00e+00	-5.00e+01
20:	0.00e+00	0.00e+00
21:	0.00e+00	-5.00e+01
22:	0.00e+00	-5.00e+01
23:	0.00e+00	0.00e+00
24:	0.00e+00	0.00e+00
25:	0.00e+00	3.33e-14
26:	-1.64e-13	3.33e-14
27:	0.00e+00	0.00e+00
28:	0.00e+00	0.00e+00
29:	0.00e+00	-4.00e+02
30:	0.00e+00	-4.00e+02
31:	-1.39e-17	0.00e+00
32:	0.00e+00	0.00e+00
33:	0.00e+00	-4.00e+02
34:	0.00e+00	-4.00e+02
35:	0.00e+00	0.00e+00
36:	0.00e+00	-3.17e-17
37:	0.00e+00	-4.00e+02
38:	0.00e+00	-4.00e+02
39:	0.00e+00	-3.17e-17
40:	0.00e+00	0.00e+00
41:	0.00e+00	-4.00e+02
42:	0.00e+00	-4.00e+02
43:	0.00e+00	0.00e+00
44:	0.00e+00	-3.17e-17
45:	0.00e+00	-4.00e+02
46:	2.36e-16	-4.00e+02
47:	0.00e+00	-3.17e-17
48:	0.00e+00	0.00e+00
49:	0.00e+00	-4.00e+02
50:	0.00e+00	-4.00e+02
51:	-2.78e-17	0.00e+00
52:	0.00e+00	0.00e+00
53:	0.00e+00	-4.00e+02
54:	0.00e+00	-4.00e+02
55:	0.00e+00	0.00e+00
56:	0.00e+00	0.00e+00
57:	0.00e+00	-4.00e+02
58:	0.00e+00	-4.00e+02
59:	0.00e+00	0.00e+00
60:	0.00e+00	0.00e+00
61:	0.00e+00	-4.00e+02
62:	0.00e+00	-4.00e+02
63:	0.00e+00	0.00e+00
64:	0.00e+00	3.17e-17
65:	0.00e+00	-4.00e+02
66:	0.00e+00	-4.00e+02
67:	0.00e+00	3.17e-17
68:	0.00e+00	0.00e+00
69:	0.00e+00	-4.00e+02
70:	0.00e+00	-4.00e+02
71:	-2.78e-17	0.00e+00
72:	0.00e+00	3.17e-17
73:	0.00e+00	-4.00e+02
74:	2.36e-16	-4.00e+02
75:	0.00e+00	3.17e-17
76:	0.00e+00	0.00e+00
77:	0.00e+00	3.33e-14
78:	-1.64e-13	3.33e-14
79:	0.00e+00	0.00e+00
80:	0.00e+00	-3.17e-17
81:	0.00e+00	-4.00e+02
82:	3.47e-16	-4.00e+02
83:	0.00e+00	-3.17e-17
84:	0.00e+00	0.00e+00
85:	0.00e+00	-4.00e+02
86:	0.00e+00	-4.00e+02
87:	-2.78e-17	0.00e+00
88:	0.00e+00	-3.17e-17
89:	0.00e+00	-4.00e+02
90:	0.00e+00	-4.00e+02
91:	0.00e+00	-3.17e-17
92:	0.00e+00	0.00e+00
93:	0.00e+00	-4.00e+02
94:	0.00e+00	-4.00e+02
95:	0.00e+00	0.00e+00
96:	0.00e+00	0.00e+00
97:	0.00e+00	-4.00e+02
98:	0.00e+00	-4.00e+02
99:	-2.78e-17	0.00e+00
100:	0.00e+00	3.17e-17
101:	0.00e+00	-4.00e+02
102:	3.47e-16	-4.00e+02
103:	0.00e+00	3.17e-17
104:	0.00e+00	0.00e+00
105:	0.00e+00	-4.00e+02
106:	0.00e+00	-4.00e+02
107:	0.00e+00	0.00e+00
108:	0.00e+00	3.17e-17
109:	0.00e+00	-4.00e+02
110:	0.00e+00	-4.00e+02
111:	0.00e+00	3.17e-17
112:	0.00e+00	0.00e+00
113:	0.00e+00	1.11e-14
114:	-1.64e-13	1.11e-14
115:	0.00e+00	0.00e+00
116:	0.00e+00	0.00e+00
117:	0.00e+00	-4.00e+02
118:	0.00e+00	-4.00e+02
119:	-1.39e-17	0.00e+00
120:	0.00e+00	0.00e+00
121:	0.00e+00	-4.00e+02
122:	0.00e+00	-4.00e+02
123:	0.00e+00	0.00e+00
124:	0.00e+00	0.00e+00
125:	0.00e+00	-4.00e+02
126:	0.00e+00	-4.00e+02
127:	0.00e+00	0.00e+00
128:	0.00e+00	0.00e+00
129:	0.00e+00	-4.00e+02
130:	0.00e+00	-4.00e+02
131:	0.00e+00	0.00e+00
132:	0.00e+00	0.00e+00
133:	0.00e+00	1.11e-14
134:	-1.64e-13	1.11e-14
135:	0.00e+00	0.00e+00
Selecting maximum: 0 with second gradient of -50.0
New op index: 27	$R_{YX-XY}$[0, 1]
Current grad: 9.14285714285744
New op index: 59	$R_{YX-XY}$[1, 3]
Current grad: 8.00130092763091
New op index: 31	$R_{YX-XY}$[0, 2]
Current grad: 13.656704175271852
New op index: 46	$R_{YX+XY}$[0, 6]
Current grad: 8.009220709556656
New op index: 119	$R_{YX-XY}$[4, 6]
Current grad: 6.001142138869044
New op index: 126	$R_{YX+XY}$[5, 6]
Current grad: 5.334737055784229
New op index: 99	$R_{YX-XY}$[3, 4]
Current grad: 3.326243697822014
New op index: 74	$R_{YX+XY}$[1, 7]
Current grad: 3.780267808481808
New op index: 110	$R_{YX+XY}$[3, 7]
Current grad: 4.245183036413457
New op index: 46	$R_{YX+XY}$[0, 6]
Current grad: 6.7671928118048115
New op index: 134	$R_{YX+XY}$[6, 7]
Current grad: 5.720658673116162
Parameter value cutoff reached.
Calculating energies for FreeWilson2D(N_x=2, N_y=2, mass=-1.265, r=1.000)
h_im: 0.0
New op index: 26	$R_{YX+XY}$[0, 1]
Current grad: 6.563360965827769e-13
0:	0.00e+00	-5.00e+01
1:	0.00e+00	-5.00e+01
2:	0.00e+00	0.00e+00
3:	0.00e+00	-5.00e+01
4:	0.00e+00	-5.00e+01
5:	0.00e+00	0.00e+00
6:	0.00e+00	-5.00e+01
7:	0.00e+00	-5.00e+01
8:	0.00e+00	0.00e+00
9:	0.00e+00	-5.00e+01
10:	0.00e+00	-5.00e+01
11:	0.00e+00	0.00e+00
12:	0.00e+00	-5.00e+01
13:	0.00e+00	-5.00e+01
14:	0.00e+00	0.00e+00
15:	0.00e+00	-5.00e+01
16:	0.00e+00	-5.00e+01
17:	0.00e+00	0.00e+00
18:	0.00e+00	-5.00e+01
19:	0.00e+00	-5.00e+01
20:	0.00e+00	0.00e+00
21:	0.00e+00	-5.00e+01
22:	0.00e+00	-5.00e+01
23:	0.00e+00	0.00e+00
24:	0.00e+00	0.00e+00
25:	0.00e+00	3.33e-14
26:	-1.64e-13	3.33e-14
27:	0.00e+00	0.00e+00
28:	0.00e+00	0.00e+00
29:	0.00e+00	-4.00e+02
30:	0.00e+00	-4.00e+02
31:	-1.39e-17	0.00e+00
32:	0.00e+00	0.00e+00
33:	0.00e+00	-4.00e+02
34:	0.00e+00	-4.00e+02
35:	0.00e+00	0.00e+00
36:	0.00e+00	-4.08e-17
37:	0.00e+00	-4.00e+02
38:	0.00e+00	-4.00e+02
39:	0.00e+00	-4.08e-17
40:	0.00e+00	0.00e+00
41:	0.00e+00	-4.00e+02
42:	0.00e+00	-4.00e+02
43:	0.00e+00	0.00e+00
44:	0.00e+00	-4.08e-17
45:	0.00e+00	-4.00e+02
46:	2.36e-16	-4.00e+02
47:	0.00e+00	-4.08e-17
48:	0.00e+00	0.00e+00
49:	0.00e+00	-4.00e+02
50:	0.00e+00	-4.00e+02
51:	-2.78e-17	0.00e+00
52:	0.00e+00	0.00e+00
53:	0.00e+00	-4.00e+02
54:	0.00e+00	-4.00e+02
55:	0.00e+00	0.00e+00
56:	0.00e+00	0.00e+00
57:	0.00e+00	-4.00e+02
58:	0.00e+00	-4.00e+02
59:	0.00e+00	0.00e+00
60:	0.00e+00	0.00e+00
61:	0.00e+00	-4.00e+02
62:	0.00e+00	-4.00e+02
63:	0.00e+00	0.00e+00
64:	0.00e+00	4.08e-17
65:	0.00e+00	-4.00e+02
66:	0.00e+00	-4.00e+02
67:	0.00e+00	4.08e-17
68:	0.00e+00	0.00e+00
69:	0.00e+00	-4.00e+02
70:	0.00e+00	-4.00e+02
71:	-2.78e-17	0.00e+00
72:	0.00e+00	4.08e-17
73:	0.00e+00	-4.00e+02
74:	2.36e-16	-4.00e+02
75:	0.00e+00	4.08e-17
76:	0.00e+00	0.00e+00
77:	0.00e+00	3.33e-14
78:	-1.64e-13	3.33e-14
79:	0.00e+00	0.00e+00
80:	0.00e+00	-4.08e-17
81:	0.00e+00	-4.00e+02
82:	3.47e-16	-4.00e+02
83:	0.00e+00	-4.08e-17
84:	0.00e+00	0.00e+00
85:	0.00e+00	-4.00e+02
86:	0.00e+00	-4.00e+02
87:	-2.78e-17	0.00e+00
88:	0.00e+00	-4.08e-17
89:	0.00e+00	-4.00e+02
90:	0.00e+00	-4.00e+02
91:	0.00e+00	-4.08e-17
92:	0.00e+00	0.00e+00
93:	0.00e+00	-4.00e+02
94:	0.00e+00	-4.00e+02
95:	0.00e+00	0.00e+00
96:	0.00e+00	0.00e+00
97:	0.00e+00	-4.00e+02
98:	0.00e+00	-4.00e+02
99:	-2.78e-17	0.00e+00
100:	0.00e+00	4.08e-17
101:	0.00e+00	-4.00e+02
102:	3.47e-16	-4.00e+02
103:	0.00e+00	4.08e-17
104:	0.00e+00	0.00e+00
105:	0.00e+00	-4.00e+02
106:	0.00e+00	-4.00e+02
107:	0.00e+00	0.00e+00
108:	0.00e+00	4.08e-17
109:	0.00e+00	-4.00e+02
110:	0.00e+00	-4.00e+02
111:	0.00e+00	4.08e-17
112:	0.00e+00	0.00e+00
113:	0.00e+00	1.11e-14
114:	-1.64e-13	1.11e-14
115:	0.00e+00	0.00e+00
116:	0.00e+00	0.00e+00
117:	0.00e+00	-4.00e+02
118:	0.00e+00	-4.00e+02
119:	-1.39e-17	0.00e+00
120:	0.00e+00	0.00e+00
121:	0.00e+00	-4.00e+02
122:	0.00e+00	-4.00e+02
123:	0.00e+00	0.00e+00
124:	0.00e+00	0.00e+00
125:	0.00e+00	-4.00e+02
126:	0.00e+00	-4.00e+02
127:	0.00e+00	0.00e+00
128:	0.00e+00	0.00e+00
129:	0.00e+00	-4.00e+02
130:	0.00e+00	-4.00e+02
131:	0.00e+00	0.00e+00
132:	0.00e+00	0.00e+00
133:	0.00e+00	1.11e-14
134:	-1.64e-13	1.11e-14
135:	0.00e+00	0.00e+00
Selecting maximum: 0 with second gradient of -50.0
New op index: 27	$R_{YX-XY}$[0, 1]
Current grad: 9.469387755102339
New op index: 59	$R_{YX-XY}$[1, 3]
Current grad: 8.000159702776621
New op index: 31	$R_{YX-XY}$[0, 2]
Current grad: 13.658073341668418
New op index: 46	$R_{YX+XY}$[0, 6]
Current grad: 8.001303265072401
New op index: 119	$R_{YX-XY}$[4, 6]
Current grad: 6.045874771980298
New op index: 126	$R_{YX+XY}$[5, 6]
Current grad: 5.34382654732523
New op index: 99	$R_{YX-XY}$[3, 4]
Current grad: 3.316748202513271
New op index: 74	$R_{YX+XY}$[1, 7]
Current grad: 3.811633788251411
New op index: 110	$R_{YX+XY}$[3, 7]
Current grad: 4.850450130296316
New op index: 46	$R_{YX+XY}$[0, 6]
Current grad: 6.731116840910294
New op index: 134	$R_{YX+XY}$[6, 7]
Current grad: 5.724924406660827
Parameter value cutoff reached.
Calculating energies for FreeWilson2D(N_x=2, N_y=2, mass=-1.102, r=1.000)
h_im: 0.0
New op index: 26	$R_{YX+XY}$[0, 1]
Current grad: 6.563360965827769e-13
0:	0.00e+00	-5.00e+01
1:	0.00e+00	-5.00e+01
2:	0.00e+00	0.00e+00
3:	0.00e+00	-5.00e+01
4:	0.00e+00	-5.00e+01
5:	0.00e+00	0.00e+00
6:	0.00e+00	-5.00e+01
7:	0.00e+00	-5.00e+01
8:	0.00e+00	0.00e+00
9:	0.00e+00	-5.00e+01
10:	0.00e+00	-5.00e+01
11:	0.00e+00	0.00e+00
12:	0.00e+00	-5.00e+01
13:	0.00e+00	-5.00e+01
14:	0.00e+00	0.00e+00
15:	0.00e+00	-5.00e+01
16:	0.00e+00	-5.00e+01
17:	0.00e+00	0.00e+00
18:	0.00e+00	-5.00e+01
19:	0.00e+00	-5.00e+01
20:	0.00e+00	0.00e+00
21:	0.00e+00	-5.00e+01
22:	0.00e+00	-5.00e+01
23:	0.00e+00	0.00e+00
24:	0.00e+00	0.00e+00
25:	0.00e+00	3.33e-14
26:	-1.64e-13	3.33e-14
27:	0.00e+00	0.00e+00
28:	0.00e+00	0.00e+00
29:	0.00e+00	-4.00e+02
30:	0.00e+00	-4.00e+02
31:	-1.39e-17	0.00e+00
32:	0.00e+00	0.00e+00
33:	0.00e+00	-4.00e+02
34:	0.00e+00	-4.00e+02
35:	0.00e+00	0.00e+00
36:	0.00e+00	-4.98e-17
37:	0.00e+00	-4.00e+02
38:	0.00e+00	-4.00e+02
39:	0.00e+00	-4.98e-17
40:	0.00e+00	0.00e+00
41:	0.00e+00	-4.00e+02
42:	0.00e+00	-4.00e+02
43:	0.00e+00	0.00e+00
44:	0.00e+00	-4.98e-17
45:	0.00e+00	-4.00e+02
46:	2.36e-16	-4.00e+02
47:	0.00e+00	-4.98e-17
48:	0.00e+00	0.00e+00
49:	0.00e+00	-4.00e+02
50:	0.00e+00	-4.00e+02
51:	-2.78e-17	0.00e+00
52:	0.00e+00	0.00e+00
53:	0.00e+00	-4.00e+02
54:	0.00e+00	-4.00e+02
55:	0.00e+00	0.00e+00
56:	0.00e+00	0.00e+00
57:	0.00e+00	-4.00e+02
58:	0.00e+00	-4.00e+02
59:	0.00e+00	0.00e+00
60:	0.00e+00	0.00e+00
61:	0.00e+00	-4.00e+02
62:	0.00e+00	-4.00e+02
63:	0.00e+00	0.00e+00
64:	0.00e+00	4.98e-17
65:	0.00e+00	-4.00e+02
66:	0.00e+00	-4.00e+02
67:	0.00e+00	4.98e-17
68:	0.00e+00	0.00e+00
69:	0.00e+00	-4.00e+02
70:	0.00e+00	-4.00e+02
71:	-2.78e-17	0.00e+00
72:	0.00e+00	4.98e-17
73:	0.00e+00	-4.00e+02
74:	2.36e-16	-4.00e+02
75:	0.00e+00	4.98e-17
76:	0.00e+00	0.00e+00
77:	0.00e+00	3.33e-14
78:	-1.64e-13	3.33e-14
79:	0.00e+00	0.00e+00
80:	0.00e+00	-4.98e-17
81:	0.00e+00	-4.00e+02
82:	3.47e-16	-4.00e+02
83:	0.00e+00	-4.98e-17
84:	0.00e+00	0.00e+00
85:	0.00e+00	-4.00e+02
86:	0.00e+00	-4.00e+02
87:	-2.78e-17	0.00e+00
88:	0.00e+00	-4.98e-17
89:	0.00e+00	-4.00e+02
90:	0.00e+00	-4.00e+02
91:	0.00e+00	-4.98e-17
92:	0.00e+00	0.00e+00
93:	0.00e+00	-4.00e+02
94:	0.00e+00	-4.00e+02
95:	0.00e+00	0.00e+00
96:	0.00e+00	0.00e+00
97:	0.00e+00	-4.00e+02
98:	0.00e+00	-4.00e+02
99:	-2.78e-17	0.00e+00
100:	0.00e+00	4.98e-17
101:	0.00e+00	-4.00e+02
102:	3.47e-16	-4.00e+02
103:	0.00e+00	4.98e-17
104:	0.00e+00	0.00e+00
105:	0.00e+00	-4.00e+02
106:	0.00e+00	-4.00e+02
107:	0.00e+00	0.00e+00
108:	0.00e+00	4.98e-17
109:	0.00e+00	-4.00e+02
110:	0.00e+00	-4.00e+02
111:	0.00e+00	4.98e-17
112:	0.00e+00	0.00e+00
113:	0.00e+00	1.11e-14
114:	-1.64e-13	1.11e-14
115:	0.00e+00	0.00e+00
116:	0.00e+00	0.00e+00
117:	0.00e+00	-4.00e+02
118:	0.00e+00	-4.00e+02
119:	-1.39e-17	0.00e+00
120:	0.00e+00	0.00e+00
121:	0.00e+00	-4.00e+02
122:	0.00e+00	-4.00e+02
123:	0.00e+00	0.00e+00
124:	0.00e+00	0.00e+00
125:	0.00e+00	-4.00e+02
126:	0.00e+00	-4.00e+02
127:	0.00e+00	0.00e+00
128:	0.00e+00	0.00e+00
129:	0.00e+00	-4.00e+02
130:	0.00e+00	-4.00e+02
131:	0.00e+00	0.00e+00
132:	0.00e+00	0.00e+00
133:	0.00e+00	1.11e-14
134:	-1.64e-13	1.11e-14
135:	0.00e+00	0.00e+00
Selecting maximum: 0 with second gradient of -50.0
New op index: 27	$R_{YX-XY}$[0, 1]
Current grad: 9.795918367347234
New op index: 59	$R_{YX-XY}$[1, 3]
Current grad: 8.00000756258794
New op index: 31	$R_{YX-XY}$[0, 2]
Current grad: 13.6598771692685
New op index: 46	$R_{YX+XY}$[0, 6]
Current grad: 8.001512611862902
New op index: 119	$R_{YX-XY}$[4, 6]
Current grad: 6.001056294681885
New op index: 126	$R_{YX+XY}$[5, 6]
Current grad: 5.338217038904478
New op index: 99	$R_{YX-XY}$[3, 4]
Current grad: 3.3214955546959297
New op index: 74	$R_{YX+XY}$[1, 7]
Current grad: 3.7796866728969745
New op index: 110	$R_{YX+XY}$[3, 7]
Current grad: 4.247176356339724
New op index: 46	$R_{YX+XY}$[0, 6]
Current grad: 6.730414395270121
New op index: 134	$R_{YX+XY}$[6, 7]
Current grad: 5.725217937579728
Parameter value cutoff reached.
Calculating energies for FreeWilson2D(N_x=2, N_y=2, mass=-0.939, r=1.000)
h_im: 0.0
New op index: 26	$R_{YX+XY}$[0, 1]
Current grad: 6.563360965827769e-13
0:	0.00e+00	-5.00e+01
1:	0.00e+00	-5.00e+01
2:	0.00e+00	0.00e+00
3:	0.00e+00	-5.00e+01
4:	0.00e+00	-5.00e+01
5:	0.00e+00	0.00e+00
6:	0.00e+00	-5.00e+01
7:	0.00e+00	-5.00e+01
8:	0.00e+00	0.00e+00
9:	0.00e+00	-5.00e+01
10:	0.00e+00	-5.00e+01
11:	0.00e+00	0.00e+00
12:	0.00e+00	-5.00e+01
13:	0.00e+00	-5.00e+01
14:	0.00e+00	0.00e+00
15:	0.00e+00	-5.00e+01
16:	0.00e+00	-5.00e+01
17:	0.00e+00	0.00e+00
18:	0.00e+00	-5.00e+01
19:	0.00e+00	-5.00e+01
20:	0.00e+00	0.00e+00
21:	0.00e+00	-5.00e+01
22:	0.00e+00	-5.00e+01
23:	0.00e+00	0.00e+00
24:	0.00e+00	0.00e+00
25:	0.00e+00	3.33e-14
26:	-1.64e-13	3.33e-14
27:	0.00e+00	0.00e+00
28:	0.00e+00	0.00e+00
29:	0.00e+00	-4.00e+02
30:	0.00e+00	-4.00e+02
31:	-1.39e-17	0.00e+00
32:	0.00e+00	0.00e+00
33:	0.00e+00	-4.00e+02
34:	0.00e+00	-4.00e+02
35:	0.00e+00	0.00e+00
36:	0.00e+00	-5.89e-17
37:	0.00e+00	-4.00e+02
38:	0.00e+00	-4.00e+02
39:	0.00e+00	-5.89e-17
40:	0.00e+00	0.00e+00
41:	0.00e+00	-4.00e+02
42:	0.00e+00	-4.00e+02
43:	0.00e+00	0.00e+00
44:	0.00e+00	-5.89e-17
45:	0.00e+00	-4.00e+02
46:	2.36e-16	-4.00e+02
47:	0.00e+00	-5.89e-17
48:	0.00e+00	0.00e+00
49:	0.00e+00	-4.00e+02
50:	0.00e+00	-4.00e+02
51:	-2.78e-17	0.00e+00
52:	0.00e+00	0.00e+00
53:	0.00e+00	-4.00e+02
54:	0.00e+00	-4.00e+02
55:	0.00e+00	0.00e+00
56:	0.00e+00	0.00e+00
57:	0.00e+00	-4.00e+02
58:	0.00e+00	-4.00e+02
59:	0.00e+00	0.00e+00
60:	0.00e+00	0.00e+00
61:	0.00e+00	-4.00e+02
62:	0.00e+00	-4.00e+02
63:	0.00e+00	0.00e+00
64:	0.00e+00	5.89e-17
65:	0.00e+00	-4.00e+02
66:	0.00e+00	-4.00e+02
67:	0.00e+00	5.89e-17
68:	0.00e+00	0.00e+00
69:	0.00e+00	-4.00e+02
70:	0.00e+00	-4.00e+02
71:	-2.78e-17	0.00e+00
72:	0.00e+00	5.89e-17
73:	0.00e+00	-4.00e+02
74:	2.36e-16	-4.00e+02
75:	0.00e+00	5.89e-17
76:	0.00e+00	0.00e+00
77:	0.00e+00	3.33e-14
78:	-1.64e-13	3.33e-14
79:	0.00e+00	0.00e+00
80:	0.00e+00	-5.89e-17
81:	0.00e+00	-4.00e+02
82:	3.47e-16	-4.00e+02
83:	0.00e+00	-5.89e-17
84:	0.00e+00	0.00e+00
85:	0.00e+00	-4.00e+02
86:	0.00e+00	-4.00e+02
87:	-2.78e-17	0.00e+00
88:	0.00e+00	-5.89e-17
89:	0.00e+00	-4.00e+02
90:	0.00e+00	-4.00e+02
91:	0.00e+00	-5.89e-17
92:	0.00e+00	0.00e+00
93:	0.00e+00	-4.00e+02
94:	0.00e+00	-4.00e+02
95:	0.00e+00	0.00e+00
96:	0.00e+00	0.00e+00
97:	0.00e+00	-4.00e+02
98:	0.00e+00	-4.00e+02
99:	-2.78e-17	0.00e+00
100:	0.00e+00	5.89e-17
101:	0.00e+00	-4.00e+02
102:	3.47e-16	-4.00e+02
103:	0.00e+00	5.89e-17
104:	0.00e+00	0.00e+00
105:	0.00e+00	-4.00e+02
106:	0.00e+00	-4.00e+02
107:	0.00e+00	0.00e+00
108:	0.00e+00	5.89e-17
109:	0.00e+00	-4.00e+02
110:	0.00e+00	-4.00e+02
111:	0.00e+00	5.89e-17
112:	0.00e+00	0.00e+00
113:	0.00e+00	1.11e-14
114:	-1.64e-13	1.11e-14
115:	0.00e+00	0.00e+00
116:	0.00e+00	0.00e+00
117:	0.00e+00	-4.00e+02
118:	0.00e+00	-4.00e+02
119:	-1.39e-17	0.00e+00
120:	0.00e+00	0.00e+00
121:	0.00e+00	-4.00e+02
122:	0.00e+00	-4.00e+02
123:	0.00e+00	0.00e+00
124:	0.00e+00	0.00e+00
125:	0.00e+00	-4.00e+02
126:	0.00e+00	-4.00e+02
127:	0.00e+00	0.00e+00
128:	0.00e+00	0.00e+00
129:	0.00e+00	-4.00e+02
130:	0.00e+00	-4.00e+02
131:	0.00e+00	0.00e+00
132:	0.00e+00	0.00e+00
133:	0.00e+00	1.11e-14
134:	-1.64e-13	1.11e-14
135:	0.00e+00	0.00e+00
Selecting maximum: 0 with second gradient of -50.0
New op index: 27	$R_{YX-XY}$[0, 1]
Current grad: 10.122448979592132
New op index: 34	$R_{YX+XY}$[0, 3]
Current grad: 8.001541620321392
New op index: 43	$R_{YX-XY}$[0, 5]
Current grad: 4.00096326490001
New op index: 131	$R_{YX-XY}$[5, 7]
Current grad: 6.832191472650839
New op index: 122	$R_{YX+XY}$[4, 7]
Current grad: 441.4314051640834
New op index: 38	$R_{YX+XY}$[0, 4]
Current grad: 0.01594518294988552
Parameter value cutoff reached.
Calculating energies for FreeWilson2D(N_x=2, N_y=2, mass=-0.776, r=1.000)
h_im: 0.0
New op index: 26	$R_{YX+XY}$[0, 1]
Current grad: 6.563360965827769e-13
0:	0.00e+00	-5.00e+01
1:	0.00e+00	-5.00e+01
2:	0.00e+00	0.00e+00
3:	0.00e+00	-5.00e+01
4:	0.00e+00	-5.00e+01
5:	0.00e+00	0.00e+00
6:	0.00e+00	-5.00e+01
7:	0.00e+00	-5.00e+01
8:	0.00e+00	0.00e+00
9:	0.00e+00	-5.00e+01
10:	0.00e+00	-5.00e+01
11:	0.00e+00	0.00e+00
12:	0.00e+00	-5.00e+01
13:	0.00e+00	-5.00e+01
14:	0.00e+00	0.00e+00
15:	0.00e+00	-5.00e+01
16:	0.00e+00	-5.00e+01
17:	0.00e+00	0.00e+00
18:	0.00e+00	-5.00e+01
19:	0.00e+00	-5.00e+01
20:	0.00e+00	0.00e+00
21:	0.00e+00	-5.00e+01
22:	0.00e+00	-5.00e+01
23:	0.00e+00	0.00e+00
24:	0.00e+00	0.00e+00
25:	0.00e+00	3.33e-14
26:	-1.64e-13	3.33e-14
27:	0.00e+00	0.00e+00
28:	0.00e+00	0.00e+00
29:	0.00e+00	-4.00e+02
30:	0.00e+00	-4.00e+02
31:	-1.39e-17	0.00e+00
32:	0.00e+00	0.00e+00
33:	0.00e+00	-4.00e+02
34:	0.00e+00	-4.00e+02
35:	0.00e+00	0.00e+00
36:	0.00e+00	-6.80e-17
37:	0.00e+00	-4.00e+02
38:	0.00e+00	-4.00e+02
39:	0.00e+00	-6.80e-17
40:	0.00e+00	0.00e+00
41:	0.00e+00	-4.00e+02
42:	0.00e+00	-4.00e+02
43:	0.00e+00	0.00e+00
44:	0.00e+00	-6.80e-17
45:	0.00e+00	-4.00e+02
46:	2.36e-16	-4.00e+02
47:	0.00e+00	-6.80e-17
48:	0.00e+00	0.00e+00
49:	0.00e+00	-4.00e+02
50:	0.00e+00	-4.00e+02
51:	-2.78e-17	0.00e+00
52:	0.00e+00	0.00e+00
53:	0.00e+00	-4.00e+02
54:	0.00e+00	-4.00e+02
55:	0.00e+00	0.00e+00
56:	0.00e+00	0.00e+00
57:	0.00e+00	-4.00e+02
58:	0.00e+00	-4.00e+02
59:	0.00e+00	0.00e+00
60:	0.00e+00	0.00e+00
61:	0.00e+00	-4.00e+02
62:	0.00e+00	-4.00e+02
63:	0.00e+00	0.00e+00
64:	0.00e+00	6.80e-17
65:	0.00e+00	-4.00e+02
66:	0.00e+00	-4.00e+02
67:	0.00e+00	6.80e-17
68:	0.00e+00	0.00e+00
69:	0.00e+00	-4.00e+02
70:	0.00e+00	-4.00e+02
71:	-2.78e-17	0.00e+00
72:	0.00e+00	6.80e-17
73:	0.00e+00	-4.00e+02
74:	2.36e-16	-4.00e+02
75:	0.00e+00	6.80e-17
76:	0.00e+00	0.00e+00
77:	0.00e+00	3.33e-14
78:	-1.64e-13	3.33e-14
79:	0.00e+00	0.00e+00
80:	0.00e+00	-6.80e-17
81:	0.00e+00	-4.00e+02
82:	3.47e-16	-4.00e+02
83:	0.00e+00	-6.80e-17
84:	0.00e+00	0.00e+00
85:	0.00e+00	-4.00e+02
86:	0.00e+00	-4.00e+02
87:	-2.78e-17	0.00e+00
88:	0.00e+00	-6.80e-17
89:	0.00e+00	-4.00e+02
90:	0.00e+00	-4.00e+02
91:	0.00e+00	-6.80e-17
92:	0.00e+00	0.00e+00
93:	0.00e+00	-4.00e+02
94:	0.00e+00	-4.00e+02
95:	0.00e+00	0.00e+00
96:	0.00e+00	0.00e+00
97:	0.00e+00	-4.00e+02
98:	0.00e+00	-4.00e+02
99:	-2.78e-17	0.00e+00
100:	0.00e+00	6.80e-17
101:	0.00e+00	-4.00e+02
102:	3.47e-16	-4.00e+02
103:	0.00e+00	6.80e-17
104:	0.00e+00	0.00e+00
105:	0.00e+00	-4.00e+02
106:	0.00e+00	-4.00e+02
107:	0.00e+00	0.00e+00
108:	0.00e+00	6.80e-17
109:	0.00e+00	-4.00e+02
110:	0.00e+00	-4.00e+02
111:	0.00e+00	6.80e-17
112:	0.00e+00	0.00e+00
113:	0.00e+00	1.11e-14
114:	-1.64e-13	1.11e-14
115:	0.00e+00	0.00e+00
116:	0.00e+00	0.00e+00
117:	0.00e+00	-4.00e+02
118:	0.00e+00	-4.00e+02
119:	-1.39e-17	0.00e+00
120:	0.00e+00	0.00e+00
121:	0.00e+00	-4.00e+02
122:	0.00e+00	-4.00e+02
123:	0.00e+00	0.00e+00
124:	0.00e+00	0.00e+00
125:	0.00e+00	-4.00e+02
126:	0.00e+00	-4.00e+02
127:	0.00e+00	0.00e+00
128:	0.00e+00	0.00e+00
129:	0.00e+00	-4.00e+02
130:	0.00e+00	-4.00e+02
131:	0.00e+00	0.00e+00
132:	0.00e+00	0.00e+00
133:	0.00e+00	1.11e-14
134:	-1.64e-13	1.11e-14
135:	0.00e+00	0.00e+00
Selecting maximum: 0 with second gradient of -50.0
New op index: 27	$R_{YX-XY}$[0, 1]
Current grad: 10.44897959183703
New op index: 59	$R_{YX-XY}$[1, 3]
Current grad: 8.000681280816048
New op index: 31	$R_{YX-XY}$[0, 2]
Current grad: 13.656647314776823
New op index: 46	$R_{YX+XY}$[0, 6]
Current grad: 8.001176890629438
New op index: 119	$R_{YX-XY}$[4, 6]
Current grad: 6.014425896761821
New op index: 126	$R_{YX+XY}$[5, 6]
Current grad: 5.3539145347869335
New op index: 99	$R_{YX-XY}$[3, 4]
Current grad: 3.3191325589342204
New op index: 74	$R_{YX+XY}$[1, 7]
Current grad: 3.781076982273467
New op index: 110	$R_{YX+XY}$[3, 7]
Current grad: 4.237148402183671
New op index: 46	$R_{YX+XY}$[0, 6]
Current grad: 6.711970733030796
New op index: 134	$R_{YX+XY}$[6, 7]
Current grad: 5.733232432243286
Parameter value cutoff reached.
Calculating energies for FreeWilson2D(N_x=2, N_y=2, mass=-0.612, r=1.000)
h_im: 0.0
New op index: 26	$R_{YX+XY}$[0, 1]
Current grad: 6.563360965827769e-13
0:	0.00e+00	-5.00e+01
1:	0.00e+00	-5.00e+01
2:	0.00e+00	0.00e+00
3:	0.00e+00	-5.00e+01
4:	0.00e+00	-5.00e+01
5:	0.00e+00	0.00e+00
6:	0.00e+00	-5.00e+01
7:	0.00e+00	-5.00e+01
8:	0.00e+00	0.00e+00
9:	0.00e+00	-5.00e+01
10:	0.00e+00	-5.00e+01
11:	0.00e+00	0.00e+00
12:	0.00e+00	-5.00e+01
13:	0.00e+00	-5.00e+01
14:	0.00e+00	0.00e+00
15:	0.00e+00	-5.00e+01
16:	0.00e+00	-5.00e+01
17:	0.00e+00	0.00e+00
18:	0.00e+00	-5.00e+01
19:	0.00e+00	-5.00e+01
20:	0.00e+00	0.00e+00
21:	0.00e+00	-5.00e+01
22:	0.00e+00	-5.00e+01
23:	0.00e+00	0.00e+00
24:	0.00e+00	0.00e+00
25:	0.00e+00	3.33e-14
26:	-1.64e-13	3.33e-14
27:	0.00e+00	0.00e+00
28:	0.00e+00	0.00e+00
29:	0.00e+00	-4.00e+02
30:	0.00e+00	-4.00e+02
31:	-1.39e-17	0.00e+00
32:	0.00e+00	0.00e+00
33:	0.00e+00	-4.00e+02
34:	0.00e+00	-4.00e+02
35:	0.00e+00	0.00e+00
36:	0.00e+00	-7.70e-17
37:	0.00e+00	-4.00e+02
38:	0.00e+00	-4.00e+02
39:	0.00e+00	-7.70e-17
40:	0.00e+00	0.00e+00
41:	0.00e+00	-4.00e+02
42:	0.00e+00	-4.00e+02
43:	0.00e+00	0.00e+00
44:	0.00e+00	-7.70e-17
45:	0.00e+00	-4.00e+02
46:	2.36e-16	-4.00e+02
47:	0.00e+00	-7.70e-17
48:	0.00e+00	0.00e+00
49:	0.00e+00	-4.00e+02
50:	0.00e+00	-4.00e+02
51:	-2.78e-17	0.00e+00
52:	0.00e+00	0.00e+00
53:	0.00e+00	-4.00e+02
54:	0.00e+00	-4.00e+02
55:	0.00e+00	0.00e+00
56:	0.00e+00	0.00e+00
57:	0.00e+00	-4.00e+02
58:	0.00e+00	-4.00e+02
59:	0.00e+00	0.00e+00
60:	0.00e+00	0.00e+00
61:	0.00e+00	-4.00e+02
62:	0.00e+00	-4.00e+02
63:	0.00e+00	0.00e+00
64:	0.00e+00	7.70e-17
65:	0.00e+00	-4.00e+02
66:	0.00e+00	-4.00e+02
67:	0.00e+00	7.70e-17
68:	0.00e+00	0.00e+00
69:	0.00e+00	-4.00e+02
70:	0.00e+00	-4.00e+02
71:	-2.78e-17	0.00e+00
72:	0.00e+00	7.70e-17
73:	0.00e+00	-4.00e+02
74:	2.36e-16	-4.00e+02
75:	0.00e+00	7.70e-17
76:	0.00e+00	0.00e+00
77:	0.00e+00	3.33e-14
78:	-1.64e-13	3.33e-14
79:	0.00e+00	0.00e+00
80:	0.00e+00	-7.70e-17
81:	0.00e+00	-4.00e+02
82:	3.47e-16	-4.00e+02
83:	0.00e+00	-7.70e-17
84:	0.00e+00	0.00e+00
85:	0.00e+00	-4.00e+02
86:	0.00e+00	-4.00e+02
87:	-2.78e-17	0.00e+00
88:	0.00e+00	-7.70e-17
89:	0.00e+00	-4.00e+02
90:	0.00e+00	-4.00e+02
91:	0.00e+00	-7.70e-17
92:	0.00e+00	0.00e+00
93:	0.00e+00	-4.00e+02
94:	0.00e+00	-4.00e+02
95:	0.00e+00	0.00e+00
96:	0.00e+00	0.00e+00
97:	0.00e+00	-4.00e+02
98:	0.00e+00	-4.00e+02
99:	-2.78e-17	0.00e+00
100:	0.00e+00	7.70e-17
101:	0.00e+00	-4.00e+02
102:	3.47e-16	-4.00e+02
103:	0.00e+00	7.70e-17
104:	0.00e+00	0.00e+00
105:	0.00e+00	-4.00e+02
106:	0.00e+00	-4.00e+02
107:	0.00e+00	0.00e+00
108:	0.00e+00	7.70e-17
109:	0.00e+00	-4.00e+02
110:	0.00e+00	-4.00e+02
111:	0.00e+00	7.70e-17
112:	0.00e+00	0.00e+00
113:	0.00e+00	1.11e-14
114:	-1.64e-13	1.11e-14
115:	0.00e+00	0.00e+00
116:	0.00e+00	0.00e+00
117:	0.00e+00	-4.00e+02
118:	0.00e+00	-4.00e+02
119:	-1.39e-17	0.00e+00
120:	0.00e+00	0.00e+00
121:	0.00e+00	-4.00e+02
122:	0.00e+00	-4.00e+02
123:	0.00e+00	0.00e+00
124:	0.00e+00	0.00e+00
125:	0.00e+00	-4.00e+02
126:	0.00e+00	-4.00e+02
127:	0.00e+00	0.00e+00
128:	0.00e+00	0.00e+00
129:	0.00e+00	-4.00e+02
130:	0.00e+00	-4.00e+02
131:	0.00e+00	0.00e+00
132:	0.00e+00	0.00e+00
133:	0.00e+00	1.11e-14
134:	-1.64e-13	1.11e-14
135:	0.00e+00	0.00e+00
Selecting maximum: 0 with second gradient of -50.0
New op index: 27	$R_{YX-XY}$[0, 1]
Current grad: 10.775510204081929
New op index: 34	$R_{YX+XY}$[0, 3]
Current grad: 8.000762764708947
New op index: 43	$R_{YX-XY}$[0, 5]
Current grad: 4.002509189991304
New op index: 126	$R_{YX+XY}$[5, 6]
Current grad: 6.8385689533167024
New op index: 122	$R_{YX+XY}$[4, 7]
Current grad: 0.003223754734485865
Parameter value cutoff reached.
Calculating energies for FreeWilson2D(N_x=2, N_y=2, mass=-0.449, r=1.000)
h_im: 0.0
New op index: 26	$R_{YX+XY}$[0, 1]
Current grad: 6.563360965827769e-13
0:	0.00e+00	-5.00e+01
1:	0.00e+00	-5.00e+01
2:	0.00e+00	0.00e+00
3:	0.00e+00	-5.00e+01
4:	0.00e+00	-5.00e+01
5:	0.00e+00	0.00e+00
6:	0.00e+00	-5.00e+01
7:	0.00e+00	-5.00e+01
8:	0.00e+00	0.00e+00
9:	0.00e+00	-5.00e+01
10:	0.00e+00	-5.00e+01
11:	0.00e+00	0.00e+00
12:	0.00e+00	-5.00e+01
13:	0.00e+00	-5.00e+01
14:	0.00e+00	0.00e+00
15:	0.00e+00	-5.00e+01
16:	0.00e+00	-5.00e+01
17:	0.00e+00	0.00e+00
18:	0.00e+00	-5.00e+01
19:	0.00e+00	-5.00e+01
20:	0.00e+00	0.00e+00
21:	0.00e+00	-5.00e+01
22:	0.00e+00	-5.00e+01
23:	0.00e+00	0.00e+00
24:	0.00e+00	0.00e+00
25:	0.00e+00	3.33e-14
26:	-1.64e-13	3.33e-14
27:	0.00e+00	0.00e+00
28:	0.00e+00	0.00e+00
29:	0.00e+00	-4.00e+02
30:	0.00e+00	-4.00e+02
31:	-1.39e-17	0.00e+00
32:	0.00e+00	0.00e+00
33:	0.00e+00	-4.00e+02
34:	0.00e+00	-4.00e+02
35:	0.00e+00	0.00e+00
36:	0.00e+00	-8.61e-17
37:	0.00e+00	-4.00e+02
38:	0.00e+00	-4.00e+02
39:	0.00e+00	-8.61e-17
40:	0.00e+00	0.00e+00
41:	0.00e+00	-4.00e+02
42:	0.00e+00	-4.00e+02
43:	0.00e+00	0.00e+00
44:	0.00e+00	-8.61e-17
45:	0.00e+00	-4.00e+02
46:	2.36e-16	-4.00e+02
47:	0.00e+00	-8.61e-17
48:	0.00e+00	0.00e+00
49:	0.00e+00	-4.00e+02
50:	0.00e+00	-4.00e+02
51:	-2.78e-17	0.00e+00
52:	0.00e+00	0.00e+00
53:	0.00e+00	-4.00e+02
54:	0.00e+00	-4.00e+02
55:	0.00e+00	0.00e+00
56:	0.00e+00	0.00e+00
57:	0.00e+00	-4.00e+02
58:	0.00e+00	-4.00e+02
59:	0.00e+00	0.00e+00
60:	0.00e+00	0.00e+00
61:	0.00e+00	-4.00e+02
62:	0.00e+00	-4.00e+02
63:	0.00e+00	0.00e+00
64:	0.00e+00	8.61e-17
65:	0.00e+00	-4.00e+02
66:	0.00e+00	-4.00e+02
67:	0.00e+00	8.61e-17
68:	0.00e+00	0.00e+00
69:	0.00e+00	-4.00e+02
70:	0.00e+00	-4.00e+02
71:	-2.78e-17	0.00e+00
72:	0.00e+00	8.61e-17
73:	0.00e+00	-4.00e+02
74:	2.36e-16	-4.00e+02
75:	0.00e+00	8.61e-17
76:	0.00e+00	0.00e+00
77:	0.00e+00	3.33e-14
78:	-1.64e-13	3.33e-14
79:	0.00e+00	0.00e+00
80:	0.00e+00	-8.61e-17
81:	0.00e+00	-4.00e+02
82:	3.47e-16	-4.00e+02
83:	0.00e+00	-8.61e-17
84:	0.00e+00	0.00e+00
85:	0.00e+00	-4.00e+02
86:	0.00e+00	-4.00e+02
87:	-2.78e-17	0.00e+00
88:	0.00e+00	-8.61e-17
89:	0.00e+00	-4.00e+02
90:	0.00e+00	-4.00e+02
91:	0.00e+00	-8.61e-17
92:	0.00e+00	0.00e+00
93:	0.00e+00	-4.00e+02
94:	0.00e+00	-4.00e+02
95:	0.00e+00	0.00e+00
96:	0.00e+00	0.00e+00
97:	0.00e+00	-4.00e+02
98:	0.00e+00	-4.00e+02
99:	-2.78e-17	0.00e+00
100:	0.00e+00	8.61e-17
101:	0.00e+00	-4.00e+02
102:	3.47e-16	-4.00e+02
103:	0.00e+00	8.61e-17
104:	0.00e+00	0.00e+00
105:	0.00e+00	-4.00e+02
106:	0.00e+00	-4.00e+02
107:	0.00e+00	0.00e+00
108:	0.00e+00	8.61e-17
109:	0.00e+00	-4.00e+02
110:	0.00e+00	-4.00e+02
111:	0.00e+00	8.61e-17
112:	0.00e+00	0.00e+00
113:	0.00e+00	1.11e-14
114:	-1.64e-13	1.11e-14
115:	0.00e+00	0.00e+00
116:	0.00e+00	0.00e+00
117:	0.00e+00	-4.00e+02
118:	0.00e+00	-4.00e+02
119:	-1.39e-17	0.00e+00
120:	0.00e+00	0.00e+00
121:	0.00e+00	-4.00e+02
122:	0.00e+00	-4.00e+02
123:	0.00e+00	0.00e+00
124:	0.00e+00	0.00e+00
125:	0.00e+00	-4.00e+02
126:	0.00e+00	-4.00e+02
127:	0.00e+00	0.00e+00
128:	0.00e+00	0.00e+00
129:	0.00e+00	-4.00e+02
130:	0.00e+00	-4.00e+02
131:	0.00e+00	0.00e+00
132:	0.00e+00	0.00e+00
133:	0.00e+00	1.11e-14
134:	-1.64e-13	1.11e-14
135:	0.00e+00	0.00e+00
Selecting maximum: 0 with second gradient of -50.0
New op index: 27	$R_{YX-XY}$[0, 1]
Current grad: 11.102040816326827
New op index: 59	$R_{YX-XY}$[1, 3]
Current grad: 8.004023664989473
New op index: 31	$R_{YX-XY}$[0, 2]
Current grad: 13.659677822351577
New op index: 110	$R_{YX+XY}$[3, 7]
Current grad: 8.005673525958912
New op index: 119	$R_{YX-XY}$[4, 6]
Current grad: 6.425979638188713
New op index: 122	$R_{YX+XY}$[4, 7]
Current grad: 5.816713646244519
New op index: 51	$R_{YX-XY}$[0, 7]
Current grad: 2.178144087444598
New op index: 74	$R_{YX+XY}$[1, 7]
Current grad: 2.907089677388811
New op index: 110	$R_{YX+XY}$[3, 7]
Current grad: 4.448957865964414
New op index: 78	$R_{YX+XY}$[2, 3]
Current grad: 3.6504861530214994
New op index: 59	$R_{YX-XY}$[1, 3]
Current grad: 4.070865517426023
New op index: 99	$R_{YX-XY}$[3, 4]
Current grad: 1.012497881309564
New op index: 54	$R_{YX+XY}$[1, 2]
Current grad: 0.2083225728155577
Parameter value cutoff reached.
Calculating energies for FreeWilson2D(N_x=2, N_y=2, mass=-0.286, r=1.000)
h_im: 0.0
New op index: 26	$R_{YX+XY}$[0, 1]
Current grad: 6.563360965827769e-13
0:	0.00e+00	-5.00e+01
1:	0.00e+00	-5.00e+01
2:	0.00e+00	0.00e+00
3:	0.00e+00	-5.00e+01
4:	0.00e+00	-5.00e+01
5:	0.00e+00	0.00e+00
6:	0.00e+00	-5.00e+01
7:	0.00e+00	-5.00e+01
8:	0.00e+00	0.00e+00
9:	0.00e+00	-5.00e+01
10:	0.00e+00	-5.00e+01
11:	0.00e+00	0.00e+00
12:	0.00e+00	-5.00e+01
13:	0.00e+00	-5.00e+01
14:	0.00e+00	0.00e+00
15:	0.00e+00	-5.00e+01
16:	0.00e+00	-5.00e+01
17:	0.00e+00	0.00e+00
18:	0.00e+00	-5.00e+01
19:	0.00e+00	-5.00e+01
20:	0.00e+00	0.00e+00
21:	0.00e+00	-5.00e+01
22:	0.00e+00	-5.00e+01
23:	0.00e+00	0.00e+00
24:	0.00e+00	0.00e+00
25:	0.00e+00	3.33e-14
26:	-1.64e-13	3.33e-14
27:	0.00e+00	0.00e+00
28:	0.00e+00	0.00e+00
29:	0.00e+00	-4.00e+02
30:	0.00e+00	-4.00e+02
31:	-1.39e-17	0.00e+00
32:	0.00e+00	0.00e+00
33:	0.00e+00	-4.00e+02
34:	0.00e+00	-4.00e+02
35:	0.00e+00	0.00e+00
36:	0.00e+00	-9.52e-17
37:	0.00e+00	-4.00e+02
38:	0.00e+00	-4.00e+02
39:	0.00e+00	-9.52e-17
40:	0.00e+00	0.00e+00
41:	0.00e+00	-4.00e+02
42:	0.00e+00	-4.00e+02
43:	0.00e+00	0.00e+00
44:	0.00e+00	-9.52e-17
45:	0.00e+00	-4.00e+02
46:	2.36e-16	-4.00e+02
47:	0.00e+00	-9.52e-17
48:	0.00e+00	0.00e+00
49:	0.00e+00	-4.00e+02
50:	0.00e+00	-4.00e+02
51:	-2.78e-17	0.00e+00
52:	0.00e+00	0.00e+00
53:	0.00e+00	-4.00e+02
54:	0.00e+00	-4.00e+02
55:	0.00e+00	0.00e+00
56:	0.00e+00	0.00e+00
57:	0.00e+00	-4.00e+02
58:	0.00e+00	-4.00e+02
59:	0.00e+00	0.00e+00
60:	0.00e+00	0.00e+00
61:	0.00e+00	-4.00e+02
62:	0.00e+00	-4.00e+02
63:	0.00e+00	0.00e+00
64:	0.00e+00	9.52e-17
65:	0.00e+00	-4.00e+02
66:	0.00e+00	-4.00e+02
67:	0.00e+00	9.52e-17
68:	0.00e+00	0.00e+00
69:	0.00e+00	-4.00e+02
70:	0.00e+00	-4.00e+02
71:	-2.78e-17	0.00e+00
72:	0.00e+00	9.52e-17
73:	0.00e+00	-4.00e+02
74:	2.36e-16	-4.00e+02
75:	0.00e+00	9.52e-17
76:	0.00e+00	0.00e+00
77:	0.00e+00	3.33e-14
78:	-1.64e-13	3.33e-14
79:	0.00e+00	0.00e+00
80:	0.00e+00	-9.52e-17
81:	0.00e+00	-4.00e+02
82:	3.47e-16	-4.00e+02
83:	0.00e+00	-9.52e-17
84:	0.00e+00	0.00e+00
85:	0.00e+00	-4.00e+02
86:	0.00e+00	-4.00e+02
87:	-2.78e-17	0.00e+00
88:	0.00e+00	-9.52e-17
89:	0.00e+00	-4.00e+02
90:	0.00e+00	-4.00e+02
91:	0.00e+00	-9.52e-17
92:	0.00e+00	0.00e+00
93:	0.00e+00	-4.00e+02
94:	0.00e+00	-4.00e+02
95:	0.00e+00	0.00e+00
96:	0.00e+00	0.00e+00
97:	0.00e+00	-4.00e+02
98:	0.00e+00	-4.00e+02
99:	-2.78e-17	0.00e+00
100:	0.00e+00	9.52e-17
101:	0.00e+00	-4.00e+02
102:	3.47e-16	-4.00e+02
103:	0.00e+00	9.52e-17
104:	0.00e+00	0.00e+00
105:	0.00e+00	-4.00e+02
106:	0.00e+00	-4.00e+02
107:	0.00e+00	0.00e+00
108:	0.00e+00	9.52e-17
109:	0.00e+00	-4.00e+02
110:	0.00e+00	-4.00e+02
111:	0.00e+00	9.52e-17
112:	0.00e+00	0.00e+00
113:	0.00e+00	1.11e-14
114:	-1.64e-13	1.11e-14
115:	0.00e+00	0.00e+00
116:	0.00e+00	0.00e+00
117:	0.00e+00	-4.00e+02
118:	0.00e+00	-4.00e+02
119:	-1.39e-17	0.00e+00
120:	0.00e+00	0.00e+00
121:	0.00e+00	-4.00e+02
122:	0.00e+00	-4.00e+02
123:	0.00e+00	0.00e+00
124:	0.00e+00	0.00e+00
125:	0.00e+00	-4.00e+02
126:	0.00e+00	-4.00e+02
127:	0.00e+00	0.00e+00
128:	0.00e+00	0.00e+00
129:	0.00e+00	-4.00e+02
130:	0.00e+00	-4.00e+02
131:	0.00e+00	0.00e+00
132:	0.00e+00	0.00e+00
133:	0.00e+00	1.11e-14
134:	-1.64e-13	1.11e-14
135:	0.00e+00	0.00e+00
Selecting maximum: 0 with second gradient of -50.0
New op index: 27	$R_{YX-XY}$[0, 1]
Current grad: 11.428571428571724
New op index: 59	$R_{YX-XY}$[1, 3]
Current grad: 8.00038940465564
New op index: 31	$R_{YX-XY}$[0, 2]
Current grad: 13.656591154255272
New op index: 46	$R_{YX+XY}$[0, 6]
Current grad: 8.009186799312854
New op index: 126	$R_{YX+XY}$[5, 6]
Current grad: 6.0089777340103705
New op index: 99	$R_{YX-XY}$[3, 4]
Current grad: 3.308433159223494
New op index: 74	$R_{YX+XY}$[1, 7]
Current grad: 3.7913886601951186
New op index: 110	$R_{YX+XY}$[3, 7]
Current grad: 4.239942754205261
New op index: 46	$R_{YX+XY}$[0, 6]
Current grad: 6.729458009340885
New op index: 134	$R_{YX+XY}$[6, 7]
Current grad: 5.717514365883881
Parameter value cutoff reached.
Calculating energies for FreeWilson2D(N_x=2, N_y=2, mass=-0.122, r=1.000)
h_im: 0.0
New op index: 26	$R_{YX+XY}$[0, 1]
Current grad: 6.563360965827769e-13
0:	0.00e+00	-5.00e+01
1:	0.00e+00	-5.00e+01
2:	0.00e+00	0.00e+00
3:	0.00e+00	-5.00e+01
4:	0.00e+00	-5.00e+01
5:	0.00e+00	0.00e+00
6:	0.00e+00	-5.00e+01
7:	0.00e+00	-5.00e+01
8:	0.00e+00	0.00e+00
9:	0.00e+00	-5.00e+01
10:	0.00e+00	-5.00e+01
11:	0.00e+00	0.00e+00
12:	0.00e+00	-5.00e+01
13:	0.00e+00	-5.00e+01
14:	0.00e+00	0.00e+00
15:	0.00e+00	-5.00e+01
16:	0.00e+00	-5.00e+01
17:	0.00e+00	0.00e+00
18:	0.00e+00	-5.00e+01
19:	0.00e+00	-5.00e+01
20:	0.00e+00	0.00e+00
21:	0.00e+00	-5.00e+01
22:	0.00e+00	-5.00e+01
23:	0.00e+00	0.00e+00
24:	0.00e+00	0.00e+00
25:	0.00e+00	3.33e-14
26:	-1.64e-13	3.33e-14
27:	0.00e+00	0.00e+00
28:	0.00e+00	0.00e+00
29:	0.00e+00	-4.00e+02
30:	0.00e+00	-4.00e+02
31:	-1.39e-17	0.00e+00
32:	0.00e+00	0.00e+00
33:	0.00e+00	-4.00e+02
34:	0.00e+00	-4.00e+02
35:	0.00e+00	0.00e+00
36:	0.00e+00	-1.04e-16
37:	0.00e+00	-4.00e+02
38:	0.00e+00	-4.00e+02
39:	0.00e+00	-1.04e-16
40:	0.00e+00	0.00e+00
41:	0.00e+00	-4.00e+02
42:	0.00e+00	-4.00e+02
43:	0.00e+00	0.00e+00
44:	0.00e+00	-1.04e-16
45:	0.00e+00	-4.00e+02
46:	2.36e-16	-4.00e+02
47:	0.00e+00	-1.04e-16
48:	0.00e+00	0.00e+00
49:	0.00e+00	-4.00e+02
50:	0.00e+00	-4.00e+02
51:	-2.78e-17	0.00e+00
52:	0.00e+00	0.00e+00
53:	0.00e+00	-4.00e+02
54:	0.00e+00	-4.00e+02
55:	0.00e+00	0.00e+00
56:	0.00e+00	0.00e+00
57:	0.00e+00	-4.00e+02
58:	0.00e+00	-4.00e+02
59:	0.00e+00	0.00e+00
60:	0.00e+00	0.00e+00
61:	0.00e+00	-4.00e+02
62:	0.00e+00	-4.00e+02
63:	0.00e+00	0.00e+00
64:	0.00e+00	1.04e-16
65:	0.00e+00	-4.00e+02
66:	0.00e+00	-4.00e+02
67:	0.00e+00	1.04e-16
68:	0.00e+00	0.00e+00
69:	0.00e+00	-4.00e+02
70:	0.00e+00	-4.00e+02
71:	-2.78e-17	0.00e+00
72:	0.00e+00	1.04e-16
73:	0.00e+00	-4.00e+02
74:	2.36e-16	-4.00e+02
75:	0.00e+00	1.04e-16
76:	0.00e+00	0.00e+00
77:	0.00e+00	3.33e-14
78:	-1.64e-13	3.33e-14
79:	0.00e+00	0.00e+00
80:	0.00e+00	-1.04e-16
81:	0.00e+00	-4.00e+02
82:	3.47e-16	-4.00e+02
83:	0.00e+00	-1.04e-16
84:	0.00e+00	0.00e+00
85:	0.00e+00	-4.00e+02
86:	0.00e+00	-4.00e+02
87:	-2.78e-17	0.00e+00
88:	0.00e+00	-1.04e-16
89:	0.00e+00	-4.00e+02
90:	0.00e+00	-4.00e+02
91:	0.00e+00	-1.04e-16
92:	0.00e+00	0.00e+00
93:	0.00e+00	-4.00e+02
94:	0.00e+00	-4.00e+02
95:	0.00e+00	0.00e+00
96:	0.00e+00	0.00e+00
97:	0.00e+00	-4.00e+02
98:	0.00e+00	-4.00e+02
99:	-2.78e-17	0.00e+00
100:	0.00e+00	1.04e-16
101:	0.00e+00	-4.00e+02
102:	3.47e-16	-4.00e+02
103:	0.00e+00	1.04e-16
104:	0.00e+00	0.00e+00
105:	0.00e+00	-4.00e+02
106:	0.00e+00	-4.00e+02
107:	0.00e+00	0.00e+00
108:	0.00e+00	1.04e-16
109:	0.00e+00	-4.00e+02
110:	0.00e+00	-4.00e+02
111:	0.00e+00	1.04e-16
112:	0.00e+00	0.00e+00
113:	0.00e+00	1.11e-14
114:	-1.64e-13	1.11e-14
115:	0.00e+00	0.00e+00
116:	0.00e+00	0.00e+00
117:	0.00e+00	-4.00e+02
118:	0.00e+00	-4.00e+02
119:	-1.39e-17	0.00e+00
120:	0.00e+00	0.00e+00
121:	0.00e+00	-4.00e+02
122:	0.00e+00	-4.00e+02
123:	0.00e+00	0.00e+00
124:	0.00e+00	0.00e+00
125:	0.00e+00	-4.00e+02
126:	0.00e+00	-4.00e+02
127:	0.00e+00	0.00e+00
128:	0.00e+00	0.00e+00
129:	0.00e+00	-4.00e+02
130:	0.00e+00	-4.00e+02
131:	0.00e+00	0.00e+00
132:	0.00e+00	0.00e+00
133:	0.00e+00	1.11e-14
134:	-1.64e-13	1.11e-14
135:	0.00e+00	0.00e+00
Selecting maximum: 0 with second gradient of -50.0
New op index: 27	$R_{YX-XY}$[0, 1]
Current grad: 11.755102040816622
New op index: 59	$R_{YX-XY}$[1, 3]
Current grad: 8.001679282942636
New op index: 31	$R_{YX-XY}$[0, 2]
Current grad: 13.656883959279693
New op index: 71	$R_{YX-XY}$[1, 6]
Current grad: 8.015475779390789
New op index: 90	$R_{YX+XY}$[2, 6]
Current grad: 222.566794061435
New op index: 51	$R_{YX-XY}$[0, 7]
Current grad: 9.04974983274256
New op index: 87	$R_{YX-XY}$[2, 5]
Current grad: 7.007239749171169
New op index: 99	$R_{YX-XY}$[3, 4]
Current grad: 5.47223116386226
New op index: 102	$R_{YX+XY}$[3, 5]
Current grad: 4.525385043433577
New op index: 82	$R_{YX+XY}$[2, 4]
Current grad: 6.027366761627575
New op index: 59	$R_{YX-XY}$[1, 3]
Current grad: 2.0193584480081457
New op index: 63	$R_{YX-XY}$[1, 4]
Current grad: 2.1876650767128876
New op index: 31	$R_{YX-XY}$[0, 2]
Current grad: 2.7356961138581593
New op index: 90	$R_{YX+XY}$[2, 6]
Current grad: 0.017398340893582012
Parameter value cutoff reached.
Calculating energies for FreeWilson2D(N_x=2, N_y=2, mass=0.041, r=1.000)
h_im: 0.0
New op index: 26	$R_{YX+XY}$[0, 1]
Current grad: 6.563360965827769e-13
0:	0.00e+00	-5.00e+01
1:	0.00e+00	-5.00e+01
2:	0.00e+00	0.00e+00
3:	0.00e+00	-5.00e+01
4:	0.00e+00	-5.00e+01
5:	0.00e+00	0.00e+00
6:	0.00e+00	-5.00e+01
7:	0.00e+00	-5.00e+01
8:	0.00e+00	0.00e+00
9:	0.00e+00	-5.00e+01
10:	0.00e+00	-5.00e+01
11:	0.00e+00	0.00e+00
12:	0.00e+00	-5.00e+01
13:	0.00e+00	-5.00e+01
14:	0.00e+00	0.00e+00
15:	0.00e+00	-5.00e+01
16:	0.00e+00	-5.00e+01
17:	0.00e+00	0.00e+00
18:	0.00e+00	-5.00e+01
19:	0.00e+00	-5.00e+01
20:	0.00e+00	0.00e+00
21:	0.00e+00	-5.00e+01
22:	0.00e+00	-5.00e+01
23:	0.00e+00	0.00e+00
24:	0.00e+00	0.00e+00
25:	0.00e+00	3.33e-14
26:	-1.64e-13	3.33e-14
27:	0.00e+00	0.00e+00
28:	0.00e+00	0.00e+00
29:	0.00e+00	-4.00e+02
30:	0.00e+00	-4.00e+02
31:	-1.39e-17	0.00e+00
32:	0.00e+00	0.00e+00
33:	0.00e+00	-4.00e+02
34:	0.00e+00	-4.00e+02
35:	0.00e+00	0.00e+00
36:	0.00e+00	-1.13e-16
37:	0.00e+00	-4.00e+02
38:	0.00e+00	-4.00e+02
39:	0.00e+00	-1.13e-16
40:	0.00e+00	0.00e+00
41:	0.00e+00	-4.00e+02
42:	0.00e+00	-4.00e+02
43:	0.00e+00	0.00e+00
44:	0.00e+00	-1.13e-16
45:	0.00e+00	-4.00e+02
46:	2.36e-16	-4.00e+02
47:	0.00e+00	-1.13e-16
48:	0.00e+00	0.00e+00
49:	0.00e+00	-4.00e+02
50:	0.00e+00	-4.00e+02
51:	-2.78e-17	0.00e+00
52:	0.00e+00	0.00e+00
53:	0.00e+00	-4.00e+02
54:	0.00e+00	-4.00e+02
55:	0.00e+00	0.00e+00
56:	0.00e+00	0.00e+00
57:	0.00e+00	-4.00e+02
58:	0.00e+00	-4.00e+02
59:	0.00e+00	0.00e+00
60:	0.00e+00	0.00e+00
61:	0.00e+00	-4.00e+02
62:	0.00e+00	-4.00e+02
63:	0.00e+00	0.00e+00
64:	0.00e+00	1.13e-16
65:	0.00e+00	-4.00e+02
66:	0.00e+00	-4.00e+02
67:	0.00e+00	1.13e-16
68:	0.00e+00	0.00e+00
69:	0.00e+00	-4.00e+02
70:	0.00e+00	-4.00e+02
71:	-2.78e-17	0.00e+00
72:	0.00e+00	1.13e-16
73:	0.00e+00	-4.00e+02
74:	2.36e-16	-4.00e+02
75:	0.00e+00	1.13e-16
76:	0.00e+00	0.00e+00
77:	0.00e+00	3.33e-14
78:	-1.64e-13	3.33e-14
79:	0.00e+00	0.00e+00
80:	0.00e+00	-1.13e-16
81:	0.00e+00	-4.00e+02
82:	3.47e-16	-4.00e+02
83:	0.00e+00	-1.13e-16
84:	0.00e+00	0.00e+00
85:	0.00e+00	-4.00e+02
86:	0.00e+00	-4.00e+02
87:	-2.78e-17	0.00e+00
88:	0.00e+00	-1.13e-16
89:	0.00e+00	-4.00e+02
90:	0.00e+00	-4.00e+02
91:	0.00e+00	-1.13e-16
92:	0.00e+00	0.00e+00
93:	0.00e+00	-4.00e+02
94:	0.00e+00	-4.00e+02
95:	0.00e+00	0.00e+00
96:	0.00e+00	0.00e+00
97:	0.00e+00	-4.00e+02
98:	0.00e+00	-4.00e+02
99:	-2.78e-17	0.00e+00
100:	0.00e+00	1.13e-16
101:	0.00e+00	-4.00e+02
102:	3.47e-16	-4.00e+02
103:	0.00e+00	1.13e-16
104:	0.00e+00	0.00e+00
105:	0.00e+00	-4.00e+02
106:	0.00e+00	-4.00e+02
107:	0.00e+00	0.00e+00
108:	0.00e+00	1.13e-16
109:	0.00e+00	-4.00e+02
110:	0.00e+00	-4.00e+02
111:	0.00e+00	1.13e-16
112:	0.00e+00	0.00e+00
113:	0.00e+00	1.11e-14
114:	-1.64e-13	1.11e-14
115:	0.00e+00	0.00e+00
116:	0.00e+00	0.00e+00
117:	0.00e+00	-4.00e+02
118:	0.00e+00	-4.00e+02
119:	-1.39e-17	0.00e+00
120:	0.00e+00	0.00e+00
121:	0.00e+00	-4.00e+02
122:	0.00e+00	-4.00e+02
123:	0.00e+00	0.00e+00
124:	0.00e+00	0.00e+00
125:	0.00e+00	-4.00e+02
126:	0.00e+00	-4.00e+02
127:	0.00e+00	0.00e+00
128:	0.00e+00	0.00e+00
129:	0.00e+00	-4.00e+02
130:	0.00e+00	-4.00e+02
131:	0.00e+00	0.00e+00
132:	0.00e+00	0.00e+00
133:	0.00e+00	1.11e-14
134:	-1.64e-13	1.11e-14
135:	0.00e+00	0.00e+00
Selecting maximum: 0 with second gradient of -50.0
New op index: 27	$R_{YX-XY}$[0, 1]
Current grad: 12.08163265306152
New op index: 31	$R_{YX-XY}$[0, 2]
Current grad: 8.005511348432677
New op index: 59	$R_{YX-XY}$[1, 3]
Current grad: 6.830614275893171
New op index: 99	$R_{YX-XY}$[3, 4]
Current grad: 8.00807442208184
New op index: 38	$R_{YX+XY}$[0, 4]
Current grad: 231.39840940308852
New op index: 131	$R_{YX-XY}$[5, 7]
Current grad: 4.417877285937402
New op index: 122	$R_{YX+XY}$[4, 7]
Current grad: 4.414203446179784
New op index: 110	$R_{YX+XY}$[3, 7]
Current grad: 2.179858720665789
New op index: 99	$R_{YX-XY}$[3, 4]
Current grad: 2.1931154308220338
New op index: 51	$R_{YX-XY}$[0, 7]
Current grad: 2.623135815566126
New op index: 74	$R_{YX+XY}$[1, 7]
Current grad: 2.8883332636098853
New op index: 63	$R_{YX-XY}$[1, 4]
Current grad: 3.134092414776025
New op index: 78	$R_{YX+XY}$[2, 3]
Current grad: 2.761918273784922
New op index: 59	$R_{YX-XY}$[1, 3]
Current grad: 4.153501720851874
New op index: 99	$R_{YX-XY}$[3, 4]
Current grad: 1.7049765153477616
New op index: 34	$R_{YX+XY}$[0, 3]
Current grad: 0.022785935120004725
Parameter value cutoff reached.
Calculating energies for FreeWilson2D(N_x=2, N_y=2, mass=0.204, r=1.000)
h_im: 0.0
New op index: 26	$R_{YX+XY}$[0, 1]
Current grad: 6.563360965827769e-13
0:	0.00e+00	-5.00e+01
1:	0.00e+00	-5.00e+01
2:	0.00e+00	0.00e+00
3:	0.00e+00	-5.00e+01
4:	0.00e+00	-5.00e+01
5:	0.00e+00	0.00e+00
6:	0.00e+00	-5.00e+01
7:	0.00e+00	-5.00e+01
8:	0.00e+00	0.00e+00
9:	0.00e+00	-5.00e+01
10:	0.00e+00	-5.00e+01
11:	0.00e+00	0.00e+00
12:	0.00e+00	-5.00e+01
13:	0.00e+00	-5.00e+01
14:	0.00e+00	0.00e+00
15:	0.00e+00	-5.00e+01
16:	0.00e+00	-5.00e+01
17:	0.00e+00	0.00e+00
18:	0.00e+00	-5.00e+01
19:	0.00e+00	-5.00e+01
20:	0.00e+00	0.00e+00
21:	0.00e+00	-5.00e+01
22:	0.00e+00	-5.00e+01
23:	0.00e+00	0.00e+00
24:	0.00e+00	0.00e+00
25:	0.00e+00	3.33e-14
26:	-1.64e-13	3.33e-14
27:	0.00e+00	0.00e+00
28:	0.00e+00	0.00e+00
29:	0.00e+00	-4.00e+02
30:	0.00e+00	-4.00e+02
31:	-1.39e-17	0.00e+00
32:	0.00e+00	0.00e+00
33:	0.00e+00	-4.00e+02
34:	0.00e+00	-4.00e+02
35:	0.00e+00	0.00e+00
36:	0.00e+00	-1.22e-16
37:	0.00e+00	-4.00e+02
38:	0.00e+00	-4.00e+02
39:	0.00e+00	-1.22e-16
40:	0.00e+00	0.00e+00
41:	0.00e+00	-4.00e+02
42:	0.00e+00	-4.00e+02
43:	0.00e+00	0.00e+00
44:	0.00e+00	-1.22e-16
45:	0.00e+00	-4.00e+02
46:	2.36e-16	-4.00e+02
47:	0.00e+00	-1.22e-16
48:	0.00e+00	0.00e+00
49:	0.00e+00	-4.00e+02
50:	0.00e+00	-4.00e+02
51:	-2.78e-17	0.00e+00
52:	0.00e+00	0.00e+00
53:	0.00e+00	-4.00e+02
54:	0.00e+00	-4.00e+02
55:	0.00e+00	0.00e+00
56:	0.00e+00	0.00e+00
57:	0.00e+00	-4.00e+02
58:	0.00e+00	-4.00e+02
59:	0.00e+00	0.00e+00
60:	0.00e+00	0.00e+00
61:	0.00e+00	-4.00e+02
62:	0.00e+00	-4.00e+02
63:	0.00e+00	0.00e+00
64:	0.00e+00	1.22e-16
65:	0.00e+00	-4.00e+02
66:	0.00e+00	-4.00e+02
67:	0.00e+00	1.22e-16
68:	0.00e+00	0.00e+00
69:	0.00e+00	-4.00e+02
70:	0.00e+00	-4.00e+02
71:	-2.78e-17	0.00e+00
72:	0.00e+00	1.22e-16
73:	0.00e+00	-4.00e+02
74:	2.36e-16	-4.00e+02
75:	0.00e+00	1.22e-16
76:	0.00e+00	0.00e+00
77:	0.00e+00	3.33e-14
78:	-1.64e-13	3.33e-14
79:	0.00e+00	0.00e+00
80:	0.00e+00	-1.22e-16
81:	0.00e+00	-4.00e+02
82:	3.47e-16	-4.00e+02
83:	0.00e+00	-1.22e-16
84:	0.00e+00	0.00e+00
85:	0.00e+00	-4.00e+02
86:	0.00e+00	-4.00e+02
87:	-2.78e-17	0.00e+00
88:	0.00e+00	-1.22e-16
89:	0.00e+00	-4.00e+02
90:	0.00e+00	-4.00e+02
91:	0.00e+00	-1.22e-16
92:	0.00e+00	0.00e+00
93:	0.00e+00	-4.00e+02
94:	0.00e+00	-4.00e+02
95:	0.00e+00	0.00e+00
96:	0.00e+00	0.00e+00
97:	0.00e+00	-4.00e+02
98:	0.00e+00	-4.00e+02
99:	-2.78e-17	0.00e+00
100:	0.00e+00	1.22e-16
101:	0.00e+00	-4.00e+02
102:	3.47e-16	-4.00e+02
103:	0.00e+00	1.22e-16
104:	0.00e+00	0.00e+00
105:	0.00e+00	-4.00e+02
106:	0.00e+00	-4.00e+02
107:	0.00e+00	0.00e+00
108:	0.00e+00	1.22e-16
109:	0.00e+00	-4.00e+02
110:	0.00e+00	-4.00e+02
111:	0.00e+00	1.22e-16
112:	0.00e+00	0.00e+00
113:	0.00e+00	1.11e-14
114:	-1.64e-13	1.11e-14
115:	0.00e+00	0.00e+00
116:	0.00e+00	0.00e+00
117:	0.00e+00	-4.00e+02
118:	0.00e+00	-4.00e+02
119:	-1.39e-17	0.00e+00
120:	0.00e+00	0.00e+00
121:	0.00e+00	-4.00e+02
122:	0.00e+00	-4.00e+02
123:	0.00e+00	0.00e+00
124:	0.00e+00	0.00e+00
125:	0.00e+00	-4.00e+02
126:	0.00e+00	-4.00e+02
127:	0.00e+00	0.00e+00
128:	0.00e+00	0.00e+00
129:	0.00e+00	-4.00e+02
130:	0.00e+00	-4.00e+02
131:	0.00e+00	0.00e+00
132:	0.00e+00	0.00e+00
133:	0.00e+00	1.11e-14
134:	-1.64e-13	1.11e-14
135:	0.00e+00	0.00e+00
Selecting maximum: 0 with second gradient of -50.0
New op index: 27	$R_{YX-XY}$[0, 1]
Current grad: 12.408163265306419
New op index: 54	$R_{YX+XY}$[1, 2]
Current grad: 8.001833582148741
New op index: 110	$R_{YX+XY}$[3, 7]
Current grad: 4.010678972850517
New op index: 38	$R_{YX+XY}$[0, 4]
Current grad: 2.686755902012823
New op index: 90	$R_{YX+XY}$[2, 6]
Current grad: 0.007730737813383884
Parameter value cutoff reached.
Calculating energies for FreeWilson2D(N_x=2, N_y=2, mass=0.367, r=1.000)
h_im: 0.0
New op index: 26	$R_{YX+XY}$[0, 1]
Current grad: 6.563360965827769e-13
0:	0.00e+00	-5.00e+01
1:	0.00e+00	-5.00e+01
2:	0.00e+00	0.00e+00
3:	0.00e+00	-5.00e+01
4:	0.00e+00	-5.00e+01
5:	0.00e+00	0.00e+00
6:	0.00e+00	-5.00e+01
7:	0.00e+00	-5.00e+01
8:	0.00e+00	0.00e+00
9:	0.00e+00	-5.00e+01
10:	0.00e+00	-5.00e+01
11:	0.00e+00	0.00e+00
12:	0.00e+00	-5.00e+01
13:	0.00e+00	-5.00e+01
14:	0.00e+00	0.00e+00
15:	0.00e+00	-5.00e+01
16:	0.00e+00	-5.00e+01
17:	0.00e+00	0.00e+00
18:	0.00e+00	-5.00e+01
19:	0.00e+00	-5.00e+01
20:	0.00e+00	0.00e+00
21:	0.00e+00	-5.00e+01
22:	0.00e+00	-5.00e+01
23:	0.00e+00	0.00e+00
24:	0.00e+00	0.00e+00
25:	0.00e+00	3.33e-14
26:	-1.64e-13	3.33e-14
27:	0.00e+00	0.00e+00
28:	0.00e+00	0.00e+00
29:	0.00e+00	-4.00e+02
30:	0.00e+00	-4.00e+02
31:	-1.39e-17	0.00e+00
32:	0.00e+00	0.00e+00
33:	0.00e+00	-4.00e+02
34:	0.00e+00	-4.00e+02
35:	0.00e+00	0.00e+00
36:	0.00e+00	-1.31e-16
37:	0.00e+00	-4.00e+02
38:	0.00e+00	-4.00e+02
39:	0.00e+00	-1.31e-16
40:	0.00e+00	0.00e+00
41:	0.00e+00	-4.00e+02
42:	0.00e+00	-4.00e+02
43:	0.00e+00	0.00e+00
44:	0.00e+00	-1.31e-16
45:	0.00e+00	-4.00e+02
46:	2.36e-16	-4.00e+02
47:	0.00e+00	-1.31e-16
48:	0.00e+00	0.00e+00
49:	0.00e+00	-4.00e+02
50:	0.00e+00	-4.00e+02
51:	-2.78e-17	0.00e+00
52:	0.00e+00	0.00e+00
53:	0.00e+00	-4.00e+02
54:	0.00e+00	-4.00e+02
55:	0.00e+00	0.00e+00
56:	0.00e+00	0.00e+00
57:	0.00e+00	-4.00e+02
58:	0.00e+00	-4.00e+02
59:	0.00e+00	0.00e+00
60:	0.00e+00	0.00e+00
61:	0.00e+00	-4.00e+02
62:	0.00e+00	-4.00e+02
63:	0.00e+00	0.00e+00
64:	0.00e+00	1.31e-16
65:	0.00e+00	-4.00e+02
66:	0.00e+00	-4.00e+02
67:	0.00e+00	1.31e-16
68:	0.00e+00	0.00e+00
69:	0.00e+00	-4.00e+02
70:	0.00e+00	-4.00e+02
71:	-2.78e-17	0.00e+00
72:	0.00e+00	1.31e-16
73:	0.00e+00	-4.00e+02
74:	2.36e-16	-4.00e+02
75:	0.00e+00	1.31e-16
76:	0.00e+00	0.00e+00
77:	0.00e+00	3.33e-14
78:	-1.64e-13	3.33e-14
79:	0.00e+00	0.00e+00
80:	0.00e+00	-1.31e-16
81:	0.00e+00	-4.00e+02
82:	3.47e-16	-4.00e+02
83:	0.00e+00	-1.31e-16
84:	0.00e+00	0.00e+00
85:	0.00e+00	-4.00e+02
86:	0.00e+00	-4.00e+02
87:	-2.78e-17	0.00e+00
88:	0.00e+00	-1.31e-16
89:	0.00e+00	-4.00e+02
90:	0.00e+00	-4.00e+02
91:	0.00e+00	-1.31e-16
92:	0.00e+00	0.00e+00
93:	0.00e+00	-4.00e+02
94:	0.00e+00	-4.00e+02
95:	0.00e+00	0.00e+00
96:	0.00e+00	0.00e+00
97:	0.00e+00	-4.00e+02
98:	0.00e+00	-4.00e+02
99:	-2.78e-17	0.00e+00
100:	0.00e+00	1.31e-16
101:	0.00e+00	-4.00e+02
102:	3.47e-16	-4.00e+02
103:	0.00e+00	1.31e-16
104:	0.00e+00	0.00e+00
105:	0.00e+00	-4.00e+02
106:	0.00e+00	-4.00e+02
107:	0.00e+00	0.00e+00
108:	0.00e+00	1.31e-16
109:	0.00e+00	-4.00e+02
110:	0.00e+00	-4.00e+02
111:	0.00e+00	1.31e-16
112:	0.00e+00	0.00e+00
113:	0.00e+00	1.11e-14
114:	-1.64e-13	1.11e-14
115:	0.00e+00	0.00e+00
116:	0.00e+00	0.00e+00
117:	0.00e+00	-4.00e+02
118:	0.00e+00	-4.00e+02
119:	-1.39e-17	0.00e+00
120:	0.00e+00	0.00e+00
121:	0.00e+00	-4.00e+02
122:	0.00e+00	-4.00e+02
123:	0.00e+00	0.00e+00
124:	0.00e+00	0.00e+00
125:	0.00e+00	-4.00e+02
126:	0.00e+00	-4.00e+02
127:	0.00e+00	0.00e+00
128:	0.00e+00	0.00e+00
129:	0.00e+00	-4.00e+02
130:	0.00e+00	-4.00e+02
131:	0.00e+00	0.00e+00
132:	0.00e+00	0.00e+00
133:	0.00e+00	1.11e-14
134:	-1.64e-13	1.11e-14
135:	0.00e+00	0.00e+00
Selecting maximum: 0 with second gradient of -50.0
New op index: 27	$R_{YX-XY}$[0, 1]
Current grad: 12.734693877551313
New op index: 59	$R_{YX-XY}$[1, 3]
Current grad: 8.000083542682354
New op index: 31	$R_{YX-XY}$[0, 2]
Current grad: 13.65687958167948
New op index: 99	$R_{YX-XY}$[3, 4]
Current grad: 8.002484566565096
New op index: 38	$R_{YX+XY}$[0, 4]
Current grad: 231.21064572652952
New op index: 131	$R_{YX-XY}$[5, 7]
Current grad: 4.415166707649531
New op index: 122	$R_{YX+XY}$[4, 7]
Current grad: 4.4191387366439585
New op index: 110	$R_{YX+XY}$[3, 7]
Current grad: 2.1728283858431396
New op index: 99	$R_{YX-XY}$[3, 4]
Current grad: 2.187179276720089
New op index: 51	$R_{YX-XY}$[0, 7]
Current grad: 2.6228668402667132
New op index: 74	$R_{YX+XY}$[1, 7]
Current grad: 2.88751157824744
New op index: 63	$R_{YX-XY}$[1, 4]
Current grad: 3.135948526495145
New op index: 78	$R_{YX+XY}$[2, 3]
Current grad: 2.765391048968307
New op index: 59	$R_{YX-XY}$[1, 3]
Current grad: 4.0111015016304
New op index: 99	$R_{YX-XY}$[3, 4]
Current grad: 1.6973918362608158
New op index: 54	$R_{YX+XY}$[1, 2]
Current grad: 0.01582751720543639
Parameter value cutoff reached.
Calculating energies for FreeWilson2D(N_x=2, N_y=2, mass=0.531, r=1.000)
h_im: 0.0
New op index: 26	$R_{YX+XY}$[0, 1]
Current grad: 6.563360965827769e-13
0:	0.00e+00	-5.00e+01
1:	0.00e+00	-5.00e+01
2:	0.00e+00	0.00e+00
3:	0.00e+00	-5.00e+01
4:	0.00e+00	-5.00e+01
5:	0.00e+00	0.00e+00
6:	0.00e+00	-5.00e+01
7:	0.00e+00	-5.00e+01
8:	0.00e+00	0.00e+00
9:	0.00e+00	-5.00e+01
10:	0.00e+00	-5.00e+01
11:	0.00e+00	0.00e+00
12:	0.00e+00	-5.00e+01
13:	0.00e+00	-5.00e+01
14:	0.00e+00	0.00e+00
15:	0.00e+00	-5.00e+01
16:	0.00e+00	-5.00e+01
17:	0.00e+00	0.00e+00
18:	0.00e+00	-5.00e+01
19:	0.00e+00	-5.00e+01
20:	0.00e+00	0.00e+00
21:	0.00e+00	-5.00e+01
22:	0.00e+00	-5.00e+01
23:	0.00e+00	0.00e+00
24:	0.00e+00	0.00e+00
25:	0.00e+00	3.33e-14
26:	-1.64e-13	3.33e-14
27:	0.00e+00	0.00e+00
28:	0.00e+00	0.00e+00
29:	0.00e+00	-4.00e+02
30:	0.00e+00	-4.00e+02
31:	-1.39e-17	0.00e+00
32:	0.00e+00	0.00e+00
33:	0.00e+00	-4.00e+02
34:	0.00e+00	-4.00e+02
35:	0.00e+00	0.00e+00
36:	0.00e+00	-1.40e-16
37:	0.00e+00	-4.00e+02
38:	0.00e+00	-4.00e+02
39:	0.00e+00	-1.40e-16
40:	0.00e+00	0.00e+00
41:	0.00e+00	-4.00e+02
42:	0.00e+00	-4.00e+02
43:	0.00e+00	0.00e+00
44:	0.00e+00	-1.40e-16
45:	0.00e+00	-4.00e+02
46:	2.36e-16	-4.00e+02
47:	0.00e+00	-1.40e-16
48:	0.00e+00	0.00e+00
49:	0.00e+00	-4.00e+02
50:	0.00e+00	-4.00e+02
51:	-2.78e-17	0.00e+00
52:	0.00e+00	0.00e+00
53:	0.00e+00	-4.00e+02
54:	0.00e+00	-4.00e+02
55:	0.00e+00	0.00e+00
56:	0.00e+00	0.00e+00
57:	0.00e+00	-4.00e+02
58:	0.00e+00	-4.00e+02
59:	0.00e+00	0.00e+00
60:	0.00e+00	0.00e+00
61:	0.00e+00	-4.00e+02
62:	0.00e+00	-4.00e+02
63:	0.00e+00	0.00e+00
64:	0.00e+00	1.40e-16
65:	0.00e+00	-4.00e+02
66:	0.00e+00	-4.00e+02
67:	0.00e+00	1.40e-16
68:	0.00e+00	0.00e+00
69:	0.00e+00	-4.00e+02
70:	0.00e+00	-4.00e+02
71:	-2.78e-17	0.00e+00
72:	0.00e+00	1.40e-16
73:	0.00e+00	-4.00e+02
74:	2.36e-16	-4.00e+02
75:	0.00e+00	1.40e-16
76:	0.00e+00	0.00e+00
77:	0.00e+00	3.33e-14
78:	-1.64e-13	3.33e-14
79:	0.00e+00	0.00e+00
80:	0.00e+00	-1.40e-16
81:	0.00e+00	-4.00e+02
82:	3.47e-16	-4.00e+02
83:	0.00e+00	-1.40e-16
84:	0.00e+00	0.00e+00
85:	0.00e+00	-4.00e+02
86:	0.00e+00	-4.00e+02
87:	-2.78e-17	0.00e+00
88:	0.00e+00	-1.40e-16
89:	0.00e+00	-4.00e+02
90:	0.00e+00	-4.00e+02
91:	0.00e+00	-1.40e-16
92:	0.00e+00	0.00e+00
93:	0.00e+00	-4.00e+02
94:	0.00e+00	-4.00e+02
95:	0.00e+00	0.00e+00
96:	0.00e+00	0.00e+00
97:	0.00e+00	-4.00e+02
98:	0.00e+00	-4.00e+02
99:	-2.78e-17	0.00e+00
100:	0.00e+00	1.40e-16
101:	0.00e+00	-4.00e+02
102:	3.47e-16	-4.00e+02
103:	0.00e+00	1.40e-16
104:	0.00e+00	0.00e+00
105:	0.00e+00	-4.00e+02
106:	0.00e+00	-4.00e+02
107:	0.00e+00	0.00e+00
108:	0.00e+00	1.40e-16
109:	0.00e+00	-4.00e+02
110:	0.00e+00	-4.00e+02
111:	0.00e+00	1.40e-16
112:	0.00e+00	0.00e+00
113:	0.00e+00	1.11e-14
114:	-1.64e-13	1.11e-14
115:	0.00e+00	0.00e+00
116:	0.00e+00	0.00e+00
117:	0.00e+00	-4.00e+02
118:	0.00e+00	-4.00e+02
119:	-1.39e-17	0.00e+00
120:	0.00e+00	0.00e+00
121:	0.00e+00	-4.00e+02
122:	0.00e+00	-4.00e+02
123:	0.00e+00	0.00e+00
124:	0.00e+00	0.00e+00
125:	0.00e+00	-4.00e+02
126:	0.00e+00	-4.00e+02
127:	0.00e+00	0.00e+00
128:	0.00e+00	0.00e+00
129:	0.00e+00	-4.00e+02
130:	0.00e+00	-4.00e+02
131:	0.00e+00	0.00e+00
132:	0.00e+00	0.00e+00
133:	0.00e+00	1.11e-14
134:	-1.64e-13	1.11e-14
135:	0.00e+00	0.00e+00
Selecting maximum: 0 with second gradient of -50.0
New op index: 27	$R_{YX-XY}$[0, 1]
Current grad: 13.061224489796212
New op index: 59	$R_{YX-XY}$[1, 3]
Current grad: 8.004539108892605
New op index: 31	$R_{YX-XY}$[0, 2]
Current grad: 13.662383945803274
New op index: 107	$R_{YX-XY}$[3, 6]
Current grad: 8.00071710680464
New op index: 90	$R_{YX+XY}$[2, 6]
Current grad: 430.1445054812605
New op index: 119	$R_{YX-XY}$[4, 6]
Current grad: 7.004794016486069
New op index: 99	$R_{YX-XY}$[3, 4]
Current grad: 5.8116987535857785
New op index: 87	$R_{YX-XY}$[2, 5]
Current grad: 4.437674195988754
New op index: 78	$R_{YX+XY}$[2, 3]
Current grad: 3.5452318675178365
New op index: 134	$R_{YX+XY}$[6, 7]
Current grad: 3.4318562421956615
New op index: 126	$R_{YX+XY}$[5, 6]
Current grad: 2.933185438295508
New op index: 90	$R_{YX+XY}$[2, 6]
Current grad: 9.290200405128466
New op index: 51	$R_{YX-XY}$[0, 7]
Current grad: 4.9281063220520425
New op index: 119	$R_{YX-XY}$[4, 6]
Current grad: 5.9179110718606545
New op index: 122	$R_{YX+XY}$[4, 7]
Current grad: 6.0353751963734545
New op index: 82	$R_{YX+XY}$[2, 4]
Current grad: 4.9422344802660145
New op index: 107	$R_{YX-XY}$[3, 6]
Current grad: 2.1632774642532344
New op index: 71	$R_{YX-XY}$[1, 6]
Current grad: 3.108507431593346
New op index: 114	$R_{YX+XY}$[4, 5]
Current grad: 2.876503632675771
New op index: 74	$R_{YX+XY}$[1, 7]
Current grad: 2.084340097159238
New op index: 54	$R_{YX+XY}$[1, 2]
Current grad: 1.7272089312935608
New op index: 34	$R_{YX+XY}$[0, 3]
Current grad: 2.2984729630087504
New op index: 43	$R_{YX-XY}$[0, 5]
Current grad: 1.9186582775555006
New op index: 46	$R_{YX+XY}$[0, 6]
Current grad: 1.3640610771011468
New op index: 63	$R_{YX-XY}$[1, 4]
Current grad: 1.1460117196304296
New op index: 71	$R_{YX-XY}$[1, 6]
Current grad: 0.9042951039012272
New op index: 66	$R_{YX+XY}$[1, 5]
Current grad: 0.0822291746500002
Parameter value cutoff reached.
Calculating energies for FreeWilson2D(N_x=2, N_y=2, mass=0.694, r=1.000)
h_im: 0.0
New op index: 26	$R_{YX+XY}$[0, 1]
Current grad: 6.563360965827769e-13
0:	0.00e+00	-5.00e+01
1:	0.00e+00	-5.00e+01
2:	0.00e+00	0.00e+00
3:	0.00e+00	-5.00e+01
4:	0.00e+00	-5.00e+01
5:	0.00e+00	0.00e+00
6:	0.00e+00	-5.00e+01
7:	0.00e+00	-5.00e+01
8:	0.00e+00	0.00e+00
9:	0.00e+00	-5.00e+01
10:	0.00e+00	-5.00e+01
11:	0.00e+00	0.00e+00
12:	0.00e+00	-5.00e+01
13:	0.00e+00	-5.00e+01
14:	0.00e+00	0.00e+00
15:	0.00e+00	-5.00e+01
16:	0.00e+00	-5.00e+01
17:	0.00e+00	0.00e+00
18:	0.00e+00	-5.00e+01
19:	0.00e+00	-5.00e+01
20:	0.00e+00	0.00e+00
21:	0.00e+00	-5.00e+01
22:	0.00e+00	-5.00e+01
23:	0.00e+00	0.00e+00
24:	0.00e+00	0.00e+00
25:	0.00e+00	3.33e-14
26:	-1.64e-13	3.33e-14
27:	0.00e+00	0.00e+00
28:	0.00e+00	0.00e+00
29:	0.00e+00	-4.00e+02
30:	0.00e+00	-4.00e+02
31:	-1.39e-17	0.00e+00
32:	0.00e+00	0.00e+00
33:	0.00e+00	-4.00e+02
34:	0.00e+00	-4.00e+02
35:	0.00e+00	0.00e+00
36:	0.00e+00	-1.50e-16
37:	0.00e+00	-4.00e+02
38:	0.00e+00	-4.00e+02
39:	0.00e+00	-1.50e-16
40:	0.00e+00	0.00e+00
41:	0.00e+00	-4.00e+02
42:	0.00e+00	-4.00e+02
43:	0.00e+00	0.00e+00
44:	0.00e+00	-1.50e-16
45:	0.00e+00	-4.00e+02
46:	2.36e-16	-4.00e+02
47:	0.00e+00	-1.50e-16
48:	0.00e+00	0.00e+00
49:	0.00e+00	-4.00e+02
50:	0.00e+00	-4.00e+02
51:	-2.78e-17	0.00e+00
52:	0.00e+00	0.00e+00
53:	0.00e+00	-4.00e+02
54:	0.00e+00	-4.00e+02
55:	0.00e+00	0.00e+00
56:	0.00e+00	0.00e+00
57:	0.00e+00	-4.00e+02
58:	0.00e+00	-4.00e+02
59:	0.00e+00	0.00e+00
60:	0.00e+00	0.00e+00
61:	0.00e+00	-4.00e+02
62:	0.00e+00	-4.00e+02
63:	0.00e+00	0.00e+00
64:	0.00e+00	1.50e-16
65:	0.00e+00	-4.00e+02
66:	0.00e+00	-4.00e+02
67:	0.00e+00	1.50e-16
68:	0.00e+00	0.00e+00
69:	0.00e+00	-4.00e+02
70:	0.00e+00	-4.00e+02
71:	-2.78e-17	0.00e+00
72:	0.00e+00	1.50e-16
73:	0.00e+00	-4.00e+02
74:	2.36e-16	-4.00e+02
75:	0.00e+00	1.50e-16
76:	0.00e+00	0.00e+00
77:	0.00e+00	3.33e-14
78:	-1.64e-13	3.33e-14
79:	0.00e+00	0.00e+00
80:	0.00e+00	-1.50e-16
81:	0.00e+00	-4.00e+02
82:	3.47e-16	-4.00e+02
83:	0.00e+00	-1.50e-16
84:	0.00e+00	0.00e+00
85:	0.00e+00	-4.00e+02
86:	0.00e+00	-4.00e+02
87:	-2.78e-17	0.00e+00
88:	0.00e+00	-1.50e-16
89:	0.00e+00	-4.00e+02
90:	0.00e+00	-4.00e+02
91:	0.00e+00	-1.50e-16
92:	0.00e+00	0.00e+00
93:	0.00e+00	-4.00e+02
94:	0.00e+00	-4.00e+02
95:	0.00e+00	0.00e+00
96:	0.00e+00	0.00e+00
97:	0.00e+00	-4.00e+02
98:	0.00e+00	-4.00e+02
99:	-2.78e-17	0.00e+00
100:	0.00e+00	1.50e-16
101:	0.00e+00	-4.00e+02
102:	3.47e-16	-4.00e+02
103:	0.00e+00	1.50e-16
104:	0.00e+00	0.00e+00
105:	0.00e+00	-4.00e+02
106:	0.00e+00	-4.00e+02
107:	0.00e+00	0.00e+00
108:	0.00e+00	1.50e-16
109:	0.00e+00	-4.00e+02
110:	0.00e+00	-4.00e+02
111:	0.00e+00	1.50e-16
112:	0.00e+00	0.00e+00
113:	0.00e+00	1.11e-14
114:	-1.64e-13	1.11e-14
115:	0.00e+00	0.00e+00
116:	0.00e+00	0.00e+00
117:	0.00e+00	-4.00e+02
118:	0.00e+00	-4.00e+02
119:	-1.39e-17	0.00e+00
120:	0.00e+00	0.00e+00
121:	0.00e+00	-4.00e+02
122:	0.00e+00	-4.00e+02
123:	0.00e+00	0.00e+00
124:	0.00e+00	0.00e+00
125:	0.00e+00	-4.00e+02
126:	0.00e+00	-4.00e+02
127:	0.00e+00	0.00e+00
128:	0.00e+00	0.00e+00
129:	0.00e+00	-4.00e+02
130:	0.00e+00	-4.00e+02
131:	0.00e+00	0.00e+00
132:	0.00e+00	0.00e+00
133:	0.00e+00	1.11e-14
134:	-1.64e-13	1.11e-14
135:	0.00e+00	0.00e+00
Selecting maximum: 0 with second gradient of -50.0
New op index: 27	$R_{YX-XY}$[0, 1]
Current grad: 13.38775510204111
New op index: 34	$R_{YX+XY}$[0, 3]
Current grad: 8.000019894102914
New op index: 38	$R_{YX+XY}$[0, 4]
Current grad: 4.000203317525067
New op index: 131	$R_{YX-XY}$[5, 7]
Current grad: 9.172350587889069
New op index: 122	$R_{YX+XY}$[4, 7]
Current grad: 481.2063058022938
New op index: 38	$R_{YX+XY}$[0, 4]
Current grad: 0.014087293886345302
Parameter value cutoff reached.
Calculating energies for FreeWilson2D(N_x=2, N_y=2, mass=0.857, r=1.000)
h_im: 0.0
New op index: 26	$R_{YX+XY}$[0, 1]
Current grad: 6.563360965827769e-13
0:	0.00e+00	-5.00e+01
1:	0.00e+00	-5.00e+01
2:	0.00e+00	0.00e+00
3:	0.00e+00	-5.00e+01
4:	0.00e+00	-5.00e+01
5:	0.00e+00	0.00e+00
6:	0.00e+00	-5.00e+01
7:	0.00e+00	-5.00e+01
8:	0.00e+00	0.00e+00
9:	0.00e+00	-5.00e+01
10:	0.00e+00	-5.00e+01
11:	0.00e+00	0.00e+00
12:	0.00e+00	-5.00e+01
13:	0.00e+00	-5.00e+01
14:	0.00e+00	0.00e+00
15:	0.00e+00	-5.00e+01
16:	0.00e+00	-5.00e+01
17:	0.00e+00	0.00e+00
18:	0.00e+00	-5.00e+01
19:	0.00e+00	-5.00e+01
20:	0.00e+00	0.00e+00
21:	0.00e+00	-5.00e+01
22:	0.00e+00	-5.00e+01
23:	0.00e+00	0.00e+00
24:	0.00e+00	0.00e+00
25:	0.00e+00	3.33e-14
26:	-1.64e-13	3.33e-14
27:	0.00e+00	0.00e+00
28:	0.00e+00	0.00e+00
29:	0.00e+00	-4.00e+02
30:	0.00e+00	-4.00e+02
31:	-1.39e-17	0.00e+00
32:	0.00e+00	0.00e+00
33:	0.00e+00	-4.00e+02
34:	0.00e+00	-4.00e+02
35:	0.00e+00	0.00e+00
36:	0.00e+00	-1.59e-16
37:	0.00e+00	-4.00e+02
38:	0.00e+00	-4.00e+02
39:	0.00e+00	-1.59e-16
40:	0.00e+00	0.00e+00
41:	0.00e+00	-4.00e+02
42:	0.00e+00	-4.00e+02
43:	0.00e+00	0.00e+00
44:	0.00e+00	-1.59e-16
45:	0.00e+00	-4.00e+02
46:	2.36e-16	-4.00e+02
47:	0.00e+00	-1.59e-16
48:	0.00e+00	0.00e+00
49:	0.00e+00	-4.00e+02
50:	0.00e+00	-4.00e+02
51:	-2.78e-17	0.00e+00
52:	0.00e+00	0.00e+00
53:	0.00e+00	-4.00e+02
54:	0.00e+00	-4.00e+02
55:	0.00e+00	0.00e+00
56:	0.00e+00	0.00e+00
57:	0.00e+00	-4.00e+02
58:	0.00e+00	-4.00e+02
59:	0.00e+00	0.00e+00
60:	0.00e+00	0.00e+00
61:	0.00e+00	-4.00e+02
62:	0.00e+00	-4.00e+02
63:	0.00e+00	0.00e+00
64:	0.00e+00	1.59e-16
65:	0.00e+00	-4.00e+02
66:	0.00e+00	-4.00e+02
67:	0.00e+00	1.59e-16
68:	0.00e+00	0.00e+00
69:	0.00e+00	-4.00e+02
70:	0.00e+00	-4.00e+02
71:	-2.78e-17	0.00e+00
72:	0.00e+00	1.59e-16
73:	0.00e+00	-4.00e+02
74:	2.36e-16	-4.00e+02
75:	0.00e+00	1.59e-16
76:	0.00e+00	0.00e+00
77:	0.00e+00	3.33e-14
78:	-1.64e-13	3.33e-14
79:	0.00e+00	0.00e+00
80:	0.00e+00	-1.59e-16
81:	0.00e+00	-4.00e+02
82:	3.47e-16	-4.00e+02
83:	0.00e+00	-1.59e-16
84:	0.00e+00	0.00e+00
85:	0.00e+00	-4.00e+02
86:	0.00e+00	-4.00e+02
87:	-2.78e-17	0.00e+00
88:	0.00e+00	-1.59e-16
89:	0.00e+00	-4.00e+02
90:	0.00e+00	-4.00e+02
91:	0.00e+00	-1.59e-16
92:	0.00e+00	0.00e+00
93:	0.00e+00	-4.00e+02
94:	0.00e+00	-4.00e+02
95:	0.00e+00	0.00e+00
96:	0.00e+00	0.00e+00
97:	0.00e+00	-4.00e+02
98:	0.00e+00	-4.00e+02
99:	-2.78e-17	0.00e+00
100:	0.00e+00	1.59e-16
101:	0.00e+00	-4.00e+02
102:	3.47e-16	-4.00e+02
103:	0.00e+00	1.59e-16
104:	0.00e+00	0.00e+00
105:	0.00e+00	-4.00e+02
106:	0.00e+00	-4.00e+02
107:	0.00e+00	0.00e+00
108:	0.00e+00	1.59e-16
109:	0.00e+00	-4.00e+02
110:	0.00e+00	-4.00e+02
111:	0.00e+00	1.59e-16
112:	0.00e+00	0.00e+00
113:	0.00e+00	1.11e-14
114:	-1.64e-13	1.11e-14
115:	0.00e+00	0.00e+00
116:	0.00e+00	0.00e+00
117:	0.00e+00	-4.00e+02
118:	0.00e+00	-4.00e+02
119:	-1.39e-17	0.00e+00
120:	0.00e+00	0.00e+00
121:	0.00e+00	-4.00e+02
122:	0.00e+00	-4.00e+02
123:	0.00e+00	0.00e+00
124:	0.00e+00	0.00e+00
125:	0.00e+00	-4.00e+02
126:	0.00e+00	-4.00e+02
127:	0.00e+00	0.00e+00
128:	0.00e+00	0.00e+00
129:	0.00e+00	-4.00e+02
130:	0.00e+00	-4.00e+02
131:	0.00e+00	0.00e+00
132:	0.00e+00	0.00e+00
133:	0.00e+00	1.11e-14
134:	-1.64e-13	1.11e-14
135:	0.00e+00	0.00e+00
Selecting maximum: 0 with second gradient of -50.0
New op index: 27	$R_{YX-XY}$[0, 1]
Current grad: 13.714285714286008
New op index: 59	$R_{YX-XY}$[1, 3]
Current grad: 8.000054994325422
New op index: 31	$R_{YX-XY}$[0, 2]
Current grad: 13.657040483359582
New op index: 46	$R_{YX+XY}$[0, 6]
Current grad: 8.000568206762006
New op index: 119	$R_{YX-XY}$[4, 6]
Current grad: 6.000826754316941
New op index: 126	$R_{YX+XY}$[5, 6]
Current grad: 5.33385609688119
New op index: 99	$R_{YX-XY}$[3, 4]
Current grad: 3.314816508846719
New op index: 74	$R_{YX+XY}$[1, 7]
Current grad: 3.781023793043146
New op index: 110	$R_{YX+XY}$[3, 7]
Current grad: 4.242537143785877
New op index: 46	$R_{YX+XY}$[0, 6]
Current grad: 6.713315069954301
New op index: 134	$R_{YX+XY}$[6, 7]
Current grad: 5.724738646272773
Parameter value cutoff reached.
Calculating energies for FreeWilson2D(N_x=2, N_y=2, mass=1.020, r=1.000)
h_im: 0.0
New op index: 26	$R_{YX+XY}$[0, 1]
Current grad: 6.563360965827769e-13
0:	0.00e+00	-5.00e+01
1:	0.00e+00	-5.00e+01
2:	0.00e+00	0.00e+00
3:	0.00e+00	-5.00e+01
4:	0.00e+00	-5.00e+01
5:	0.00e+00	0.00e+00
6:	0.00e+00	-5.00e+01
7:	0.00e+00	-5.00e+01
8:	0.00e+00	0.00e+00
9:	0.00e+00	-5.00e+01
10:	0.00e+00	-5.00e+01
11:	0.00e+00	0.00e+00
12:	0.00e+00	-5.00e+01
13:	0.00e+00	-5.00e+01
14:	0.00e+00	0.00e+00
15:	0.00e+00	-5.00e+01
16:	0.00e+00	-5.00e+01
17:	0.00e+00	0.00e+00
18:	0.00e+00	-5.00e+01
19:	0.00e+00	-5.00e+01
20:	0.00e+00	0.00e+00
21:	0.00e+00	-5.00e+01
22:	0.00e+00	-5.00e+01
23:	0.00e+00	0.00e+00
24:	0.00e+00	0.00e+00
25:	0.00e+00	3.33e-14
26:	-1.64e-13	3.33e-14
27:	0.00e+00	0.00e+00
28:	0.00e+00	0.00e+00
29:	0.00e+00	-4.00e+02
30:	0.00e+00	-4.00e+02
31:	-1.39e-17	0.00e+00
32:	0.00e+00	0.00e+00
33:	0.00e+00	-4.00e+02
34:	0.00e+00	-4.00e+02
35:	0.00e+00	0.00e+00
36:	0.00e+00	-1.68e-16
37:	0.00e+00	-4.00e+02
38:	0.00e+00	-4.00e+02
39:	0.00e+00	-1.68e-16
40:	0.00e+00	0.00e+00
41:	0.00e+00	-4.00e+02
42:	0.00e+00	-4.00e+02
43:	0.00e+00	0.00e+00
44:	0.00e+00	-1.68e-16
45:	0.00e+00	-4.00e+02
46:	2.36e-16	-4.00e+02
47:	0.00e+00	-1.68e-16
48:	0.00e+00	0.00e+00
49:	0.00e+00	-4.00e+02
50:	0.00e+00	-4.00e+02
51:	-2.78e-17	0.00e+00
52:	0.00e+00	0.00e+00
53:	0.00e+00	-4.00e+02
54:	0.00e+00	-4.00e+02
55:	0.00e+00	0.00e+00
56:	0.00e+00	0.00e+00
57:	0.00e+00	-4.00e+02
58:	0.00e+00	-4.00e+02
59:	0.00e+00	0.00e+00
60:	0.00e+00	0.00e+00
61:	0.00e+00	-4.00e+02
62:	0.00e+00	-4.00e+02
63:	0.00e+00	0.00e+00
64:	0.00e+00	1.68e-16
65:	0.00e+00	-4.00e+02
66:	0.00e+00	-4.00e+02
67:	0.00e+00	1.68e-16
68:	0.00e+00	0.00e+00
69:	0.00e+00	-4.00e+02
70:	0.00e+00	-4.00e+02
71:	-2.78e-17	0.00e+00
72:	0.00e+00	1.68e-16
73:	0.00e+00	-4.00e+02
74:	2.36e-16	-4.00e+02
75:	0.00e+00	1.68e-16
76:	0.00e+00	0.00e+00
77:	0.00e+00	3.33e-14
78:	-1.64e-13	3.33e-14
79:	0.00e+00	0.00e+00
80:	0.00e+00	-1.68e-16
81:	0.00e+00	-4.00e+02
82:	3.47e-16	-4.00e+02
83:	0.00e+00	-1.68e-16
84:	0.00e+00	0.00e+00
85:	0.00e+00	-4.00e+02
86:	0.00e+00	-4.00e+02
87:	-2.78e-17	0.00e+00
88:	0.00e+00	-1.68e-16
89:	0.00e+00	-4.00e+02
90:	0.00e+00	-4.00e+02
91:	0.00e+00	-1.68e-16
92:	0.00e+00	0.00e+00
93:	0.00e+00	-4.00e+02
94:	0.00e+00	-4.00e+02
95:	0.00e+00	0.00e+00
96:	0.00e+00	0.00e+00
97:	0.00e+00	-4.00e+02
98:	0.00e+00	-4.00e+02
99:	-2.78e-17	0.00e+00
100:	0.00e+00	1.68e-16
101:	0.00e+00	-4.00e+02
102:	3.47e-16	-4.00e+02
103:	0.00e+00	1.68e-16
104:	0.00e+00	0.00e+00
105:	0.00e+00	-4.00e+02
106:	0.00e+00	-4.00e+02
107:	0.00e+00	0.00e+00
108:	0.00e+00	1.68e-16
109:	0.00e+00	-4.00e+02
110:	0.00e+00	-4.00e+02
111:	0.00e+00	1.68e-16
112:	0.00e+00	0.00e+00
113:	0.00e+00	1.11e-14
114:	-1.64e-13	1.11e-14
115:	0.00e+00	0.00e+00
116:	0.00e+00	0.00e+00
117:	0.00e+00	-4.00e+02
118:	0.00e+00	-4.00e+02
119:	-1.39e-17	0.00e+00
120:	0.00e+00	0.00e+00
121:	0.00e+00	-4.00e+02
122:	0.00e+00	-4.00e+02
123:	0.00e+00	0.00e+00
124:	0.00e+00	0.00e+00
125:	0.00e+00	-4.00e+02
126:	0.00e+00	-4.00e+02
127:	0.00e+00	0.00e+00
128:	0.00e+00	0.00e+00
129:	0.00e+00	-4.00e+02
130:	0.00e+00	-4.00e+02
131:	0.00e+00	0.00e+00
132:	0.00e+00	0.00e+00
133:	0.00e+00	1.11e-14
134:	-1.64e-13	1.11e-14
135:	0.00e+00	0.00e+00
Selecting maximum: 0 with second gradient of -50.0
New op index: 27	$R_{YX-XY}$[0, 1]
Current grad: 14.040816326530907
New op index: 59	$R_{YX-XY}$[1, 3]
Current grad: 8.001508795990686
New op index: 31	$R_{YX-XY}$[0, 2]
Current grad: 13.656903422299806
New op index: 46	$R_{YX+XY}$[0, 6]
Current grad: 8.00010284986205
New op index: 119	$R_{YX-XY}$[4, 6]
Current grad: 6.000176072836888
New op index: 126	$R_{YX+XY}$[5, 6]
Current grad: 5.422482656010431
New op index: 99	$R_{YX-XY}$[3, 4]
Current grad: 3.3150266455500663
New op index: 74	$R_{YX+XY}$[1, 7]
Current grad: 3.7872789477281645
New op index: 110	$R_{YX+XY}$[3, 7]
Current grad: 4.830524523123093
New op index: 46	$R_{YX+XY}$[0, 6]
Current grad: 6.711734765617706
New op index: 134	$R_{YX+XY}$[6, 7]
Current grad: 5.726245942125315
Parameter value cutoff reached.
Calculating energies for FreeWilson2D(N_x=2, N_y=2, mass=1.184, r=1.000)
h_im: 0.0
New op index: 26	$R_{YX+XY}$[0, 1]
Current grad: 6.563360965827769e-13
0:	0.00e+00	-5.00e+01
1:	0.00e+00	-5.00e+01
2:	0.00e+00	0.00e+00
3:	0.00e+00	-5.00e+01
4:	0.00e+00	-5.00e+01
5:	0.00e+00	0.00e+00
6:	0.00e+00	-5.00e+01
7:	0.00e+00	-5.00e+01
8:	0.00e+00	0.00e+00
9:	0.00e+00	-5.00e+01
10:	0.00e+00	-5.00e+01
11:	0.00e+00	0.00e+00
12:	0.00e+00	-5.00e+01
13:	0.00e+00	-5.00e+01
14:	0.00e+00	0.00e+00
15:	0.00e+00	-5.00e+01
16:	0.00e+00	-5.00e+01
17:	0.00e+00	0.00e+00
18:	0.00e+00	-5.00e+01
19:	0.00e+00	-5.00e+01
20:	0.00e+00	0.00e+00
21:	0.00e+00	-5.00e+01
22:	0.00e+00	-5.00e+01
23:	0.00e+00	0.00e+00
24:	0.00e+00	0.00e+00
25:	0.00e+00	3.33e-14
26:	-1.64e-13	3.33e-14
27:	0.00e+00	0.00e+00
28:	0.00e+00	0.00e+00
29:	0.00e+00	-4.00e+02
30:	0.00e+00	-4.00e+02
31:	-1.39e-17	0.00e+00
32:	0.00e+00	0.00e+00
33:	0.00e+00	-4.00e+02
34:	0.00e+00	-4.00e+02
35:	0.00e+00	0.00e+00
36:	0.00e+00	-1.77e-16
37:	0.00e+00	-4.00e+02
38:	0.00e+00	-4.00e+02
39:	0.00e+00	-1.77e-16
40:	0.00e+00	0.00e+00
41:	0.00e+00	-4.00e+02
42:	0.00e+00	-4.00e+02
43:	0.00e+00	0.00e+00
44:	0.00e+00	-1.77e-16
45:	0.00e+00	-4.00e+02
46:	2.36e-16	-4.00e+02
47:	0.00e+00	-1.77e-16
48:	0.00e+00	0.00e+00
49:	0.00e+00	-4.00e+02
50:	0.00e+00	-4.00e+02
51:	-2.78e-17	0.00e+00
52:	0.00e+00	0.00e+00
53:	0.00e+00	-4.00e+02
54:	0.00e+00	-4.00e+02
55:	0.00e+00	0.00e+00
56:	0.00e+00	0.00e+00
57:	0.00e+00	-4.00e+02
58:	0.00e+00	-4.00e+02
59:	0.00e+00	0.00e+00
60:	0.00e+00	0.00e+00
61:	0.00e+00	-4.00e+02
62:	0.00e+00	-4.00e+02
63:	0.00e+00	0.00e+00
64:	0.00e+00	1.77e-16
65:	0.00e+00	-4.00e+02
66:	0.00e+00	-4.00e+02
67:	0.00e+00	1.77e-16
68:	0.00e+00	0.00e+00
69:	0.00e+00	-4.00e+02
70:	0.00e+00	-4.00e+02
71:	-2.78e-17	0.00e+00
72:	0.00e+00	1.77e-16
73:	0.00e+00	-4.00e+02
74:	2.36e-16	-4.00e+02
75:	0.00e+00	1.77e-16
76:	0.00e+00	0.00e+00
77:	0.00e+00	3.33e-14
78:	-1.64e-13	3.33e-14
79:	0.00e+00	0.00e+00
80:	0.00e+00	-1.77e-16
81:	0.00e+00	-4.00e+02
82:	3.47e-16	-4.00e+02
83:	0.00e+00	-1.77e-16
84:	0.00e+00	0.00e+00
85:	0.00e+00	-4.00e+02
86:	0.00e+00	-4.00e+02
87:	-2.78e-17	0.00e+00
88:	0.00e+00	-1.77e-16
89:	0.00e+00	-4.00e+02
90:	0.00e+00	-4.00e+02
91:	0.00e+00	-1.77e-16
92:	0.00e+00	0.00e+00
93:	0.00e+00	-4.00e+02
94:	0.00e+00	-4.00e+02
95:	0.00e+00	0.00e+00
96:	0.00e+00	0.00e+00
97:	0.00e+00	-4.00e+02
98:	0.00e+00	-4.00e+02
99:	-2.78e-17	0.00e+00
100:	0.00e+00	1.77e-16
101:	0.00e+00	-4.00e+02
102:	3.47e-16	-4.00e+02
103:	0.00e+00	1.77e-16
104:	0.00e+00	0.00e+00
105:	0.00e+00	-4.00e+02
106:	0.00e+00	-4.00e+02
107:	0.00e+00	0.00e+00
108:	0.00e+00	1.77e-16
109:	0.00e+00	-4.00e+02
110:	0.00e+00	-4.00e+02
111:	0.00e+00	1.77e-16
112:	0.00e+00	0.00e+00
113:	0.00e+00	1.11e-14
114:	-1.64e-13	1.11e-14
115:	0.00e+00	0.00e+00
116:	0.00e+00	0.00e+00
117:	0.00e+00	-4.00e+02
118:	0.00e+00	-4.00e+02
119:	-1.39e-17	0.00e+00
120:	0.00e+00	0.00e+00
121:	0.00e+00	-4.00e+02
122:	0.00e+00	-4.00e+02
123:	0.00e+00	0.00e+00
124:	0.00e+00	0.00e+00
125:	0.00e+00	-4.00e+02
126:	0.00e+00	-4.00e+02
127:	0.00e+00	0.00e+00
128:	0.00e+00	0.00e+00
129:	0.00e+00	-4.00e+02
130:	0.00e+00	-4.00e+02
131:	0.00e+00	0.00e+00
132:	0.00e+00	0.00e+00
133:	0.00e+00	1.11e-14
134:	-1.64e-13	1.11e-14
135:	0.00e+00	0.00e+00
Selecting maximum: 0 with second gradient of -50.0
New op index: 27	$R_{YX-XY}$[0, 1]
Current grad: 14.367346938775805
New op index: 59	$R_{YX-XY}$[1, 3]
Current grad: 8.000002834790767
New op index: 31	$R_{YX-XY}$[0, 2]
Current grad: 13.661128060825114
New op index: 46	$R_{YX+XY}$[0, 6]
Current grad: 8.000379928467014
New op index: 119	$R_{YX-XY}$[4, 6]
Current grad: 6.001073837794584
New op index: 126	$R_{YX+XY}$[5, 6]
Current grad: 5.335203012489395
New op index: 99	$R_{YX-XY}$[3, 4]
Current grad: 3.321645546136306
New op index: 74	$R_{YX+XY}$[1, 7]
Current grad: 3.7849343342788186
New op index: 110	$R_{YX+XY}$[3, 7]
Current grad: 4.240911052845872
New op index: 46	$R_{YX+XY}$[0, 6]
Current grad: 6.723454445356995
New op index: 134	$R_{YX+XY}$[6, 7]
Current grad: 5.7365167374780235
Parameter value cutoff reached.
Calculating energies for FreeWilson2D(N_x=2, N_y=2, mass=1.347, r=1.000)
h_im: 0.0
New op index: 26	$R_{YX+XY}$[0, 1]
Current grad: 6.563360965827769e-13
0:	0.00e+00	-5.00e+01
1:	0.00e+00	-5.00e+01
2:	0.00e+00	0.00e+00
3:	0.00e+00	-5.00e+01
4:	0.00e+00	-5.00e+01
5:	0.00e+00	0.00e+00
6:	0.00e+00	-5.00e+01
7:	0.00e+00	-5.00e+01
8:	0.00e+00	0.00e+00
9:	0.00e+00	-5.00e+01
10:	0.00e+00	-5.00e+01
11:	0.00e+00	0.00e+00
12:	0.00e+00	-5.00e+01
13:	0.00e+00	-5.00e+01
14:	0.00e+00	0.00e+00
15:	0.00e+00	-5.00e+01
16:	0.00e+00	-5.00e+01
17:	0.00e+00	0.00e+00
18:	0.00e+00	-5.00e+01
19:	0.00e+00	-5.00e+01
20:	0.00e+00	0.00e+00
21:	0.00e+00	-5.00e+01
22:	0.00e+00	-5.00e+01
23:	0.00e+00	0.00e+00
24:	0.00e+00	0.00e+00
25:	0.00e+00	3.33e-14
26:	-1.64e-13	3.33e-14
27:	0.00e+00	0.00e+00
28:	0.00e+00	0.00e+00
29:	0.00e+00	-4.00e+02
30:	0.00e+00	-4.00e+02
31:	-1.39e-17	0.00e+00
32:	0.00e+00	0.00e+00
33:	0.00e+00	-4.00e+02
34:	0.00e+00	-4.00e+02
35:	0.00e+00	0.00e+00
36:	0.00e+00	-1.86e-16
37:	0.00e+00	-4.00e+02
38:	0.00e+00	-4.00e+02
39:	0.00e+00	-1.86e-16
40:	0.00e+00	0.00e+00
41:	0.00e+00	-4.00e+02
42:	0.00e+00	-4.00e+02
43:	0.00e+00	0.00e+00
44:	0.00e+00	-1.86e-16
45:	0.00e+00	-4.00e+02
46:	2.36e-16	-4.00e+02
47:	0.00e+00	-1.86e-16
48:	0.00e+00	0.00e+00
49:	0.00e+00	-4.00e+02
50:	0.00e+00	-4.00e+02
51:	-2.78e-17	0.00e+00
52:	0.00e+00	0.00e+00
53:	0.00e+00	-4.00e+02
54:	0.00e+00	-4.00e+02
55:	0.00e+00	0.00e+00
56:	0.00e+00	0.00e+00
57:	0.00e+00	-4.00e+02
58:	0.00e+00	-4.00e+02
59:	0.00e+00	0.00e+00
60:	0.00e+00	0.00e+00
61:	0.00e+00	-4.00e+02
62:	0.00e+00	-4.00e+02
63:	0.00e+00	0.00e+00
64:	0.00e+00	1.86e-16
65:	0.00e+00	-4.00e+02
66:	0.00e+00	-4.00e+02
67:	0.00e+00	1.86e-16
68:	0.00e+00	0.00e+00
69:	0.00e+00	-4.00e+02
70:	0.00e+00	-4.00e+02
71:	-2.78e-17	0.00e+00
72:	0.00e+00	1.86e-16
73:	0.00e+00	-4.00e+02
74:	2.36e-16	-4.00e+02
75:	0.00e+00	1.86e-16
76:	0.00e+00	0.00e+00
77:	0.00e+00	3.33e-14
78:	-1.64e-13	3.33e-14
79:	0.00e+00	0.00e+00
80:	0.00e+00	-1.86e-16
81:	0.00e+00	-4.00e+02
82:	3.47e-16	-4.00e+02
83:	0.00e+00	-1.86e-16
84:	0.00e+00	0.00e+00
85:	0.00e+00	-4.00e+02
86:	0.00e+00	-4.00e+02
87:	-2.78e-17	0.00e+00
88:	0.00e+00	-1.86e-16
89:	0.00e+00	-4.00e+02
90:	0.00e+00	-4.00e+02
91:	0.00e+00	-1.86e-16
92:	0.00e+00	0.00e+00
93:	0.00e+00	-4.00e+02
94:	0.00e+00	-4.00e+02
95:	0.00e+00	0.00e+00
96:	0.00e+00	0.00e+00
97:	0.00e+00	-4.00e+02
98:	0.00e+00	-4.00e+02
99:	-2.78e-17	0.00e+00
100:	0.00e+00	1.86e-16
101:	0.00e+00	-4.00e+02
102:	3.47e-16	-4.00e+02
103:	0.00e+00	1.86e-16
104:	0.00e+00	0.00e+00
105:	0.00e+00	-4.00e+02
106:	0.00e+00	-4.00e+02
107:	0.00e+00	0.00e+00
108:	0.00e+00	1.86e-16
109:	0.00e+00	-4.00e+02
110:	0.00e+00	-4.00e+02
111:	0.00e+00	1.86e-16
112:	0.00e+00	0.00e+00
113:	0.00e+00	1.11e-14
114:	-1.64e-13	1.11e-14
115:	0.00e+00	0.00e+00
116:	0.00e+00	0.00e+00
117:	0.00e+00	-4.00e+02
118:	0.00e+00	-4.00e+02
119:	-1.39e-17	0.00e+00
120:	0.00e+00	0.00e+00
121:	0.00e+00	-4.00e+02
122:	0.00e+00	-4.00e+02
123:	0.00e+00	0.00e+00
124:	0.00e+00	0.00e+00
125:	0.00e+00	-4.00e+02
126:	0.00e+00	-4.00e+02
127:	0.00e+00	0.00e+00
128:	0.00e+00	0.00e+00
129:	0.00e+00	-4.00e+02
130:	0.00e+00	-4.00e+02
131:	0.00e+00	0.00e+00
132:	0.00e+00	0.00e+00
133:	0.00e+00	1.11e-14
134:	-1.64e-13	1.11e-14
135:	0.00e+00	0.00e+00
Selecting maximum: 0 with second gradient of -50.0
New op index: 27	$R_{YX-XY}$[0, 1]
Current grad: 14.693877551020703
New op index: 59	$R_{YX-XY}$[1, 3]
Current grad: 8.000385615739916
New op index: 31	$R_{YX-XY}$[0, 2]
Current grad: 13.656828995849953
New op index: 107	$R_{YX-XY}$[3, 6]
Current grad: 8.001319219677976
New op index: 90	$R_{YX+XY}$[2, 6]
Current grad: 430.16234103625504
New op index: 119	$R_{YX-XY}$[4, 6]
Current grad: 7.0050106229860125
New op index: 99	$R_{YX-XY}$[3, 4]
Current grad: 5.811051691213718
New op index: 87	$R_{YX-XY}$[2, 5]
Current grad: 4.437928345879392
New op index: 78	$R_{YX+XY}$[2, 3]
Current grad: 3.543809773239688
New op index: 134	$R_{YX+XY}$[6, 7]
Current grad: 3.4157747271544583
New op index: 126	$R_{YX+XY}$[5, 6]
Current grad: 2.9300912519512288
New op index: 90	$R_{YX+XY}$[2, 6]
Current grad: 9.320949734787204
New op index: 51	$R_{YX-XY}$[0, 7]
Current grad: 4.921986626728176
New op index: 119	$R_{YX-XY}$[4, 6]
Current grad: 5.894651951019197
New op index: 122	$R_{YX+XY}$[4, 7]
Current grad: 6.062100600418908
New op index: 82	$R_{YX+XY}$[2, 4]
Current grad: 4.940688793092939
New op index: 107	$R_{YX-XY}$[3, 6]
Current grad: 2.1792911228672884
New op index: 71	$R_{YX-XY}$[1, 6]
Current grad: 3.1143045751974796
New op index: 114	$R_{YX+XY}$[4, 5]
Current grad: 2.838679281032253
New op index: 74	$R_{YX+XY}$[1, 7]
Current grad: 2.08360883368415
New op index: 54	$R_{YX+XY}$[1, 2]
Current grad: 1.7306850852719542
New op index: 34	$R_{YX+XY}$[0, 3]
Current grad: 2.294449799376113
New op index: 43	$R_{YX-XY}$[0, 5]
Current grad: 1.902748683747566
New op index: 46	$R_{YX+XY}$[0, 6]
Current grad: 1.3318616290235759
New op index: 63	$R_{YX-XY}$[1, 4]
Current grad: 1.1264578018072886
New op index: 71	$R_{YX-XY}$[1, 6]
Current grad: 0.9028589032884624
New op index: 90	$R_{YX+XY}$[2, 6]
Current grad: 0.1264046245882853
Parameter value cutoff reached.
Calculating energies for FreeWilson2D(N_x=2, N_y=2, mass=1.510, r=1.000)
h_im: 0.0
New op index: 26	$R_{YX+XY}$[0, 1]
Current grad: 6.563360965827769e-13
0:	0.00e+00	-5.00e+01
1:	0.00e+00	-5.00e+01
2:	0.00e+00	0.00e+00
3:	0.00e+00	-5.00e+01
4:	0.00e+00	-5.00e+01
5:	0.00e+00	0.00e+00
6:	0.00e+00	-5.00e+01
7:	0.00e+00	-5.00e+01
8:	0.00e+00	0.00e+00
9:	0.00e+00	-5.00e+01
10:	0.00e+00	-5.00e+01
11:	0.00e+00	0.00e+00
12:	0.00e+00	-5.00e+01
13:	0.00e+00	-5.00e+01
14:	0.00e+00	0.00e+00
15:	0.00e+00	-5.00e+01
16:	0.00e+00	-5.00e+01
17:	0.00e+00	0.00e+00
18:	0.00e+00	-5.00e+01
19:	0.00e+00	-5.00e+01
20:	0.00e+00	0.00e+00
21:	0.00e+00	-5.00e+01
22:	0.00e+00	-5.00e+01
23:	0.00e+00	0.00e+00
24:	0.00e+00	0.00e+00
25:	0.00e+00	3.33e-14
26:	-1.64e-13	3.33e-14
27:	0.00e+00	0.00e+00
28:	0.00e+00	0.00e+00
29:	0.00e+00	-4.00e+02
30:	0.00e+00	-4.00e+02
31:	-1.39e-17	0.00e+00
32:	0.00e+00	0.00e+00
33:	0.00e+00	-4.00e+02
34:	0.00e+00	-4.00e+02
35:	0.00e+00	0.00e+00
36:	0.00e+00	-1.95e-16
37:	0.00e+00	-4.00e+02
38:	0.00e+00	-4.00e+02
39:	0.00e+00	-1.95e-16
40:	0.00e+00	0.00e+00
41:	0.00e+00	-4.00e+02
42:	0.00e+00	-4.00e+02
43:	0.00e+00	0.00e+00
44:	0.00e+00	-1.95e-16
45:	0.00e+00	-4.00e+02
46:	2.36e-16	-4.00e+02
47:	0.00e+00	-1.95e-16
48:	0.00e+00	0.00e+00
49:	0.00e+00	-4.00e+02
50:	0.00e+00	-4.00e+02
51:	-2.78e-17	0.00e+00
52:	0.00e+00	0.00e+00
53:	0.00e+00	-4.00e+02
54:	0.00e+00	-4.00e+02
55:	0.00e+00	0.00e+00
56:	0.00e+00	0.00e+00
57:	0.00e+00	-4.00e+02
58:	0.00e+00	-4.00e+02
59:	0.00e+00	0.00e+00
60:	0.00e+00	0.00e+00
61:	0.00e+00	-4.00e+02
62:	0.00e+00	-4.00e+02
63:	0.00e+00	0.00e+00
64:	0.00e+00	1.95e-16
65:	0.00e+00	-4.00e+02
66:	0.00e+00	-4.00e+02
67:	0.00e+00	1.95e-16
68:	0.00e+00	0.00e+00
69:	0.00e+00	-4.00e+02
70:	0.00e+00	-4.00e+02
71:	-2.78e-17	0.00e+00
72:	0.00e+00	1.95e-16
73:	0.00e+00	-4.00e+02
74:	2.36e-16	-4.00e+02
75:	0.00e+00	1.95e-16
76:	0.00e+00	0.00e+00
77:	0.00e+00	3.33e-14
78:	-1.64e-13	3.33e-14
79:	0.00e+00	0.00e+00
80:	0.00e+00	-1.95e-16
81:	0.00e+00	-4.00e+02
82:	3.47e-16	-4.00e+02
83:	0.00e+00	-1.95e-16
84:	0.00e+00	0.00e+00
85:	0.00e+00	-4.00e+02
86:	0.00e+00	-4.00e+02
87:	-2.78e-17	0.00e+00
88:	0.00e+00	-1.95e-16
89:	0.00e+00	-4.00e+02
90:	0.00e+00	-4.00e+02
91:	0.00e+00	-1.95e-16
92:	0.00e+00	0.00e+00
93:	0.00e+00	-4.00e+02
94:	0.00e+00	-4.00e+02
95:	0.00e+00	0.00e+00
96:	0.00e+00	0.00e+00
97:	0.00e+00	-4.00e+02
98:	0.00e+00	-4.00e+02
99:	-2.78e-17	0.00e+00
100:	0.00e+00	1.95e-16
101:	0.00e+00	-4.00e+02
102:	3.47e-16	-4.00e+02
103:	0.00e+00	1.95e-16
104:	0.00e+00	0.00e+00
105:	0.00e+00	-4.00e+02
106:	0.00e+00	-4.00e+02
107:	0.00e+00	0.00e+00
108:	0.00e+00	1.95e-16
109:	0.00e+00	-4.00e+02
110:	0.00e+00	-4.00e+02
111:	0.00e+00	1.95e-16
112:	0.00e+00	0.00e+00
113:	0.00e+00	1.11e-14
114:	-1.64e-13	1.11e-14
115:	0.00e+00	0.00e+00
116:	0.00e+00	0.00e+00
117:	0.00e+00	-4.00e+02
118:	0.00e+00	-4.00e+02
119:	-1.39e-17	0.00e+00
120:	0.00e+00	0.00e+00
121:	0.00e+00	-4.00e+02
122:	0.00e+00	-4.00e+02
123:	0.00e+00	0.00e+00
124:	0.00e+00	0.00e+00
125:	0.00e+00	-4.00e+02
126:	0.00e+00	-4.00e+02
127:	0.00e+00	0.00e+00
128:	0.00e+00	0.00e+00
129:	0.00e+00	-4.00e+02
130:	0.00e+00	-4.00e+02
131:	0.00e+00	0.00e+00
132:	0.00e+00	0.00e+00
133:	0.00e+00	1.11e-14
134:	-1.64e-13	1.11e-14
135:	0.00e+00	0.00e+00
Selecting maximum: 0 with second gradient of -50.0
New op index: 27	$R_{YX-XY}$[0, 1]
Current grad: 15.020408163265602
New op index: 59	$R_{YX-XY}$[1, 3]
Current grad: 8.010963664328969
New op index: 31	$R_{YX-XY}$[0, 2]
Current grad: 13.657614021048055
New op index: 99	$R_{YX-XY}$[3, 4]
Current grad: 8.000090473080556
New op index: 38	$R_{YX+XY}$[0, 4]
Current grad: 231.17660640296538
New op index: 126	$R_{YX+XY}$[5, 6]
Current grad: 4.415988044323174
New op index: 82	$R_{YX+XY}$[2, 4]
Current grad: 2.766156252038977
New op index: 26	$R_{YX+XY}$[0, 1]
Current grad: 3.6168068627085774
New op index: 59	$R_{YX-XY}$[1, 3]
Current grad: 4.020806307100001
New op index: 63	$R_{YX-XY}$[1, 4]
Current grad: 1.7632392995201676
New op index: 31	$R_{YX-XY}$[0, 2]
Current grad: 0.609151612456851
New op index: 51	$R_{YX-XY}$[0, 7]
Current grad: 0.823089573176377
New op index: 87	$R_{YX-XY}$[2, 5]
Current grad: 0.2550504351776632
New op index: 95	$R_{YX-XY}$[2, 7]
Current grad: 0.22939470747721588
New op index: 99	$R_{YX-XY}$[3, 4]
Current grad: 0.17519647088140392
New op index: 82	$R_{YX+XY}$[2, 4]
Current grad: 0.01302492164676544
Parameter value cutoff reached.
Calculating energies for FreeWilson2D(N_x=2, N_y=2, mass=1.673, r=1.000)
h_im: 0.0
New op index: 26	$R_{YX+XY}$[0, 1]
Current grad: 6.563360965827769e-13
0:	0.00e+00	-5.00e+01
1:	0.00e+00	-5.00e+01
2:	0.00e+00	0.00e+00
3:	0.00e+00	-5.00e+01
4:	0.00e+00	-5.00e+01
5:	0.00e+00	0.00e+00
6:	0.00e+00	-5.00e+01
7:	0.00e+00	-5.00e+01
8:	0.00e+00	0.00e+00
9:	0.00e+00	-5.00e+01
10:	0.00e+00	-5.00e+01
11:	0.00e+00	0.00e+00
12:	0.00e+00	-5.00e+01
13:	0.00e+00	-5.00e+01
14:	0.00e+00	0.00e+00
15:	0.00e+00	-5.00e+01
16:	0.00e+00	-5.00e+01
17:	0.00e+00	0.00e+00
18:	0.00e+00	-5.00e+01
19:	0.00e+00	-5.00e+01
20:	0.00e+00	0.00e+00
21:	0.00e+00	-5.00e+01
22:	0.00e+00	-5.00e+01
23:	0.00e+00	0.00e+00
24:	0.00e+00	0.00e+00
25:	0.00e+00	3.33e-14
26:	-1.64e-13	3.33e-14
27:	0.00e+00	0.00e+00
28:	0.00e+00	0.00e+00
29:	0.00e+00	-4.00e+02
30:	0.00e+00	-4.00e+02
31:	-1.39e-17	0.00e+00
32:	0.00e+00	0.00e+00
33:	0.00e+00	-4.00e+02
34:	0.00e+00	-4.00e+02
35:	0.00e+00	0.00e+00
36:	0.00e+00	-2.04e-16
37:	0.00e+00	-4.00e+02
38:	0.00e+00	-4.00e+02
39:	0.00e+00	-2.04e-16
40:	0.00e+00	0.00e+00
41:	0.00e+00	-4.00e+02
42:	0.00e+00	-4.00e+02
43:	0.00e+00	0.00e+00
44:	0.00e+00	-2.04e-16
45:	0.00e+00	-4.00e+02
46:	2.36e-16	-4.00e+02
47:	0.00e+00	-2.04e-16
48:	0.00e+00	0.00e+00
49:	0.00e+00	-4.00e+02
50:	0.00e+00	-4.00e+02
51:	-2.78e-17	0.00e+00
52:	0.00e+00	0.00e+00
53:	0.00e+00	-4.00e+02
54:	0.00e+00	-4.00e+02
55:	0.00e+00	0.00e+00
56:	0.00e+00	0.00e+00
57:	0.00e+00	-4.00e+02
58:	0.00e+00	-4.00e+02
59:	0.00e+00	0.00e+00
60:	0.00e+00	0.00e+00
61:	0.00e+00	-4.00e+02
62:	0.00e+00	-4.00e+02
63:	0.00e+00	0.00e+00
64:	0.00e+00	2.04e-16
65:	0.00e+00	-4.00e+02
66:	0.00e+00	-4.00e+02
67:	0.00e+00	2.04e-16
68:	0.00e+00	0.00e+00
69:	0.00e+00	-4.00e+02
70:	0.00e+00	-4.00e+02
71:	-2.78e-17	0.00e+00
72:	0.00e+00	2.04e-16
73:	0.00e+00	-4.00e+02
74:	2.36e-16	-4.00e+02
75:	0.00e+00	2.04e-16
76:	0.00e+00	0.00e+00
77:	0.00e+00	3.33e-14
78:	-1.64e-13	3.33e-14
79:	0.00e+00	0.00e+00
80:	0.00e+00	-2.04e-16
81:	0.00e+00	-4.00e+02
82:	3.47e-16	-4.00e+02
83:	0.00e+00	-2.04e-16
84:	0.00e+00	0.00e+00
85:	0.00e+00	-4.00e+02
86:	0.00e+00	-4.00e+02
87:	-2.78e-17	0.00e+00
88:	0.00e+00	-2.04e-16
89:	0.00e+00	-4.00e+02
90:	0.00e+00	-4.00e+02
91:	0.00e+00	-2.04e-16
92:	0.00e+00	0.00e+00
93:	0.00e+00	-4.00e+02
94:	0.00e+00	-4.00e+02
95:	0.00e+00	0.00e+00
96:	0.00e+00	0.00e+00
97:	0.00e+00	-4.00e+02
98:	0.00e+00	-4.00e+02
99:	-2.78e-17	0.00e+00
100:	0.00e+00	2.04e-16
101:	0.00e+00	-4.00e+02
102:	3.47e-16	-4.00e+02
103:	0.00e+00	2.04e-16
104:	0.00e+00	0.00e+00
105:	0.00e+00	-4.00e+02
106:	0.00e+00	-4.00e+02
107:	0.00e+00	0.00e+00
108:	0.00e+00	2.04e-16
109:	0.00e+00	-4.00e+02
110:	0.00e+00	-4.00e+02
111:	0.00e+00	2.04e-16
112:	0.00e+00	0.00e+00
113:	0.00e+00	1.11e-14
114:	-1.64e-13	1.11e-14
115:	0.00e+00	0.00e+00
116:	0.00e+00	0.00e+00
117:	0.00e+00	-4.00e+02
118:	0.00e+00	-4.00e+02
119:	-1.39e-17	0.00e+00
120:	0.00e+00	0.00e+00
121:	0.00e+00	-4.00e+02
122:	0.00e+00	-4.00e+02
123:	0.00e+00	0.00e+00
124:	0.00e+00	0.00e+00
125:	0.00e+00	-4.00e+02
126:	0.00e+00	-4.00e+02
127:	0.00e+00	0.00e+00
128:	0.00e+00	0.00e+00
129:	0.00e+00	-4.00e+02
130:	0.00e+00	-4.00e+02
131:	0.00e+00	0.00e+00
132:	0.00e+00	0.00e+00
133:	0.00e+00	1.11e-14
134:	-1.64e-13	1.11e-14
135:	0.00e+00	0.00e+00
Selecting maximum: 0 with second gradient of -50.0
New op index: 27	$R_{YX-XY}$[0, 1]
Current grad: 15.3469387755105
New op index: 59	$R_{YX-XY}$[1, 3]
Current grad: 8.00000786016547
New op index: 31	$R_{YX-XY}$[0, 2]
Current grad: 13.663104356822783
New op index: 110	$R_{YX+XY}$[3, 7]
Current grad: 8.00085334820691
New op index: 119	$R_{YX-XY}$[4, 6]
Current grad: 4.4181848568930295
New op index: 131	$R_{YX-XY}$[5, 7]
Current grad: 5.10488996001429
New op index: 107	$R_{YX-XY}$[3, 6]
Current grad: 4.24236734262829
New op index: 122	$R_{YX+XY}$[4, 7]
Current grad: 4.182554740624052
New op index: 51	$R_{YX-XY}$[0, 7]
Current grad: 3.402763981942318
New op index: 87	$R_{YX-XY}$[2, 5]
Current grad: 4.333687971483286
New op index: 63	$R_{YX-XY}$[1, 4]
Current grad: 4.472368277935687
New op index: 46	$R_{YX+XY}$[0, 6]
Current grad: 4.2243225411918
New op index: 90	$R_{YX+XY}$[2, 6]
Current grad: 3.9984865806573646
New op index: 43	$R_{YX-XY}$[0, 5]
Current grad: 4.420698088504645
New op index: 74	$R_{YX+XY}$[1, 7]
Current grad: 3.9431209252422894
New op index: 54	$R_{YX+XY}$[1, 2]
Current grad: 3.9100102973761643
New op index: 102	$R_{YX+XY}$[3, 5]
Current grad: 9.974772016649915
New op index: 66	$R_{YX+XY}$[1, 5]
Current grad: 5.540948266364774
New op index: 110	$R_{YX+XY}$[3, 7]
Current grad: 9.32294719160019
New op index: 99	$R_{YX-XY}$[3, 4]
Current grad: 7.261081520591809
Parameter value cutoff reached.
Calculating energies for FreeWilson2D(N_x=2, N_y=2, mass=1.837, r=1.000)
h_im: 0.0
New op index: 26	$R_{YX+XY}$[0, 1]
Current grad: 6.563360965827769e-13
0:	0.00e+00	-5.00e+01
1:	0.00e+00	-5.00e+01
2:	0.00e+00	0.00e+00
3:	0.00e+00	-5.00e+01
4:	0.00e+00	-5.00e+01
5:	0.00e+00	0.00e+00
6:	0.00e+00	-5.00e+01
7:	0.00e+00	-5.00e+01
8:	0.00e+00	0.00e+00
9:	0.00e+00	-5.00e+01
10:	0.00e+00	-5.00e+01
11:	0.00e+00	0.00e+00
12:	0.00e+00	-5.00e+01
13:	0.00e+00	-5.00e+01
14:	0.00e+00	0.00e+00
15:	0.00e+00	-5.00e+01
16:	0.00e+00	-5.00e+01
17:	0.00e+00	0.00e+00
18:	0.00e+00	-5.00e+01
19:	0.00e+00	-5.00e+01
20:	0.00e+00	0.00e+00
21:	0.00e+00	-5.00e+01
22:	0.00e+00	-5.00e+01
23:	0.00e+00	0.00e+00
24:	0.00e+00	0.00e+00
25:	0.00e+00	3.33e-14
26:	-1.64e-13	3.33e-14
27:	0.00e+00	0.00e+00
28:	0.00e+00	0.00e+00
29:	0.00e+00	-4.00e+02
30:	0.00e+00	-4.00e+02
31:	-1.39e-17	0.00e+00
32:	0.00e+00	0.00e+00
33:	0.00e+00	-4.00e+02
34:	0.00e+00	-4.00e+02
35:	0.00e+00	0.00e+00
36:	0.00e+00	-2.13e-16
37:	0.00e+00	-4.00e+02
38:	0.00e+00	-4.00e+02
39:	0.00e+00	-2.13e-16
40:	0.00e+00	0.00e+00
41:	0.00e+00	-4.00e+02
42:	0.00e+00	-4.00e+02
43:	0.00e+00	0.00e+00
44:	0.00e+00	-2.13e-16
45:	0.00e+00	-4.00e+02
46:	2.36e-16	-4.00e+02
47:	0.00e+00	-2.13e-16
48:	0.00e+00	0.00e+00
49:	0.00e+00	-4.00e+02
50:	0.00e+00	-4.00e+02
51:	-2.78e-17	0.00e+00
52:	0.00e+00	0.00e+00
53:	0.00e+00	-4.00e+02
54:	0.00e+00	-4.00e+02
55:	0.00e+00	0.00e+00
56:	0.00e+00	0.00e+00
57:	0.00e+00	-4.00e+02
58:	0.00e+00	-4.00e+02
59:	0.00e+00	0.00e+00
60:	0.00e+00	0.00e+00
61:	0.00e+00	-4.00e+02
62:	0.00e+00	-4.00e+02
63:	0.00e+00	0.00e+00
64:	0.00e+00	2.13e-16
65:	0.00e+00	-4.00e+02
66:	0.00e+00	-4.00e+02
67:	0.00e+00	2.13e-16
68:	0.00e+00	0.00e+00
69:	0.00e+00	-4.00e+02
70:	0.00e+00	-4.00e+02
71:	-2.78e-17	0.00e+00
72:	0.00e+00	2.13e-16
73:	0.00e+00	-4.00e+02
74:	2.36e-16	-4.00e+02
75:	0.00e+00	2.13e-16
76:	0.00e+00	0.00e+00
77:	0.00e+00	3.33e-14
78:	-1.64e-13	3.33e-14
79:	0.00e+00	0.00e+00
80:	0.00e+00	-2.13e-16
81:	0.00e+00	-4.00e+02
82:	3.47e-16	-4.00e+02
83:	0.00e+00	-2.13e-16
84:	0.00e+00	0.00e+00
85:	0.00e+00	-4.00e+02
86:	0.00e+00	-4.00e+02
87:	-2.78e-17	0.00e+00
88:	0.00e+00	-2.13e-16
89:	0.00e+00	-4.00e+02
90:	0.00e+00	-4.00e+02
91:	0.00e+00	-2.13e-16
92:	0.00e+00	0.00e+00
93:	0.00e+00	-4.00e+02
94:	0.00e+00	-4.00e+02
95:	0.00e+00	0.00e+00
96:	0.00e+00	0.00e+00
97:	0.00e+00	-4.00e+02
98:	0.00e+00	-4.00e+02
99:	-2.78e-17	0.00e+00
100:	0.00e+00	2.13e-16
101:	0.00e+00	-4.00e+02
102:	3.47e-16	-4.00e+02
103:	0.00e+00	2.13e-16
104:	0.00e+00	0.00e+00
105:	0.00e+00	-4.00e+02
106:	0.00e+00	-4.00e+02
107:	0.00e+00	0.00e+00
108:	0.00e+00	2.13e-16
109:	0.00e+00	-4.00e+02
110:	0.00e+00	-4.00e+02
111:	0.00e+00	2.13e-16
112:	0.00e+00	0.00e+00
113:	0.00e+00	1.11e-14
114:	-1.64e-13	1.11e-14
115:	0.00e+00	0.00e+00
116:	0.00e+00	0.00e+00
117:	0.00e+00	-4.00e+02
118:	0.00e+00	-4.00e+02
119:	-1.39e-17	0.00e+00
120:	0.00e+00	0.00e+00
121:	0.00e+00	-4.00e+02
122:	0.00e+00	-4.00e+02
123:	0.00e+00	0.00e+00
124:	0.00e+00	0.00e+00
125:	0.00e+00	-4.00e+02
126:	0.00e+00	-4.00e+02
127:	0.00e+00	0.00e+00
128:	0.00e+00	0.00e+00
129:	0.00e+00	-4.00e+02
130:	0.00e+00	-4.00e+02
131:	0.00e+00	0.00e+00
132:	0.00e+00	0.00e+00
133:	0.00e+00	1.11e-14
134:	-1.64e-13	1.11e-14
135:	0.00e+00	0.00e+00
Selecting maximum: 0 with second gradient of -50.0
New op index: 27	$R_{YX-XY}$[0, 1]
Current grad: 15.673469387755398
New op index: 34	$R_{YX+XY}$[0, 3]
Current grad: 8.00004584033427
New op index: 43	$R_{YX-XY}$[0, 5]
Current grad: 4.008102861919355
New op index: 126	$R_{YX+XY}$[5, 6]
Current grad: 6.838528225167031
New op index: 122	$R_{YX+XY}$[4, 7]
Current grad: 0.019980777675692212
Parameter value cutoff reached.
Calculating energies for FreeWilson2D(N_x=2, N_y=2, mass=2.000, r=1.000)
h_im: 0.0
New op index: 26	$R_{YX+XY}$[0, 1]
Current grad: 6.563360965827769e-13
0:	0.00e+00	-5.00e+01
1:	0.00e+00	-5.00e+01
2:	0.00e+00	0.00e+00
3:	0.00e+00	-5.00e+01
4:	0.00e+00	-5.00e+01
5:	0.00e+00	0.00e+00
6:	0.00e+00	-5.00e+01
7:	0.00e+00	-5.00e+01
8:	0.00e+00	0.00e+00
9:	0.00e+00	-5.00e+01
10:	0.00e+00	-5.00e+01
11:	0.00e+00	0.00e+00
12:	0.00e+00	-5.00e+01
13:	0.00e+00	-5.00e+01
14:	0.00e+00	0.00e+00
15:	0.00e+00	-5.00e+01
16:	0.00e+00	-5.00e+01
17:	0.00e+00	0.00e+00
18:	0.00e+00	-5.00e+01
19:	0.00e+00	-5.00e+01
20:	0.00e+00	0.00e+00
21:	0.00e+00	-5.00e+01
22:	0.00e+00	-5.00e+01
23:	0.00e+00	0.00e+00
24:	0.00e+00	0.00e+00
25:	0.00e+00	3.33e-14
26:	-1.64e-13	3.33e-14
27:	0.00e+00	0.00e+00
28:	0.00e+00	0.00e+00
29:	0.00e+00	-4.00e+02
30:	0.00e+00	-4.00e+02
31:	-1.39e-17	0.00e+00
32:	0.00e+00	0.00e+00
33:	0.00e+00	-4.00e+02
34:	0.00e+00	-4.00e+02
35:	0.00e+00	0.00e+00
36:	0.00e+00	-2.22e-16
37:	0.00e+00	-4.00e+02
38:	0.00e+00	-4.00e+02
39:	0.00e+00	-2.22e-16
40:	0.00e+00	0.00e+00
41:	0.00e+00	-4.00e+02
42:	0.00e+00	-4.00e+02
43:	0.00e+00	0.00e+00
44:	0.00e+00	-2.22e-16
45:	0.00e+00	-4.00e+02
46:	2.36e-16	-4.00e+02
47:	0.00e+00	-2.22e-16
48:	0.00e+00	0.00e+00
49:	0.00e+00	-4.00e+02
50:	0.00e+00	-4.00e+02
51:	-2.78e-17	0.00e+00
52:	0.00e+00	0.00e+00
53:	0.00e+00	-4.00e+02
54:	0.00e+00	-4.00e+02
55:	0.00e+00	0.00e+00
56:	0.00e+00	0.00e+00
57:	0.00e+00	-4.00e+02
58:	0.00e+00	-4.00e+02
59:	0.00e+00	0.00e+00
60:	0.00e+00	0.00e+00
61:	0.00e+00	-4.00e+02
62:	0.00e+00	-4.00e+02
63:	0.00e+00	0.00e+00
64:	0.00e+00	2.22e-16
65:	0.00e+00	-4.00e+02
66:	0.00e+00	-4.00e+02
67:	0.00e+00	2.22e-16
68:	0.00e+00	0.00e+00
69:	0.00e+00	-4.00e+02
70:	0.00e+00	-4.00e+02
71:	-2.78e-17	0.00e+00
72:	0.00e+00	2.22e-16
73:	0.00e+00	-4.00e+02
74:	2.36e-16	-4.00e+02
75:	0.00e+00	2.22e-16
76:	0.00e+00	0.00e+00
77:	0.00e+00	3.33e-14
78:	-1.64e-13	3.33e-14
79:	0.00e+00	0.00e+00
80:	0.00e+00	-2.22e-16
81:	0.00e+00	-4.00e+02
82:	3.47e-16	-4.00e+02
83:	0.00e+00	-2.22e-16
84:	0.00e+00	0.00e+00
85:	0.00e+00	-4.00e+02
86:	0.00e+00	-4.00e+02
87:	-2.78e-17	0.00e+00
88:	0.00e+00	-2.22e-16
89:	0.00e+00	-4.00e+02
90:	0.00e+00	-4.00e+02
91:	0.00e+00	-2.22e-16
92:	0.00e+00	0.00e+00
93:	0.00e+00	-4.00e+02
94:	0.00e+00	-4.00e+02
95:	0.00e+00	0.00e+00
96:	0.00e+00	0.00e+00
97:	0.00e+00	-4.00e+02
98:	0.00e+00	-4.00e+02
99:	-2.78e-17	0.00e+00
100:	0.00e+00	2.22e-16
101:	0.00e+00	-4.00e+02
102:	3.47e-16	-4.00e+02
103:	0.00e+00	2.22e-16
104:	0.00e+00	0.00e+00
105:	0.00e+00	-4.00e+02
106:	0.00e+00	-4.00e+02
107:	0.00e+00	0.00e+00
108:	0.00e+00	2.22e-16
109:	0.00e+00	-4.00e+02
110:	0.00e+00	-4.00e+02
111:	0.00e+00	2.22e-16
112:	0.00e+00	0.00e+00
113:	0.00e+00	1.11e-14
114:	-1.64e-13	1.11e-14
115:	0.00e+00	0.00e+00
116:	0.00e+00	0.00e+00
117:	0.00e+00	-4.00e+02
118:	0.00e+00	-4.00e+02
119:	-1.39e-17	0.00e+00
120:	0.00e+00	0.00e+00
121:	0.00e+00	-4.00e+02
122:	0.00e+00	-4.00e+02
123:	0.00e+00	0.00e+00
124:	0.00e+00	0.00e+00
125:	0.00e+00	-4.00e+02
126:	0.00e+00	-4.00e+02
127:	0.00e+00	0.00e+00
128:	0.00e+00	0.00e+00
129:	0.00e+00	-4.00e+02
130:	0.00e+00	-4.00e+02
131:	0.00e+00	0.00e+00
132:	0.00e+00	0.00e+00
133:	0.00e+00	1.11e-14
134:	-1.64e-13	1.11e-14
135:	0.00e+00	0.00e+00
Selecting maximum: 0 with second gradient of -50.0
New op index: 27	$R_{YX-XY}$[0, 1]
Current grad: 16.000000000000295
New op index: 59	$R_{YX-XY}$[1, 3]
Current grad: 8.000001976302896
New op index: 31	$R_{YX-XY}$[0, 2]
Current grad: 13.656897527477017
New op index: 46	$R_{YX+XY}$[0, 6]
Current grad: 8.000488589056454
New op index: 119	$R_{YX-XY}$[4, 6]
Current grad: 6.001424159919819
New op index: 126	$R_{YX+XY}$[5, 6]
Current grad: 5.333994328122858
New op index: 99	$R_{YX-XY}$[3, 4]
Current grad: 3.318113480108382
New op index: 74	$R_{YX+XY}$[1, 7]
Current grad: 3.7826098195175946
New op index: 110	$R_{YX+XY}$[3, 7]
Current grad: 4.2381149318818245
New op index: 46	$R_{YX+XY}$[0, 6]
Current grad: 6.727323567387686
New op index: 134	$R_{YX+XY}$[6, 7]
Current grad: 5.720007800507375
Parameter value cutoff reached.
-----Beginning pprint-----
/:
	Attributes:
		ProcessId: 23954327
	2025-11-18_12-53-36-23954327:
		Attributes:
			HamiltonianType: ZeroChargePenalty
			Last-Modified: 2025-11-18_12-53-36
			ProcessId: 23954327
			SimulatorType: Aer
			SolverName: AdaptVQE
			SystemName: FreeWilson2D
			n_x: 2
			n_y: 2
			r: 1.0
		AdaptOptions:
			Attributes:
				gradient_hamiltonian_type: HamiltonianType.ZeroChargePenalty
				max_depth: 50
				prec_cutoff: 0.001
				precision: 0
		AnsatzOperatorDerivatives: Dataset (dtype=float64, shape=(50, 28, 136), maxshape=(50, None, 136))
			Attributes:
				DIMENSION_LABELS: ['mass' 'AnsatzOperatorAxis' 'AnsatzPoolOperatorAxis']
				NDataDims: 2
		AnsatzOperatorSecondDerivatives: Dataset (dtype=float64, shape=(50, 28, 136), maxshape=(50, None, 136))
			Attributes:
				DIMENSION_LABELS: ['mass' 'AnsatzOperatorAxis' 'AnsatzPoolOperatorAxis']
				NDataDims: 2
		AnsatzOperators: Dataset (dtype=int64, shape=(50, 28), maxshape=(50, None))
			Attributes:
				DIMENSION_LABELS: ['mass' 'AnsatzOperatorAxis']
				NDataDims: 1
		Circuit:
			Attributes:
				Ansatz: HardwareAdaptAnsatz14
			AnsatzOptions:
				Attributes:
					num_qubits: 8
		CircuitParameters: Dataset (dtype=float64, shape=(50, 12360, 28), maxshape=(50, None, None))
			Attributes:
				DIMENSION_LABELS: ['mass' 'IterationAxis' 'CircuitParameterAxis']
				NDataDims: 2
		Data:
			Attributes:
			evs:
				Attributes:
				Hamiltonian: Dataset (dtype=float64, shape=(50, 12360), maxshape=(50, None))
					Attributes:
						DIMENSION_LABELS: ['mass' 'IterationAxis']
						NDataDims: 1
			stds:
				Attributes:
				Hamiltonian: Dataset (dtype=float64, shape=(50, 12360), maxshape=(50, None))
					Attributes:
						DIMENSION_LABELS: ['mass' 'IterationAxis']
						NDataDims: 1
		EstimatorOptions:
			Attributes:
				_VERSION: 2
				default_precision: Unset
				default_shots: Unset
				experimental: Unset
				max_execution_time: Unset
				resilience_level: Unset
				seed_estimator: 23954327
			dynamical_decoupling:
				Attributes:
					enable: Unset
					extra_slack_distribution: Unset
					scheduling_method: Unset
					sequence_type: Unset
					skip_reset_qubits: Unset
			environment:
				Attributes:
					callback: None
					job_tags: None
					log_level: WARNING
					private: False
			execution:
				Attributes:
					init_qubits: Unset
					rep_delay: Unset
			resilience:
				Attributes:
					layer_noise_model: Unset
					measure_mitigation: Unset
					pec_mitigation: Unset
					zne_mitigation: Unset
				layer_noise_learning:
					Attributes:
						layer_pair_depths: Unset
						max_layers_to_learn: Unset
						num_randomizations: Unset
						shots_per_randomization: Unset
				measure_noise_learning:
					Attributes:
						num_randomizations: Unset
						shots_per_randomization: Unset
				pec:
					Attributes:
						max_overhead: Unset
						noise_gain: Unset
				zne:
					Attributes:
						amplifier: Unset
						extrapolated_noise_factors: Unset
						extrapolator: Unset
						noise_factors: Unset
			simulator:
				Attributes:
					basis_gates: Unset
					coupling_map: Unset
					noise_model: Unset
					seed_simulator: Unset
			twirling:
				Attributes:
					enable_gates: Unset
					enable_measure: Unset
					num_randomizations: Unset
					shots_per_randomization: Unset
					strategy: Unset
		MetaData:
			Attributes:
			circuit_metadata: Dataset (dtype=object, shape=(50, 12360), maxshape=(50, None))
				Attributes:
					DIMENSION_LABELS: ['mass' 'IterationAxis']
					NDataDims: 1
			simulator_metadata: Dataset (dtype=object, shape=(50, 12360), maxshape=(50, None))
				Attributes:
					DIMENSION_LABELS: ['mass' 'IterationAxis']
					NDataDims: 1
			target_precision: Dataset (dtype=float64, shape=(50, 12360), maxshape=(50, None))
				Attributes:
					DIMENSION_LABELS: ['mass' 'IterationAxis']
					NDataDims: 1
			version: Dataset (dtype=int64, shape=(50, 12360), maxshape=(50, None))
				Attributes:
					DIMENSION_LABELS: ['mass' 'IterationAxis']
					NDataDims: 1
		NIterations: Dataset (dtype=int64, shape=(50,), maxshape=(50,))
			Attributes:
				DIMENSION_LABELS: ['mass']
				NDataDims: 0
		OptimizerOptions:
			Attributes:
				bounds: None
				callback: None
				constraints: []
				method: slsqp
				tol: None
				x0Seed: 23954327
			options:
				Attributes:
					disp: 0
					maxiter: 20000
		PresetPassManagerOptions:
			Attributes:
		SimulatorOptions:
			Attributes:
				method: statevector
		StartIterations: Dataset (dtype=int64, shape=(50, 28), maxshape=(50, None))
			Attributes:
				DIMENSION_LABELS: ['mass' 'AnsatzOperatorAxis']
				NDataDims: 1
		VersionInfo:
			Attributes:
				QiskitAerVersion: 0.17.1
				QiskitIBMRuntimeVersion: 0.41.1
				QiskitVersion: 2.1.2
		mass: Dataset (dtype=float64, shape=(50,), maxshape=(50,))
			Attributes:
-----Ending pprint-----
End 2025-11-18 13:21:32 | 23954327 MyPyJob | lmnode201 | /home/s6nidich_hpc/PycharmProjects/QC-MasterThesis 

